{"type":"FeatureCollection","features":[{"type":"Feature","geometry":{"type":"Point","coordinates":[-104.9,21.4]},"properties":{"region":1,"fire_occurred":1,"prediction":0.0509}},{"type":"Feature","geometry":{"type":"Point","coordinates":[-104.7,21.3]},"properties":{"region":1,"fire_occurred":1,"prediction":0.0366}},{"type":"Feature","geometry":{"type":"Point","coordinates":[-104.5,21.0]},"properties":{"region":1,"fire_occurred":1,"prediction":0.0098}},{"type":"Feature","geometry":{"type":"Point","coordinates":[-104.0,20.5]},"properties":{"region":1,"fire_occurred":0,"prediction":0.1229}},{"type":"Feature","geometry":{"type":"Point","coordinates":[-104.0,20.6]},"properties":{"region":1,"fire_occurred":1,"prediction":0.047}},{"type":"Feature","geometry":{"type":"Point","coordinates":[-103.6,20.2]},"properties":{"region":1,"fire_occurred":1,"prediction":0.0136}},{"type":"Feature","geometry":{"type":"Point","coordinates":[-103.5,20.4]},"properties":{"region":1,"fire_occurred":1,"prediction":0.0377}},{"type":"Feature","geometry":{"type":"Point","coordinates":[-103.3,20.5]},"properties":{"region":1,"fire_occurred":1,"prediction":0.0401}},{"type":"Feature","geometry":{"type":"Point","coordinates":[-103.2,20.3]},"properties":{"region":1,"fire_occurred":1,"prediction":0.0437}},{"type":"Feature","geometry":{"type":"Point","coordinates":[-103.2,20.5]},"properties":{"region":1,"fire_occurred":0,"prediction":0.1251}},{"type":"Feature","geometry":{"type":"Point","coordinates":[-103.1,20.3]},"properties":{"region":1,"fire_occurred":1,"prediction":0.0197}},{"type":"Feature","geometry":{"type":"Point","coordinates":[-102.8,20.3]},"properties":{"region":1,"fire_occurred":1,"prediction":0.0602}},{"type":"Feature","geometry":{"type":"Point","coordinates":[-102.7,19.8]},"properties":{"region":1,"fire_occurred":1,"prediction":0.097}},{"type":"Feature","geometry":{"type":"Point","coordinates":[-102.6,19.7]},"properties":{"region":1,"fire_occurred":1,"prediction":0.0112}},{"type":"Feature","geometry":{"type":"Point","coordinates":[-102.5,19.8]},"properties":{"region":1,"fire_occurred":1,"prediction":0.0116}},{"type":"Feature","geometry":{"type":"Point","coordinates":[-102.4,20.5]},"properties":{"region":1,"fire_occurred":1,"prediction":0.0506}},{"type":"Feature","geometry":{"type":"Point","coordinates":[-102.3,19.0]},"properties":{"region":1,"fire_occurred":1,"prediction":0.0137}},{"type":"Feature","geometry":{"type":"Point","coordinates":[-102.3,20.0]},"properties":{"region":1,"fire_occurred":0,"prediction":0.1589}},{"type":"Feature","geometry":{"type":"Point","coordinates":[-102.2,19.9]},"properties":{"region":1,"fire_occurred":1,"prediction":0.1883}},{"type":"Feature","geometry":{"type":"Point","coordinates":[-102.2,20.1]},"properties":{"region":1,"fire_occurred":1,"prediction":0.0436}},{"type":"Feature","geometry":{"type":"Point","coordinates":[-102.2,20.8]},"properties":{"region":1,"fire_occurred":1,"prediction":0.0338}},{"type":"Feature","geometry":{"type":"Point","coordinates":[-102.0,19.2]},"properties":{"region":1,"fire_occurred":1,"prediction":0.054}},{"type":"Feature","geometry":{"type":"Point","coordinates":[-101.9,19.6]},"properties":{"region":1,"fire_occurred":1,"prediction":0.008}},{"type":"Feature","geometry":{"type":"Point","coordinates":[-101.9,19.8]},"properties":{"region":1,"fire_occurred":0,"prediction":0.1031}},{"type":"Feature","geometry":{"type":"Point","coordinates":[-101.9,20.1]},"properties":{"region":1,"fire_occurred":0,"prediction":0.1275}},{"type":"Feature","geometry":{"type":"Point","coordinates":[-101.9,20.2]},"properties":{"region":1,"fire_occurred":0,"prediction":0.1827}},{"type":"Feature","geometry":{"type":"Point","coordinates":[-101.8,19.8]},"properties":{"region":1,"fire_occurred":0,"prediction":0.1359}},{"type":"Feature","geometry":{"type":"Point","coordinates":[-101.7,19.5]},"properties":{"region":1,"fire_occurred":1,"prediction":0.0216}},{"type":"Feature","geometry":{"type":"Point","coordinates":[-101.6,20.9]},"properties":{"region":1,"fire_occurred":1,"prediction":0.0563}},{"type":"Feature","geometry":{"type":"Point","coordinates":[-101.5,19.2]},"properties":{"region":1,"fire_occurred":1,"prediction":0.0345}},{"type":"Feature","geometry":{"type":"Point","coordinates":[-101.4,19.6]},"properties":{"region":1,"fire_occurred":0,"prediction":0.1786}},{"type":"Feature","geometry":{"type":"Point","coordinates":[-101.4,20.2]},"properties":{"region":1,"fire_occurred":0,"prediction":0.1059}},{"type":"Feature","geometry":{"type":"Point","coordinates":[-101.4,20.9]},"properties":{"region":1,"fire_occurred":0,"prediction":0.1217}},{"type":"Feature","geometry":{"type":"Point","coordinates":[-101.3,20.2]},"properties":{"region":1,"fire_occurred":0,"prediction":0.1707}},{"type":"Feature","geometry":{"type":"Point","coordinates":[-101.3,20.3]},"properties":{"region":1,"fire_occurred":1,"prediction":0.0635}},{"type":"Feature","geometry":{"type":"Point","coordinates":[-101.2,20.5]},"properties":{"region":1,"fire_occurred":1,"prediction":0.636}},{"type":"Feature","geometry":{"type":"Point","coordinates":[-101.1,19.9]},"properties":{"region":1,"fire_occurred":0,"prediction":0.1036}},{"type":"Feature","geometry":{"type":"Point","coordinates":[-101.1,20.2]},"properties":{"region":1,"fire_occurred":1,"prediction":0.0571}},{"type":"Feature","geometry":{"type":"Point","coordinates":[-101.0,18.0]},"properties":{"region":1,"fire_occurred":1,"prediction":0.0526}},{"type":"Feature","geometry":{"type":"Point","coordinates":[-101.0,20.5]},"properties":{"region":1,"fire_occurred":1,"prediction":0.2122}},{"type":"Feature","geometry":{"type":"Point","coordinates":[-100.8,20.1]},"properties":{"region":1,"fire_occurred":0,"prediction":0.1342}},{"type":"Feature","geometry":{"type":"Point","coordinates":[-100.7,18.1]},"properties":{"region":1,"fire_occurred":1,"prediction":0.0329}},{"type":"Feature","geometry":{"type":"Point","coordinates":[-100.6,18.1]},"properties":{"region":1,"fire_occurred":1,"prediction":0.0069}},{"type":"Feature","geometry":{"type":"Point","coordinates":[-100.6,19.7]},"properties":{"region":1,"fire_occurred":1,"prediction":0.0165}},{"type":"Feature","geometry":{"type":"Point","coordinates":[-100.6,19.8]},"properties":{"region":1,"fire_occurred":1,"prediction":0.0225}},{"type":"Feature","geometry":{"type":"Point","coordinates":[-100.6,20.1]},"properties":{"region":1,"fire_occurred":0,"prediction":0.1151}},{"type":"Feature","geometry":{"type":"Point","coordinates":[-100.5,20.3]},"properties":{"region":1,"fire_occurred":0,"prediction":0.1169}},{"type":"Feature","geometry":{"type":"Point","coordinates":[-100.5,20.5]},"properties":{"region":1,"fire_occurred":1,"prediction":0.022}},{"type":"Feature","geometry":{"type":"Point","coordinates":[-100.1,18.0]},"properties":{"region":1,"fire_occurred":1,"prediction":0.0055}},{"type":"Feature","geometry":{"type":"Point","coordinates":[-100.1,19.0]},"properties":{"region":1,"fire_occurred":1,"prediction":0.0044}},{"type":"Feature","geometry":{"type":"Point","coordinates":[-100.0,18.0]},"properties":{"region":1,"fire_occurred":1,"prediction":0.0011}},{"type":"Feature","geometry":{"type":"Point","coordinates":[-99.9,18.9]},"properties":{"region":1,"fire_occurred":1,"prediction":0.0087}},{"type":"Feature","geometry":{"type":"Point","coordinates":[-99.8,19.1]},"properties":{"region":1,"fire_occurred":1,"prediction":0.1385}},{"type":"Feature","geometry":{"type":"Point","coordinates":[-99.8,19.6]},"properties":{"region":1,"fire_occurred":0,"prediction":0.1259}},{"type":"Feature","geometry":{"type":"Point","coordinates":[-99.7,19.1]},"properties":{"region":1,"fire_occurred":0,"prediction":0.1144}},{"type":"Feature","geometry":{"type":"Point","coordinates":[-99.7,19.2]},"properties":{"region":1,"fire_occurred":0,"prediction":0.1305}},{"type":"Feature","geometry":{"type":"Point","coordinates":[-99.7,19.4]},"properties":{"region":1,"fire_occurred":0,"prediction":0.1538}},{"type":"Feature","geometry":{"type":"Point","coordinates":[-99.6,19.1]},"properties":{"region":1,"fire_occurred":0,"prediction":0.1742}},{"type":"Feature","geometry":{"type":"Point","coordinates":[-99.6,20.0]},"properties":{"region":1,"fire_occurred":1,"prediction":0.0612}},{"type":"Feature","geometry":{"type":"Point","coordinates":[-99.5,19.1]},"properties":{"region":1,"fire_occurred":1,"prediction":0.0379}},{"type":"Feature","geometry":{"type":"Point","coordinates":[-99.4,18.0]},"properties":{"region":1,"fire_occurred":1,"prediction":0.0144}},{"type":"Feature","geometry":{"type":"Point","coordinates":[-99.4,19.1]},"properties":{"region":1,"fire_occurred":0,"prediction":0.2723}},{"type":"Feature","geometry":{"type":"Point","coordinates":[-99.3,18.6]},"properties":{"region":1,"fire_occurred":1,"prediction":0.1152}},{"type":"Feature","geometry":{"type":"Point","coordinates":[-99.3,18.7]},"properties":{"region":1,"fire_occurred":0,"prediction":0.1275}},{"type":"Feature","geometry":{"type":"Point","coordinates":[-99.3,18.8]},"properties":{"region":1,"fire_occurred":0,"prediction":0.1169}},{"type":"Feature","geometry":{"type":"Point","coordinates":[-99.3,19.6]},"properties":{"region":1,"fire_occurred":1,"prediction":0.1676}},{"type":"Feature","geometry":{"type":"Point","coordinates":[-99.2,18.6]},"properties":{"region":1,"fire_occurred":0,"prediction":0.1584}},{"type":"Feature","geometry":{"type":"Point","coordinates":[-99.2,19.4]},"properties":{"region":1,"fire_occurred":0,"prediction":0.134}},{"type":"Feature","geometry":{"type":"Point","coordinates":[-99.1,18.8]},"properties":{"region":1,"fire_occurred":1,"prediction":0.1354}},{"type":"Feature","geometry":{"type":"Point","coordinates":[-99.0,18.8]},"properties":{"region":1,"fire_occurred":1,"prediction":0.0752}},{"type":"Feature","geometry":{"type":"Point","coordinates":[-99.0,18.9]},"properties":{"region":1,"fire_occurred":1,"prediction":0.0636}},{"type":"Feature","geometry":{"type":"Point","coordinates":[-99.0,19.0]},"properties":{"region":1,"fire_occurred":1,"prediction":0.0135}},{"type":"Feature","geometry":{"type":"Point","coordinates":[-99.0,19.2]},"properties":{"region":1,"fire_occurred":0,"prediction":0.1213}},{"type":"Feature","geometry":{"type":"Point","coordinates":[-98.9,19.1]},"properties":{"region":1,"fire_occurred":0,"prediction":0.1025}},{"type":"Feature","geometry":{"type":"Point","coordinates":[-98.9,19.5]},"properties":{"region":1,"fire_occurred":1,"prediction":0.0323}},{"type":"Feature","geometry":{"type":"Point","coordinates":[-98.9,19.6]},"properties":{"region":1,"fire_occurred":1,"prediction":0.0282}},{"type":"Feature","geometry":{"type":"Point","coordinates":[-98.8,18.6]},"properties":{"region":1,"fire_occurred":0,"prediction":0.1272}},{"type":"Feature","geometry":{"type":"Point","coordinates":[-98.8,19.5]},"properties":{"region":1,"fire_occurred":1,"prediction":0.0326}},{"type":"Feature","geometry":{"type":"Point","coordinates":[-98.7,17.3]},"properties":{"region":1,"fire_occurred":0,"prediction":0.2598}},{"type":"Feature","geometry":{"type":"Point","coordinates":[-98.6,17.3]},"properties":{"region":1,"fire_occurred":0,"prediction":0.1577}},{"type":"Feature","geometry":{"type":"Point","coordinates":[-98.0,17.8]},"properties":{"region":1,"fire_occurred":1,"prediction":0.0212}},{"type":"Feature","geometry":{"type":"Point","coordinates":[-97.0,16.9]},"properties":{"region":1,"fire_occurred":1,"prediction":0.0676}},{"type":"Feature","geometry":{"type":"Point","coordinates":[-96.8,16.2]},"properties":{"region":1,"fire_occurred":1,"prediction":0.1701}},{"type":"Feature","geometry":{"type":"Point","coordinates":[-96.8,16.7]},"properties":{"region":1,"fire_occurred":0,"prediction":0.1028}},{"type":"Feature","geometry":{"type":"Point","coordinates":[-96.1,16.6]},"properties":{"region":1,"fire_occurred":1,"prediction":0.0282}},{"type":"Feature","geometry":{"type":"Point","coordinates":[-95.9,18.4]},"properties":{"region":1,"fire_occurred":1,"prediction":0.0039}},{"type":"Feature","geometry":{"type":"Point","coordinates":[-95.8,18.5]},"properties":{"region":1,"fire_occurred":1,"prediction":0.0006}},{"type":"Feature","geometry":{"type":"Point","coordinates":[-94.8,16.9]},"properties":{"region":1,"fire_occurred":0,"prediction":0.1236}},{"type":"Feature","geometry":{"type":"Point","coordinates":[-94.7,16.7]},"properties":{"region":1,"fire_occurred":0,"prediction":0.1473}},{"type":"Feature","geometry":{"type":"Point","coordinates":[-94.6,16.6]},"properties":{"region":1,"fire_occurred":0,"prediction":0.2129}},{"type":"Feature","geometry":{"type":"Point","coordinates":[-94.3,16.3]},"properties":{"region":1,"fire_occurred":0,"prediction":0.1015}},{"type":"Feature","geometry":{"type":"Point","coordinates":[-94.1,18.0]},"properties":{"region":1,"fire_occurred":1,"prediction":0.7366}},{"type":"Feature","geometry":{"type":"Point","coordinates":[-93.8,17.9]},"properties":{"region":1,"fire_occurred":1,"prediction":0.0007}},{"type":"Feature","geometry":{"type":"Point","coordinates":[-93.6,17.9]},"properties":{"region":1,"fire_occurred":1,"prediction":0.9229}},{"type":"Feature","geometry":{"type":"Point","coordinates":[-93.5,18.0]},"properties":{"region":1,"fire_occurred":0,"prediction":0.1254}},{"type":"Feature","geometry":{"type":"Point","coordinates":[-93.5,18.1]},"properties":{"region":1,"fire_occurred":1,"prediction":0.0062}},{"type":"Feature","geometry":{"type":"Point","coordinates":[-93.4,18.0]},"properties":{"region":1,"fire_occurred":0,"prediction":0.1068}},{"type":"Feature","geometry":{"type":"Point","coordinates":[-93.3,17.8]},"properties":{"region":1,"fire_occurred":1,"prediction":0.2411}},{"type":"Feature","geometry":{"type":"Point","coordinates":[-93.2,17.8]},"properties":{"region":1,"fire_occurred":1,"prediction":0.9699}},{"type":"Feature","geometry":{"type":"Point","coordinates":[-93.2,17.9]},"properties":{"region":1,"fire_occurred":1,"prediction":0.9605}},{"type":"Feature","geometry":{"type":"Point","coordinates":[-93.1,17.8]},"properties":{"region":1,"fire_occurred":1,"prediction":0.1205}},{"type":"Feature","geometry":{"type":"Point","coordinates":[-93.0,16.2]},"properties":{"region":1,"fire_occurred":0,"prediction":0.1141}},{"type":"Feature","geometry":{"type":"Point","coordinates":[-93.0,16.3]},"properties":{"region":1,"fire_occurred":0,"prediction":0.166}},{"type":"Feature","geometry":{"type":"Point","coordinates":[-93.0,16.4]},"properties":{"region":1,"fire_occurred":0,"prediction":0.199}},{"type":"Feature","geometry":{"type":"Point","coordinates":[-92.9,16.3]},"properties":{"region":1,"fire_occurred":0,"prediction":0.1126}},{"type":"Feature","geometry":{"type":"Point","coordinates":[-92.6,16.2]},"properties":{"region":1,"fire_occurred":1,"prediction":0.0203}},{"type":"Feature","geometry":{"type":"Point","coordinates":[-92.6,17.8]},"properties":{"region":1,"fire_occurred":0,"prediction":0.1197}},{"type":"Feature","geometry":{"type":"Point","coordinates":[-92.5,16.2]},"properties":{"region":1,"fire_occurred":1,"prediction":0.2008}},{"type":"Feature","geometry":{"type":"Point","coordinates":[-92.5,17.8]},"properties":{"region":1,"fire_occurred":1,"prediction":0.7192}},{"type":"Feature","geometry":{"type":"Point","coordinates":[-92.5,17.9]},"properties":{"region":1,"fire_occurred":1,"prediction":0.2439}},{"type":"Feature","geometry":{"type":"Point","coordinates":[-92.4,16.1]},"properties":{"region":1,"fire_occurred":0,"prediction":0.1214}},{"type":"Feature","geometry":{"type":"Point","coordinates":[-91.0,14.0]},"properties":{"region":1,"fire_occurred":0,"prediction":0.1216}},{"type":"Feature","geometry":{"type":"Point","coordinates":[-90.6,16.1]},"properties":{"region":1,"fire_occurred":0,"prediction":0.1027}},{"type":"Feature","geometry":{"type":"Point","coordinates":[-90.5,16.2]},"properties":{"region":1,"fire_occurred":0,"prediction":0.1155}},{"type":"Feature","geometry":{"type":"Point","coordinates":[-90.5,16.6]},"properties":{"region":1,"fire_occurred":0,"prediction":0.1281}},{"type":"Feature","geometry":{"type":"Point","coordinates":[-90.4,16.6]},"properties":{"region":1,"fire_occurred":0,"prediction":0.1434}},{"type":"Feature","geometry":{"type":"Point","coordinates":[-89.5,20.2]},"properties":{"region":1,"fire_occurred":1,"prediction":0.0085}},{"type":"Feature","geometry":{"type":"Point","coordinates":[-89.2,14.0]},"properties":{"region":1,"fire_occurred":0,"prediction":0.1742}},{"type":"Feature","geometry":{"type":"Point","coordinates":[-88.6,16.5]},"properties":{"region":1,"fire_occurred":1,"prediction":0.0547}},{"type":"Feature","geometry":{"type":"Point","coordinates":[-88.5,15.2]},"properties":{"region":1,"fire_occurred":0,"prediction":0.1096}},{"type":"Feature","geometry":{"type":"Point","coordinates":[-88.5,16.5]},"properties":{"region":1,"fire_occurred":1,"prediction":0.0186}},{"type":"Feature","geometry":{"type":"Point","coordinates":[-85.0,15.6]},"properties":{"region":1,"fire_occurred":1,"prediction":0.004}},{"type":"Feature","geometry":{"type":"Point","coordinates":[-84.4,14.7]},"properties":{"region":1,"fire_occurred":1,"prediction":0.0583}},{"type":"Feature","geometry":{"type":"Point","coordinates":[-84.3,15.1]},"properties":{"region":1,"fire_occurred":1,"prediction":0.0302}},{"type":"Feature","geometry":{"type":"Point","coordinates":[-84.3,15.4]},"properties":{"region":1,"fire_occurred":1,"prediction":0.0349}},{"type":"Feature","geometry":{"type":"Point","coordinates":[-84.2,13.7]},"properties":{"region":1,"fire_occurred":1,"prediction":0.0349}},{"type":"Feature","geometry":{"type":"Point","coordinates":[-84.2,14.8]},"properties":{"region":1,"fire_occurred":1,"prediction":0.0339}},{"type":"Feature","geometry":{"type":"Point","coordinates":[-84.2,15.1]},"properties":{"region":1,"fire_occurred":0,"prediction":0.1138}},{"type":"Feature","geometry":{"type":"Point","coordinates":[-84.0,12.2]},"properties":{"region":1,"fire_occurred":1,"prediction":0.0002}},{"type":"Feature","geometry":{"type":"Point","coordinates":[-84.0,13.7]},"properties":{"region":1,"fire_occurred":0,"prediction":0.1148}},{"type":"Feature","geometry":{"type":"Point","coordinates":[-84.0,13.8]},"properties":{"region":1,"fire_occurred":1,"prediction":0.0016}},{"type":"Feature","geometry":{"type":"Point","coordinates":[-83.8,13.8]},"properties":{"region":1,"fire_occurred":1,"prediction":0.058}},{"type":"Feature","geometry":{"type":"Point","coordinates":[-83.8,15.0]},"properties":{"region":1,"fire_occurred":1,"prediction":0.0452}},{"type":"Feature","geometry":{"type":"Point","coordinates":[-83.7,14.1]},"properties":{"region":1,"fire_occurred":1,"prediction":0.09}},{"type":"Feature","geometry":{"type":"Point","coordinates":[-83.7,14.2]},"properties":{"region":1,"fire_occurred":1,"prediction":0.0139}},{"type":"Feature","geometry":{"type":"Point","coordinates":[-83.7,14.4]},"properties":{"region":1,"fire_occurred":1,"prediction":0.0195}},{"type":"Feature","geometry":{"type":"Point","coordinates":[-83.6,14.3]},"properties":{"region":1,"fire_occurred":1,"prediction":0.047}},{"type":"Feature","geometry":{"type":"Point","coordinates":[-83.5,14.5]},"properties":{"region":1,"fire_occurred":1,"prediction":0.0608}},{"type":"Feature","geometry":{"type":"Point","coordinates":[-83.5,14.8]},"properties":{"region":1,"fire_occurred":1,"prediction":0.0103}},{"type":"Feature","geometry":{"type":"Point","coordinates":[-83.4,14.6]},"properties":{"region":1,"fire_occurred":0,"prediction":0.1628}},{"type":"Feature","geometry":{"type":"Point","coordinates":[-81.8,22.6]},"properties":{"region":1,"fire_occurred":1,"prediction":0.0021}},{"type":"Feature","geometry":{"type":"Point","coordinates":[-81.8,22.7]},"properties":{"region":1,"fire_occurred":1,"prediction":0.0159}},{"type":"Feature","geometry":{"type":"Point","coordinates":[-80.8,26.4]},"properties":{"region":1,"fire_occurred":1,"prediction":0.0511}},{"type":"Feature","geometry":{"type":"Point","coordinates":[-80.8,27.7]},"properties":{"region":1,"fire_occurred":1,"prediction":0.0239}},{"type":"Feature","geometry":{"type":"Point","coordinates":[-80.7,26.4]},"properties":{"region":1,"fire_occurred":0,"prediction":0.104}},{"type":"Feature","geometry":{"type":"Point","coordinates":[-80.7,26.5]},"properties":{"region":1,"fire_occurred":0,"prediction":0.2064}},{"type":"Feature","geometry":{"type":"Point","coordinates":[-80.7,27.6]},"properties":{"region":1,"fire_occurred":0,"prediction":0.116}},{"type":"Feature","geometry":{"type":"Point","coordinates":[-80.6,8.2]},"properties":{"region":1,"fire_occurred":1,"prediction":0.0184}},{"type":"Feature","geometry":{"type":"Point","coordinates":[-80.6,26.4]},"properties":{"region":1,"fire_occurred":0,"prediction":0.1219}},{"type":"Feature","geometry":{"type":"Point","coordinates":[-80.6,26.5]},"properties":{"region":1,"fire_occurred":0,"prediction":0.1465}},{"type":"Feature","geometry":{"type":"Point","coordinates":[-80.6,27.6]},"properties":{"region":1,"fire_occurred":1,"prediction":0.0595}},{"type":"Feature","geometry":{"type":"Point","coordinates":[-80.5,8.7]},"properties":{"region":1,"fire_occurred":1,"prediction":0.0057}},{"type":"Feature","geometry":{"type":"Point","coordinates":[-80.5,26.5]},"properties":{"region":1,"fire_occurred":0,"prediction":0.1159}},{"type":"Feature","geometry":{"type":"Point","coordinates":[-80.5,26.7]},"properties":{"region":1,"fire_occurred":1,"prediction":0.0739}},{"type":"Feature","geometry":{"type":"Point","coordinates":[-80.3,26.7]},"properties":{"region":1,"fire_occurred":0,"prediction":0.1053}},{"type":"Feature","geometry":{"type":"Point","coordinates":[-80.2,8.5]},"properties":{"region":1,"fire_occurred":1,"prediction":0.0212}},{"type":"Feature","geometry":{"type":"Point","coordinates":[-80.0,8.5]},"properties":{"region":1,"fire_occurred":0,"prediction":0.132}},{"type":"Feature","geometry":{"type":"Point","coordinates":[-79.9,22.6]},"properties":{"region":1,"fire_occurred":1,"prediction":0.0511}},{"type":"Feature","geometry":{"type":"Point","coordinates":[-79.6,-1.9]},"properties":{"region":1,"fire_occurred":1,"prediction":0.0169}},{"type":"Feature","geometry":{"type":"Point","coordinates":[-77.9,8.6]},"properties":{"region":1,"fire_occurred":0,"prediction":0.1702}},{"type":"Feature","geometry":{"type":"Point","coordinates":[-77.8,21.7]},"properties":{"region":1,"fire_occurred":0,"prediction":0.1093}},{"type":"Feature","geometry":{"type":"Point","coordinates":[-77.7,21.5]},"properties":{"region":1,"fire_occurred":1,"prediction":0.0219}},{"type":"Feature","geometry":{"type":"Point","coordinates":[-77.0,19.9]},"properties":{"region":1,"fire_occurred":1,"prediction":0.0014}},{"type":"Feature","geometry":{"type":"Point","coordinates":[-77.0,20.5]},"properties":{"region":1,"fire_occurred":1,"prediction":0.026}},{"type":"Feature","geometry":{"type":"Point","coordinates":[-77.0,20.9]},"properties":{"region":1,"fire_occurred":1,"prediction":0.0182}},{"type":"Feature","geometry":{"type":"Point","coordinates":[-77.0,21.1]},"properties":{"region":1,"fire_occurred":1,"prediction":0.0095}},{"type":"Feature","geometry":{"type":"Point","coordinates":[-76.9,20.4]},"properties":{"region":1,"fire_occurred":0,"prediction":0.2166}},{"type":"Feature","geometry":{"type":"Point","coordinates":[-76.9,20.8]},"properties":{"region":1,"fire_occurred":1,"prediction":0.0191}},{"type":"Feature","geometry":{"type":"Point","coordinates":[-76.6,-6.6]},"properties":{"region":1,"fire_occurred":1,"prediction":0.0019}},{"type":"Feature","geometry":{"type":"Point","coordinates":[-76.6,20.7]},"properties":{"region":1,"fire_occurred":1,"prediction":0.0668}},{"type":"Feature","geometry":{"type":"Point","coordinates":[-76.4,20.6]},"properties":{"region":1,"fire_occurred":1,"prediction":0.039}},{"type":"Feature","geometry":{"type":"Point","coordinates":[-76.1,20.4]},"properties":{"region":1,"fire_occurred":1,"prediction":0.06}},{"type":"Feature","geometry":{"type":"Point","coordinates":[-76.0,0.7]},"properties":{"region":1,"fire_occurred":1,"prediction":0.0599}},{"type":"Feature","geometry":{"type":"Point","coordinates":[-75.9,0.6]},"properties":{"region":1,"fire_occurred":1,"prediction":0.045}},{"type":"Feature","geometry":{"type":"Point","coordinates":[-75.9,0.7]},"properties":{"region":1,"fire_occurred":1,"prediction":0.0837}},{"type":"Feature","geometry":{"type":"Point","coordinates":[-75.9,0.9]},"properties":{"region":1,"fire_occurred":1,"prediction":0.0236}},{"type":"Feature","geometry":{"type":"Point","coordinates":[-75.8,0.6]},"properties":{"region":1,"fire_occurred":1,"prediction":0.2441}},{"type":"Feature","geometry":{"type":"Point","coordinates":[-75.8,0.7]},"properties":{"region":1,"fire_occurred":0,"prediction":0.1445}},{"type":"Feature","geometry":{"type":"Point","coordinates":[-75.7,0.5]},"properties":{"region":1,"fire_occurred":1,"prediction":0.0173}},{"type":"Feature","geometry":{"type":"Point","coordinates":[-75.6,0.0]},"properties":{"region":1,"fire_occurred":1,"prediction":0.0034}},{"type":"Feature","geometry":{"type":"Point","coordinates":[-75.6,0.6]},"properties":{"region":1,"fire_occurred":0,"prediction":0.1954}},{"type":"Feature","geometry":{"type":"Point","coordinates":[-75.5,0.7]},"properties":{"region":1,"fire_occurred":0,"prediction":0.1082}},{"type":"Feature","geometry":{"type":"Point","coordinates":[-75.4,0.4]},"properties":{"region":1,"fire_occurred":0,"prediction":0.1493}},{"type":"Feature","geometry":{"type":"Point","coordinates":[-75.4,0.9]},"properties":{"region":1,"fire_occurred":0,"prediction":0.1135}},{"type":"Feature","geometry":{"type":"Point","coordinates":[-75.4,1.0]},"properties":{"region":1,"fire_occurred":0,"prediction":0.1089}},{"type":"Feature","geometry":{"type":"Point","coordinates":[-75.4,20.0]},"properties":{"region":1,"fire_occurred":1,"prediction":0.0161}},{"type":"Feature","geometry":{"type":"Point","coordinates":[-75.3,0.3]},"properties":{"region":1,"fire_occurred":0,"prediction":0.1312}},{"type":"Feature","geometry":{"type":"Point","coordinates":[-75.3,0.4]},"properties":{"region":1,"fire_occurred":0,"prediction":0.233}},{"type":"Feature","geometry":{"type":"Point","coordinates":[-75.3,0.8]},"properties":{"region":1,"fire_occurred":0,"prediction":0.1407}},{"type":"Feature","geometry":{"type":"Point","coordinates":[-75.3,0.9]},"properties":{"region":1,"fire_occurred":0,"prediction":0.1637}},{"type":"Feature","geometry":{"type":"Point","coordinates":[-75.2,0.3]},"properties":{"region":1,"fire_occurred":0,"prediction":0.2233}},{"type":"Feature","geometry":{"type":"Point","coordinates":[-75.2,0.4]},"properties":{"region":1,"fire_occurred":0,"prediction":0.1543}},{"type":"Feature","geometry":{"type":"Point","coordinates":[-75.2,0.5]},"properties":{"region":1,"fire_occurred":0,"prediction":0.1955}},{"type":"Feature","geometry":{"type":"Point","coordinates":[-75.2,0.6]},"properties":{"region":1,"fire_occurred":0,"prediction":0.1391}},{"type":"Feature","geometry":{"type":"Point","coordinates":[-75.2,0.7]},"properties":{"region":1,"fire_occurred":0,"prediction":0.3339}},{"type":"Feature","geometry":{"type":"Point","coordinates":[-75.2,0.8]},"properties":{"region":1,"fire_occurred":0,"prediction":0.1196}},{"type":"Feature","geometry":{"type":"Point","coordinates":[-75.2,0.9]},"properties":{"region":1,"fire_occurred":0,"prediction":0.1153}},{"type":"Feature","geometry":{"type":"Point","coordinates":[-75.2,10.1]},"properties":{"region":1,"fire_occurred":1,"prediction":0.0389}},{"type":"Feature","geometry":{"type":"Point","coordinates":[-75.1,0.1]},"properties":{"region":1,"fire_occurred":0,"prediction":0.1123}},{"type":"Feature","geometry":{"type":"Point","coordinates":[-75.1,0.2]},"properties":{"region":1,"fire_occurred":0,"prediction":0.1017}},{"type":"Feature","geometry":{"type":"Point","coordinates":[-75.1,0.3]},"properties":{"region":1,"fire_occurred":0,"prediction":0.2004}},{"type":"Feature","geometry":{"type":"Point","coordinates":[-75.1,0.4]},"properties":{"region":1,"fire_occurred":0,"prediction":0.1852}},{"type":"Feature","geometry":{"type":"Point","coordinates":[-75.1,0.5]},"properties":{"region":1,"fire_occurred":0,"prediction":0.1005}},{"type":"Feature","geometry":{"type":"Point","coordinates":[-75.1,0.6]},"properties":{"region":1,"fire_occurred":0,"prediction":0.1072}},{"type":"Feature","geometry":{"type":"Point","coordinates":[-75.1,0.7]},"properties":{"region":1,"fire_occurred":0,"prediction":0.1621}},{"type":"Feature","geometry":{"type":"Point","coordinates":[-75.1,0.8]},"properties":{"region":1,"fire_occurred":0,"prediction":0.1091}},{"type":"Feature","geometry":{"type":"Point","coordinates":[-75.1,0.9]},"properties":{"region":1,"fire_occurred":0,"prediction":0.1567}},{"type":"Feature","geometry":{"type":"Point","coordinates":[-75.1,1.3]},"properties":{"region":1,"fire_occurred":0,"prediction":0.1122}},{"type":"Feature","geometry":{"type":"Point","coordinates":[-75.1,9.6]},"properties":{"region":1,"fire_occurred":0,"prediction":0.1093}},{"type":"Feature","geometry":{"type":"Point","coordinates":[-75.1,9.7]},"properties":{"region":1,"fire_occurred":1,"prediction":0.0516}},{"type":"Feature","geometry":{"type":"Point","coordinates":[-75.1,9.8]},"properties":{"region":1,"fire_occurred":0,"prediction":0.103}},{"type":"Feature","geometry":{"type":"Point","coordinates":[-75.1,10.0]},"properties":{"region":1,"fire_occurred":1,"prediction":0.0809}},{"type":"Feature","geometry":{"type":"Point","coordinates":[-75.0,0.1]},"properties":{"region":1,"fire_occurred":0,"prediction":0.1674}},{"type":"Feature","geometry":{"type":"Point","coordinates":[-75.0,0.2]},"properties":{"region":1,"fire_occurred":0,"prediction":0.3327}},{"type":"Feature","geometry":{"type":"Point","coordinates":[-75.0,0.3]},"properties":{"region":1,"fire_occurred":0,"prediction":0.1048}},{"type":"Feature","geometry":{"type":"Point","coordinates":[-75.0,0.4]},"properties":{"region":1,"fire_occurred":0,"prediction":0.1754}},{"type":"Feature","geometry":{"type":"Point","coordinates":[-75.0,0.5]},"properties":{"region":1,"fire_occurred":0,"prediction":0.1742}},{"type":"Feature","geometry":{"type":"Point","coordinates":[-75.0,0.6]},"properties":{"region":1,"fire_occurred":0,"prediction":0.1735}},{"type":"Feature","geometry":{"type":"Point","coordinates":[-75.0,0.7]},"properties":{"region":1,"fire_occurred":0,"prediction":0.1067}},{"type":"Feature","geometry":{"type":"Point","coordinates":[-75.0,0.8]},"properties":{"region":1,"fire_occurred":0,"prediction":0.1529}},{"type":"Feature","geometry":{"type":"Point","coordinates":[-75.0,0.9]},"properties":{"region":1,"fire_occurred":0,"prediction":0.1089}},{"type":"Feature","geometry":{"type":"Point","coordinates":[-75.0,1.0]},"properties":{"region":1,"fire_occurred":0,"prediction":0.1427}},{"type":"Feature","geometry":{"type":"Point","coordinates":[-75.0,1.3]},"properties":{"region":1,"fire_occurred":0,"prediction":0.2144}},{"type":"Feature","geometry":{"type":"Point","coordinates":[-75.0,7.2]},"properties":{"region":1,"fire_occurred":0,"prediction":0.1914}},{"type":"Feature","geometry":{"type":"Point","coordinates":[-75.0,9.7]},"properties":{"region":1,"fire_occurred":1,"prediction":0.0497}},{"type":"Feature","geometry":{"type":"Point","coordinates":[-75.0,20.1]},"properties":{"region":1,"fire_occurred":1,"prediction":0.0122}},{"type":"Feature","geometry":{"type":"Point","coordinates":[-74.9,0.2]},"properties":{"region":1,"fire_occurred":0,"prediction":0.1545}},{"type":"Feature","geometry":{"type":"Point","coordinates":[-74.9,0.3]},"properties":{"region":1,"fire_occurred":0,"prediction":0.2823}},{"type":"Feature","geometry":{"type":"Point","coordinates":[-74.9,0.4]},"properties":{"region":1,"fire_occurred":0,"prediction":0.2575}},{"type":"Feature","geometry":{"type":"Point","coordinates":[-74.9,0.5]},"properties":{"region":1,"fire_occurred":0,"prediction":0.246}},{"type":"Feature","geometry":{"type":"Point","coordinates":[-74.9,0.7]},"properties":{"region":1,"fire_occurred":0,"prediction":0.1142}},{"type":"Feature","geometry":{"type":"Point","coordinates":[-74.9,0.8]},"properties":{"region":1,"fire_occurred":0,"prediction":0.159}},{"type":"Feature","geometry":{"type":"Point","coordinates":[-74.9,0.9]},"properties":{"region":1,"fire_occurred":0,"prediction":0.1362}},{"type":"Feature","geometry":{"type":"Point","coordinates":[-74.9,1.0]},"properties":{"region":1,"fire_occurred":0,"prediction":0.1173}},{"type":"Feature","geometry":{"type":"Point","coordinates":[-74.9,1.3]},"properties":{"region":1,"fire_occurred":0,"prediction":0.1352}},{"type":"Feature","geometry":{"type":"Point","coordinates":[-74.9,1.4]},"properties":{"region":1,"fire_occurred":0,"prediction":0.1467}},{"type":"Feature","geometry":{"type":"Point","coordinates":[-74.9,1.5]},"properties":{"region":1,"fire_occurred":0,"prediction":0.2045}},{"type":"Feature","geometry":{"type":"Point","coordinates":[-74.9,9.9]},"properties":{"region":1,"fire_occurred":1,"prediction":0.0212}},{"type":"Feature","geometry":{"type":"Point","coordinates":[-74.9,20.1]},"properties":{"region":1,"fire_occurred":1,"prediction":0.0242}},{"type":"Feature","geometry":{"type":"Point","coordinates":[-74.8,0.3]},"properties":{"region":1,"fire_occurred":0,"prediction":0.1967}},{"type":"Feature","geometry":{"type":"Point","coordinates":[-74.8,0.4]},"properties":{"region":1,"fire_occurred":0,"prediction":0.255}},{"type":"Feature","geometry":{"type":"Point","coordinates":[-74.8,0.5]},"properties":{"region":1,"fire_occurred":0,"prediction":0.2371}},{"type":"Feature","geometry":{"type":"Point","coordinates":[-74.8,0.6]},"properties":{"region":1,"fire_occurred":0,"prediction":0.1238}},{"type":"Feature","geometry":{"type":"Point","coordinates":[-74.8,0.7]},"properties":{"region":1,"fire_occurred":0,"prediction":0.168}},{"type":"Feature","geometry":{"type":"Point","coordinates":[-74.8,0.8]},"properties":{"region":1,"fire_occurred":0,"prediction":0.1956}},{"type":"Feature","geometry":{"type":"Point","coordinates":[-74.8,0.9]},"properties":{"region":1,"fire_occurred":0,"prediction":0.1039}},{"type":"Feature","geometry":{"type":"Point","coordinates":[-74.8,1.0]},"properties":{"region":1,"fire_occurred":0,"prediction":0.1094}},{"type":"Feature","geometry":{"type":"Point","coordinates":[-74.8,1.3]},"properties":{"region":1,"fire_occurred":0,"prediction":0.1579}},{"type":"Feature","geometry":{"type":"Point","coordinates":[-74.8,1.4]},"properties":{"region":1,"fire_occurred":0,"prediction":0.1097}},{"type":"Feature","geometry":{"type":"Point","coordinates":[-74.8,1.5]},"properties":{"region":1,"fire_occurred":0,"prediction":0.1624}},{"type":"Feature","geometry":{"type":"Point","coordinates":[-74.8,9.9]},"properties":{"region":1,"fire_occurred":1,"prediction":0.0234}},{"type":"Feature","geometry":{"type":"Point","coordinates":[-74.7,-0.3]},"properties":{"region":1,"fire_occurred":0,"prediction":0.1423}},{"type":"Feature","geometry":{"type":"Point","coordinates":[-74.7,-0.2]},"properties":{"region":1,"fire_occurred":0,"prediction":0.2293}},{"type":"Feature","geometry":{"type":"Point","coordinates":[-74.7,-0.1]},"properties":{"region":1,"fire_occurred":0,"prediction":0.2628}},{"type":"Feature","geometry":{"type":"Point","coordinates":[-74.7,0.0]},"properties":{"region":1,"fire_occurred":0,"prediction":0.4377}},{"type":"Feature","geometry":{"type":"Point","coordinates":[-74.7,0.1]},"properties":{"region":1,"fire_occurred":0,"prediction":0.2848}},{"type":"Feature","geometry":{"type":"Point","coordinates":[-74.7,0.2]},"properties":{"region":1,"fire_occurred":0,"prediction":0.1896}},{"type":"Feature","geometry":{"type":"Point","coordinates":[-74.7,0.3]},"properties":{"region":1,"fire_occurred":0,"prediction":0.1844}},{"type":"Feature","geometry":{"type":"Point","coordinates":[-74.7,0.4]},"properties":{"region":1,"fire_occurred":0,"prediction":0.1943}},{"type":"Feature","geometry":{"type":"Point","coordinates":[-74.7,0.5]},"properties":{"region":1,"fire_occurred":0,"prediction":0.1015}},{"type":"Feature","geometry":{"type":"Point","coordinates":[-74.7,0.6]},"properties":{"region":1,"fire_occurred":0,"prediction":0.1565}},{"type":"Feature","geometry":{"type":"Point","coordinates":[-74.7,0.7]},"properties":{"region":1,"fire_occurred":0,"prediction":0.2669}},{"type":"Feature","geometry":{"type":"Point","coordinates":[-74.7,0.8]},"properties":{"region":1,"fire_occurred":0,"prediction":0.2011}},{"type":"Feature","geometry":{"type":"Point","coordinates":[-74.7,0.9]},"properties":{"region":1,"fire_occurred":0,"prediction":0.1195}},{"type":"Feature","geometry":{"type":"Point","coordinates":[-74.7,1.0]},"properties":{"region":1,"fire_occurred":1,"prediction":0.2317}},{"type":"Feature","geometry":{"type":"Point","coordinates":[-74.7,1.1]},"properties":{"region":1,"fire_occurred":0,"prediction":0.1652}},{"type":"Feature","geometry":{"type":"Point","coordinates":[-74.7,1.2]},"properties":{"region":1,"fire_occurred":0,"prediction":0.1529}},{"type":"Feature","geometry":{"type":"Point","coordinates":[-74.7,4.9]},"properties":{"region":1,"fire_occurred":1,"prediction":0.0062}},{"type":"Feature","geometry":{"type":"Point","coordinates":[-74.6,-0.2]},"properties":{"region":1,"fire_occurred":0,"prediction":0.7329}},{"type":"Feature","geometry":{"type":"Point","coordinates":[-74.6,-0.1]},"properties":{"region":1,"fire_occurred":0,"prediction":0.3646}},{"type":"Feature","geometry":{"type":"Point","coordinates":[-74.6,0.0]},"properties":{"region":1,"fire_occurred":0,"prediction":0.3159}},{"type":"Feature","geometry":{"type":"Point","coordinates":[-74.6,0.1]},"properties":{"region":1,"fire_occurred":0,"prediction":0.1946}},{"type":"Feature","geometry":{"type":"Point","coordinates":[-74.6,0.2]},"properties":{"region":1,"fire_occurred":0,"prediction":0.197}},{"type":"Feature","geometry":{"type":"Point","coordinates":[-74.6,0.3]},"properties":{"region":1,"fire_occurred":0,"prediction":0.1355}},{"type":"Feature","geometry":{"type":"Point","coordinates":[-74.6,0.4]},"properties":{"region":1,"fire_occurred":0,"prediction":0.148}},{"type":"Feature","geometry":{"type":"Point","coordinates":[-74.6,0.5]},"properties":{"region":1,"fire_occurred":0,"prediction":0.1552}},{"type":"Feature","geometry":{"type":"Point","coordinates":[-74.6,0.6]},"properties":{"region":1,"fire_occurred":0,"prediction":0.1467}},{"type":"Feature","geometry":{"type":"Point","coordinates":[-74.6,0.7]},"properties":{"region":1,"fire_occurred":0,"prediction":0.1543}},{"type":"Feature","geometry":{"type":"Point","coordinates":[-74.6,0.8]},"properties":{"region":1,"fire_occurred":0,"prediction":0.2715}},{"type":"Feature","geometry":{"type":"Point","coordinates":[-74.6,1.0]},"properties":{"region":1,"fire_occurred":0,"prediction":0.2274}},{"type":"Feature","geometry":{"type":"Point","coordinates":[-74.6,1.2]},"properties":{"region":1,"fire_occurred":0,"prediction":0.1142}},{"type":"Feature","geometry":{"type":"Point","coordinates":[-74.6,1.3]},"properties":{"region":1,"fire_occurred":0,"prediction":0.1545}},{"type":"Feature","geometry":{"type":"Point","coordinates":[-74.5,-0.4]},"properties":{"region":1,"fire_occurred":0,"prediction":0.2371}},{"type":"Feature","geometry":{"type":"Point","coordinates":[-74.5,-0.3]},"properties":{"region":1,"fire_occurred":0,"prediction":0.2959}},{"type":"Feature","geometry":{"type":"Point","coordinates":[-74.5,-0.2]},"properties":{"region":1,"fire_occurred":0,"prediction":0.5942}},{"type":"Feature","geometry":{"type":"Point","coordinates":[-74.5,-0.1]},"properties":{"region":1,"fire_occurred":0,"prediction":0.5415}},{"type":"Feature","geometry":{"type":"Point","coordinates":[-74.5,0.0]},"properties":{"region":1,"fire_occurred":0,"prediction":0.3416}},{"type":"Feature","geometry":{"type":"Point","coordinates":[-74.5,0.4]},"properties":{"region":1,"fire_occurred":0,"prediction":0.2561}},{"type":"Feature","geometry":{"type":"Point","coordinates":[-74.5,0.5]},"properties":{"region":1,"fire_occurred":0,"prediction":0.1068}},{"type":"Feature","geometry":{"type":"Point","coordinates":[-74.5,0.6]},"properties":{"region":1,"fire_occurred":0,"prediction":0.2401}},{"type":"Feature","geometry":{"type":"Point","coordinates":[-74.5,0.7]},"properties":{"region":1,"fire_occurred":0,"prediction":0.4002}},{"type":"Feature","geometry":{"type":"Point","coordinates":[-74.5,0.8]},"properties":{"region":1,"fire_occurred":1,"prediction":0.2067}},{"type":"Feature","geometry":{"type":"Point","coordinates":[-74.5,0.9]},"properties":{"region":1,"fire_occurred":1,"prediction":0.1447}},{"type":"Feature","geometry":{"type":"Point","coordinates":[-74.5,1.0]},"properties":{"region":1,"fire_occurred":1,"prediction":0.2915}},{"type":"Feature","geometry":{"type":"Point","coordinates":[-74.5,1.1]},"properties":{"region":1,"fire_occurred":1,"prediction":0.3867}},{"type":"Feature","geometry":{"type":"Point","coordinates":[-74.5,1.2]},"properties":{"region":1,"fire_occurred":0,"prediction":0.4063}},{"type":"Feature","geometry":{"type":"Point","coordinates":[-74.5,1.3]},"properties":{"region":1,"fire_occurred":0,"prediction":0.3902}},{"type":"Feature","geometry":{"type":"Point","coordinates":[-74.5,1.4]},"properties":{"region":1,"fire_occurred":0,"prediction":0.1419}},{"type":"Feature","geometry":{"type":"Point","coordinates":[-74.5,1.5]},"properties":{"region":1,"fire_occurred":0,"prediction":0.1114}},{"type":"Feature","geometry":{"type":"Point","coordinates":[-74.5,10.4]},"properties":{"region":1,"fire_occurred":0,"prediction":0.1523}},{"type":"Feature","geometry":{"type":"Point","coordinates":[-74.4,-0.5]},"properties":{"region":1,"fire_occurred":0,"prediction":0.1135}},{"type":"Feature","geometry":{"type":"Point","coordinates":[-74.4,-0.2]},"properties":{"region":1,"fire_occurred":0,"prediction":0.1922}},{"type":"Feature","geometry":{"type":"Point","coordinates":[-74.4,-0.1]},"properties":{"region":1,"fire_occurred":0,"prediction":0.2801}},{"type":"Feature","geometry":{"type":"Point","coordinates":[-74.4,0.1]},"properties":{"region":1,"fire_occurred":0,"prediction":0.1637}},{"type":"Feature","geometry":{"type":"Point","coordinates":[-74.4,0.3]},"properties":{"region":1,"fire_occurred":0,"prediction":0.117}},{"type":"Feature","geometry":{"type":"Point","coordinates":[-74.4,0.4]},"properties":{"region":1,"fire_occurred":0,"prediction":0.3004}},{"type":"Feature","geometry":{"type":"Point","coordinates":[-74.4,0.5]},"properties":{"region":1,"fire_occurred":0,"prediction":0.1872}},{"type":"Feature","geometry":{"type":"Point","coordinates":[-74.4,0.6]},"properties":{"region":1,"fire_occurred":0,"prediction":0.116}},{"type":"Feature","geometry":{"type":"Point","coordinates":[-74.4,0.7]},"properties":{"region":1,"fire_occurred":1,"prediction":0.278}},{"type":"Feature","geometry":{"type":"Point","coordinates":[-74.4,0.8]},"properties":{"region":1,"fire_occurred":0,"prediction":0.1545}},{"type":"Feature","geometry":{"type":"Point","coordinates":[-74.4,0.9]},"properties":{"region":1,"fire_occurred":0,"prediction":0.1777}},{"type":"Feature","geometry":{"type":"Point","coordinates":[-74.4,1.0]},"properties":{"region":1,"fire_occurred":1,"prediction":0.2637}},{"type":"Feature","geometry":{"type":"Point","coordinates":[-74.4,1.1]},"properties":{"region":1,"fire_occurred":0,"prediction":0.3421}},{"type":"Feature","geometry":{"type":"Point","coordinates":[-74.4,1.2]},"properties":{"region":1,"fire_occurred":0,"prediction":0.4994}},{"type":"Feature","geometry":{"type":"Point","coordinates":[-74.4,1.3]},"properties":{"region":1,"fire_occurred":0,"prediction":0.426}},{"type":"Feature","geometry":{"type":"Point","coordinates":[-74.4,1.4]},"properties":{"region":1,"fire_occurred":0,"prediction":0.2305}},{"type":"Feature","geometry":{"type":"Point","coordinates":[-74.4,1.5]},"properties":{"region":1,"fire_occurred":0,"prediction":0.2406}},{"type":"Feature","geometry":{"type":"Point","coordinates":[-74.4,1.6]},"properties":{"region":1,"fire_occurred":1,"prediction":0.1173}},{"type":"Feature","geometry":{"type":"Point","coordinates":[-74.4,1.7]},"properties":{"region":1,"fire_occurred":0,"prediction":0.243}},{"type":"Feature","geometry":{"type":"Point","coordinates":[-74.4,1.8]},"properties":{"region":1,"fire_occurred":0,"prediction":0.1713}},{"type":"Feature","geometry":{"type":"Point","coordinates":[-74.4,2.0]},"properties":{"region":1,"fire_occurred":0,"prediction":0.1599}},{"type":"Feature","geometry":{"type":"Point","coordinates":[-74.4,2.4]},"properties":{"region":1,"fire_occurred":0,"prediction":0.2392}},{"type":"Feature","geometry":{"type":"Point","coordinates":[-74.4,2.5]},"properties":{"region":1,"fire_occurred":0,"prediction":0.181}},{"type":"Feature","geometry":{"type":"Point","coordinates":[-74.4,2.7]},"properties":{"region":1,"fire_occurred":0,"prediction":0.1196}},{"type":"Feature","geometry":{"type":"Point","coordinates":[-74.4,9.7]},"properties":{"region":1,"fire_occurred":1,"prediction":0.0168}},{"type":"Feature","geometry":{"type":"Point","coordinates":[-74.4,10.4]},"properties":{"region":1,"fire_occurred":0,"prediction":0.1532}},{"type":"Feature","geometry":{"type":"Point","coordinates":[-74.3,-0.5]},"properties":{"region":1,"fire_occurred":0,"prediction":0.1011}},{"type":"Feature","geometry":{"type":"Point","coordinates":[-74.3,-0.2]},"properties":{"region":1,"fire_occurred":0,"prediction":0.1807}},{"type":"Feature","geometry":{"type":"Point","coordinates":[-74.3,-0.1]},"properties":{"region":1,"fire_occurred":0,"prediction":0.1705}},{"type":"Feature","geometry":{"type":"Point","coordinates":[-74.3,0.2]},"properties":{"region":1,"fire_occurred":0,"prediction":0.1736}},{"type":"Feature","geometry":{"type":"Point","coordinates":[-74.3,0.3]},"properties":{"region":1,"fire_occurred":0,"prediction":0.1133}},{"type":"Feature","geometry":{"type":"Point","coordinates":[-74.3,0.4]},"properties":{"region":1,"fire_occurred":1,"prediction":0.3136}},{"type":"Feature","geometry":{"type":"Point","coordinates":[-74.3,0.5]},"properties":{"region":1,"fire_occurred":0,"prediction":0.2866}},{"type":"Feature","geometry":{"type":"Point","coordinates":[-74.3,0.6]},"properties":{"region":1,"fire_occurred":0,"prediction":0.1135}},{"type":"Feature","geometry":{"type":"Point","coordinates":[-74.3,0.7]},"properties":{"region":1,"fire_occurred":0,"prediction":0.1735}},{"type":"Feature","geometry":{"type":"Point","coordinates":[-74.3,0.8]},"properties":{"region":1,"fire_occurred":0,"prediction":0.1444}},{"type":"Feature","geometry":{"type":"Point","coordinates":[-74.3,0.9]},"properties":{"region":1,"fire_occurred":0,"prediction":0.1538}},{"type":"Feature","geometry":{"type":"Point","coordinates":[-74.3,1.0]},"properties":{"region":1,"fire_occurred":1,"prediction":0.1679}},{"type":"Feature","geometry":{"type":"Point","coordinates":[-74.3,1.1]},"properties":{"region":1,"fire_occurred":1,"prediction":0.233}},{"type":"Feature","geometry":{"type":"Point","coordinates":[-74.3,1.2]},"properties":{"region":1,"fire_occurred":1,"prediction":0.273}},{"type":"Feature","geometry":{"type":"Point","coordinates":[-74.3,1.3]},"properties":{"region":1,"fire_occurred":0,"prediction":0.2939}},{"type":"Feature","geometry":{"type":"Point","coordinates":[-74.3,1.4]},"properties":{"region":1,"fire_occurred":0,"prediction":0.2899}},{"type":"Feature","geometry":{"type":"Point","coordinates":[-74.3,1.5]},"properties":{"region":1,"fire_occurred":0,"prediction":0.3575}},{"type":"Feature","geometry":{"type":"Point","coordinates":[-74.3,1.6]},"properties":{"region":1,"fire_occurred":0,"prediction":0.3234}},{"type":"Feature","geometry":{"type":"Point","coordinates":[-74.3,1.7]},"properties":{"region":1,"fire_occurred":0,"prediction":0.3362}},{"type":"Feature","geometry":{"type":"Point","coordinates":[-74.3,1.8]},"properties":{"region":1,"fire_occurred":0,"prediction":0.1205}},{"type":"Feature","geometry":{"type":"Point","coordinates":[-74.3,1.9]},"properties":{"region":1,"fire_occurred":0,"prediction":0.1065}},{"type":"Feature","geometry":{"type":"Point","coordinates":[-74.3,2.0]},"properties":{"region":1,"fire_occurred":0,"prediction":0.1013}},{"type":"Feature","geometry":{"type":"Point","coordinates":[-74.3,2.2]},"properties":{"region":1,"fire_occurred":0,"prediction":0.1361}},{"type":"Feature","geometry":{"type":"Point","coordinates":[-74.3,2.3]},"properties":{"region":1,"fire_occurred":0,"prediction":0.1158}},{"type":"Feature","geometry":{"type":"Point","coordinates":[-74.3,2.4]},"properties":{"region":1,"fire_occurred":0,"prediction":0.2043}},{"type":"Feature","geometry":{"type":"Point","coordinates":[-74.3,2.5]},"properties":{"region":1,"fire_occurred":0,"prediction":0.1122}},{"type":"Feature","geometry":{"type":"Point","coordinates":[-74.3,10.0]},"properties":{"region":1,"fire_occurred":0,"prediction":0.1228}},{"type":"Feature","geometry":{"type":"Point","coordinates":[-74.2,-0.4]},"properties":{"region":1,"fire_occurred":0,"prediction":0.105}},{"type":"Feature","geometry":{"type":"Point","coordinates":[-74.2,0.0]},"properties":{"region":1,"fire_occurred":0,"prediction":0.2165}},{"type":"Feature","geometry":{"type":"Point","coordinates":[-74.2,0.1]},"properties":{"region":1,"fire_occurred":0,"prediction":0.1687}},{"type":"Feature","geometry":{"type":"Point","coordinates":[-74.2,0.2]},"properties":{"region":1,"fire_occurred":0,"prediction":0.1279}},{"type":"Feature","geometry":{"type":"Point","coordinates":[-74.2,0.3]},"properties":{"region":1,"fire_occurred":0,"prediction":0.2019}},{"type":"Feature","geometry":{"type":"Point","coordinates":[-74.2,0.4]},"properties":{"region":1,"fire_occurred":1,"prediction":0.5056}},{"type":"Feature","geometry":{"type":"Point","coordinates":[-74.2,0.5]},"properties":{"region":1,"fire_occurred":1,"prediction":0.2275}},{"type":"Feature","geometry":{"type":"Point","coordinates":[-74.2,0.8]},"properties":{"region":1,"fire_occurred":0,"prediction":0.1433}},{"type":"Feature","geometry":{"type":"Point","coordinates":[-74.2,0.9]},"properties":{"region":1,"fire_occurred":0,"prediction":0.1202}},{"type":"Feature","geometry":{"type":"Point","coordinates":[-74.2,1.1]},"properties":{"region":1,"fire_occurred":0,"prediction":0.1859}},{"type":"Feature","geometry":{"type":"Point","coordinates":[-74.2,1.3]},"properties":{"region":1,"fire_occurred":0,"prediction":0.1431}},{"type":"Feature","geometry":{"type":"Point","coordinates":[-74.2,1.4]},"properties":{"region":1,"fire_occurred":1,"prediction":0.1344}},{"type":"Feature","geometry":{"type":"Point","coordinates":[-74.2,1.6]},"properties":{"region":1,"fire_occurred":0,"prediction":0.2387}},{"type":"Feature","geometry":{"type":"Point","coordinates":[-74.2,1.7]},"properties":{"region":1,"fire_occurred":0,"prediction":0.3046}},{"type":"Feature","geometry":{"type":"Point","coordinates":[-74.2,1.8]},"properties":{"region":1,"fire_occurred":0,"prediction":0.2392}},{"type":"Feature","geometry":{"type":"Point","coordinates":[-74.2,2.0]},"properties":{"region":1,"fire_occurred":0,"prediction":0.1537}},{"type":"Feature","geometry":{"type":"Point","coordinates":[-74.2,2.1]},"properties":{"region":1,"fire_occurred":0,"prediction":0.1226}},{"type":"Feature","geometry":{"type":"Point","coordinates":[-74.2,2.2]},"properties":{"region":1,"fire_occurred":0,"prediction":0.296}},{"type":"Feature","geometry":{"type":"Point","coordinates":[-74.2,2.3]},"properties":{"region":1,"fire_occurred":0,"prediction":0.4877}},{"type":"Feature","geometry":{"type":"Point","coordinates":[-74.2,2.4]},"properties":{"region":1,"fire_occurred":0,"prediction":0.322}},{"type":"Feature","geometry":{"type":"Point","coordinates":[-74.2,2.5]},"properties":{"region":1,"fire_occurred":0,"prediction":0.1597}},{"type":"Feature","geometry":{"type":"Point","coordinates":[-74.2,2.8]},"properties":{"region":1,"fire_occurred":0,"prediction":0.326}},{"type":"Feature","geometry":{"type":"Point","coordinates":[-74.2,2.9]},"properties":{"region":1,"fire_occurred":0,"prediction":0.1833}},{"type":"Feature","geometry":{"type":"Point","coordinates":[-74.2,7.8]},"properties":{"region":1,"fire_occurred":0,"prediction":0.1236}},{"type":"Feature","geometry":{"type":"Point","coordinates":[-74.2,10.6]},"properties":{"region":1,"fire_occurred":0,"prediction":0.2809}},{"type":"Feature","geometry":{"type":"Point","coordinates":[-74.2,10.7]},"properties":{"region":1,"fire_occurred":1,"prediction":0.0805}},{"type":"Feature","geometry":{"type":"Point","coordinates":[-74.1,-0.4]},"properties":{"region":1,"fire_occurred":0,"prediction":0.1223}},{"type":"Feature","geometry":{"type":"Point","coordinates":[-74.1,-0.3]},"properties":{"region":1,"fire_occurred":0,"prediction":0.1214}},{"type":"Feature","geometry":{"type":"Point","coordinates":[-74.1,-0.2]},"properties":{"region":1,"fire_occurred":0,"prediction":0.1649}},{"type":"Feature","geometry":{"type":"Point","coordinates":[-74.1,-0.1]},"properties":{"region":1,"fire_occurred":0,"prediction":0.1622}},{"type":"Feature","geometry":{"type":"Point","coordinates":[-74.1,0.1]},"properties":{"region":1,"fire_occurred":0,"prediction":0.1285}},{"type":"Feature","geometry":{"type":"Point","coordinates":[-74.1,0.2]},"properties":{"region":1,"fire_occurred":0,"prediction":0.164}},{"type":"Feature","geometry":{"type":"Point","coordinates":[-74.1,0.3]},"properties":{"region":1,"fire_occurred":0,"prediction":0.3813}},{"type":"Feature","geometry":{"type":"Point","coordinates":[-74.1,0.4]},"properties":{"region":1,"fire_occurred":1,"prediction":0.1269}},{"type":"Feature","geometry":{"type":"Point","coordinates":[-74.1,1.3]},"properties":{"region":1,"fire_occurred":0,"prediction":0.2165}},{"type":"Feature","geometry":{"type":"Point","coordinates":[-74.1,1.4]},"properties":{"region":1,"fire_occurred":1,"prediction":0.1839}},{"type":"Feature","geometry":{"type":"Point","coordinates":[-74.1,1.5]},"properties":{"region":1,"fire_occurred":0,"prediction":0.1645}},{"type":"Feature","geometry":{"type":"Point","coordinates":[-74.1,1.6]},"properties":{"region":1,"fire_occurred":0,"prediction":0.1489}},{"type":"Feature","geometry":{"type":"Point","coordinates":[-74.1,1.7]},"properties":{"region":1,"fire_occurred":1,"prediction":0.1627}},{"type":"Feature","geometry":{"type":"Point","coordinates":[-74.1,1.9]},"properties":{"region":1,"fire_occurred":0,"prediction":0.1304}},{"type":"Feature","geometry":{"type":"Point","coordinates":[-74.1,2.0]},"properties":{"region":1,"fire_occurred":0,"prediction":0.1858}},{"type":"Feature","geometry":{"type":"Point","coordinates":[-74.1,2.1]},"properties":{"region":1,"fire_occurred":0,"prediction":0.2625}},{"type":"Feature","geometry":{"type":"Point","coordinates":[-74.1,2.2]},"properties":{"region":1,"fire_occurred":0,"prediction":0.2716}},{"type":"Feature","geometry":{"type":"Point","coordinates":[-74.1,2.3]},"properties":{"region":1,"fire_occurred":0,"prediction":0.7767}},{"type":"Feature","geometry":{"type":"Point","coordinates":[-74.1,2.4]},"properties":{"region":1,"fire_occurred":0,"prediction":0.6925}},{"type":"Feature","geometry":{"type":"Point","coordinates":[-74.1,2.5]},"properties":{"region":1,"fire_occurred":0,"prediction":0.2667}},{"type":"Feature","geometry":{"type":"Point","coordinates":[-74.0,-0.4]},"properties":{"region":1,"fire_occurred":0,"prediction":0.1583}},{"type":"Feature","geometry":{"type":"Point","coordinates":[-74.0,-0.3]},"properties":{"region":1,"fire_occurred":0,"prediction":0.1668}},{"type":"Feature","geometry":{"type":"Point","coordinates":[-74.0,0.1]},"properties":{"region":1,"fire_occurred":0,"prediction":0.2558}},{"type":"Feature","geometry":{"type":"Point","coordinates":[-74.0,0.2]},"properties":{"region":1,"fire_occurred":0,"prediction":0.276}},{"type":"Feature","geometry":{"type":"Point","coordinates":[-74.0,0.3]},"properties":{"region":1,"fire_occurred":0,"prediction":0.1286}},{"type":"Feature","geometry":{"type":"Point","coordinates":[-74.0,0.4]},"properties":{"region":1,"fire_occurred":0,"prediction":0.1045}},{"type":"Feature","geometry":{"type":"Point","coordinates":[-74.0,1.3]},"properties":{"region":1,"fire_occurred":1,"prediction":0.3984}},{"type":"Feature","geometry":{"type":"Point","coordinates":[-74.0,1.4]},"properties":{"region":1,"fire_occurred":1,"prediction":0.3965}},{"type":"Feature","geometry":{"type":"Point","coordinates":[-74.0,1.5]},"properties":{"region":1,"fire_occurred":0,"prediction":0.1282}},{"type":"Feature","geometry":{"type":"Point","coordinates":[-74.0,1.6]},"properties":{"region":1,"fire_occurred":0,"prediction":0.103}},{"type":"Feature","geometry":{"type":"Point","coordinates":[-74.0,1.8]},"properties":{"region":1,"fire_occurred":0,"prediction":0.1511}},{"type":"Feature","geometry":{"type":"Point","coordinates":[-74.0,1.9]},"properties":{"region":1,"fire_occurred":0,"prediction":0.1762}},{"type":"Feature","geometry":{"type":"Point","coordinates":[-74.0,2.0]},"properties":{"region":1,"fire_occurred":0,"prediction":0.1637}},{"type":"Feature","geometry":{"type":"Point","coordinates":[-74.0,2.1]},"properties":{"region":1,"fire_occurred":0,"prediction":0.1998}},{"type":"Feature","geometry":{"type":"Point","coordinates":[-74.0,2.2]},"properties":{"region":1,"fire_occurred":0,"prediction":0.3336}},{"type":"Feature","geometry":{"type":"Point","coordinates":[-74.0,2.3]},"properties":{"region":1,"fire_occurred":0,"prediction":0.2994}},{"type":"Feature","geometry":{"type":"Point","coordinates":[-74.0,2.4]},"properties":{"region":1,"fire_occurred":0,"prediction":0.1414}},{"type":"Feature","geometry":{"type":"Point","coordinates":[-73.9,-0.4]},"properties":{"region":1,"fire_occurred":0,"prediction":0.2035}},{"type":"Feature","geometry":{"type":"Point","coordinates":[-73.9,-0.3]},"properties":{"region":1,"fire_occurred":0,"prediction":0.1582}},{"type":"Feature","geometry":{"type":"Point","coordinates":[-73.9,0.3]},"properties":{"region":1,"fire_occurred":0,"prediction":0.1177}},{"type":"Feature","geometry":{"type":"Point","coordinates":[-73.9,0.4]},"properties":{"region":1,"fire_occurred":0,"prediction":0.1071}},{"type":"Feature","geometry":{"type":"Point","coordinates":[-73.9,1.3]},"properties":{"region":1,"fire_occurred":0,"prediction":0.1147}},{"type":"Feature","geometry":{"type":"Point","coordinates":[-73.9,1.4]},"properties":{"region":1,"fire_occurred":0,"prediction":0.3368}},{"type":"Feature","geometry":{"type":"Point","coordinates":[-73.9,1.5]},"properties":{"region":1,"fire_occurred":0,"prediction":0.2539}},{"type":"Feature","geometry":{"type":"Point","coordinates":[-73.9,1.6]},"properties":{"region":1,"fire_occurred":0,"prediction":0.2086}},{"type":"Feature","geometry":{"type":"Point","coordinates":[-73.9,1.7]},"properties":{"region":1,"fire_occurred":0,"prediction":0.1599}},{"type":"Feature","geometry":{"type":"Point","coordinates":[-73.9,1.8]},"properties":{"region":1,"fire_occurred":0,"prediction":0.1232}},{"type":"Feature","geometry":{"type":"Point","coordinates":[-73.9,1.9]},"properties":{"region":1,"fire_occurred":0,"prediction":0.4692}},{"type":"Feature","geometry":{"type":"Point","coordinates":[-73.9,2.0]},"properties":{"region":1,"fire_occurred":0,"prediction":0.2139}},{"type":"Feature","geometry":{"type":"Point","coordinates":[-73.9,2.3]},"properties":{"region":1,"fire_occurred":0,"prediction":0.1018}},{"type":"Feature","geometry":{"type":"Point","coordinates":[-73.8,-0.4]},"properties":{"region":1,"fire_occurred":0,"prediction":0.2258}},{"type":"Feature","geometry":{"type":"Point","coordinates":[-73.8,-0.3]},"properties":{"region":1,"fire_occurred":0,"prediction":0.1545}},{"type":"Feature","geometry":{"type":"Point","coordinates":[-73.8,0.3]},"properties":{"region":1,"fire_occurred":0,"prediction":0.1114}},{"type":"Feature","geometry":{"type":"Point","coordinates":[-73.8,0.4]},"properties":{"region":1,"fire_occurred":0,"prediction":0.1081}},{"type":"Feature","geometry":{"type":"Point","coordinates":[-73.8,1.3]},"properties":{"region":1,"fire_occurred":0,"prediction":0.1142}},{"type":"Feature","geometry":{"type":"Point","coordinates":[-73.8,1.4]},"properties":{"region":1,"fire_occurred":0,"prediction":0.1155}},{"type":"Feature","geometry":{"type":"Point","coordinates":[-73.8,1.9]},"properties":{"region":1,"fire_occurred":0,"prediction":0.5592}},{"type":"Feature","geometry":{"type":"Point","coordinates":[-73.8,2.0]},"properties":{"region":1,"fire_occurred":0,"prediction":0.187}},{"type":"Feature","geometry":{"type":"Point","coordinates":[-73.8,2.3]},"properties":{"region":1,"fire_occurred":0,"prediction":0.2142}},{"type":"Feature","geometry":{"type":"Point","coordinates":[-73.8,2.5]},"properties":{"region":1,"fire_occurred":1,"prediction":0.0339}},{"type":"Feature","geometry":{"type":"Point","coordinates":[-73.8,2.7]},"properties":{"region":1,"fire_occurred":0,"prediction":0.1517}},{"type":"Feature","geometry":{"type":"Point","coordinates":[-73.8,2.8]},"properties":{"region":1,"fire_occurred":1,"prediction":0.0579}},{"type":"Feature","geometry":{"type":"Point","coordinates":[-73.7,0.1]},"properties":{"region":1,"fire_occurred":0,"prediction":0.1171}},{"type":"Feature","geometry":{"type":"Point","coordinates":[-73.7,0.2]},"properties":{"region":1,"fire_occurred":0,"prediction":0.1044}},{"type":"Feature","geometry":{"type":"Point","coordinates":[-73.7,1.7]},"properties":{"region":1,"fire_occurred":0,"prediction":0.1752}},{"type":"Feature","geometry":{"type":"Point","coordinates":[-73.7,1.8]},"properties":{"region":1,"fire_occurred":0,"prediction":0.2345}},{"type":"Feature","geometry":{"type":"Point","coordinates":[-73.7,1.9]},"properties":{"region":1,"fire_occurred":1,"prediction":0.5039}},{"type":"Feature","geometry":{"type":"Point","coordinates":[-73.7,2.0]},"properties":{"region":1,"fire_occurred":0,"prediction":0.2858}},{"type":"Feature","geometry":{"type":"Point","coordinates":[-73.7,2.2]},"properties":{"region":1,"fire_occurred":0,"prediction":0.1767}},{"type":"Feature","geometry":{"type":"Point","coordinates":[-73.7,2.3]},"properties":{"region":1,"fire_occurred":0,"prediction":0.2494}},{"type":"Feature","geometry":{"type":"Point","coordinates":[-73.6,0.1]},"properties":{"region":1,"fire_occurred":0,"prediction":0.1081}},{"type":"Feature","geometry":{"type":"Point","coordinates":[-73.6,1.6]},"properties":{"region":1,"fire_occurred":0,"prediction":0.1348}},{"type":"Feature","geometry":{"type":"Point","coordinates":[-73.6,1.7]},"properties":{"region":1,"fire_occurred":0,"prediction":0.136}},{"type":"Feature","geometry":{"type":"Point","coordinates":[-73.6,1.8]},"properties":{"region":1,"fire_occurred":0,"prediction":0.3547}},{"type":"Feature","geometry":{"type":"Point","coordinates":[-73.6,1.9]},"properties":{"region":1,"fire_occurred":0,"prediction":0.4395}},{"type":"Feature","geometry":{"type":"Point","coordinates":[-73.6,2.0]},"properties":{"region":1,"fire_occurred":1,"prediction":0.4518}},{"type":"Feature","geometry":{"type":"Point","coordinates":[-73.6,2.1]},"properties":{"region":1,"fire_occurred":0,"prediction":0.1521}},{"type":"Feature","geometry":{"type":"Point","coordinates":[-73.6,2.2]},"properties":{"region":1,"fire_occurred":0,"prediction":0.2118}},{"type":"Feature","geometry":{"type":"Point","coordinates":[-73.6,2.3]},"properties":{"region":1,"fire_occurred":0,"prediction":0.2988}},{"type":"Feature","geometry":{"type":"Point","coordinates":[-73.6,2.4]},"properties":{"region":1,"fire_occurred":0,"prediction":0.1109}},{"type":"Feature","geometry":{"type":"Point","coordinates":[-73.6,2.7]},"properties":{"region":1,"fire_occurred":0,"prediction":0.2026}},{"type":"Feature","geometry":{"type":"Point","coordinates":[-73.6,2.8]},"properties":{"region":1,"fire_occurred":0,"prediction":0.2668}},{"type":"Feature","geometry":{"type":"Point","coordinates":[-73.6,7.0]},"properties":{"region":1,"fire_occurred":0,"prediction":0.1538}},{"type":"Feature","geometry":{"type":"Point","coordinates":[-73.6,9.3]},"properties":{"region":1,"fire_occurred":0,"prediction":0.1163}},{"type":"Feature","geometry":{"type":"Point","coordinates":[-73.6,9.6]},"properties":{"region":1,"fire_occurred":0,"prediction":0.1184}},{"type":"Feature","geometry":{"type":"Point","coordinates":[-73.6,10.2]},"properties":{"region":1,"fire_occurred":0,"prediction":0.1199}},{"type":"Feature","geometry":{"type":"Point","coordinates":[-73.5,-0.5]},"properties":{"region":1,"fire_occurred":0,"prediction":0.1157}},{"type":"Feature","geometry":{"type":"Point","coordinates":[-73.5,1.6]},"properties":{"region":1,"fire_occurred":0,"prediction":0.1149}},{"type":"Feature","geometry":{"type":"Point","coordinates":[-73.5,1.7]},"properties":{"region":1,"fire_occurred":0,"prediction":0.1295}},{"type":"Feature","geometry":{"type":"Point","coordinates":[-73.5,1.8]},"properties":{"region":1,"fire_occurred":0,"prediction":0.1378}},{"type":"Feature","geometry":{"type":"Point","coordinates":[-73.5,1.9]},"properties":{"region":1,"fire_occurred":0,"prediction":0.4964}},{"type":"Feature","geometry":{"type":"Point","coordinates":[-73.5,2.0]},"properties":{"region":1,"fire_occurred":0,"prediction":0.3853}},{"type":"Feature","geometry":{"type":"Point","coordinates":[-73.5,2.1]},"properties":{"region":1,"fire_occurred":0,"prediction":0.4499}},{"type":"Feature","geometry":{"type":"Point","coordinates":[-73.5,2.2]},"properties":{"region":1,"fire_occurred":0,"prediction":0.3303}},{"type":"Feature","geometry":{"type":"Point","coordinates":[-73.5,2.3]},"properties":{"region":1,"fire_occurred":0,"prediction":0.1999}},{"type":"Feature","geometry":{"type":"Point","coordinates":[-73.5,9.5]},"properties":{"region":1,"fire_occurred":0,"prediction":0.1725}},{"type":"Feature","geometry":{"type":"Point","coordinates":[-73.5,9.6]},"properties":{"region":1,"fire_occurred":0,"prediction":0.2127}},{"type":"Feature","geometry":{"type":"Point","coordinates":[-73.5,9.8]},"properties":{"region":1,"fire_occurred":0,"prediction":0.1046}},{"type":"Feature","geometry":{"type":"Point","coordinates":[-73.4,-0.5]},"properties":{"region":1,"fire_occurred":0,"prediction":0.1169}},{"type":"Feature","geometry":{"type":"Point","coordinates":[-73.4,1.8]},"properties":{"region":1,"fire_occurred":0,"prediction":0.108}},{"type":"Feature","geometry":{"type":"Point","coordinates":[-73.4,2.1]},"properties":{"region":1,"fire_occurred":0,"prediction":0.3754}},{"type":"Feature","geometry":{"type":"Point","coordinates":[-73.4,2.2]},"properties":{"region":1,"fire_occurred":1,"prediction":0.3991}},{"type":"Feature","geometry":{"type":"Point","coordinates":[-73.4,2.3]},"properties":{"region":1,"fire_occurred":0,"prediction":0.1564}},{"type":"Feature","geometry":{"type":"Point","coordinates":[-73.4,2.4]},"properties":{"region":1,"fire_occurred":0,"prediction":0.1579}},{"type":"Feature","geometry":{"type":"Point","coordinates":[-73.4,9.1]},"properties":{"region":1,"fire_occurred":1,"prediction":0.0063}},{"type":"Feature","geometry":{"type":"Point","coordinates":[-73.4,9.5]},"properties":{"region":1,"fire_occurred":0,"prediction":0.1015}},{"type":"Feature","geometry":{"type":"Point","coordinates":[-73.3,-0.5]},"properties":{"region":1,"fire_occurred":0,"prediction":0.1061}},{"type":"Feature","geometry":{"type":"Point","coordinates":[-73.3,0.1]},"properties":{"region":1,"fire_occurred":0,"prediction":0.1004}},{"type":"Feature","geometry":{"type":"Point","coordinates":[-73.3,2.2]},"properties":{"region":1,"fire_occurred":1,"prediction":0.1712}},{"type":"Feature","geometry":{"type":"Point","coordinates":[-73.3,2.3]},"properties":{"region":1,"fire_occurred":0,"prediction":0.238}},{"type":"Feature","geometry":{"type":"Point","coordinates":[-73.3,2.4]},"properties":{"region":1,"fire_occurred":0,"prediction":0.1015}},{"type":"Feature","geometry":{"type":"Point","coordinates":[-73.3,2.7]},"properties":{"region":1,"fire_occurred":0,"prediction":0.1044}},{"type":"Feature","geometry":{"type":"Point","coordinates":[-73.3,10.1]},"properties":{"region":1,"fire_occurred":0,"prediction":0.1079}},{"type":"Feature","geometry":{"type":"Point","coordinates":[-73.2,0.4]},"properties":{"region":1,"fire_occurred":0,"prediction":0.1037}},{"type":"Feature","geometry":{"type":"Point","coordinates":[-73.2,2.0]},"properties":{"region":1,"fire_occurred":0,"prediction":0.2151}},{"type":"Feature","geometry":{"type":"Point","coordinates":[-73.2,2.1]},"properties":{"region":1,"fire_occurred":0,"prediction":0.4541}},{"type":"Feature","geometry":{"type":"Point","coordinates":[-73.2,2.3]},"properties":{"region":1,"fire_occurred":0,"prediction":0.1032}},{"type":"Feature","geometry":{"type":"Point","coordinates":[-73.2,2.7]},"properties":{"region":1,"fire_occurred":0,"prediction":0.1659}},{"type":"Feature","geometry":{"type":"Point","coordinates":[-73.2,3.2]},"properties":{"region":1,"fire_occurred":0,"prediction":0.1336}},{"type":"Feature","geometry":{"type":"Point","coordinates":[-73.2,3.3]},"properties":{"region":1,"fire_occurred":0,"prediction":0.1172}},{"type":"Feature","geometry":{"type":"Point","coordinates":[-73.2,3.4]},"properties":{"region":1,"fire_occurred":0,"prediction":0.1125}},{"type":"Feature","geometry":{"type":"Point","coordinates":[-73.1,2.0]},"properties":{"region":1,"fire_occurred":0,"prediction":0.3475}},{"type":"Feature","geometry":{"type":"Point","coordinates":[-73.1,2.1]},"properties":{"region":1,"fire_occurred":0,"prediction":0.4941}},{"type":"Feature","geometry":{"type":"Point","coordinates":[-73.1,2.2]},"properties":{"region":1,"fire_occurred":0,"prediction":0.1409}},{"type":"Feature","geometry":{"type":"Point","coordinates":[-73.1,2.3]},"properties":{"region":1,"fire_occurred":0,"prediction":0.1244}},{"type":"Feature","geometry":{"type":"Point","coordinates":[-73.1,2.4]},"properties":{"region":1,"fire_occurred":0,"prediction":0.1508}},{"type":"Feature","geometry":{"type":"Point","coordinates":[-73.1,2.5]},"properties":{"region":1,"fire_occurred":1,"prediction":0.1642}},{"type":"Feature","geometry":{"type":"Point","coordinates":[-73.1,2.6]},"properties":{"region":1,"fire_occurred":0,"prediction":0.1904}},{"type":"Feature","geometry":{"type":"Point","coordinates":[-73.1,2.7]},"properties":{"region":1,"fire_occurred":1,"prediction":0.0817}},{"type":"Feature","geometry":{"type":"Point","coordinates":[-73.0,2.1]},"properties":{"region":1,"fire_occurred":1,"prediction":0.3701}},{"type":"Feature","geometry":{"type":"Point","coordinates":[-73.0,2.2]},"properties":{"region":1,"fire_occurred":0,"prediction":0.289}},{"type":"Feature","geometry":{"type":"Point","coordinates":[-73.0,2.3]},"properties":{"region":1,"fire_occurred":0,"prediction":0.1138}},{"type":"Feature","geometry":{"type":"Point","coordinates":[-73.0,2.4]},"properties":{"region":1,"fire_occurred":0,"prediction":0.142}},{"type":"Feature","geometry":{"type":"Point","coordinates":[-73.0,2.5]},"properties":{"region":1,"fire_occurred":0,"prediction":0.1466}},{"type":"Feature","geometry":{"type":"Point","coordinates":[-73.0,2.6]},"properties":{"region":1,"fire_occurred":0,"prediction":0.1883}},{"type":"Feature","geometry":{"type":"Point","coordinates":[-73.0,3.2]},"properties":{"region":1,"fire_occurred":0,"prediction":0.1048}},{"type":"Feature","geometry":{"type":"Point","coordinates":[-73.0,3.4]},"properties":{"region":1,"fire_occurred":0,"prediction":0.1103}},{"type":"Feature","geometry":{"type":"Point","coordinates":[-73.0,8.8]},"properties":{"region":1,"fire_occurred":1,"prediction":0.0315}},{"type":"Feature","geometry":{"type":"Point","coordinates":[-72.9,0.5]},"properties":{"region":1,"fire_occurred":0,"prediction":0.1253}},{"type":"Feature","geometry":{"type":"Point","coordinates":[-72.9,0.6]},"properties":{"region":1,"fire_occurred":0,"prediction":0.1078}},{"type":"Feature","geometry":{"type":"Point","coordinates":[-72.9,1.0]},"properties":{"region":1,"fire_occurred":0,"prediction":0.106}},{"type":"Feature","geometry":{"type":"Point","coordinates":[-72.9,1.9]},"properties":{"region":1,"fire_occurred":0,"prediction":0.1512}},{"type":"Feature","geometry":{"type":"Point","coordinates":[-72.9,2.0]},"properties":{"region":1,"fire_occurred":0,"prediction":0.4115}},{"type":"Feature","geometry":{"type":"Point","coordinates":[-72.9,2.2]},"properties":{"region":1,"fire_occurred":0,"prediction":0.1214}},{"type":"Feature","geometry":{"type":"Point","coordinates":[-72.9,2.6]},"properties":{"region":1,"fire_occurred":1,"prediction":0.0583}},{"type":"Feature","geometry":{"type":"Point","coordinates":[-72.9,3.1]},"properties":{"region":1,"fire_occurred":0,"prediction":0.1324}},{"type":"Feature","geometry":{"type":"Point","coordinates":[-72.9,3.5]},"properties":{"region":1,"fire_occurred":0,"prediction":0.1541}},{"type":"Feature","geometry":{"type":"Point","coordinates":[-72.9,3.7]},"properties":{"region":1,"fire_occurred":1,"prediction":0.0728}},{"type":"Feature","geometry":{"type":"Point","coordinates":[-72.9,10.6]},"properties":{"region":1,"fire_occurred":1,"prediction":0.0442}},{"type":"Feature","geometry":{"type":"Point","coordinates":[-72.8,0.5]},"properties":{"region":1,"fire_occurred":0,"prediction":0.1788}},{"type":"Feature","geometry":{"type":"Point","coordinates":[-72.8,0.6]},"properties":{"region":1,"fire_occurred":0,"prediction":0.1086}},{"type":"Feature","geometry":{"type":"Point","coordinates":[-72.8,0.7]},"properties":{"region":1,"fire_occurred":0,"prediction":0.1186}},{"type":"Feature","geometry":{"type":"Point","coordinates":[-72.8,0.8]},"properties":{"region":1,"fire_occurred":0,"prediction":0.1004}},{"type":"Feature","geometry":{"type":"Point","coordinates":[-72.8,1.2]},"properties":{"region":1,"fire_occurred":0,"prediction":0.1123}},{"type":"Feature","geometry":{"type":"Point","coordinates":[-72.8,1.9]},"properties":{"region":1,"fire_occurred":0,"prediction":0.4509}},{"type":"Feature","geometry":{"type":"Point","coordinates":[-72.8,2.0]},"properties":{"region":1,"fire_occurred":0,"prediction":0.4964}},{"type":"Feature","geometry":{"type":"Point","coordinates":[-72.8,2.8]},"properties":{"region":1,"fire_occurred":1,"prediction":0.0715}},{"type":"Feature","geometry":{"type":"Point","coordinates":[-72.8,2.9]},"properties":{"region":1,"fire_occurred":0,"prediction":0.2335}},{"type":"Feature","geometry":{"type":"Point","coordinates":[-72.8,3.0]},"properties":{"region":1,"fire_occurred":1,"prediction":0.0477}},{"type":"Feature","geometry":{"type":"Point","coordinates":[-72.8,3.5]},"properties":{"region":1,"fire_occurred":1,"prediction":0.1402}},{"type":"Feature","geometry":{"type":"Point","coordinates":[-72.8,4.1]},"properties":{"region":1,"fire_occurred":1,"prediction":0.0116}},{"type":"Feature","geometry":{"type":"Point","coordinates":[-72.8,4.4]},"properties":{"region":1,"fire_occurred":1,"prediction":0.0089}},{"type":"Feature","geometry":{"type":"Point","coordinates":[-72.8,9.7]},"properties":{"region":1,"fire_occurred":0,"prediction":0.1274}},{"type":"Feature","geometry":{"type":"Point","coordinates":[-72.8,9.8]},"properties":{"region":1,"fire_occurred":0,"prediction":0.1193}},{"type":"Feature","geometry":{"type":"Point","coordinates":[-72.8,9.9]},"properties":{"region":1,"fire_occurred":0,"prediction":0.1623}},{"type":"Feature","geometry":{"type":"Point","coordinates":[-72.8,10.0]},"properties":{"region":1,"fire_occurred":0,"prediction":0.1398}},{"type":"Feature","geometry":{"type":"Point","coordinates":[-72.7,0.6]},"properties":{"region":1,"fire_occurred":0,"prediction":0.2019}},{"type":"Feature","geometry":{"type":"Point","coordinates":[-72.7,0.7]},"properties":{"region":1,"fire_occurred":0,"prediction":0.1355}},{"type":"Feature","geometry":{"type":"Point","coordinates":[-72.7,0.8]},"properties":{"region":1,"fire_occurred":0,"prediction":0.3112}},{"type":"Feature","geometry":{"type":"Point","coordinates":[-72.7,0.9]},"properties":{"region":1,"fire_occurred":0,"prediction":0.3981}},{"type":"Feature","geometry":{"type":"Point","coordinates":[-72.7,1.7]},"properties":{"region":1,"fire_occurred":0,"prediction":0.1899}},{"type":"Feature","geometry":{"type":"Point","coordinates":[-72.7,1.8]},"properties":{"region":1,"fire_occurred":0,"prediction":0.2104}},{"type":"Feature","geometry":{"type":"Point","coordinates":[-72.7,1.9]},"properties":{"region":1,"fire_occurred":0,"prediction":0.1488}},{"type":"Feature","geometry":{"type":"Point","coordinates":[-72.7,2.0]},"properties":{"region":1,"fire_occurred":0,"prediction":0.1381}},{"type":"Feature","geometry":{"type":"Point","coordinates":[-72.7,3.0]},"properties":{"region":1,"fire_occurred":0,"prediction":0.1573}},{"type":"Feature","geometry":{"type":"Point","coordinates":[-72.7,9.8]},"properties":{"region":1,"fire_occurred":0,"prediction":0.15}},{"type":"Feature","geometry":{"type":"Point","coordinates":[-72.7,9.9]},"properties":{"region":1,"fire_occurred":1,"prediction":0.3089}},{"type":"Feature","geometry":{"type":"Point","coordinates":[-72.7,10.0]},"properties":{"region":1,"fire_occurred":1,"prediction":0.2654}},{"type":"Feature","geometry":{"type":"Point","coordinates":[-72.7,10.1]},"properties":{"region":1,"fire_occurred":0,"prediction":0.1016}},{"type":"Feature","geometry":{"type":"Point","coordinates":[-72.7,10.2]},"properties":{"region":1,"fire_occurred":0,"prediction":0.1179}},{"type":"Feature","geometry":{"type":"Point","coordinates":[-72.6,0.5]},"properties":{"region":1,"fire_occurred":0,"prediction":0.1465}},{"type":"Feature","geometry":{"type":"Point","coordinates":[-72.6,0.6]},"properties":{"region":1,"fire_occurred":0,"prediction":0.1035}},{"type":"Feature","geometry":{"type":"Point","coordinates":[-72.6,1.7]},"properties":{"region":1,"fire_occurred":0,"prediction":0.3062}},{"type":"Feature","geometry":{"type":"Point","coordinates":[-72.6,1.8]},"properties":{"region":1,"fire_occurred":1,"prediction":0.3234}},{"type":"Feature","geometry":{"type":"Point","coordinates":[-72.6,1.9]},"properties":{"region":1,"fire_occurred":1,"prediction":0.3099}},{"type":"Feature","geometry":{"type":"Point","coordinates":[-72.6,2.0]},"properties":{"region":1,"fire_occurred":0,"prediction":0.1414}},{"type":"Feature","geometry":{"type":"Point","coordinates":[-72.6,2.1]},"properties":{"region":1,"fire_occurred":1,"prediction":0.0399}},{"type":"Feature","geometry":{"type":"Point","coordinates":[-72.6,2.9]},"properties":{"region":1,"fire_occurred":0,"prediction":0.1201}},{"type":"Feature","geometry":{"type":"Point","coordinates":[-72.6,9.9]},"properties":{"region":1,"fire_occurred":1,"prediction":0.0546}},{"type":"Feature","geometry":{"type":"Point","coordinates":[-72.6,10.0]},"properties":{"region":1,"fire_occurred":1,"prediction":0.1444}},{"type":"Feature","geometry":{"type":"Point","coordinates":[-72.6,10.1]},"properties":{"region":1,"fire_occurred":1,"prediction":0.2093}},{"type":"Feature","geometry":{"type":"Point","coordinates":[-72.6,10.2]},"properties":{"region":1,"fire_occurred":0,"prediction":0.2447}},{"type":"Feature","geometry":{"type":"Point","coordinates":[-72.6,11.1]},"properties":{"region":1,"fire_occurred":0,"prediction":0.2594}},{"type":"Feature","geometry":{"type":"Point","coordinates":[-72.5,1.7]},"properties":{"region":1,"fire_occurred":0,"prediction":0.2006}},{"type":"Feature","geometry":{"type":"Point","coordinates":[-72.5,1.8]},"properties":{"region":1,"fire_occurred":0,"prediction":0.3777}},{"type":"Feature","geometry":{"type":"Point","coordinates":[-72.5,1.9]},"properties":{"region":1,"fire_occurred":0,"prediction":0.6526}},{"type":"Feature","geometry":{"type":"Point","coordinates":[-72.5,2.0]},"properties":{"region":1,"fire_occurred":1,"prediction":0.6784}},{"type":"Feature","geometry":{"type":"Point","coordinates":[-72.5,2.1]},"properties":{"region":1,"fire_occurred":0,"prediction":0.2742}},{"type":"Feature","geometry":{"type":"Point","coordinates":[-72.5,2.4]},"properties":{"region":1,"fire_occurred":0,"prediction":0.1301}},{"type":"Feature","geometry":{"type":"Point","coordinates":[-72.5,2.8]},"properties":{"region":1,"fire_occurred":0,"prediction":0.1709}},{"type":"Feature","geometry":{"type":"Point","coordinates":[-72.5,2.9]},"properties":{"region":1,"fire_occurred":0,"prediction":0.186}},{"type":"Feature","geometry":{"type":"Point","coordinates":[-72.5,3.0]},"properties":{"region":1,"fire_occurred":0,"prediction":0.1254}},{"type":"Feature","geometry":{"type":"Point","coordinates":[-72.5,3.3]},"properties":{"region":1,"fire_occurred":0,"prediction":0.145}},{"type":"Feature","geometry":{"type":"Point","coordinates":[-72.5,3.4]},"properties":{"region":1,"fire_occurred":1,"prediction":0.1753}},{"type":"Feature","geometry":{"type":"Point","coordinates":[-72.5,3.7]},"properties":{"region":1,"fire_occurred":0,"prediction":0.1209}},{"type":"Feature","geometry":{"type":"Point","coordinates":[-72.5,4.0]},"properties":{"region":1,"fire_occurred":0,"prediction":0.1147}},{"type":"Feature","geometry":{"type":"Point","coordinates":[-72.5,10.1]},"properties":{"region":1,"fire_occurred":0,"prediction":0.2805}},{"type":"Feature","geometry":{"type":"Point","coordinates":[-72.5,10.2]},"properties":{"region":1,"fire_occurred":0,"prediction":0.2819}},{"type":"Feature","geometry":{"type":"Point","coordinates":[-72.4,1.4]},"properties":{"region":1,"fire_occurred":0,"prediction":0.2162}},{"type":"Feature","geometry":{"type":"Point","coordinates":[-72.4,1.7]},"properties":{"region":1,"fire_occurred":1,"prediction":0.4191}},{"type":"Feature","geometry":{"type":"Point","coordinates":[-72.4,1.8]},"properties":{"region":1,"fire_occurred":0,"prediction":0.5547}},{"type":"Feature","geometry":{"type":"Point","coordinates":[-72.4,1.9]},"properties":{"region":1,"fire_occurred":0,"prediction":0.4437}},{"type":"Feature","geometry":{"type":"Point","coordinates":[-72.4,2.0]},"properties":{"region":1,"fire_occurred":1,"prediction":0.6424}},{"type":"Feature","geometry":{"type":"Point","coordinates":[-72.4,2.1]},"properties":{"region":1,"fire_occurred":1,"prediction":0.4215}},{"type":"Feature","geometry":{"type":"Point","coordinates":[-72.4,2.2]},"properties":{"region":1,"fire_occurred":0,"prediction":0.6198}},{"type":"Feature","geometry":{"type":"Point","coordinates":[-72.4,2.4]},"properties":{"region":1,"fire_occurred":0,"prediction":0.1164}},{"type":"Feature","geometry":{"type":"Point","coordinates":[-72.4,2.8]},"properties":{"region":1,"fire_occurred":0,"prediction":0.1195}},{"type":"Feature","geometry":{"type":"Point","coordinates":[-72.4,2.9]},"properties":{"region":1,"fire_occurred":0,"prediction":0.2019}},{"type":"Feature","geometry":{"type":"Point","coordinates":[-72.4,3.0]},"properties":{"region":1,"fire_occurred":1,"prediction":0.0728}},{"type":"Feature","geometry":{"type":"Point","coordinates":[-72.4,3.1]},"properties":{"region":1,"fire_occurred":0,"prediction":0.1017}},{"type":"Feature","geometry":{"type":"Point","coordinates":[-72.4,3.2]},"properties":{"region":1,"fire_occurred":0,"prediction":0.1005}},{"type":"Feature","geometry":{"type":"Point","coordinates":[-72.4,3.5]},"properties":{"region":1,"fire_occurred":0,"prediction":0.2366}},{"type":"Feature","geometry":{"type":"Point","coordinates":[-72.4,3.7]},"properties":{"region":1,"fire_occurred":0,"prediction":0.1342}},{"type":"Feature","geometry":{"type":"Point","coordinates":[-72.4,4.2]},"properties":{"region":1,"fire_occurred":1,"prediction":0.1063}},{"type":"Feature","geometry":{"type":"Point","coordinates":[-72.4,4.3]},"properties":{"region":1,"fire_occurred":1,"prediction":0.0592}},{"type":"Feature","geometry":{"type":"Point","coordinates":[-72.4,10.2]},"properties":{"region":1,"fire_occurred":0,"prediction":0.2086}},{"type":"Feature","geometry":{"type":"Point","coordinates":[-72.4,10.3]},"properties":{"region":1,"fire_occurred":1,"prediction":0.1953}},{"type":"Feature","geometry":{"type":"Point","coordinates":[-72.4,10.5]},"properties":{"region":1,"fire_occurred":0,"prediction":0.1363}},{"type":"Feature","geometry":{"type":"Point","coordinates":[-72.3,1.6]},"properties":{"region":1,"fire_occurred":0,"prediction":0.1808}},{"type":"Feature","geometry":{"type":"Point","coordinates":[-72.3,1.7]},"properties":{"region":1,"fire_occurred":0,"prediction":0.3821}},{"type":"Feature","geometry":{"type":"Point","coordinates":[-72.3,1.8]},"properties":{"region":1,"fire_occurred":0,"prediction":0.4058}},{"type":"Feature","geometry":{"type":"Point","coordinates":[-72.3,2.0]},"properties":{"region":1,"fire_occurred":0,"prediction":0.2252}},{"type":"Feature","geometry":{"type":"Point","coordinates":[-72.3,2.3]},"properties":{"region":1,"fire_occurred":0,"prediction":0.4136}},{"type":"Feature","geometry":{"type":"Point","coordinates":[-72.3,2.4]},"properties":{"region":1,"fire_occurred":1,"prediction":0.2432}},{"type":"Feature","geometry":{"type":"Point","coordinates":[-72.3,2.7]},"properties":{"region":1,"fire_occurred":0,"prediction":0.2034}},{"type":"Feature","geometry":{"type":"Point","coordinates":[-72.3,3.0]},"properties":{"region":1,"fire_occurred":1,"prediction":0.0974}},{"type":"Feature","geometry":{"type":"Point","coordinates":[-72.3,3.1]},"properties":{"region":1,"fire_occurred":1,"prediction":0.1472}},{"type":"Feature","geometry":{"type":"Point","coordinates":[-72.3,3.2]},"properties":{"region":1,"fire_occurred":0,"prediction":0.1021}},{"type":"Feature","geometry":{"type":"Point","coordinates":[-72.3,3.4]},"properties":{"region":1,"fire_occurred":0,"prediction":0.125}},{"type":"Feature","geometry":{"type":"Point","coordinates":[-72.3,3.5]},"properties":{"region":1,"fire_occurred":0,"prediction":0.1142}},{"type":"Feature","geometry":{"type":"Point","coordinates":[-72.3,3.6]},"properties":{"region":1,"fire_occurred":1,"prediction":0.1433}},{"type":"Feature","geometry":{"type":"Point","coordinates":[-72.3,4.3]},"properties":{"region":1,"fire_occurred":1,"prediction":0.0459}},{"type":"Feature","geometry":{"type":"Point","coordinates":[-72.3,10.2]},"properties":{"region":1,"fire_occurred":0,"prediction":0.1171}},{"type":"Feature","geometry":{"type":"Point","coordinates":[-72.3,10.3]},"properties":{"region":1,"fire_occurred":0,"prediction":0.1202}},{"type":"Feature","geometry":{"type":"Point","coordinates":[-72.3,11.0]},"properties":{"region":1,"fire_occurred":0,"prediction":0.1235}},{"type":"Feature","geometry":{"type":"Point","coordinates":[-72.2,1.6]},"properties":{"region":1,"fire_occurred":0,"prediction":0.1353}},{"type":"Feature","geometry":{"type":"Point","coordinates":[-72.2,2.0]},"properties":{"region":1,"fire_occurred":0,"prediction":0.2334}},{"type":"Feature","geometry":{"type":"Point","coordinates":[-72.2,2.1]},"properties":{"region":1,"fire_occurred":0,"prediction":0.107}},{"type":"Feature","geometry":{"type":"Point","coordinates":[-72.2,2.2]},"properties":{"region":1,"fire_occurred":0,"prediction":0.2427}},{"type":"Feature","geometry":{"type":"Point","coordinates":[-72.2,2.4]},"properties":{"region":1,"fire_occurred":0,"prediction":0.5976}},{"type":"Feature","geometry":{"type":"Point","coordinates":[-72.2,2.7]},"properties":{"region":1,"fire_occurred":0,"prediction":0.2116}},{"type":"Feature","geometry":{"type":"Point","coordinates":[-72.2,3.1]},"properties":{"region":1,"fire_occurred":1,"prediction":0.0882}},{"type":"Feature","geometry":{"type":"Point","coordinates":[-72.2,3.4]},"properties":{"region":1,"fire_occurred":0,"prediction":0.1102}},{"type":"Feature","geometry":{"type":"Point","coordinates":[-72.2,3.5]},"properties":{"region":1,"fire_occurred":0,"prediction":0.1262}},{"type":"Feature","geometry":{"type":"Point","coordinates":[-72.2,3.6]},"properties":{"region":1,"fire_occurred":0,"prediction":0.1059}},{"type":"Feature","geometry":{"type":"Point","coordinates":[-72.2,3.8]},"properties":{"region":1,"fire_occurred":0,"prediction":0.1697}},{"type":"Feature","geometry":{"type":"Point","coordinates":[-72.2,4.9]},"properties":{"region":1,"fire_occurred":1,"prediction":0.0571}},{"type":"Feature","geometry":{"type":"Point","coordinates":[-72.2,9.9]},"properties":{"region":1,"fire_occurred":0,"prediction":0.2937}},{"type":"Feature","geometry":{"type":"Point","coordinates":[-72.1,1.2]},"properties":{"region":1,"fire_occurred":0,"prediction":0.1605}},{"type":"Feature","geometry":{"type":"Point","coordinates":[-72.1,1.3]},"properties":{"region":1,"fire_occurred":0,"prediction":0.1669}},{"type":"Feature","geometry":{"type":"Point","coordinates":[-72.1,2.2]},"properties":{"region":1,"fire_occurred":0,"prediction":0.1093}},{"type":"Feature","geometry":{"type":"Point","coordinates":[-72.1,2.5]},"properties":{"region":1,"fire_occurred":0,"prediction":0.1276}},{"type":"Feature","geometry":{"type":"Point","coordinates":[-72.1,3.4]},"properties":{"region":1,"fire_occurred":0,"prediction":0.2059}},{"type":"Feature","geometry":{"type":"Point","coordinates":[-72.1,3.5]},"properties":{"region":1,"fire_occurred":1,"prediction":0.3495}},{"type":"Feature","geometry":{"type":"Point","coordinates":[-72.1,3.6]},"properties":{"region":1,"fire_occurred":0,"prediction":0.2756}},{"type":"Feature","geometry":{"type":"Point","coordinates":[-72.1,3.7]},"properties":{"region":1,"fire_occurred":0,"prediction":0.1272}},{"type":"Feature","geometry":{"type":"Point","coordinates":[-72.1,4.4]},"properties":{"region":1,"fire_occurred":1,"prediction":0.0507}},{"type":"Feature","geometry":{"type":"Point","coordinates":[-72.1,5.0]},"properties":{"region":1,"fire_occurred":0,"prediction":0.1116}},{"type":"Feature","geometry":{"type":"Point","coordinates":[-72.1,5.4]},"properties":{"region":1,"fire_occurred":0,"prediction":0.1859}},{"type":"Feature","geometry":{"type":"Point","coordinates":[-72.1,9.9]},"properties":{"region":1,"fire_occurred":0,"prediction":0.1606}},{"type":"Feature","geometry":{"type":"Point","coordinates":[-72.1,10.0]},"properties":{"region":1,"fire_occurred":1,"prediction":0.0542}},{"type":"Feature","geometry":{"type":"Point","coordinates":[-72.0,1.1]},"properties":{"region":1,"fire_occurred":0,"prediction":0.2235}},{"type":"Feature","geometry":{"type":"Point","coordinates":[-72.0,1.2]},"properties":{"region":1,"fire_occurred":0,"prediction":0.1548}},{"type":"Feature","geometry":{"type":"Point","coordinates":[-72.0,2.3]},"properties":{"region":1,"fire_occurred":0,"prediction":0.2182}},{"type":"Feature","geometry":{"type":"Point","coordinates":[-72.0,2.5]},"properties":{"region":1,"fire_occurred":0,"prediction":0.4106}},{"type":"Feature","geometry":{"type":"Point","coordinates":[-72.0,2.7]},"properties":{"region":1,"fire_occurred":0,"prediction":0.1725}},{"type":"Feature","geometry":{"type":"Point","coordinates":[-72.0,3.4]},"properties":{"region":1,"fire_occurred":0,"prediction":0.1421}},{"type":"Feature","geometry":{"type":"Point","coordinates":[-72.0,3.5]},"properties":{"region":1,"fire_occurred":0,"prediction":0.3445}},{"type":"Feature","geometry":{"type":"Point","coordinates":[-72.0,3.6]},"properties":{"region":1,"fire_occurred":0,"prediction":0.1928}},{"type":"Feature","geometry":{"type":"Point","coordinates":[-72.0,3.7]},"properties":{"region":1,"fire_occurred":0,"prediction":0.129}},{"type":"Feature","geometry":{"type":"Point","coordinates":[-72.0,3.9]},"properties":{"region":1,"fire_occurred":0,"prediction":0.2176}},{"type":"Feature","geometry":{"type":"Point","coordinates":[-72.0,4.4]},"properties":{"region":1,"fire_occurred":1,"prediction":0.0427}},{"type":"Feature","geometry":{"type":"Point","coordinates":[-72.0,4.5]},"properties":{"region":1,"fire_occurred":1,"prediction":0.0489}},{"type":"Feature","geometry":{"type":"Point","coordinates":[-72.0,5.1]},"properties":{"region":1,"fire_occurred":1,"prediction":0.0618}},{"type":"Feature","geometry":{"type":"Point","coordinates":[-72.0,10.1]},"properties":{"region":1,"fire_occurred":0,"prediction":0.2322}},{"type":"Feature","geometry":{"type":"Point","coordinates":[-71.9,1.1]},"properties":{"region":1,"fire_occurred":0,"prediction":0.249}},{"type":"Feature","geometry":{"type":"Point","coordinates":[-71.9,2.7]},"properties":{"region":1,"fire_occurred":0,"prediction":0.5524}},{"type":"Feature","geometry":{"type":"Point","coordinates":[-71.9,3.1]},"properties":{"region":1,"fire_occurred":0,"prediction":0.1087}},{"type":"Feature","geometry":{"type":"Point","coordinates":[-71.9,3.5]},"properties":{"region":1,"fire_occurred":1,"prediction":0.17}},{"type":"Feature","geometry":{"type":"Point","coordinates":[-71.9,3.6]},"properties":{"region":1,"fire_occurred":0,"prediction":0.1557}},{"type":"Feature","geometry":{"type":"Point","coordinates":[-71.9,3.7]},"properties":{"region":1,"fire_occurred":0,"prediction":0.3028}},{"type":"Feature","geometry":{"type":"Point","coordinates":[-71.9,3.8]},"properties":{"region":1,"fire_occurred":0,"prediction":0.1672}},{"type":"Feature","geometry":{"type":"Point","coordinates":[-71.9,4.0]},"properties":{"region":1,"fire_occurred":0,"prediction":0.1273}},{"type":"Feature","geometry":{"type":"Point","coordinates":[-71.9,4.2]},"properties":{"region":1,"fire_occurred":0,"prediction":0.1165}},{"type":"Feature","geometry":{"type":"Point","coordinates":[-71.9,5.6]},"properties":{"region":1,"fire_occurred":1,"prediction":0.0352}},{"type":"Feature","geometry":{"type":"Point","coordinates":[-71.9,10.6]},"properties":{"region":1,"fire_occurred":1,"prediction":0.0079}},{"type":"Feature","geometry":{"type":"Point","coordinates":[-71.9,19.2]},"properties":{"region":1,"fire_occurred":1,"prediction":0.0222}},{"type":"Feature","geometry":{"type":"Point","coordinates":[-71.8,2.7]},"properties":{"region":1,"fire_occurred":0,"prediction":0.6022}},{"type":"Feature","geometry":{"type":"Point","coordinates":[-71.8,2.8]},"properties":{"region":1,"fire_occurred":0,"prediction":0.1506}},{"type":"Feature","geometry":{"type":"Point","coordinates":[-71.8,2.9]},"properties":{"region":1,"fire_occurred":0,"prediction":0.1543}},{"type":"Feature","geometry":{"type":"Point","coordinates":[-71.8,3.3]},"properties":{"region":1,"fire_occurred":1,"prediction":0.1143}},{"type":"Feature","geometry":{"type":"Point","coordinates":[-71.8,3.5]},"properties":{"region":1,"fire_occurred":0,"prediction":0.1203}},{"type":"Feature","geometry":{"type":"Point","coordinates":[-71.8,3.6]},"properties":{"region":1,"fire_occurred":0,"prediction":0.112}},{"type":"Feature","geometry":{"type":"Point","coordinates":[-71.8,3.7]},"properties":{"region":1,"fire_occurred":0,"prediction":0.2931}},{"type":"Feature","geometry":{"type":"Point","coordinates":[-71.8,4.1]},"properties":{"region":1,"fire_occurred":0,"prediction":0.1155}},{"type":"Feature","geometry":{"type":"Point","coordinates":[-71.8,4.2]},"properties":{"region":1,"fire_occurred":0,"prediction":0.1137}},{"type":"Feature","geometry":{"type":"Point","coordinates":[-71.8,4.6]},"properties":{"region":1,"fire_occurred":0,"prediction":0.1161}},{"type":"Feature","geometry":{"type":"Point","coordinates":[-71.8,10.4]},"properties":{"region":1,"fire_occurred":0,"prediction":0.1264}},{"type":"Feature","geometry":{"type":"Point","coordinates":[-71.8,10.6]},"properties":{"region":1,"fire_occurred":1,"prediction":0.0464}},{"type":"Feature","geometry":{"type":"Point","coordinates":[-71.7,1.2]},"properties":{"region":1,"fire_occurred":1,"prediction":0.0177}},{"type":"Feature","geometry":{"type":"Point","coordinates":[-71.7,2.5]},"properties":{"region":1,"fire_occurred":0,"prediction":0.1062}},{"type":"Feature","geometry":{"type":"Point","coordinates":[-71.7,2.7]},"properties":{"region":1,"fire_occurred":0,"prediction":0.2067}},{"type":"Feature","geometry":{"type":"Point","coordinates":[-71.7,2.9]},"properties":{"region":1,"fire_occurred":0,"prediction":0.1407}},{"type":"Feature","geometry":{"type":"Point","coordinates":[-71.7,3.1]},"properties":{"region":1,"fire_occurred":0,"prediction":0.1555}},{"type":"Feature","geometry":{"type":"Point","coordinates":[-71.7,3.2]},"properties":{"region":1,"fire_occurred":1,"prediction":0.3083}},{"type":"Feature","geometry":{"type":"Point","coordinates":[-71.7,3.3]},"properties":{"region":1,"fire_occurred":1,"prediction":0.2672}},{"type":"Feature","geometry":{"type":"Point","coordinates":[-71.7,3.4]},"properties":{"region":1,"fire_occurred":0,"prediction":0.2197}},{"type":"Feature","geometry":{"type":"Point","coordinates":[-71.7,3.5]},"properties":{"region":1,"fire_occurred":0,"prediction":0.1952}},{"type":"Feature","geometry":{"type":"Point","coordinates":[-71.7,3.7]},"properties":{"region":1,"fire_occurred":1,"prediction":0.1856}},{"type":"Feature","geometry":{"type":"Point","coordinates":[-71.7,3.8]},"properties":{"region":1,"fire_occurred":0,"prediction":0.1753}},{"type":"Feature","geometry":{"type":"Point","coordinates":[-71.7,3.9]},"properties":{"region":1,"fire_occurred":0,"prediction":0.1363}},{"type":"Feature","geometry":{"type":"Point","coordinates":[-71.7,4.1]},"properties":{"region":1,"fire_occurred":0,"prediction":0.1764}},{"type":"Feature","geometry":{"type":"Point","coordinates":[-71.7,4.9]},"properties":{"region":1,"fire_occurred":1,"prediction":0.0256}},{"type":"Feature","geometry":{"type":"Point","coordinates":[-71.6,2.3]},"properties":{"region":1,"fire_occurred":0,"prediction":0.1368}},{"type":"Feature","geometry":{"type":"Point","coordinates":[-71.6,2.4]},"properties":{"region":1,"fire_occurred":0,"prediction":0.1212}},{"type":"Feature","geometry":{"type":"Point","coordinates":[-71.6,2.5]},"properties":{"region":1,"fire_occurred":0,"prediction":0.1199}},{"type":"Feature","geometry":{"type":"Point","coordinates":[-71.6,2.7]},"properties":{"region":1,"fire_occurred":0,"prediction":0.1793}},{"type":"Feature","geometry":{"type":"Point","coordinates":[-71.6,2.8]},"properties":{"region":1,"fire_occurred":0,"prediction":0.2928}},{"type":"Feature","geometry":{"type":"Point","coordinates":[-71.6,3.0]},"properties":{"region":1,"fire_occurred":0,"prediction":0.1771}},{"type":"Feature","geometry":{"type":"Point","coordinates":[-71.6,3.1]},"properties":{"region":1,"fire_occurred":1,"prediction":0.1658}},{"type":"Feature","geometry":{"type":"Point","coordinates":[-71.6,3.2]},"properties":{"region":1,"fire_occurred":0,"prediction":0.2654}},{"type":"Feature","geometry":{"type":"Point","coordinates":[-71.6,3.3]},"properties":{"region":1,"fire_occurred":1,"prediction":0.1248}},{"type":"Feature","geometry":{"type":"Point","coordinates":[-71.6,3.4]},"properties":{"region":1,"fire_occurred":0,"prediction":0.2066}},{"type":"Feature","geometry":{"type":"Point","coordinates":[-71.6,3.7]},"properties":{"region":1,"fire_occurred":0,"prediction":0.1614}},{"type":"Feature","geometry":{"type":"Point","coordinates":[-71.6,3.8]},"properties":{"region":1,"fire_occurred":1,"prediction":0.074}},{"type":"Feature","geometry":{"type":"Point","coordinates":[-71.6,3.9]},"properties":{"region":1,"fire_occurred":1,"prediction":0.1566}},{"type":"Feature","geometry":{"type":"Point","coordinates":[-71.6,4.0]},"properties":{"region":1,"fire_occurred":0,"prediction":0.1141}},{"type":"Feature","geometry":{"type":"Point","coordinates":[-71.6,4.2]},"properties":{"region":1,"fire_occurred":0,"prediction":0.1571}},{"type":"Feature","geometry":{"type":"Point","coordinates":[-71.5,1.2]},"properties":{"region":1,"fire_occurred":0,"prediction":0.1413}},{"type":"Feature","geometry":{"type":"Point","coordinates":[-71.5,2.3]},"properties":{"region":1,"fire_occurred":0,"prediction":0.107}},{"type":"Feature","geometry":{"type":"Point","coordinates":[-71.5,2.5]},"properties":{"region":1,"fire_occurred":0,"prediction":0.1076}},{"type":"Feature","geometry":{"type":"Point","coordinates":[-71.5,2.8]},"properties":{"region":1,"fire_occurred":0,"prediction":0.1551}},{"type":"Feature","geometry":{"type":"Point","coordinates":[-71.5,2.9]},"properties":{"region":1,"fire_occurred":0,"prediction":0.1605}},{"type":"Feature","geometry":{"type":"Point","coordinates":[-71.5,3.0]},"properties":{"region":1,"fire_occurred":0,"prediction":0.1904}},{"type":"Feature","geometry":{"type":"Point","coordinates":[-71.5,3.1]},"properties":{"region":1,"fire_occurred":0,"prediction":0.2182}},{"type":"Feature","geometry":{"type":"Point","coordinates":[-71.5,3.2]},"properties":{"region":1,"fire_occurred":0,"prediction":0.5073}},{"type":"Feature","geometry":{"type":"Point","coordinates":[-71.5,3.3]},"properties":{"region":1,"fire_occurred":1,"prediction":0.2157}},{"type":"Feature","geometry":{"type":"Point","coordinates":[-71.5,3.4]},"properties":{"region":1,"fire_occurred":0,"prediction":0.5561}},{"type":"Feature","geometry":{"type":"Point","coordinates":[-71.5,3.5]},"properties":{"region":1,"fire_occurred":0,"prediction":0.1949}},{"type":"Feature","geometry":{"type":"Point","coordinates":[-71.5,3.7]},"properties":{"region":1,"fire_occurred":0,"prediction":0.1288}},{"type":"Feature","geometry":{"type":"Point","coordinates":[-71.5,3.8]},"properties":{"region":1,"fire_occurred":0,"prediction":0.1015}},{"type":"Feature","geometry":{"type":"Point","coordinates":[-71.5,3.9]},"properties":{"region":1,"fire_occurred":0,"prediction":0.1076}},{"type":"Feature","geometry":{"type":"Point","coordinates":[-71.5,4.1]},"properties":{"region":1,"fire_occurred":0,"prediction":0.101}},{"type":"Feature","geometry":{"type":"Point","coordinates":[-71.5,4.2]},"properties":{"region":1,"fire_occurred":0,"prediction":0.1213}},{"type":"Feature","geometry":{"type":"Point","coordinates":[-71.4,2.8]},"properties":{"region":1,"fire_occurred":0,"prediction":0.1584}},{"type":"Feature","geometry":{"type":"Point","coordinates":[-71.4,2.9]},"properties":{"region":1,"fire_occurred":0,"prediction":0.4198}},{"type":"Feature","geometry":{"type":"Point","coordinates":[-71.4,3.0]},"properties":{"region":1,"fire_occurred":0,"prediction":0.1907}},{"type":"Feature","geometry":{"type":"Point","coordinates":[-71.4,3.1]},"properties":{"region":1,"fire_occurred":0,"prediction":0.2152}},{"type":"Feature","geometry":{"type":"Point","coordinates":[-71.4,3.2]},"properties":{"region":1,"fire_occurred":0,"prediction":0.244}},{"type":"Feature","geometry":{"type":"Point","coordinates":[-71.4,3.3]},"properties":{"region":1,"fire_occurred":0,"prediction":0.3287}},{"type":"Feature","geometry":{"type":"Point","coordinates":[-71.4,3.4]},"properties":{"region":1,"fire_occurred":0,"prediction":0.1521}},{"type":"Feature","geometry":{"type":"Point","coordinates":[-71.4,3.5]},"properties":{"region":1,"fire_occurred":0,"prediction":0.1878}},{"type":"Feature","geometry":{"type":"Point","coordinates":[-71.4,3.7]},"properties":{"region":1,"fire_occurred":0,"prediction":0.103}},{"type":"Feature","geometry":{"type":"Point","coordinates":[-71.4,3.8]},"properties":{"region":1,"fire_occurred":0,"prediction":0.1422}},{"type":"Feature","geometry":{"type":"Point","coordinates":[-71.4,3.9]},"properties":{"region":1,"fire_occurred":0,"prediction":0.1587}},{"type":"Feature","geometry":{"type":"Point","coordinates":[-71.4,4.0]},"properties":{"region":1,"fire_occurred":0,"prediction":0.1168}},{"type":"Feature","geometry":{"type":"Point","coordinates":[-71.4,4.1]},"properties":{"region":1,"fire_occurred":1,"prediction":0.0735}},{"type":"Feature","geometry":{"type":"Point","coordinates":[-71.4,6.9]},"properties":{"region":1,"fire_occurred":0,"prediction":0.2355}},{"type":"Feature","geometry":{"type":"Point","coordinates":[-71.3,1.0]},"properties":{"region":1,"fire_occurred":1,"prediction":0.0129}},{"type":"Feature","geometry":{"type":"Point","coordinates":[-71.3,2.9]},"properties":{"region":1,"fire_occurred":0,"prediction":0.2665}},{"type":"Feature","geometry":{"type":"Point","coordinates":[-71.3,3.0]},"properties":{"region":1,"fire_occurred":0,"prediction":0.1329}},{"type":"Feature","geometry":{"type":"Point","coordinates":[-71.3,3.1]},"properties":{"region":1,"fire_occurred":0,"prediction":0.2149}},{"type":"Feature","geometry":{"type":"Point","coordinates":[-71.3,3.2]},"properties":{"region":1,"fire_occurred":0,"prediction":0.4783}},{"type":"Feature","geometry":{"type":"Point","coordinates":[-71.3,3.4]},"properties":{"region":1,"fire_occurred":0,"prediction":0.1036}},{"type":"Feature","geometry":{"type":"Point","coordinates":[-71.3,3.8]},"properties":{"region":1,"fire_occurred":1,"prediction":0.0609}},{"type":"Feature","geometry":{"type":"Point","coordinates":[-71.3,3.9]},"properties":{"region":1,"fire_occurred":0,"prediction":0.1697}},{"type":"Feature","geometry":{"type":"Point","coordinates":[-71.3,4.0]},"properties":{"region":1,"fire_occurred":0,"prediction":0.1377}},{"type":"Feature","geometry":{"type":"Point","coordinates":[-71.3,4.9]},"properties":{"region":1,"fire_occurred":1,"prediction":0.0448}},{"type":"Feature","geometry":{"type":"Point","coordinates":[-71.2,3.1]},"properties":{"region":1,"fire_occurred":0,"prediction":0.2}},{"type":"Feature","geometry":{"type":"Point","coordinates":[-71.2,3.2]},"properties":{"region":1,"fire_occurred":0,"prediction":0.2084}},{"type":"Feature","geometry":{"type":"Point","coordinates":[-71.2,3.3]},"properties":{"region":1,"fire_occurred":0,"prediction":0.2158}},{"type":"Feature","geometry":{"type":"Point","coordinates":[-71.2,3.4]},"properties":{"region":1,"fire_occurred":0,"prediction":0.4604}},{"type":"Feature","geometry":{"type":"Point","coordinates":[-71.2,3.5]},"properties":{"region":1,"fire_occurred":0,"prediction":0.1112}},{"type":"Feature","geometry":{"type":"Point","coordinates":[-71.2,3.8]},"properties":{"region":1,"fire_occurred":1,"prediction":0.1011}},{"type":"Feature","geometry":{"type":"Point","coordinates":[-71.2,3.9]},"properties":{"region":1,"fire_occurred":1,"prediction":0.0777}},{"type":"Feature","geometry":{"type":"Point","coordinates":[-71.2,4.1]},"properties":{"region":1,"fire_occurred":1,"prediction":0.0944}},{"type":"Feature","geometry":{"type":"Point","coordinates":[-71.2,4.6]},"properties":{"region":1,"fire_occurred":0,"prediction":0.1704}},{"type":"Feature","geometry":{"type":"Point","coordinates":[-71.2,4.7]},"properties":{"region":1,"fire_occurred":0,"prediction":0.3032}},{"type":"Feature","geometry":{"type":"Point","coordinates":[-71.1,2.8]},"properties":{"region":1,"fire_occurred":0,"prediction":0.1591}},{"type":"Feature","geometry":{"type":"Point","coordinates":[-71.1,3.0]},"properties":{"region":1,"fire_occurred":0,"prediction":0.1123}},{"type":"Feature","geometry":{"type":"Point","coordinates":[-71.1,3.1]},"properties":{"region":1,"fire_occurred":0,"prediction":0.1641}},{"type":"Feature","geometry":{"type":"Point","coordinates":[-71.1,3.2]},"properties":{"region":1,"fire_occurred":0,"prediction":0.1636}},{"type":"Feature","geometry":{"type":"Point","coordinates":[-71.1,3.3]},"properties":{"region":1,"fire_occurred":0,"prediction":0.2042}},{"type":"Feature","geometry":{"type":"Point","coordinates":[-71.1,3.4]},"properties":{"region":1,"fire_occurred":0,"prediction":0.202}},{"type":"Feature","geometry":{"type":"Point","coordinates":[-71.1,3.5]},"properties":{"region":1,"fire_occurred":0,"prediction":0.153}},{"type":"Feature","geometry":{"type":"Point","coordinates":[-71.1,10.1]},"properties":{"region":1,"fire_occurred":1,"prediction":0.0588}},{"type":"Feature","geometry":{"type":"Point","coordinates":[-71.1,10.2]},"properties":{"region":1,"fire_occurred":0,"prediction":0.1857}},{"type":"Feature","geometry":{"type":"Point","coordinates":[-71.0,2.8]},"properties":{"region":1,"fire_occurred":0,"prediction":0.1381}},{"type":"Feature","geometry":{"type":"Point","coordinates":[-71.0,3.1]},"properties":{"region":1,"fire_occurred":0,"prediction":0.1322}},{"type":"Feature","geometry":{"type":"Point","coordinates":[-71.0,3.2]},"properties":{"region":1,"fire_occurred":0,"prediction":0.1454}},{"type":"Feature","geometry":{"type":"Point","coordinates":[-71.0,3.3]},"properties":{"region":1,"fire_occurred":0,"prediction":0.1584}},{"type":"Feature","geometry":{"type":"Point","coordinates":[-71.0,3.4]},"properties":{"region":1,"fire_occurred":0,"prediction":0.1568}},{"type":"Feature","geometry":{"type":"Point","coordinates":[-71.0,3.5]},"properties":{"region":1,"fire_occurred":0,"prediction":0.1607}},{"type":"Feature","geometry":{"type":"Point","coordinates":[-71.0,3.8]},"properties":{"region":1,"fire_occurred":1,"prediction":0.1039}},{"type":"Feature","geometry":{"type":"Point","coordinates":[-71.0,6.8]},"properties":{"region":1,"fire_occurred":1,"prediction":0.0105}},{"type":"Feature","geometry":{"type":"Point","coordinates":[-71.0,10.0]},"properties":{"region":1,"fire_occurred":0,"prediction":0.1068}},{"type":"Feature","geometry":{"type":"Point","coordinates":[-70.9,0.4]},"properties":{"region":1,"fire_occurred":0,"prediction":0.1474}},{"type":"Feature","geometry":{"type":"Point","coordinates":[-70.9,3.1]},"properties":{"region":1,"fire_occurred":0,"prediction":0.1241}},{"type":"Feature","geometry":{"type":"Point","coordinates":[-70.9,3.2]},"properties":{"region":1,"fire_occurred":0,"prediction":0.1163}},{"type":"Feature","geometry":{"type":"Point","coordinates":[-70.9,3.3]},"properties":{"region":1,"fire_occurred":0,"prediction":0.1062}},{"type":"Feature","geometry":{"type":"Point","coordinates":[-70.9,3.4]},"properties":{"region":1,"fire_occurred":0,"prediction":0.1039}},{"type":"Feature","geometry":{"type":"Point","coordinates":[-70.9,3.5]},"properties":{"region":1,"fire_occurred":0,"prediction":0.1662}},{"type":"Feature","geometry":{"type":"Point","coordinates":[-70.9,3.7]},"properties":{"region":1,"fire_occurred":0,"prediction":0.1074}},{"type":"Feature","geometry":{"type":"Point","coordinates":[-70.9,4.4]},"properties":{"region":1,"fire_occurred":0,"prediction":0.1095}},{"type":"Feature","geometry":{"type":"Point","coordinates":[-70.9,4.5]},"properties":{"region":1,"fire_occurred":1,"prediction":0.0601}},{"type":"Feature","geometry":{"type":"Point","coordinates":[-70.9,4.7]},"properties":{"region":1,"fire_occurred":1,"prediction":0.1215}},{"type":"Feature","geometry":{"type":"Point","coordinates":[-70.9,4.8]},"properties":{"region":1,"fire_occurred":1,"prediction":0.104}},{"type":"Feature","geometry":{"type":"Point","coordinates":[-70.9,4.9]},"properties":{"region":1,"fire_occurred":1,"prediction":0.1058}},{"type":"Feature","geometry":{"type":"Point","coordinates":[-70.9,9.7]},"properties":{"region":1,"fire_occurred":0,"prediction":0.1206}},{"type":"Feature","geometry":{"type":"Point","coordinates":[-70.8,0.6]},"properties":{"region":1,"fire_occurred":0,"prediction":0.181}},{"type":"Feature","geometry":{"type":"Point","coordinates":[-70.8,3.1]},"properties":{"region":1,"fire_occurred":0,"prediction":0.1103}},{"type":"Feature","geometry":{"type":"Point","coordinates":[-70.8,3.5]},"properties":{"region":1,"fire_occurred":0,"prediction":0.1394}},{"type":"Feature","geometry":{"type":"Point","coordinates":[-70.8,3.7]},"properties":{"region":1,"fire_occurred":0,"prediction":0.1121}},{"type":"Feature","geometry":{"type":"Point","coordinates":[-70.8,4.5]},"properties":{"region":1,"fire_occurred":1,"prediction":0.0728}},{"type":"Feature","geometry":{"type":"Point","coordinates":[-70.8,4.6]},"properties":{"region":1,"fire_occurred":1,"prediction":0.0655}},{"type":"Feature","geometry":{"type":"Point","coordinates":[-70.8,4.7]},"properties":{"region":1,"fire_occurred":1,"prediction":0.0806}},{"type":"Feature","geometry":{"type":"Point","coordinates":[-70.8,6.5]},"properties":{"region":1,"fire_occurred":1,"prediction":0.0163}},{"type":"Feature","geometry":{"type":"Point","coordinates":[-70.7,3.6]},"properties":{"region":1,"fire_occurred":0,"prediction":0.106}},{"type":"Feature","geometry":{"type":"Point","coordinates":[-70.7,3.7]},"properties":{"region":1,"fire_occurred":0,"prediction":0.1383}},{"type":"Feature","geometry":{"type":"Point","coordinates":[-70.7,3.9]},"properties":{"region":1,"fire_occurred":0,"prediction":0.1088}},{"type":"Feature","geometry":{"type":"Point","coordinates":[-70.7,6.1]},"properties":{"region":1,"fire_occurred":0,"prediction":0.1085}},{"type":"Feature","geometry":{"type":"Point","coordinates":[-70.7,9.5]},"properties":{"region":1,"fire_occurred":0,"prediction":0.1162}},{"type":"Feature","geometry":{"type":"Point","coordinates":[-70.6,3.8]},"properties":{"region":1,"fire_occurred":0,"prediction":0.1115}},{"type":"Feature","geometry":{"type":"Point","coordinates":[-70.6,4.6]},"properties":{"region":1,"fire_occurred":1,"prediction":0.0674}},{"type":"Feature","geometry":{"type":"Point","coordinates":[-70.6,6.1]},"properties":{"region":1,"fire_occurred":1,"prediction":0.0711}},{"type":"Feature","geometry":{"type":"Point","coordinates":[-70.6,9.7]},"properties":{"region":1,"fire_occurred":0,"prediction":0.1318}},{"type":"Feature","geometry":{"type":"Point","coordinates":[-70.6,10.1]},"properties":{"region":1,"fire_occurred":0,"prediction":0.1101}},{"type":"Feature","geometry":{"type":"Point","coordinates":[-70.5,3.7]},"properties":{"region":1,"fire_occurred":0,"prediction":0.1339}},{"type":"Feature","geometry":{"type":"Point","coordinates":[-70.5,4.0]},"properties":{"region":1,"fire_occurred":1,"prediction":0.0983}},{"type":"Feature","geometry":{"type":"Point","coordinates":[-70.5,5.6]},"properties":{"region":1,"fire_occurred":0,"prediction":0.1044}},{"type":"Feature","geometry":{"type":"Point","coordinates":[-70.5,5.8]},"properties":{"region":1,"fire_occurred":0,"prediction":0.1331}},{"type":"Feature","geometry":{"type":"Point","coordinates":[-70.5,6.2]},"properties":{"region":1,"fire_occurred":1,"prediction":0.0344}},{"type":"Feature","geometry":{"type":"Point","coordinates":[-70.5,9.5]},"properties":{"region":1,"fire_occurred":0,"prediction":0.1155}},{"type":"Feature","geometry":{"type":"Point","coordinates":[-70.4,4.0]},"properties":{"region":1,"fire_occurred":0,"prediction":0.1639}},{"type":"Feature","geometry":{"type":"Point","coordinates":[-70.4,4.3]},"properties":{"region":1,"fire_occurred":1,"prediction":0.0605}},{"type":"Feature","geometry":{"type":"Point","coordinates":[-70.4,5.2]},"properties":{"region":1,"fire_occurred":1,"prediction":0.0528}},{"type":"Feature","geometry":{"type":"Point","coordinates":[-70.4,5.3]},"properties":{"region":1,"fire_occurred":0,"prediction":0.1276}},{"type":"Feature","geometry":{"type":"Point","coordinates":[-70.4,5.6]},"properties":{"region":1,"fire_occurred":0,"prediction":0.1376}},{"type":"Feature","geometry":{"type":"Point","coordinates":[-70.4,5.8]},"properties":{"region":1,"fire_occurred":0,"prediction":0.1039}},{"type":"Feature","geometry":{"type":"Point","coordinates":[-70.4,9.6]},"properties":{"region":1,"fire_occurred":0,"prediction":0.2021}},{"type":"Feature","geometry":{"type":"Point","coordinates":[-70.4,18.9]},"properties":{"region":1,"fire_occurred":1,"prediction":0.2823}},{"type":"Feature","geometry":{"type":"Point","coordinates":[-70.3,1.2]},"properties":{"region":1,"fire_occurred":0,"prediction":0.2033}},{"type":"Feature","geometry":{"type":"Point","coordinates":[-70.3,5.6]},"properties":{"region":1,"fire_occurred":0,"prediction":0.1324}},{"type":"Feature","geometry":{"type":"Point","coordinates":[-70.3,5.8]},"properties":{"region":1,"fire_occurred":0,"prediction":0.1056}},{"type":"Feature","geometry":{"type":"Point","coordinates":[-70.3,6.0]},"properties":{"region":1,"fire_occurred":0,"prediction":0.1244}},{"type":"Feature","geometry":{"type":"Point","coordinates":[-70.3,8.5]},"properties":{"region":1,"fire_occurred":0,"prediction":0.1106}},{"type":"Feature","geometry":{"type":"Point","coordinates":[-70.3,8.6]},"properties":{"region":1,"fire_occurred":0,"prediction":0.1558}},{"type":"Feature","geometry":{"type":"Point","coordinates":[-70.3,9.8]},"properties":{"region":1,"fire_occurred":0,"prediction":0.103}},{"type":"Feature","geometry":{"type":"Point","coordinates":[-70.2,1.2]},"properties":{"region":1,"fire_occurred":0,"prediction":0.1558}},{"type":"Feature","geometry":{"type":"Point","coordinates":[-70.2,4.4]},"properties":{"region":1,"fire_occurred":0,"prediction":0.1339}},{"type":"Feature","geometry":{"type":"Point","coordinates":[-70.2,6.3]},"properties":{"region":1,"fire_occurred":1,"prediction":0.0516}},{"type":"Feature","geometry":{"type":"Point","coordinates":[-70.1,4.3]},"properties":{"region":1,"fire_occurred":1,"prediction":0.0873}},{"type":"Feature","geometry":{"type":"Point","coordinates":[-70.1,6.3]},"properties":{"region":1,"fire_occurred":1,"prediction":0.0869}},{"type":"Feature","geometry":{"type":"Point","coordinates":[-70.1,6.6]},"properties":{"region":1,"fire_occurred":0,"prediction":0.1332}},{"type":"Feature","geometry":{"type":"Point","coordinates":[-70.1,6.7]},"properties":{"region":1,"fire_occurred":1,"prediction":0.0619}},{"type":"Feature","geometry":{"type":"Point","coordinates":[-70.0,4.4]},"properties":{"region":1,"fire_occurred":0,"prediction":0.1402}},{"type":"Feature","geometry":{"type":"Point","coordinates":[-70.0,5.9]},"properties":{"region":1,"fire_occurred":0,"prediction":0.102}},{"type":"Feature","geometry":{"type":"Point","coordinates":[-70.0,8.8]},"properties":{"region":1,"fire_occurred":0,"prediction":0.1076}},{"type":"Feature","geometry":{"type":"Point","coordinates":[-69.9,1.7]},"properties":{"region":1,"fire_occurred":1,"prediction":0.0272}},{"type":"Feature","geometry":{"type":"Point","coordinates":[-69.9,2.3]},"properties":{"region":1,"fire_occurred":0,"prediction":0.1339}},{"type":"Feature","geometry":{"type":"Point","coordinates":[-69.9,4.3]},"properties":{"region":1,"fire_occurred":0,"prediction":0.1094}},{"type":"Feature","geometry":{"type":"Point","coordinates":[-69.9,4.4]},"properties":{"region":1,"fire_occurred":1,"prediction":0.1193}},{"type":"Feature","geometry":{"type":"Point","coordinates":[-69.9,6.1]},"properties":{"region":1,"fire_occurred":1,"prediction":0.0838}},{"type":"Feature","geometry":{"type":"Point","coordinates":[-69.9,8.8]},"properties":{"region":1,"fire_occurred":0,"prediction":0.1197}},{"type":"Feature","geometry":{"type":"Point","coordinates":[-69.9,8.9]},"properties":{"region":1,"fire_occurred":0,"prediction":0.1209}},{"type":"Feature","geometry":{"type":"Point","coordinates":[-69.8,4.5]},"properties":{"region":1,"fire_occurred":1,"prediction":0.0748}},{"type":"Feature","geometry":{"type":"Point","coordinates":[-69.8,4.7]},"properties":{"region":1,"fire_occurred":1,"prediction":0.0438}},{"type":"Feature","geometry":{"type":"Point","coordinates":[-69.8,8.8]},"properties":{"region":1,"fire_occurred":0,"prediction":0.1113}},{"type":"Feature","geometry":{"type":"Point","coordinates":[-69.8,8.9]},"properties":{"region":1,"fire_occurred":0,"prediction":0.1083}},{"type":"Feature","geometry":{"type":"Point","coordinates":[-69.8,9.0]},"properties":{"region":1,"fire_occurred":0,"prediction":0.2063}},{"type":"Feature","geometry":{"type":"Point","coordinates":[-69.7,4.4]},"properties":{"region":1,"fire_occurred":0,"prediction":0.113}},{"type":"Feature","geometry":{"type":"Point","coordinates":[-69.7,4.5]},"properties":{"region":1,"fire_occurred":0,"prediction":0.1665}},{"type":"Feature","geometry":{"type":"Point","coordinates":[-69.7,4.9]},"properties":{"region":1,"fire_occurred":0,"prediction":0.1121}},{"type":"Feature","geometry":{"type":"Point","coordinates":[-69.7,6.0]},"properties":{"region":1,"fire_occurred":0,"prediction":0.168}},{"type":"Feature","geometry":{"type":"Point","coordinates":[-69.7,6.8]},"properties":{"region":1,"fire_occurred":0,"prediction":0.106}},{"type":"Feature","geometry":{"type":"Point","coordinates":[-69.7,7.1]},"properties":{"region":1,"fire_occurred":0,"prediction":0.1054}},{"type":"Feature","geometry":{"type":"Point","coordinates":[-69.6,4.4]},"properties":{"region":1,"fire_occurred":0,"prediction":0.1113}},{"type":"Feature","geometry":{"type":"Point","coordinates":[-69.6,4.7]},"properties":{"region":1,"fire_occurred":0,"prediction":0.1229}},{"type":"Feature","geometry":{"type":"Point","coordinates":[-69.6,6.7]},"properties":{"region":1,"fire_occurred":0,"prediction":0.1588}},{"type":"Feature","geometry":{"type":"Point","coordinates":[-69.6,7.2]},"properties":{"region":1,"fire_occurred":1,"prediction":0.0374}},{"type":"Feature","geometry":{"type":"Point","coordinates":[-69.6,7.3]},"properties":{"region":1,"fire_occurred":0,"prediction":0.1348}},{"type":"Feature","geometry":{"type":"Point","coordinates":[-69.6,8.7]},"properties":{"region":1,"fire_occurred":0,"prediction":0.2676}},{"type":"Feature","geometry":{"type":"Point","coordinates":[-69.6,8.8]},"properties":{"region":1,"fire_occurred":1,"prediction":0.0553}},{"type":"Feature","geometry":{"type":"Point","coordinates":[-69.6,9.2]},"properties":{"region":1,"fire_occurred":0,"prediction":0.1945}},{"type":"Feature","geometry":{"type":"Point","coordinates":[-69.5,4.6]},"properties":{"region":1,"fire_occurred":0,"prediction":0.1074}},{"type":"Feature","geometry":{"type":"Point","coordinates":[-69.5,7.3]},"properties":{"region":1,"fire_occurred":0,"prediction":0.1304}},{"type":"Feature","geometry":{"type":"Point","coordinates":[-69.5,7.6]},"properties":{"region":1,"fire_occurred":0,"prediction":0.1375}},{"type":"Feature","geometry":{"type":"Point","coordinates":[-69.5,8.9]},"properties":{"region":1,"fire_occurred":0,"prediction":0.1275}},{"type":"Feature","geometry":{"type":"Point","coordinates":[-69.5,9.3]},"properties":{"region":1,"fire_occurred":0,"prediction":0.1684}},{"type":"Feature","geometry":{"type":"Point","coordinates":[-69.4,8.8]},"properties":{"region":1,"fire_occurred":0,"prediction":0.1836}},{"type":"Feature","geometry":{"type":"Point","coordinates":[-69.4,9.3]},"properties":{"region":1,"fire_occurred":0,"prediction":0.1592}},{"type":"Feature","geometry":{"type":"Point","coordinates":[-69.4,9.4]},"properties":{"region":1,"fire_occurred":0,"prediction":0.1483}},{"type":"Feature","geometry":{"type":"Point","coordinates":[-69.3,6.5]},"properties":{"region":1,"fire_occurred":0,"prediction":0.1169}},{"type":"Feature","geometry":{"type":"Point","coordinates":[-69.3,6.8]},"properties":{"region":1,"fire_occurred":1,"prediction":0.1185}},{"type":"Feature","geometry":{"type":"Point","coordinates":[-69.3,7.0]},"properties":{"region":1,"fire_occurred":0,"prediction":0.1194}},{"type":"Feature","geometry":{"type":"Point","coordinates":[-69.3,7.1]},"properties":{"region":1,"fire_occurred":0,"prediction":0.1064}},{"type":"Feature","geometry":{"type":"Point","coordinates":[-69.3,7.8]},"properties":{"region":1,"fire_occurred":0,"prediction":0.1237}},{"type":"Feature","geometry":{"type":"Point","coordinates":[-69.3,8.8]},"properties":{"region":1,"fire_occurred":0,"prediction":0.1135}},{"type":"Feature","geometry":{"type":"Point","coordinates":[-69.3,8.9]},"properties":{"region":1,"fire_occurred":1,"prediction":0.0321}},{"type":"Feature","geometry":{"type":"Point","coordinates":[-69.3,9.0]},"properties":{"region":1,"fire_occurred":0,"prediction":0.2763}},{"type":"Feature","geometry":{"type":"Point","coordinates":[-69.3,9.3]},"properties":{"region":1,"fire_occurred":0,"prediction":0.1531}},{"type":"Feature","geometry":{"type":"Point","coordinates":[-69.3,9.4]},"properties":{"region":1,"fire_occurred":0,"prediction":0.1839}},{"type":"Feature","geometry":{"type":"Point","coordinates":[-69.3,9.5]},"properties":{"region":1,"fire_occurred":0,"prediction":0.2269}},{"type":"Feature","geometry":{"type":"Point","coordinates":[-69.3,9.6]},"properties":{"region":1,"fire_occurred":0,"prediction":0.2392}},{"type":"Feature","geometry":{"type":"Point","coordinates":[-69.3,9.7]},"properties":{"region":1,"fire_occurred":0,"prediction":0.108}},{"type":"Feature","geometry":{"type":"Point","coordinates":[-69.2,4.7]},"properties":{"region":1,"fire_occurred":0,"prediction":0.1503}},{"type":"Feature","geometry":{"type":"Point","coordinates":[-69.2,4.8]},"properties":{"region":1,"fire_occurred":0,"prediction":0.1023}},{"type":"Feature","geometry":{"type":"Point","coordinates":[-69.2,6.0]},"properties":{"region":1,"fire_occurred":0,"prediction":0.1045}},{"type":"Feature","geometry":{"type":"Point","coordinates":[-69.2,7.4]},"properties":{"region":1,"fire_occurred":0,"prediction":0.1265}},{"type":"Feature","geometry":{"type":"Point","coordinates":[-69.2,7.8]},"properties":{"region":1,"fire_occurred":0,"prediction":0.2021}},{"type":"Feature","geometry":{"type":"Point","coordinates":[-69.2,7.9]},"properties":{"region":1,"fire_occurred":0,"prediction":0.2364}},{"type":"Feature","geometry":{"type":"Point","coordinates":[-69.2,9.0]},"properties":{"region":1,"fire_occurred":0,"prediction":0.1915}},{"type":"Feature","geometry":{"type":"Point","coordinates":[-69.2,9.1]},"properties":{"region":1,"fire_occurred":1,"prediction":0.103}},{"type":"Feature","geometry":{"type":"Point","coordinates":[-69.2,9.2]},"properties":{"region":1,"fire_occurred":0,"prediction":0.1433}},{"type":"Feature","geometry":{"type":"Point","coordinates":[-69.2,9.3]},"properties":{"region":1,"fire_occurred":0,"prediction":0.1804}},{"type":"Feature","geometry":{"type":"Point","coordinates":[-69.2,9.4]},"properties":{"region":1,"fire_occurred":0,"prediction":0.1719}},{"type":"Feature","geometry":{"type":"Point","coordinates":[-69.2,9.5]},"properties":{"region":1,"fire_occurred":0,"prediction":0.1993}},{"type":"Feature","geometry":{"type":"Point","coordinates":[-69.2,9.6]},"properties":{"region":1,"fire_occurred":0,"prediction":0.1168}},{"type":"Feature","geometry":{"type":"Point","coordinates":[-69.2,9.7]},"properties":{"region":1,"fire_occurred":0,"prediction":0.109}},{"type":"Feature","geometry":{"type":"Point","coordinates":[-69.2,10.1]},"properties":{"region":1,"fire_occurred":0,"prediction":0.1954}},{"type":"Feature","geometry":{"type":"Point","coordinates":[-69.1,4.3]},"properties":{"region":1,"fire_occurred":0,"prediction":0.1229}},{"type":"Feature","geometry":{"type":"Point","coordinates":[-69.1,4.8]},"properties":{"region":1,"fire_occurred":1,"prediction":0.092}},{"type":"Feature","geometry":{"type":"Point","coordinates":[-69.1,6.0]},"properties":{"region":1,"fire_occurred":0,"prediction":0.1196}},{"type":"Feature","geometry":{"type":"Point","coordinates":[-69.1,7.1]},"properties":{"region":1,"fire_occurred":0,"prediction":0.129}},{"type":"Feature","geometry":{"type":"Point","coordinates":[-69.1,7.7]},"properties":{"region":1,"fire_occurred":0,"prediction":0.201}},{"type":"Feature","geometry":{"type":"Point","coordinates":[-69.1,7.8]},"properties":{"region":1,"fire_occurred":1,"prediction":0.1794}},{"type":"Feature","geometry":{"type":"Point","coordinates":[-69.1,7.9]},"properties":{"region":1,"fire_occurred":0,"prediction":0.2122}},{"type":"Feature","geometry":{"type":"Point","coordinates":[-69.1,8.7]},"properties":{"region":1,"fire_occurred":0,"prediction":0.1504}},{"type":"Feature","geometry":{"type":"Point","coordinates":[-69.1,9.0]},"properties":{"region":1,"fire_occurred":0,"prediction":0.1415}},{"type":"Feature","geometry":{"type":"Point","coordinates":[-69.1,9.1]},"properties":{"region":1,"fire_occurred":0,"prediction":0.1355}},{"type":"Feature","geometry":{"type":"Point","coordinates":[-69.1,9.3]},"properties":{"region":1,"fire_occurred":1,"prediction":0.1433}},{"type":"Feature","geometry":{"type":"Point","coordinates":[-69.1,9.4]},"properties":{"region":1,"fire_occurred":0,"prediction":0.1465}},{"type":"Feature","geometry":{"type":"Point","coordinates":[-69.1,9.5]},"properties":{"region":1,"fire_occurred":0,"prediction":0.157}},{"type":"Feature","geometry":{"type":"Point","coordinates":[-69.1,9.6]},"properties":{"region":1,"fire_occurred":0,"prediction":0.1492}},{"type":"Feature","geometry":{"type":"Point","coordinates":[-69.1,10.1]},"properties":{"region":1,"fire_occurred":0,"prediction":0.1014}},{"type":"Feature","geometry":{"type":"Point","coordinates":[-69.0,4.4]},"properties":{"region":1,"fire_occurred":0,"prediction":0.1086}},{"type":"Feature","geometry":{"type":"Point","coordinates":[-69.0,4.6]},"properties":{"region":1,"fire_occurred":0,"prediction":0.1504}},{"type":"Feature","geometry":{"type":"Point","coordinates":[-69.0,4.8]},"properties":{"region":1,"fire_occurred":1,"prediction":0.1201}},{"type":"Feature","geometry":{"type":"Point","coordinates":[-69.0,6.5]},"properties":{"region":1,"fire_occurred":1,"prediction":0.0984}},{"type":"Feature","geometry":{"type":"Point","coordinates":[-69.0,6.6]},"properties":{"region":1,"fire_occurred":1,"prediction":0.034}},{"type":"Feature","geometry":{"type":"Point","coordinates":[-69.0,6.8]},"properties":{"region":1,"fire_occurred":0,"prediction":0.1173}},{"type":"Feature","geometry":{"type":"Point","coordinates":[-69.0,7.2]},"properties":{"region":1,"fire_occurred":0,"prediction":0.1511}},{"type":"Feature","geometry":{"type":"Point","coordinates":[-69.0,7.3]},"properties":{"region":1,"fire_occurred":0,"prediction":0.1274}},{"type":"Feature","geometry":{"type":"Point","coordinates":[-69.0,7.4]},"properties":{"region":1,"fire_occurred":0,"prediction":0.1833}},{"type":"Feature","geometry":{"type":"Point","coordinates":[-69.0,7.5]},"properties":{"region":1,"fire_occurred":0,"prediction":0.1199}},{"type":"Feature","geometry":{"type":"Point","coordinates":[-69.0,7.6]},"properties":{"region":1,"fire_occurred":0,"prediction":0.1139}},{"type":"Feature","geometry":{"type":"Point","coordinates":[-69.0,7.7]},"properties":{"region":1,"fire_occurred":1,"prediction":0.1256}},{"type":"Feature","geometry":{"type":"Point","coordinates":[-69.0,7.8]},"properties":{"region":1,"fire_occurred":0,"prediction":0.1814}},{"type":"Feature","geometry":{"type":"Point","coordinates":[-69.0,8.8]},"properties":{"region":1,"fire_occurred":1,"prediction":0.0435}},{"type":"Feature","geometry":{"type":"Point","coordinates":[-69.0,9.1]},"properties":{"region":1,"fire_occurred":0,"prediction":0.1362}},{"type":"Feature","geometry":{"type":"Point","coordinates":[-69.0,9.2]},"properties":{"region":1,"fire_occurred":0,"prediction":0.185}},{"type":"Feature","geometry":{"type":"Point","coordinates":[-69.0,9.3]},"properties":{"region":1,"fire_occurred":0,"prediction":0.2408}},{"type":"Feature","geometry":{"type":"Point","coordinates":[-69.0,9.5]},"properties":{"region":1,"fire_occurred":0,"prediction":0.1012}},{"type":"Feature","geometry":{"type":"Point","coordinates":[-68.9,4.4]},"properties":{"region":1,"fire_occurred":0,"prediction":0.1457}},{"type":"Feature","geometry":{"type":"Point","coordinates":[-68.9,4.6]},"properties":{"region":1,"fire_occurred":1,"prediction":0.0364}},{"type":"Feature","geometry":{"type":"Point","coordinates":[-68.9,6.6]},"properties":{"region":1,"fire_occurred":1,"prediction":0.092}},{"type":"Feature","geometry":{"type":"Point","coordinates":[-68.9,6.7]},"properties":{"region":1,"fire_occurred":1,"prediction":0.0533}},{"type":"Feature","geometry":{"type":"Point","coordinates":[-68.9,7.3]},"properties":{"region":1,"fire_occurred":0,"prediction":0.1044}},{"type":"Feature","geometry":{"type":"Point","coordinates":[-68.9,7.4]},"properties":{"region":1,"fire_occurred":0,"prediction":0.1079}},{"type":"Feature","geometry":{"type":"Point","coordinates":[-68.9,7.8]},"properties":{"region":1,"fire_occurred":0,"prediction":0.1176}},{"type":"Feature","geometry":{"type":"Point","coordinates":[-68.9,9.3]},"properties":{"region":1,"fire_occurred":0,"prediction":0.1736}},{"type":"Feature","geometry":{"type":"Point","coordinates":[-68.9,9.4]},"properties":{"region":1,"fire_occurred":0,"prediction":0.1028}},{"type":"Feature","geometry":{"type":"Point","coordinates":[-68.9,9.5]},"properties":{"region":1,"fire_occurred":0,"prediction":0.164}},{"type":"Feature","geometry":{"type":"Point","coordinates":[-68.9,9.6]},"properties":{"region":1,"fire_occurred":0,"prediction":0.2157}},{"type":"Feature","geometry":{"type":"Point","coordinates":[-68.9,10.2]},"properties":{"region":1,"fire_occurred":0,"prediction":0.1006}},{"type":"Feature","geometry":{"type":"Point","coordinates":[-68.8,6.6]},"properties":{"region":1,"fire_occurred":1,"prediction":0.0572}},{"type":"Feature","geometry":{"type":"Point","coordinates":[-68.8,7.0]},"properties":{"region":1,"fire_occurred":0,"prediction":0.1341}},{"type":"Feature","geometry":{"type":"Point","coordinates":[-68.8,7.2]},"properties":{"region":1,"fire_occurred":1,"prediction":0.0922}},{"type":"Feature","geometry":{"type":"Point","coordinates":[-68.8,7.3]},"properties":{"region":1,"fire_occurred":0,"prediction":0.1796}},{"type":"Feature","geometry":{"type":"Point","coordinates":[-68.8,7.4]},"properties":{"region":1,"fire_occurred":0,"prediction":0.1875}},{"type":"Feature","geometry":{"type":"Point","coordinates":[-68.8,7.5]},"properties":{"region":1,"fire_occurred":0,"prediction":0.1174}},{"type":"Feature","geometry":{"type":"Point","coordinates":[-68.8,9.4]},"properties":{"region":1,"fire_occurred":0,"prediction":0.1394}},{"type":"Feature","geometry":{"type":"Point","coordinates":[-68.8,9.5]},"properties":{"region":1,"fire_occurred":0,"prediction":0.1499}},{"type":"Feature","geometry":{"type":"Point","coordinates":[-68.8,9.6]},"properties":{"region":1,"fire_occurred":0,"prediction":0.1799}},{"type":"Feature","geometry":{"type":"Point","coordinates":[-68.8,10.2]},"properties":{"region":1,"fire_occurred":0,"prediction":0.1248}},{"type":"Feature","geometry":{"type":"Point","coordinates":[-68.7,4.5]},"properties":{"region":1,"fire_occurred":0,"prediction":0.1276}},{"type":"Feature","geometry":{"type":"Point","coordinates":[-68.7,4.6]},"properties":{"region":1,"fire_occurred":0,"prediction":0.2478}},{"type":"Feature","geometry":{"type":"Point","coordinates":[-68.7,4.7]},"properties":{"region":1,"fire_occurred":0,"prediction":0.104}},{"type":"Feature","geometry":{"type":"Point","coordinates":[-68.7,7.0]},"properties":{"region":1,"fire_occurred":1,"prediction":0.0656}},{"type":"Feature","geometry":{"type":"Point","coordinates":[-68.7,7.2]},"properties":{"region":1,"fire_occurred":1,"prediction":0.1058}},{"type":"Feature","geometry":{"type":"Point","coordinates":[-68.7,7.3]},"properties":{"region":1,"fire_occurred":0,"prediction":0.1988}},{"type":"Feature","geometry":{"type":"Point","coordinates":[-68.7,7.4]},"properties":{"region":1,"fire_occurred":1,"prediction":0.3018}},{"type":"Feature","geometry":{"type":"Point","coordinates":[-68.7,7.6]},"properties":{"region":1,"fire_occurred":0,"prediction":0.2039}},{"type":"Feature","geometry":{"type":"Point","coordinates":[-68.7,7.7]},"properties":{"region":1,"fire_occurred":0,"prediction":0.1202}},{"type":"Feature","geometry":{"type":"Point","coordinates":[-68.7,7.9]},"properties":{"region":1,"fire_occurred":0,"prediction":0.1151}},{"type":"Feature","geometry":{"type":"Point","coordinates":[-68.7,9.5]},"properties":{"region":1,"fire_occurred":0,"prediction":0.2167}},{"type":"Feature","geometry":{"type":"Point","coordinates":[-68.7,9.6]},"properties":{"region":1,"fire_occurred":0,"prediction":0.1652}},{"type":"Feature","geometry":{"type":"Point","coordinates":[-68.6,4.7]},"properties":{"region":1,"fire_occurred":0,"prediction":0.1498}},{"type":"Feature","geometry":{"type":"Point","coordinates":[-68.6,4.9]},"properties":{"region":1,"fire_occurred":0,"prediction":0.1938}},{"type":"Feature","geometry":{"type":"Point","coordinates":[-68.6,5.0]},"properties":{"region":1,"fire_occurred":0,"prediction":0.1013}},{"type":"Feature","geometry":{"type":"Point","coordinates":[-68.6,6.0]},"properties":{"region":1,"fire_occurred":1,"prediction":0.0837}},{"type":"Feature","geometry":{"type":"Point","coordinates":[-68.6,7.3]},"properties":{"region":1,"fire_occurred":0,"prediction":0.1073}},{"type":"Feature","geometry":{"type":"Point","coordinates":[-68.6,7.4]},"properties":{"region":1,"fire_occurred":1,"prediction":0.3443}},{"type":"Feature","geometry":{"type":"Point","coordinates":[-68.6,7.7]},"properties":{"region":1,"fire_occurred":0,"prediction":0.135}},{"type":"Feature","geometry":{"type":"Point","coordinates":[-68.6,7.8]},"properties":{"region":1,"fire_occurred":0,"prediction":0.2012}},{"type":"Feature","geometry":{"type":"Point","coordinates":[-68.6,8.4]},"properties":{"region":1,"fire_occurred":0,"prediction":0.1108}},{"type":"Feature","geometry":{"type":"Point","coordinates":[-68.6,8.9]},"properties":{"region":1,"fire_occurred":0,"prediction":0.1105}},{"type":"Feature","geometry":{"type":"Point","coordinates":[-68.6,9.4]},"properties":{"region":1,"fire_occurred":0,"prediction":0.1342}},{"type":"Feature","geometry":{"type":"Point","coordinates":[-68.6,9.5]},"properties":{"region":1,"fire_occurred":0,"prediction":0.1636}},{"type":"Feature","geometry":{"type":"Point","coordinates":[-68.6,9.6]},"properties":{"region":1,"fire_occurred":0,"prediction":0.116}},{"type":"Feature","geometry":{"type":"Point","coordinates":[-68.6,10.4]},"properties":{"region":1,"fire_occurred":0,"prediction":0.1193}},{"type":"Feature","geometry":{"type":"Point","coordinates":[-68.6,10.5]},"properties":{"region":1,"fire_occurred":0,"prediction":0.1084}},{"type":"Feature","geometry":{"type":"Point","coordinates":[-68.5,6.0]},"properties":{"region":1,"fire_occurred":1,"prediction":0.0642}},{"type":"Feature","geometry":{"type":"Point","coordinates":[-68.5,7.2]},"properties":{"region":1,"fire_occurred":1,"prediction":0.0755}},{"type":"Feature","geometry":{"type":"Point","coordinates":[-68.5,7.3]},"properties":{"region":1,"fire_occurred":0,"prediction":0.1863}},{"type":"Feature","geometry":{"type":"Point","coordinates":[-68.5,7.4]},"properties":{"region":1,"fire_occurred":0,"prediction":0.2661}},{"type":"Feature","geometry":{"type":"Point","coordinates":[-68.5,8.3]},"properties":{"region":1,"fire_occurred":0,"prediction":0.1047}},{"type":"Feature","geometry":{"type":"Point","coordinates":[-68.5,8.9]},"properties":{"region":1,"fire_occurred":0,"prediction":0.156}},{"type":"Feature","geometry":{"type":"Point","coordinates":[-68.5,9.4]},"properties":{"region":1,"fire_occurred":0,"prediction":0.1152}},{"type":"Feature","geometry":{"type":"Point","coordinates":[-68.5,9.5]},"properties":{"region":1,"fire_occurred":0,"prediction":0.1463}},{"type":"Feature","geometry":{"type":"Point","coordinates":[-68.5,9.6]},"properties":{"region":1,"fire_occurred":0,"prediction":0.127}},{"type":"Feature","geometry":{"type":"Point","coordinates":[-68.4,4.8]},"properties":{"region":1,"fire_occurred":0,"prediction":0.1806}},{"type":"Feature","geometry":{"type":"Point","coordinates":[-68.4,4.9]},"properties":{"region":1,"fire_occurred":0,"prediction":0.1995}},{"type":"Feature","geometry":{"type":"Point","coordinates":[-68.4,6.9]},"properties":{"region":1,"fire_occurred":0,"prediction":0.1038}},{"type":"Feature","geometry":{"type":"Point","coordinates":[-68.4,7.1]},"properties":{"region":1,"fire_occurred":0,"prediction":0.1015}},{"type":"Feature","geometry":{"type":"Point","coordinates":[-68.4,7.5]},"properties":{"region":1,"fire_occurred":0,"prediction":0.1026}},{"type":"Feature","geometry":{"type":"Point","coordinates":[-68.4,7.8]},"properties":{"region":1,"fire_occurred":0,"prediction":0.1085}},{"type":"Feature","geometry":{"type":"Point","coordinates":[-68.4,8.7]},"properties":{"region":1,"fire_occurred":0,"prediction":0.1692}},{"type":"Feature","geometry":{"type":"Point","coordinates":[-68.4,9.3]},"properties":{"region":1,"fire_occurred":0,"prediction":0.1022}},{"type":"Feature","geometry":{"type":"Point","coordinates":[-68.4,9.4]},"properties":{"region":1,"fire_occurred":0,"prediction":0.2195}},{"type":"Feature","geometry":{"type":"Point","coordinates":[-68.4,9.5]},"properties":{"region":1,"fire_occurred":0,"prediction":0.1845}},{"type":"Feature","geometry":{"type":"Point","coordinates":[-68.4,9.6]},"properties":{"region":1,"fire_occurred":0,"prediction":0.1496}},{"type":"Feature","geometry":{"type":"Point","coordinates":[-68.4,9.7]},"properties":{"region":1,"fire_occurred":0,"prediction":0.1274}},{"type":"Feature","geometry":{"type":"Point","coordinates":[-68.4,9.8]},"properties":{"region":1,"fire_occurred":0,"prediction":0.1178}},{"type":"Feature","geometry":{"type":"Point","coordinates":[-68.4,9.9]},"properties":{"region":1,"fire_occurred":0,"prediction":0.1048}},{"type":"Feature","geometry":{"type":"Point","coordinates":[-68.4,10.1]},"properties":{"region":1,"fire_occurred":0,"prediction":0.1002}},{"type":"Feature","geometry":{"type":"Point","coordinates":[-68.3,4.8]},"properties":{"region":1,"fire_occurred":0,"prediction":0.1215}},{"type":"Feature","geometry":{"type":"Point","coordinates":[-68.3,6.7]},"properties":{"region":1,"fire_occurred":1,"prediction":0.0309}},{"type":"Feature","geometry":{"type":"Point","coordinates":[-68.3,7.3]},"properties":{"region":1,"fire_occurred":0,"prediction":0.1631}},{"type":"Feature","geometry":{"type":"Point","coordinates":[-68.3,7.5]},"properties":{"region":1,"fire_occurred":0,"prediction":0.1217}},{"type":"Feature","geometry":{"type":"Point","coordinates":[-68.3,8.4]},"properties":{"region":1,"fire_occurred":0,"prediction":0.1014}},{"type":"Feature","geometry":{"type":"Point","coordinates":[-68.3,8.7]},"properties":{"region":1,"fire_occurred":0,"prediction":0.2413}},{"type":"Feature","geometry":{"type":"Point","coordinates":[-68.3,8.8]},"properties":{"region":1,"fire_occurred":0,"prediction":0.1715}},{"type":"Feature","geometry":{"type":"Point","coordinates":[-68.3,8.9]},"properties":{"region":1,"fire_occurred":0,"prediction":0.2267}},{"type":"Feature","geometry":{"type":"Point","coordinates":[-68.3,9.0]},"properties":{"region":1,"fire_occurred":0,"prediction":0.1018}},{"type":"Feature","geometry":{"type":"Point","coordinates":[-68.3,9.3]},"properties":{"region":1,"fire_occurred":0,"prediction":0.1039}},{"type":"Feature","geometry":{"type":"Point","coordinates":[-68.3,9.4]},"properties":{"region":1,"fire_occurred":0,"prediction":0.1982}},{"type":"Feature","geometry":{"type":"Point","coordinates":[-68.3,9.5]},"properties":{"region":1,"fire_occurred":0,"prediction":0.2059}},{"type":"Feature","geometry":{"type":"Point","coordinates":[-68.3,9.6]},"properties":{"region":1,"fire_occurred":0,"prediction":0.1802}},{"type":"Feature","geometry":{"type":"Point","coordinates":[-68.3,9.9]},"properties":{"region":1,"fire_occurred":0,"prediction":0.1711}},{"type":"Feature","geometry":{"type":"Point","coordinates":[-68.2,4.7]},"properties":{"region":1,"fire_occurred":0,"prediction":0.1223}},{"type":"Feature","geometry":{"type":"Point","coordinates":[-68.2,5.0]},"properties":{"region":1,"fire_occurred":0,"prediction":0.1582}},{"type":"Feature","geometry":{"type":"Point","coordinates":[-68.2,6.7]},"properties":{"region":1,"fire_occurred":1,"prediction":0.022}},{"type":"Feature","geometry":{"type":"Point","coordinates":[-68.2,6.9]},"properties":{"region":1,"fire_occurred":0,"prediction":0.1094}},{"type":"Feature","geometry":{"type":"Point","coordinates":[-68.2,7.2]},"properties":{"region":1,"fire_occurred":0,"prediction":0.1097}},{"type":"Feature","geometry":{"type":"Point","coordinates":[-68.2,7.4]},"properties":{"region":1,"fire_occurred":0,"prediction":0.3295}},{"type":"Feature","geometry":{"type":"Point","coordinates":[-68.2,7.6]},"properties":{"region":1,"fire_occurred":0,"prediction":0.1113}},{"type":"Feature","geometry":{"type":"Point","coordinates":[-68.2,7.7]},"properties":{"region":1,"fire_occurred":0,"prediction":0.101}},{"type":"Feature","geometry":{"type":"Point","coordinates":[-68.2,8.6]},"properties":{"region":1,"fire_occurred":0,"prediction":0.1395}},{"type":"Feature","geometry":{"type":"Point","coordinates":[-68.2,8.7]},"properties":{"region":1,"fire_occurred":0,"prediction":0.1015}},{"type":"Feature","geometry":{"type":"Point","coordinates":[-68.2,8.8]},"properties":{"region":1,"fire_occurred":0,"prediction":0.1429}},{"type":"Feature","geometry":{"type":"Point","coordinates":[-68.2,8.9]},"properties":{"region":1,"fire_occurred":0,"prediction":0.1179}},{"type":"Feature","geometry":{"type":"Point","coordinates":[-68.2,9.2]},"properties":{"region":1,"fire_occurred":0,"prediction":0.1087}},{"type":"Feature","geometry":{"type":"Point","coordinates":[-68.2,9.4]},"properties":{"region":1,"fire_occurred":0,"prediction":0.2087}},{"type":"Feature","geometry":{"type":"Point","coordinates":[-68.2,9.5]},"properties":{"region":1,"fire_occurred":0,"prediction":0.2212}},{"type":"Feature","geometry":{"type":"Point","coordinates":[-68.2,10.0]},"properties":{"region":1,"fire_occurred":0,"prediction":0.1184}},{"type":"Feature","geometry":{"type":"Point","coordinates":[-68.1,7.4]},"properties":{"region":1,"fire_occurred":0,"prediction":0.3132}},{"type":"Feature","geometry":{"type":"Point","coordinates":[-68.1,8.6]},"properties":{"region":1,"fire_occurred":0,"prediction":0.3118}},{"type":"Feature","geometry":{"type":"Point","coordinates":[-68.1,8.7]},"properties":{"region":1,"fire_occurred":0,"prediction":0.18}},{"type":"Feature","geometry":{"type":"Point","coordinates":[-68.1,8.8]},"properties":{"region":1,"fire_occurred":1,"prediction":0.1986}},{"type":"Feature","geometry":{"type":"Point","coordinates":[-68.1,9.3]},"properties":{"region":1,"fire_occurred":0,"prediction":0.1367}},{"type":"Feature","geometry":{"type":"Point","coordinates":[-68.1,9.4]},"properties":{"region":1,"fire_occurred":1,"prediction":0.1509}},{"type":"Feature","geometry":{"type":"Point","coordinates":[-68.1,9.5]},"properties":{"region":1,"fire_occurred":0,"prediction":0.2435}},{"type":"Feature","geometry":{"type":"Point","coordinates":[-68.1,9.6]},"properties":{"region":1,"fire_occurred":0,"prediction":0.117}},{"type":"Feature","geometry":{"type":"Point","coordinates":[-68.1,9.7]},"properties":{"region":1,"fire_occurred":0,"prediction":0.1552}},{"type":"Feature","geometry":{"type":"Point","coordinates":[-68.1,10.0]},"properties":{"region":1,"fire_occurred":0,"prediction":0.1207}},{"type":"Feature","geometry":{"type":"Point","coordinates":[-68.1,10.1]},"properties":{"region":1,"fire_occurred":0,"prediction":0.1303}},{"type":"Feature","geometry":{"type":"Point","coordinates":[-68.0,4.9]},"properties":{"region":1,"fire_occurred":0,"prediction":0.1625}},{"type":"Feature","geometry":{"type":"Point","coordinates":[-68.0,5.4]},"properties":{"region":1,"fire_occurred":1,"prediction":0.0501}},{"type":"Feature","geometry":{"type":"Point","coordinates":[-68.0,7.5]},"properties":{"region":1,"fire_occurred":0,"prediction":0.2857}},{"type":"Feature","geometry":{"type":"Point","coordinates":[-68.0,7.6]},"properties":{"region":1,"fire_occurred":0,"prediction":0.1082}},{"type":"Feature","geometry":{"type":"Point","coordinates":[-68.0,7.8]},"properties":{"region":1,"fire_occurred":0,"prediction":0.1247}},{"type":"Feature","geometry":{"type":"Point","coordinates":[-68.0,7.9]},"properties":{"region":1,"fire_occurred":0,"prediction":0.1691}},{"type":"Feature","geometry":{"type":"Point","coordinates":[-68.0,8.0]},"properties":{"region":1,"fire_occurred":0,"prediction":0.1181}},{"type":"Feature","geometry":{"type":"Point","coordinates":[-68.0,8.6]},"properties":{"region":1,"fire_occurred":0,"prediction":0.1129}},{"type":"Feature","geometry":{"type":"Point","coordinates":[-68.0,9.0]},"properties":{"region":1,"fire_occurred":0,"prediction":0.1571}},{"type":"Feature","geometry":{"type":"Point","coordinates":[-68.0,9.1]},"properties":{"region":1,"fire_occurred":0,"prediction":0.2199}},{"type":"Feature","geometry":{"type":"Point","coordinates":[-68.0,9.2]},"properties":{"region":1,"fire_occurred":0,"prediction":0.246}},{"type":"Feature","geometry":{"type":"Point","coordinates":[-68.0,9.3]},"properties":{"region":1,"fire_occurred":0,"prediction":0.1455}},{"type":"Feature","geometry":{"type":"Point","coordinates":[-68.0,9.4]},"properties":{"region":1,"fire_occurred":0,"prediction":0.218}},{"type":"Feature","geometry":{"type":"Point","coordinates":[-68.0,9.5]},"properties":{"region":1,"fire_occurred":0,"prediction":0.2676}},{"type":"Feature","geometry":{"type":"Point","coordinates":[-68.0,9.6]},"properties":{"region":1,"fire_occurred":0,"prediction":0.1827}},{"type":"Feature","geometry":{"type":"Point","coordinates":[-68.0,9.7]},"properties":{"region":1,"fire_occurred":0,"prediction":0.1837}},{"type":"Feature","geometry":{"type":"Point","coordinates":[-68.0,10.0]},"properties":{"region":1,"fire_occurred":0,"prediction":0.108}},{"type":"Feature","geometry":{"type":"Point","coordinates":[-68.0,10.2]},"properties":{"region":1,"fire_occurred":0,"prediction":0.1582}},{"type":"Feature","geometry":{"type":"Point","coordinates":[-67.9,5.4]},"properties":{"region":1,"fire_occurred":0,"prediction":0.1045}},{"type":"Feature","geometry":{"type":"Point","coordinates":[-67.9,7.6]},"properties":{"region":1,"fire_occurred":0,"prediction":0.1288}},{"type":"Feature","geometry":{"type":"Point","coordinates":[-67.9,8.0]},"properties":{"region":1,"fire_occurred":0,"prediction":0.126}},{"type":"Feature","geometry":{"type":"Point","coordinates":[-67.9,8.3]},"properties":{"region":1,"fire_occurred":0,"prediction":0.1127}},{"type":"Feature","geometry":{"type":"Point","coordinates":[-67.9,8.4]},"properties":{"region":1,"fire_occurred":0,"prediction":0.1771}},{"type":"Feature","geometry":{"type":"Point","coordinates":[-67.9,8.6]},"properties":{"region":1,"fire_occurred":0,"prediction":0.1441}},{"type":"Feature","geometry":{"type":"Point","coordinates":[-67.9,9.0]},"properties":{"region":1,"fire_occurred":0,"prediction":0.1194}},{"type":"Feature","geometry":{"type":"Point","coordinates":[-67.9,9.1]},"properties":{"region":1,"fire_occurred":0,"prediction":0.1761}},{"type":"Feature","geometry":{"type":"Point","coordinates":[-67.9,9.4]},"properties":{"region":1,"fire_occurred":0,"prediction":0.1066}},{"type":"Feature","geometry":{"type":"Point","coordinates":[-67.9,9.5]},"properties":{"region":1,"fire_occurred":0,"prediction":0.2016}},{"type":"Feature","geometry":{"type":"Point","coordinates":[-67.9,9.6]},"properties":{"region":1,"fire_occurred":0,"prediction":0.1289}},{"type":"Feature","geometry":{"type":"Point","coordinates":[-67.9,9.7]},"properties":{"region":1,"fire_occurred":0,"prediction":0.1046}},{"type":"Feature","geometry":{"type":"Point","coordinates":[-67.8,6.1]},"properties":{"region":1,"fire_occurred":0,"prediction":0.1481}},{"type":"Feature","geometry":{"type":"Point","coordinates":[-67.8,6.6]},"properties":{"region":1,"fire_occurred":1,"prediction":0.0263}},{"type":"Feature","geometry":{"type":"Point","coordinates":[-67.8,7.6]},"properties":{"region":1,"fire_occurred":0,"prediction":0.1447}},{"type":"Feature","geometry":{"type":"Point","coordinates":[-67.8,7.8]},"properties":{"region":1,"fire_occurred":0,"prediction":0.1444}},{"type":"Feature","geometry":{"type":"Point","coordinates":[-67.8,7.9]},"properties":{"region":1,"fire_occurred":0,"prediction":0.1127}},{"type":"Feature","geometry":{"type":"Point","coordinates":[-67.8,8.0]},"properties":{"region":1,"fire_occurred":0,"prediction":0.1221}},{"type":"Feature","geometry":{"type":"Point","coordinates":[-67.8,8.7]},"properties":{"region":1,"fire_occurred":0,"prediction":0.1977}},{"type":"Feature","geometry":{"type":"Point","coordinates":[-67.8,8.8]},"properties":{"region":1,"fire_occurred":0,"prediction":0.2025}},{"type":"Feature","geometry":{"type":"Point","coordinates":[-67.8,9.0]},"properties":{"region":1,"fire_occurred":0,"prediction":0.1406}},{"type":"Feature","geometry":{"type":"Point","coordinates":[-67.8,9.1]},"properties":{"region":1,"fire_occurred":0,"prediction":0.1195}},{"type":"Feature","geometry":{"type":"Point","coordinates":[-67.8,9.4]},"properties":{"region":1,"fire_occurred":0,"prediction":0.2071}},{"type":"Feature","geometry":{"type":"Point","coordinates":[-67.8,9.5]},"properties":{"region":1,"fire_occurred":1,"prediction":0.2384}},{"type":"Feature","geometry":{"type":"Point","coordinates":[-67.8,9.6]},"properties":{"region":1,"fire_occurred":0,"prediction":0.2113}},{"type":"Feature","geometry":{"type":"Point","coordinates":[-67.8,9.7]},"properties":{"region":1,"fire_occurred":0,"prediction":0.2079}},{"type":"Feature","geometry":{"type":"Point","coordinates":[-67.7,6.8]},"properties":{"region":1,"fire_occurred":0,"prediction":0.18}},{"type":"Feature","geometry":{"type":"Point","coordinates":[-67.7,7.6]},"properties":{"region":1,"fire_occurred":0,"prediction":0.2829}},{"type":"Feature","geometry":{"type":"Point","coordinates":[-67.7,7.8]},"properties":{"region":1,"fire_occurred":0,"prediction":0.2049}},{"type":"Feature","geometry":{"type":"Point","coordinates":[-67.7,7.9]},"properties":{"region":1,"fire_occurred":0,"prediction":0.213}},{"type":"Feature","geometry":{"type":"Point","coordinates":[-67.7,8.1]},"properties":{"region":1,"fire_occurred":0,"prediction":0.1157}},{"type":"Feature","geometry":{"type":"Point","coordinates":[-67.7,8.6]},"properties":{"region":1,"fire_occurred":0,"prediction":0.1728}},{"type":"Feature","geometry":{"type":"Point","coordinates":[-67.7,8.7]},"properties":{"region":1,"fire_occurred":0,"prediction":0.2693}},{"type":"Feature","geometry":{"type":"Point","coordinates":[-67.7,8.8]},"properties":{"region":1,"fire_occurred":0,"prediction":0.193}},{"type":"Feature","geometry":{"type":"Point","coordinates":[-67.7,8.9]},"properties":{"region":1,"fire_occurred":0,"prediction":0.1049}},{"type":"Feature","geometry":{"type":"Point","coordinates":[-67.7,9.0]},"properties":{"region":1,"fire_occurred":0,"prediction":0.2345}},{"type":"Feature","geometry":{"type":"Point","coordinates":[-67.7,9.1]},"properties":{"region":1,"fire_occurred":0,"prediction":0.3476}},{"type":"Feature","geometry":{"type":"Point","coordinates":[-67.7,9.2]},"properties":{"region":1,"fire_occurred":0,"prediction":0.1476}},{"type":"Feature","geometry":{"type":"Point","coordinates":[-67.7,9.3]},"properties":{"region":1,"fire_occurred":0,"prediction":0.3484}},{"type":"Feature","geometry":{"type":"Point","coordinates":[-67.7,9.4]},"properties":{"region":1,"fire_occurred":0,"prediction":0.4078}},{"type":"Feature","geometry":{"type":"Point","coordinates":[-67.7,9.5]},"properties":{"region":1,"fire_occurred":0,"prediction":0.3432}},{"type":"Feature","geometry":{"type":"Point","coordinates":[-67.7,9.6]},"properties":{"region":1,"fire_occurred":0,"prediction":0.1902}},{"type":"Feature","geometry":{"type":"Point","coordinates":[-67.7,9.8]},"properties":{"region":1,"fire_occurred":0,"prediction":0.1104}},{"type":"Feature","geometry":{"type":"Point","coordinates":[-67.7,9.9]},"properties":{"region":1,"fire_occurred":0,"prediction":0.1092}},{"type":"Feature","geometry":{"type":"Point","coordinates":[-67.6,7.8]},"properties":{"region":1,"fire_occurred":0,"prediction":0.1605}},{"type":"Feature","geometry":{"type":"Point","coordinates":[-67.6,7.9]},"properties":{"region":1,"fire_occurred":0,"prediction":0.1581}},{"type":"Feature","geometry":{"type":"Point","coordinates":[-67.6,8.7]},"properties":{"region":1,"fire_occurred":0,"prediction":0.1215}},{"type":"Feature","geometry":{"type":"Point","coordinates":[-67.6,8.9]},"properties":{"region":1,"fire_occurred":0,"prediction":0.1675}},{"type":"Feature","geometry":{"type":"Point","coordinates":[-67.6,9.1]},"properties":{"region":1,"fire_occurred":0,"prediction":0.1538}},{"type":"Feature","geometry":{"type":"Point","coordinates":[-67.6,9.2]},"properties":{"region":1,"fire_occurred":0,"prediction":0.1238}},{"type":"Feature","geometry":{"type":"Point","coordinates":[-67.6,9.3]},"properties":{"region":1,"fire_occurred":0,"prediction":0.3464}},{"type":"Feature","geometry":{"type":"Point","coordinates":[-67.6,9.4]},"properties":{"region":1,"fire_occurred":0,"prediction":0.3671}},{"type":"Feature","geometry":{"type":"Point","coordinates":[-67.6,9.5]},"properties":{"region":1,"fire_occurred":0,"prediction":0.1122}},{"type":"Feature","geometry":{"type":"Point","coordinates":[-67.6,9.6]},"properties":{"region":1,"fire_occurred":0,"prediction":0.1558}},{"type":"Feature","geometry":{"type":"Point","coordinates":[-67.6,10.1]},"properties":{"region":1,"fire_occurred":0,"prediction":0.1621}},{"type":"Feature","geometry":{"type":"Point","coordinates":[-67.6,10.2]},"properties":{"region":1,"fire_occurred":0,"prediction":0.1269}},{"type":"Feature","geometry":{"type":"Point","coordinates":[-67.5,6.2]},"properties":{"region":1,"fire_occurred":0,"prediction":0.1646}},{"type":"Feature","geometry":{"type":"Point","coordinates":[-67.5,7.2]},"properties":{"region":1,"fire_occurred":0,"prediction":0.1357}},{"type":"Feature","geometry":{"type":"Point","coordinates":[-67.5,7.8]},"properties":{"region":1,"fire_occurred":0,"prediction":0.2566}},{"type":"Feature","geometry":{"type":"Point","coordinates":[-67.5,7.9]},"properties":{"region":1,"fire_occurred":0,"prediction":0.1826}},{"type":"Feature","geometry":{"type":"Point","coordinates":[-67.5,8.7]},"properties":{"region":1,"fire_occurred":0,"prediction":0.1182}},{"type":"Feature","geometry":{"type":"Point","coordinates":[-67.5,8.8]},"properties":{"region":1,"fire_occurred":0,"prediction":0.1506}},{"type":"Feature","geometry":{"type":"Point","coordinates":[-67.5,9.2]},"properties":{"region":1,"fire_occurred":0,"prediction":0.221}},{"type":"Feature","geometry":{"type":"Point","coordinates":[-67.5,9.3]},"properties":{"region":1,"fire_occurred":1,"prediction":0.3168}},{"type":"Feature","geometry":{"type":"Point","coordinates":[-67.5,9.4]},"properties":{"region":1,"fire_occurred":0,"prediction":0.1553}},{"type":"Feature","geometry":{"type":"Point","coordinates":[-67.5,9.5]},"properties":{"region":1,"fire_occurred":1,"prediction":0.2188}},{"type":"Feature","geometry":{"type":"Point","coordinates":[-67.5,9.7]},"properties":{"region":1,"fire_occurred":0,"prediction":0.1233}},{"type":"Feature","geometry":{"type":"Point","coordinates":[-67.5,10.0]},"properties":{"region":1,"fire_occurred":0,"prediction":0.1004}},{"type":"Feature","geometry":{"type":"Point","coordinates":[-67.5,10.1]},"properties":{"region":1,"fire_occurred":0,"prediction":0.1384}},{"type":"Feature","geometry":{"type":"Point","coordinates":[-67.5,10.2]},"properties":{"region":1,"fire_occurred":0,"prediction":0.2157}},{"type":"Feature","geometry":{"type":"Point","coordinates":[-67.4,6.1]},"properties":{"region":1,"fire_occurred":0,"prediction":0.1597}},{"type":"Feature","geometry":{"type":"Point","coordinates":[-67.4,7.1]},"properties":{"region":1,"fire_occurred":0,"prediction":0.1199}},{"type":"Feature","geometry":{"type":"Point","coordinates":[-67.4,7.2]},"properties":{"region":1,"fire_occurred":0,"prediction":0.155}},{"type":"Feature","geometry":{"type":"Point","coordinates":[-67.4,7.3]},"properties":{"region":1,"fire_occurred":0,"prediction":0.2108}},{"type":"Feature","geometry":{"type":"Point","coordinates":[-67.4,7.8]},"properties":{"region":1,"fire_occurred":0,"prediction":0.1043}},{"type":"Feature","geometry":{"type":"Point","coordinates":[-67.4,7.9]},"properties":{"region":1,"fire_occurred":0,"prediction":0.1299}},{"type":"Feature","geometry":{"type":"Point","coordinates":[-67.4,8.3]},"properties":{"region":1,"fire_occurred":0,"prediction":0.1401}},{"type":"Feature","geometry":{"type":"Point","coordinates":[-67.4,8.4]},"properties":{"region":1,"fire_occurred":0,"prediction":0.1304}},{"type":"Feature","geometry":{"type":"Point","coordinates":[-67.4,8.7]},"properties":{"region":1,"fire_occurred":0,"prediction":0.2559}},{"type":"Feature","geometry":{"type":"Point","coordinates":[-67.4,8.8]},"properties":{"region":1,"fire_occurred":0,"prediction":0.1502}},{"type":"Feature","geometry":{"type":"Point","coordinates":[-67.4,9.4]},"properties":{"region":1,"fire_occurred":0,"prediction":0.1204}},{"type":"Feature","geometry":{"type":"Point","coordinates":[-67.4,9.6]},"properties":{"region":1,"fire_occurred":0,"prediction":0.1659}},{"type":"Feature","geometry":{"type":"Point","coordinates":[-67.4,9.7]},"properties":{"region":1,"fire_occurred":0,"prediction":0.2219}},{"type":"Feature","geometry":{"type":"Point","coordinates":[-67.4,9.8]},"properties":{"region":1,"fire_occurred":0,"prediction":0.1065}},{"type":"Feature","geometry":{"type":"Point","coordinates":[-67.4,10.2]},"properties":{"region":1,"fire_occurred":0,"prediction":0.2091}},{"type":"Feature","geometry":{"type":"Point","coordinates":[-67.3,7.2]},"properties":{"region":1,"fire_occurred":0,"prediction":0.1192}},{"type":"Feature","geometry":{"type":"Point","coordinates":[-67.3,7.3]},"properties":{"region":1,"fire_occurred":0,"prediction":0.4356}},{"type":"Feature","geometry":{"type":"Point","coordinates":[-67.3,7.4]},"properties":{"region":1,"fire_occurred":0,"prediction":0.1345}},{"type":"Feature","geometry":{"type":"Point","coordinates":[-67.3,7.5]},"properties":{"region":1,"fire_occurred":0,"prediction":0.1858}},{"type":"Feature","geometry":{"type":"Point","coordinates":[-67.3,7.9]},"properties":{"region":1,"fire_occurred":0,"prediction":0.1247}},{"type":"Feature","geometry":{"type":"Point","coordinates":[-67.3,8.2]},"properties":{"region":1,"fire_occurred":0,"prediction":0.3049}},{"type":"Feature","geometry":{"type":"Point","coordinates":[-67.3,8.3]},"properties":{"region":1,"fire_occurred":0,"prediction":0.3207}},{"type":"Feature","geometry":{"type":"Point","coordinates":[-67.3,9.1]},"properties":{"region":1,"fire_occurred":0,"prediction":0.2616}},{"type":"Feature","geometry":{"type":"Point","coordinates":[-67.3,9.3]},"properties":{"region":1,"fire_occurred":0,"prediction":0.2197}},{"type":"Feature","geometry":{"type":"Point","coordinates":[-67.3,9.4]},"properties":{"region":1,"fire_occurred":0,"prediction":0.1312}},{"type":"Feature","geometry":{"type":"Point","coordinates":[-67.3,9.6]},"properties":{"region":1,"fire_occurred":0,"prediction":0.2188}},{"type":"Feature","geometry":{"type":"Point","coordinates":[-67.3,9.7]},"properties":{"region":1,"fire_occurred":0,"prediction":0.2001}},{"type":"Feature","geometry":{"type":"Point","coordinates":[-67.3,10.2]},"properties":{"region":1,"fire_occurred":0,"prediction":0.1747}},{"type":"Feature","geometry":{"type":"Point","coordinates":[-67.2,7.2]},"properties":{"region":1,"fire_occurred":0,"prediction":0.1009}},{"type":"Feature","geometry":{"type":"Point","coordinates":[-67.2,7.3]},"properties":{"region":1,"fire_occurred":0,"prediction":0.3456}},{"type":"Feature","geometry":{"type":"Point","coordinates":[-67.2,7.4]},"properties":{"region":1,"fire_occurred":0,"prediction":0.2796}},{"type":"Feature","geometry":{"type":"Point","coordinates":[-67.2,7.5]},"properties":{"region":1,"fire_occurred":0,"prediction":0.352}},{"type":"Feature","geometry":{"type":"Point","coordinates":[-67.2,7.7]},"properties":{"region":1,"fire_occurred":0,"prediction":0.19}},{"type":"Feature","geometry":{"type":"Point","coordinates":[-67.2,7.8]},"properties":{"region":1,"fire_occurred":0,"prediction":0.1445}},{"type":"Feature","geometry":{"type":"Point","coordinates":[-67.2,8.2]},"properties":{"region":1,"fire_occurred":0,"prediction":0.1032}},{"type":"Feature","geometry":{"type":"Point","coordinates":[-67.2,9.0]},"properties":{"region":1,"fire_occurred":0,"prediction":0.1064}},{"type":"Feature","geometry":{"type":"Point","coordinates":[-67.2,9.1]},"properties":{"region":1,"fire_occurred":0,"prediction":0.1861}},{"type":"Feature","geometry":{"type":"Point","coordinates":[-67.2,9.2]},"properties":{"region":1,"fire_occurred":0,"prediction":0.1276}},{"type":"Feature","geometry":{"type":"Point","coordinates":[-67.2,9.3]},"properties":{"region":1,"fire_occurred":0,"prediction":0.1376}},{"type":"Feature","geometry":{"type":"Point","coordinates":[-67.2,9.4]},"properties":{"region":1,"fire_occurred":0,"prediction":0.1005}},{"type":"Feature","geometry":{"type":"Point","coordinates":[-67.2,9.6]},"properties":{"region":1,"fire_occurred":0,"prediction":0.1365}},{"type":"Feature","geometry":{"type":"Point","coordinates":[-67.2,9.8]},"properties":{"region":1,"fire_occurred":0,"prediction":0.1191}},{"type":"Feature","geometry":{"type":"Point","coordinates":[-67.2,10.2]},"properties":{"region":1,"fire_occurred":0,"prediction":0.178}},{"type":"Feature","geometry":{"type":"Point","coordinates":[-67.1,6.4]},"properties":{"region":1,"fire_occurred":0,"prediction":0.1129}},{"type":"Feature","geometry":{"type":"Point","coordinates":[-67.1,6.5]},"properties":{"region":1,"fire_occurred":0,"prediction":0.1199}},{"type":"Feature","geometry":{"type":"Point","coordinates":[-67.1,7.3]},"properties":{"region":1,"fire_occurred":0,"prediction":0.2717}},{"type":"Feature","geometry":{"type":"Point","coordinates":[-67.1,7.4]},"properties":{"region":1,"fire_occurred":0,"prediction":0.295}},{"type":"Feature","geometry":{"type":"Point","coordinates":[-67.1,7.5]},"properties":{"region":1,"fire_occurred":0,"prediction":0.3532}},{"type":"Feature","geometry":{"type":"Point","coordinates":[-67.1,7.6]},"properties":{"region":1,"fire_occurred":0,"prediction":0.2434}},{"type":"Feature","geometry":{"type":"Point","coordinates":[-67.1,7.7]},"properties":{"region":1,"fire_occurred":0,"prediction":0.3489}},{"type":"Feature","geometry":{"type":"Point","coordinates":[-67.1,9.1]},"properties":{"region":1,"fire_occurred":0,"prediction":0.1424}},{"type":"Feature","geometry":{"type":"Point","coordinates":[-67.1,9.2]},"properties":{"region":1,"fire_occurred":0,"prediction":0.1213}},{"type":"Feature","geometry":{"type":"Point","coordinates":[-67.1,9.6]},"properties":{"region":1,"fire_occurred":0,"prediction":0.113}},{"type":"Feature","geometry":{"type":"Point","coordinates":[-67.0,6.9]},"properties":{"region":1,"fire_occurred":0,"prediction":0.121}},{"type":"Feature","geometry":{"type":"Point","coordinates":[-67.0,7.3]},"properties":{"region":1,"fire_occurred":0,"prediction":0.2453}},{"type":"Feature","geometry":{"type":"Point","coordinates":[-67.0,7.4]},"properties":{"region":1,"fire_occurred":0,"prediction":0.1949}},{"type":"Feature","geometry":{"type":"Point","coordinates":[-67.0,7.5]},"properties":{"region":1,"fire_occurred":0,"prediction":0.3253}},{"type":"Feature","geometry":{"type":"Point","coordinates":[-67.0,7.6]},"properties":{"region":1,"fire_occurred":0,"prediction":0.2202}},{"type":"Feature","geometry":{"type":"Point","coordinates":[-67.0,7.7]},"properties":{"region":1,"fire_occurred":0,"prediction":0.1777}},{"type":"Feature","geometry":{"type":"Point","coordinates":[-67.0,7.8]},"properties":{"region":1,"fire_occurred":0,"prediction":0.1415}},{"type":"Feature","geometry":{"type":"Point","coordinates":[-67.0,7.9]},"properties":{"region":1,"fire_occurred":0,"prediction":0.1116}},{"type":"Feature","geometry":{"type":"Point","coordinates":[-67.0,8.0]},"properties":{"region":1,"fire_occurred":0,"prediction":0.1247}},{"type":"Feature","geometry":{"type":"Point","coordinates":[-67.0,9.0]},"properties":{"region":1,"fire_occurred":0,"prediction":0.1127}},{"type":"Feature","geometry":{"type":"Point","coordinates":[-67.0,9.2]},"properties":{"region":1,"fire_occurred":0,"prediction":0.1139}},{"type":"Feature","geometry":{"type":"Point","coordinates":[-67.0,9.8]},"properties":{"region":1,"fire_occurred":0,"prediction":0.2051}},{"type":"Feature","geometry":{"type":"Point","coordinates":[-66.9,1.3]},"properties":{"region":1,"fire_occurred":0,"prediction":0.1147}},{"type":"Feature","geometry":{"type":"Point","coordinates":[-66.9,2.0]},"properties":{"region":1,"fire_occurred":0,"prediction":0.1305}},{"type":"Feature","geometry":{"type":"Point","coordinates":[-66.9,4.0]},"properties":{"region":1,"fire_occurred":0,"prediction":0.106}},{"type":"Feature","geometry":{"type":"Point","coordinates":[-66.9,6.5]},"properties":{"region":1,"fire_occurred":0,"prediction":0.1663}},{"type":"Feature","geometry":{"type":"Point","coordinates":[-66.9,6.7]},"properties":{"region":1,"fire_occurred":0,"prediction":0.1003}},{"type":"Feature","geometry":{"type":"Point","coordinates":[-66.9,7.2]},"properties":{"region":1,"fire_occurred":0,"prediction":0.2495}},{"type":"Feature","geometry":{"type":"Point","coordinates":[-66.9,7.5]},"properties":{"region":1,"fire_occurred":0,"prediction":0.2155}},{"type":"Feature","geometry":{"type":"Point","coordinates":[-66.9,7.6]},"properties":{"region":1,"fire_occurred":0,"prediction":0.1694}},{"type":"Feature","geometry":{"type":"Point","coordinates":[-66.9,7.7]},"properties":{"region":1,"fire_occurred":0,"prediction":0.2282}},{"type":"Feature","geometry":{"type":"Point","coordinates":[-66.9,7.8]},"properties":{"region":1,"fire_occurred":0,"prediction":0.1346}},{"type":"Feature","geometry":{"type":"Point","coordinates":[-66.9,8.0]},"properties":{"region":1,"fire_occurred":0,"prediction":0.1005}},{"type":"Feature","geometry":{"type":"Point","coordinates":[-66.9,8.8]},"properties":{"region":1,"fire_occurred":0,"prediction":0.1963}},{"type":"Feature","geometry":{"type":"Point","coordinates":[-66.9,8.9]},"properties":{"region":1,"fire_occurred":0,"prediction":0.1378}},{"type":"Feature","geometry":{"type":"Point","coordinates":[-66.9,9.5]},"properties":{"region":1,"fire_occurred":0,"prediction":0.101}},{"type":"Feature","geometry":{"type":"Point","coordinates":[-66.9,9.6]},"properties":{"region":1,"fire_occurred":0,"prediction":0.1641}},{"type":"Feature","geometry":{"type":"Point","coordinates":[-66.9,9.7]},"properties":{"region":1,"fire_occurred":0,"prediction":0.1156}},{"type":"Feature","geometry":{"type":"Point","coordinates":[-66.9,10.2]},"properties":{"region":1,"fire_occurred":0,"prediction":0.1136}},{"type":"Feature","geometry":{"type":"Point","coordinates":[-66.8,6.5]},"properties":{"region":1,"fire_occurred":0,"prediction":0.1509}},{"type":"Feature","geometry":{"type":"Point","coordinates":[-66.8,6.8]},"properties":{"region":1,"fire_occurred":0,"prediction":0.1225}},{"type":"Feature","geometry":{"type":"Point","coordinates":[-66.8,7.5]},"properties":{"region":1,"fire_occurred":0,"prediction":0.1694}},{"type":"Feature","geometry":{"type":"Point","coordinates":[-66.8,7.6]},"properties":{"region":1,"fire_occurred":0,"prediction":0.117}},{"type":"Feature","geometry":{"type":"Point","coordinates":[-66.8,7.7]},"properties":{"region":1,"fire_occurred":0,"prediction":0.1658}},{"type":"Feature","geometry":{"type":"Point","coordinates":[-66.8,8.8]},"properties":{"region":1,"fire_occurred":0,"prediction":0.1422}},{"type":"Feature","geometry":{"type":"Point","coordinates":[-66.8,9.2]},"properties":{"region":1,"fire_occurred":0,"prediction":0.1133}},{"type":"Feature","geometry":{"type":"Point","coordinates":[-66.8,9.3]},"properties":{"region":1,"fire_occurred":0,"prediction":0.1167}},{"type":"Feature","geometry":{"type":"Point","coordinates":[-66.8,9.6]},"properties":{"region":1,"fire_occurred":0,"prediction":0.136}},{"type":"Feature","geometry":{"type":"Point","coordinates":[-66.8,9.7]},"properties":{"region":1,"fire_occurred":0,"prediction":0.1154}},{"type":"Feature","geometry":{"type":"Point","coordinates":[-66.7,2.1]},"properties":{"region":1,"fire_occurred":0,"prediction":0.104}},{"type":"Feature","geometry":{"type":"Point","coordinates":[-66.7,2.2]},"properties":{"region":1,"fire_occurred":0,"prediction":0.1126}},{"type":"Feature","geometry":{"type":"Point","coordinates":[-66.7,7.3]},"properties":{"region":1,"fire_occurred":0,"prediction":0.1323}},{"type":"Feature","geometry":{"type":"Point","coordinates":[-66.7,7.4]},"properties":{"region":1,"fire_occurred":0,"prediction":0.1078}},{"type":"Feature","geometry":{"type":"Point","coordinates":[-66.7,7.5]},"properties":{"region":1,"fire_occurred":0,"prediction":0.1957}},{"type":"Feature","geometry":{"type":"Point","coordinates":[-66.7,7.6]},"properties":{"region":1,"fire_occurred":0,"prediction":0.1045}},{"type":"Feature","geometry":{"type":"Point","coordinates":[-66.7,9.0]},"properties":{"region":1,"fire_occurred":0,"prediction":0.137}},{"type":"Feature","geometry":{"type":"Point","coordinates":[-66.7,9.7]},"properties":{"region":1,"fire_occurred":0,"prediction":0.1003}},{"type":"Feature","geometry":{"type":"Point","coordinates":[-66.6,1.4]},"properties":{"region":1,"fire_occurred":0,"prediction":0.2097}},{"type":"Feature","geometry":{"type":"Point","coordinates":[-66.6,1.5]},"properties":{"region":1,"fire_occurred":0,"prediction":0.1651}},{"type":"Feature","geometry":{"type":"Point","coordinates":[-66.6,1.6]},"properties":{"region":1,"fire_occurred":0,"prediction":0.1666}},{"type":"Feature","geometry":{"type":"Point","coordinates":[-66.6,1.7]},"properties":{"region":1,"fire_occurred":0,"prediction":0.1145}},{"type":"Feature","geometry":{"type":"Point","coordinates":[-66.6,2.3]},"properties":{"region":1,"fire_occurred":0,"prediction":0.1481}},{"type":"Feature","geometry":{"type":"Point","coordinates":[-66.6,3.3]},"properties":{"region":1,"fire_occurred":0,"prediction":0.1357}},{"type":"Feature","geometry":{"type":"Point","coordinates":[-66.6,3.4]},"properties":{"region":1,"fire_occurred":0,"prediction":0.1238}},{"type":"Feature","geometry":{"type":"Point","coordinates":[-66.6,3.6]},"properties":{"region":1,"fire_occurred":0,"prediction":0.1083}},{"type":"Feature","geometry":{"type":"Point","coordinates":[-66.6,7.5]},"properties":{"region":1,"fire_occurred":0,"prediction":0.2448}},{"type":"Feature","geometry":{"type":"Point","coordinates":[-66.5,1.1]},"properties":{"region":1,"fire_occurred":0,"prediction":0.1637}},{"type":"Feature","geometry":{"type":"Point","coordinates":[-66.5,1.2]},"properties":{"region":1,"fire_occurred":0,"prediction":0.1785}},{"type":"Feature","geometry":{"type":"Point","coordinates":[-66.5,1.3]},"properties":{"region":1,"fire_occurred":0,"prediction":0.113}},{"type":"Feature","geometry":{"type":"Point","coordinates":[-66.5,1.4]},"properties":{"region":1,"fire_occurred":0,"prediction":0.1672}},{"type":"Feature","geometry":{"type":"Point","coordinates":[-66.5,3.3]},"properties":{"region":1,"fire_occurred":0,"prediction":0.1063}},{"type":"Feature","geometry":{"type":"Point","coordinates":[-66.5,3.4]},"properties":{"region":1,"fire_occurred":0,"prediction":0.1045}},{"type":"Feature","geometry":{"type":"Point","coordinates":[-66.5,3.5]},"properties":{"region":1,"fire_occurred":0,"prediction":0.123}},{"type":"Feature","geometry":{"type":"Point","coordinates":[-66.5,3.6]},"properties":{"region":1,"fire_occurred":0,"prediction":0.1016}},{"type":"Feature","geometry":{"type":"Point","coordinates":[-66.5,3.7]},"properties":{"region":1,"fire_occurred":0,"prediction":0.1162}},{"type":"Feature","geometry":{"type":"Point","coordinates":[-66.5,7.7]},"properties":{"region":1,"fire_occurred":0,"prediction":0.237}},{"type":"Feature","geometry":{"type":"Point","coordinates":[-66.5,8.0]},"properties":{"region":1,"fire_occurred":0,"prediction":0.1376}},{"type":"Feature","geometry":{"type":"Point","coordinates":[-66.4,-1.7]},"properties":{"region":1,"fire_occurred":0,"prediction":0.1111}},{"type":"Feature","geometry":{"type":"Point","coordinates":[-66.4,3.7]},"properties":{"region":1,"fire_occurred":0,"prediction":0.1064}},{"type":"Feature","geometry":{"type":"Point","coordinates":[-66.4,5.7]},"properties":{"region":1,"fire_occurred":0,"prediction":0.1368}},{"type":"Feature","geometry":{"type":"Point","coordinates":[-66.4,7.7]},"properties":{"region":1,"fire_occurred":0,"prediction":0.1201}},{"type":"Feature","geometry":{"type":"Point","coordinates":[-66.4,8.1]},"properties":{"region":1,"fire_occurred":0,"prediction":0.1032}},{"type":"Feature","geometry":{"type":"Point","coordinates":[-66.4,8.3]},"properties":{"region":1,"fire_occurred":0,"prediction":0.1005}},{"type":"Feature","geometry":{"type":"Point","coordinates":[-66.4,8.4]},"properties":{"region":1,"fire_occurred":0,"prediction":0.1172}},{"type":"Feature","geometry":{"type":"Point","coordinates":[-66.4,9.8]},"properties":{"region":1,"fire_occurred":0,"prediction":0.1502}},{"type":"Feature","geometry":{"type":"Point","coordinates":[-66.3,6.6]},"properties":{"region":1,"fire_occurred":0,"prediction":0.1302}},{"type":"Feature","geometry":{"type":"Point","coordinates":[-66.3,7.0]},"properties":{"region":1,"fire_occurred":0,"prediction":0.1179}},{"type":"Feature","geometry":{"type":"Point","coordinates":[-66.3,7.7]},"properties":{"region":1,"fire_occurred":0,"prediction":0.1001}},{"type":"Feature","geometry":{"type":"Point","coordinates":[-66.3,9.4]},"properties":{"region":1,"fire_occurred":0,"prediction":0.1108}},{"type":"Feature","geometry":{"type":"Point","coordinates":[-66.3,9.5]},"properties":{"region":1,"fire_occurred":0,"prediction":0.1108}},{"type":"Feature","geometry":{"type":"Point","coordinates":[-66.3,9.8]},"properties":{"region":1,"fire_occurred":0,"prediction":0.1115}},{"type":"Feature","geometry":{"type":"Point","coordinates":[-66.2,1.1]},"properties":{"region":1,"fire_occurred":0,"prediction":0.2701}},{"type":"Feature","geometry":{"type":"Point","coordinates":[-66.2,1.2]},"properties":{"region":1,"fire_occurred":0,"prediction":0.1368}},{"type":"Feature","geometry":{"type":"Point","coordinates":[-66.2,5.1]},"properties":{"region":1,"fire_occurred":0,"prediction":0.1873}},{"type":"Feature","geometry":{"type":"Point","coordinates":[-66.2,5.4]},"properties":{"region":1,"fire_occurred":0,"prediction":0.147}},{"type":"Feature","geometry":{"type":"Point","coordinates":[-66.2,5.6]},"properties":{"region":1,"fire_occurred":0,"prediction":0.1017}},{"type":"Feature","geometry":{"type":"Point","coordinates":[-66.2,7.8]},"properties":{"region":1,"fire_occurred":0,"prediction":0.1761}},{"type":"Feature","geometry":{"type":"Point","coordinates":[-66.2,7.9]},"properties":{"region":1,"fire_occurred":0,"prediction":0.1043}},{"type":"Feature","geometry":{"type":"Point","coordinates":[-66.1,0.9]},"properties":{"region":1,"fire_occurred":0,"prediction":0.1238}},{"type":"Feature","geometry":{"type":"Point","coordinates":[-66.1,5.1]},"properties":{"region":1,"fire_occurred":0,"prediction":0.1934}},{"type":"Feature","geometry":{"type":"Point","coordinates":[-66.1,5.2]},"properties":{"region":1,"fire_occurred":0,"prediction":0.1657}},{"type":"Feature","geometry":{"type":"Point","coordinates":[-66.1,8.4]},"properties":{"region":1,"fire_occurred":0,"prediction":0.1535}},{"type":"Feature","geometry":{"type":"Point","coordinates":[-66.1,8.5]},"properties":{"region":1,"fire_occurred":0,"prediction":0.1288}},{"type":"Feature","geometry":{"type":"Point","coordinates":[-66.0,0.9]},"properties":{"region":1,"fire_occurred":0,"prediction":0.3069}},{"type":"Feature","geometry":{"type":"Point","coordinates":[-66.0,5.3]},"properties":{"region":1,"fire_occurred":0,"prediction":0.118}},{"type":"Feature","geometry":{"type":"Point","coordinates":[-66.0,5.4]},"properties":{"region":1,"fire_occurred":0,"prediction":0.1813}},{"type":"Feature","geometry":{"type":"Point","coordinates":[-66.0,5.5]},"properties":{"region":1,"fire_occurred":0,"prediction":0.1253}},{"type":"Feature","geometry":{"type":"Point","coordinates":[-66.0,8.4]},"properties":{"region":1,"fire_occurred":0,"prediction":0.1164}},{"type":"Feature","geometry":{"type":"Point","coordinates":[-65.9,5.4]},"properties":{"region":1,"fire_occurred":0,"prediction":0.2941}},{"type":"Feature","geometry":{"type":"Point","coordinates":[-65.9,5.5]},"properties":{"region":1,"fire_occurred":0,"prediction":0.2962}},{"type":"Feature","geometry":{"type":"Point","coordinates":[-65.9,8.1]},"properties":{"region":1,"fire_occurred":0,"prediction":0.1412}},{"type":"Feature","geometry":{"type":"Point","coordinates":[-65.9,8.2]},"properties":{"region":1,"fire_occurred":0,"prediction":0.1536}},{"type":"Feature","geometry":{"type":"Point","coordinates":[-65.8,3.7]},"properties":{"region":1,"fire_occurred":0,"prediction":0.155}},{"type":"Feature","geometry":{"type":"Point","coordinates":[-65.8,7.3]},"properties":{"region":1,"fire_occurred":0,"prediction":0.1018}},{"type":"Feature","geometry":{"type":"Point","coordinates":[-65.8,8.3]},"properties":{"region":1,"fire_occurred":0,"prediction":0.1092}},{"type":"Feature","geometry":{"type":"Point","coordinates":[-65.8,9.9]},"properties":{"region":1,"fire_occurred":0,"prediction":0.1031}},{"type":"Feature","geometry":{"type":"Point","coordinates":[-65.7,8.1]},"properties":{"region":1,"fire_occurred":0,"prediction":0.1328}},{"type":"Feature","geometry":{"type":"Point","coordinates":[-65.7,8.2]},"properties":{"region":1,"fire_occurred":0,"prediction":0.1391}},{"type":"Feature","geometry":{"type":"Point","coordinates":[-65.6,8.0]},"properties":{"region":1,"fire_occurred":0,"prediction":0.1259}},{"type":"Feature","geometry":{"type":"Point","coordinates":[-65.6,8.1]},"properties":{"region":1,"fire_occurred":0,"prediction":0.2125}},{"type":"Feature","geometry":{"type":"Point","coordinates":[-65.6,8.2]},"properties":{"region":1,"fire_occurred":0,"prediction":0.2123}},{"type":"Feature","geometry":{"type":"Point","coordinates":[-65.5,4.9]},"properties":{"region":1,"fire_occurred":0,"prediction":0.1634}},{"type":"Feature","geometry":{"type":"Point","coordinates":[-65.5,7.6]},"properties":{"region":1,"fire_occurred":1,"prediction":0.0785}},{"type":"Feature","geometry":{"type":"Point","coordinates":[-65.5,7.7]},"properties":{"region":1,"fire_occurred":0,"prediction":0.1249}},{"type":"Feature","geometry":{"type":"Point","coordinates":[-65.4,7.6]},"properties":{"region":1,"fire_occurred":1,"prediction":0.0507}},{"type":"Feature","geometry":{"type":"Point","coordinates":[-65.4,7.7]},"properties":{"region":1,"fire_occurred":1,"prediction":0.0953}},{"type":"Feature","geometry":{"type":"Point","coordinates":[-65.4,7.9]},"properties":{"region":1,"fire_occurred":0,"prediction":0.1473}},{"type":"Feature","geometry":{"type":"Point","coordinates":[-65.4,8.5]},"properties":{"region":1,"fire_occurred":0,"prediction":0.1556}},{"type":"Feature","geometry":{"type":"Point","coordinates":[-65.3,7.9]},"properties":{"region":1,"fire_occurred":0,"prediction":0.1688}},{"type":"Feature","geometry":{"type":"Point","coordinates":[-65.3,8.0]},"properties":{"region":1,"fire_occurred":0,"prediction":0.1374}},{"type":"Feature","geometry":{"type":"Point","coordinates":[-65.3,8.5]},"properties":{"region":1,"fire_occurred":0,"prediction":0.1497}},{"type":"Feature","geometry":{"type":"Point","coordinates":[-65.2,7.6]},"properties":{"region":1,"fire_occurred":0,"prediction":0.1063}},{"type":"Feature","geometry":{"type":"Point","coordinates":[-65.2,7.9]},"properties":{"region":1,"fire_occurred":0,"prediction":0.1245}},{"type":"Feature","geometry":{"type":"Point","coordinates":[-65.2,8.0]},"properties":{"region":1,"fire_occurred":0,"prediction":0.1164}},{"type":"Feature","geometry":{"type":"Point","coordinates":[-65.2,8.3]},"properties":{"region":1,"fire_occurred":0,"prediction":0.1215}},{"type":"Feature","geometry":{"type":"Point","coordinates":[-65.2,8.5]},"properties":{"region":1,"fire_occurred":0,"prediction":0.1253}},{"type":"Feature","geometry":{"type":"Point","coordinates":[-65.1,7.4]},"properties":{"region":1,"fire_occurred":1,"prediction":0.0322}},{"type":"Feature","geometry":{"type":"Point","coordinates":[-65.1,7.9]},"properties":{"region":1,"fire_occurred":0,"prediction":0.1731}},{"type":"Feature","geometry":{"type":"Point","coordinates":[-65.1,8.3]},"properties":{"region":1,"fire_occurred":0,"prediction":0.1425}},{"type":"Feature","geometry":{"type":"Point","coordinates":[-65.0,8.0]},"properties":{"region":1,"fire_occurred":0,"prediction":0.1183}},{"type":"Feature","geometry":{"type":"Point","coordinates":[-65.0,8.5]},"properties":{"region":1,"fire_occurred":1,"prediction":0.0315}},{"type":"Feature","geometry":{"type":"Point","coordinates":[-64.9,7.7]},"properties":{"region":1,"fire_occurred":0,"prediction":0.1067}},{"type":"Feature","geometry":{"type":"Point","coordinates":[-64.8,8.9]},"properties":{"region":1,"fire_occurred":0,"prediction":0.1432}},{"type":"Feature","geometry":{"type":"Point","coordinates":[-64.7,7.8]},"properties":{"region":1,"fire_occurred":0,"prediction":0.1107}},{"type":"Feature","geometry":{"type":"Point","coordinates":[-64.7,7.9]},"properties":{"region":1,"fire_occurred":0,"prediction":0.1076}},{"type":"Feature","geometry":{"type":"Point","coordinates":[-64.7,8.1]},"properties":{"region":1,"fire_occurred":0,"prediction":0.1051}},{"type":"Feature","geometry":{"type":"Point","coordinates":[-64.6,9.3]},"properties":{"region":1,"fire_occurred":1,"prediction":0.8957}},{"type":"Feature","geometry":{"type":"Point","coordinates":[-64.6,9.4]},"properties":{"region":1,"fire_occurred":0,"prediction":0.1112}},{"type":"Feature","geometry":{"type":"Point","coordinates":[-64.4,8.8]},"properties":{"region":1,"fire_occurred":1,"prediction":0.0088}},{"type":"Feature","geometry":{"type":"Point","coordinates":[-64.4,9.2]},"properties":{"region":1,"fire_occurred":0,"prediction":0.8664}},{"type":"Feature","geometry":{"type":"Point","coordinates":[-64.3,8.3]},"properties":{"region":1,"fire_occurred":0,"prediction":0.1078}},{"type":"Feature","geometry":{"type":"Point","coordinates":[-64.3,9.2]},"properties":{"region":1,"fire_occurred":0,"prediction":0.5213}},{"type":"Feature","geometry":{"type":"Point","coordinates":[-64.2,7.7]},"properties":{"region":1,"fire_occurred":1,"prediction":0.024}},{"type":"Feature","geometry":{"type":"Point","coordinates":[-64.2,8.4]},"properties":{"region":1,"fire_occurred":0,"prediction":0.1014}},{"type":"Feature","geometry":{"type":"Point","coordinates":[-64.2,9.6]},"properties":{"region":1,"fire_occurred":0,"prediction":0.1344}},{"type":"Feature","geometry":{"type":"Point","coordinates":[-64.1,8.1]},"properties":{"region":1,"fire_occurred":0,"prediction":0.1042}},{"type":"Feature","geometry":{"type":"Point","coordinates":[-64.1,8.2]},"properties":{"region":1,"fire_occurred":0,"prediction":0.103}},{"type":"Feature","geometry":{"type":"Point","coordinates":[-64.1,8.3]},"properties":{"region":1,"fire_occurred":0,"prediction":0.1372}},{"type":"Feature","geometry":{"type":"Point","coordinates":[-64.1,9.2]},"properties":{"region":1,"fire_occurred":0,"prediction":0.3268}},{"type":"Feature","geometry":{"type":"Point","coordinates":[-64.0,8.2]},"properties":{"region":1,"fire_occurred":0,"prediction":0.1012}},{"type":"Feature","geometry":{"type":"Point","coordinates":[-63.8,9.6]},"properties":{"region":1,"fire_occurred":1,"prediction":0.8719}},{"type":"Feature","geometry":{"type":"Point","coordinates":[-63.7,9.5]},"properties":{"region":1,"fire_occurred":0,"prediction":0.5961}},{"type":"Feature","geometry":{"type":"Point","coordinates":[-63.7,9.6]},"properties":{"region":1,"fire_occurred":1,"prediction":0.882}},{"type":"Feature","geometry":{"type":"Point","coordinates":[-63.6,7.5]},"properties":{"region":1,"fire_occurred":0,"prediction":0.1748}},{"type":"Feature","geometry":{"type":"Point","coordinates":[-63.6,7.7]},"properties":{"region":1,"fire_occurred":0,"prediction":0.1253}},{"type":"Feature","geometry":{"type":"Point","coordinates":[-63.6,9.6]},"properties":{"region":1,"fire_occurred":1,"prediction":0.8489}},{"type":"Feature","geometry":{"type":"Point","coordinates":[-63.5,7.3]},"properties":{"region":1,"fire_occurred":0,"prediction":0.106}},{"type":"Feature","geometry":{"type":"Point","coordinates":[-63.5,7.4]},"properties":{"region":1,"fire_occurred":0,"prediction":0.1172}},{"type":"Feature","geometry":{"type":"Point","coordinates":[-63.5,7.5]},"properties":{"region":1,"fire_occurred":0,"prediction":0.2539}},{"type":"Feature","geometry":{"type":"Point","coordinates":[-63.5,7.7]},"properties":{"region":1,"fire_occurred":0,"prediction":0.1532}},{"type":"Feature","geometry":{"type":"Point","coordinates":[-63.5,9.7]},"properties":{"region":1,"fire_occurred":1,"prediction":0.7148}},{"type":"Feature","geometry":{"type":"Point","coordinates":[-63.4,7.6]},"properties":{"region":1,"fire_occurred":0,"prediction":0.1423}},{"type":"Feature","geometry":{"type":"Point","coordinates":[-63.4,7.7]},"properties":{"region":1,"fire_occurred":0,"prediction":0.1871}},{"type":"Feature","geometry":{"type":"Point","coordinates":[-63.3,7.7]},"properties":{"region":1,"fire_occurred":0,"prediction":0.1239}},{"type":"Feature","geometry":{"type":"Point","coordinates":[-63.3,8.7]},"properties":{"region":1,"fire_occurred":1,"prediction":0.0014}},{"type":"Feature","geometry":{"type":"Point","coordinates":[-63.3,9.7]},"properties":{"region":1,"fire_occurred":0,"prediction":0.1143}},{"type":"Feature","geometry":{"type":"Point","coordinates":[-63.2,8.6]},"properties":{"region":1,"fire_occurred":0,"prediction":0.5367}},{"type":"Feature","geometry":{"type":"Point","coordinates":[-63.1,0.2]},"properties":{"region":1,"fire_occurred":0,"prediction":0.1083}},{"type":"Feature","geometry":{"type":"Point","coordinates":[-62.2,7.7]},"properties":{"region":1,"fire_occurred":1,"prediction":0.017}},{"type":"Feature","geometry":{"type":"Point","coordinates":[-61.4,5.2]},"properties":{"region":1,"fire_occurred":0,"prediction":0.1022}},{"type":"Feature","geometry":{"type":"Point","coordinates":[-61.4,5.3]},"properties":{"region":1,"fire_occurred":1,"prediction":0.1133}},{"type":"Feature","geometry":{"type":"Point","coordinates":[-61.4,5.4]},"properties":{"region":1,"fire_occurred":1,"prediction":0.03}},{"type":"Feature","geometry":{"type":"Point","coordinates":[-61.3,-3.8]},"properties":{"region":1,"fire_occurred":1,"prediction":0.0008}},{"type":"Feature","geometry":{"type":"Point","coordinates":[-61.0,1.6]},"properties":{"region":1,"fire_occurred":0,"prediction":0.1214}},{"type":"Feature","geometry":{"type":"Point","coordinates":[-61.0,1.7]},"properties":{"region":1,"fire_occurred":0,"prediction":0.1408}},{"type":"Feature","geometry":{"type":"Point","coordinates":[-60.9,2.2]},"properties":{"region":1,"fire_occurred":1,"prediction":0.0078}},{"type":"Feature","geometry":{"type":"Point","coordinates":[-60.9,3.8]},"properties":{"region":1,"fire_occurred":0,"prediction":0.1417}},{"type":"Feature","geometry":{"type":"Point","coordinates":[-60.8,3.8]},"properties":{"region":1,"fire_occurred":0,"prediction":0.1249}},{"type":"Feature","geometry":{"type":"Point","coordinates":[-60.8,3.9]},"properties":{"region":1,"fire_occurred":0,"prediction":0.1029}},{"type":"Feature","geometry":{"type":"Point","coordinates":[-60.7,3.8]},"properties":{"region":1,"fire_occurred":0,"prediction":0.1455}},{"type":"Feature","geometry":{"type":"Point","coordinates":[-60.7,3.9]},"properties":{"region":1,"fire_occurred":0,"prediction":0.1353}},{"type":"Feature","geometry":{"type":"Point","coordinates":[-60.7,4.3]},"properties":{"region":1,"fire_occurred":1,"prediction":0.0413}},{"type":"Feature","geometry":{"type":"Point","coordinates":[-60.6,-0.9]},"properties":{"region":1,"fire_occurred":0,"prediction":0.1008}},{"type":"Feature","geometry":{"type":"Point","coordinates":[-60.6,-0.8]},"properties":{"region":1,"fire_occurred":0,"prediction":0.1158}},{"type":"Feature","geometry":{"type":"Point","coordinates":[-60.6,3.4]},"properties":{"region":1,"fire_occurred":1,"prediction":0.0262}},{"type":"Feature","geometry":{"type":"Point","coordinates":[-60.6,3.8]},"properties":{"region":1,"fire_occurred":1,"prediction":0.0181}},{"type":"Feature","geometry":{"type":"Point","coordinates":[-60.6,4.0]},"properties":{"region":1,"fire_occurred":1,"prediction":0.0234}},{"type":"Feature","geometry":{"type":"Point","coordinates":[-60.6,4.1]},"properties":{"region":1,"fire_occurred":1,"prediction":0.104}},{"type":"Feature","geometry":{"type":"Point","coordinates":[-60.6,4.8]},"properties":{"region":1,"fire_occurred":1,"prediction":0.0659}},{"type":"Feature","geometry":{"type":"Point","coordinates":[-60.5,-0.8]},"properties":{"region":1,"fire_occurred":0,"prediction":0.1101}},{"type":"Feature","geometry":{"type":"Point","coordinates":[-60.5,-0.7]},"properties":{"region":1,"fire_occurred":0,"prediction":0.113}},{"type":"Feature","geometry":{"type":"Point","coordinates":[-60.5,-0.6]},"properties":{"region":1,"fire_occurred":0,"prediction":0.1151}},{"type":"Feature","geometry":{"type":"Point","coordinates":[-60.5,-0.5]},"properties":{"region":1,"fire_occurred":0,"prediction":0.1317}},{"type":"Feature","geometry":{"type":"Point","coordinates":[-60.5,-0.4]},"properties":{"region":1,"fire_occurred":0,"prediction":0.1246}},{"type":"Feature","geometry":{"type":"Point","coordinates":[-60.5,-0.3]},"properties":{"region":1,"fire_occurred":0,"prediction":0.138}},{"type":"Feature","geometry":{"type":"Point","coordinates":[-60.5,3.5]},"properties":{"region":1,"fire_occurred":1,"prediction":0.0585}},{"type":"Feature","geometry":{"type":"Point","coordinates":[-60.4,-0.7]},"properties":{"region":1,"fire_occurred":0,"prediction":0.1629}},{"type":"Feature","geometry":{"type":"Point","coordinates":[-60.4,-0.6]},"properties":{"region":1,"fire_occurred":0,"prediction":0.1667}},{"type":"Feature","geometry":{"type":"Point","coordinates":[-60.4,-0.5]},"properties":{"region":1,"fire_occurred":0,"prediction":0.1124}},{"type":"Feature","geometry":{"type":"Point","coordinates":[-60.4,-0.4]},"properties":{"region":1,"fire_occurred":0,"prediction":0.1412}},{"type":"Feature","geometry":{"type":"Point","coordinates":[-60.4,-0.3]},"properties":{"region":1,"fire_occurred":0,"prediction":0.1613}},{"type":"Feature","geometry":{"type":"Point","coordinates":[-60.4,-0.2]},"properties":{"region":1,"fire_occurred":0,"prediction":0.1053}},{"type":"Feature","geometry":{"type":"Point","coordinates":[-60.4,-0.1]},"properties":{"region":1,"fire_occurred":0,"prediction":0.1118}},{"type":"Feature","geometry":{"type":"Point","coordinates":[-60.4,3.5]},"properties":{"region":1,"fire_occurred":0,"prediction":0.1528}},{"type":"Feature","geometry":{"type":"Point","coordinates":[-60.3,-0.7]},"properties":{"region":1,"fire_occurred":0,"prediction":0.1538}},{"type":"Feature","geometry":{"type":"Point","coordinates":[-60.3,-0.6]},"properties":{"region":1,"fire_occurred":0,"prediction":0.1603}},{"type":"Feature","geometry":{"type":"Point","coordinates":[-60.3,-0.5]},"properties":{"region":1,"fire_occurred":0,"prediction":0.1067}},{"type":"Feature","geometry":{"type":"Point","coordinates":[-60.3,-0.4]},"properties":{"region":1,"fire_occurred":0,"prediction":0.1397}},{"type":"Feature","geometry":{"type":"Point","coordinates":[-60.3,-0.3]},"properties":{"region":1,"fire_occurred":0,"prediction":0.1606}},{"type":"Feature","geometry":{"type":"Point","coordinates":[-60.3,-0.2]},"properties":{"region":1,"fire_occurred":0,"prediction":0.108}},{"type":"Feature","geometry":{"type":"Point","coordinates":[-60.3,-0.1]},"properties":{"region":1,"fire_occurred":0,"prediction":0.1167}},{"type":"Feature","geometry":{"type":"Point","coordinates":[-60.3,2.8]},"properties":{"region":1,"fire_occurred":1,"prediction":0.0056}},{"type":"Feature","geometry":{"type":"Point","coordinates":[-60.3,4.5]},"properties":{"region":1,"fire_occurred":1,"prediction":0.0281}},{"type":"Feature","geometry":{"type":"Point","coordinates":[-60.2,-0.5]},"properties":{"region":1,"fire_occurred":0,"prediction":0.1962}},{"type":"Feature","geometry":{"type":"Point","coordinates":[-60.2,-0.4]},"properties":{"region":1,"fire_occurred":0,"prediction":0.1529}},{"type":"Feature","geometry":{"type":"Point","coordinates":[-60.2,-0.3]},"properties":{"region":1,"fire_occurred":0,"prediction":0.1931}},{"type":"Feature","geometry":{"type":"Point","coordinates":[-60.2,-0.2]},"properties":{"region":1,"fire_occurred":0,"prediction":0.1658}},{"type":"Feature","geometry":{"type":"Point","coordinates":[-60.2,-0.1]},"properties":{"region":1,"fire_occurred":0,"prediction":0.1775}},{"type":"Feature","geometry":{"type":"Point","coordinates":[-60.2,0.0]},"properties":{"region":1,"fire_occurred":0,"prediction":0.1575}},{"type":"Feature","geometry":{"type":"Point","coordinates":[-60.2,3.7]},"properties":{"region":1,"fire_occurred":1,"prediction":0.0209}},{"type":"Feature","geometry":{"type":"Point","coordinates":[-60.2,3.8]},"properties":{"region":1,"fire_occurred":1,"prediction":0.0491}},{"type":"Feature","geometry":{"type":"Point","coordinates":[-60.2,4.2]},"properties":{"region":1,"fire_occurred":1,"prediction":0.0685}},{"type":"Feature","geometry":{"type":"Point","coordinates":[-60.1,-0.9]},"properties":{"region":1,"fire_occurred":0,"prediction":0.1272}},{"type":"Feature","geometry":{"type":"Point","coordinates":[-60.1,-0.6]},"properties":{"region":1,"fire_occurred":0,"prediction":0.1155}},{"type":"Feature","geometry":{"type":"Point","coordinates":[-60.1,-0.5]},"properties":{"region":1,"fire_occurred":0,"prediction":0.1967}},{"type":"Feature","geometry":{"type":"Point","coordinates":[-60.1,-0.4]},"properties":{"region":1,"fire_occurred":0,"prediction":0.166}},{"type":"Feature","geometry":{"type":"Point","coordinates":[-60.1,-0.3]},"properties":{"region":1,"fire_occurred":0,"prediction":0.1912}},{"type":"Feature","geometry":{"type":"Point","coordinates":[-60.1,-0.2]},"properties":{"region":1,"fire_occurred":0,"prediction":0.127}},{"type":"Feature","geometry":{"type":"Point","coordinates":[-60.1,-0.1]},"properties":{"region":1,"fire_occurred":0,"prediction":0.1343}},{"type":"Feature","geometry":{"type":"Point","coordinates":[-60.1,0.0]},"properties":{"region":1,"fire_occurred":0,"prediction":0.1212}},{"type":"Feature","geometry":{"type":"Point","coordinates":[-60.1,3.0]},"properties":{"region":1,"fire_occurred":1,"prediction":0.0113}},{"type":"Feature","geometry":{"type":"Point","coordinates":[-60.1,3.1]},"properties":{"region":1,"fire_occurred":1,"prediction":0.0182}},{"type":"Feature","geometry":{"type":"Point","coordinates":[-60.0,-0.9]},"properties":{"region":1,"fire_occurred":0,"prediction":0.2624}},{"type":"Feature","geometry":{"type":"Point","coordinates":[-60.0,-0.4]},"properties":{"region":1,"fire_occurred":0,"prediction":0.1297}},{"type":"Feature","geometry":{"type":"Point","coordinates":[-60.0,-0.3]},"properties":{"region":1,"fire_occurred":0,"prediction":0.1743}},{"type":"Feature","geometry":{"type":"Point","coordinates":[-60.0,-0.2]},"properties":{"region":1,"fire_occurred":0,"prediction":0.1838}},{"type":"Feature","geometry":{"type":"Point","coordinates":[-60.0,-0.1]},"properties":{"region":1,"fire_occurred":0,"prediction":0.1704}},{"type":"Feature","geometry":{"type":"Point","coordinates":[-60.0,3.0]},"properties":{"region":1,"fire_occurred":1,"prediction":0.0496}},{"type":"Feature","geometry":{"type":"Point","coordinates":[-60.0,3.1]},"properties":{"region":1,"fire_occurred":1,"prediction":0.0154}},{"type":"Feature","geometry":{"type":"Point","coordinates":[-59.9,-21.8]},"properties":{"region":1,"fire_occurred":1,"prediction":0.0051}},{"type":"Feature","geometry":{"type":"Point","coordinates":[-59.9,-0.5]},"properties":{"region":1,"fire_occurred":0,"prediction":0.1005}},{"type":"Feature","geometry":{"type":"Point","coordinates":[-59.9,-0.4]},"properties":{"region":1,"fire_occurred":0,"prediction":0.1829}},{"type":"Feature","geometry":{"type":"Point","coordinates":[-59.9,-0.3]},"properties":{"region":1,"fire_occurred":0,"prediction":0.264}},{"type":"Feature","geometry":{"type":"Point","coordinates":[-59.9,3.4]},"properties":{"region":1,"fire_occurred":1,"prediction":0.0386}},{"type":"Feature","geometry":{"type":"Point","coordinates":[-59.8,-0.5]},"properties":{"region":1,"fire_occurred":0,"prediction":0.1075}},{"type":"Feature","geometry":{"type":"Point","coordinates":[-59.8,-0.4]},"properties":{"region":1,"fire_occurred":0,"prediction":0.2115}},{"type":"Feature","geometry":{"type":"Point","coordinates":[-59.8,-0.3]},"properties":{"region":1,"fire_occurred":0,"prediction":0.2399}},{"type":"Feature","geometry":{"type":"Point","coordinates":[-59.8,-0.1]},"properties":{"region":1,"fire_occurred":0,"prediction":0.1021}},{"type":"Feature","geometry":{"type":"Point","coordinates":[-59.8,3.4]},"properties":{"region":1,"fire_occurred":1,"prediction":0.0162}},{"type":"Feature","geometry":{"type":"Point","coordinates":[-59.8,3.7]},"properties":{"region":1,"fire_occurred":1,"prediction":0.0065}},{"type":"Feature","geometry":{"type":"Point","coordinates":[-59.8,3.8]},"properties":{"region":1,"fire_occurred":1,"prediction":0.0114}},{"type":"Feature","geometry":{"type":"Point","coordinates":[-59.7,2.9]},"properties":{"region":1,"fire_occurred":1,"prediction":0.0195}},{"type":"Feature","geometry":{"type":"Point","coordinates":[-59.7,3.9]},"properties":{"region":1,"fire_occurred":1,"prediction":0.0339}},{"type":"Feature","geometry":{"type":"Point","coordinates":[-59.6,2.8]},"properties":{"region":1,"fire_occurred":1,"prediction":0.0134}},{"type":"Feature","geometry":{"type":"Point","coordinates":[-59.5,-21.4]},"properties":{"region":1,"fire_occurred":0,"prediction":0.1443}},{"type":"Feature","geometry":{"type":"Point","coordinates":[-59.5,-20.4]},"properties":{"region":1,"fire_occurred":1,"prediction":0.0072}},{"type":"Feature","geometry":{"type":"Point","coordinates":[-59.4,3.5]},"properties":{"region":1,"fire_occurred":1,"prediction":0.0207}},{"type":"Feature","geometry":{"type":"Point","coordinates":[-59.3,2.7]},"properties":{"region":1,"fire_occurred":1,"prediction":0.0095}},{"type":"Feature","geometry":{"type":"Point","coordinates":[-59.3,3.9]},"properties":{"region":1,"fire_occurred":1,"prediction":0.0104}},{"type":"Feature","geometry":{"type":"Point","coordinates":[-59.0,-21.9]},"properties":{"region":1,"fire_occurred":0,"prediction":0.1324}},{"type":"Feature","geometry":{"type":"Point","coordinates":[-58.6,-21.4]},"properties":{"region":1,"fire_occurred":1,"prediction":0.0024}},{"type":"Feature","geometry":{"type":"Point","coordinates":[-57.7,-21.9]},"properties":{"region":1,"fire_occurred":1,"prediction":0.0027}},{"type":"Feature","geometry":{"type":"Point","coordinates":[-56.4,-22.7]},"properties":{"region":1,"fire_occurred":1,"prediction":0.0024}},{"type":"Feature","geometry":{"type":"Point","coordinates":[-56.4,-22.2]},"properties":{"region":1,"fire_occurred":1,"prediction":0.0035}},{"type":"Feature","geometry":{"type":"Point","coordinates":[-56.0,1.3]},"properties":{"region":1,"fire_occurred":1,"prediction":0.0032}},{"type":"Feature","geometry":{"type":"Point","coordinates":[-56.0,1.9]},"properties":{"region":1,"fire_occurred":1,"prediction":0.0061}},{"type":"Feature","geometry":{"type":"Point","coordinates":[48.3,-20.8]},"properties":{"region":1,"fire_occurred":1,"prediction":0.0174}},{"type":"Feature","geometry":{"type":"Point","coordinates":[48.4,-20.6]},"properties":{"region":1,"fire_occurred":1,"prediction":0.0353}},{"type":"Feature","geometry":{"type":"Point","coordinates":[48.6,-16.9]},"properties":{"region":1,"fire_occurred":1,"prediction":0.0001}},{"type":"Feature","geometry":{"type":"Point","coordinates":[48.7,-16.7]},"properties":{"region":1,"fire_occurred":1,"prediction":0.0002}},{"type":"Feature","geometry":{"type":"Point","coordinates":[49.0,-15.6]},"properties":{"region":1,"fire_occurred":1,"prediction":0.0007}},{"type":"Feature","geometry":{"type":"Point","coordinates":[49.2,-15.2]},"properties":{"region":1,"fire_occurred":1,"prediction":0.0011}},{"type":"Feature","geometry":{"type":"Point","coordinates":[50.3,-15.6]},"properties":{"region":1,"fire_occurred":1,"prediction":0.0021}},{"type":"Feature","geometry":{"type":"Point","coordinates":[70.7,22.8]},"properties":{"region":1,"fire_occurred":1,"prediction":0.0073}},{"type":"Feature","geometry":{"type":"Point","coordinates":[73.3,19.1]},"properties":{"region":1,"fire_occurred":1,"prediction":0.0158}},{"type":"Feature","geometry":{"type":"Point","coordinates":[73.3,19.6]},"properties":{"region":1,"fire_occurred":1,"prediction":0.0172}},{"type":"Feature","geometry":{"type":"Point","coordinates":[73.4,19.6]},"properties":{"region":1,"fire_occurred":1,"prediction":0.0042}},{"type":"Feature","geometry":{"type":"Point","coordinates":[74.0,21.4]},"properties":{"region":1,"fire_occurred":1,"prediction":0.0109}},{"type":"Feature","geometry":{"type":"Point","coordinates":[74.4,18.9]},"properties":{"region":1,"fire_occurred":1,"prediction":0.0337}},{"type":"Feature","geometry":{"type":"Point","coordinates":[74.4,23.9]},"properties":{"region":1,"fire_occurred":1,"prediction":0.0027}},{"type":"Feature","geometry":{"type":"Point","coordinates":[74.6,18.6]},"properties":{"region":1,"fire_occurred":1,"prediction":0.0092}},{"type":"Feature","geometry":{"type":"Point","coordinates":[74.7,17.8]},"properties":{"region":1,"fire_occurred":1,"prediction":0.0396}},{"type":"Feature","geometry":{"type":"Point","coordinates":[74.8,16.7]},"properties":{"region":1,"fire_occurred":1,"prediction":0.0047}},{"type":"Feature","geometry":{"type":"Point","coordinates":[75.0,17.9]},"properties":{"region":1,"fire_occurred":0,"prediction":0.1241}},{"type":"Feature","geometry":{"type":"Point","coordinates":[75.1,24.6]},"properties":{"region":1,"fire_occurred":1,"prediction":0.0215}},{"type":"Feature","geometry":{"type":"Point","coordinates":[75.4,16.4]},"properties":{"region":1,"fire_occurred":0,"prediction":0.1092}},{"type":"Feature","geometry":{"type":"Point","coordinates":[75.5,16.2]},"properties":{"region":1,"fire_occurred":0,"prediction":0.1141}},{"type":"Feature","geometry":{"type":"Point","coordinates":[75.6,17.5]},"properties":{"region":1,"fire_occurred":0,"prediction":0.1114}},{"type":"Feature","geometry":{"type":"Point","coordinates":[75.7,24.0]},"properties":{"region":1,"fire_occurred":1,"prediction":0.0037}},{"type":"Feature","geometry":{"type":"Point","coordinates":[75.8,13.9]},"properties":{"region":1,"fire_occurred":1,"prediction":0.0009}},{"type":"Feature","geometry":{"type":"Point","coordinates":[76.5,20.7]},"properties":{"region":1,"fire_occurred":1,"prediction":0.0047}},{"type":"Feature","geometry":{"type":"Point","coordinates":[76.6,15.1]},"properties":{"region":1,"fire_occurred":0,"prediction":0.1443}},{"type":"Feature","geometry":{"type":"Point","coordinates":[76.7,14.9]},"properties":{"region":1,"fire_occurred":0,"prediction":0.1165}},{"type":"Feature","geometry":{"type":"Point","coordinates":[77.4,23.9]},"properties":{"region":1,"fire_occurred":0,"prediction":0.1045}},{"type":"Feature","geometry":{"type":"Point","coordinates":[77.7,11.4]},"properties":{"region":1,"fire_occurred":1,"prediction":0.0064}},{"type":"Feature","geometry":{"type":"Point","coordinates":[78.0,18.5]},"properties":{"region":1,"fire_occurred":0,"prediction":0.1309}},{"type":"Feature","geometry":{"type":"Point","coordinates":[78.5,19.1]},"properties":{"region":1,"fire_occurred":0,"prediction":0.1339}},{"type":"Feature","geometry":{"type":"Point","coordinates":[78.6,19.3]},"properties":{"region":1,"fire_occurred":0,"prediction":0.1001}},{"type":"Feature","geometry":{"type":"Point","coordinates":[79.0,11.1]},"properties":{"region":1,"fire_occurred":1,"prediction":0.0026}},{"type":"Feature","geometry":{"type":"Point","coordinates":[79.0,16.1]},"properties":{"region":1,"fire_occurred":0,"prediction":0.1223}},{"type":"Feature","geometry":{"type":"Point","coordinates":[79.1,16.1]},"properties":{"region":1,"fire_occurred":0,"prediction":0.1193}},{"type":"Feature","geometry":{"type":"Point","coordinates":[79.1,20.8]},"properties":{"region":1,"fire_occurred":1,"prediction":0.0044}},{"type":"Feature","geometry":{"type":"Point","coordinates":[79.1,22.8]},"properties":{"region":1,"fire_occurred":1,"prediction":0.0081}},{"type":"Feature","geometry":{"type":"Point","coordinates":[79.1,22.9]},"properties":{"region":1,"fire_occurred":1,"prediction":0.0269}},{"type":"Feature","geometry":{"type":"Point","coordinates":[79.8,23.9]},"properties":{"region":1,"fire_occurred":0,"prediction":0.1661}},{"type":"Feature","geometry":{"type":"Point","coordinates":[82.2,19.8]},"properties":{"region":1,"fire_occurred":0,"prediction":0.1043}},{"type":"Feature","geometry":{"type":"Point","coordinates":[82.6,22.3]},"properties":{"region":1,"fire_occurred":0,"prediction":0.8495}},{"type":"Feature","geometry":{"type":"Point","coordinates":[83.2,18.7]},"properties":{"region":1,"fire_occurred":1,"prediction":0.0364}},{"type":"Feature","geometry":{"type":"Point","coordinates":[83.3,21.9]},"properties":{"region":1,"fire_occurred":0,"prediction":0.2056}},{"type":"Feature","geometry":{"type":"Point","coordinates":[83.7,22.0]},"properties":{"region":1,"fire_occurred":0,"prediction":0.2659}},{"type":"Feature","geometry":{"type":"Point","coordinates":[84.8,22.2]},"properties":{"region":1,"fire_occurred":0,"prediction":0.1582}},{"type":"Feature","geometry":{"type":"Point","coordinates":[85.0,21.0]},"properties":{"region":1,"fire_occurred":1,"prediction":0.9247}},{"type":"Feature","geometry":{"type":"Point","coordinates":[85.1,20.9]},"properties":{"region":1,"fire_occurred":1,"prediction":0.8977}},{"type":"Feature","geometry":{"type":"Point","coordinates":[85.2,20.7]},"properties":{"region":1,"fire_occurred":0,"prediction":0.6856}},{"type":"Feature","geometry":{"type":"Point","coordinates":[86.0,23.6]},"properties":{"region":1,"fire_occurred":1,"prediction":0.0234}},{"type":"Feature","geometry":{"type":"Point","coordinates":[86.1,20.9]},"properties":{"region":1,"fire_occurred":1,"prediction":0.0103}},{"type":"Feature","geometry":{"type":"Point","coordinates":[86.2,22.7]},"properties":{"region":1,"fire_occurred":0,"prediction":0.1743}},{"type":"Feature","geometry":{"type":"Point","coordinates":[86.3,23.7]},"properties":{"region":1,"fire_occurred":0,"prediction":0.5032}},{"type":"Feature","geometry":{"type":"Point","coordinates":[86.4,23.7]},"properties":{"region":1,"fire_occurred":0,"prediction":0.1794}},{"type":"Feature","geometry":{"type":"Point","coordinates":[86.8,21.6]},"properties":{"region":1,"fire_occurred":1,"prediction":0.0315}},{"type":"Feature","geometry":{"type":"Point","coordinates":[87.0,22.0]},"properties":{"region":1,"fire_occurred":1,"prediction":0.0939}},{"type":"Feature","geometry":{"type":"Point","coordinates":[87.0,22.8]},"properties":{"region":1,"fire_occurred":1,"prediction":0.0144}},{"type":"Feature","geometry":{"type":"Point","coordinates":[89.0,23.3]},"properties":{"region":1,"fire_occurred":1,"prediction":0.0101}},{"type":"Feature","geometry":{"type":"Point","coordinates":[90.3,26.9]},"properties":{"region":1,"fire_occurred":1,"prediction":0.0135}},{"type":"Feature","geometry":{"type":"Point","coordinates":[90.7,26.7]},"properties":{"region":1,"fire_occurred":1,"prediction":0.0829}},{"type":"Feature","geometry":{"type":"Point","coordinates":[90.8,26.6]},"properties":{"region":1,"fire_occurred":1,"prediction":0.1221}},{"type":"Feature","geometry":{"type":"Point","coordinates":[90.8,26.7]},"properties":{"region":1,"fire_occurred":1,"prediction":0.2894}},{"type":"Feature","geometry":{"type":"Point","coordinates":[90.9,26.6]},"properties":{"region":1,"fire_occurred":0,"prediction":0.1706}},{"type":"Feature","geometry":{"type":"Point","coordinates":[90.9,26.7]},"properties":{"region":1,"fire_occurred":0,"prediction":0.2895}},{"type":"Feature","geometry":{"type":"Point","coordinates":[91.1,25.4]},"properties":{"region":1,"fire_occurred":1,"prediction":0.026}},{"type":"Feature","geometry":{"type":"Point","coordinates":[91.1,25.6]},"properties":{"region":1,"fire_occurred":1,"prediction":0.0054}},{"type":"Feature","geometry":{"type":"Point","coordinates":[91.4,25.2]},"properties":{"region":1,"fire_occurred":1,"prediction":0.0112}},{"type":"Feature","geometry":{"type":"Point","coordinates":[91.4,25.3]},"properties":{"region":1,"fire_occurred":1,"prediction":0.0246}},{"type":"Feature","geometry":{"type":"Point","coordinates":[91.6,25.2]},"properties":{"region":1,"fire_occurred":1,"prediction":0.0131}},{"type":"Feature","geometry":{"type":"Point","coordinates":[91.8,22.9]},"properties":{"region":1,"fire_occurred":0,"prediction":0.1836}},{"type":"Feature","geometry":{"type":"Point","coordinates":[92.2,23.8]},"properties":{"region":1,"fire_occurred":0,"prediction":0.1223}},{"type":"Feature","geometry":{"type":"Point","coordinates":[92.2,24.3]},"properties":{"region":1,"fire_occurred":1,"prediction":0.0103}},{"type":"Feature","geometry":{"type":"Point","coordinates":[92.2,25.2]},"properties":{"region":1,"fire_occurred":1,"prediction":0.0076}},{"type":"Feature","geometry":{"type":"Point","coordinates":[92.3,23.8]},"properties":{"region":1,"fire_occurred":0,"prediction":0.1624}},{"type":"Feature","geometry":{"type":"Point","coordinates":[92.3,23.9]},"properties":{"region":1,"fire_occurred":0,"prediction":0.1529}},{"type":"Feature","geometry":{"type":"Point","coordinates":[92.3,24.0]},"properties":{"region":1,"fire_occurred":1,"prediction":0.0945}},{"type":"Feature","geometry":{"type":"Point","coordinates":[92.3,24.1]},"properties":{"region":1,"fire_occurred":1,"prediction":0.0139}},{"type":"Feature","geometry":{"type":"Point","coordinates":[92.3,25.4]},"properties":{"region":1,"fire_occurred":1,"prediction":0.012}},{"type":"Feature","geometry":{"type":"Point","coordinates":[92.4,23.7]},"properties":{"region":1,"fire_occurred":0,"prediction":0.1092}},{"type":"Feature","geometry":{"type":"Point","coordinates":[92.4,23.8]},"properties":{"region":1,"fire_occurred":0,"prediction":0.1475}},{"type":"Feature","geometry":{"type":"Point","coordinates":[92.4,23.9]},"properties":{"region":1,"fire_occurred":1,"prediction":0.057}},{"type":"Feature","geometry":{"type":"Point","coordinates":[92.4,24.0]},"properties":{"region":1,"fire_occurred":0,"prediction":0.1839}},{"type":"Feature","geometry":{"type":"Point","coordinates":[92.4,24.1]},"properties":{"region":1,"fire_occurred":1,"prediction":0.0774}},{"type":"Feature","geometry":{"type":"Point","coordinates":[92.4,25.7]},"properties":{"region":1,"fire_occurred":1,"prediction":0.0189}},{"type":"Feature","geometry":{"type":"Point","coordinates":[92.5,23.8]},"properties":{"region":1,"fire_occurred":1,"prediction":0.0662}},{"type":"Feature","geometry":{"type":"Point","coordinates":[92.5,24.1]},"properties":{"region":1,"fire_occurred":1,"prediction":0.0154}},{"type":"Feature","geometry":{"type":"Point","coordinates":[92.5,25.5]},"properties":{"region":1,"fire_occurred":1,"prediction":0.0342}},{"type":"Feature","geometry":{"type":"Point","coordinates":[92.6,23.6]},"properties":{"region":1,"fire_occurred":1,"prediction":0.0751}},{"type":"Feature","geometry":{"type":"Point","coordinates":[92.6,24.2]},"properties":{"region":1,"fire_occurred":0,"prediction":0.129}},{"type":"Feature","geometry":{"type":"Point","coordinates":[92.6,24.3]},"properties":{"region":1,"fire_occurred":0,"prediction":0.1229}},{"type":"Feature","geometry":{"type":"Point","coordinates":[92.6,25.2]},"properties":{"region":1,"fire_occurred":1,"prediction":0.005}},{"type":"Feature","geometry":{"type":"Point","coordinates":[92.6,25.6]},"properties":{"region":1,"fire_occurred":1,"prediction":0.0053}},{"type":"Feature","geometry":{"type":"Point","coordinates":[92.7,23.0]},"properties":{"region":1,"fire_occurred":1,"prediction":0.0416}},{"type":"Feature","geometry":{"type":"Point","coordinates":[92.7,23.5]},"properties":{"region":1,"fire_occurred":1,"prediction":0.0342}},{"type":"Feature","geometry":{"type":"Point","coordinates":[92.7,23.6]},"properties":{"region":1,"fire_occurred":1,"prediction":0.0194}},{"type":"Feature","geometry":{"type":"Point","coordinates":[92.7,23.9]},"properties":{"region":1,"fire_occurred":0,"prediction":0.1422}},{"type":"Feature","geometry":{"type":"Point","coordinates":[92.7,24.3]},"properties":{"region":1,"fire_occurred":0,"prediction":0.12}},{"type":"Feature","geometry":{"type":"Point","coordinates":[92.8,23.0]},"properties":{"region":1,"fire_occurred":1,"prediction":0.0181}},{"type":"Feature","geometry":{"type":"Point","coordinates":[92.8,23.9]},"properties":{"region":1,"fire_occurred":1,"prediction":0.0167}},{"type":"Feature","geometry":{"type":"Point","coordinates":[92.9,22.5]},"properties":{"region":1,"fire_occurred":1,"prediction":0.0216}},{"type":"Feature","geometry":{"type":"Point","coordinates":[92.9,23.5]},"properties":{"region":1,"fire_occurred":1,"prediction":0.0711}},{"type":"Feature","geometry":{"type":"Point","coordinates":[93.1,22.2]},"properties":{"region":1,"fire_occurred":1,"prediction":0.0205}},{"type":"Feature","geometry":{"type":"Point","coordinates":[93.1,22.5]},"properties":{"region":1,"fire_occurred":1,"prediction":0.0307}},{"type":"Feature","geometry":{"type":"Point","coordinates":[93.1,23.2]},"properties":{"region":1,"fire_occurred":1,"prediction":0.024}},{"type":"Feature","geometry":{"type":"Point","coordinates":[93.1,23.8]},"properties":{"region":1,"fire_occurred":1,"prediction":0.0244}},{"type":"Feature","geometry":{"type":"Point","coordinates":[93.1,24.7]},"properties":{"region":1,"fire_occurred":0,"prediction":0.1009}},{"type":"Feature","geometry":{"type":"Point","coordinates":[93.2,22.4]},"properties":{"region":1,"fire_occurred":0,"prediction":0.1003}},{"type":"Feature","geometry":{"type":"Point","coordinates":[93.2,22.8]},"properties":{"region":1,"fire_occurred":1,"prediction":0.0374}},{"type":"Feature","geometry":{"type":"Point","coordinates":[93.2,23.2]},"properties":{"region":1,"fire_occurred":1,"prediction":0.0465}},{"type":"Feature","geometry":{"type":"Point","coordinates":[93.2,23.8]},"properties":{"region":1,"fire_occurred":1,"prediction":0.0997}},{"type":"Feature","geometry":{"type":"Point","coordinates":[93.3,22.2]},"properties":{"region":1,"fire_occurred":1,"prediction":0.0212}},{"type":"Feature","geometry":{"type":"Point","coordinates":[93.3,22.3]},"properties":{"region":1,"fire_occurred":1,"prediction":0.0445}},{"type":"Feature","geometry":{"type":"Point","coordinates":[93.3,23.5]},"properties":{"region":1,"fire_occurred":0,"prediction":0.101}},{"type":"Feature","geometry":{"type":"Point","coordinates":[93.3,23.6]},"properties":{"region":1,"fire_occurred":1,"prediction":0.0655}},{"type":"Feature","geometry":{"type":"Point","coordinates":[93.3,23.8]},"properties":{"region":1,"fire_occurred":1,"prediction":0.0253}},{"type":"Feature","geometry":{"type":"Point","coordinates":[93.4,22.1]},"properties":{"region":1,"fire_occurred":1,"prediction":0.0381}},{"type":"Feature","geometry":{"type":"Point","coordinates":[93.5,22.5]},"properties":{"region":1,"fire_occurred":1,"prediction":0.0717}},{"type":"Feature","geometry":{"type":"Point","coordinates":[93.5,22.6]},"properties":{"region":1,"fire_occurred":0,"prediction":0.1168}},{"type":"Feature","geometry":{"type":"Point","coordinates":[93.5,22.7]},"properties":{"region":1,"fire_occurred":1,"prediction":0.0731}},{"type":"Feature","geometry":{"type":"Point","coordinates":[93.5,23.3]},"properties":{"region":1,"fire_occurred":1,"prediction":0.0891}},{"type":"Feature","geometry":{"type":"Point","coordinates":[93.5,23.6]},"properties":{"region":1,"fire_occurred":1,"prediction":0.0914}},{"type":"Feature","geometry":{"type":"Point","coordinates":[93.5,24.6]},"properties":{"region":1,"fire_occurred":1,"prediction":0.0587}},{"type":"Feature","geometry":{"type":"Point","coordinates":[93.5,24.8]},"properties":{"region":1,"fire_occurred":1,"prediction":0.0628}},{"type":"Feature","geometry":{"type":"Point","coordinates":[93.6,23.1]},"properties":{"region":1,"fire_occurred":0,"prediction":0.1279}},{"type":"Feature","geometry":{"type":"Point","coordinates":[93.6,23.5]},"properties":{"region":1,"fire_occurred":0,"prediction":0.113}},{"type":"Feature","geometry":{"type":"Point","coordinates":[93.6,23.6]},"properties":{"region":1,"fire_occurred":0,"prediction":0.1313}},{"type":"Feature","geometry":{"type":"Point","coordinates":[93.6,24.6]},"properties":{"region":1,"fire_occurred":1,"prediction":0.1391}},{"type":"Feature","geometry":{"type":"Point","coordinates":[93.6,24.7]},"properties":{"region":1,"fire_occurred":1,"prediction":0.1043}},{"type":"Feature","geometry":{"type":"Point","coordinates":[93.7,23.3]},"properties":{"region":1,"fire_occurred":0,"prediction":0.106}},{"type":"Feature","geometry":{"type":"Point","coordinates":[93.7,23.6]},"properties":{"region":1,"fire_occurred":1,"prediction":0.1652}},{"type":"Feature","geometry":{"type":"Point","coordinates":[93.7,23.7]},"properties":{"region":1,"fire_occurred":1,"prediction":0.0779}},{"type":"Feature","geometry":{"type":"Point","coordinates":[93.7,23.8]},"properties":{"region":1,"fire_occurred":1,"prediction":0.1761}},{"type":"Feature","geometry":{"type":"Point","coordinates":[93.7,24.8]},"properties":{"region":1,"fire_occurred":1,"prediction":0.0719}},{"type":"Feature","geometry":{"type":"Point","coordinates":[93.8,22.1]},"properties":{"region":1,"fire_occurred":1,"prediction":0.0195}},{"type":"Feature","geometry":{"type":"Point","coordinates":[93.8,23.9]},"properties":{"region":1,"fire_occurred":0,"prediction":0.1289}},{"type":"Feature","geometry":{"type":"Point","coordinates":[93.9,21.2]},"properties":{"region":1,"fire_occurred":1,"prediction":0.0209}},{"type":"Feature","geometry":{"type":"Point","coordinates":[93.9,21.8]},"properties":{"region":1,"fire_occurred":1,"prediction":0.0692}},{"type":"Feature","geometry":{"type":"Point","coordinates":[93.9,21.9]},"properties":{"region":1,"fire_occurred":1,"prediction":0.2741}},{"type":"Feature","geometry":{"type":"Point","coordinates":[93.9,22.0]},"properties":{"region":1,"fire_occurred":1,"prediction":0.3559}},{"type":"Feature","geometry":{"type":"Point","coordinates":[93.9,22.1]},"properties":{"region":1,"fire_occurred":1,"prediction":0.3109}},{"type":"Feature","geometry":{"type":"Point","coordinates":[93.9,22.2]},"properties":{"region":1,"fire_occurred":1,"prediction":0.1749}},{"type":"Feature","geometry":{"type":"Point","coordinates":[93.9,22.3]},"properties":{"region":1,"fire_occurred":0,"prediction":0.1697}},{"type":"Feature","geometry":{"type":"Point","coordinates":[94.0,21.6]},"properties":{"region":1,"fire_occurred":1,"prediction":0.2188}},{"type":"Feature","geometry":{"type":"Point","coordinates":[94.0,21.7]},"properties":{"region":1,"fire_occurred":0,"prediction":0.1126}},{"type":"Feature","geometry":{"type":"Point","coordinates":[94.0,21.8]},"properties":{"region":1,"fire_occurred":0,"prediction":0.1661}},{"type":"Feature","geometry":{"type":"Point","coordinates":[94.1,20.5]},"properties":{"region":1,"fire_occurred":0,"prediction":0.1291}},{"type":"Feature","geometry":{"type":"Point","coordinates":[94.1,20.7]},"properties":{"region":1,"fire_occurred":1,"prediction":0.1166}},{"type":"Feature","geometry":{"type":"Point","coordinates":[94.1,20.8]},"properties":{"region":1,"fire_occurred":0,"prediction":0.1732}},{"type":"Feature","geometry":{"type":"Point","coordinates":[94.1,21.3]},"properties":{"region":1,"fire_occurred":1,"prediction":0.1297}},{"type":"Feature","geometry":{"type":"Point","coordinates":[94.1,21.4]},"properties":{"region":1,"fire_occurred":1,"prediction":0.0981}},{"type":"Feature","geometry":{"type":"Point","coordinates":[94.2,20.4]},"properties":{"region":1,"fire_occurred":0,"prediction":0.1231}},{"type":"Feature","geometry":{"type":"Point","coordinates":[94.2,21.2]},"properties":{"region":1,"fire_occurred":0,"prediction":0.1195}},{"type":"Feature","geometry":{"type":"Point","coordinates":[94.3,21.3]},"properties":{"region":1,"fire_occurred":0,"prediction":0.1223}},{"type":"Feature","geometry":{"type":"Point","coordinates":[94.3,21.4]},"properties":{"region":1,"fire_occurred":0,"prediction":0.1677}},{"type":"Feature","geometry":{"type":"Point","coordinates":[94.4,19.8]},"properties":{"region":1,"fire_occurred":0,"prediction":0.1117}},{"type":"Feature","geometry":{"type":"Point","coordinates":[94.4,19.9]},"properties":{"region":1,"fire_occurred":0,"prediction":0.1035}},{"type":"Feature","geometry":{"type":"Point","coordinates":[94.4,20.0]},"properties":{"region":1,"fire_occurred":0,"prediction":0.1047}},{"type":"Feature","geometry":{"type":"Point","coordinates":[94.4,20.7]},"properties":{"region":1,"fire_occurred":0,"prediction":0.1091}},{"type":"Feature","geometry":{"type":"Point","coordinates":[94.4,21.1]},"properties":{"region":1,"fire_occurred":0,"prediction":0.1358}},{"type":"Feature","geometry":{"type":"Point","coordinates":[94.5,19.9]},"properties":{"region":1,"fire_occurred":0,"prediction":0.1172}},{"type":"Feature","geometry":{"type":"Point","coordinates":[94.5,20.0]},"properties":{"region":1,"fire_occurred":0,"prediction":0.1187}},{"type":"Feature","geometry":{"type":"Point","coordinates":[94.5,20.1]},"properties":{"region":1,"fire_occurred":0,"prediction":0.1245}},{"type":"Feature","geometry":{"type":"Point","coordinates":[94.5,20.2]},"properties":{"region":1,"fire_occurred":0,"prediction":0.144}},{"type":"Feature","geometry":{"type":"Point","coordinates":[94.5,20.5]},"properties":{"region":1,"fire_occurred":1,"prediction":0.0305}},{"type":"Feature","geometry":{"type":"Point","coordinates":[94.6,19.5]},"properties":{"region":1,"fire_occurred":1,"prediction":0.1006}},{"type":"Feature","geometry":{"type":"Point","coordinates":[94.6,19.6]},"properties":{"region":1,"fire_occurred":0,"prediction":0.1833}},{"type":"Feature","geometry":{"type":"Point","coordinates":[94.6,19.7]},"properties":{"region":1,"fire_occurred":0,"prediction":0.3433}},{"type":"Feature","geometry":{"type":"Point","coordinates":[94.6,19.8]},"properties":{"region":1,"fire_occurred":0,"prediction":0.128}},{"type":"Feature","geometry":{"type":"Point","coordinates":[94.6,20.0]},"properties":{"region":1,"fire_occurred":0,"prediction":0.1215}},{"type":"Feature","geometry":{"type":"Point","coordinates":[94.7,19.2]},"properties":{"region":1,"fire_occurred":1,"prediction":0.1439}},{"type":"Feature","geometry":{"type":"Point","coordinates":[94.7,19.3]},"properties":{"region":1,"fire_occurred":0,"prediction":0.1489}},{"type":"Feature","geometry":{"type":"Point","coordinates":[94.7,19.5]},"properties":{"region":1,"fire_occurred":0,"prediction":0.1545}},{"type":"Feature","geometry":{"type":"Point","coordinates":[94.7,19.6]},"properties":{"region":1,"fire_occurred":0,"prediction":0.1223}},{"type":"Feature","geometry":{"type":"Point","coordinates":[94.7,19.7]},"properties":{"region":1,"fire_occurred":0,"prediction":0.1218}},{"type":"Feature","geometry":{"type":"Point","coordinates":[94.7,19.9]},"properties":{"region":1,"fire_occurred":1,"prediction":0.0562}},{"type":"Feature","geometry":{"type":"Point","coordinates":[94.8,19.1]},"properties":{"region":1,"fire_occurred":0,"prediction":0.14}},{"type":"Feature","geometry":{"type":"Point","coordinates":[94.8,19.2]},"properties":{"region":1,"fire_occurred":0,"prediction":0.1229}},{"type":"Feature","geometry":{"type":"Point","coordinates":[94.8,19.3]},"properties":{"region":1,"fire_occurred":1,"prediction":0.1508}},{"type":"Feature","geometry":{"type":"Point","coordinates":[94.8,19.4]},"properties":{"region":1,"fire_occurred":0,"prediction":0.1519}},{"type":"Feature","geometry":{"type":"Point","coordinates":[94.8,19.5]},"properties":{"region":1,"fire_occurred":0,"prediction":0.1211}},{"type":"Feature","geometry":{"type":"Point","coordinates":[94.8,19.6]},"properties":{"region":1,"fire_occurred":1,"prediction":0.1429}},{"type":"Feature","geometry":{"type":"Point","coordinates":[94.8,19.7]},"properties":{"region":1,"fire_occurred":0,"prediction":0.1655}},{"type":"Feature","geometry":{"type":"Point","coordinates":[94.8,19.8]},"properties":{"region":1,"fire_occurred":1,"prediction":0.1273}},{"type":"Feature","geometry":{"type":"Point","coordinates":[94.9,19.1]},"properties":{"region":1,"fire_occurred":0,"prediction":0.1431}},{"type":"Feature","geometry":{"type":"Point","coordinates":[94.9,19.2]},"properties":{"region":1,"fire_occurred":0,"prediction":0.1641}},{"type":"Feature","geometry":{"type":"Point","coordinates":[94.9,19.3]},"properties":{"region":1,"fire_occurred":1,"prediction":0.1487}},{"type":"Feature","geometry":{"type":"Point","coordinates":[94.9,19.4]},"properties":{"region":1,"fire_occurred":0,"prediction":0.1179}},{"type":"Feature","geometry":{"type":"Point","coordinates":[94.9,19.5]},"properties":{"region":1,"fire_occurred":0,"prediction":0.1176}},{"type":"Feature","geometry":{"type":"Point","coordinates":[94.9,19.6]},"properties":{"region":1,"fire_occurred":0,"prediction":0.1065}},{"type":"Feature","geometry":{"type":"Point","coordinates":[94.9,19.7]},"properties":{"region":1,"fire_occurred":0,"prediction":0.1061}},{"type":"Feature","geometry":{"type":"Point","coordinates":[95.0,17.7]},"properties":{"region":1,"fire_occurred":1,"prediction":0.0384}},{"type":"Feature","geometry":{"type":"Point","coordinates":[95.0,17.8]},"properties":{"region":1,"fire_occurred":0,"prediction":0.1772}},{"type":"Feature","geometry":{"type":"Point","coordinates":[95.0,17.9]},"properties":{"region":1,"fire_occurred":0,"prediction":0.1712}},{"type":"Feature","geometry":{"type":"Point","coordinates":[95.0,18.0]},"properties":{"region":1,"fire_occurred":0,"prediction":0.1274}},{"type":"Feature","geometry":{"type":"Point","coordinates":[95.0,18.3]},"properties":{"region":1,"fire_occurred":0,"prediction":0.1764}},{"type":"Feature","geometry":{"type":"Point","coordinates":[95.0,18.8]},"properties":{"region":1,"fire_occurred":1,"prediction":0.0754}},{"type":"Feature","geometry":{"type":"Point","coordinates":[95.0,19.1]},"properties":{"region":1,"fire_occurred":0,"prediction":0.157}},{"type":"Feature","geometry":{"type":"Point","coordinates":[95.0,19.2]},"properties":{"region":1,"fire_occurred":1,"prediction":0.1577}},{"type":"Feature","geometry":{"type":"Point","coordinates":[95.0,19.3]},"properties":{"region":1,"fire_occurred":1,"prediction":0.162}},{"type":"Feature","geometry":{"type":"Point","coordinates":[95.0,19.6]},"properties":{"region":1,"fire_occurred":0,"prediction":0.1582}},{"type":"Feature","geometry":{"type":"Point","coordinates":[95.0,19.7]},"properties":{"region":1,"fire_occurred":0,"prediction":0.1032}},{"type":"Feature","geometry":{"type":"Point","coordinates":[95.0,22.8]},"properties":{"region":1,"fire_occurred":0,"prediction":0.1247}},{"type":"Feature","geometry":{"type":"Point","coordinates":[95.0,22.9]},"properties":{"region":1,"fire_occurred":1,"prediction":0.0334}},{"type":"Feature","geometry":{"type":"Point","coordinates":[95.0,23.0]},"properties":{"region":1,"fire_occurred":0,"prediction":0.1904}},{"type":"Feature","geometry":{"type":"Point","coordinates":[95.1,18.3]},"properties":{"region":1,"fire_occurred":1,"prediction":0.0911}},{"type":"Feature","geometry":{"type":"Point","coordinates":[95.1,18.6]},"properties":{"region":1,"fire_occurred":0,"prediction":0.114}},{"type":"Feature","geometry":{"type":"Point","coordinates":[95.1,19.2]},"properties":{"region":1,"fire_occurred":0,"prediction":0.1413}},{"type":"Feature","geometry":{"type":"Point","coordinates":[95.1,19.3]},"properties":{"region":1,"fire_occurred":0,"prediction":0.109}},{"type":"Feature","geometry":{"type":"Point","coordinates":[95.1,19.4]},"properties":{"region":1,"fire_occurred":0,"prediction":0.1089}},{"type":"Feature","geometry":{"type":"Point","coordinates":[95.1,22.8]},"properties":{"region":1,"fire_occurred":0,"prediction":0.1328}},{"type":"Feature","geometry":{"type":"Point","coordinates":[95.1,22.9]},"properties":{"region":1,"fire_occurred":1,"prediction":0.1215}},{"type":"Feature","geometry":{"type":"Point","coordinates":[95.1,23.0]},"properties":{"region":1,"fire_occurred":0,"prediction":0.1715}},{"type":"Feature","geometry":{"type":"Point","coordinates":[95.1,23.1]},"properties":{"region":1,"fire_occurred":0,"prediction":0.1849}},{"type":"Feature","geometry":{"type":"Point","coordinates":[95.1,23.2]},"properties":{"region":1,"fire_occurred":0,"prediction":0.168}},{"type":"Feature","geometry":{"type":"Point","coordinates":[95.2,18.8]},"properties":{"region":1,"fire_occurred":1,"prediction":0.0265}},{"type":"Feature","geometry":{"type":"Point","coordinates":[95.2,19.0]},"properties":{"region":1,"fire_occurred":0,"prediction":0.1017}},{"type":"Feature","geometry":{"type":"Point","coordinates":[95.2,23.0]},"properties":{"region":1,"fire_occurred":0,"prediction":0.1875}},{"type":"Feature","geometry":{"type":"Point","coordinates":[95.2,23.1]},"properties":{"region":1,"fire_occurred":1,"prediction":0.2457}},{"type":"Feature","geometry":{"type":"Point","coordinates":[95.2,23.2]},"properties":{"region":1,"fire_occurred":1,"prediction":0.0518}},{"type":"Feature","geometry":{"type":"Point","coordinates":[95.3,16.0]},"properties":{"region":1,"fire_occurred":1,"prediction":0.0422}},{"type":"Feature","geometry":{"type":"Point","coordinates":[95.3,19.3]},"properties":{"region":1,"fire_occurred":1,"prediction":0.0777}},{"type":"Feature","geometry":{"type":"Point","coordinates":[95.3,19.4]},"properties":{"region":1,"fire_occurred":0,"prediction":0.1186}},{"type":"Feature","geometry":{"type":"Point","coordinates":[95.3,19.5]},"properties":{"region":1,"fire_occurred":0,"prediction":0.1115}},{"type":"Feature","geometry":{"type":"Point","coordinates":[95.3,19.7]},"properties":{"region":1,"fire_occurred":0,"prediction":0.1343}},{"type":"Feature","geometry":{"type":"Point","coordinates":[95.3,22.6]},"properties":{"region":1,"fire_occurred":0,"prediction":0.1462}},{"type":"Feature","geometry":{"type":"Point","coordinates":[95.3,22.8]},"properties":{"region":1,"fire_occurred":0,"prediction":0.1616}},{"type":"Feature","geometry":{"type":"Point","coordinates":[95.3,22.9]},"properties":{"region":1,"fire_occurred":1,"prediction":0.0548}},{"type":"Feature","geometry":{"type":"Point","coordinates":[95.4,16.0]},"properties":{"region":1,"fire_occurred":1,"prediction":0.0451}},{"type":"Feature","geometry":{"type":"Point","coordinates":[95.4,18.9]},"properties":{"region":1,"fire_occurred":0,"prediction":0.1679}},{"type":"Feature","geometry":{"type":"Point","coordinates":[95.4,19.4]},"properties":{"region":1,"fire_occurred":0,"prediction":0.1439}},{"type":"Feature","geometry":{"type":"Point","coordinates":[95.4,19.5]},"properties":{"region":1,"fire_occurred":1,"prediction":0.1602}},{"type":"Feature","geometry":{"type":"Point","coordinates":[95.4,22.6]},"properties":{"region":1,"fire_occurred":0,"prediction":0.1037}},{"type":"Feature","geometry":{"type":"Point","coordinates":[95.4,23.2]},"properties":{"region":1,"fire_occurred":1,"prediction":0.0697}},{"type":"Feature","geometry":{"type":"Point","coordinates":[95.4,23.4]},"properties":{"region":1,"fire_occurred":0,"prediction":0.1837}},{"type":"Feature","geometry":{"type":"Point","coordinates":[95.4,23.5]},"properties":{"region":1,"fire_occurred":1,"prediction":0.3809}},{"type":"Feature","geometry":{"type":"Point","coordinates":[95.5,16.0]},"properties":{"region":1,"fire_occurred":1,"prediction":0.0822}},{"type":"Feature","geometry":{"type":"Point","coordinates":[95.5,19.0]},"properties":{"region":1,"fire_occurred":0,"prediction":0.1554}},{"type":"Feature","geometry":{"type":"Point","coordinates":[95.5,19.1]},"properties":{"region":1,"fire_occurred":0,"prediction":0.1023}},{"type":"Feature","geometry":{"type":"Point","coordinates":[95.5,19.3]},"properties":{"region":1,"fire_occurred":0,"prediction":0.1207}},{"type":"Feature","geometry":{"type":"Point","coordinates":[95.5,19.6]},"properties":{"region":1,"fire_occurred":0,"prediction":0.1294}},{"type":"Feature","geometry":{"type":"Point","coordinates":[95.5,19.8]},"properties":{"region":1,"fire_occurred":1,"prediction":0.0094}},{"type":"Feature","geometry":{"type":"Point","coordinates":[95.5,22.5]},"properties":{"region":1,"fire_occurred":0,"prediction":0.1052}},{"type":"Feature","geometry":{"type":"Point","coordinates":[95.5,22.6]},"properties":{"region":1,"fire_occurred":0,"prediction":0.1515}},{"type":"Feature","geometry":{"type":"Point","coordinates":[95.5,22.7]},"properties":{"region":1,"fire_occurred":0,"prediction":0.2386}},{"type":"Feature","geometry":{"type":"Point","coordinates":[95.5,22.8]},"properties":{"region":1,"fire_occurred":0,"prediction":0.1529}},{"type":"Feature","geometry":{"type":"Point","coordinates":[95.5,22.9]},"properties":{"region":1,"fire_occurred":0,"prediction":0.1066}},{"type":"Feature","geometry":{"type":"Point","coordinates":[95.5,23.4]},"properties":{"region":1,"fire_occurred":0,"prediction":0.2669}},{"type":"Feature","geometry":{"type":"Point","coordinates":[95.5,23.5]},"properties":{"region":1,"fire_occurred":1,"prediction":0.5178}},{"type":"Feature","geometry":{"type":"Point","coordinates":[95.5,23.6]},"properties":{"region":1,"fire_occurred":0,"prediction":0.1492}},{"type":"Feature","geometry":{"type":"Point","coordinates":[95.6,16.0]},"properties":{"region":1,"fire_occurred":1,"prediction":0.1046}},{"type":"Feature","geometry":{"type":"Point","coordinates":[95.6,18.6]},"properties":{"region":1,"fire_occurred":0,"prediction":0.1515}},{"type":"Feature","geometry":{"type":"Point","coordinates":[95.6,18.7]},"properties":{"region":1,"fire_occurred":0,"prediction":0.1573}},{"type":"Feature","geometry":{"type":"Point","coordinates":[95.6,18.8]},"properties":{"region":1,"fire_occurred":0,"prediction":0.1625}},{"type":"Feature","geometry":{"type":"Point","coordinates":[95.6,18.9]},"properties":{"region":1,"fire_occurred":0,"prediction":0.1415}},{"type":"Feature","geometry":{"type":"Point","coordinates":[95.6,19.0]},"properties":{"region":1,"fire_occurred":0,"prediction":0.1317}},{"type":"Feature","geometry":{"type":"Point","coordinates":[95.6,19.7]},"properties":{"region":1,"fire_occurred":0,"prediction":0.1103}},{"type":"Feature","geometry":{"type":"Point","coordinates":[95.6,19.9]},"properties":{"region":1,"fire_occurred":0,"prediction":0.131}},{"type":"Feature","geometry":{"type":"Point","coordinates":[95.6,20.0]},"properties":{"region":1,"fire_occurred":0,"prediction":0.1408}},{"type":"Feature","geometry":{"type":"Point","coordinates":[95.6,22.4]},"properties":{"region":1,"fire_occurred":0,"prediction":0.2034}},{"type":"Feature","geometry":{"type":"Point","coordinates":[95.6,22.5]},"properties":{"region":1,"fire_occurred":0,"prediction":0.1195}},{"type":"Feature","geometry":{"type":"Point","coordinates":[95.6,23.2]},"properties":{"region":1,"fire_occurred":0,"prediction":0.1561}},{"type":"Feature","geometry":{"type":"Point","coordinates":[95.6,23.5]},"properties":{"region":1,"fire_occurred":1,"prediction":0.3142}},{"type":"Feature","geometry":{"type":"Point","coordinates":[95.7,18.4]},"properties":{"region":1,"fire_occurred":0,"prediction":0.1699}},{"type":"Feature","geometry":{"type":"Point","coordinates":[95.7,22.4]},"properties":{"region":1,"fire_occurred":0,"prediction":0.1425}},{"type":"Feature","geometry":{"type":"Point","coordinates":[95.7,22.7]},"properties":{"region":1,"fire_occurred":1,"prediction":0.0053}},{"type":"Feature","geometry":{"type":"Point","coordinates":[95.7,23.2]},"properties":{"region":1,"fire_occurred":0,"prediction":0.1503}},{"type":"Feature","geometry":{"type":"Point","coordinates":[95.7,23.3]},"properties":{"region":1,"fire_occurred":0,"prediction":0.1426}},{"type":"Feature","geometry":{"type":"Point","coordinates":[95.7,23.6]},"properties":{"region":1,"fire_occurred":0,"prediction":0.1634}},{"type":"Feature","geometry":{"type":"Point","coordinates":[95.8,18.4]},"properties":{"region":1,"fire_occurred":0,"prediction":0.1385}},{"type":"Feature","geometry":{"type":"Point","coordinates":[95.8,20.0]},"properties":{"region":1,"fire_occurred":1,"prediction":0.0073}},{"type":"Feature","geometry":{"type":"Point","coordinates":[95.8,23.1]},"properties":{"region":1,"fire_occurred":0,"prediction":0.1244}},{"type":"Feature","geometry":{"type":"Point","coordinates":[95.8,23.2]},"properties":{"region":1,"fire_occurred":0,"prediction":0.1032}},{"type":"Feature","geometry":{"type":"Point","coordinates":[95.8,23.5]},"properties":{"region":1,"fire_occurred":0,"prediction":0.1126}},{"type":"Feature","geometry":{"type":"Point","coordinates":[95.8,23.6]},"properties":{"region":1,"fire_occurred":0,"prediction":0.1139}},{"type":"Feature","geometry":{"type":"Point","coordinates":[95.8,23.7]},"properties":{"region":1,"fire_occurred":0,"prediction":0.1628}},{"type":"Feature","geometry":{"type":"Point","coordinates":[95.9,16.8]},"properties":{"region":1,"fire_occurred":1,"prediction":0.0176}},{"type":"Feature","geometry":{"type":"Point","coordinates":[95.9,22.6]},"properties":{"region":1,"fire_occurred":1,"prediction":0.1467}},{"type":"Feature","geometry":{"type":"Point","coordinates":[95.9,22.7]},"properties":{"region":1,"fire_occurred":0,"prediction":0.1557}},{"type":"Feature","geometry":{"type":"Point","coordinates":[95.9,23.0]},"properties":{"region":1,"fire_occurred":0,"prediction":0.1725}},{"type":"Feature","geometry":{"type":"Point","coordinates":[95.9,23.1]},"properties":{"region":1,"fire_occurred":0,"prediction":0.3145}},{"type":"Feature","geometry":{"type":"Point","coordinates":[95.9,23.2]},"properties":{"region":1,"fire_occurred":1,"prediction":0.1354}},{"type":"Feature","geometry":{"type":"Point","coordinates":[95.9,23.4]},"properties":{"region":1,"fire_occurred":1,"prediction":0.0869}},{"type":"Feature","geometry":{"type":"Point","coordinates":[96.0,19.4]},"properties":{"region":1,"fire_occurred":1,"prediction":0.0139}},{"type":"Feature","geometry":{"type":"Point","coordinates":[96.0,23.0]},"properties":{"region":1,"fire_occurred":0,"prediction":0.1398}},{"type":"Feature","geometry":{"type":"Point","coordinates":[96.0,23.1]},"properties":{"region":1,"fire_occurred":0,"prediction":0.1288}},{"type":"Feature","geometry":{"type":"Point","coordinates":[96.0,23.2]},"properties":{"region":1,"fire_occurred":0,"prediction":0.2023}},{"type":"Feature","geometry":{"type":"Point","coordinates":[96.0,23.3]},"properties":{"region":1,"fire_occurred":1,"prediction":0.1667}},{"type":"Feature","geometry":{"type":"Point","coordinates":[96.0,23.4]},"properties":{"region":1,"fire_occurred":0,"prediction":0.1396}},{"type":"Feature","geometry":{"type":"Point","coordinates":[96.1,16.4]},"properties":{"region":1,"fire_occurred":1,"prediction":0.071}},{"type":"Feature","geometry":{"type":"Point","coordinates":[96.1,23.1]},"properties":{"region":1,"fire_occurred":1,"prediction":0.1164}},{"type":"Feature","geometry":{"type":"Point","coordinates":[96.1,23.2]},"properties":{"region":1,"fire_occurred":1,"prediction":0.1542}},{"type":"Feature","geometry":{"type":"Point","coordinates":[96.1,23.3]},"properties":{"region":1,"fire_occurred":0,"prediction":0.1141}},{"type":"Feature","geometry":{"type":"Point","coordinates":[96.1,23.4]},"properties":{"region":1,"fire_occurred":0,"prediction":0.1944}},{"type":"Feature","geometry":{"type":"Point","coordinates":[96.2,16.4]},"properties":{"region":1,"fire_occurred":0,"prediction":0.1074}},{"type":"Feature","geometry":{"type":"Point","coordinates":[96.2,19.4]},"properties":{"region":1,"fire_occurred":0,"prediction":0.1032}},{"type":"Feature","geometry":{"type":"Point","coordinates":[96.2,20.3]},"properties":{"region":1,"fire_occurred":0,"prediction":0.1052}},{"type":"Feature","geometry":{"type":"Point","coordinates":[96.2,21.7]},"properties":{"region":1,"fire_occurred":1,"prediction":0.0374}},{"type":"Feature","geometry":{"type":"Point","coordinates":[96.2,23.2]},"properties":{"region":1,"fire_occurred":1,"prediction":0.2273}},{"type":"Feature","geometry":{"type":"Point","coordinates":[96.2,23.3]},"properties":{"region":1,"fire_occurred":1,"prediction":0.1807}},{"type":"Feature","geometry":{"type":"Point","coordinates":[96.2,23.4]},"properties":{"region":1,"fire_occurred":0,"prediction":0.2604}},{"type":"Feature","geometry":{"type":"Point","coordinates":[96.2,23.5]},"properties":{"region":1,"fire_occurred":0,"prediction":0.1734}},{"type":"Feature","geometry":{"type":"Point","coordinates":[96.3,19.4]},"properties":{"region":1,"fire_occurred":0,"prediction":0.1269}},{"type":"Feature","geometry":{"type":"Point","coordinates":[96.3,19.6]},"properties":{"region":1,"fire_occurred":0,"prediction":0.1913}},{"type":"Feature","geometry":{"type":"Point","coordinates":[96.3,21.7]},"properties":{"region":1,"fire_occurred":0,"prediction":0.116}},{"type":"Feature","geometry":{"type":"Point","coordinates":[96.3,21.8]},"properties":{"region":1,"fire_occurred":1,"prediction":0.1162}},{"type":"Feature","geometry":{"type":"Point","coordinates":[96.3,23.2]},"properties":{"region":1,"fire_occurred":1,"prediction":0.2025}},{"type":"Feature","geometry":{"type":"Point","coordinates":[96.3,23.3]},"properties":{"region":1,"fire_occurred":0,"prediction":0.182}},{"type":"Feature","geometry":{"type":"Point","coordinates":[96.3,23.4]},"properties":{"region":1,"fire_occurred":1,"prediction":0.1821}},{"type":"Feature","geometry":{"type":"Point","coordinates":[96.3,23.5]},"properties":{"region":1,"fire_occurred":1,"prediction":0.1122}},{"type":"Feature","geometry":{"type":"Point","coordinates":[96.3,23.6]},"properties":{"region":1,"fire_occurred":1,"prediction":0.1425}},{"type":"Feature","geometry":{"type":"Point","coordinates":[96.4,19.4]},"properties":{"region":1,"fire_occurred":0,"prediction":0.1145}},{"type":"Feature","geometry":{"type":"Point","coordinates":[96.4,20.8]},"properties":{"region":1,"fire_occurred":0,"prediction":0.1264}},{"type":"Feature","geometry":{"type":"Point","coordinates":[96.4,21.4]},"properties":{"region":1,"fire_occurred":0,"prediction":0.1102}},{"type":"Feature","geometry":{"type":"Point","coordinates":[96.4,23.1]},"properties":{"region":1,"fire_occurred":1,"prediction":0.1411}},{"type":"Feature","geometry":{"type":"Point","coordinates":[96.4,23.3]},"properties":{"region":1,"fire_occurred":1,"prediction":0.213}},{"type":"Feature","geometry":{"type":"Point","coordinates":[96.4,23.4]},"properties":{"region":1,"fire_occurred":1,"prediction":0.2421}},{"type":"Feature","geometry":{"type":"Point","coordinates":[96.4,23.5]},"properties":{"region":1,"fire_occurred":1,"prediction":0.0733}},{"type":"Feature","geometry":{"type":"Point","coordinates":[96.4,23.7]},"properties":{"region":1,"fire_occurred":0,"prediction":0.1106}},{"type":"Feature","geometry":{"type":"Point","coordinates":[96.5,19.4]},"properties":{"region":1,"fire_occurred":1,"prediction":0.0146}},{"type":"Feature","geometry":{"type":"Point","coordinates":[96.5,19.5]},"properties":{"region":1,"fire_occurred":1,"prediction":0.0329}},{"type":"Feature","geometry":{"type":"Point","coordinates":[96.5,23.1]},"properties":{"region":1,"fire_occurred":1,"prediction":0.1663}},{"type":"Feature","geometry":{"type":"Point","coordinates":[96.5,23.3]},"properties":{"region":1,"fire_occurred":1,"prediction":0.0974}},{"type":"Feature","geometry":{"type":"Point","coordinates":[96.5,23.4]},"properties":{"region":1,"fire_occurred":0,"prediction":0.1606}},{"type":"Feature","geometry":{"type":"Point","coordinates":[96.5,23.5]},"properties":{"region":1,"fire_occurred":0,"prediction":0.2093}},{"type":"Feature","geometry":{"type":"Point","coordinates":[96.5,23.9]},"properties":{"region":1,"fire_occurred":1,"prediction":0.0114}},{"type":"Feature","geometry":{"type":"Point","coordinates":[96.5,24.0]},"properties":{"region":1,"fire_occurred":0,"prediction":0.2058}},{"type":"Feature","geometry":{"type":"Point","coordinates":[96.6,19.2]},"properties":{"region":1,"fire_occurred":1,"prediction":0.1128}},{"type":"Feature","geometry":{"type":"Point","coordinates":[96.6,19.3]},"properties":{"region":1,"fire_occurred":1,"prediction":0.0995}},{"type":"Feature","geometry":{"type":"Point","coordinates":[96.6,21.7]},"properties":{"region":1,"fire_occurred":1,"prediction":0.0464}},{"type":"Feature","geometry":{"type":"Point","coordinates":[96.6,23.3]},"properties":{"region":1,"fire_occurred":1,"prediction":0.1948}},{"type":"Feature","geometry":{"type":"Point","coordinates":[96.6,23.4]},"properties":{"region":1,"fire_occurred":0,"prediction":0.2195}},{"type":"Feature","geometry":{"type":"Point","coordinates":[96.6,23.5]},"properties":{"region":1,"fire_occurred":0,"prediction":0.2042}},{"type":"Feature","geometry":{"type":"Point","coordinates":[96.6,23.6]},"properties":{"region":1,"fire_occurred":1,"prediction":0.2199}},{"type":"Feature","geometry":{"type":"Point","coordinates":[96.6,24.1]},"properties":{"region":1,"fire_occurred":0,"prediction":0.1015}},{"type":"Feature","geometry":{"type":"Point","coordinates":[96.7,18.1]},"properties":{"region":1,"fire_occurred":1,"prediction":0.0071}},{"type":"Feature","geometry":{"type":"Point","coordinates":[96.7,23.0]},"properties":{"region":1,"fire_occurred":0,"prediction":0.1083}},{"type":"Feature","geometry":{"type":"Point","coordinates":[96.8,19.9]},"properties":{"region":1,"fire_occurred":1,"prediction":0.0628}},{"type":"Feature","geometry":{"type":"Point","coordinates":[96.8,21.1]},"properties":{"region":1,"fire_occurred":1,"prediction":0.1405}},{"type":"Feature","geometry":{"type":"Point","coordinates":[96.8,21.3]},"properties":{"region":1,"fire_occurred":0,"prediction":0.1476}},{"type":"Feature","geometry":{"type":"Point","coordinates":[96.8,21.9]},"properties":{"region":1,"fire_occurred":0,"prediction":0.1024}},{"type":"Feature","geometry":{"type":"Point","coordinates":[96.8,23.5]},"properties":{"region":1,"fire_occurred":1,"prediction":0.0554}},{"type":"Feature","geometry":{"type":"Point","coordinates":[96.8,23.6]},"properties":{"region":1,"fire_occurred":1,"prediction":0.0047}},{"type":"Feature","geometry":{"type":"Point","coordinates":[96.9,21.1]},"properties":{"region":1,"fire_occurred":0,"prediction":0.1536}},{"type":"Feature","geometry":{"type":"Point","coordinates":[96.9,21.2]},"properties":{"region":1,"fire_occurred":0,"prediction":0.1194}},{"type":"Feature","geometry":{"type":"Point","coordinates":[96.9,21.3]},"properties":{"region":1,"fire_occurred":0,"prediction":0.111}},{"type":"Feature","geometry":{"type":"Point","coordinates":[96.9,21.9]},"properties":{"region":1,"fire_occurred":0,"prediction":0.1128}},{"type":"Feature","geometry":{"type":"Point","coordinates":[97.0,20.1]},"properties":{"region":1,"fire_occurred":1,"prediction":0.1347}},{"type":"Feature","geometry":{"type":"Point","coordinates":[97.0,21.0]},"properties":{"region":1,"fire_occurred":0,"prediction":0.1782}},{"type":"Feature","geometry":{"type":"Point","coordinates":[97.0,21.1]},"properties":{"region":1,"fire_occurred":0,"prediction":0.2715}},{"type":"Feature","geometry":{"type":"Point","coordinates":[97.0,21.2]},"properties":{"region":1,"fire_occurred":0,"prediction":0.1813}},{"type":"Feature","geometry":{"type":"Point","coordinates":[97.0,21.3]},"properties":{"region":1,"fire_occurred":0,"prediction":0.1001}},{"type":"Feature","geometry":{"type":"Point","coordinates":[97.0,21.4]},"properties":{"region":1,"fire_occurred":0,"prediction":0.1642}},{"type":"Feature","geometry":{"type":"Point","coordinates":[97.0,22.1]},"properties":{"region":1,"fire_occurred":0,"prediction":0.1609}},{"type":"Feature","geometry":{"type":"Point","coordinates":[97.0,22.3]},"properties":{"region":1,"fire_occurred":0,"prediction":0.1326}},{"type":"Feature","geometry":{"type":"Point","coordinates":[97.0,24.9]},"properties":{"region":1,"fire_occurred":0,"prediction":0.158}},{"type":"Feature","geometry":{"type":"Point","coordinates":[97.1,20.9]},"properties":{"region":1,"fire_occurred":0,"prediction":0.1577}},{"type":"Feature","geometry":{"type":"Point","coordinates":[97.1,21.0]},"properties":{"region":1,"fire_occurred":0,"prediction":0.1104}},{"type":"Feature","geometry":{"type":"Point","coordinates":[97.1,21.1]},"properties":{"region":1,"fire_occurred":0,"prediction":0.1351}},{"type":"Feature","geometry":{"type":"Point","coordinates":[97.1,21.2]},"properties":{"region":1,"fire_occurred":0,"prediction":0.1864}},{"type":"Feature","geometry":{"type":"Point","coordinates":[97.1,21.3]},"properties":{"region":1,"fire_occurred":0,"prediction":0.124}},{"type":"Feature","geometry":{"type":"Point","coordinates":[97.1,21.8]},"properties":{"region":1,"fire_occurred":0,"prediction":0.1823}},{"type":"Feature","geometry":{"type":"Point","coordinates":[97.1,21.9]},"properties":{"region":1,"fire_occurred":0,"prediction":0.1293}},{"type":"Feature","geometry":{"type":"Point","coordinates":[97.2,18.8]},"properties":{"region":1,"fire_occurred":1,"prediction":0.0317}},{"type":"Feature","geometry":{"type":"Point","coordinates":[97.2,18.9]},"properties":{"region":1,"fire_occurred":1,"prediction":0.0084}},{"type":"Feature","geometry":{"type":"Point","coordinates":[97.2,19.3]},"properties":{"region":1,"fire_occurred":1,"prediction":0.0032}},{"type":"Feature","geometry":{"type":"Point","coordinates":[97.2,19.5]},"properties":{"region":1,"fire_occurred":1,"prediction":0.046}},{"type":"Feature","geometry":{"type":"Point","coordinates":[97.2,20.0]},"properties":{"region":1,"fire_occurred":0,"prediction":0.1383}},{"type":"Feature","geometry":{"type":"Point","coordinates":[97.2,20.2]},"properties":{"region":1,"fire_occurred":1,"prediction":0.0552}},{"type":"Feature","geometry":{"type":"Point","coordinates":[97.2,21.0]},"properties":{"region":1,"fire_occurred":1,"prediction":0.0238}},{"type":"Feature","geometry":{"type":"Point","coordinates":[97.2,21.1]},"properties":{"region":1,"fire_occurred":0,"prediction":0.1892}},{"type":"Feature","geometry":{"type":"Point","coordinates":[97.2,21.9]},"properties":{"region":1,"fire_occurred":0,"prediction":0.1384}},{"type":"Feature","geometry":{"type":"Point","coordinates":[97.2,22.0]},"properties":{"region":1,"fire_occurred":0,"prediction":0.1248}},{"type":"Feature","geometry":{"type":"Point","coordinates":[97.2,22.2]},"properties":{"region":1,"fire_occurred":1,"prediction":0.0252}},{"type":"Feature","geometry":{"type":"Point","coordinates":[97.2,22.3]},"properties":{"region":1,"fire_occurred":1,"prediction":0.0335}},{"type":"Feature","geometry":{"type":"Point","coordinates":[97.2,22.5]},"properties":{"region":1,"fire_occurred":0,"prediction":0.1044}},{"type":"Feature","geometry":{"type":"Point","coordinates":[97.2,22.6]},"properties":{"region":1,"fire_occurred":0,"prediction":0.1105}},{"type":"Feature","geometry":{"type":"Point","coordinates":[97.2,24.7]},"properties":{"region":1,"fire_occurred":0,"prediction":0.1513}},{"type":"Feature","geometry":{"type":"Point","coordinates":[97.2,24.9]},"properties":{"region":1,"fire_occurred":0,"prediction":0.1763}},{"type":"Feature","geometry":{"type":"Point","coordinates":[97.2,25.3]},"properties":{"region":1,"fire_occurred":0,"prediction":0.1111}},{"type":"Feature","geometry":{"type":"Point","coordinates":[97.3,17.2]},"properties":{"region":1,"fire_occurred":0,"prediction":0.148}},{"type":"Feature","geometry":{"type":"Point","coordinates":[97.3,18.4]},"properties":{"region":1,"fire_occurred":1,"prediction":0.005}},{"type":"Feature","geometry":{"type":"Point","coordinates":[97.3,19.8]},"properties":{"region":1,"fire_occurred":1,"prediction":0.0467}},{"type":"Feature","geometry":{"type":"Point","coordinates":[97.3,20.0]},"properties":{"region":1,"fire_occurred":0,"prediction":0.1012}},{"type":"Feature","geometry":{"type":"Point","coordinates":[97.3,22.0]},"properties":{"region":1,"fire_occurred":0,"prediction":0.1285}},{"type":"Feature","geometry":{"type":"Point","coordinates":[97.3,22.1]},"properties":{"region":1,"fire_occurred":0,"prediction":0.1662}},{"type":"Feature","geometry":{"type":"Point","coordinates":[97.3,22.4]},"properties":{"region":1,"fire_occurred":1,"prediction":0.1392}},{"type":"Feature","geometry":{"type":"Point","coordinates":[97.3,24.9]},"properties":{"region":1,"fire_occurred":0,"prediction":0.2435}},{"type":"Feature","geometry":{"type":"Point","coordinates":[97.3,25.0]},"properties":{"region":1,"fire_occurred":0,"prediction":0.1727}},{"type":"Feature","geometry":{"type":"Point","coordinates":[97.4,18.4]},"properties":{"region":1,"fire_occurred":0,"prediction":0.1364}},{"type":"Feature","geometry":{"type":"Point","coordinates":[97.4,18.5]},"properties":{"region":1,"fire_occurred":1,"prediction":0.0912}},{"type":"Feature","geometry":{"type":"Point","coordinates":[97.4,18.7]},"properties":{"region":1,"fire_occurred":1,"prediction":0.1032}},{"type":"Feature","geometry":{"type":"Point","coordinates":[97.4,18.8]},"properties":{"region":1,"fire_occurred":0,"prediction":0.1378}},{"type":"Feature","geometry":{"type":"Point","coordinates":[97.4,21.9]},"properties":{"region":1,"fire_occurred":0,"prediction":0.1058}},{"type":"Feature","geometry":{"type":"Point","coordinates":[97.4,22.0]},"properties":{"region":1,"fire_occurred":0,"prediction":0.1015}},{"type":"Feature","geometry":{"type":"Point","coordinates":[97.4,22.3]},"properties":{"region":1,"fire_occurred":1,"prediction":0.1645}},{"type":"Feature","geometry":{"type":"Point","coordinates":[97.4,22.4]},"properties":{"region":1,"fire_occurred":0,"prediction":0.1462}},{"type":"Feature","geometry":{"type":"Point","coordinates":[97.4,22.5]},"properties":{"region":1,"fire_occurred":0,"prediction":0.1269}},{"type":"Feature","geometry":{"type":"Point","coordinates":[97.5,17.5]},"properties":{"region":1,"fire_occurred":0,"prediction":0.1377}},{"type":"Feature","geometry":{"type":"Point","coordinates":[97.5,18.2]},"properties":{"region":1,"fire_occurred":1,"prediction":0.0133}},{"type":"Feature","geometry":{"type":"Point","coordinates":[97.5,18.3]},"properties":{"region":1,"fire_occurred":1,"prediction":0.0809}},{"type":"Feature","geometry":{"type":"Point","coordinates":[97.5,18.4]},"properties":{"region":1,"fire_occurred":1,"prediction":0.0363}},{"type":"Feature","geometry":{"type":"Point","coordinates":[97.5,18.5]},"properties":{"region":1,"fire_occurred":1,"prediction":0.1856}},{"type":"Feature","geometry":{"type":"Point","coordinates":[97.5,18.6]},"properties":{"region":1,"fire_occurred":1,"prediction":0.3235}},{"type":"Feature","geometry":{"type":"Point","coordinates":[97.5,18.7]},"properties":{"region":1,"fire_occurred":1,"prediction":0.1269}},{"type":"Feature","geometry":{"type":"Point","coordinates":[97.5,18.8]},"properties":{"region":1,"fire_occurred":1,"prediction":0.1971}},{"type":"Feature","geometry":{"type":"Point","coordinates":[97.5,18.9]},"properties":{"region":1,"fire_occurred":0,"prediction":0.1321}},{"type":"Feature","geometry":{"type":"Point","coordinates":[97.5,19.0]},"properties":{"region":1,"fire_occurred":1,"prediction":0.0101}},{"type":"Feature","geometry":{"type":"Point","coordinates":[97.5,22.2]},"properties":{"region":1,"fire_occurred":0,"prediction":0.1199}},{"type":"Feature","geometry":{"type":"Point","coordinates":[97.5,22.4]},"properties":{"region":1,"fire_occurred":0,"prediction":0.1314}},{"type":"Feature","geometry":{"type":"Point","coordinates":[97.5,22.6]},"properties":{"region":1,"fire_occurred":1,"prediction":0.0919}},{"type":"Feature","geometry":{"type":"Point","coordinates":[97.6,18.1]},"properties":{"region":1,"fire_occurred":1,"prediction":0.069}},{"type":"Feature","geometry":{"type":"Point","coordinates":[97.6,18.2]},"properties":{"region":1,"fire_occurred":1,"prediction":0.085}},{"type":"Feature","geometry":{"type":"Point","coordinates":[97.6,18.7]},"properties":{"region":1,"fire_occurred":1,"prediction":0.0598}},{"type":"Feature","geometry":{"type":"Point","coordinates":[97.6,20.5]},"properties":{"region":1,"fire_occurred":1,"prediction":0.0348}},{"type":"Feature","geometry":{"type":"Point","coordinates":[97.6,20.8]},"properties":{"region":1,"fire_occurred":0,"prediction":0.1853}},{"type":"Feature","geometry":{"type":"Point","coordinates":[97.6,21.1]},"properties":{"region":1,"fire_occurred":0,"prediction":0.1779}},{"type":"Feature","geometry":{"type":"Point","coordinates":[97.6,22.3]},"properties":{"region":1,"fire_occurred":0,"prediction":0.1517}},{"type":"Feature","geometry":{"type":"Point","coordinates":[97.6,22.5]},"properties":{"region":1,"fire_occurred":1,"prediction":0.0856}},{"type":"Feature","geometry":{"type":"Point","coordinates":[97.6,22.7]},"properties":{"region":1,"fire_occurred":0,"prediction":0.1194}},{"type":"Feature","geometry":{"type":"Point","coordinates":[97.6,22.8]},"properties":{"region":1,"fire_occurred":0,"prediction":0.2603}},{"type":"Feature","geometry":{"type":"Point","coordinates":[97.7,17.3]},"properties":{"region":1,"fire_occurred":0,"prediction":0.133}},{"type":"Feature","geometry":{"type":"Point","coordinates":[97.7,18.0]},"properties":{"region":1,"fire_occurred":1,"prediction":0.0062}},{"type":"Feature","geometry":{"type":"Point","coordinates":[97.7,18.2]},"properties":{"region":1,"fire_occurred":1,"prediction":0.0367}},{"type":"Feature","geometry":{"type":"Point","coordinates":[97.7,18.3]},"properties":{"region":1,"fire_occurred":1,"prediction":0.016}},{"type":"Feature","geometry":{"type":"Point","coordinates":[97.7,18.4]},"properties":{"region":1,"fire_occurred":1,"prediction":0.0183}},{"type":"Feature","geometry":{"type":"Point","coordinates":[97.7,19.9]},"properties":{"region":1,"fire_occurred":1,"prediction":0.0443}},{"type":"Feature","geometry":{"type":"Point","coordinates":[97.7,21.8]},"properties":{"region":1,"fire_occurred":1,"prediction":0.0344}},{"type":"Feature","geometry":{"type":"Point","coordinates":[97.7,22.3]},"properties":{"region":1,"fire_occurred":1,"prediction":0.2382}},{"type":"Feature","geometry":{"type":"Point","coordinates":[97.7,22.4]},"properties":{"region":1,"fire_occurred":1,"prediction":0.0836}},{"type":"Feature","geometry":{"type":"Point","coordinates":[97.7,22.7]},"properties":{"region":1,"fire_occurred":0,"prediction":0.1246}},{"type":"Feature","geometry":{"type":"Point","coordinates":[97.7,24.1]},"properties":{"region":1,"fire_occurred":1,"prediction":0.0102}},{"type":"Feature","geometry":{"type":"Point","coordinates":[97.8,17.1]},"properties":{"region":1,"fire_occurred":0,"prediction":0.1039}},{"type":"Feature","geometry":{"type":"Point","coordinates":[97.8,18.0]},"properties":{"region":1,"fire_occurred":1,"prediction":0.0265}},{"type":"Feature","geometry":{"type":"Point","coordinates":[97.8,20.4]},"properties":{"region":1,"fire_occurred":1,"prediction":0.0286}},{"type":"Feature","geometry":{"type":"Point","coordinates":[97.8,22.5]},"properties":{"region":1,"fire_occurred":1,"prediction":0.0505}},{"type":"Feature","geometry":{"type":"Point","coordinates":[97.9,24.8]},"properties":{"region":1,"fire_occurred":1,"prediction":0.0081}},{"type":"Feature","geometry":{"type":"Point","coordinates":[98.0,16.5]},"properties":{"region":1,"fire_occurred":1,"prediction":0.099}},{"type":"Feature","geometry":{"type":"Point","coordinates":[98.0,16.6]},"properties":{"region":1,"fire_occurred":1,"prediction":0.0439}},{"type":"Feature","geometry":{"type":"Point","coordinates":[98.0,16.8]},"properties":{"region":1,"fire_occurred":0,"prediction":0.1058}},{"type":"Feature","geometry":{"type":"Point","coordinates":[98.0,21.7]},"properties":{"region":1,"fire_occurred":1,"prediction":0.0178}},{"type":"Feature","geometry":{"type":"Point","coordinates":[98.1,3.0]},"properties":{"region":1,"fire_occurred":1,"prediction":0.0223}},{"type":"Feature","geometry":{"type":"Point","coordinates":[98.1,16.2]},"properties":{"region":1,"fire_occurred":0,"prediction":0.1147}},{"type":"Feature","geometry":{"type":"Point","coordinates":[98.2,15.4]},"properties":{"region":1,"fire_occurred":0,"prediction":0.1856}},{"type":"Feature","geometry":{"type":"Point","coordinates":[98.2,15.5]},"properties":{"region":1,"fire_occurred":0,"prediction":0.1078}},{"type":"Feature","geometry":{"type":"Point","coordinates":[98.2,16.0]},"properties":{"region":1,"fire_occurred":0,"prediction":0.1332}},{"type":"Feature","geometry":{"type":"Point","coordinates":[98.2,21.9]},"properties":{"region":1,"fire_occurred":0,"prediction":0.3343}},{"type":"Feature","geometry":{"type":"Point","coordinates":[98.3,15.1]},"properties":{"region":1,"fire_occurred":0,"prediction":0.1415}},{"type":"Feature","geometry":{"type":"Point","coordinates":[98.3,15.3]},"properties":{"region":1,"fire_occurred":0,"prediction":0.1887}},{"type":"Feature","geometry":{"type":"Point","coordinates":[98.3,16.6]},"properties":{"region":1,"fire_occurred":0,"prediction":0.1273}},{"type":"Feature","geometry":{"type":"Point","coordinates":[98.3,16.7]},"properties":{"region":1,"fire_occurred":1,"prediction":0.0383}},{"type":"Feature","geometry":{"type":"Point","coordinates":[98.3,21.9]},"properties":{"region":1,"fire_occurred":0,"prediction":0.1709}},{"type":"Feature","geometry":{"type":"Point","coordinates":[98.4,15.1]},"properties":{"region":1,"fire_occurred":0,"prediction":0.1101}},{"type":"Feature","geometry":{"type":"Point","coordinates":[98.4,16.6]},"properties":{"region":1,"fire_occurred":1,"prediction":0.073}},{"type":"Feature","geometry":{"type":"Point","coordinates":[98.4,16.7]},"properties":{"region":1,"fire_occurred":0,"prediction":0.1394}},{"type":"Feature","geometry":{"type":"Point","coordinates":[98.4,16.8]},"properties":{"region":1,"fire_occurred":0,"prediction":0.1201}},{"type":"Feature","geometry":{"type":"Point","coordinates":[98.4,17.0]},"properties":{"region":1,"fire_occurred":1,"prediction":0.1091}},{"type":"Feature","geometry":{"type":"Point","coordinates":[98.4,18.1]},"properties":{"region":1,"fire_occurred":1,"prediction":0.0386}},{"type":"Feature","geometry":{"type":"Point","coordinates":[98.5,15.6]},"properties":{"region":1,"fire_occurred":0,"prediction":0.3575}},{"type":"Feature","geometry":{"type":"Point","coordinates":[98.5,15.7]},"properties":{"region":1,"fire_occurred":0,"prediction":0.1717}},{"type":"Feature","geometry":{"type":"Point","coordinates":[98.5,16.5]},"properties":{"region":1,"fire_occurred":0,"prediction":0.1171}},{"type":"Feature","geometry":{"type":"Point","coordinates":[98.5,16.9]},"properties":{"region":1,"fire_occurred":0,"prediction":0.1078}},{"type":"Feature","geometry":{"type":"Point","coordinates":[98.5,17.0]},"properties":{"region":1,"fire_occurred":1,"prediction":0.0106}},{"type":"Feature","geometry":{"type":"Point","coordinates":[98.5,21.2]},"properties":{"region":1,"fire_occurred":1,"prediction":0.0751}},{"type":"Feature","geometry":{"type":"Point","coordinates":[98.6,16.2]},"properties":{"region":1,"fire_occurred":0,"prediction":0.1175}},{"type":"Feature","geometry":{"type":"Point","coordinates":[98.6,16.5]},"properties":{"region":1,"fire_occurred":0,"prediction":0.1241}},{"type":"Feature","geometry":{"type":"Point","coordinates":[98.6,16.7]},"properties":{"region":1,"fire_occurred":0,"prediction":0.1543}},{"type":"Feature","geometry":{"type":"Point","coordinates":[98.6,16.8]},"properties":{"region":1,"fire_occurred":0,"prediction":0.1422}},{"type":"Feature","geometry":{"type":"Point","coordinates":[98.6,16.9]},"properties":{"region":1,"fire_occurred":0,"prediction":0.1746}},{"type":"Feature","geometry":{"type":"Point","coordinates":[98.6,17.1]},"properties":{"region":1,"fire_occurred":1,"prediction":0.0363}},{"type":"Feature","geometry":{"type":"Point","coordinates":[98.6,17.3]},"properties":{"region":1,"fire_occurred":1,"prediction":0.0292}},{"type":"Feature","geometry":{"type":"Point","coordinates":[98.6,17.4]},"properties":{"region":1,"fire_occurred":1,"prediction":0.0427}},{"type":"Feature","geometry":{"type":"Point","coordinates":[98.6,17.5]},"properties":{"region":1,"fire_occurred":1,"prediction":0.034}},{"type":"Feature","geometry":{"type":"Point","coordinates":[98.7,15.3]},"properties":{"region":1,"fire_occurred":1,"prediction":0.0324}},{"type":"Feature","geometry":{"type":"Point","coordinates":[98.7,16.0]},"properties":{"region":1,"fire_occurred":0,"prediction":0.1927}},{"type":"Feature","geometry":{"type":"Point","coordinates":[98.7,16.1]},"properties":{"region":1,"fire_occurred":0,"prediction":0.1531}},{"type":"Feature","geometry":{"type":"Point","coordinates":[98.7,16.3]},"properties":{"region":1,"fire_occurred":1,"prediction":0.0358}},{"type":"Feature","geometry":{"type":"Point","coordinates":[98.7,16.9]},"properties":{"region":1,"fire_occurred":1,"prediction":0.0466}},{"type":"Feature","geometry":{"type":"Point","coordinates":[98.7,17.0]},"properties":{"region":1,"fire_occurred":0,"prediction":0.1198}},{"type":"Feature","geometry":{"type":"Point","coordinates":[98.7,17.5]},"properties":{"region":1,"fire_occurred":1,"prediction":0.0927}},{"type":"Feature","geometry":{"type":"Point","coordinates":[98.7,17.7]},"properties":{"region":1,"fire_occurred":1,"prediction":0.0325}},{"type":"Feature","geometry":{"type":"Point","coordinates":[98.7,17.8]},"properties":{"region":1,"fire_occurred":0,"prediction":0.1095}},{"type":"Feature","geometry":{"type":"Point","coordinates":[98.8,15.3]},"properties":{"region":1,"fire_occurred":0,"prediction":0.1206}},{"type":"Feature","geometry":{"type":"Point","coordinates":[98.8,16.0]},"properties":{"region":1,"fire_occurred":0,"prediction":0.1046}},{"type":"Feature","geometry":{"type":"Point","coordinates":[98.8,16.1]},"properties":{"region":1,"fire_occurred":0,"prediction":0.1758}},{"type":"Feature","geometry":{"type":"Point","coordinates":[98.8,16.2]},"properties":{"region":1,"fire_occurred":1,"prediction":0.1757}},{"type":"Feature","geometry":{"type":"Point","coordinates":[98.8,16.7]},"properties":{"region":1,"fire_occurred":0,"prediction":0.1016}},{"type":"Feature","geometry":{"type":"Point","coordinates":[98.8,16.8]},"properties":{"region":1,"fire_occurred":1,"prediction":0.0356}},{"type":"Feature","geometry":{"type":"Point","coordinates":[98.8,16.9]},"properties":{"region":1,"fire_occurred":1,"prediction":0.1214}},{"type":"Feature","geometry":{"type":"Point","coordinates":[98.8,17.0]},"properties":{"region":1,"fire_occurred":0,"prediction":0.1438}},{"type":"Feature","geometry":{"type":"Point","coordinates":[98.8,21.7]},"properties":{"region":1,"fire_occurred":1,"prediction":0.0121}},{"type":"Feature","geometry":{"type":"Point","coordinates":[98.9,15.8]},"properties":{"region":1,"fire_occurred":0,"prediction":0.1781}},{"type":"Feature","geometry":{"type":"Point","coordinates":[98.9,16.6]},"properties":{"region":1,"fire_occurred":0,"prediction":0.1092}},{"type":"Feature","geometry":{"type":"Point","coordinates":[98.9,19.8]},"properties":{"region":1,"fire_occurred":1,"prediction":0.0088}},{"type":"Feature","geometry":{"type":"Point","coordinates":[98.9,19.9]},"properties":{"region":1,"fire_occurred":1,"prediction":0.0302}},{"type":"Feature","geometry":{"type":"Point","coordinates":[99.0,11.3]},"properties":{"region":1,"fire_occurred":1,"prediction":0.0005}},{"type":"Feature","geometry":{"type":"Point","coordinates":[99.0,13.9]},"properties":{"region":1,"fire_occurred":0,"prediction":0.1702}},{"type":"Feature","geometry":{"type":"Point","coordinates":[99.0,14.0]},"properties":{"region":1,"fire_occurred":0,"prediction":0.1631}},{"type":"Feature","geometry":{"type":"Point","coordinates":[99.0,14.2]},"properties":{"region":1,"fire_occurred":0,"prediction":0.2724}},{"type":"Feature","geometry":{"type":"Point","coordinates":[99.0,14.3]},"properties":{"region":1,"fire_occurred":0,"prediction":0.1069}},{"type":"Feature","geometry":{"type":"Point","coordinates":[99.0,14.8]},"properties":{"region":1,"fire_occurred":0,"prediction":0.1026}},{"type":"Feature","geometry":{"type":"Point","coordinates":[99.0,14.9]},"properties":{"region":1,"fire_occurred":0,"prediction":0.1522}},{"type":"Feature","geometry":{"type":"Point","coordinates":[99.0,15.0]},"properties":{"region":1,"fire_occurred":0,"prediction":0.2903}},{"type":"Feature","geometry":{"type":"Point","coordinates":[99.0,16.7]},"properties":{"region":1,"fire_occurred":1,"prediction":0.0407}},{"type":"Feature","geometry":{"type":"Point","coordinates":[99.0,19.0]},"properties":{"region":1,"fire_occurred":1,"prediction":0.026}},{"type":"Feature","geometry":{"type":"Point","coordinates":[99.1,12.2]},"properties":{"region":1,"fire_occurred":0,"prediction":0.1038}},{"type":"Feature","geometry":{"type":"Point","coordinates":[99.1,13.7]},"properties":{"region":1,"fire_occurred":0,"prediction":0.1416}},{"type":"Feature","geometry":{"type":"Point","coordinates":[99.1,13.8]},"properties":{"region":1,"fire_occurred":0,"prediction":0.1133}},{"type":"Feature","geometry":{"type":"Point","coordinates":[99.1,14.1]},"properties":{"region":1,"fire_occurred":0,"prediction":0.1139}},{"type":"Feature","geometry":{"type":"Point","coordinates":[99.1,14.5]},"properties":{"region":1,"fire_occurred":0,"prediction":0.1162}},{"type":"Feature","geometry":{"type":"Point","coordinates":[99.1,14.6]},"properties":{"region":1,"fire_occurred":0,"prediction":0.2343}},{"type":"Feature","geometry":{"type":"Point","coordinates":[99.1,17.1]},"properties":{"region":1,"fire_occurred":0,"prediction":0.1317}},{"type":"Feature","geometry":{"type":"Point","coordinates":[99.1,17.2]},"properties":{"region":1,"fire_occurred":0,"prediction":0.1065}},{"type":"Feature","geometry":{"type":"Point","coordinates":[99.2,13.4]},"properties":{"region":1,"fire_occurred":0,"prediction":0.2042}},{"type":"Feature","geometry":{"type":"Point","coordinates":[99.2,14.1]},"properties":{"region":1,"fire_occurred":0,"prediction":0.133}},{"type":"Feature","geometry":{"type":"Point","coordinates":[99.2,14.3]},"properties":{"region":1,"fire_occurred":0,"prediction":0.146}},{"type":"Feature","geometry":{"type":"Point","coordinates":[99.2,14.4]},"properties":{"region":1,"fire_occurred":0,"prediction":0.2203}},{"type":"Feature","geometry":{"type":"Point","coordinates":[99.2,14.5]},"properties":{"region":1,"fire_occurred":0,"prediction":0.2783}},{"type":"Feature","geometry":{"type":"Point","coordinates":[99.2,14.8]},"properties":{"region":1,"fire_occurred":0,"prediction":0.1094}},{"type":"Feature","geometry":{"type":"Point","coordinates":[99.2,14.9]},"properties":{"region":1,"fire_occurred":1,"prediction":0.0588}},{"type":"Feature","geometry":{"type":"Point","coordinates":[99.2,15.1]},"properties":{"region":1,"fire_occurred":0,"prediction":0.2865}},{"type":"Feature","geometry":{"type":"Point","coordinates":[99.2,15.2]},"properties":{"region":1,"fire_occurred":0,"prediction":0.174}},{"type":"Feature","geometry":{"type":"Point","coordinates":[99.2,15.8]},"properties":{"region":1,"fire_occurred":0,"prediction":0.116}},{"type":"Feature","geometry":{"type":"Point","coordinates":[99.2,15.9]},"properties":{"region":1,"fire_occurred":1,"prediction":0.1096}},{"type":"Feature","geometry":{"type":"Point","coordinates":[99.2,16.4]},"properties":{"region":1,"fire_occurred":1,"prediction":0.034}},{"type":"Feature","geometry":{"type":"Point","coordinates":[99.2,16.5]},"properties":{"region":1,"fire_occurred":0,"prediction":0.1009}},{"type":"Feature","geometry":{"type":"Point","coordinates":[99.2,16.9]},"properties":{"region":1,"fire_occurred":0,"prediction":0.1042}},{"type":"Feature","geometry":{"type":"Point","coordinates":[99.2,20.5]},"properties":{"region":1,"fire_occurred":1,"prediction":0.0632}},{"type":"Feature","geometry":{"type":"Point","coordinates":[99.3,14.1]},"properties":{"region":1,"fire_occurred":0,"prediction":0.1401}},{"type":"Feature","geometry":{"type":"Point","coordinates":[99.3,14.4]},"properties":{"region":1,"fire_occurred":0,"prediction":0.1295}},{"type":"Feature","geometry":{"type":"Point","coordinates":[99.3,14.6]},"properties":{"region":1,"fire_occurred":0,"prediction":0.1754}},{"type":"Feature","geometry":{"type":"Point","coordinates":[99.3,15.6]},"properties":{"region":1,"fire_occurred":0,"prediction":0.1695}},{"type":"Feature","geometry":{"type":"Point","coordinates":[99.3,15.9]},"properties":{"region":1,"fire_occurred":1,"prediction":0.1413}},{"type":"Feature","geometry":{"type":"Point","coordinates":[99.3,16.7]},"properties":{"region":1,"fire_occurred":0,"prediction":0.1639}},{"type":"Feature","geometry":{"type":"Point","coordinates":[99.3,16.8]},"properties":{"region":1,"fire_occurred":1,"prediction":0.092}},{"type":"Feature","geometry":{"type":"Point","coordinates":[99.3,16.9]},"properties":{"region":1,"fire_occurred":0,"prediction":0.1043}},{"type":"Feature","geometry":{"type":"Point","coordinates":[99.3,17.2]},"properties":{"region":1,"fire_occurred":1,"prediction":0.044}},{"type":"Feature","geometry":{"type":"Point","coordinates":[99.3,20.2]},"properties":{"region":1,"fire_occurred":1,"prediction":0.0128}},{"type":"Feature","geometry":{"type":"Point","coordinates":[99.4,14.2]},"properties":{"region":1,"fire_occurred":1,"prediction":0.0345}},{"type":"Feature","geometry":{"type":"Point","coordinates":[99.4,14.6]},"properties":{"region":1,"fire_occurred":0,"prediction":0.1476}},{"type":"Feature","geometry":{"type":"Point","coordinates":[99.4,14.8]},"properties":{"region":1,"fire_occurred":1,"prediction":0.1822}},{"type":"Feature","geometry":{"type":"Point","coordinates":[99.4,14.9]},"properties":{"region":1,"fire_occurred":0,"prediction":0.1137}},{"type":"Feature","geometry":{"type":"Point","coordinates":[99.4,15.2]},"properties":{"region":1,"fire_occurred":0,"prediction":0.1345}},{"type":"Feature","geometry":{"type":"Point","coordinates":[99.4,15.3]},"properties":{"region":1,"fire_occurred":0,"prediction":0.1253}},{"type":"Feature","geometry":{"type":"Point","coordinates":[99.4,16.8]},"properties":{"region":1,"fire_occurred":0,"prediction":0.138}},{"type":"Feature","geometry":{"type":"Point","coordinates":[99.4,16.9]},"properties":{"region":1,"fire_occurred":0,"prediction":0.1051}},{"type":"Feature","geometry":{"type":"Point","coordinates":[99.5,14.9]},"properties":{"region":1,"fire_occurred":0,"prediction":0.1313}},{"type":"Feature","geometry":{"type":"Point","coordinates":[99.5,15.0]},"properties":{"region":1,"fire_occurred":0,"prediction":0.1286}},{"type":"Feature","geometry":{"type":"Point","coordinates":[99.5,15.1]},"properties":{"region":1,"fire_occurred":0,"prediction":0.1587}},{"type":"Feature","geometry":{"type":"Point","coordinates":[99.5,16.3]},"properties":{"region":1,"fire_occurred":0,"prediction":0.1054}},{"type":"Feature","geometry":{"type":"Point","coordinates":[99.5,16.4]},"properties":{"region":1,"fire_occurred":0,"prediction":0.1462}},{"type":"Feature","geometry":{"type":"Point","coordinates":[99.5,16.5]},"properties":{"region":1,"fire_occurred":1,"prediction":0.0809}},{"type":"Feature","geometry":{"type":"Point","coordinates":[99.5,16.8]},"properties":{"region":1,"fire_occurred":0,"prediction":0.107}},{"type":"Feature","geometry":{"type":"Point","coordinates":[99.5,16.9]},"properties":{"region":1,"fire_occurred":0,"prediction":0.1371}},{"type":"Feature","geometry":{"type":"Point","coordinates":[99.5,17.0]},"properties":{"region":1,"fire_occurred":0,"prediction":0.1004}},{"type":"Feature","geometry":{"type":"Point","coordinates":[99.6,15.0]},"properties":{"region":1,"fire_occurred":0,"prediction":0.1385}},{"type":"Feature","geometry":{"type":"Point","coordinates":[99.6,15.1]},"properties":{"region":1,"fire_occurred":0,"prediction":0.101}},{"type":"Feature","geometry":{"type":"Point","coordinates":[99.6,16.3]},"properties":{"region":1,"fire_occurred":0,"prediction":0.1566}},{"type":"Feature","geometry":{"type":"Point","coordinates":[99.6,17.2]},"properties":{"region":1,"fire_occurred":0,"prediction":0.1251}},{"type":"Feature","geometry":{"type":"Point","coordinates":[99.6,17.3]},"properties":{"region":1,"fire_occurred":0,"prediction":0.1103}},{"type":"Feature","geometry":{"type":"Point","coordinates":[99.6,18.4]},"properties":{"region":1,"fire_occurred":0,"prediction":0.1142}},{"type":"Feature","geometry":{"type":"Point","coordinates":[99.7,15.1]},"properties":{"region":1,"fire_occurred":0,"prediction":0.121}},{"type":"Feature","geometry":{"type":"Point","coordinates":[99.7,16.7]},"properties":{"region":1,"fire_occurred":0,"prediction":0.1174}},{"type":"Feature","geometry":{"type":"Point","coordinates":[99.8,15.2]},"properties":{"region":1,"fire_occurred":0,"prediction":0.1281}},{"type":"Feature","geometry":{"type":"Point","coordinates":[99.8,15.9]},"properties":{"region":1,"fire_occurred":0,"prediction":0.1063}},{"type":"Feature","geometry":{"type":"Point","coordinates":[99.8,18.8]},"properties":{"region":1,"fire_occurred":1,"prediction":0.0275}},{"type":"Feature","geometry":{"type":"Point","coordinates":[99.9,2.6]},"properties":{"region":1,"fire_occurred":1,"prediction":0.0026}},{"type":"Feature","geometry":{"type":"Point","coordinates":[99.9,14.7]},"properties":{"region":1,"fire_occurred":0,"prediction":0.1025}},{"type":"Feature","geometry":{"type":"Point","coordinates":[99.9,15.5]},"properties":{"region":1,"fire_occurred":0,"prediction":0.128}},{"type":"Feature","geometry":{"type":"Point","coordinates":[99.9,15.6]},"properties":{"region":1,"fire_occurred":1,"prediction":0.0714}},{"type":"Feature","geometry":{"type":"Point","coordinates":[99.9,21.8]},"properties":{"region":1,"fire_occurred":1,"prediction":0.0051}},{"type":"Feature","geometry":{"type":"Point","coordinates":[100.0,14.8]},"properties":{"region":1,"fire_occurred":1,"prediction":0.0103}},{"type":"Feature","geometry":{"type":"Point","coordinates":[100.0,16.6]},"properties":{"region":1,"fire_occurred":0,"prediction":0.1245}},{"type":"Feature","geometry":{"type":"Point","coordinates":[100.1,13.5]},"properties":{"region":1,"fire_occurred":0,"prediction":0.2665}},{"type":"Feature","geometry":{"type":"Point","coordinates":[100.1,13.9]},"properties":{"region":1,"fire_occurred":0,"prediction":0.1282}},{"type":"Feature","geometry":{"type":"Point","coordinates":[100.1,14.5]},"properties":{"region":1,"fire_occurred":0,"prediction":0.1002}},{"type":"Feature","geometry":{"type":"Point","coordinates":[100.1,14.8]},"properties":{"region":1,"fire_occurred":0,"prediction":0.1264}},{"type":"Feature","geometry":{"type":"Point","coordinates":[100.1,15.5]},"properties":{"region":1,"fire_occurred":0,"prediction":0.2099}},{"type":"Feature","geometry":{"type":"Point","coordinates":[100.1,17.4]},"properties":{"region":1,"fire_occurred":0,"prediction":0.1208}},{"type":"Feature","geometry":{"type":"Point","coordinates":[100.1,18.7]},"properties":{"region":1,"fire_occurred":1,"prediction":0.0047}},{"type":"Feature","geometry":{"type":"Point","coordinates":[100.2,15.3]},"properties":{"region":1,"fire_occurred":0,"prediction":0.2218}},{"type":"Feature","geometry":{"type":"Point","coordinates":[100.2,17.1]},"properties":{"region":1,"fire_occurred":0,"prediction":0.1099}},{"type":"Feature","geometry":{"type":"Point","coordinates":[100.2,17.2]},"properties":{"region":1,"fire_occurred":0,"prediction":0.1478}},{"type":"Feature","geometry":{"type":"Point","coordinates":[100.2,17.3]},"properties":{"region":1,"fire_occurred":0,"prediction":0.1367}},{"type":"Feature","geometry":{"type":"Point","coordinates":[100.2,17.4]},"properties":{"region":1,"fire_occurred":0,"prediction":0.1349}},{"type":"Feature","geometry":{"type":"Point","coordinates":[100.2,17.5]},"properties":{"region":1,"fire_occurred":0,"prediction":0.1199}},{"type":"Feature","geometry":{"type":"Point","coordinates":[100.3,14.5]},"properties":{"region":1,"fire_occurred":0,"prediction":0.1237}},{"type":"Feature","geometry":{"type":"Point","coordinates":[100.3,15.2]},"properties":{"region":1,"fire_occurred":0,"prediction":0.206}},{"type":"Feature","geometry":{"type":"Point","coordinates":[100.3,15.3]},"properties":{"region":1,"fire_occurred":0,"prediction":0.1225}},{"type":"Feature","geometry":{"type":"Point","coordinates":[100.3,15.5]},"properties":{"region":1,"fire_occurred":0,"prediction":0.1044}},{"type":"Feature","geometry":{"type":"Point","coordinates":[100.3,17.1]},"properties":{"region":1,"fire_occurred":0,"prediction":0.1192}},{"type":"Feature","geometry":{"type":"Point","coordinates":[100.3,17.2]},"properties":{"region":1,"fire_occurred":0,"prediction":0.1122}},{"type":"Feature","geometry":{"type":"Point","coordinates":[100.3,17.3]},"properties":{"region":1,"fire_occurred":0,"prediction":0.11}},{"type":"Feature","geometry":{"type":"Point","coordinates":[100.3,17.4]},"properties":{"region":1,"fire_occurred":0,"prediction":0.2026}},{"type":"Feature","geometry":{"type":"Point","coordinates":[100.3,17.5]},"properties":{"region":1,"fire_occurred":0,"prediction":0.1027}},{"type":"Feature","geometry":{"type":"Point","coordinates":[100.3,18.1]},"properties":{"region":1,"fire_occurred":0,"prediction":0.1038}},{"type":"Feature","geometry":{"type":"Point","coordinates":[100.3,18.2]},"properties":{"region":1,"fire_occurred":0,"prediction":0.11}},{"type":"Feature","geometry":{"type":"Point","coordinates":[100.4,14.9]},"properties":{"region":1,"fire_occurred":0,"prediction":0.1223}},{"type":"Feature","geometry":{"type":"Point","coordinates":[100.4,15.0]},"properties":{"region":1,"fire_occurred":0,"prediction":0.177}},{"type":"Feature","geometry":{"type":"Point","coordinates":[100.4,15.5]},"properties":{"region":1,"fire_occurred":0,"prediction":0.1302}},{"type":"Feature","geometry":{"type":"Point","coordinates":[100.4,15.7]},"properties":{"region":1,"fire_occurred":0,"prediction":0.1702}},{"type":"Feature","geometry":{"type":"Point","coordinates":[100.4,16.7]},"properties":{"region":1,"fire_occurred":0,"prediction":0.1091}},{"type":"Feature","geometry":{"type":"Point","coordinates":[100.4,16.9]},"properties":{"region":1,"fire_occurred":0,"prediction":0.1723}},{"type":"Feature","geometry":{"type":"Point","coordinates":[100.4,17.0]},"properties":{"region":1,"fire_occurred":0,"prediction":0.143}},{"type":"Feature","geometry":{"type":"Point","coordinates":[100.4,17.7]},"properties":{"region":1,"fire_occurred":0,"prediction":0.1189}},{"type":"Feature","geometry":{"type":"Point","coordinates":[100.5,14.3]},"properties":{"region":1,"fire_occurred":0,"prediction":0.1245}},{"type":"Feature","geometry":{"type":"Point","coordinates":[100.5,14.9]},"properties":{"region":1,"fire_occurred":0,"prediction":0.1648}},{"type":"Feature","geometry":{"type":"Point","coordinates":[100.5,15.0]},"properties":{"region":1,"fire_occurred":1,"prediction":0.1627}},{"type":"Feature","geometry":{"type":"Point","coordinates":[100.5,15.1]},"properties":{"region":1,"fire_occurred":0,"prediction":0.231}},{"type":"Feature","geometry":{"type":"Point","coordinates":[100.5,15.3]},"properties":{"region":1,"fire_occurred":0,"prediction":0.1265}},{"type":"Feature","geometry":{"type":"Point","coordinates":[100.5,15.6]},"properties":{"region":1,"fire_occurred":0,"prediction":0.1293}},{"type":"Feature","geometry":{"type":"Point","coordinates":[100.5,16.1]},"properties":{"region":1,"fire_occurred":0,"prediction":0.1105}},{"type":"Feature","geometry":{"type":"Point","coordinates":[100.5,16.2]},"properties":{"region":1,"fire_occurred":1,"prediction":0.1556}},{"type":"Feature","geometry":{"type":"Point","coordinates":[100.5,16.8]},"properties":{"region":1,"fire_occurred":0,"prediction":0.1721}},{"type":"Feature","geometry":{"type":"Point","coordinates":[100.5,16.9]},"properties":{"region":1,"fire_occurred":0,"prediction":0.1833}},{"type":"Feature","geometry":{"type":"Point","coordinates":[100.5,17.2]},"properties":{"region":1,"fire_occurred":0,"prediction":0.1612}},{"type":"Feature","geometry":{"type":"Point","coordinates":[100.5,17.7]},"properties":{"region":1,"fire_occurred":0,"prediction":0.1148}},{"type":"Feature","geometry":{"type":"Point","coordinates":[100.6,13.8]},"properties":{"region":1,"fire_occurred":0,"prediction":0.1176}},{"type":"Feature","geometry":{"type":"Point","coordinates":[100.6,14.0]},"properties":{"region":1,"fire_occurred":0,"prediction":0.2541}},{"type":"Feature","geometry":{"type":"Point","coordinates":[100.6,14.5]},"properties":{"region":1,"fire_occurred":0,"prediction":0.13}},{"type":"Feature","geometry":{"type":"Point","coordinates":[100.6,14.6]},"properties":{"region":1,"fire_occurred":0,"prediction":0.1188}},{"type":"Feature","geometry":{"type":"Point","coordinates":[100.6,14.7]},"properties":{"region":1,"fire_occurred":0,"prediction":0.1105}},{"type":"Feature","geometry":{"type":"Point","coordinates":[100.6,15.0]},"properties":{"region":1,"fire_occurred":0,"prediction":0.1146}},{"type":"Feature","geometry":{"type":"Point","coordinates":[100.6,15.1]},"properties":{"region":1,"fire_occurred":1,"prediction":0.0685}},{"type":"Feature","geometry":{"type":"Point","coordinates":[100.6,15.4]},"properties":{"region":1,"fire_occurred":0,"prediction":0.1155}},{"type":"Feature","geometry":{"type":"Point","coordinates":[100.6,15.5]},"properties":{"region":1,"fire_occurred":0,"prediction":0.1763}},{"type":"Feature","geometry":{"type":"Point","coordinates":[100.6,15.6]},"properties":{"region":1,"fire_occurred":0,"prediction":0.1002}},{"type":"Feature","geometry":{"type":"Point","coordinates":[100.6,15.7]},"properties":{"region":1,"fire_occurred":0,"prediction":0.1454}},{"type":"Feature","geometry":{"type":"Point","coordinates":[100.6,15.8]},"properties":{"region":1,"fire_occurred":0,"prediction":0.1494}},{"type":"Feature","geometry":{"type":"Point","coordinates":[100.6,16.0]},"properties":{"region":1,"fire_occurred":0,"prediction":0.1107}},{"type":"Feature","geometry":{"type":"Point","coordinates":[100.6,16.3]},"properties":{"region":1,"fire_occurred":0,"prediction":0.1082}},{"type":"Feature","geometry":{"type":"Point","coordinates":[100.6,16.7]},"properties":{"region":1,"fire_occurred":0,"prediction":0.1286}},{"type":"Feature","geometry":{"type":"Point","coordinates":[100.6,16.8]},"properties":{"region":1,"fire_occurred":0,"prediction":0.1322}},{"type":"Feature","geometry":{"type":"Point","coordinates":[100.6,17.8]},"properties":{"region":1,"fire_occurred":0,"prediction":0.1355}},{"type":"Feature","geometry":{"type":"Point","coordinates":[100.6,17.9]},"properties":{"region":1,"fire_occurred":0,"prediction":0.2075}},{"type":"Feature","geometry":{"type":"Point","coordinates":[100.7,13.6]},"properties":{"region":1,"fire_occurred":0,"prediction":0.2236}},{"type":"Feature","geometry":{"type":"Point","coordinates":[100.7,14.8]},"properties":{"region":1,"fire_occurred":0,"prediction":0.1475}},{"type":"Feature","geometry":{"type":"Point","coordinates":[100.7,15.0]},"properties":{"region":1,"fire_occurred":0,"prediction":0.1051}},{"type":"Feature","geometry":{"type":"Point","coordinates":[100.7,15.1]},"properties":{"region":1,"fire_occurred":0,"prediction":0.1464}},{"type":"Feature","geometry":{"type":"Point","coordinates":[100.7,15.4]},"properties":{"region":1,"fire_occurred":0,"prediction":0.1133}},{"type":"Feature","geometry":{"type":"Point","coordinates":[100.7,15.6]},"properties":{"region":1,"fire_occurred":0,"prediction":0.1361}},{"type":"Feature","geometry":{"type":"Point","coordinates":[100.7,15.7]},"properties":{"region":1,"fire_occurred":0,"prediction":0.1968}},{"type":"Feature","geometry":{"type":"Point","coordinates":[100.7,15.8]},"properties":{"region":1,"fire_occurred":0,"prediction":0.1832}},{"type":"Feature","geometry":{"type":"Point","coordinates":[100.7,16.0]},"properties":{"region":1,"fire_occurred":1,"prediction":0.0959}},{"type":"Feature","geometry":{"type":"Point","coordinates":[100.7,16.1]},"properties":{"region":1,"fire_occurred":0,"prediction":0.1455}},{"type":"Feature","geometry":{"type":"Point","coordinates":[100.7,16.2]},"properties":{"region":1,"fire_occurred":0,"prediction":0.1336}},{"type":"Feature","geometry":{"type":"Point","coordinates":[100.7,16.8]},"properties":{"region":1,"fire_occurred":0,"prediction":0.1526}},{"type":"Feature","geometry":{"type":"Point","coordinates":[100.7,17.0]},"properties":{"region":1,"fire_occurred":0,"prediction":0.1008}},{"type":"Feature","geometry":{"type":"Point","coordinates":[100.7,21.5]},"properties":{"region":1,"fire_occurred":1,"prediction":0.0006}},{"type":"Feature","geometry":{"type":"Point","coordinates":[100.8,14.0]},"properties":{"region":1,"fire_occurred":0,"prediction":0.1874}},{"type":"Feature","geometry":{"type":"Point","coordinates":[100.8,14.2]},"properties":{"region":1,"fire_occurred":0,"prediction":0.1001}},{"type":"Feature","geometry":{"type":"Point","coordinates":[100.8,14.6]},"properties":{"region":1,"fire_occurred":0,"prediction":0.1002}},{"type":"Feature","geometry":{"type":"Point","coordinates":[100.8,15.0]},"properties":{"region":1,"fire_occurred":0,"prediction":0.1897}},{"type":"Feature","geometry":{"type":"Point","coordinates":[100.8,15.1]},"properties":{"region":1,"fire_occurred":0,"prediction":0.2262}},{"type":"Feature","geometry":{"type":"Point","coordinates":[100.8,15.2]},"properties":{"region":1,"fire_occurred":0,"prediction":0.1668}},{"type":"Feature","geometry":{"type":"Point","coordinates":[100.8,15.3]},"properties":{"region":1,"fire_occurred":0,"prediction":0.1005}},{"type":"Feature","geometry":{"type":"Point","coordinates":[100.8,15.7]},"properties":{"region":1,"fire_occurred":0,"prediction":0.1597}},{"type":"Feature","geometry":{"type":"Point","coordinates":[100.8,15.8]},"properties":{"region":1,"fire_occurred":0,"prediction":0.1179}},{"type":"Feature","geometry":{"type":"Point","coordinates":[100.8,15.9]},"properties":{"region":1,"fire_occurred":0,"prediction":0.1042}},{"type":"Feature","geometry":{"type":"Point","coordinates":[100.8,16.1]},"properties":{"region":1,"fire_occurred":0,"prediction":0.1562}},{"type":"Feature","geometry":{"type":"Point","coordinates":[100.8,16.2]},"properties":{"region":1,"fire_occurred":0,"prediction":0.1159}},{"type":"Feature","geometry":{"type":"Point","coordinates":[100.8,16.4]},"properties":{"region":1,"fire_occurred":0,"prediction":0.1075}},{"type":"Feature","geometry":{"type":"Point","coordinates":[100.8,16.5]},"properties":{"region":1,"fire_occurred":0,"prediction":0.1293}},{"type":"Feature","geometry":{"type":"Point","coordinates":[100.8,16.8]},"properties":{"region":1,"fire_occurred":0,"prediction":0.1544}},{"type":"Feature","geometry":{"type":"Point","coordinates":[100.8,17.0]},"properties":{"region":1,"fire_occurred":0,"prediction":0.1643}},{"type":"Feature","geometry":{"type":"Point","coordinates":[100.8,18.0]},"properties":{"region":1,"fire_occurred":0,"prediction":0.1576}},{"type":"Feature","geometry":{"type":"Point","coordinates":[100.8,18.3]},"properties":{"region":1,"fire_occurred":1,"prediction":0.0324}},{"type":"Feature","geometry":{"type":"Point","coordinates":[100.8,21.4]},"properties":{"region":1,"fire_occurred":1,"prediction":0.003}},{"type":"Feature","geometry":{"type":"Point","coordinates":[100.9,14.1]},"properties":{"region":1,"fire_occurred":0,"prediction":0.2443}},{"type":"Feature","geometry":{"type":"Point","coordinates":[100.9,14.8]},"properties":{"region":1,"fire_occurred":0,"prediction":0.1101}},{"type":"Feature","geometry":{"type":"Point","coordinates":[100.9,14.9]},"properties":{"region":1,"fire_occurred":0,"prediction":0.1604}},{"type":"Feature","geometry":{"type":"Point","coordinates":[100.9,15.0]},"properties":{"region":1,"fire_occurred":0,"prediction":0.1916}},{"type":"Feature","geometry":{"type":"Point","coordinates":[100.9,15.2]},"properties":{"region":1,"fire_occurred":1,"prediction":0.0771}},{"type":"Feature","geometry":{"type":"Point","coordinates":[100.9,15.3]},"properties":{"region":1,"fire_occurred":0,"prediction":0.1053}},{"type":"Feature","geometry":{"type":"Point","coordinates":[100.9,15.7]},"properties":{"region":1,"fire_occurred":0,"prediction":0.1486}},{"type":"Feature","geometry":{"type":"Point","coordinates":[100.9,15.8]},"properties":{"region":1,"fire_occurred":0,"prediction":0.1658}},{"type":"Feature","geometry":{"type":"Point","coordinates":[100.9,15.9]},"properties":{"region":1,"fire_occurred":0,"prediction":0.152}},{"type":"Feature","geometry":{"type":"Point","coordinates":[100.9,16.0]},"properties":{"region":1,"fire_occurred":0,"prediction":0.1086}},{"type":"Feature","geometry":{"type":"Point","coordinates":[100.9,16.1]},"properties":{"region":1,"fire_occurred":0,"prediction":0.1228}},{"type":"Feature","geometry":{"type":"Point","coordinates":[100.9,16.2]},"properties":{"region":1,"fire_occurred":0,"prediction":0.1296}},{"type":"Feature","geometry":{"type":"Point","coordinates":[100.9,16.8]},"properties":{"region":1,"fire_occurred":0,"prediction":0.1537}},{"type":"Feature","geometry":{"type":"Point","coordinates":[100.9,17.6]},"properties":{"region":1,"fire_occurred":0,"prediction":0.1776}},{"type":"Feature","geometry":{"type":"Point","coordinates":[101.0,4.8]},"properties":{"region":1,"fire_occurred":0,"prediction":0.164}},{"type":"Feature","geometry":{"type":"Point","coordinates":[101.0,13.5]},"properties":{"region":1,"fire_occurred":0,"prediction":0.1251}},{"type":"Feature","geometry":{"type":"Point","coordinates":[101.0,14.1]},"properties":{"region":1,"fire_occurred":0,"prediction":0.1793}},{"type":"Feature","geometry":{"type":"Point","coordinates":[101.0,14.2]},"properties":{"region":1,"fire_occurred":0,"prediction":0.1093}},{"type":"Feature","geometry":{"type":"Point","coordinates":[101.0,14.5]},"properties":{"region":1,"fire_occurred":0,"prediction":0.155}},{"type":"Feature","geometry":{"type":"Point","coordinates":[101.0,15.0]},"properties":{"region":1,"fire_occurred":0,"prediction":0.1002}},{"type":"Feature","geometry":{"type":"Point","coordinates":[101.0,15.5]},"properties":{"region":1,"fire_occurred":0,"prediction":0.1699}},{"type":"Feature","geometry":{"type":"Point","coordinates":[101.0,15.6]},"properties":{"region":1,"fire_occurred":0,"prediction":0.1308}},{"type":"Feature","geometry":{"type":"Point","coordinates":[101.0,15.7]},"properties":{"region":1,"fire_occurred":0,"prediction":0.154}},{"type":"Feature","geometry":{"type":"Point","coordinates":[101.0,15.9]},"properties":{"region":1,"fire_occurred":0,"prediction":0.1243}},{"type":"Feature","geometry":{"type":"Point","coordinates":[101.0,16.0]},"properties":{"region":1,"fire_occurred":0,"prediction":0.2352}},{"type":"Feature","geometry":{"type":"Point","coordinates":[101.0,16.3]},"properties":{"region":1,"fire_occurred":0,"prediction":0.1682}},{"type":"Feature","geometry":{"type":"Point","coordinates":[101.0,16.8]},"properties":{"region":1,"fire_occurred":0,"prediction":0.1046}},{"type":"Feature","geometry":{"type":"Point","coordinates":[101.1,4.0]},"properties":{"region":1,"fire_occurred":0,"prediction":0.1056}},{"type":"Feature","geometry":{"type":"Point","coordinates":[101.1,13.1]},"properties":{"region":1,"fire_occurred":0,"prediction":0.2581}},{"type":"Feature","geometry":{"type":"Point","coordinates":[101.1,13.2]},"properties":{"region":1,"fire_occurred":0,"prediction":0.1386}},{"type":"Feature","geometry":{"type":"Point","coordinates":[101.1,13.3]},"properties":{"region":1,"fire_occurred":0,"prediction":0.1054}},{"type":"Feature","geometry":{"type":"Point","coordinates":[101.1,14.0]},"properties":{"region":1,"fire_occurred":0,"prediction":0.1824}},{"type":"Feature","geometry":{"type":"Point","coordinates":[101.1,14.1]},"properties":{"region":1,"fire_occurred":0,"prediction":0.224}},{"type":"Feature","geometry":{"type":"Point","coordinates":[101.1,14.2]},"properties":{"region":1,"fire_occurred":0,"prediction":0.1439}},{"type":"Feature","geometry":{"type":"Point","coordinates":[101.1,14.3]},"properties":{"region":1,"fire_occurred":0,"prediction":0.1224}},{"type":"Feature","geometry":{"type":"Point","coordinates":[101.1,14.4]},"properties":{"region":1,"fire_occurred":0,"prediction":0.106}},{"type":"Feature","geometry":{"type":"Point","coordinates":[101.1,14.5]},"properties":{"region":1,"fire_occurred":0,"prediction":0.3089}},{"type":"Feature","geometry":{"type":"Point","coordinates":[101.1,15.2]},"properties":{"region":1,"fire_occurred":0,"prediction":0.2065}},{"type":"Feature","geometry":{"type":"Point","coordinates":[101.1,15.3]},"properties":{"region":1,"fire_occurred":0,"prediction":0.1232}},{"type":"Feature","geometry":{"type":"Point","coordinates":[101.1,15.4]},"properties":{"region":1,"fire_occurred":0,"prediction":0.2406}},{"type":"Feature","geometry":{"type":"Point","coordinates":[101.1,15.5]},"properties":{"region":1,"fire_occurred":0,"prediction":0.1071}},{"type":"Feature","geometry":{"type":"Point","coordinates":[101.1,15.6]},"properties":{"region":1,"fire_occurred":0,"prediction":0.1095}},{"type":"Feature","geometry":{"type":"Point","coordinates":[101.1,15.7]},"properties":{"region":1,"fire_occurred":0,"prediction":0.1914}},{"type":"Feature","geometry":{"type":"Point","coordinates":[101.1,15.8]},"properties":{"region":1,"fire_occurred":1,"prediction":0.1375}},{"type":"Feature","geometry":{"type":"Point","coordinates":[101.1,15.9]},"properties":{"region":1,"fire_occurred":0,"prediction":0.1868}},{"type":"Feature","geometry":{"type":"Point","coordinates":[101.1,16.0]},"properties":{"region":1,"fire_occurred":0,"prediction":0.1042}},{"type":"Feature","geometry":{"type":"Point","coordinates":[101.1,16.1]},"properties":{"region":1,"fire_occurred":0,"prediction":0.1528}},{"type":"Feature","geometry":{"type":"Point","coordinates":[101.1,16.2]},"properties":{"region":1,"fire_occurred":0,"prediction":0.1064}},{"type":"Feature","geometry":{"type":"Point","coordinates":[101.1,16.6]},"properties":{"region":1,"fire_occurred":0,"prediction":0.2461}},{"type":"Feature","geometry":{"type":"Point","coordinates":[101.1,16.7]},"properties":{"region":1,"fire_occurred":0,"prediction":0.1239}},{"type":"Feature","geometry":{"type":"Point","coordinates":[101.2,13.1]},"properties":{"region":1,"fire_occurred":0,"prediction":0.1177}},{"type":"Feature","geometry":{"type":"Point","coordinates":[101.2,13.2]},"properties":{"region":1,"fire_occurred":0,"prediction":0.1074}},{"type":"Feature","geometry":{"type":"Point","coordinates":[101.2,13.5]},"properties":{"region":1,"fire_occurred":0,"prediction":0.1677}},{"type":"Feature","geometry":{"type":"Point","coordinates":[101.2,13.8]},"properties":{"region":1,"fire_occurred":0,"prediction":0.1193}},{"type":"Feature","geometry":{"type":"Point","coordinates":[101.2,13.9]},"properties":{"region":1,"fire_occurred":0,"prediction":0.1663}},{"type":"Feature","geometry":{"type":"Point","coordinates":[101.2,14.0]},"properties":{"region":1,"fire_occurred":1,"prediction":0.3237}},{"type":"Feature","geometry":{"type":"Point","coordinates":[101.2,14.1]},"properties":{"region":1,"fire_occurred":0,"prediction":0.1383}},{"type":"Feature","geometry":{"type":"Point","coordinates":[101.2,14.5]},"properties":{"region":1,"fire_occurred":0,"prediction":0.1381}},{"type":"Feature","geometry":{"type":"Point","coordinates":[101.2,15.1]},"properties":{"region":1,"fire_occurred":0,"prediction":0.1288}},{"type":"Feature","geometry":{"type":"Point","coordinates":[101.2,15.2]},"properties":{"region":1,"fire_occurred":0,"prediction":0.1759}},{"type":"Feature","geometry":{"type":"Point","coordinates":[101.2,15.3]},"properties":{"region":1,"fire_occurred":0,"prediction":0.2275}},{"type":"Feature","geometry":{"type":"Point","coordinates":[101.2,15.5]},"properties":{"region":1,"fire_occurred":0,"prediction":0.176}},{"type":"Feature","geometry":{"type":"Point","coordinates":[101.2,15.6]},"properties":{"region":1,"fire_occurred":0,"prediction":0.1378}},{"type":"Feature","geometry":{"type":"Point","coordinates":[101.2,15.7]},"properties":{"region":1,"fire_occurred":1,"prediction":0.2186}},{"type":"Feature","geometry":{"type":"Point","coordinates":[101.2,16.0]},"properties":{"region":1,"fire_occurred":0,"prediction":0.2728}},{"type":"Feature","geometry":{"type":"Point","coordinates":[101.2,16.2]},"properties":{"region":1,"fire_occurred":1,"prediction":0.0593}},{"type":"Feature","geometry":{"type":"Point","coordinates":[101.2,16.8]},"properties":{"region":1,"fire_occurred":0,"prediction":0.1033}},{"type":"Feature","geometry":{"type":"Point","coordinates":[101.2,17.9]},"properties":{"region":1,"fire_occurred":1,"prediction":0.0533}},{"type":"Feature","geometry":{"type":"Point","coordinates":[101.2,19.3]},"properties":{"region":1,"fire_occurred":0,"prediction":0.2001}},{"type":"Feature","geometry":{"type":"Point","coordinates":[101.2,19.4]},"properties":{"region":1,"fire_occurred":0,"prediction":0.123}},{"type":"Feature","geometry":{"type":"Point","coordinates":[101.3,13.0]},"properties":{"region":1,"fire_occurred":0,"prediction":0.1614}},{"type":"Feature","geometry":{"type":"Point","coordinates":[101.3,13.6]},"properties":{"region":1,"fire_occurred":1,"prediction":0.3424}},{"type":"Feature","geometry":{"type":"Point","coordinates":[101.3,13.9]},"properties":{"region":1,"fire_occurred":0,"prediction":0.1419}},{"type":"Feature","geometry":{"type":"Point","coordinates":[101.3,14.0]},"properties":{"region":1,"fire_occurred":0,"prediction":0.216}},{"type":"Feature","geometry":{"type":"Point","coordinates":[101.3,14.1]},"properties":{"region":1,"fire_occurred":0,"prediction":0.1573}},{"type":"Feature","geometry":{"type":"Point","coordinates":[101.3,14.5]},"properties":{"region":1,"fire_occurred":0,"prediction":0.1242}},{"type":"Feature","geometry":{"type":"Point","coordinates":[101.3,15.0]},"properties":{"region":1,"fire_occurred":0,"prediction":0.1173}},{"type":"Feature","geometry":{"type":"Point","coordinates":[101.3,15.1]},"properties":{"region":1,"fire_occurred":0,"prediction":0.1267}},{"type":"Feature","geometry":{"type":"Point","coordinates":[101.3,15.3]},"properties":{"region":1,"fire_occurred":0,"prediction":0.1246}},{"type":"Feature","geometry":{"type":"Point","coordinates":[101.3,15.4]},"properties":{"region":1,"fire_occurred":0,"prediction":0.1108}},{"type":"Feature","geometry":{"type":"Point","coordinates":[101.3,15.8]},"properties":{"region":1,"fire_occurred":0,"prediction":0.1006}},{"type":"Feature","geometry":{"type":"Point","coordinates":[101.3,15.9]},"properties":{"region":1,"fire_occurred":0,"prediction":0.1101}},{"type":"Feature","geometry":{"type":"Point","coordinates":[101.3,16.0]},"properties":{"region":1,"fire_occurred":0,"prediction":0.1351}},{"type":"Feature","geometry":{"type":"Point","coordinates":[101.3,16.1]},"properties":{"region":1,"fire_occurred":0,"prediction":0.104}},{"type":"Feature","geometry":{"type":"Point","coordinates":[101.3,16.9]},"properties":{"region":1,"fire_occurred":0,"prediction":0.1551}},{"type":"Feature","geometry":{"type":"Point","coordinates":[101.3,18.3]},"properties":{"region":1,"fire_occurred":0,"prediction":0.1827}},{"type":"Feature","geometry":{"type":"Point","coordinates":[101.3,18.4]},"properties":{"region":1,"fire_occurred":0,"prediction":0.2271}},{"type":"Feature","geometry":{"type":"Point","coordinates":[101.4,1.6]},"properties":{"region":1,"fire_occurred":0,"prediction":0.1233}},{"type":"Feature","geometry":{"type":"Point","coordinates":[101.4,13.1]},"properties":{"region":1,"fire_occurred":0,"prediction":0.1939}},{"type":"Feature","geometry":{"type":"Point","coordinates":[101.4,13.4]},"properties":{"region":1,"fire_occurred":0,"prediction":0.1155}},{"type":"Feature","geometry":{"type":"Point","coordinates":[101.4,13.5]},"properties":{"region":1,"fire_occurred":0,"prediction":0.103}},{"type":"Feature","geometry":{"type":"Point","coordinates":[101.4,13.9]},"properties":{"region":1,"fire_occurred":0,"prediction":0.1705}},{"type":"Feature","geometry":{"type":"Point","coordinates":[101.4,14.1]},"properties":{"region":1,"fire_occurred":0,"prediction":0.137}},{"type":"Feature","geometry":{"type":"Point","coordinates":[101.4,15.1]},"properties":{"region":1,"fire_occurred":0,"prediction":0.1066}},{"type":"Feature","geometry":{"type":"Point","coordinates":[101.4,15.7]},"properties":{"region":1,"fire_occurred":1,"prediction":0.0978}},{"type":"Feature","geometry":{"type":"Point","coordinates":[101.4,15.8]},"properties":{"region":1,"fire_occurred":0,"prediction":0.3053}},{"type":"Feature","geometry":{"type":"Point","coordinates":[101.4,16.1]},"properties":{"region":1,"fire_occurred":0,"prediction":0.1778}},{"type":"Feature","geometry":{"type":"Point","coordinates":[101.4,16.8]},"properties":{"region":1,"fire_occurred":0,"prediction":0.1011}},{"type":"Feature","geometry":{"type":"Point","coordinates":[101.4,18.0]},"properties":{"region":1,"fire_occurred":0,"prediction":0.1506}},{"type":"Feature","geometry":{"type":"Point","coordinates":[101.4,18.2]},"properties":{"region":1,"fire_occurred":0,"prediction":0.109}},{"type":"Feature","geometry":{"type":"Point","coordinates":[101.5,3.3]},"properties":{"region":1,"fire_occurred":0,"prediction":0.3445}},{"type":"Feature","geometry":{"type":"Point","coordinates":[101.5,3.7]},"properties":{"region":1,"fire_occurred":0,"prediction":0.1892}},{"type":"Feature","geometry":{"type":"Point","coordinates":[101.5,13.3]},"properties":{"region":1,"fire_occurred":0,"prediction":0.1192}},{"type":"Feature","geometry":{"type":"Point","coordinates":[101.5,13.8]},"properties":{"region":1,"fire_occurred":0,"prediction":0.1385}},{"type":"Feature","geometry":{"type":"Point","coordinates":[101.5,13.9]},"properties":{"region":1,"fire_occurred":0,"prediction":0.1383}},{"type":"Feature","geometry":{"type":"Point","coordinates":[101.5,14.0]},"properties":{"region":1,"fire_occurred":0,"prediction":0.1416}},{"type":"Feature","geometry":{"type":"Point","coordinates":[101.5,15.7]},"properties":{"region":1,"fire_occurred":0,"prediction":0.147}},{"type":"Feature","geometry":{"type":"Point","coordinates":[101.5,15.8]},"properties":{"region":1,"fire_occurred":0,"prediction":0.1298}},{"type":"Feature","geometry":{"type":"Point","coordinates":[101.5,16.0]},"properties":{"region":1,"fire_occurred":1,"prediction":0.2547}},{"type":"Feature","geometry":{"type":"Point","coordinates":[101.5,16.1]},"properties":{"region":1,"fire_occurred":0,"prediction":0.3472}},{"type":"Feature","geometry":{"type":"Point","coordinates":[101.5,16.2]},"properties":{"region":1,"fire_occurred":0,"prediction":0.1714}},{"type":"Feature","geometry":{"type":"Point","coordinates":[101.5,18.3]},"properties":{"region":1,"fire_occurred":0,"prediction":0.1132}},{"type":"Feature","geometry":{"type":"Point","coordinates":[101.5,18.4]},"properties":{"region":1,"fire_occurred":0,"prediction":0.2177}},{"type":"Feature","geometry":{"type":"Point","coordinates":[101.5,18.6]},"properties":{"region":1,"fire_occurred":0,"prediction":0.1459}},{"type":"Feature","geometry":{"type":"Point","coordinates":[101.5,18.7]},"properties":{"region":1,"fire_occurred":0,"prediction":0.114}},{"type":"Feature","geometry":{"type":"Point","coordinates":[101.6,13.8]},"properties":{"region":1,"fire_occurred":0,"prediction":0.131}},{"type":"Feature","geometry":{"type":"Point","coordinates":[101.6,13.9]},"properties":{"region":1,"fire_occurred":1,"prediction":0.2388}},{"type":"Feature","geometry":{"type":"Point","coordinates":[101.6,15.2]},"properties":{"region":1,"fire_occurred":0,"prediction":0.1255}},{"type":"Feature","geometry":{"type":"Point","coordinates":[101.6,15.4]},"properties":{"region":1,"fire_occurred":1,"prediction":0.1004}},{"type":"Feature","geometry":{"type":"Point","coordinates":[101.6,15.6]},"properties":{"region":1,"fire_occurred":0,"prediction":0.1551}},{"type":"Feature","geometry":{"type":"Point","coordinates":[101.6,15.7]},"properties":{"region":1,"fire_occurred":0,"prediction":0.2015}},{"type":"Feature","geometry":{"type":"Point","coordinates":[101.6,15.8]},"properties":{"region":1,"fire_occurred":0,"prediction":0.149}},{"type":"Feature","geometry":{"type":"Point","coordinates":[101.6,15.9]},"properties":{"region":1,"fire_occurred":0,"prediction":0.2016}},{"type":"Feature","geometry":{"type":"Point","coordinates":[101.6,16.1]},"properties":{"region":1,"fire_occurred":1,"prediction":0.3635}},{"type":"Feature","geometry":{"type":"Point","coordinates":[101.6,16.2]},"properties":{"region":1,"fire_occurred":0,"prediction":0.2396}},{"type":"Feature","geometry":{"type":"Point","coordinates":[101.6,18.0]},"properties":{"region":1,"fire_occurred":1,"prediction":0.0269}},{"type":"Feature","geometry":{"type":"Point","coordinates":[101.6,19.0]},"properties":{"region":1,"fire_occurred":0,"prediction":0.1097}},{"type":"Feature","geometry":{"type":"Point","coordinates":[101.7,13.0]},"properties":{"region":1,"fire_occurred":1,"prediction":0.0331}},{"type":"Feature","geometry":{"type":"Point","coordinates":[101.7,13.4]},"properties":{"region":1,"fire_occurred":0,"prediction":0.1196}},{"type":"Feature","geometry":{"type":"Point","coordinates":[101.7,13.6]},"properties":{"region":1,"fire_occurred":0,"prediction":0.1654}},{"type":"Feature","geometry":{"type":"Point","coordinates":[101.7,13.7]},"properties":{"region":1,"fire_occurred":0,"prediction":0.1988}},{"type":"Feature","geometry":{"type":"Point","coordinates":[101.7,13.8]},"properties":{"region":1,"fire_occurred":0,"prediction":0.1234}},{"type":"Feature","geometry":{"type":"Point","coordinates":[101.7,13.9]},"properties":{"region":1,"fire_occurred":0,"prediction":0.111}},{"type":"Feature","geometry":{"type":"Point","coordinates":[101.7,14.0]},"properties":{"region":1,"fire_occurred":0,"prediction":0.1248}},{"type":"Feature","geometry":{"type":"Point","coordinates":[101.7,15.8]},"properties":{"region":1,"fire_occurred":0,"prediction":0.1024}},{"type":"Feature","geometry":{"type":"Point","coordinates":[101.7,15.9]},"properties":{"region":1,"fire_occurred":0,"prediction":0.1435}},{"type":"Feature","geometry":{"type":"Point","coordinates":[101.7,16.1]},"properties":{"region":1,"fire_occurred":0,"prediction":0.1648}},{"type":"Feature","geometry":{"type":"Point","coordinates":[101.7,16.4]},"properties":{"region":1,"fire_occurred":0,"prediction":0.1437}},{"type":"Feature","geometry":{"type":"Point","coordinates":[101.7,17.0]},"properties":{"region":1,"fire_occurred":0,"prediction":0.1159}},{"type":"Feature","geometry":{"type":"Point","coordinates":[101.7,18.1]},"properties":{"region":1,"fire_occurred":0,"prediction":0.1765}},{"type":"Feature","geometry":{"type":"Point","coordinates":[101.7,18.3]},"properties":{"region":1,"fire_occurred":0,"prediction":0.1118}},{"type":"Feature","geometry":{"type":"Point","coordinates":[101.8,13.6]},"properties":{"region":1,"fire_occurred":0,"prediction":0.1823}},{"type":"Feature","geometry":{"type":"Point","coordinates":[101.8,13.7]},"properties":{"region":1,"fire_occurred":0,"prediction":0.1256}},{"type":"Feature","geometry":{"type":"Point","coordinates":[101.8,14.1]},"properties":{"region":1,"fire_occurred":0,"prediction":0.1866}},{"type":"Feature","geometry":{"type":"Point","coordinates":[101.8,14.8]},"properties":{"region":1,"fire_occurred":0,"prediction":0.1049}},{"type":"Feature","geometry":{"type":"Point","coordinates":[101.8,15.8]},"properties":{"region":1,"fire_occurred":0,"prediction":0.1856}},{"type":"Feature","geometry":{"type":"Point","coordinates":[101.8,15.9]},"properties":{"region":1,"fire_occurred":1,"prediction":0.0883}},{"type":"Feature","geometry":{"type":"Point","coordinates":[101.8,16.0]},"properties":{"region":1,"fire_occurred":1,"prediction":0.0536}},{"type":"Feature","geometry":{"type":"Point","coordinates":[101.8,16.3]},"properties":{"region":1,"fire_occurred":0,"prediction":0.1615}},{"type":"Feature","geometry":{"type":"Point","coordinates":[101.8,16.4]},"properties":{"region":1,"fire_occurred":0,"prediction":0.1559}},{"type":"Feature","geometry":{"type":"Point","coordinates":[101.8,16.8]},"properties":{"region":1,"fire_occurred":1,"prediction":0.0481}},{"type":"Feature","geometry":{"type":"Point","coordinates":[101.9,13.9]},"properties":{"region":1,"fire_occurred":0,"prediction":0.1047}},{"type":"Feature","geometry":{"type":"Point","coordinates":[101.9,15.8]},"properties":{"region":1,"fire_occurred":0,"prediction":0.1972}},{"type":"Feature","geometry":{"type":"Point","coordinates":[102.0,13.0]},"properties":{"region":1,"fire_occurred":0,"prediction":0.1161}},{"type":"Feature","geometry":{"type":"Point","coordinates":[102.0,13.3]},"properties":{"region":1,"fire_occurred":0,"prediction":0.2358}},{"type":"Feature","geometry":{"type":"Point","coordinates":[102.0,13.5]},"properties":{"region":1,"fire_occurred":0,"prediction":0.1587}},{"type":"Feature","geometry":{"type":"Point","coordinates":[102.0,13.9]},"properties":{"region":1,"fire_occurred":0,"prediction":0.1277}},{"type":"Feature","geometry":{"type":"Point","coordinates":[102.0,15.8]},"properties":{"region":1,"fire_occurred":0,"prediction":0.1353}},{"type":"Feature","geometry":{"type":"Point","coordinates":[102.0,18.2]},"properties":{"region":1,"fire_occurred":0,"prediction":0.1403}},{"type":"Feature","geometry":{"type":"Point","coordinates":[102.1,13.4]},"properties":{"region":1,"fire_occurred":0,"prediction":0.1176}},{"type":"Feature","geometry":{"type":"Point","coordinates":[102.1,13.5]},"properties":{"region":1,"fire_occurred":0,"prediction":0.1872}},{"type":"Feature","geometry":{"type":"Point","coordinates":[102.1,15.7]},"properties":{"region":1,"fire_occurred":0,"prediction":0.1725}},{"type":"Feature","geometry":{"type":"Point","coordinates":[102.1,16.7]},"properties":{"region":1,"fire_occurred":0,"prediction":0.118}},{"type":"Feature","geometry":{"type":"Point","coordinates":[102.1,17.4]},"properties":{"region":1,"fire_occurred":0,"prediction":0.1103}},{"type":"Feature","geometry":{"type":"Point","coordinates":[102.1,18.2]},"properties":{"region":1,"fire_occurred":0,"prediction":0.1483}},{"type":"Feature","geometry":{"type":"Point","coordinates":[102.2,13.2]},"properties":{"region":1,"fire_occurred":0,"prediction":0.1011}},{"type":"Feature","geometry":{"type":"Point","coordinates":[102.2,13.3]},"properties":{"region":1,"fire_occurred":0,"prediction":0.108}},{"type":"Feature","geometry":{"type":"Point","coordinates":[102.2,13.4]},"properties":{"region":1,"fire_occurred":0,"prediction":0.1798}},{"type":"Feature","geometry":{"type":"Point","coordinates":[102.2,13.5]},"properties":{"region":1,"fire_occurred":0,"prediction":0.1282}},{"type":"Feature","geometry":{"type":"Point","coordinates":[102.2,13.6]},"properties":{"region":1,"fire_occurred":0,"prediction":0.1452}},{"type":"Feature","geometry":{"type":"Point","coordinates":[102.2,14.5]},"properties":{"region":1,"fire_occurred":1,"prediction":0.0296}},{"type":"Feature","geometry":{"type":"Point","coordinates":[102.2,16.3]},"properties":{"region":1,"fire_occurred":0,"prediction":0.1011}},{"type":"Feature","geometry":{"type":"Point","coordinates":[102.2,17.3]},"properties":{"region":1,"fire_occurred":0,"prediction":0.1113}},{"type":"Feature","geometry":{"type":"Point","coordinates":[102.3,13.0]},"properties":{"region":1,"fire_occurred":0,"prediction":0.1225}},{"type":"Feature","geometry":{"type":"Point","coordinates":[102.3,13.1]},"properties":{"region":1,"fire_occurred":0,"prediction":0.1939}},{"type":"Feature","geometry":{"type":"Point","coordinates":[102.3,13.2]},"properties":{"region":1,"fire_occurred":0,"prediction":0.1229}},{"type":"Feature","geometry":{"type":"Point","coordinates":[102.3,13.4]},"properties":{"region":1,"fire_occurred":0,"prediction":0.1799}},{"type":"Feature","geometry":{"type":"Point","coordinates":[102.3,13.5]},"properties":{"region":1,"fire_occurred":0,"prediction":0.1038}},{"type":"Feature","geometry":{"type":"Point","coordinates":[102.3,13.6]},"properties":{"region":1,"fire_occurred":0,"prediction":0.1713}},{"type":"Feature","geometry":{"type":"Point","coordinates":[102.3,13.7]},"properties":{"region":1,"fire_occurred":0,"prediction":0.1025}},{"type":"Feature","geometry":{"type":"Point","coordinates":[102.4,13.2]},"properties":{"region":1,"fire_occurred":0,"prediction":0.1338}},{"type":"Feature","geometry":{"type":"Point","coordinates":[102.4,13.5]},"properties":{"region":1,"fire_occurred":0,"prediction":0.2129}},{"type":"Feature","geometry":{"type":"Point","coordinates":[102.4,14.7]},"properties":{"region":1,"fire_occurred":0,"prediction":0.1555}},{"type":"Feature","geometry":{"type":"Point","coordinates":[102.4,15.5]},"properties":{"region":1,"fire_occurred":0,"prediction":0.1128}},{"type":"Feature","geometry":{"type":"Point","coordinates":[102.4,17.4]},"properties":{"region":1,"fire_occurred":1,"prediction":0.0845}},{"type":"Feature","geometry":{"type":"Point","coordinates":[102.5,13.0]},"properties":{"region":1,"fire_occurred":0,"prediction":0.1688}},{"type":"Feature","geometry":{"type":"Point","coordinates":[102.5,13.4]},"properties":{"region":1,"fire_occurred":0,"prediction":0.1229}},{"type":"Feature","geometry":{"type":"Point","coordinates":[102.5,13.5]},"properties":{"region":1,"fire_occurred":1,"prediction":0.2069}},{"type":"Feature","geometry":{"type":"Point","coordinates":[102.5,15.9]},"properties":{"region":1,"fire_occurred":0,"prediction":0.1222}},{"type":"Feature","geometry":{"type":"Point","coordinates":[102.5,16.0]},"properties":{"region":1,"fire_occurred":0,"prediction":0.1043}},{"type":"Feature","geometry":{"type":"Point","coordinates":[102.5,16.3]},"properties":{"region":1,"fire_occurred":0,"prediction":0.1024}},{"type":"Feature","geometry":{"type":"Point","coordinates":[102.6,13.0]},"properties":{"region":1,"fire_occurred":0,"prediction":0.1255}},{"type":"Feature","geometry":{"type":"Point","coordinates":[102.6,13.1]},"properties":{"region":1,"fire_occurred":0,"prediction":0.1202}},{"type":"Feature","geometry":{"type":"Point","coordinates":[102.6,13.3]},"properties":{"region":1,"fire_occurred":0,"prediction":0.2488}},{"type":"Feature","geometry":{"type":"Point","coordinates":[102.6,13.4]},"properties":{"region":1,"fire_occurred":0,"prediction":0.1191}},{"type":"Feature","geometry":{"type":"Point","coordinates":[102.6,13.5]},"properties":{"region":1,"fire_occurred":0,"prediction":0.2257}},{"type":"Feature","geometry":{"type":"Point","coordinates":[102.6,13.6]},"properties":{"region":1,"fire_occurred":0,"prediction":0.176}},{"type":"Feature","geometry":{"type":"Point","coordinates":[102.6,13.7]},"properties":{"region":1,"fire_occurred":0,"prediction":0.1066}},{"type":"Feature","geometry":{"type":"Point","coordinates":[102.6,13.9]},"properties":{"region":1,"fire_occurred":0,"prediction":0.1234}},{"type":"Feature","geometry":{"type":"Point","coordinates":[102.6,14.3]},"properties":{"region":1,"fire_occurred":0,"prediction":0.1706}},{"type":"Feature","geometry":{"type":"Point","coordinates":[102.6,16.8]},"properties":{"region":1,"fire_occurred":0,"prediction":0.1128}},{"type":"Feature","geometry":{"type":"Point","coordinates":[102.6,17.1]},"properties":{"region":1,"fire_occurred":0,"prediction":0.1366}},{"type":"Feature","geometry":{"type":"Point","coordinates":[102.6,17.5]},"properties":{"region":1,"fire_occurred":0,"prediction":0.1011}},{"type":"Feature","geometry":{"type":"Point","coordinates":[102.7,13.0]},"properties":{"region":1,"fire_occurred":0,"prediction":0.171}},{"type":"Feature","geometry":{"type":"Point","coordinates":[102.7,13.3]},"properties":{"region":1,"fire_occurred":0,"prediction":0.2214}},{"type":"Feature","geometry":{"type":"Point","coordinates":[102.7,13.7]},"properties":{"region":1,"fire_occurred":0,"prediction":0.3815}},{"type":"Feature","geometry":{"type":"Point","coordinates":[102.7,14.1]},"properties":{"region":1,"fire_occurred":0,"prediction":0.1163}},{"type":"Feature","geometry":{"type":"Point","coordinates":[102.7,17.0]},"properties":{"region":1,"fire_occurred":0,"prediction":0.1165}},{"type":"Feature","geometry":{"type":"Point","coordinates":[102.7,18.0]},"properties":{"region":1,"fire_occurred":1,"prediction":0.0154}},{"type":"Feature","geometry":{"type":"Point","coordinates":[102.8,13.0]},"properties":{"region":1,"fire_occurred":0,"prediction":0.1078}},{"type":"Feature","geometry":{"type":"Point","coordinates":[102.8,13.3]},"properties":{"region":1,"fire_occurred":0,"prediction":0.1146}},{"type":"Feature","geometry":{"type":"Point","coordinates":[102.8,13.4]},"properties":{"region":1,"fire_occurred":0,"prediction":0.2486}},{"type":"Feature","geometry":{"type":"Point","coordinates":[102.8,13.7]},"properties":{"region":1,"fire_occurred":0,"prediction":0.3043}},{"type":"Feature","geometry":{"type":"Point","coordinates":[102.8,17.0]},"properties":{"region":1,"fire_occurred":0,"prediction":0.1549}},{"type":"Feature","geometry":{"type":"Point","coordinates":[102.8,17.5]},"properties":{"region":1,"fire_occurred":0,"prediction":0.1005}},{"type":"Feature","geometry":{"type":"Point","coordinates":[102.8,17.9]},"properties":{"region":1,"fire_occurred":0,"prediction":0.1092}},{"type":"Feature","geometry":{"type":"Point","coordinates":[102.8,19.9]},"properties":{"region":1,"fire_occurred":0,"prediction":0.1519}},{"type":"Feature","geometry":{"type":"Point","coordinates":[102.9,13.1]},"properties":{"region":1,"fire_occurred":0,"prediction":0.1166}},{"type":"Feature","geometry":{"type":"Point","coordinates":[102.9,14.0]},"properties":{"region":1,"fire_occurred":0,"prediction":0.165}},{"type":"Feature","geometry":{"type":"Point","coordinates":[102.9,14.1]},"properties":{"region":1,"fire_occurred":0,"prediction":0.1236}},{"type":"Feature","geometry":{"type":"Point","coordinates":[102.9,14.2]},"properties":{"region":1,"fire_occurred":0,"prediction":0.1037}},{"type":"Feature","geometry":{"type":"Point","coordinates":[102.9,14.3]},"properties":{"region":1,"fire_occurred":1,"prediction":0.036}},{"type":"Feature","geometry":{"type":"Point","coordinates":[102.9,16.8]},"properties":{"region":1,"fire_occurred":1,"prediction":0.0287}},{"type":"Feature","geometry":{"type":"Point","coordinates":[102.9,18.1]},"properties":{"region":1,"fire_occurred":0,"prediction":0.1547}},{"type":"Feature","geometry":{"type":"Point","coordinates":[102.9,18.2]},"properties":{"region":1,"fire_occurred":0,"prediction":0.1103}},{"type":"Feature","geometry":{"type":"Point","coordinates":[103.0,12.1]},"properties":{"region":1,"fire_occurred":0,"prediction":0.1142}},{"type":"Feature","geometry":{"type":"Point","coordinates":[103.0,12.2]},"properties":{"region":1,"fire_occurred":0,"prediction":0.257}},{"type":"Feature","geometry":{"type":"Point","coordinates":[103.0,12.3]},"properties":{"region":1,"fire_occurred":0,"prediction":0.1731}},{"type":"Feature","geometry":{"type":"Point","coordinates":[103.0,12.5]},"properties":{"region":1,"fire_occurred":0,"prediction":0.183}},{"type":"Feature","geometry":{"type":"Point","coordinates":[103.0,12.6]},"properties":{"region":1,"fire_occurred":0,"prediction":0.2008}},{"type":"Feature","geometry":{"type":"Point","coordinates":[103.0,12.7]},"properties":{"region":1,"fire_occurred":0,"prediction":0.2283}},{"type":"Feature","geometry":{"type":"Point","coordinates":[103.0,13.2]},"properties":{"region":1,"fire_occurred":0,"prediction":0.1903}},{"type":"Feature","geometry":{"type":"Point","coordinates":[103.0,13.3]},"properties":{"region":1,"fire_occurred":0,"prediction":0.2156}},{"type":"Feature","geometry":{"type":"Point","coordinates":[103.0,13.8]},"properties":{"region":1,"fire_occurred":0,"prediction":0.2248}},{"type":"Feature","geometry":{"type":"Point","coordinates":[103.0,14.0]},"properties":{"region":1,"fire_occurred":0,"prediction":0.1275}},{"type":"Feature","geometry":{"type":"Point","coordinates":[103.0,14.1]},"properties":{"region":1,"fire_occurred":0,"prediction":0.1139}},{"type":"Feature","geometry":{"type":"Point","coordinates":[103.0,14.2]},"properties":{"region":1,"fire_occurred":0,"prediction":0.1178}},{"type":"Feature","geometry":{"type":"Point","coordinates":[103.0,17.4]},"properties":{"region":1,"fire_occurred":0,"prediction":0.1051}},{"type":"Feature","geometry":{"type":"Point","coordinates":[103.0,18.1]},"properties":{"region":1,"fire_occurred":0,"prediction":0.1259}},{"type":"Feature","geometry":{"type":"Point","coordinates":[103.0,18.3]},"properties":{"region":1,"fire_occurred":0,"prediction":0.1101}},{"type":"Feature","geometry":{"type":"Point","coordinates":[103.1,12.0]},"properties":{"region":1,"fire_occurred":0,"prediction":0.1215}},{"type":"Feature","geometry":{"type":"Point","coordinates":[103.1,12.1]},"properties":{"region":1,"fire_occurred":0,"prediction":0.1327}},{"type":"Feature","geometry":{"type":"Point","coordinates":[103.1,12.2]},"properties":{"region":1,"fire_occurred":0,"prediction":0.5048}},{"type":"Feature","geometry":{"type":"Point","coordinates":[103.1,12.3]},"properties":{"region":1,"fire_occurred":0,"prediction":0.453}},{"type":"Feature","geometry":{"type":"Point","coordinates":[103.1,12.4]},"properties":{"region":1,"fire_occurred":1,"prediction":0.477}},{"type":"Feature","geometry":{"type":"Point","coordinates":[103.1,12.5]},"properties":{"region":1,"fire_occurred":1,"prediction":0.3469}},{"type":"Feature","geometry":{"type":"Point","coordinates":[103.1,12.6]},"properties":{"region":1,"fire_occurred":0,"prediction":0.1187}},{"type":"Feature","geometry":{"type":"Point","coordinates":[103.1,12.7]},"properties":{"region":1,"fire_occurred":0,"prediction":0.1261}},{"type":"Feature","geometry":{"type":"Point","coordinates":[103.1,12.8]},"properties":{"region":1,"fire_occurred":0,"prediction":0.1279}},{"type":"Feature","geometry":{"type":"Point","coordinates":[103.1,13.8]},"properties":{"region":1,"fire_occurred":0,"prediction":0.1362}},{"type":"Feature","geometry":{"type":"Point","coordinates":[103.1,13.9]},"properties":{"region":1,"fire_occurred":0,"prediction":0.359}},{"type":"Feature","geometry":{"type":"Point","coordinates":[103.1,14.0]},"properties":{"region":1,"fire_occurred":0,"prediction":0.2137}},{"type":"Feature","geometry":{"type":"Point","coordinates":[103.2,12.2]},"properties":{"region":1,"fire_occurred":0,"prediction":0.1381}},{"type":"Feature","geometry":{"type":"Point","coordinates":[103.2,12.3]},"properties":{"region":1,"fire_occurred":0,"prediction":0.4355}},{"type":"Feature","geometry":{"type":"Point","coordinates":[103.2,12.4]},"properties":{"region":1,"fire_occurred":0,"prediction":0.323}},{"type":"Feature","geometry":{"type":"Point","coordinates":[103.2,12.5]},"properties":{"region":1,"fire_occurred":0,"prediction":0.3884}},{"type":"Feature","geometry":{"type":"Point","coordinates":[103.2,12.6]},"properties":{"region":1,"fire_occurred":0,"prediction":0.1668}},{"type":"Feature","geometry":{"type":"Point","coordinates":[103.2,13.0]},"properties":{"region":1,"fire_occurred":0,"prediction":0.173}},{"type":"Feature","geometry":{"type":"Point","coordinates":[103.2,13.1]},"properties":{"region":1,"fire_occurred":0,"prediction":0.1607}},{"type":"Feature","geometry":{"type":"Point","coordinates":[103.2,13.8]},"properties":{"region":1,"fire_occurred":0,"prediction":0.1806}},{"type":"Feature","geometry":{"type":"Point","coordinates":[103.2,13.9]},"properties":{"region":1,"fire_occurred":0,"prediction":0.3701}},{"type":"Feature","geometry":{"type":"Point","coordinates":[103.2,14.0]},"properties":{"region":1,"fire_occurred":0,"prediction":0.1486}},{"type":"Feature","geometry":{"type":"Point","coordinates":[103.2,14.1]},"properties":{"region":1,"fire_occurred":0,"prediction":0.1605}},{"type":"Feature","geometry":{"type":"Point","coordinates":[103.2,14.2]},"properties":{"region":1,"fire_occurred":0,"prediction":0.1475}},{"type":"Feature","geometry":{"type":"Point","coordinates":[103.2,14.5]},"properties":{"region":1,"fire_occurred":0,"prediction":0.1372}},{"type":"Feature","geometry":{"type":"Point","coordinates":[103.2,15.1]},"properties":{"region":1,"fire_occurred":0,"prediction":0.1648}},{"type":"Feature","geometry":{"type":"Point","coordinates":[103.2,16.1]},"properties":{"region":1,"fire_occurred":1,"prediction":0.0522}},{"type":"Feature","geometry":{"type":"Point","coordinates":[103.2,17.5]},"properties":{"region":1,"fire_occurred":0,"prediction":0.1187}},{"type":"Feature","geometry":{"type":"Point","coordinates":[103.2,17.6]},"properties":{"region":1,"fire_occurred":0,"prediction":0.1708}},{"type":"Feature","geometry":{"type":"Point","coordinates":[103.2,17.8]},"properties":{"region":1,"fire_occurred":0,"prediction":0.1016}},{"type":"Feature","geometry":{"type":"Point","coordinates":[103.2,19.2]},"properties":{"region":1,"fire_occurred":0,"prediction":0.168}},{"type":"Feature","geometry":{"type":"Point","coordinates":[103.3,12.3]},"properties":{"region":1,"fire_occurred":0,"prediction":0.2121}},{"type":"Feature","geometry":{"type":"Point","coordinates":[103.3,12.4]},"properties":{"region":1,"fire_occurred":0,"prediction":0.4989}},{"type":"Feature","geometry":{"type":"Point","coordinates":[103.3,12.5]},"properties":{"region":1,"fire_occurred":0,"prediction":0.2886}},{"type":"Feature","geometry":{"type":"Point","coordinates":[103.3,12.6]},"properties":{"region":1,"fire_occurred":0,"prediction":0.1287}},{"type":"Feature","geometry":{"type":"Point","coordinates":[103.3,13.0]},"properties":{"region":1,"fire_occurred":0,"prediction":0.1323}},{"type":"Feature","geometry":{"type":"Point","coordinates":[103.3,13.1]},"properties":{"region":1,"fire_occurred":0,"prediction":0.3184}},{"type":"Feature","geometry":{"type":"Point","coordinates":[103.3,13.5]},"properties":{"region":1,"fire_occurred":0,"prediction":0.1191}},{"type":"Feature","geometry":{"type":"Point","coordinates":[103.3,13.6]},"properties":{"region":1,"fire_occurred":0,"prediction":0.1438}},{"type":"Feature","geometry":{"type":"Point","coordinates":[103.3,13.8]},"properties":{"region":1,"fire_occurred":0,"prediction":0.1048}},{"type":"Feature","geometry":{"type":"Point","coordinates":[103.3,13.9]},"properties":{"region":1,"fire_occurred":0,"prediction":0.1773}},{"type":"Feature","geometry":{"type":"Point","coordinates":[103.3,14.0]},"properties":{"region":1,"fire_occurred":0,"prediction":0.2796}},{"type":"Feature","geometry":{"type":"Point","coordinates":[103.3,14.1]},"properties":{"region":1,"fire_occurred":0,"prediction":0.1608}},{"type":"Feature","geometry":{"type":"Point","coordinates":[103.3,14.2]},"properties":{"region":1,"fire_occurred":0,"prediction":0.2198}},{"type":"Feature","geometry":{"type":"Point","coordinates":[103.3,16.3]},"properties":{"region":1,"fire_occurred":0,"prediction":0.1022}},{"type":"Feature","geometry":{"type":"Point","coordinates":[103.3,16.5]},"properties":{"region":1,"fire_occurred":0,"prediction":0.1115}},{"type":"Feature","geometry":{"type":"Point","coordinates":[103.3,17.0]},"properties":{"region":1,"fire_occurred":0,"prediction":0.142}},{"type":"Feature","geometry":{"type":"Point","coordinates":[103.3,18.3]},"properties":{"region":1,"fire_occurred":0,"prediction":0.1001}},{"type":"Feature","geometry":{"type":"Point","coordinates":[103.4,4.5]},"properties":{"region":1,"fire_occurred":0,"prediction":0.2043}},{"type":"Feature","geometry":{"type":"Point","coordinates":[103.4,12.3]},"properties":{"region":1,"fire_occurred":0,"prediction":0.3306}},{"type":"Feature","geometry":{"type":"Point","coordinates":[103.4,12.4]},"properties":{"region":1,"fire_occurred":0,"prediction":0.3449}},{"type":"Feature","geometry":{"type":"Point","coordinates":[103.4,13.0]},"properties":{"region":1,"fire_occurred":0,"prediction":0.2696}},{"type":"Feature","geometry":{"type":"Point","coordinates":[103.4,13.1]},"properties":{"region":1,"fire_occurred":0,"prediction":0.2778}},{"type":"Feature","geometry":{"type":"Point","coordinates":[103.4,13.6]},"properties":{"region":1,"fire_occurred":0,"prediction":0.1712}},{"type":"Feature","geometry":{"type":"Point","coordinates":[103.4,13.7]},"properties":{"region":1,"fire_occurred":0,"prediction":0.171}},{"type":"Feature","geometry":{"type":"Point","coordinates":[103.4,13.8]},"properties":{"region":1,"fire_occurred":0,"prediction":0.1763}},{"type":"Feature","geometry":{"type":"Point","coordinates":[103.4,13.9]},"properties":{"region":1,"fire_occurred":0,"prediction":0.3051}},{"type":"Feature","geometry":{"type":"Point","coordinates":[103.4,14.0]},"properties":{"region":1,"fire_occurred":0,"prediction":0.2841}},{"type":"Feature","geometry":{"type":"Point","coordinates":[103.4,14.1]},"properties":{"region":1,"fire_occurred":0,"prediction":0.3038}},{"type":"Feature","geometry":{"type":"Point","coordinates":[103.4,14.2]},"properties":{"region":1,"fire_occurred":0,"prediction":0.1777}},{"type":"Feature","geometry":{"type":"Point","coordinates":[103.4,17.2]},"properties":{"region":1,"fire_occurred":1,"prediction":0.0538}},{"type":"Feature","geometry":{"type":"Point","coordinates":[103.4,17.3]},"properties":{"region":1,"fire_occurred":0,"prediction":0.1037}},{"type":"Feature","geometry":{"type":"Point","coordinates":[103.5,12.2]},"properties":{"region":1,"fire_occurred":0,"prediction":0.2728}},{"type":"Feature","geometry":{"type":"Point","coordinates":[103.5,12.3]},"properties":{"region":1,"fire_occurred":0,"prediction":0.4729}},{"type":"Feature","geometry":{"type":"Point","coordinates":[103.5,12.4]},"properties":{"region":1,"fire_occurred":0,"prediction":0.1013}},{"type":"Feature","geometry":{"type":"Point","coordinates":[103.5,12.8]},"properties":{"region":1,"fire_occurred":0,"prediction":0.1168}},{"type":"Feature","geometry":{"type":"Point","coordinates":[103.5,13.2]},"properties":{"region":1,"fire_occurred":0,"prediction":0.1377}},{"type":"Feature","geometry":{"type":"Point","coordinates":[103.5,13.5]},"properties":{"region":1,"fire_occurred":0,"prediction":0.1013}},{"type":"Feature","geometry":{"type":"Point","coordinates":[103.5,13.7]},"properties":{"region":1,"fire_occurred":0,"prediction":0.1125}},{"type":"Feature","geometry":{"type":"Point","coordinates":[103.5,13.8]},"properties":{"region":1,"fire_occurred":0,"prediction":0.2272}},{"type":"Feature","geometry":{"type":"Point","coordinates":[103.5,13.9]},"properties":{"region":1,"fire_occurred":0,"prediction":0.1468}},{"type":"Feature","geometry":{"type":"Point","coordinates":[103.5,14.0]},"properties":{"region":1,"fire_occurred":0,"prediction":0.293}},{"type":"Feature","geometry":{"type":"Point","coordinates":[103.5,14.1]},"properties":{"region":1,"fire_occurred":0,"prediction":0.3871}},{"type":"Feature","geometry":{"type":"Point","coordinates":[103.5,14.2]},"properties":{"region":1,"fire_occurred":0,"prediction":0.2721}},{"type":"Feature","geometry":{"type":"Point","coordinates":[103.5,14.3]},"properties":{"region":1,"fire_occurred":0,"prediction":0.1012}},{"type":"Feature","geometry":{"type":"Point","coordinates":[103.5,16.9]},"properties":{"region":1,"fire_occurred":0,"prediction":0.1243}},{"type":"Feature","geometry":{"type":"Point","coordinates":[103.5,17.0]},"properties":{"region":1,"fire_occurred":0,"prediction":0.1321}},{"type":"Feature","geometry":{"type":"Point","coordinates":[103.5,17.5]},"properties":{"region":1,"fire_occurred":0,"prediction":0.1348}},{"type":"Feature","geometry":{"type":"Point","coordinates":[103.5,18.0]},"properties":{"region":1,"fire_occurred":1,"prediction":0.0616}},{"type":"Feature","geometry":{"type":"Point","coordinates":[103.5,18.4]},"properties":{"region":1,"fire_occurred":0,"prediction":0.175}},{"type":"Feature","geometry":{"type":"Point","coordinates":[103.5,18.7]},"properties":{"region":1,"fire_occurred":0,"prediction":0.121}},{"type":"Feature","geometry":{"type":"Point","coordinates":[103.5,18.8]},"properties":{"region":1,"fire_occurred":0,"prediction":0.1066}},{"type":"Feature","geometry":{"type":"Point","coordinates":[103.6,12.3]},"properties":{"region":1,"fire_occurred":1,"prediction":0.2662}},{"type":"Feature","geometry":{"type":"Point","coordinates":[103.6,12.4]},"properties":{"region":1,"fire_occurred":0,"prediction":0.111}},{"type":"Feature","geometry":{"type":"Point","coordinates":[103.6,12.6]},"properties":{"region":1,"fire_occurred":0,"prediction":0.1495}},{"type":"Feature","geometry":{"type":"Point","coordinates":[103.6,12.7]},"properties":{"region":1,"fire_occurred":0,"prediction":0.1005}},{"type":"Feature","geometry":{"type":"Point","coordinates":[103.6,12.8]},"properties":{"region":1,"fire_occurred":0,"prediction":0.1601}},{"type":"Feature","geometry":{"type":"Point","coordinates":[103.6,13.7]},"properties":{"region":1,"fire_occurred":0,"prediction":0.1551}},{"type":"Feature","geometry":{"type":"Point","coordinates":[103.6,13.8]},"properties":{"region":1,"fire_occurred":0,"prediction":0.178}},{"type":"Feature","geometry":{"type":"Point","coordinates":[103.6,13.9]},"properties":{"region":1,"fire_occurred":0,"prediction":0.179}},{"type":"Feature","geometry":{"type":"Point","coordinates":[103.6,14.0]},"properties":{"region":1,"fire_occurred":1,"prediction":0.4114}},{"type":"Feature","geometry":{"type":"Point","coordinates":[103.6,14.1]},"properties":{"region":1,"fire_occurred":0,"prediction":0.3712}},{"type":"Feature","geometry":{"type":"Point","coordinates":[103.6,14.2]},"properties":{"region":1,"fire_occurred":1,"prediction":0.4053}},{"type":"Feature","geometry":{"type":"Point","coordinates":[103.6,14.3]},"properties":{"region":1,"fire_occurred":0,"prediction":0.236}},{"type":"Feature","geometry":{"type":"Point","coordinates":[103.6,14.4]},"properties":{"region":1,"fire_occurred":0,"prediction":0.1123}},{"type":"Feature","geometry":{"type":"Point","coordinates":[103.6,17.0]},"properties":{"region":1,"fire_occurred":1,"prediction":0.1301}},{"type":"Feature","geometry":{"type":"Point","coordinates":[103.6,17.5]},"properties":{"region":1,"fire_occurred":0,"prediction":0.1196}},{"type":"Feature","geometry":{"type":"Point","coordinates":[103.6,17.6]},"properties":{"region":1,"fire_occurred":0,"prediction":0.1091}},{"type":"Feature","geometry":{"type":"Point","coordinates":[103.6,17.7]},"properties":{"region":1,"fire_occurred":0,"prediction":0.2572}},{"type":"Feature","geometry":{"type":"Point","coordinates":[103.6,18.4]},"properties":{"region":1,"fire_occurred":0,"prediction":0.1232}},{"type":"Feature","geometry":{"type":"Point","coordinates":[103.6,18.5]},"properties":{"region":1,"fire_occurred":0,"prediction":0.193}},{"type":"Feature","geometry":{"type":"Point","coordinates":[103.6,18.6]},"properties":{"region":1,"fire_occurred":0,"prediction":0.292}},{"type":"Feature","geometry":{"type":"Point","coordinates":[103.6,18.9]},"properties":{"region":1,"fire_occurred":0,"prediction":0.1821}},{"type":"Feature","geometry":{"type":"Point","coordinates":[103.7,12.8]},"properties":{"region":1,"fire_occurred":0,"prediction":0.1066}},{"type":"Feature","geometry":{"type":"Point","coordinates":[103.7,13.8]},"properties":{"region":1,"fire_occurred":0,"prediction":0.2453}},{"type":"Feature","geometry":{"type":"Point","coordinates":[103.7,13.9]},"properties":{"region":1,"fire_occurred":0,"prediction":0.2475}},{"type":"Feature","geometry":{"type":"Point","coordinates":[103.7,14.0]},"properties":{"region":1,"fire_occurred":0,"prediction":0.2881}},{"type":"Feature","geometry":{"type":"Point","coordinates":[103.7,14.1]},"properties":{"region":1,"fire_occurred":0,"prediction":0.2942}},{"type":"Feature","geometry":{"type":"Point","coordinates":[103.7,14.2]},"properties":{"region":1,"fire_occurred":0,"prediction":0.3737}},{"type":"Feature","geometry":{"type":"Point","coordinates":[103.7,14.3]},"properties":{"region":1,"fire_occurred":0,"prediction":0.2093}},{"type":"Feature","geometry":{"type":"Point","coordinates":[103.7,16.5]},"properties":{"region":1,"fire_occurred":1,"prediction":0.0384}},{"type":"Feature","geometry":{"type":"Point","coordinates":[103.7,17.5]},"properties":{"region":1,"fire_occurred":0,"prediction":0.1211}},{"type":"Feature","geometry":{"type":"Point","coordinates":[103.7,17.6]},"properties":{"region":1,"fire_occurred":0,"prediction":0.1408}},{"type":"Feature","geometry":{"type":"Point","coordinates":[103.7,17.7]},"properties":{"region":1,"fire_occurred":0,"prediction":0.1059}},{"type":"Feature","geometry":{"type":"Point","coordinates":[103.7,18.4]},"properties":{"region":1,"fire_occurred":1,"prediction":0.0788}},{"type":"Feature","geometry":{"type":"Point","coordinates":[103.7,18.6]},"properties":{"region":1,"fire_occurred":0,"prediction":0.2117}},{"type":"Feature","geometry":{"type":"Point","coordinates":[103.8,12.0]},"properties":{"region":1,"fire_occurred":0,"prediction":0.1284}},{"type":"Feature","geometry":{"type":"Point","coordinates":[103.8,12.2]},"properties":{"region":1,"fire_occurred":0,"prediction":0.196}},{"type":"Feature","geometry":{"type":"Point","coordinates":[103.8,12.3]},"properties":{"region":1,"fire_occurred":0,"prediction":0.263}},{"type":"Feature","geometry":{"type":"Point","coordinates":[103.8,12.7]},"properties":{"region":1,"fire_occurred":0,"prediction":0.2102}},{"type":"Feature","geometry":{"type":"Point","coordinates":[103.8,13.2]},"properties":{"region":1,"fire_occurred":0,"prediction":0.1676}},{"type":"Feature","geometry":{"type":"Point","coordinates":[103.8,13.3]},"properties":{"region":1,"fire_occurred":0,"prediction":0.1017}},{"type":"Feature","geometry":{"type":"Point","coordinates":[103.8,13.5]},"properties":{"region":1,"fire_occurred":0,"prediction":0.2134}},{"type":"Feature","geometry":{"type":"Point","coordinates":[103.8,13.7]},"properties":{"region":1,"fire_occurred":0,"prediction":0.19}},{"type":"Feature","geometry":{"type":"Point","coordinates":[103.8,13.8]},"properties":{"region":1,"fire_occurred":0,"prediction":0.2555}},{"type":"Feature","geometry":{"type":"Point","coordinates":[103.8,13.9]},"properties":{"region":1,"fire_occurred":0,"prediction":0.3633}},{"type":"Feature","geometry":{"type":"Point","coordinates":[103.8,14.0]},"properties":{"region":1,"fire_occurred":0,"prediction":0.2361}},{"type":"Feature","geometry":{"type":"Point","coordinates":[103.8,14.1]},"properties":{"region":1,"fire_occurred":0,"prediction":0.3871}},{"type":"Feature","geometry":{"type":"Point","coordinates":[103.8,14.2]},"properties":{"region":1,"fire_occurred":0,"prediction":0.3047}},{"type":"Feature","geometry":{"type":"Point","coordinates":[103.8,14.3]},"properties":{"region":1,"fire_occurred":0,"prediction":0.1841}},{"type":"Feature","geometry":{"type":"Point","coordinates":[103.8,15.5]},"properties":{"region":1,"fire_occurred":0,"prediction":0.1008}},{"type":"Feature","geometry":{"type":"Point","coordinates":[103.8,16.5]},"properties":{"region":1,"fire_occurred":1,"prediction":0.0416}},{"type":"Feature","geometry":{"type":"Point","coordinates":[103.8,17.5]},"properties":{"region":1,"fire_occurred":0,"prediction":0.1039}},{"type":"Feature","geometry":{"type":"Point","coordinates":[103.8,18.4]},"properties":{"region":1,"fire_occurred":1,"prediction":0.0886}},{"type":"Feature","geometry":{"type":"Point","coordinates":[103.8,18.5]},"properties":{"region":1,"fire_occurred":0,"prediction":0.1614}},{"type":"Feature","geometry":{"type":"Point","coordinates":[103.9,12.0]},"properties":{"region":1,"fire_occurred":0,"prediction":0.1943}},{"type":"Feature","geometry":{"type":"Point","coordinates":[103.9,12.1]},"properties":{"region":1,"fire_occurred":0,"prediction":0.3365}},{"type":"Feature","geometry":{"type":"Point","coordinates":[103.9,12.2]},"properties":{"region":1,"fire_occurred":0,"prediction":0.1027}},{"type":"Feature","geometry":{"type":"Point","coordinates":[103.9,12.3]},"properties":{"region":1,"fire_occurred":0,"prediction":0.1987}},{"type":"Feature","geometry":{"type":"Point","coordinates":[103.9,12.4]},"properties":{"region":1,"fire_occurred":0,"prediction":0.2004}},{"type":"Feature","geometry":{"type":"Point","coordinates":[103.9,13.7]},"properties":{"region":1,"fire_occurred":0,"prediction":0.2372}},{"type":"Feature","geometry":{"type":"Point","coordinates":[103.9,13.8]},"properties":{"region":1,"fire_occurred":0,"prediction":0.274}},{"type":"Feature","geometry":{"type":"Point","coordinates":[103.9,14.0]},"properties":{"region":1,"fire_occurred":0,"prediction":0.2692}},{"type":"Feature","geometry":{"type":"Point","coordinates":[103.9,14.1]},"properties":{"region":1,"fire_occurred":1,"prediction":0.2361}},{"type":"Feature","geometry":{"type":"Point","coordinates":[103.9,14.2]},"properties":{"region":1,"fire_occurred":1,"prediction":0.3788}},{"type":"Feature","geometry":{"type":"Point","coordinates":[103.9,16.8]},"properties":{"region":1,"fire_occurred":0,"prediction":0.1024}},{"type":"Feature","geometry":{"type":"Point","coordinates":[103.9,17.6]},"properties":{"region":1,"fire_occurred":0,"prediction":0.1294}},{"type":"Feature","geometry":{"type":"Point","coordinates":[103.9,18.4]},"properties":{"region":1,"fire_occurred":0,"prediction":0.1407}},{"type":"Feature","geometry":{"type":"Point","coordinates":[103.9,18.5]},"properties":{"region":1,"fire_occurred":0,"prediction":0.1196}},{"type":"Feature","geometry":{"type":"Point","coordinates":[104.0,11.1]},"properties":{"region":1,"fire_occurred":0,"prediction":0.1032}},{"type":"Feature","geometry":{"type":"Point","coordinates":[104.0,11.5]},"properties":{"region":1,"fire_occurred":0,"prediction":0.4162}},{"type":"Feature","geometry":{"type":"Point","coordinates":[104.0,11.6]},"properties":{"region":1,"fire_occurred":0,"prediction":0.2366}},{"type":"Feature","geometry":{"type":"Point","coordinates":[104.0,11.7]},"properties":{"region":1,"fire_occurred":0,"prediction":0.126}},{"type":"Feature","geometry":{"type":"Point","coordinates":[104.0,11.8]},"properties":{"region":1,"fire_occurred":0,"prediction":0.2145}},{"type":"Feature","geometry":{"type":"Point","coordinates":[104.0,11.9]},"properties":{"region":1,"fire_occurred":0,"prediction":0.4004}},{"type":"Feature","geometry":{"type":"Point","coordinates":[104.0,12.0]},"properties":{"region":1,"fire_occurred":0,"prediction":0.2164}},{"type":"Feature","geometry":{"type":"Point","coordinates":[104.0,12.1]},"properties":{"region":1,"fire_occurred":0,"prediction":0.1629}},{"type":"Feature","geometry":{"type":"Point","coordinates":[104.0,12.2]},"properties":{"region":1,"fire_occurred":0,"prediction":0.2891}},{"type":"Feature","geometry":{"type":"Point","coordinates":[104.0,12.3]},"properties":{"region":1,"fire_occurred":0,"prediction":0.2356}},{"type":"Feature","geometry":{"type":"Point","coordinates":[104.0,12.4]},"properties":{"region":1,"fire_occurred":0,"prediction":0.1659}},{"type":"Feature","geometry":{"type":"Point","coordinates":[104.0,12.5]},"properties":{"region":1,"fire_occurred":0,"prediction":0.1324}},{"type":"Feature","geometry":{"type":"Point","coordinates":[104.0,12.6]},"properties":{"region":1,"fire_occurred":0,"prediction":0.2282}},{"type":"Feature","geometry":{"type":"Point","coordinates":[104.0,13.5]},"properties":{"region":1,"fire_occurred":1,"prediction":0.0197}},{"type":"Feature","geometry":{"type":"Point","coordinates":[104.0,13.7]},"properties":{"region":1,"fire_occurred":0,"prediction":0.1525}},{"type":"Feature","geometry":{"type":"Point","coordinates":[104.0,13.9]},"properties":{"region":1,"fire_occurred":0,"prediction":0.1427}},{"type":"Feature","geometry":{"type":"Point","coordinates":[104.0,14.0]},"properties":{"region":1,"fire_occurred":0,"prediction":0.5191}},{"type":"Feature","geometry":{"type":"Point","coordinates":[104.0,14.1]},"properties":{"region":1,"fire_occurred":1,"prediction":0.3383}},{"type":"Feature","geometry":{"type":"Point","coordinates":[104.0,14.2]},"properties":{"region":1,"fire_occurred":1,"prediction":0.3064}},{"type":"Feature","geometry":{"type":"Point","coordinates":[104.0,18.4]},"properties":{"region":1,"fire_occurred":0,"prediction":0.1462}},{"type":"Feature","geometry":{"type":"Point","coordinates":[104.0,18.5]},"properties":{"region":1,"fire_occurred":0,"prediction":0.2297}},{"type":"Feature","geometry":{"type":"Point","coordinates":[104.0,18.9]},"properties":{"region":1,"fire_occurred":0,"prediction":0.1433}},{"type":"Feature","geometry":{"type":"Point","coordinates":[104.1,11.2]},"properties":{"region":1,"fire_occurred":0,"prediction":0.1357}},{"type":"Feature","geometry":{"type":"Point","coordinates":[104.1,11.3]},"properties":{"region":1,"fire_occurred":0,"prediction":0.1405}},{"type":"Feature","geometry":{"type":"Point","coordinates":[104.1,11.4]},"properties":{"region":1,"fire_occurred":0,"prediction":0.2586}},{"type":"Feature","geometry":{"type":"Point","coordinates":[104.1,11.6]},"properties":{"region":1,"fire_occurred":0,"prediction":0.4368}},{"type":"Feature","geometry":{"type":"Point","coordinates":[104.1,11.7]},"properties":{"region":1,"fire_occurred":0,"prediction":0.3202}},{"type":"Feature","geometry":{"type":"Point","coordinates":[104.1,11.9]},"properties":{"region":1,"fire_occurred":0,"prediction":0.1556}},{"type":"Feature","geometry":{"type":"Point","coordinates":[104.1,12.1]},"properties":{"region":1,"fire_occurred":0,"prediction":0.1534}},{"type":"Feature","geometry":{"type":"Point","coordinates":[104.1,12.3]},"properties":{"region":1,"fire_occurred":0,"prediction":0.1092}},{"type":"Feature","geometry":{"type":"Point","coordinates":[104.1,12.4]},"properties":{"region":1,"fire_occurred":0,"prediction":0.2343}},{"type":"Feature","geometry":{"type":"Point","coordinates":[104.1,12.5]},"properties":{"region":1,"fire_occurred":0,"prediction":0.1319}},{"type":"Feature","geometry":{"type":"Point","coordinates":[104.1,13.1]},"properties":{"region":1,"fire_occurred":0,"prediction":0.3026}},{"type":"Feature","geometry":{"type":"Point","coordinates":[104.1,13.2]},"properties":{"region":1,"fire_occurred":0,"prediction":0.1455}},{"type":"Feature","geometry":{"type":"Point","coordinates":[104.1,13.4]},"properties":{"region":1,"fire_occurred":0,"prediction":0.1692}},{"type":"Feature","geometry":{"type":"Point","coordinates":[104.1,13.6]},"properties":{"region":1,"fire_occurred":0,"prediction":0.3303}},{"type":"Feature","geometry":{"type":"Point","coordinates":[104.1,13.7]},"properties":{"region":1,"fire_occurred":0,"prediction":0.2443}},{"type":"Feature","geometry":{"type":"Point","coordinates":[104.1,13.8]},"properties":{"region":1,"fire_occurred":0,"prediction":0.2693}},{"type":"Feature","geometry":{"type":"Point","coordinates":[104.1,13.9]},"properties":{"region":1,"fire_occurred":1,"prediction":0.7341}},{"type":"Feature","geometry":{"type":"Point","coordinates":[104.1,14.0]},"properties":{"region":1,"fire_occurred":0,"prediction":0.2135}},{"type":"Feature","geometry":{"type":"Point","coordinates":[104.1,14.1]},"properties":{"region":1,"fire_occurred":0,"prediction":0.2587}},{"type":"Feature","geometry":{"type":"Point","coordinates":[104.1,14.2]},"properties":{"region":1,"fire_occurred":0,"prediction":0.2311}},{"type":"Feature","geometry":{"type":"Point","coordinates":[104.1,18.1]},"properties":{"region":1,"fire_occurred":0,"prediction":0.196}},{"type":"Feature","geometry":{"type":"Point","coordinates":[104.2,11.1]},"properties":{"region":1,"fire_occurred":0,"prediction":0.304}},{"type":"Feature","geometry":{"type":"Point","coordinates":[104.2,11.5]},"properties":{"region":1,"fire_occurred":0,"prediction":0.142}},{"type":"Feature","geometry":{"type":"Point","coordinates":[104.2,11.6]},"properties":{"region":1,"fire_occurred":0,"prediction":0.2693}},{"type":"Feature","geometry":{"type":"Point","coordinates":[104.2,11.7]},"properties":{"region":1,"fire_occurred":0,"prediction":0.2331}},{"type":"Feature","geometry":{"type":"Point","coordinates":[104.2,11.8]},"properties":{"region":1,"fire_occurred":0,"prediction":0.1066}},{"type":"Feature","geometry":{"type":"Point","coordinates":[104.2,12.1]},"properties":{"region":1,"fire_occurred":0,"prediction":0.181}},{"type":"Feature","geometry":{"type":"Point","coordinates":[104.2,12.2]},"properties":{"region":1,"fire_occurred":0,"prediction":0.2102}},{"type":"Feature","geometry":{"type":"Point","coordinates":[104.2,12.3]},"properties":{"region":1,"fire_occurred":0,"prediction":0.1303}},{"type":"Feature","geometry":{"type":"Point","coordinates":[104.2,12.4]},"properties":{"region":1,"fire_occurred":0,"prediction":0.2079}},{"type":"Feature","geometry":{"type":"Point","coordinates":[104.2,13.1]},"properties":{"region":1,"fire_occurred":0,"prediction":0.1256}},{"type":"Feature","geometry":{"type":"Point","coordinates":[104.2,13.2]},"properties":{"region":1,"fire_occurred":0,"prediction":0.1255}},{"type":"Feature","geometry":{"type":"Point","coordinates":[104.2,13.4]},"properties":{"region":1,"fire_occurred":0,"prediction":0.1943}},{"type":"Feature","geometry":{"type":"Point","coordinates":[104.2,13.6]},"properties":{"region":1,"fire_occurred":0,"prediction":0.2753}},{"type":"Feature","geometry":{"type":"Point","coordinates":[104.2,13.7]},"properties":{"region":1,"fire_occurred":0,"prediction":0.2021}},{"type":"Feature","geometry":{"type":"Point","coordinates":[104.2,13.8]},"properties":{"region":1,"fire_occurred":0,"prediction":0.4322}},{"type":"Feature","geometry":{"type":"Point","coordinates":[104.2,13.9]},"properties":{"region":1,"fire_occurred":0,"prediction":0.6253}},{"type":"Feature","geometry":{"type":"Point","coordinates":[104.2,14.0]},"properties":{"region":1,"fire_occurred":0,"prediction":0.7057}},{"type":"Feature","geometry":{"type":"Point","coordinates":[104.2,14.2]},"properties":{"region":1,"fire_occurred":0,"prediction":0.297}},{"type":"Feature","geometry":{"type":"Point","coordinates":[104.2,14.3]},"properties":{"region":1,"fire_occurred":1,"prediction":0.43}},{"type":"Feature","geometry":{"type":"Point","coordinates":[104.2,17.9]},"properties":{"region":1,"fire_occurred":0,"prediction":0.1166}},{"type":"Feature","geometry":{"type":"Point","coordinates":[104.2,18.0]},"properties":{"region":1,"fire_occurred":0,"prediction":0.2172}},{"type":"Feature","geometry":{"type":"Point","coordinates":[104.2,18.1]},"properties":{"region":1,"fire_occurred":0,"prediction":0.2609}},{"type":"Feature","geometry":{"type":"Point","coordinates":[104.2,18.2]},"properties":{"region":1,"fire_occurred":0,"prediction":0.2005}},{"type":"Feature","geometry":{"type":"Point","coordinates":[104.2,18.3]},"properties":{"region":1,"fire_occurred":0,"prediction":0.2911}},{"type":"Feature","geometry":{"type":"Point","coordinates":[104.2,18.5]},"properties":{"region":1,"fire_occurred":0,"prediction":0.2172}},{"type":"Feature","geometry":{"type":"Point","coordinates":[104.3,11.1]},"properties":{"region":1,"fire_occurred":0,"prediction":0.2842}},{"type":"Feature","geometry":{"type":"Point","coordinates":[104.3,11.2]},"properties":{"region":1,"fire_occurred":0,"prediction":0.3815}},{"type":"Feature","geometry":{"type":"Point","coordinates":[104.3,11.4]},"properties":{"region":1,"fire_occurred":0,"prediction":0.135}},{"type":"Feature","geometry":{"type":"Point","coordinates":[104.3,11.5]},"properties":{"region":1,"fire_occurred":0,"prediction":0.1561}},{"type":"Feature","geometry":{"type":"Point","coordinates":[104.3,11.6]},"properties":{"region":1,"fire_occurred":0,"prediction":0.279}},{"type":"Feature","geometry":{"type":"Point","coordinates":[104.3,11.7]},"properties":{"region":1,"fire_occurred":0,"prediction":0.2255}},{"type":"Feature","geometry":{"type":"Point","coordinates":[104.3,11.9]},"properties":{"region":1,"fire_occurred":0,"prediction":0.1084}},{"type":"Feature","geometry":{"type":"Point","coordinates":[104.3,12.0]},"properties":{"region":1,"fire_occurred":0,"prediction":0.193}},{"type":"Feature","geometry":{"type":"Point","coordinates":[104.3,12.1]},"properties":{"region":1,"fire_occurred":1,"prediction":0.1878}},{"type":"Feature","geometry":{"type":"Point","coordinates":[104.3,12.2]},"properties":{"region":1,"fire_occurred":0,"prediction":0.1314}},{"type":"Feature","geometry":{"type":"Point","coordinates":[104.3,12.8]},"properties":{"region":1,"fire_occurred":0,"prediction":0.1118}},{"type":"Feature","geometry":{"type":"Point","coordinates":[104.3,13.1]},"properties":{"region":1,"fire_occurred":0,"prediction":0.1633}},{"type":"Feature","geometry":{"type":"Point","coordinates":[104.3,13.2]},"properties":{"region":1,"fire_occurred":0,"prediction":0.16}},{"type":"Feature","geometry":{"type":"Point","coordinates":[104.3,13.3]},"properties":{"region":1,"fire_occurred":0,"prediction":0.1681}},{"type":"Feature","geometry":{"type":"Point","coordinates":[104.3,13.4]},"properties":{"region":1,"fire_occurred":0,"prediction":0.2139}},{"type":"Feature","geometry":{"type":"Point","coordinates":[104.3,13.5]},"properties":{"region":1,"fire_occurred":0,"prediction":0.1735}},{"type":"Feature","geometry":{"type":"Point","coordinates":[104.3,13.6]},"properties":{"region":1,"fire_occurred":0,"prediction":0.2463}},{"type":"Feature","geometry":{"type":"Point","coordinates":[104.3,13.7]},"properties":{"region":1,"fire_occurred":0,"prediction":0.209}},{"type":"Feature","geometry":{"type":"Point","coordinates":[104.3,13.8]},"properties":{"region":1,"fire_occurred":1,"prediction":0.317}},{"type":"Feature","geometry":{"type":"Point","coordinates":[104.3,13.9]},"properties":{"region":1,"fire_occurred":0,"prediction":0.5532}},{"type":"Feature","geometry":{"type":"Point","coordinates":[104.3,14.0]},"properties":{"region":1,"fire_occurred":0,"prediction":0.5088}},{"type":"Feature","geometry":{"type":"Point","coordinates":[104.3,14.1]},"properties":{"region":1,"fire_occurred":0,"prediction":0.1687}},{"type":"Feature","geometry":{"type":"Point","coordinates":[104.3,14.2]},"properties":{"region":1,"fire_occurred":0,"prediction":0.2933}},{"type":"Feature","geometry":{"type":"Point","coordinates":[104.3,14.3]},"properties":{"region":1,"fire_occurred":1,"prediction":0.4053}},{"type":"Feature","geometry":{"type":"Point","coordinates":[104.3,15.3]},"properties":{"region":1,"fire_occurred":1,"prediction":0.0286}},{"type":"Feature","geometry":{"type":"Point","coordinates":[104.3,17.8]},"properties":{"region":1,"fire_occurred":0,"prediction":0.2513}},{"type":"Feature","geometry":{"type":"Point","coordinates":[104.3,17.9]},"properties":{"region":1,"fire_occurred":0,"prediction":0.1854}},{"type":"Feature","geometry":{"type":"Point","coordinates":[104.3,18.0]},"properties":{"region":1,"fire_occurred":0,"prediction":0.2403}},{"type":"Feature","geometry":{"type":"Point","coordinates":[104.3,18.6]},"properties":{"region":1,"fire_occurred":0,"prediction":0.1254}},{"type":"Feature","geometry":{"type":"Point","coordinates":[104.4,11.2]},"properties":{"region":1,"fire_occurred":0,"prediction":0.2066}},{"type":"Feature","geometry":{"type":"Point","coordinates":[104.4,11.8]},"properties":{"region":1,"fire_occurred":0,"prediction":0.2975}},{"type":"Feature","geometry":{"type":"Point","coordinates":[104.4,11.9]},"properties":{"region":1,"fire_occurred":0,"prediction":0.2258}},{"type":"Feature","geometry":{"type":"Point","coordinates":[104.4,12.0]},"properties":{"region":1,"fire_occurred":0,"prediction":0.1661}},{"type":"Feature","geometry":{"type":"Point","coordinates":[104.4,12.1]},"properties":{"region":1,"fire_occurred":0,"prediction":0.2276}},{"type":"Feature","geometry":{"type":"Point","coordinates":[104.4,12.9]},"properties":{"region":1,"fire_occurred":0,"prediction":0.1495}},{"type":"Feature","geometry":{"type":"Point","coordinates":[104.4,13.0]},"properties":{"region":1,"fire_occurred":0,"prediction":0.1687}},{"type":"Feature","geometry":{"type":"Point","coordinates":[104.4,13.1]},"properties":{"region":1,"fire_occurred":0,"prediction":0.1552}},{"type":"Feature","geometry":{"type":"Point","coordinates":[104.4,13.2]},"properties":{"region":1,"fire_occurred":0,"prediction":0.1915}},{"type":"Feature","geometry":{"type":"Point","coordinates":[104.4,13.3]},"properties":{"region":1,"fire_occurred":0,"prediction":0.1371}},{"type":"Feature","geometry":{"type":"Point","coordinates":[104.4,13.4]},"properties":{"region":1,"fire_occurred":0,"prediction":0.1974}},{"type":"Feature","geometry":{"type":"Point","coordinates":[104.4,13.5]},"properties":{"region":1,"fire_occurred":0,"prediction":0.1291}},{"type":"Feature","geometry":{"type":"Point","coordinates":[104.4,13.6]},"properties":{"region":1,"fire_occurred":1,"prediction":0.2034}},{"type":"Feature","geometry":{"type":"Point","coordinates":[104.4,13.7]},"properties":{"region":1,"fire_occurred":0,"prediction":0.1318}},{"type":"Feature","geometry":{"type":"Point","coordinates":[104.4,13.8]},"properties":{"region":1,"fire_occurred":0,"prediction":0.366}},{"type":"Feature","geometry":{"type":"Point","coordinates":[104.4,13.9]},"properties":{"region":1,"fire_occurred":0,"prediction":0.3001}},{"type":"Feature","geometry":{"type":"Point","coordinates":[104.4,14.0]},"properties":{"region":1,"fire_occurred":0,"prediction":0.4284}},{"type":"Feature","geometry":{"type":"Point","coordinates":[104.4,14.1]},"properties":{"region":1,"fire_occurred":0,"prediction":0.4064}},{"type":"Feature","geometry":{"type":"Point","coordinates":[104.4,14.2]},"properties":{"region":1,"fire_occurred":0,"prediction":0.3522}},{"type":"Feature","geometry":{"type":"Point","coordinates":[104.4,14.3]},"properties":{"region":1,"fire_occurred":0,"prediction":0.1358}},{"type":"Feature","geometry":{"type":"Point","coordinates":[104.4,17.1]},"properties":{"region":1,"fire_occurred":0,"prediction":0.1001}},{"type":"Feature","geometry":{"type":"Point","coordinates":[104.4,17.7]},"properties":{"region":1,"fire_occurred":1,"prediction":0.2584}},{"type":"Feature","geometry":{"type":"Point","coordinates":[104.4,17.8]},"properties":{"region":1,"fire_occurred":1,"prediction":0.1426}},{"type":"Feature","geometry":{"type":"Point","coordinates":[104.5,11.1]},"properties":{"region":1,"fire_occurred":0,"prediction":0.1038}},{"type":"Feature","geometry":{"type":"Point","coordinates":[104.5,11.2]},"properties":{"region":1,"fire_occurred":0,"prediction":0.1078}},{"type":"Feature","geometry":{"type":"Point","coordinates":[104.5,11.8]},"properties":{"region":1,"fire_occurred":0,"prediction":0.1234}},{"type":"Feature","geometry":{"type":"Point","coordinates":[104.5,11.9]},"properties":{"region":1,"fire_occurred":0,"prediction":0.2418}},{"type":"Feature","geometry":{"type":"Point","coordinates":[104.5,12.0]},"properties":{"region":1,"fire_occurred":0,"prediction":0.1799}},{"type":"Feature","geometry":{"type":"Point","coordinates":[104.5,12.1]},"properties":{"region":1,"fire_occurred":0,"prediction":0.1869}},{"type":"Feature","geometry":{"type":"Point","coordinates":[104.5,12.7]},"properties":{"region":1,"fire_occurred":0,"prediction":0.1057}},{"type":"Feature","geometry":{"type":"Point","coordinates":[104.5,12.8]},"properties":{"region":1,"fire_occurred":0,"prediction":0.1081}},{"type":"Feature","geometry":{"type":"Point","coordinates":[104.5,12.9]},"properties":{"region":1,"fire_occurred":0,"prediction":0.1441}},{"type":"Feature","geometry":{"type":"Point","coordinates":[104.5,13.1]},"properties":{"region":1,"fire_occurred":0,"prediction":0.104}},{"type":"Feature","geometry":{"type":"Point","coordinates":[104.5,13.2]},"properties":{"region":1,"fire_occurred":0,"prediction":0.1705}},{"type":"Feature","geometry":{"type":"Point","coordinates":[104.5,13.3]},"properties":{"region":1,"fire_occurred":0,"prediction":0.1739}},{"type":"Feature","geometry":{"type":"Point","coordinates":[104.5,13.4]},"properties":{"region":1,"fire_occurred":0,"prediction":0.2047}},{"type":"Feature","geometry":{"type":"Point","coordinates":[104.5,13.5]},"properties":{"region":1,"fire_occurred":0,"prediction":0.2665}},{"type":"Feature","geometry":{"type":"Point","coordinates":[104.5,13.6]},"properties":{"region":1,"fire_occurred":1,"prediction":0.2151}},{"type":"Feature","geometry":{"type":"Point","coordinates":[104.5,13.7]},"properties":{"region":1,"fire_occurred":0,"prediction":0.2291}},{"type":"Feature","geometry":{"type":"Point","coordinates":[104.5,13.8]},"properties":{"region":1,"fire_occurred":0,"prediction":0.4468}},{"type":"Feature","geometry":{"type":"Point","coordinates":[104.5,13.9]},"properties":{"region":1,"fire_occurred":0,"prediction":0.1388}},{"type":"Feature","geometry":{"type":"Point","coordinates":[104.5,14.0]},"properties":{"region":1,"fire_occurred":0,"prediction":0.3803}},{"type":"Feature","geometry":{"type":"Point","coordinates":[104.5,14.1]},"properties":{"region":1,"fire_occurred":1,"prediction":0.3222}},{"type":"Feature","geometry":{"type":"Point","coordinates":[104.5,14.2]},"properties":{"region":1,"fire_occurred":0,"prediction":0.3809}},{"type":"Feature","geometry":{"type":"Point","coordinates":[104.5,15.6]},"properties":{"region":1,"fire_occurred":1,"prediction":0.0301}},{"type":"Feature","geometry":{"type":"Point","coordinates":[104.5,17.6]},"properties":{"region":1,"fire_occurred":0,"prediction":0.1922}},{"type":"Feature","geometry":{"type":"Point","coordinates":[104.5,17.7]},"properties":{"region":1,"fire_occurred":0,"prediction":0.1841}},{"type":"Feature","geometry":{"type":"Point","coordinates":[104.6,11.1]},"properties":{"region":1,"fire_occurred":0,"prediction":0.1546}},{"type":"Feature","geometry":{"type":"Point","coordinates":[104.6,11.2]},"properties":{"region":1,"fire_occurred":0,"prediction":0.1508}},{"type":"Feature","geometry":{"type":"Point","coordinates":[104.6,11.6]},"properties":{"region":1,"fire_occurred":0,"prediction":0.1672}},{"type":"Feature","geometry":{"type":"Point","coordinates":[104.6,11.7]},"properties":{"region":1,"fire_occurred":0,"prediction":0.1172}},{"type":"Feature","geometry":{"type":"Point","coordinates":[104.6,11.8]},"properties":{"region":1,"fire_occurred":0,"prediction":0.1407}},{"type":"Feature","geometry":{"type":"Point","coordinates":[104.6,11.9]},"properties":{"region":1,"fire_occurred":0,"prediction":0.1709}},{"type":"Feature","geometry":{"type":"Point","coordinates":[104.6,12.1]},"properties":{"region":1,"fire_occurred":0,"prediction":0.129}},{"type":"Feature","geometry":{"type":"Point","coordinates":[104.6,12.2]},"properties":{"region":1,"fire_occurred":0,"prediction":0.1181}},{"type":"Feature","geometry":{"type":"Point","coordinates":[104.6,12.5]},"properties":{"region":1,"fire_occurred":0,"prediction":0.1574}},{"type":"Feature","geometry":{"type":"Point","coordinates":[104.6,12.6]},"properties":{"region":1,"fire_occurred":0,"prediction":0.1317}},{"type":"Feature","geometry":{"type":"Point","coordinates":[104.6,12.8]},"properties":{"region":1,"fire_occurred":0,"prediction":0.1653}},{"type":"Feature","geometry":{"type":"Point","coordinates":[104.6,13.0]},"properties":{"region":1,"fire_occurred":0,"prediction":0.1003}},{"type":"Feature","geometry":{"type":"Point","coordinates":[104.6,13.2]},"properties":{"region":1,"fire_occurred":0,"prediction":0.2265}},{"type":"Feature","geometry":{"type":"Point","coordinates":[104.6,13.3]},"properties":{"region":1,"fire_occurred":0,"prediction":0.5242}},{"type":"Feature","geometry":{"type":"Point","coordinates":[104.6,13.4]},"properties":{"region":1,"fire_occurred":0,"prediction":0.6537}},{"type":"Feature","geometry":{"type":"Point","coordinates":[104.6,13.5]},"properties":{"region":1,"fire_occurred":0,"prediction":0.1549}},{"type":"Feature","geometry":{"type":"Point","coordinates":[104.6,13.6]},"properties":{"region":1,"fire_occurred":0,"prediction":0.1634}},{"type":"Feature","geometry":{"type":"Point","coordinates":[104.6,13.7]},"properties":{"region":1,"fire_occurred":0,"prediction":0.1439}},{"type":"Feature","geometry":{"type":"Point","coordinates":[104.6,13.8]},"properties":{"region":1,"fire_occurred":0,"prediction":0.2795}},{"type":"Feature","geometry":{"type":"Point","coordinates":[104.6,13.9]},"properties":{"region":1,"fire_occurred":0,"prediction":0.3782}},{"type":"Feature","geometry":{"type":"Point","coordinates":[104.6,14.0]},"properties":{"region":1,"fire_occurred":0,"prediction":0.3043}},{"type":"Feature","geometry":{"type":"Point","coordinates":[104.6,14.1]},"properties":{"region":1,"fire_occurred":0,"prediction":0.2925}},{"type":"Feature","geometry":{"type":"Point","coordinates":[104.6,14.2]},"properties":{"region":1,"fire_occurred":0,"prediction":0.3453}},{"type":"Feature","geometry":{"type":"Point","coordinates":[104.6,14.3]},"properties":{"region":1,"fire_occurred":0,"prediction":0.17}},{"type":"Feature","geometry":{"type":"Point","coordinates":[104.6,15.6]},"properties":{"region":1,"fire_occurred":1,"prediction":0.0164}},{"type":"Feature","geometry":{"type":"Point","coordinates":[104.6,17.5]},"properties":{"region":1,"fire_occurred":0,"prediction":0.1538}},{"type":"Feature","geometry":{"type":"Point","coordinates":[104.6,17.6]},"properties":{"region":1,"fire_occurred":1,"prediction":0.1017}},{"type":"Feature","geometry":{"type":"Point","coordinates":[104.6,17.7]},"properties":{"region":1,"fire_occurred":0,"prediction":0.1187}},{"type":"Feature","geometry":{"type":"Point","coordinates":[104.6,18.2]},"properties":{"region":1,"fire_occurred":0,"prediction":0.143}},{"type":"Feature","geometry":{"type":"Point","coordinates":[104.7,11.5]},"properties":{"region":1,"fire_occurred":0,"prediction":0.1065}},{"type":"Feature","geometry":{"type":"Point","coordinates":[104.7,11.7]},"properties":{"region":1,"fire_occurred":0,"prediction":0.16}},{"type":"Feature","geometry":{"type":"Point","coordinates":[104.7,11.8]},"properties":{"region":1,"fire_occurred":0,"prediction":0.1136}},{"type":"Feature","geometry":{"type":"Point","coordinates":[104.7,12.0]},"properties":{"region":1,"fire_occurred":0,"prediction":0.1575}},{"type":"Feature","geometry":{"type":"Point","coordinates":[104.7,12.5]},"properties":{"region":1,"fire_occurred":0,"prediction":0.1411}},{"type":"Feature","geometry":{"type":"Point","coordinates":[104.7,12.6]},"properties":{"region":1,"fire_occurred":0,"prediction":0.1582}},{"type":"Feature","geometry":{"type":"Point","coordinates":[104.7,12.7]},"properties":{"region":1,"fire_occurred":0,"prediction":0.1111}},{"type":"Feature","geometry":{"type":"Point","coordinates":[104.7,12.8]},"properties":{"region":1,"fire_occurred":0,"prediction":0.1677}},{"type":"Feature","geometry":{"type":"Point","coordinates":[104.7,12.9]},"properties":{"region":1,"fire_occurred":0,"prediction":0.2565}},{"type":"Feature","geometry":{"type":"Point","coordinates":[104.7,13.0]},"properties":{"region":1,"fire_occurred":0,"prediction":0.1203}},{"type":"Feature","geometry":{"type":"Point","coordinates":[104.7,13.2]},"properties":{"region":1,"fire_occurred":0,"prediction":0.2073}},{"type":"Feature","geometry":{"type":"Point","coordinates":[104.7,13.3]},"properties":{"region":1,"fire_occurred":0,"prediction":0.5512}},{"type":"Feature","geometry":{"type":"Point","coordinates":[104.7,13.4]},"properties":{"region":1,"fire_occurred":0,"prediction":0.7236}},{"type":"Feature","geometry":{"type":"Point","coordinates":[104.7,13.5]},"properties":{"region":1,"fire_occurred":0,"prediction":0.1898}},{"type":"Feature","geometry":{"type":"Point","coordinates":[104.7,13.6]},"properties":{"region":1,"fire_occurred":0,"prediction":0.2771}},{"type":"Feature","geometry":{"type":"Point","coordinates":[104.7,13.7]},"properties":{"region":1,"fire_occurred":0,"prediction":0.2618}},{"type":"Feature","geometry":{"type":"Point","coordinates":[104.7,13.8]},"properties":{"region":1,"fire_occurred":0,"prediction":0.147}},{"type":"Feature","geometry":{"type":"Point","coordinates":[104.7,13.9]},"properties":{"region":1,"fire_occurred":0,"prediction":0.376}},{"type":"Feature","geometry":{"type":"Point","coordinates":[104.7,14.0]},"properties":{"region":1,"fire_occurred":0,"prediction":0.3262}},{"type":"Feature","geometry":{"type":"Point","coordinates":[104.7,14.1]},"properties":{"region":1,"fire_occurred":0,"prediction":0.2574}},{"type":"Feature","geometry":{"type":"Point","coordinates":[104.7,14.2]},"properties":{"region":1,"fire_occurred":1,"prediction":0.5125}},{"type":"Feature","geometry":{"type":"Point","coordinates":[104.7,14.3]},"properties":{"region":1,"fire_occurred":0,"prediction":0.1737}},{"type":"Feature","geometry":{"type":"Point","coordinates":[104.7,14.5]},"properties":{"region":1,"fire_occurred":0,"prediction":0.1025}},{"type":"Feature","geometry":{"type":"Point","coordinates":[104.7,15.1]},"properties":{"region":1,"fire_occurred":0,"prediction":0.1157}},{"type":"Feature","geometry":{"type":"Point","coordinates":[104.8,12.5]},"properties":{"region":1,"fire_occurred":0,"prediction":0.1262}},{"type":"Feature","geometry":{"type":"Point","coordinates":[104.8,12.6]},"properties":{"region":1,"fire_occurred":0,"prediction":0.1164}},{"type":"Feature","geometry":{"type":"Point","coordinates":[104.8,12.7]},"properties":{"region":1,"fire_occurred":0,"prediction":0.1148}},{"type":"Feature","geometry":{"type":"Point","coordinates":[104.8,12.8]},"properties":{"region":1,"fire_occurred":0,"prediction":0.1449}},{"type":"Feature","geometry":{"type":"Point","coordinates":[104.8,12.9]},"properties":{"region":1,"fire_occurred":0,"prediction":0.1813}},{"type":"Feature","geometry":{"type":"Point","coordinates":[104.8,13.3]},"properties":{"region":1,"fire_occurred":0,"prediction":0.5287}},{"type":"Feature","geometry":{"type":"Point","coordinates":[104.8,13.4]},"properties":{"region":1,"fire_occurred":0,"prediction":0.3642}},{"type":"Feature","geometry":{"type":"Point","coordinates":[104.8,13.5]},"properties":{"region":1,"fire_occurred":0,"prediction":0.1291}},{"type":"Feature","geometry":{"type":"Point","coordinates":[104.8,13.6]},"properties":{"region":1,"fire_occurred":0,"prediction":0.2292}},{"type":"Feature","geometry":{"type":"Point","coordinates":[104.8,13.7]},"properties":{"region":1,"fire_occurred":0,"prediction":0.1337}},{"type":"Feature","geometry":{"type":"Point","coordinates":[104.8,13.8]},"properties":{"region":1,"fire_occurred":0,"prediction":0.2218}},{"type":"Feature","geometry":{"type":"Point","coordinates":[104.8,13.9]},"properties":{"region":1,"fire_occurred":0,"prediction":0.165}},{"type":"Feature","geometry":{"type":"Point","coordinates":[104.8,14.0]},"properties":{"region":1,"fire_occurred":0,"prediction":0.2986}},{"type":"Feature","geometry":{"type":"Point","coordinates":[104.8,14.1]},"properties":{"region":1,"fire_occurred":0,"prediction":0.4709}},{"type":"Feature","geometry":{"type":"Point","coordinates":[104.8,14.2]},"properties":{"region":1,"fire_occurred":0,"prediction":0.3185}},{"type":"Feature","geometry":{"type":"Point","coordinates":[104.8,14.3]},"properties":{"region":1,"fire_occurred":0,"prediction":0.1822}},{"type":"Feature","geometry":{"type":"Point","coordinates":[104.8,14.4]},"properties":{"region":1,"fire_occurred":0,"prediction":0.1569}},{"type":"Feature","geometry":{"type":"Point","coordinates":[104.8,15.0]},"properties":{"region":1,"fire_occurred":0,"prediction":0.1036}},{"type":"Feature","geometry":{"type":"Point","coordinates":[104.8,17.2]},"properties":{"region":1,"fire_occurred":0,"prediction":0.1049}},{"type":"Feature","geometry":{"type":"Point","coordinates":[104.9,11.2]},"properties":{"region":1,"fire_occurred":0,"prediction":0.1447}},{"type":"Feature","geometry":{"type":"Point","coordinates":[104.9,11.7]},"properties":{"region":1,"fire_occurred":0,"prediction":0.1422}},{"type":"Feature","geometry":{"type":"Point","coordinates":[104.9,11.8]},"properties":{"region":1,"fire_occurred":0,"prediction":0.1914}},{"type":"Feature","geometry":{"type":"Point","coordinates":[104.9,12.1]},"properties":{"region":1,"fire_occurred":0,"prediction":0.1919}},{"type":"Feature","geometry":{"type":"Point","coordinates":[104.9,12.2]},"properties":{"region":1,"fire_occurred":0,"prediction":0.2844}},{"type":"Feature","geometry":{"type":"Point","coordinates":[104.9,12.3]},"properties":{"region":1,"fire_occurred":0,"prediction":0.1849}},{"type":"Feature","geometry":{"type":"Point","coordinates":[104.9,12.5]},"properties":{"region":1,"fire_occurred":0,"prediction":0.1185}},{"type":"Feature","geometry":{"type":"Point","coordinates":[104.9,12.6]},"properties":{"region":1,"fire_occurred":0,"prediction":0.1484}},{"type":"Feature","geometry":{"type":"Point","coordinates":[104.9,12.8]},"properties":{"region":1,"fire_occurred":0,"prediction":0.114}},{"type":"Feature","geometry":{"type":"Point","coordinates":[104.9,12.9]},"properties":{"region":1,"fire_occurred":0,"prediction":0.2592}},{"type":"Feature","geometry":{"type":"Point","coordinates":[104.9,13.1]},"properties":{"region":1,"fire_occurred":0,"prediction":0.1399}},{"type":"Feature","geometry":{"type":"Point","coordinates":[104.9,13.2]},"properties":{"region":1,"fire_occurred":0,"prediction":0.4667}},{"type":"Feature","geometry":{"type":"Point","coordinates":[104.9,13.3]},"properties":{"region":1,"fire_occurred":0,"prediction":0.313}},{"type":"Feature","geometry":{"type":"Point","coordinates":[104.9,13.4]},"properties":{"region":1,"fire_occurred":0,"prediction":0.2587}},{"type":"Feature","geometry":{"type":"Point","coordinates":[104.9,13.5]},"properties":{"region":1,"fire_occurred":0,"prediction":0.1539}},{"type":"Feature","geometry":{"type":"Point","coordinates":[104.9,13.7]},"properties":{"region":1,"fire_occurred":0,"prediction":0.235}},{"type":"Feature","geometry":{"type":"Point","coordinates":[104.9,13.8]},"properties":{"region":1,"fire_occurred":0,"prediction":0.2648}},{"type":"Feature","geometry":{"type":"Point","coordinates":[104.9,13.9]},"properties":{"region":1,"fire_occurred":1,"prediction":0.3785}},{"type":"Feature","geometry":{"type":"Point","coordinates":[104.9,14.0]},"properties":{"region":1,"fire_occurred":0,"prediction":0.5077}},{"type":"Feature","geometry":{"type":"Point","coordinates":[104.9,14.1]},"properties":{"region":1,"fire_occurred":0,"prediction":0.3148}},{"type":"Feature","geometry":{"type":"Point","coordinates":[104.9,14.2]},"properties":{"region":1,"fire_occurred":0,"prediction":0.1938}},{"type":"Feature","geometry":{"type":"Point","coordinates":[104.9,16.0]},"properties":{"region":1,"fire_occurred":1,"prediction":0.0079}},{"type":"Feature","geometry":{"type":"Point","coordinates":[104.9,17.3]},"properties":{"region":1,"fire_occurred":1,"prediction":0.1093}},{"type":"Feature","geometry":{"type":"Point","coordinates":[105.0,11.1]},"properties":{"region":1,"fire_occurred":0,"prediction":0.1406}},{"type":"Feature","geometry":{"type":"Point","coordinates":[105.0,12.1]},"properties":{"region":1,"fire_occurred":0,"prediction":0.1171}},{"type":"Feature","geometry":{"type":"Point","coordinates":[105.0,12.2]},"properties":{"region":1,"fire_occurred":0,"prediction":0.2214}},{"type":"Feature","geometry":{"type":"Point","coordinates":[105.0,12.4]},"properties":{"region":1,"fire_occurred":0,"prediction":0.102}},{"type":"Feature","geometry":{"type":"Point","coordinates":[105.0,12.7]},"properties":{"region":1,"fire_occurred":0,"prediction":0.1046}},{"type":"Feature","geometry":{"type":"Point","coordinates":[105.0,12.8]},"properties":{"region":1,"fire_occurred":0,"prediction":0.2276}},{"type":"Feature","geometry":{"type":"Point","coordinates":[105.0,12.9]},"properties":{"region":1,"fire_occurred":0,"prediction":0.2722}},{"type":"Feature","geometry":{"type":"Point","coordinates":[105.0,13.0]},"properties":{"region":1,"fire_occurred":1,"prediction":0.1392}},{"type":"Feature","geometry":{"type":"Point","coordinates":[105.0,13.1]},"properties":{"region":1,"fire_occurred":0,"prediction":0.1943}},{"type":"Feature","geometry":{"type":"Point","coordinates":[105.0,13.2]},"properties":{"region":1,"fire_occurred":0,"prediction":0.3599}},{"type":"Feature","geometry":{"type":"Point","coordinates":[105.0,13.3]},"properties":{"region":1,"fire_occurred":0,"prediction":0.2409}},{"type":"Feature","geometry":{"type":"Point","coordinates":[105.0,13.4]},"properties":{"region":1,"fire_occurred":0,"prediction":0.2159}},{"type":"Feature","geometry":{"type":"Point","coordinates":[105.0,13.5]},"properties":{"region":1,"fire_occurred":0,"prediction":0.1626}},{"type":"Feature","geometry":{"type":"Point","coordinates":[105.0,13.6]},"properties":{"region":1,"fire_occurred":0,"prediction":0.1904}},{"type":"Feature","geometry":{"type":"Point","coordinates":[105.0,13.7]},"properties":{"region":1,"fire_occurred":0,"prediction":0.1689}},{"type":"Feature","geometry":{"type":"Point","coordinates":[105.0,13.8]},"properties":{"region":1,"fire_occurred":0,"prediction":0.3509}},{"type":"Feature","geometry":{"type":"Point","coordinates":[105.0,14.0]},"properties":{"region":1,"fire_occurred":0,"prediction":0.3463}},{"type":"Feature","geometry":{"type":"Point","coordinates":[105.0,14.1]},"properties":{"region":1,"fire_occurred":0,"prediction":0.4705}},{"type":"Feature","geometry":{"type":"Point","coordinates":[105.1,10.1]},"properties":{"region":1,"fire_occurred":0,"prediction":0.1013}},{"type":"Feature","geometry":{"type":"Point","coordinates":[105.1,10.5]},"properties":{"region":1,"fire_occurred":0,"prediction":0.1237}},{"type":"Feature","geometry":{"type":"Point","coordinates":[105.1,10.7]},"properties":{"region":1,"fire_occurred":0,"prediction":0.1264}},{"type":"Feature","geometry":{"type":"Point","coordinates":[105.1,11.3]},"properties":{"region":1,"fire_occurred":0,"prediction":0.1521}},{"type":"Feature","geometry":{"type":"Point","coordinates":[105.1,12.1]},"properties":{"region":1,"fire_occurred":0,"prediction":0.1175}},{"type":"Feature","geometry":{"type":"Point","coordinates":[105.1,12.2]},"properties":{"region":1,"fire_occurred":0,"prediction":0.2822}},{"type":"Feature","geometry":{"type":"Point","coordinates":[105.1,12.3]},"properties":{"region":1,"fire_occurred":0,"prediction":0.1817}},{"type":"Feature","geometry":{"type":"Point","coordinates":[105.1,12.4]},"properties":{"region":1,"fire_occurred":0,"prediction":0.1307}},{"type":"Feature","geometry":{"type":"Point","coordinates":[105.1,13.0]},"properties":{"region":1,"fire_occurred":0,"prediction":0.1401}},{"type":"Feature","geometry":{"type":"Point","coordinates":[105.1,13.1]},"properties":{"region":1,"fire_occurred":0,"prediction":0.2698}},{"type":"Feature","geometry":{"type":"Point","coordinates":[105.1,13.2]},"properties":{"region":1,"fire_occurred":0,"prediction":0.3461}},{"type":"Feature","geometry":{"type":"Point","coordinates":[105.1,13.3]},"properties":{"region":1,"fire_occurred":0,"prediction":0.7206}},{"type":"Feature","geometry":{"type":"Point","coordinates":[105.1,13.4]},"properties":{"region":1,"fire_occurred":0,"prediction":0.687}},{"type":"Feature","geometry":{"type":"Point","coordinates":[105.1,13.5]},"properties":{"region":1,"fire_occurred":0,"prediction":0.2798}},{"type":"Feature","geometry":{"type":"Point","coordinates":[105.1,13.6]},"properties":{"region":1,"fire_occurred":0,"prediction":0.394}},{"type":"Feature","geometry":{"type":"Point","coordinates":[105.1,13.7]},"properties":{"region":1,"fire_occurred":0,"prediction":0.2293}},{"type":"Feature","geometry":{"type":"Point","coordinates":[105.1,13.8]},"properties":{"region":1,"fire_occurred":0,"prediction":0.2976}},{"type":"Feature","geometry":{"type":"Point","coordinates":[105.1,14.0]},"properties":{"region":1,"fire_occurred":0,"prediction":0.2588}},{"type":"Feature","geometry":{"type":"Point","coordinates":[105.1,14.1]},"properties":{"region":1,"fire_occurred":1,"prediction":0.5126}},{"type":"Feature","geometry":{"type":"Point","coordinates":[105.1,14.2]},"properties":{"region":1,"fire_occurred":0,"prediction":0.4439}},{"type":"Feature","geometry":{"type":"Point","coordinates":[105.1,17.0]},"properties":{"region":1,"fire_occurred":0,"prediction":0.1263}},{"type":"Feature","geometry":{"type":"Point","coordinates":[105.2,9.9]},"properties":{"region":1,"fire_occurred":0,"prediction":0.1013}},{"type":"Feature","geometry":{"type":"Point","coordinates":[105.2,10.1]},"properties":{"region":1,"fire_occurred":0,"prediction":0.2197}},{"type":"Feature","geometry":{"type":"Point","coordinates":[105.2,10.2]},"properties":{"region":1,"fire_occurred":0,"prediction":0.2099}},{"type":"Feature","geometry":{"type":"Point","coordinates":[105.2,10.3]},"properties":{"region":1,"fire_occurred":0,"prediction":0.2045}},{"type":"Feature","geometry":{"type":"Point","coordinates":[105.2,10.4]},"properties":{"region":1,"fire_occurred":0,"prediction":0.2138}},{"type":"Feature","geometry":{"type":"Point","coordinates":[105.2,10.6]},"properties":{"region":1,"fire_occurred":0,"prediction":0.118}},{"type":"Feature","geometry":{"type":"Point","coordinates":[105.2,10.7]},"properties":{"region":1,"fire_occurred":0,"prediction":0.1038}},{"type":"Feature","geometry":{"type":"Point","coordinates":[105.2,10.8]},"properties":{"region":1,"fire_occurred":0,"prediction":0.1184}},{"type":"Feature","geometry":{"type":"Point","coordinates":[105.2,10.9]},"properties":{"region":1,"fire_occurred":0,"prediction":0.1205}},{"type":"Feature","geometry":{"type":"Point","coordinates":[105.2,11.2]},"properties":{"region":1,"fire_occurred":0,"prediction":0.1633}},{"type":"Feature","geometry":{"type":"Point","coordinates":[105.2,11.8]},"properties":{"region":1,"fire_occurred":0,"prediction":0.1156}},{"type":"Feature","geometry":{"type":"Point","coordinates":[105.2,12.1]},"properties":{"region":1,"fire_occurred":0,"prediction":0.1666}},{"type":"Feature","geometry":{"type":"Point","coordinates":[105.2,12.2]},"properties":{"region":1,"fire_occurred":0,"prediction":0.1097}},{"type":"Feature","geometry":{"type":"Point","coordinates":[105.2,12.3]},"properties":{"region":1,"fire_occurred":0,"prediction":0.1153}},{"type":"Feature","geometry":{"type":"Point","coordinates":[105.2,12.4]},"properties":{"region":1,"fire_occurred":0,"prediction":0.1364}},{"type":"Feature","geometry":{"type":"Point","coordinates":[105.2,12.5]},"properties":{"region":1,"fire_occurred":0,"prediction":0.1743}},{"type":"Feature","geometry":{"type":"Point","coordinates":[105.2,12.6]},"properties":{"region":1,"fire_occurred":0,"prediction":0.2954}},{"type":"Feature","geometry":{"type":"Point","coordinates":[105.2,12.7]},"properties":{"region":1,"fire_occurred":0,"prediction":0.1378}},{"type":"Feature","geometry":{"type":"Point","coordinates":[105.2,12.8]},"properties":{"region":1,"fire_occurred":0,"prediction":0.2243}},{"type":"Feature","geometry":{"type":"Point","coordinates":[105.2,12.9]},"properties":{"region":1,"fire_occurred":0,"prediction":0.2595}},{"type":"Feature","geometry":{"type":"Point","coordinates":[105.2,13.0]},"properties":{"region":1,"fire_occurred":0,"prediction":0.1095}},{"type":"Feature","geometry":{"type":"Point","coordinates":[105.2,13.1]},"properties":{"region":1,"fire_occurred":0,"prediction":0.2021}},{"type":"Feature","geometry":{"type":"Point","coordinates":[105.2,13.2]},"properties":{"region":1,"fire_occurred":1,"prediction":0.2401}},{"type":"Feature","geometry":{"type":"Point","coordinates":[105.2,13.3]},"properties":{"region":1,"fire_occurred":0,"prediction":0.643}},{"type":"Feature","geometry":{"type":"Point","coordinates":[105.2,13.4]},"properties":{"region":1,"fire_occurred":0,"prediction":0.4833}},{"type":"Feature","geometry":{"type":"Point","coordinates":[105.2,13.5]},"properties":{"region":1,"fire_occurred":0,"prediction":0.3655}},{"type":"Feature","geometry":{"type":"Point","coordinates":[105.2,13.6]},"properties":{"region":1,"fire_occurred":0,"prediction":0.3593}},{"type":"Feature","geometry":{"type":"Point","coordinates":[105.2,13.7]},"properties":{"region":1,"fire_occurred":0,"prediction":0.3345}},{"type":"Feature","geometry":{"type":"Point","coordinates":[105.2,13.8]},"properties":{"region":1,"fire_occurred":1,"prediction":0.5495}},{"type":"Feature","geometry":{"type":"Point","coordinates":[105.2,13.9]},"properties":{"region":1,"fire_occurred":0,"prediction":0.3753}},{"type":"Feature","geometry":{"type":"Point","coordinates":[105.2,14.0]},"properties":{"region":1,"fire_occurred":0,"prediction":0.1025}},{"type":"Feature","geometry":{"type":"Point","coordinates":[105.2,14.1]},"properties":{"region":1,"fire_occurred":0,"prediction":0.3705}},{"type":"Feature","geometry":{"type":"Point","coordinates":[105.2,14.2]},"properties":{"region":1,"fire_occurred":0,"prediction":0.336}},{"type":"Feature","geometry":{"type":"Point","coordinates":[105.3,10.1]},"properties":{"region":1,"fire_occurred":0,"prediction":0.2383}},{"type":"Feature","geometry":{"type":"Point","coordinates":[105.3,10.2]},"properties":{"region":1,"fire_occurred":0,"prediction":0.269}},{"type":"Feature","geometry":{"type":"Point","coordinates":[105.3,10.3]},"properties":{"region":1,"fire_occurred":0,"prediction":0.2229}},{"type":"Feature","geometry":{"type":"Point","coordinates":[105.3,10.4]},"properties":{"region":1,"fire_occurred":0,"prediction":0.1299}},{"type":"Feature","geometry":{"type":"Point","coordinates":[105.3,10.8]},"properties":{"region":1,"fire_occurred":0,"prediction":0.1254}},{"type":"Feature","geometry":{"type":"Point","coordinates":[105.3,10.9]},"properties":{"region":1,"fire_occurred":0,"prediction":0.1148}},{"type":"Feature","geometry":{"type":"Point","coordinates":[105.3,11.7]},"properties":{"region":1,"fire_occurred":0,"prediction":0.2195}},{"type":"Feature","geometry":{"type":"Point","coordinates":[105.3,12.1]},"properties":{"region":1,"fire_occurred":1,"prediction":0.1491}},{"type":"Feature","geometry":{"type":"Point","coordinates":[105.3,12.2]},"properties":{"region":1,"fire_occurred":0,"prediction":0.181}},{"type":"Feature","geometry":{"type":"Point","coordinates":[105.3,12.3]},"properties":{"region":1,"fire_occurred":0,"prediction":0.1061}},{"type":"Feature","geometry":{"type":"Point","coordinates":[105.3,12.4]},"properties":{"region":1,"fire_occurred":0,"prediction":0.1609}},{"type":"Feature","geometry":{"type":"Point","coordinates":[105.3,12.5]},"properties":{"region":1,"fire_occurred":0,"prediction":0.1671}},{"type":"Feature","geometry":{"type":"Point","coordinates":[105.3,12.6]},"properties":{"region":1,"fire_occurred":0,"prediction":0.205}},{"type":"Feature","geometry":{"type":"Point","coordinates":[105.3,12.7]},"properties":{"region":1,"fire_occurred":0,"prediction":0.5292}},{"type":"Feature","geometry":{"type":"Point","coordinates":[105.3,12.8]},"properties":{"region":1,"fire_occurred":1,"prediction":0.3282}},{"type":"Feature","geometry":{"type":"Point","coordinates":[105.3,12.9]},"properties":{"region":1,"fire_occurred":0,"prediction":0.3128}},{"type":"Feature","geometry":{"type":"Point","coordinates":[105.3,13.1]},"properties":{"region":1,"fire_occurred":0,"prediction":0.3297}},{"type":"Feature","geometry":{"type":"Point","coordinates":[105.3,13.2]},"properties":{"region":1,"fire_occurred":0,"prediction":0.1399}},{"type":"Feature","geometry":{"type":"Point","coordinates":[105.3,13.3]},"properties":{"region":1,"fire_occurred":0,"prediction":0.7652}},{"type":"Feature","geometry":{"type":"Point","coordinates":[105.3,13.4]},"properties":{"region":1,"fire_occurred":0,"prediction":0.4106}},{"type":"Feature","geometry":{"type":"Point","coordinates":[105.3,13.5]},"properties":{"region":1,"fire_occurred":0,"prediction":0.5554}},{"type":"Feature","geometry":{"type":"Point","coordinates":[105.3,13.6]},"properties":{"region":1,"fire_occurred":0,"prediction":0.29}},{"type":"Feature","geometry":{"type":"Point","coordinates":[105.3,13.7]},"properties":{"region":1,"fire_occurred":1,"prediction":0.6179}},{"type":"Feature","geometry":{"type":"Point","coordinates":[105.3,13.8]},"properties":{"region":1,"fire_occurred":1,"prediction":0.6103}},{"type":"Feature","geometry":{"type":"Point","coordinates":[105.3,13.9]},"properties":{"region":1,"fire_occurred":1,"prediction":0.3726}},{"type":"Feature","geometry":{"type":"Point","coordinates":[105.3,14.0]},"properties":{"region":1,"fire_occurred":0,"prediction":0.1659}},{"type":"Feature","geometry":{"type":"Point","coordinates":[105.3,14.2]},"properties":{"region":1,"fire_occurred":0,"prediction":0.1109}},{"type":"Feature","geometry":{"type":"Point","coordinates":[105.4,10.2]},"properties":{"region":1,"fire_occurred":0,"prediction":0.1251}},{"type":"Feature","geometry":{"type":"Point","coordinates":[105.4,11.6]},"properties":{"region":1,"fire_occurred":0,"prediction":0.1742}},{"type":"Feature","geometry":{"type":"Point","coordinates":[105.4,11.8]},"properties":{"region":1,"fire_occurred":0,"prediction":0.1042}},{"type":"Feature","geometry":{"type":"Point","coordinates":[105.4,12.0]},"properties":{"region":1,"fire_occurred":0,"prediction":0.2061}},{"type":"Feature","geometry":{"type":"Point","coordinates":[105.4,12.2]},"properties":{"region":1,"fire_occurred":0,"prediction":0.1005}},{"type":"Feature","geometry":{"type":"Point","coordinates":[105.4,12.3]},"properties":{"region":1,"fire_occurred":0,"prediction":0.153}},{"type":"Feature","geometry":{"type":"Point","coordinates":[105.4,12.5]},"properties":{"region":1,"fire_occurred":0,"prediction":0.1059}},{"type":"Feature","geometry":{"type":"Point","coordinates":[105.4,12.6]},"properties":{"region":1,"fire_occurred":0,"prediction":0.5274}},{"type":"Feature","geometry":{"type":"Point","coordinates":[105.4,12.7]},"properties":{"region":1,"fire_occurred":1,"prediction":0.4712}},{"type":"Feature","geometry":{"type":"Point","coordinates":[105.4,12.8]},"properties":{"region":1,"fire_occurred":0,"prediction":0.5006}},{"type":"Feature","geometry":{"type":"Point","coordinates":[105.4,12.9]},"properties":{"region":1,"fire_occurred":0,"prediction":0.2682}},{"type":"Feature","geometry":{"type":"Point","coordinates":[105.4,13.0]},"properties":{"region":1,"fire_occurred":0,"prediction":0.215}},{"type":"Feature","geometry":{"type":"Point","coordinates":[105.4,13.1]},"properties":{"region":1,"fire_occurred":0,"prediction":0.1369}},{"type":"Feature","geometry":{"type":"Point","coordinates":[105.4,13.3]},"properties":{"region":1,"fire_occurred":0,"prediction":0.1325}},{"type":"Feature","geometry":{"type":"Point","coordinates":[105.4,13.4]},"properties":{"region":1,"fire_occurred":0,"prediction":0.1712}},{"type":"Feature","geometry":{"type":"Point","coordinates":[105.4,13.5]},"properties":{"region":1,"fire_occurred":0,"prediction":0.5027}},{"type":"Feature","geometry":{"type":"Point","coordinates":[105.4,13.6]},"properties":{"region":1,"fire_occurred":0,"prediction":0.6905}},{"type":"Feature","geometry":{"type":"Point","coordinates":[105.4,13.7]},"properties":{"region":1,"fire_occurred":1,"prediction":0.7393}},{"type":"Feature","geometry":{"type":"Point","coordinates":[105.4,13.8]},"properties":{"region":1,"fire_occurred":0,"prediction":0.2929}},{"type":"Feature","geometry":{"type":"Point","coordinates":[105.4,13.9]},"properties":{"region":1,"fire_occurred":0,"prediction":0.2941}},{"type":"Feature","geometry":{"type":"Point","coordinates":[105.4,14.0]},"properties":{"region":1,"fire_occurred":0,"prediction":0.281}},{"type":"Feature","geometry":{"type":"Point","coordinates":[105.4,14.1]},"properties":{"region":1,"fire_occurred":0,"prediction":0.1027}},{"type":"Feature","geometry":{"type":"Point","coordinates":[105.4,14.2]},"properties":{"region":1,"fire_occurred":0,"prediction":0.2606}},{"type":"Feature","geometry":{"type":"Point","coordinates":[105.4,15.0]},"properties":{"region":1,"fire_occurred":0,"prediction":0.1396}},{"type":"Feature","geometry":{"type":"Point","coordinates":[105.4,15.5]},"properties":{"region":1,"fire_occurred":1,"prediction":0.049}},{"type":"Feature","geometry":{"type":"Point","coordinates":[105.5,10.1]},"properties":{"region":1,"fire_occurred":0,"prediction":0.1509}},{"type":"Feature","geometry":{"type":"Point","coordinates":[105.5,10.9]},"properties":{"region":1,"fire_occurred":0,"prediction":0.1102}},{"type":"Feature","geometry":{"type":"Point","coordinates":[105.5,11.5]},"properties":{"region":1,"fire_occurred":0,"prediction":0.161}},{"type":"Feature","geometry":{"type":"Point","coordinates":[105.5,11.6]},"properties":{"region":1,"fire_occurred":0,"prediction":0.1042}},{"type":"Feature","geometry":{"type":"Point","coordinates":[105.5,12.0]},"properties":{"region":1,"fire_occurred":0,"prediction":0.2923}},{"type":"Feature","geometry":{"type":"Point","coordinates":[105.5,12.1]},"properties":{"region":1,"fire_occurred":0,"prediction":0.1436}},{"type":"Feature","geometry":{"type":"Point","coordinates":[105.5,12.3]},"properties":{"region":1,"fire_occurred":0,"prediction":0.1018}},{"type":"Feature","geometry":{"type":"Point","coordinates":[105.5,12.5]},"properties":{"region":1,"fire_occurred":0,"prediction":0.1001}},{"type":"Feature","geometry":{"type":"Point","coordinates":[105.5,12.6]},"properties":{"region":1,"fire_occurred":0,"prediction":0.5998}},{"type":"Feature","geometry":{"type":"Point","coordinates":[105.5,12.7]},"properties":{"region":1,"fire_occurred":0,"prediction":0.7706}},{"type":"Feature","geometry":{"type":"Point","coordinates":[105.5,12.8]},"properties":{"region":1,"fire_occurred":1,"prediction":0.4061}},{"type":"Feature","geometry":{"type":"Point","coordinates":[105.5,12.9]},"properties":{"region":1,"fire_occurred":0,"prediction":0.4008}},{"type":"Feature","geometry":{"type":"Point","coordinates":[105.5,13.4]},"properties":{"region":1,"fire_occurred":1,"prediction":0.0441}},{"type":"Feature","geometry":{"type":"Point","coordinates":[105.5,13.5]},"properties":{"region":1,"fire_occurred":0,"prediction":0.3432}},{"type":"Feature","geometry":{"type":"Point","coordinates":[105.5,13.6]},"properties":{"region":1,"fire_occurred":0,"prediction":0.5173}},{"type":"Feature","geometry":{"type":"Point","coordinates":[105.5,13.7]},"properties":{"region":1,"fire_occurred":1,"prediction":0.8867}},{"type":"Feature","geometry":{"type":"Point","coordinates":[105.5,13.8]},"properties":{"region":1,"fire_occurred":1,"prediction":0.5391}},{"type":"Feature","geometry":{"type":"Point","coordinates":[105.5,13.9]},"properties":{"region":1,"fire_occurred":1,"prediction":0.4335}},{"type":"Feature","geometry":{"type":"Point","coordinates":[105.5,14.0]},"properties":{"region":1,"fire_occurred":0,"prediction":0.3244}},{"type":"Feature","geometry":{"type":"Point","coordinates":[105.5,14.3]},"properties":{"region":1,"fire_occurred":0,"prediction":0.1357}},{"type":"Feature","geometry":{"type":"Point","coordinates":[105.5,14.4]},"properties":{"region":1,"fire_occurred":0,"prediction":0.2094}},{"type":"Feature","geometry":{"type":"Point","coordinates":[105.5,14.5]},"properties":{"region":1,"fire_occurred":0,"prediction":0.1303}},{"type":"Feature","geometry":{"type":"Point","coordinates":[105.5,14.9]},"properties":{"region":1,"fire_occurred":0,"prediction":0.2136}},{"type":"Feature","geometry":{"type":"Point","coordinates":[105.5,15.1]},"properties":{"region":1,"fire_occurred":0,"prediction":0.123}},{"type":"Feature","geometry":{"type":"Point","coordinates":[105.5,15.4]},"properties":{"region":1,"fire_occurred":0,"prediction":0.1446}},{"type":"Feature","geometry":{"type":"Point","coordinates":[105.5,15.7]},"properties":{"region":1,"fire_occurred":0,"prediction":0.1167}},{"type":"Feature","geometry":{"type":"Point","coordinates":[105.6,10.3]},"properties":{"region":1,"fire_occurred":0,"prediction":0.1047}},{"type":"Feature","geometry":{"type":"Point","coordinates":[105.6,10.5]},"properties":{"region":1,"fire_occurred":0,"prediction":0.1069}},{"type":"Feature","geometry":{"type":"Point","coordinates":[105.6,11.3]},"properties":{"region":1,"fire_occurred":0,"prediction":0.1194}},{"type":"Feature","geometry":{"type":"Point","coordinates":[105.6,11.6]},"properties":{"region":1,"fire_occurred":0,"prediction":0.1176}},{"type":"Feature","geometry":{"type":"Point","coordinates":[105.6,11.7]},"properties":{"region":1,"fire_occurred":0,"prediction":0.1017}},{"type":"Feature","geometry":{"type":"Point","coordinates":[105.6,11.8]},"properties":{"region":1,"fire_occurred":0,"prediction":0.1071}},{"type":"Feature","geometry":{"type":"Point","coordinates":[105.6,12.0]},"properties":{"region":1,"fire_occurred":0,"prediction":0.1684}},{"type":"Feature","geometry":{"type":"Point","coordinates":[105.6,12.1]},"properties":{"region":1,"fire_occurred":0,"prediction":0.2621}},{"type":"Feature","geometry":{"type":"Point","coordinates":[105.6,12.6]},"properties":{"region":1,"fire_occurred":0,"prediction":0.4242}},{"type":"Feature","geometry":{"type":"Point","coordinates":[105.6,12.7]},"properties":{"region":1,"fire_occurred":0,"prediction":0.5542}},{"type":"Feature","geometry":{"type":"Point","coordinates":[105.6,12.8]},"properties":{"region":1,"fire_occurred":0,"prediction":0.5389}},{"type":"Feature","geometry":{"type":"Point","coordinates":[105.6,12.9]},"properties":{"region":1,"fire_occurred":0,"prediction":0.5794}},{"type":"Feature","geometry":{"type":"Point","coordinates":[105.6,13.0]},"properties":{"region":1,"fire_occurred":0,"prediction":0.2134}},{"type":"Feature","geometry":{"type":"Point","coordinates":[105.6,13.4]},"properties":{"region":1,"fire_occurred":0,"prediction":0.4785}},{"type":"Feature","geometry":{"type":"Point","coordinates":[105.6,13.5]},"properties":{"region":1,"fire_occurred":1,"prediction":0.518}},{"type":"Feature","geometry":{"type":"Point","coordinates":[105.6,13.6]},"properties":{"region":1,"fire_occurred":0,"prediction":0.5286}},{"type":"Feature","geometry":{"type":"Point","coordinates":[105.6,13.7]},"properties":{"region":1,"fire_occurred":0,"prediction":0.8532}},{"type":"Feature","geometry":{"type":"Point","coordinates":[105.6,13.8]},"properties":{"region":1,"fire_occurred":1,"prediction":0.5528}},{"type":"Feature","geometry":{"type":"Point","coordinates":[105.6,13.9]},"properties":{"region":1,"fire_occurred":0,"prediction":0.5301}},{"type":"Feature","geometry":{"type":"Point","coordinates":[105.6,14.0]},"properties":{"region":1,"fire_occurred":0,"prediction":0.4825}},{"type":"Feature","geometry":{"type":"Point","coordinates":[105.6,14.1]},"properties":{"region":1,"fire_occurred":0,"prediction":0.2273}},{"type":"Feature","geometry":{"type":"Point","coordinates":[105.6,14.2]},"properties":{"region":1,"fire_occurred":0,"prediction":0.1393}},{"type":"Feature","geometry":{"type":"Point","coordinates":[105.6,14.3]},"properties":{"region":1,"fire_occurred":0,"prediction":0.3831}},{"type":"Feature","geometry":{"type":"Point","coordinates":[105.6,14.4]},"properties":{"region":1,"fire_occurred":0,"prediction":0.3047}},{"type":"Feature","geometry":{"type":"Point","coordinates":[105.6,14.5]},"properties":{"region":1,"fire_occurred":0,"prediction":0.1149}},{"type":"Feature","geometry":{"type":"Point","coordinates":[105.6,15.3]},"properties":{"region":1,"fire_occurred":0,"prediction":0.1191}},{"type":"Feature","geometry":{"type":"Point","coordinates":[105.6,15.4]},"properties":{"region":1,"fire_occurred":0,"prediction":0.1013}},{"type":"Feature","geometry":{"type":"Point","coordinates":[105.7,10.5]},"properties":{"region":1,"fire_occurred":0,"prediction":0.1023}},{"type":"Feature","geometry":{"type":"Point","coordinates":[105.7,11.3]},"properties":{"region":1,"fire_occurred":0,"prediction":0.1201}},{"type":"Feature","geometry":{"type":"Point","coordinates":[105.7,11.4]},"properties":{"region":1,"fire_occurred":0,"prediction":0.1742}},{"type":"Feature","geometry":{"type":"Point","coordinates":[105.7,11.5]},"properties":{"region":1,"fire_occurred":0,"prediction":0.1123}},{"type":"Feature","geometry":{"type":"Point","coordinates":[105.7,11.9]},"properties":{"region":1,"fire_occurred":0,"prediction":0.1357}},{"type":"Feature","geometry":{"type":"Point","coordinates":[105.7,12.1]},"properties":{"region":1,"fire_occurred":0,"prediction":0.2258}},{"type":"Feature","geometry":{"type":"Point","coordinates":[105.7,12.2]},"properties":{"region":1,"fire_occurred":0,"prediction":0.1587}},{"type":"Feature","geometry":{"type":"Point","coordinates":[105.7,12.5]},"properties":{"region":1,"fire_occurred":1,"prediction":0.1232}},{"type":"Feature","geometry":{"type":"Point","coordinates":[105.7,12.6]},"properties":{"region":1,"fire_occurred":0,"prediction":0.4949}},{"type":"Feature","geometry":{"type":"Point","coordinates":[105.7,12.7]},"properties":{"region":1,"fire_occurred":1,"prediction":0.7039}},{"type":"Feature","geometry":{"type":"Point","coordinates":[105.7,12.8]},"properties":{"region":1,"fire_occurred":1,"prediction":0.4765}},{"type":"Feature","geometry":{"type":"Point","coordinates":[105.7,12.9]},"properties":{"region":1,"fire_occurred":1,"prediction":0.5602}},{"type":"Feature","geometry":{"type":"Point","coordinates":[105.7,13.3]},"properties":{"region":1,"fire_occurred":0,"prediction":0.3593}},{"type":"Feature","geometry":{"type":"Point","coordinates":[105.7,13.4]},"properties":{"region":1,"fire_occurred":1,"prediction":0.3977}},{"type":"Feature","geometry":{"type":"Point","coordinates":[105.7,13.5]},"properties":{"region":1,"fire_occurred":0,"prediction":0.4491}},{"type":"Feature","geometry":{"type":"Point","coordinates":[105.7,13.6]},"properties":{"region":1,"fire_occurred":1,"prediction":0.5931}},{"type":"Feature","geometry":{"type":"Point","coordinates":[105.7,13.7]},"properties":{"region":1,"fire_occurred":0,"prediction":0.648}},{"type":"Feature","geometry":{"type":"Point","coordinates":[105.7,13.8]},"properties":{"region":1,"fire_occurred":1,"prediction":0.5657}},{"type":"Feature","geometry":{"type":"Point","coordinates":[105.7,13.9]},"properties":{"region":1,"fire_occurred":0,"prediction":0.5033}},{"type":"Feature","geometry":{"type":"Point","coordinates":[105.7,14.0]},"properties":{"region":1,"fire_occurred":1,"prediction":0.1869}},{"type":"Feature","geometry":{"type":"Point","coordinates":[105.7,14.2]},"properties":{"region":1,"fire_occurred":1,"prediction":0.3268}},{"type":"Feature","geometry":{"type":"Point","coordinates":[105.7,14.3]},"properties":{"region":1,"fire_occurred":1,"prediction":0.5963}},{"type":"Feature","geometry":{"type":"Point","coordinates":[105.7,14.4]},"properties":{"region":1,"fire_occurred":0,"prediction":0.3252}},{"type":"Feature","geometry":{"type":"Point","coordinates":[105.7,14.8]},"properties":{"region":1,"fire_occurred":1,"prediction":0.0344}},{"type":"Feature","geometry":{"type":"Point","coordinates":[105.7,15.1]},"properties":{"region":1,"fire_occurred":0,"prediction":0.2076}},{"type":"Feature","geometry":{"type":"Point","coordinates":[105.8,10.5]},"properties":{"region":1,"fire_occurred":0,"prediction":0.105}},{"type":"Feature","geometry":{"type":"Point","coordinates":[105.8,11.3]},"properties":{"region":1,"fire_occurred":0,"prediction":0.1275}},{"type":"Feature","geometry":{"type":"Point","coordinates":[105.8,11.4]},"properties":{"region":1,"fire_occurred":0,"prediction":0.1088}},{"type":"Feature","geometry":{"type":"Point","coordinates":[105.8,11.5]},"properties":{"region":1,"fire_occurred":0,"prediction":0.2327}},{"type":"Feature","geometry":{"type":"Point","coordinates":[105.8,11.6]},"properties":{"region":1,"fire_occurred":0,"prediction":0.1106}},{"type":"Feature","geometry":{"type":"Point","coordinates":[105.8,11.8]},"properties":{"region":1,"fire_occurred":0,"prediction":0.1574}},{"type":"Feature","geometry":{"type":"Point","coordinates":[105.8,11.9]},"properties":{"region":1,"fire_occurred":0,"prediction":0.1264}},{"type":"Feature","geometry":{"type":"Point","coordinates":[105.8,12.0]},"properties":{"region":1,"fire_occurred":0,"prediction":0.1338}},{"type":"Feature","geometry":{"type":"Point","coordinates":[105.8,12.1]},"properties":{"region":1,"fire_occurred":0,"prediction":0.1068}},{"type":"Feature","geometry":{"type":"Point","coordinates":[105.8,12.2]},"properties":{"region":1,"fire_occurred":0,"prediction":0.1884}},{"type":"Feature","geometry":{"type":"Point","coordinates":[105.8,12.3]},"properties":{"region":1,"fire_occurred":0,"prediction":0.1052}},{"type":"Feature","geometry":{"type":"Point","coordinates":[105.8,12.4]},"properties":{"region":1,"fire_occurred":0,"prediction":0.2102}},{"type":"Feature","geometry":{"type":"Point","coordinates":[105.8,12.5]},"properties":{"region":1,"fire_occurred":0,"prediction":0.41}},{"type":"Feature","geometry":{"type":"Point","coordinates":[105.8,12.6]},"properties":{"region":1,"fire_occurred":0,"prediction":0.3086}},{"type":"Feature","geometry":{"type":"Point","coordinates":[105.8,12.7]},"properties":{"region":1,"fire_occurred":1,"prediction":0.3342}},{"type":"Feature","geometry":{"type":"Point","coordinates":[105.8,12.8]},"properties":{"region":1,"fire_occurred":0,"prediction":0.5833}},{"type":"Feature","geometry":{"type":"Point","coordinates":[105.8,12.9]},"properties":{"region":1,"fire_occurred":0,"prediction":0.4363}},{"type":"Feature","geometry":{"type":"Point","coordinates":[105.8,13.0]},"properties":{"region":1,"fire_occurred":1,"prediction":0.7764}},{"type":"Feature","geometry":{"type":"Point","coordinates":[105.8,13.1]},"properties":{"region":1,"fire_occurred":0,"prediction":0.1751}},{"type":"Feature","geometry":{"type":"Point","coordinates":[105.8,13.3]},"properties":{"region":1,"fire_occurred":0,"prediction":0.2734}},{"type":"Feature","geometry":{"type":"Point","coordinates":[105.8,13.4]},"properties":{"region":1,"fire_occurred":0,"prediction":0.3884}},{"type":"Feature","geometry":{"type":"Point","coordinates":[105.8,13.5]},"properties":{"region":1,"fire_occurred":1,"prediction":0.3483}},{"type":"Feature","geometry":{"type":"Point","coordinates":[105.8,13.6]},"properties":{"region":1,"fire_occurred":1,"prediction":0.7511}},{"type":"Feature","geometry":{"type":"Point","coordinates":[105.8,13.7]},"properties":{"region":1,"fire_occurred":1,"prediction":0.6347}},{"type":"Feature","geometry":{"type":"Point","coordinates":[105.8,13.8]},"properties":{"region":1,"fire_occurred":1,"prediction":0.5583}},{"type":"Feature","geometry":{"type":"Point","coordinates":[105.8,13.9]},"properties":{"region":1,"fire_occurred":0,"prediction":0.4926}},{"type":"Feature","geometry":{"type":"Point","coordinates":[105.8,14.0]},"properties":{"region":1,"fire_occurred":0,"prediction":0.111}},{"type":"Feature","geometry":{"type":"Point","coordinates":[105.8,14.2]},"properties":{"region":1,"fire_occurred":0,"prediction":0.2756}},{"type":"Feature","geometry":{"type":"Point","coordinates":[105.8,14.3]},"properties":{"region":1,"fire_occurred":0,"prediction":0.1347}},{"type":"Feature","geometry":{"type":"Point","coordinates":[105.8,14.5]},"properties":{"region":1,"fire_occurred":0,"prediction":0.146}},{"type":"Feature","geometry":{"type":"Point","coordinates":[105.8,15.2]},"properties":{"region":1,"fire_occurred":0,"prediction":0.4067}},{"type":"Feature","geometry":{"type":"Point","coordinates":[105.8,15.3]},"properties":{"region":1,"fire_occurred":0,"prediction":0.19}},{"type":"Feature","geometry":{"type":"Point","coordinates":[105.9,10.0]},"properties":{"region":1,"fire_occurred":0,"prediction":0.1125}},{"type":"Feature","geometry":{"type":"Point","coordinates":[105.9,11.1]},"properties":{"region":1,"fire_occurred":0,"prediction":0.106}},{"type":"Feature","geometry":{"type":"Point","coordinates":[105.9,11.6]},"properties":{"region":1,"fire_occurred":0,"prediction":0.1155}},{"type":"Feature","geometry":{"type":"Point","coordinates":[105.9,11.7]},"properties":{"region":1,"fire_occurred":0,"prediction":0.1427}},{"type":"Feature","geometry":{"type":"Point","coordinates":[105.9,11.8]},"properties":{"region":1,"fire_occurred":0,"prediction":0.1581}},{"type":"Feature","geometry":{"type":"Point","coordinates":[105.9,12.1]},"properties":{"region":1,"fire_occurred":0,"prediction":0.2126}},{"type":"Feature","geometry":{"type":"Point","coordinates":[105.9,12.4]},"properties":{"region":1,"fire_occurred":0,"prediction":0.2673}},{"type":"Feature","geometry":{"type":"Point","coordinates":[105.9,12.5]},"properties":{"region":1,"fire_occurred":0,"prediction":0.3042}},{"type":"Feature","geometry":{"type":"Point","coordinates":[105.9,12.6]},"properties":{"region":1,"fire_occurred":0,"prediction":0.3403}},{"type":"Feature","geometry":{"type":"Point","coordinates":[105.9,12.7]},"properties":{"region":1,"fire_occurred":1,"prediction":0.3641}},{"type":"Feature","geometry":{"type":"Point","coordinates":[105.9,12.9]},"properties":{"region":1,"fire_occurred":1,"prediction":0.7556}},{"type":"Feature","geometry":{"type":"Point","coordinates":[105.9,13.0]},"properties":{"region":1,"fire_occurred":1,"prediction":0.9094}},{"type":"Feature","geometry":{"type":"Point","coordinates":[105.9,13.1]},"properties":{"region":1,"fire_occurred":0,"prediction":0.5601}},{"type":"Feature","geometry":{"type":"Point","coordinates":[105.9,13.2]},"properties":{"region":1,"fire_occurred":0,"prediction":0.3099}},{"type":"Feature","geometry":{"type":"Point","coordinates":[105.9,13.3]},"properties":{"region":1,"fire_occurred":0,"prediction":0.312}},{"type":"Feature","geometry":{"type":"Point","coordinates":[105.9,13.4]},"properties":{"region":1,"fire_occurred":0,"prediction":0.207}},{"type":"Feature","geometry":{"type":"Point","coordinates":[105.9,13.5]},"properties":{"region":1,"fire_occurred":1,"prediction":0.1854}},{"type":"Feature","geometry":{"type":"Point","coordinates":[105.9,13.6]},"properties":{"region":1,"fire_occurred":1,"prediction":0.3989}},{"type":"Feature","geometry":{"type":"Point","coordinates":[105.9,13.7]},"properties":{"region":1,"fire_occurred":0,"prediction":0.5211}},{"type":"Feature","geometry":{"type":"Point","coordinates":[105.9,13.8]},"properties":{"region":1,"fire_occurred":0,"prediction":0.4207}},{"type":"Feature","geometry":{"type":"Point","coordinates":[105.9,14.0]},"properties":{"region":1,"fire_occurred":0,"prediction":0.1611}},{"type":"Feature","geometry":{"type":"Point","coordinates":[105.9,14.1]},"properties":{"region":1,"fire_occurred":0,"prediction":0.3805}},{"type":"Feature","geometry":{"type":"Point","coordinates":[105.9,14.2]},"properties":{"region":1,"fire_occurred":0,"prediction":0.489}},{"type":"Feature","geometry":{"type":"Point","coordinates":[105.9,14.3]},"properties":{"region":1,"fire_occurred":0,"prediction":0.1023}},{"type":"Feature","geometry":{"type":"Point","coordinates":[105.9,14.8]},"properties":{"region":1,"fire_occurred":0,"prediction":0.142}},{"type":"Feature","geometry":{"type":"Point","coordinates":[105.9,14.9]},"properties":{"region":1,"fire_occurred":0,"prediction":0.1905}},{"type":"Feature","geometry":{"type":"Point","coordinates":[105.9,15.0]},"properties":{"region":1,"fire_occurred":0,"prediction":0.1658}},{"type":"Feature","geometry":{"type":"Point","coordinates":[105.9,15.2]},"properties":{"region":1,"fire_occurred":0,"prediction":0.1054}},{"type":"Feature","geometry":{"type":"Point","coordinates":[105.9,15.5]},"properties":{"region":1,"fire_occurred":0,"prediction":0.1991}},{"type":"Feature","geometry":{"type":"Point","coordinates":[106.0,10.0]},"properties":{"region":1,"fire_occurred":0,"prediction":0.1188}},{"type":"Feature","geometry":{"type":"Point","coordinates":[106.0,11.7]},"properties":{"region":1,"fire_occurred":0,"prediction":0.1083}},{"type":"Feature","geometry":{"type":"Point","coordinates":[106.0,11.9]},"properties":{"region":1,"fire_occurred":0,"prediction":0.1084}},{"type":"Feature","geometry":{"type":"Point","coordinates":[106.0,12.0]},"properties":{"region":1,"fire_occurred":0,"prediction":0.2052}},{"type":"Feature","geometry":{"type":"Point","coordinates":[106.0,12.1]},"properties":{"region":1,"fire_occurred":0,"prediction":0.1613}},{"type":"Feature","geometry":{"type":"Point","coordinates":[106.0,12.2]},"properties":{"region":1,"fire_occurred":0,"prediction":0.1451}},{"type":"Feature","geometry":{"type":"Point","coordinates":[106.0,12.3]},"properties":{"region":1,"fire_occurred":0,"prediction":0.2037}},{"type":"Feature","geometry":{"type":"Point","coordinates":[106.0,12.4]},"properties":{"region":1,"fire_occurred":0,"prediction":0.2883}},{"type":"Feature","geometry":{"type":"Point","coordinates":[106.0,12.5]},"properties":{"region":1,"fire_occurred":0,"prediction":0.2595}},{"type":"Feature","geometry":{"type":"Point","coordinates":[106.0,12.6]},"properties":{"region":1,"fire_occurred":1,"prediction":0.27}},{"type":"Feature","geometry":{"type":"Point","coordinates":[106.0,12.7]},"properties":{"region":1,"fire_occurred":0,"prediction":0.3022}},{"type":"Feature","geometry":{"type":"Point","coordinates":[106.0,12.8]},"properties":{"region":1,"fire_occurred":0,"prediction":0.3351}},{"type":"Feature","geometry":{"type":"Point","coordinates":[106.0,12.9]},"properties":{"region":1,"fire_occurred":0,"prediction":0.2891}},{"type":"Feature","geometry":{"type":"Point","coordinates":[106.0,13.0]},"properties":{"region":1,"fire_occurred":0,"prediction":0.1935}},{"type":"Feature","geometry":{"type":"Point","coordinates":[106.0,13.1]},"properties":{"region":1,"fire_occurred":0,"prediction":0.2471}},{"type":"Feature","geometry":{"type":"Point","coordinates":[106.0,13.2]},"properties":{"region":1,"fire_occurred":0,"prediction":0.3426}},{"type":"Feature","geometry":{"type":"Point","coordinates":[106.0,13.4]},"properties":{"region":1,"fire_occurred":0,"prediction":0.404}},{"type":"Feature","geometry":{"type":"Point","coordinates":[106.0,13.5]},"properties":{"region":1,"fire_occurred":1,"prediction":0.1594}},{"type":"Feature","geometry":{"type":"Point","coordinates":[106.0,13.6]},"properties":{"region":1,"fire_occurred":0,"prediction":0.2533}},{"type":"Feature","geometry":{"type":"Point","coordinates":[106.0,13.7]},"properties":{"region":1,"fire_occurred":0,"prediction":0.2972}},{"type":"Feature","geometry":{"type":"Point","coordinates":[106.0,13.8]},"properties":{"region":1,"fire_occurred":1,"prediction":0.3254}},{"type":"Feature","geometry":{"type":"Point","coordinates":[106.0,13.9]},"properties":{"region":1,"fire_occurred":0,"prediction":0.2757}},{"type":"Feature","geometry":{"type":"Point","coordinates":[106.0,14.0]},"properties":{"region":1,"fire_occurred":0,"prediction":0.3226}},{"type":"Feature","geometry":{"type":"Point","coordinates":[106.0,14.1]},"properties":{"region":1,"fire_occurred":1,"prediction":0.159}},{"type":"Feature","geometry":{"type":"Point","coordinates":[106.0,14.2]},"properties":{"region":1,"fire_occurred":0,"prediction":0.3743}},{"type":"Feature","geometry":{"type":"Point","coordinates":[106.0,15.0]},"properties":{"region":1,"fire_occurred":0,"prediction":0.2408}},{"type":"Feature","geometry":{"type":"Point","coordinates":[106.0,15.4]},"properties":{"region":1,"fire_occurred":1,"prediction":0.0207}},{"type":"Feature","geometry":{"type":"Point","coordinates":[106.0,15.5]},"properties":{"region":1,"fire_occurred":0,"prediction":0.1519}},{"type":"Feature","geometry":{"type":"Point","coordinates":[106.0,15.6]},"properties":{"region":1,"fire_occurred":0,"prediction":0.2576}},{"type":"Feature","geometry":{"type":"Point","coordinates":[106.1,10.4]},"properties":{"region":1,"fire_occurred":0,"prediction":0.1433}},{"type":"Feature","geometry":{"type":"Point","coordinates":[106.1,11.9]},"properties":{"region":1,"fire_occurred":0,"prediction":0.2322}},{"type":"Feature","geometry":{"type":"Point","coordinates":[106.1,12.0]},"properties":{"region":1,"fire_occurred":1,"prediction":0.2251}},{"type":"Feature","geometry":{"type":"Point","coordinates":[106.1,12.3]},"properties":{"region":1,"fire_occurred":0,"prediction":0.2182}},{"type":"Feature","geometry":{"type":"Point","coordinates":[106.1,12.4]},"properties":{"region":1,"fire_occurred":1,"prediction":0.1326}},{"type":"Feature","geometry":{"type":"Point","coordinates":[106.1,12.5]},"properties":{"region":1,"fire_occurred":0,"prediction":0.2842}},{"type":"Feature","geometry":{"type":"Point","coordinates":[106.1,12.6]},"properties":{"region":1,"fire_occurred":0,"prediction":0.2431}},{"type":"Feature","geometry":{"type":"Point","coordinates":[106.1,12.7]},"properties":{"region":1,"fire_occurred":0,"prediction":0.2931}},{"type":"Feature","geometry":{"type":"Point","coordinates":[106.1,12.8]},"properties":{"region":1,"fire_occurred":0,"prediction":0.3631}},{"type":"Feature","geometry":{"type":"Point","coordinates":[106.1,12.9]},"properties":{"region":1,"fire_occurred":0,"prediction":0.4067}},{"type":"Feature","geometry":{"type":"Point","coordinates":[106.1,13.0]},"properties":{"region":1,"fire_occurred":0,"prediction":0.368}},{"type":"Feature","geometry":{"type":"Point","coordinates":[106.1,13.1]},"properties":{"region":1,"fire_occurred":0,"prediction":0.2912}},{"type":"Feature","geometry":{"type":"Point","coordinates":[106.1,13.2]},"properties":{"region":1,"fire_occurred":1,"prediction":0.5723}},{"type":"Feature","geometry":{"type":"Point","coordinates":[106.1,13.3]},"properties":{"region":1,"fire_occurred":0,"prediction":0.3851}},{"type":"Feature","geometry":{"type":"Point","coordinates":[106.1,13.4]},"properties":{"region":1,"fire_occurred":0,"prediction":0.2451}},{"type":"Feature","geometry":{"type":"Point","coordinates":[106.1,13.5]},"properties":{"region":1,"fire_occurred":1,"prediction":0.2221}},{"type":"Feature","geometry":{"type":"Point","coordinates":[106.1,13.6]},"properties":{"region":1,"fire_occurred":0,"prediction":0.2466}},{"type":"Feature","geometry":{"type":"Point","coordinates":[106.1,13.7]},"properties":{"region":1,"fire_occurred":0,"prediction":0.3623}},{"type":"Feature","geometry":{"type":"Point","coordinates":[106.1,13.8]},"properties":{"region":1,"fire_occurred":0,"prediction":0.4291}},{"type":"Feature","geometry":{"type":"Point","coordinates":[106.1,13.9]},"properties":{"region":1,"fire_occurred":0,"prediction":0.3091}},{"type":"Feature","geometry":{"type":"Point","coordinates":[106.1,14.0]},"properties":{"region":1,"fire_occurred":0,"prediction":0.1519}},{"type":"Feature","geometry":{"type":"Point","coordinates":[106.1,14.1]},"properties":{"region":1,"fire_occurred":0,"prediction":0.5061}},{"type":"Feature","geometry":{"type":"Point","coordinates":[106.1,14.2]},"properties":{"region":1,"fire_occurred":0,"prediction":0.3581}},{"type":"Feature","geometry":{"type":"Point","coordinates":[106.1,14.3]},"properties":{"region":1,"fire_occurred":0,"prediction":0.108}},{"type":"Feature","geometry":{"type":"Point","coordinates":[106.1,14.7]},"properties":{"region":1,"fire_occurred":0,"prediction":0.174}},{"type":"Feature","geometry":{"type":"Point","coordinates":[106.1,14.8]},"properties":{"region":1,"fire_occurred":0,"prediction":0.1893}},{"type":"Feature","geometry":{"type":"Point","coordinates":[106.1,14.9]},"properties":{"region":1,"fire_occurred":0,"prediction":0.122}},{"type":"Feature","geometry":{"type":"Point","coordinates":[106.1,16.6]},"properties":{"region":1,"fire_occurred":0,"prediction":0.2587}},{"type":"Feature","geometry":{"type":"Point","coordinates":[106.2,11.3]},"properties":{"region":1,"fire_occurred":0,"prediction":0.1052}},{"type":"Feature","geometry":{"type":"Point","coordinates":[106.2,11.9]},"properties":{"region":1,"fire_occurred":0,"prediction":0.1948}},{"type":"Feature","geometry":{"type":"Point","coordinates":[106.2,12.0]},"properties":{"region":1,"fire_occurred":0,"prediction":0.2054}},{"type":"Feature","geometry":{"type":"Point","coordinates":[106.2,12.1]},"properties":{"region":1,"fire_occurred":0,"prediction":0.2889}},{"type":"Feature","geometry":{"type":"Point","coordinates":[106.2,12.2]},"properties":{"region":1,"fire_occurred":0,"prediction":0.3264}},{"type":"Feature","geometry":{"type":"Point","coordinates":[106.2,12.3]},"properties":{"region":1,"fire_occurred":0,"prediction":0.1413}},{"type":"Feature","geometry":{"type":"Point","coordinates":[106.2,12.4]},"properties":{"region":1,"fire_occurred":0,"prediction":0.1502}},{"type":"Feature","geometry":{"type":"Point","coordinates":[106.2,12.5]},"properties":{"region":1,"fire_occurred":0,"prediction":0.2127}},{"type":"Feature","geometry":{"type":"Point","coordinates":[106.2,12.6]},"properties":{"region":1,"fire_occurred":0,"prediction":0.1755}},{"type":"Feature","geometry":{"type":"Point","coordinates":[106.2,12.7]},"properties":{"region":1,"fire_occurred":0,"prediction":0.2552}},{"type":"Feature","geometry":{"type":"Point","coordinates":[106.2,12.8]},"properties":{"region":1,"fire_occurred":0,"prediction":0.3163}},{"type":"Feature","geometry":{"type":"Point","coordinates":[106.2,12.9]},"properties":{"region":1,"fire_occurred":0,"prediction":0.2257}},{"type":"Feature","geometry":{"type":"Point","coordinates":[106.2,13.0]},"properties":{"region":1,"fire_occurred":1,"prediction":0.2239}},{"type":"Feature","geometry":{"type":"Point","coordinates":[106.2,13.1]},"properties":{"region":1,"fire_occurred":0,"prediction":0.4135}},{"type":"Feature","geometry":{"type":"Point","coordinates":[106.2,13.2]},"properties":{"region":1,"fire_occurred":1,"prediction":0.3736}},{"type":"Feature","geometry":{"type":"Point","coordinates":[106.2,13.4]},"properties":{"region":1,"fire_occurred":0,"prediction":0.2314}},{"type":"Feature","geometry":{"type":"Point","coordinates":[106.2,13.5]},"properties":{"region":1,"fire_occurred":1,"prediction":0.3114}},{"type":"Feature","geometry":{"type":"Point","coordinates":[106.2,13.6]},"properties":{"region":1,"fire_occurred":0,"prediction":0.2951}},{"type":"Feature","geometry":{"type":"Point","coordinates":[106.2,13.7]},"properties":{"region":1,"fire_occurred":0,"prediction":0.3913}},{"type":"Feature","geometry":{"type":"Point","coordinates":[106.2,13.8]},"properties":{"region":1,"fire_occurred":0,"prediction":0.4649}},{"type":"Feature","geometry":{"type":"Point","coordinates":[106.2,13.9]},"properties":{"region":1,"fire_occurred":0,"prediction":0.3094}},{"type":"Feature","geometry":{"type":"Point","coordinates":[106.2,14.0]},"properties":{"region":1,"fire_occurred":0,"prediction":0.1755}},{"type":"Feature","geometry":{"type":"Point","coordinates":[106.2,14.1]},"properties":{"region":1,"fire_occurred":0,"prediction":0.3083}},{"type":"Feature","geometry":{"type":"Point","coordinates":[106.2,14.2]},"properties":{"region":1,"fire_occurred":0,"prediction":0.2138}},{"type":"Feature","geometry":{"type":"Point","coordinates":[106.2,14.3]},"properties":{"region":1,"fire_occurred":0,"prediction":0.2436}},{"type":"Feature","geometry":{"type":"Point","coordinates":[106.2,14.6]},"properties":{"region":1,"fire_occurred":0,"prediction":0.259}},{"type":"Feature","geometry":{"type":"Point","coordinates":[106.2,14.7]},"properties":{"region":1,"fire_occurred":0,"prediction":0.1241}},{"type":"Feature","geometry":{"type":"Point","coordinates":[106.2,15.0]},"properties":{"region":1,"fire_occurred":0,"prediction":0.103}},{"type":"Feature","geometry":{"type":"Point","coordinates":[106.2,15.2]},"properties":{"region":1,"fire_occurred":0,"prediction":0.126}},{"type":"Feature","geometry":{"type":"Point","coordinates":[106.3,11.1]},"properties":{"region":1,"fire_occurred":0,"prediction":0.1009}},{"type":"Feature","geometry":{"type":"Point","coordinates":[106.3,11.6]},"properties":{"region":1,"fire_occurred":0,"prediction":0.1118}},{"type":"Feature","geometry":{"type":"Point","coordinates":[106.3,11.7]},"properties":{"region":1,"fire_occurred":0,"prediction":0.1776}},{"type":"Feature","geometry":{"type":"Point","coordinates":[106.3,11.8]},"properties":{"region":1,"fire_occurred":0,"prediction":0.2715}},{"type":"Feature","geometry":{"type":"Point","coordinates":[106.3,11.9]},"properties":{"region":1,"fire_occurred":0,"prediction":0.2102}},{"type":"Feature","geometry":{"type":"Point","coordinates":[106.3,12.1]},"properties":{"region":1,"fire_occurred":0,"prediction":0.2495}},{"type":"Feature","geometry":{"type":"Point","coordinates":[106.3,12.2]},"properties":{"region":1,"fire_occurred":0,"prediction":0.3993}},{"type":"Feature","geometry":{"type":"Point","coordinates":[106.3,12.3]},"properties":{"region":1,"fire_occurred":0,"prediction":0.2304}},{"type":"Feature","geometry":{"type":"Point","coordinates":[106.3,12.4]},"properties":{"region":1,"fire_occurred":0,"prediction":0.2222}},{"type":"Feature","geometry":{"type":"Point","coordinates":[106.3,12.5]},"properties":{"region":1,"fire_occurred":0,"prediction":0.2188}},{"type":"Feature","geometry":{"type":"Point","coordinates":[106.3,12.6]},"properties":{"region":1,"fire_occurred":0,"prediction":0.2183}},{"type":"Feature","geometry":{"type":"Point","coordinates":[106.3,12.7]},"properties":{"region":1,"fire_occurred":0,"prediction":0.266}},{"type":"Feature","geometry":{"type":"Point","coordinates":[106.3,12.8]},"properties":{"region":1,"fire_occurred":0,"prediction":0.2741}},{"type":"Feature","geometry":{"type":"Point","coordinates":[106.3,12.9]},"properties":{"region":1,"fire_occurred":0,"prediction":0.1552}},{"type":"Feature","geometry":{"type":"Point","coordinates":[106.3,13.0]},"properties":{"region":1,"fire_occurred":0,"prediction":0.1879}},{"type":"Feature","geometry":{"type":"Point","coordinates":[106.3,13.1]},"properties":{"region":1,"fire_occurred":0,"prediction":0.1301}},{"type":"Feature","geometry":{"type":"Point","coordinates":[106.3,13.2]},"properties":{"region":1,"fire_occurred":0,"prediction":0.5142}},{"type":"Feature","geometry":{"type":"Point","coordinates":[106.3,13.3]},"properties":{"region":1,"fire_occurred":0,"prediction":0.747}},{"type":"Feature","geometry":{"type":"Point","coordinates":[106.3,13.4]},"properties":{"region":1,"fire_occurred":0,"prediction":0.2965}},{"type":"Feature","geometry":{"type":"Point","coordinates":[106.3,13.5]},"properties":{"region":1,"fire_occurred":0,"prediction":0.4471}},{"type":"Feature","geometry":{"type":"Point","coordinates":[106.3,13.6]},"properties":{"region":1,"fire_occurred":0,"prediction":0.3066}},{"type":"Feature","geometry":{"type":"Point","coordinates":[106.3,13.7]},"properties":{"region":1,"fire_occurred":1,"prediction":0.5062}},{"type":"Feature","geometry":{"type":"Point","coordinates":[106.3,13.9]},"properties":{"region":1,"fire_occurred":0,"prediction":0.1613}},{"type":"Feature","geometry":{"type":"Point","coordinates":[106.3,14.1]},"properties":{"region":1,"fire_occurred":0,"prediction":0.1121}},{"type":"Feature","geometry":{"type":"Point","coordinates":[106.3,14.2]},"properties":{"region":1,"fire_occurred":0,"prediction":0.1168}},{"type":"Feature","geometry":{"type":"Point","coordinates":[106.3,14.3]},"properties":{"region":1,"fire_occurred":0,"prediction":0.1891}},{"type":"Feature","geometry":{"type":"Point","coordinates":[106.3,14.4]},"properties":{"region":1,"fire_occurred":1,"prediction":0.2094}},{"type":"Feature","geometry":{"type":"Point","coordinates":[106.3,14.5]},"properties":{"region":1,"fire_occurred":1,"prediction":0.2173}},{"type":"Feature","geometry":{"type":"Point","coordinates":[106.3,14.6]},"properties":{"region":1,"fire_occurred":0,"prediction":0.1714}},{"type":"Feature","geometry":{"type":"Point","coordinates":[106.3,14.7]},"properties":{"region":1,"fire_occurred":0,"prediction":0.1458}},{"type":"Feature","geometry":{"type":"Point","coordinates":[106.3,14.8]},"properties":{"region":1,"fire_occurred":0,"prediction":0.2037}},{"type":"Feature","geometry":{"type":"Point","coordinates":[106.3,15.0]},"properties":{"region":1,"fire_occurred":0,"prediction":0.1375}},{"type":"Feature","geometry":{"type":"Point","coordinates":[106.3,15.1]},"properties":{"region":1,"fire_occurred":0,"prediction":0.1861}},{"type":"Feature","geometry":{"type":"Point","coordinates":[106.3,15.2]},"properties":{"region":1,"fire_occurred":1,"prediction":0.1842}},{"type":"Feature","geometry":{"type":"Point","coordinates":[106.4,9.5]},"properties":{"region":1,"fire_occurred":0,"prediction":0.1015}},{"type":"Feature","geometry":{"type":"Point","coordinates":[106.4,11.3]},"properties":{"region":1,"fire_occurred":0,"prediction":0.2215}},{"type":"Feature","geometry":{"type":"Point","coordinates":[106.4,11.4]},"properties":{"region":1,"fire_occurred":0,"prediction":0.1113}},{"type":"Feature","geometry":{"type":"Point","coordinates":[106.4,11.6]},"properties":{"region":1,"fire_occurred":0,"prediction":0.1037}},{"type":"Feature","geometry":{"type":"Point","coordinates":[106.4,11.7]},"properties":{"region":1,"fire_occurred":0,"prediction":0.3215}},{"type":"Feature","geometry":{"type":"Point","coordinates":[106.4,11.8]},"properties":{"region":1,"fire_occurred":0,"prediction":0.3061}},{"type":"Feature","geometry":{"type":"Point","coordinates":[106.4,11.9]},"properties":{"region":1,"fire_occurred":0,"prediction":0.2922}},{"type":"Feature","geometry":{"type":"Point","coordinates":[106.4,12.0]},"properties":{"region":1,"fire_occurred":0,"prediction":0.1791}},{"type":"Feature","geometry":{"type":"Point","coordinates":[106.4,12.1]},"properties":{"region":1,"fire_occurred":0,"prediction":0.2249}},{"type":"Feature","geometry":{"type":"Point","coordinates":[106.4,12.2]},"properties":{"region":1,"fire_occurred":0,"prediction":0.2636}},{"type":"Feature","geometry":{"type":"Point","coordinates":[106.4,12.3]},"properties":{"region":1,"fire_occurred":0,"prediction":0.1491}},{"type":"Feature","geometry":{"type":"Point","coordinates":[106.4,12.4]},"properties":{"region":1,"fire_occurred":1,"prediction":0.244}},{"type":"Feature","geometry":{"type":"Point","coordinates":[106.4,12.5]},"properties":{"region":1,"fire_occurred":1,"prediction":0.2768}},{"type":"Feature","geometry":{"type":"Point","coordinates":[106.4,12.6]},"properties":{"region":1,"fire_occurred":0,"prediction":0.1325}},{"type":"Feature","geometry":{"type":"Point","coordinates":[106.4,12.7]},"properties":{"region":1,"fire_occurred":0,"prediction":0.2122}},{"type":"Feature","geometry":{"type":"Point","coordinates":[106.4,12.8]},"properties":{"region":1,"fire_occurred":0,"prediction":0.2192}},{"type":"Feature","geometry":{"type":"Point","coordinates":[106.4,12.9]},"properties":{"region":1,"fire_occurred":0,"prediction":0.1946}},{"type":"Feature","geometry":{"type":"Point","coordinates":[106.4,13.0]},"properties":{"region":1,"fire_occurred":0,"prediction":0.1746}},{"type":"Feature","geometry":{"type":"Point","coordinates":[106.4,13.1]},"properties":{"region":1,"fire_occurred":0,"prediction":0.246}},{"type":"Feature","geometry":{"type":"Point","coordinates":[106.4,13.2]},"properties":{"region":1,"fire_occurred":0,"prediction":0.6636}},{"type":"Feature","geometry":{"type":"Point","coordinates":[106.4,13.3]},"properties":{"region":1,"fire_occurred":0,"prediction":0.5421}},{"type":"Feature","geometry":{"type":"Point","coordinates":[106.4,13.5]},"properties":{"region":1,"fire_occurred":0,"prediction":0.318}},{"type":"Feature","geometry":{"type":"Point","coordinates":[106.4,13.6]},"properties":{"region":1,"fire_occurred":1,"prediction":0.163}},{"type":"Feature","geometry":{"type":"Point","coordinates":[106.4,13.7]},"properties":{"region":1,"fire_occurred":1,"prediction":0.4012}},{"type":"Feature","geometry":{"type":"Point","coordinates":[106.4,14.0]},"properties":{"region":1,"fire_occurred":0,"prediction":0.1723}},{"type":"Feature","geometry":{"type":"Point","coordinates":[106.4,14.1]},"properties":{"region":1,"fire_occurred":0,"prediction":0.2869}},{"type":"Feature","geometry":{"type":"Point","coordinates":[106.4,14.5]},"properties":{"region":1,"fire_occurred":0,"prediction":0.4611}},{"type":"Feature","geometry":{"type":"Point","coordinates":[106.4,14.6]},"properties":{"region":1,"fire_occurred":0,"prediction":0.1903}},{"type":"Feature","geometry":{"type":"Point","coordinates":[106.4,14.7]},"properties":{"region":1,"fire_occurred":0,"prediction":0.1304}},{"type":"Feature","geometry":{"type":"Point","coordinates":[106.4,14.8]},"properties":{"region":1,"fire_occurred":1,"prediction":0.4}},{"type":"Feature","geometry":{"type":"Point","coordinates":[106.4,14.9]},"properties":{"region":1,"fire_occurred":1,"prediction":0.3686}},{"type":"Feature","geometry":{"type":"Point","coordinates":[106.4,15.0]},"properties":{"region":1,"fire_occurred":0,"prediction":0.3011}},{"type":"Feature","geometry":{"type":"Point","coordinates":[106.4,15.2]},"properties":{"region":1,"fire_occurred":0,"prediction":0.1911}},{"type":"Feature","geometry":{"type":"Point","coordinates":[106.5,10.3]},"properties":{"region":1,"fire_occurred":0,"prediction":0.1116}},{"type":"Feature","geometry":{"type":"Point","coordinates":[106.5,11.3]},"properties":{"region":1,"fire_occurred":0,"prediction":0.1139}},{"type":"Feature","geometry":{"type":"Point","coordinates":[106.5,11.6]},"properties":{"region":1,"fire_occurred":0,"prediction":0.1627}},{"type":"Feature","geometry":{"type":"Point","coordinates":[106.5,11.9]},"properties":{"region":1,"fire_occurred":0,"prediction":0.215}},{"type":"Feature","geometry":{"type":"Point","coordinates":[106.5,12.0]},"properties":{"region":1,"fire_occurred":0,"prediction":0.3128}},{"type":"Feature","geometry":{"type":"Point","coordinates":[106.5,12.1]},"properties":{"region":1,"fire_occurred":0,"prediction":0.4261}},{"type":"Feature","geometry":{"type":"Point","coordinates":[106.5,12.2]},"properties":{"region":1,"fire_occurred":0,"prediction":0.1939}},{"type":"Feature","geometry":{"type":"Point","coordinates":[106.5,12.3]},"properties":{"region":1,"fire_occurred":0,"prediction":0.2313}},{"type":"Feature","geometry":{"type":"Point","coordinates":[106.5,12.4]},"properties":{"region":1,"fire_occurred":0,"prediction":0.1557}},{"type":"Feature","geometry":{"type":"Point","coordinates":[106.5,12.5]},"properties":{"region":1,"fire_occurred":0,"prediction":0.2503}},{"type":"Feature","geometry":{"type":"Point","coordinates":[106.5,12.6]},"properties":{"region":1,"fire_occurred":0,"prediction":0.1354}},{"type":"Feature","geometry":{"type":"Point","coordinates":[106.5,12.7]},"properties":{"region":1,"fire_occurred":0,"prediction":0.1511}},{"type":"Feature","geometry":{"type":"Point","coordinates":[106.5,12.8]},"properties":{"region":1,"fire_occurred":0,"prediction":0.2191}},{"type":"Feature","geometry":{"type":"Point","coordinates":[106.5,12.9]},"properties":{"region":1,"fire_occurred":0,"prediction":0.2065}},{"type":"Feature","geometry":{"type":"Point","coordinates":[106.5,13.0]},"properties":{"region":1,"fire_occurred":0,"prediction":0.1704}},{"type":"Feature","geometry":{"type":"Point","coordinates":[106.5,13.1]},"properties":{"region":1,"fire_occurred":0,"prediction":0.2732}},{"type":"Feature","geometry":{"type":"Point","coordinates":[106.5,13.2]},"properties":{"region":1,"fire_occurred":0,"prediction":0.3906}},{"type":"Feature","geometry":{"type":"Point","coordinates":[106.5,13.3]},"properties":{"region":1,"fire_occurred":0,"prediction":0.3512}},{"type":"Feature","geometry":{"type":"Point","coordinates":[106.5,13.4]},"properties":{"region":1,"fire_occurred":0,"prediction":0.2667}},{"type":"Feature","geometry":{"type":"Point","coordinates":[106.5,13.5]},"properties":{"region":1,"fire_occurred":1,"prediction":0.3286}},{"type":"Feature","geometry":{"type":"Point","coordinates":[106.5,13.6]},"properties":{"region":1,"fire_occurred":0,"prediction":0.2924}},{"type":"Feature","geometry":{"type":"Point","coordinates":[106.5,13.7]},"properties":{"region":1,"fire_occurred":0,"prediction":0.2467}},{"type":"Feature","geometry":{"type":"Point","coordinates":[106.5,13.8]},"properties":{"region":1,"fire_occurred":1,"prediction":0.0323}},{"type":"Feature","geometry":{"type":"Point","coordinates":[106.5,13.9]},"properties":{"region":1,"fire_occurred":0,"prediction":0.145}},{"type":"Feature","geometry":{"type":"Point","coordinates":[106.5,14.0]},"properties":{"region":1,"fire_occurred":0,"prediction":0.3982}},{"type":"Feature","geometry":{"type":"Point","coordinates":[106.5,14.1]},"properties":{"region":1,"fire_occurred":0,"prediction":0.1437}},{"type":"Feature","geometry":{"type":"Point","coordinates":[106.5,14.5]},"properties":{"region":1,"fire_occurred":1,"prediction":0.2757}},{"type":"Feature","geometry":{"type":"Point","coordinates":[106.5,14.6]},"properties":{"region":1,"fire_occurred":0,"prediction":0.1879}},{"type":"Feature","geometry":{"type":"Point","coordinates":[106.5,14.7]},"properties":{"region":1,"fire_occurred":0,"prediction":0.2163}},{"type":"Feature","geometry":{"type":"Point","coordinates":[106.5,14.9]},"properties":{"region":1,"fire_occurred":0,"prediction":0.2219}},{"type":"Feature","geometry":{"type":"Point","coordinates":[106.5,15.0]},"properties":{"region":1,"fire_occurred":0,"prediction":0.2696}},{"type":"Feature","geometry":{"type":"Point","coordinates":[106.5,15.6]},"properties":{"region":1,"fire_occurred":0,"prediction":0.1905}},{"type":"Feature","geometry":{"type":"Point","coordinates":[106.6,11.6]},"properties":{"region":1,"fire_occurred":0,"prediction":0.1107}},{"type":"Feature","geometry":{"type":"Point","coordinates":[106.6,12.0]},"properties":{"region":1,"fire_occurred":0,"prediction":0.5532}},{"type":"Feature","geometry":{"type":"Point","coordinates":[106.6,12.1]},"properties":{"region":1,"fire_occurred":0,"prediction":0.166}},{"type":"Feature","geometry":{"type":"Point","coordinates":[106.6,12.2]},"properties":{"region":1,"fire_occurred":0,"prediction":0.2837}},{"type":"Feature","geometry":{"type":"Point","coordinates":[106.6,12.3]},"properties":{"region":1,"fire_occurred":0,"prediction":0.3768}},{"type":"Feature","geometry":{"type":"Point","coordinates":[106.6,12.4]},"properties":{"region":1,"fire_occurred":0,"prediction":0.2647}},{"type":"Feature","geometry":{"type":"Point","coordinates":[106.6,12.5]},"properties":{"region":1,"fire_occurred":0,"prediction":0.1715}},{"type":"Feature","geometry":{"type":"Point","coordinates":[106.6,12.6]},"properties":{"region":1,"fire_occurred":0,"prediction":0.1207}},{"type":"Feature","geometry":{"type":"Point","coordinates":[106.6,12.7]},"properties":{"region":1,"fire_occurred":0,"prediction":0.3165}},{"type":"Feature","geometry":{"type":"Point","coordinates":[106.6,12.8]},"properties":{"region":1,"fire_occurred":0,"prediction":0.131}},{"type":"Feature","geometry":{"type":"Point","coordinates":[106.6,12.9]},"properties":{"region":1,"fire_occurred":0,"prediction":0.1259}},{"type":"Feature","geometry":{"type":"Point","coordinates":[106.6,13.0]},"properties":{"region":1,"fire_occurred":0,"prediction":0.2571}},{"type":"Feature","geometry":{"type":"Point","coordinates":[106.6,13.1]},"properties":{"region":1,"fire_occurred":0,"prediction":0.3875}},{"type":"Feature","geometry":{"type":"Point","coordinates":[106.6,13.2]},"properties":{"region":1,"fire_occurred":0,"prediction":0.3488}},{"type":"Feature","geometry":{"type":"Point","coordinates":[106.6,13.3]},"properties":{"region":1,"fire_occurred":1,"prediction":0.4323}},{"type":"Feature","geometry":{"type":"Point","coordinates":[106.6,13.4]},"properties":{"region":1,"fire_occurred":0,"prediction":0.4153}},{"type":"Feature","geometry":{"type":"Point","coordinates":[106.6,13.5]},"properties":{"region":1,"fire_occurred":0,"prediction":0.3218}},{"type":"Feature","geometry":{"type":"Point","coordinates":[106.6,13.6]},"properties":{"region":1,"fire_occurred":0,"prediction":0.6526}},{"type":"Feature","geometry":{"type":"Point","coordinates":[106.6,13.7]},"properties":{"region":1,"fire_occurred":1,"prediction":0.2805}},{"type":"Feature","geometry":{"type":"Point","coordinates":[106.6,13.8]},"properties":{"region":1,"fire_occurred":1,"prediction":0.1987}},{"type":"Feature","geometry":{"type":"Point","coordinates":[106.6,13.9]},"properties":{"region":1,"fire_occurred":1,"prediction":0.2483}},{"type":"Feature","geometry":{"type":"Point","coordinates":[106.6,14.0]},"properties":{"region":1,"fire_occurred":0,"prediction":0.3157}},{"type":"Feature","geometry":{"type":"Point","coordinates":[106.6,14.5]},"properties":{"region":1,"fire_occurred":0,"prediction":0.1147}},{"type":"Feature","geometry":{"type":"Point","coordinates":[106.6,14.6]},"properties":{"region":1,"fire_occurred":0,"prediction":0.2798}},{"type":"Feature","geometry":{"type":"Point","coordinates":[106.6,14.7]},"properties":{"region":1,"fire_occurred":0,"prediction":0.1705}},{"type":"Feature","geometry":{"type":"Point","coordinates":[106.6,14.9]},"properties":{"region":1,"fire_occurred":0,"prediction":0.2002}},{"type":"Feature","geometry":{"type":"Point","coordinates":[106.6,15.0]},"properties":{"region":1,"fire_occurred":0,"prediction":0.1033}},{"type":"Feature","geometry":{"type":"Point","coordinates":[106.6,15.5]},"properties":{"region":1,"fire_occurred":0,"prediction":0.2428}},{"type":"Feature","geometry":{"type":"Point","coordinates":[106.6,15.6]},"properties":{"region":1,"fire_occurred":0,"prediction":0.257}},{"type":"Feature","geometry":{"type":"Point","coordinates":[106.7,12.0]},"properties":{"region":1,"fire_occurred":0,"prediction":0.2346}},{"type":"Feature","geometry":{"type":"Point","coordinates":[106.7,12.2]},"properties":{"region":1,"fire_occurred":0,"prediction":0.2617}},{"type":"Feature","geometry":{"type":"Point","coordinates":[106.7,12.3]},"properties":{"region":1,"fire_occurred":1,"prediction":0.3636}},{"type":"Feature","geometry":{"type":"Point","coordinates":[106.7,12.4]},"properties":{"region":1,"fire_occurred":0,"prediction":0.2417}},{"type":"Feature","geometry":{"type":"Point","coordinates":[106.7,12.5]},"properties":{"region":1,"fire_occurred":0,"prediction":0.1159}},{"type":"Feature","geometry":{"type":"Point","coordinates":[106.7,12.6]},"properties":{"region":1,"fire_occurred":0,"prediction":0.2569}},{"type":"Feature","geometry":{"type":"Point","coordinates":[106.7,12.7]},"properties":{"region":1,"fire_occurred":0,"prediction":0.2725}},{"type":"Feature","geometry":{"type":"Point","coordinates":[106.7,12.8]},"properties":{"region":1,"fire_occurred":0,"prediction":0.2205}},{"type":"Feature","geometry":{"type":"Point","coordinates":[106.7,12.9]},"properties":{"region":1,"fire_occurred":0,"prediction":0.2007}},{"type":"Feature","geometry":{"type":"Point","coordinates":[106.7,13.0]},"properties":{"region":1,"fire_occurred":0,"prediction":0.131}},{"type":"Feature","geometry":{"type":"Point","coordinates":[106.7,13.1]},"properties":{"region":1,"fire_occurred":0,"prediction":0.2271}},{"type":"Feature","geometry":{"type":"Point","coordinates":[106.7,13.2]},"properties":{"region":1,"fire_occurred":0,"prediction":0.3747}},{"type":"Feature","geometry":{"type":"Point","coordinates":[106.7,13.3]},"properties":{"region":1,"fire_occurred":0,"prediction":0.2133}},{"type":"Feature","geometry":{"type":"Point","coordinates":[106.7,13.4]},"properties":{"region":1,"fire_occurred":0,"prediction":0.275}},{"type":"Feature","geometry":{"type":"Point","coordinates":[106.7,13.5]},"properties":{"region":1,"fire_occurred":0,"prediction":0.4456}},{"type":"Feature","geometry":{"type":"Point","coordinates":[106.7,13.6]},"properties":{"region":1,"fire_occurred":0,"prediction":0.5601}},{"type":"Feature","geometry":{"type":"Point","coordinates":[106.7,13.7]},"properties":{"region":1,"fire_occurred":1,"prediction":0.469}},{"type":"Feature","geometry":{"type":"Point","coordinates":[106.7,13.8]},"properties":{"region":1,"fire_occurred":0,"prediction":0.2545}},{"type":"Feature","geometry":{"type":"Point","coordinates":[106.7,13.9]},"properties":{"region":1,"fire_occurred":1,"prediction":0.3336}},{"type":"Feature","geometry":{"type":"Point","coordinates":[106.7,14.6]},"properties":{"region":1,"fire_occurred":0,"prediction":0.1561}},{"type":"Feature","geometry":{"type":"Point","coordinates":[106.7,15.5]},"properties":{"region":1,"fire_occurred":0,"prediction":0.2516}},{"type":"Feature","geometry":{"type":"Point","coordinates":[106.8,11.6]},"properties":{"region":1,"fire_occurred":0,"prediction":0.1353}},{"type":"Feature","geometry":{"type":"Point","coordinates":[106.8,11.8]},"properties":{"region":1,"fire_occurred":0,"prediction":0.194}},{"type":"Feature","geometry":{"type":"Point","coordinates":[106.8,12.1]},"properties":{"region":1,"fire_occurred":0,"prediction":0.1899}},{"type":"Feature","geometry":{"type":"Point","coordinates":[106.8,12.2]},"properties":{"region":1,"fire_occurred":1,"prediction":0.0433}},{"type":"Feature","geometry":{"type":"Point","coordinates":[106.8,12.3]},"properties":{"region":1,"fire_occurred":0,"prediction":0.1488}},{"type":"Feature","geometry":{"type":"Point","coordinates":[106.8,12.4]},"properties":{"region":1,"fire_occurred":0,"prediction":0.2098}},{"type":"Feature","geometry":{"type":"Point","coordinates":[106.8,12.5]},"properties":{"region":1,"fire_occurred":0,"prediction":0.1695}},{"type":"Feature","geometry":{"type":"Point","coordinates":[106.8,12.6]},"properties":{"region":1,"fire_occurred":0,"prediction":0.1259}},{"type":"Feature","geometry":{"type":"Point","coordinates":[106.8,12.7]},"properties":{"region":1,"fire_occurred":1,"prediction":0.174}},{"type":"Feature","geometry":{"type":"Point","coordinates":[106.8,12.8]},"properties":{"region":1,"fire_occurred":0,"prediction":0.4003}},{"type":"Feature","geometry":{"type":"Point","coordinates":[106.8,12.9]},"properties":{"region":1,"fire_occurred":0,"prediction":0.2204}},{"type":"Feature","geometry":{"type":"Point","coordinates":[106.8,13.0]},"properties":{"region":1,"fire_occurred":0,"prediction":0.2616}},{"type":"Feature","geometry":{"type":"Point","coordinates":[106.8,13.1]},"properties":{"region":1,"fire_occurred":0,"prediction":0.3835}},{"type":"Feature","geometry":{"type":"Point","coordinates":[106.8,13.2]},"properties":{"region":1,"fire_occurred":0,"prediction":0.3313}},{"type":"Feature","geometry":{"type":"Point","coordinates":[106.8,13.3]},"properties":{"region":1,"fire_occurred":0,"prediction":0.3147}},{"type":"Feature","geometry":{"type":"Point","coordinates":[106.8,13.4]},"properties":{"region":1,"fire_occurred":0,"prediction":0.2387}},{"type":"Feature","geometry":{"type":"Point","coordinates":[106.8,13.5]},"properties":{"region":1,"fire_occurred":0,"prediction":0.4089}},{"type":"Feature","geometry":{"type":"Point","coordinates":[106.8,13.6]},"properties":{"region":1,"fire_occurred":0,"prediction":0.4071}},{"type":"Feature","geometry":{"type":"Point","coordinates":[106.8,13.7]},"properties":{"region":1,"fire_occurred":0,"prediction":0.5815}},{"type":"Feature","geometry":{"type":"Point","coordinates":[106.8,13.8]},"properties":{"region":1,"fire_occurred":0,"prediction":0.2066}},{"type":"Feature","geometry":{"type":"Point","coordinates":[106.8,13.9]},"properties":{"region":1,"fire_occurred":0,"prediction":0.3694}},{"type":"Feature","geometry":{"type":"Point","coordinates":[106.8,14.5]},"properties":{"region":1,"fire_occurred":0,"prediction":0.1669}},{"type":"Feature","geometry":{"type":"Point","coordinates":[106.8,14.7]},"properties":{"region":1,"fire_occurred":0,"prediction":0.1513}},{"type":"Feature","geometry":{"type":"Point","coordinates":[106.8,14.8]},"properties":{"region":1,"fire_occurred":0,"prediction":0.2212}},{"type":"Feature","geometry":{"type":"Point","coordinates":[106.8,15.1]},"properties":{"region":1,"fire_occurred":0,"prediction":0.187}},{"type":"Feature","geometry":{"type":"Point","coordinates":[106.8,15.3]},"properties":{"region":1,"fire_occurred":0,"prediction":0.1776}},{"type":"Feature","geometry":{"type":"Point","coordinates":[106.9,11.5]},"properties":{"region":1,"fire_occurred":0,"prediction":0.1446}},{"type":"Feature","geometry":{"type":"Point","coordinates":[106.9,11.6]},"properties":{"region":1,"fire_occurred":0,"prediction":0.155}},{"type":"Feature","geometry":{"type":"Point","coordinates":[106.9,12.2]},"properties":{"region":1,"fire_occurred":0,"prediction":0.4598}},{"type":"Feature","geometry":{"type":"Point","coordinates":[106.9,12.4]},"properties":{"region":1,"fire_occurred":0,"prediction":0.1778}},{"type":"Feature","geometry":{"type":"Point","coordinates":[106.9,12.6]},"properties":{"region":1,"fire_occurred":0,"prediction":0.3033}},{"type":"Feature","geometry":{"type":"Point","coordinates":[106.9,12.7]},"properties":{"region":1,"fire_occurred":1,"prediction":0.323}},{"type":"Feature","geometry":{"type":"Point","coordinates":[106.9,12.8]},"properties":{"region":1,"fire_occurred":0,"prediction":0.2768}},{"type":"Feature","geometry":{"type":"Point","coordinates":[106.9,12.9]},"properties":{"region":1,"fire_occurred":1,"prediction":0.1946}},{"type":"Feature","geometry":{"type":"Point","coordinates":[106.9,13.0]},"properties":{"region":1,"fire_occurred":0,"prediction":0.2106}},{"type":"Feature","geometry":{"type":"Point","coordinates":[106.9,13.1]},"properties":{"region":1,"fire_occurred":0,"prediction":0.3079}},{"type":"Feature","geometry":{"type":"Point","coordinates":[106.9,13.2]},"properties":{"region":1,"fire_occurred":0,"prediction":0.3093}},{"type":"Feature","geometry":{"type":"Point","coordinates":[106.9,13.3]},"properties":{"region":1,"fire_occurred":0,"prediction":0.5392}},{"type":"Feature","geometry":{"type":"Point","coordinates":[106.9,13.4]},"properties":{"region":1,"fire_occurred":0,"prediction":0.2489}},{"type":"Feature","geometry":{"type":"Point","coordinates":[106.9,13.5]},"properties":{"region":1,"fire_occurred":0,"prediction":0.2901}},{"type":"Feature","geometry":{"type":"Point","coordinates":[106.9,13.6]},"properties":{"region":1,"fire_occurred":0,"prediction":0.1877}},{"type":"Feature","geometry":{"type":"Point","coordinates":[106.9,13.7]},"properties":{"region":1,"fire_occurred":0,"prediction":0.2532}},{"type":"Feature","geometry":{"type":"Point","coordinates":[106.9,14.7]},"properties":{"region":1,"fire_occurred":0,"prediction":0.2286}},{"type":"Feature","geometry":{"type":"Point","coordinates":[106.9,15.0]},"properties":{"region":1,"fire_occurred":0,"prediction":0.1143}},{"type":"Feature","geometry":{"type":"Point","coordinates":[106.9,15.4]},"properties":{"region":1,"fire_occurred":0,"prediction":0.1185}},{"type":"Feature","geometry":{"type":"Point","coordinates":[107.0,11.7]},"properties":{"region":1,"fire_occurred":0,"prediction":0.1037}},{"type":"Feature","geometry":{"type":"Point","coordinates":[107.0,11.8]},"properties":{"region":1,"fire_occurred":0,"prediction":0.1192}},{"type":"Feature","geometry":{"type":"Point","coordinates":[107.0,12.3]},"properties":{"region":1,"fire_occurred":0,"prediction":0.444}},{"type":"Feature","geometry":{"type":"Point","coordinates":[107.0,12.6]},"properties":{"region":1,"fire_occurred":0,"prediction":0.3016}},{"type":"Feature","geometry":{"type":"Point","coordinates":[107.0,12.7]},"properties":{"region":1,"fire_occurred":0,"prediction":0.4242}},{"type":"Feature","geometry":{"type":"Point","coordinates":[107.0,12.8]},"properties":{"region":1,"fire_occurred":0,"prediction":0.1675}},{"type":"Feature","geometry":{"type":"Point","coordinates":[107.0,12.9]},"properties":{"region":1,"fire_occurred":0,"prediction":0.2004}},{"type":"Feature","geometry":{"type":"Point","coordinates":[107.0,13.0]},"properties":{"region":1,"fire_occurred":0,"prediction":0.1584}},{"type":"Feature","geometry":{"type":"Point","coordinates":[107.0,13.1]},"properties":{"region":1,"fire_occurred":0,"prediction":0.1802}},{"type":"Feature","geometry":{"type":"Point","coordinates":[107.0,13.2]},"properties":{"region":1,"fire_occurred":0,"prediction":0.2728}},{"type":"Feature","geometry":{"type":"Point","coordinates":[107.0,13.3]},"properties":{"region":1,"fire_occurred":0,"prediction":0.3219}},{"type":"Feature","geometry":{"type":"Point","coordinates":[107.0,13.4]},"properties":{"region":1,"fire_occurred":0,"prediction":0.2949}},{"type":"Feature","geometry":{"type":"Point","coordinates":[107.0,13.5]},"properties":{"region":1,"fire_occurred":0,"prediction":0.2509}},{"type":"Feature","geometry":{"type":"Point","coordinates":[107.0,14.7]},"properties":{"region":1,"fire_occurred":0,"prediction":0.1857}},{"type":"Feature","geometry":{"type":"Point","coordinates":[107.0,14.9]},"properties":{"region":1,"fire_occurred":0,"prediction":0.174}},{"type":"Feature","geometry":{"type":"Point","coordinates":[107.1,11.7]},"properties":{"region":1,"fire_occurred":0,"prediction":0.1887}},{"type":"Feature","geometry":{"type":"Point","coordinates":[107.1,12.3]},"properties":{"region":1,"fire_occurred":0,"prediction":0.1645}},{"type":"Feature","geometry":{"type":"Point","coordinates":[107.1,12.4]},"properties":{"region":1,"fire_occurred":0,"prediction":0.2098}},{"type":"Feature","geometry":{"type":"Point","coordinates":[107.1,12.5]},"properties":{"region":1,"fire_occurred":0,"prediction":0.2769}},{"type":"Feature","geometry":{"type":"Point","coordinates":[107.1,12.6]},"properties":{"region":1,"fire_occurred":0,"prediction":0.1916}},{"type":"Feature","geometry":{"type":"Point","coordinates":[107.1,12.7]},"properties":{"region":1,"fire_occurred":0,"prediction":0.3243}},{"type":"Feature","geometry":{"type":"Point","coordinates":[107.1,12.8]},"properties":{"region":1,"fire_occurred":1,"prediction":0.4266}},{"type":"Feature","geometry":{"type":"Point","coordinates":[107.1,12.9]},"properties":{"region":1,"fire_occurred":1,"prediction":0.2245}},{"type":"Feature","geometry":{"type":"Point","coordinates":[107.1,13.0]},"properties":{"region":1,"fire_occurred":0,"prediction":0.1805}},{"type":"Feature","geometry":{"type":"Point","coordinates":[107.1,13.1]},"properties":{"region":1,"fire_occurred":0,"prediction":0.1623}},{"type":"Feature","geometry":{"type":"Point","coordinates":[107.1,13.2]},"properties":{"region":1,"fire_occurred":0,"prediction":0.3279}},{"type":"Feature","geometry":{"type":"Point","coordinates":[107.1,13.3]},"properties":{"region":1,"fire_occurred":0,"prediction":0.3757}},{"type":"Feature","geometry":{"type":"Point","coordinates":[107.1,13.4]},"properties":{"region":1,"fire_occurred":0,"prediction":0.4413}},{"type":"Feature","geometry":{"type":"Point","coordinates":[107.1,13.5]},"properties":{"region":1,"fire_occurred":0,"prediction":0.3979}},{"type":"Feature","geometry":{"type":"Point","coordinates":[107.1,13.9]},"properties":{"region":1,"fire_occurred":0,"prediction":0.1387}},{"type":"Feature","geometry":{"type":"Point","coordinates":[107.1,14.0]},"properties":{"region":1,"fire_occurred":0,"prediction":0.1705}},{"type":"Feature","geometry":{"type":"Point","coordinates":[107.1,14.7]},"properties":{"region":1,"fire_occurred":1,"prediction":0.4116}},{"type":"Feature","geometry":{"type":"Point","coordinates":[107.1,14.8]},"properties":{"region":1,"fire_occurred":0,"prediction":0.389}},{"type":"Feature","geometry":{"type":"Point","coordinates":[107.2,12.3]},"properties":{"region":1,"fire_occurred":0,"prediction":0.2052}},{"type":"Feature","geometry":{"type":"Point","coordinates":[107.2,12.4]},"properties":{"region":1,"fire_occurred":0,"prediction":0.2856}},{"type":"Feature","geometry":{"type":"Point","coordinates":[107.2,12.5]},"properties":{"region":1,"fire_occurred":0,"prediction":0.3013}},{"type":"Feature","geometry":{"type":"Point","coordinates":[107.2,12.6]},"properties":{"region":1,"fire_occurred":0,"prediction":0.2868}},{"type":"Feature","geometry":{"type":"Point","coordinates":[107.2,12.8]},"properties":{"region":1,"fire_occurred":0,"prediction":0.1668}},{"type":"Feature","geometry":{"type":"Point","coordinates":[107.2,12.9]},"properties":{"region":1,"fire_occurred":0,"prediction":0.1324}},{"type":"Feature","geometry":{"type":"Point","coordinates":[107.2,13.1]},"properties":{"region":1,"fire_occurred":0,"prediction":0.2065}},{"type":"Feature","geometry":{"type":"Point","coordinates":[107.2,13.2]},"properties":{"region":1,"fire_occurred":1,"prediction":0.1151}},{"type":"Feature","geometry":{"type":"Point","coordinates":[107.2,13.3]},"properties":{"region":1,"fire_occurred":0,"prediction":0.2199}},{"type":"Feature","geometry":{"type":"Point","coordinates":[107.2,13.4]},"properties":{"region":1,"fire_occurred":0,"prediction":0.2592}},{"type":"Feature","geometry":{"type":"Point","coordinates":[107.2,13.5]},"properties":{"region":1,"fire_occurred":0,"prediction":0.3364}},{"type":"Feature","geometry":{"type":"Point","coordinates":[107.2,13.7]},"properties":{"region":1,"fire_occurred":0,"prediction":0.1006}},{"type":"Feature","geometry":{"type":"Point","coordinates":[107.2,13.8]},"properties":{"region":1,"fire_occurred":0,"prediction":0.1039}},{"type":"Feature","geometry":{"type":"Point","coordinates":[107.2,13.9]},"properties":{"region":1,"fire_occurred":0,"prediction":0.2158}},{"type":"Feature","geometry":{"type":"Point","coordinates":[107.2,14.0]},"properties":{"region":1,"fire_occurred":0,"prediction":0.1283}},{"type":"Feature","geometry":{"type":"Point","coordinates":[107.3,12.4]},"properties":{"region":1,"fire_occurred":0,"prediction":0.3298}},{"type":"Feature","geometry":{"type":"Point","coordinates":[107.3,12.5]},"properties":{"region":1,"fire_occurred":1,"prediction":0.1816}},{"type":"Feature","geometry":{"type":"Point","coordinates":[107.3,12.7]},"properties":{"region":1,"fire_occurred":0,"prediction":0.1938}},{"type":"Feature","geometry":{"type":"Point","coordinates":[107.3,12.8]},"properties":{"region":1,"fire_occurred":1,"prediction":0.2393}},{"type":"Feature","geometry":{"type":"Point","coordinates":[107.3,12.9]},"properties":{"region":1,"fire_occurred":0,"prediction":0.1721}},{"type":"Feature","geometry":{"type":"Point","coordinates":[107.3,13.0]},"properties":{"region":1,"fire_occurred":1,"prediction":0.1379}},{"type":"Feature","geometry":{"type":"Point","coordinates":[107.3,13.1]},"properties":{"region":1,"fire_occurred":0,"prediction":0.125}},{"type":"Feature","geometry":{"type":"Point","coordinates":[107.3,13.2]},"properties":{"region":1,"fire_occurred":0,"prediction":0.1184}},{"type":"Feature","geometry":{"type":"Point","coordinates":[107.3,13.3]},"properties":{"region":1,"fire_occurred":0,"prediction":0.1919}},{"type":"Feature","geometry":{"type":"Point","coordinates":[107.3,13.4]},"properties":{"region":1,"fire_occurred":0,"prediction":0.2851}},{"type":"Feature","geometry":{"type":"Point","coordinates":[107.3,13.5]},"properties":{"region":1,"fire_occurred":0,"prediction":0.2326}},{"type":"Feature","geometry":{"type":"Point","coordinates":[107.3,13.7]},"properties":{"region":1,"fire_occurred":0,"prediction":0.1154}},{"type":"Feature","geometry":{"type":"Point","coordinates":[107.3,13.8]},"properties":{"region":1,"fire_occurred":0,"prediction":0.1083}},{"type":"Feature","geometry":{"type":"Point","coordinates":[107.3,13.9]},"properties":{"region":1,"fire_occurred":0,"prediction":0.2115}},{"type":"Feature","geometry":{"type":"Point","coordinates":[107.4,12.4]},"properties":{"region":1,"fire_occurred":0,"prediction":0.2476}},{"type":"Feature","geometry":{"type":"Point","coordinates":[107.4,12.8]},"properties":{"region":1,"fire_occurred":1,"prediction":0.1255}},{"type":"Feature","geometry":{"type":"Point","coordinates":[107.4,13.0]},"properties":{"region":1,"fire_occurred":1,"prediction":0.1238}},{"type":"Feature","geometry":{"type":"Point","coordinates":[107.4,13.1]},"properties":{"region":1,"fire_occurred":1,"prediction":0.0608}},{"type":"Feature","geometry":{"type":"Point","coordinates":[107.4,13.2]},"properties":{"region":1,"fire_occurred":1,"prediction":0.093}},{"type":"Feature","geometry":{"type":"Point","coordinates":[107.4,13.3]},"properties":{"region":1,"fire_occurred":0,"prediction":0.2763}},{"type":"Feature","geometry":{"type":"Point","coordinates":[107.4,13.4]},"properties":{"region":1,"fire_occurred":0,"prediction":0.6758}},{"type":"Feature","geometry":{"type":"Point","coordinates":[107.4,13.5]},"properties":{"region":1,"fire_occurred":0,"prediction":0.3316}},{"type":"Feature","geometry":{"type":"Point","coordinates":[107.4,13.6]},"properties":{"region":1,"fire_occurred":0,"prediction":0.4214}},{"type":"Feature","geometry":{"type":"Point","coordinates":[107.4,13.8]},"properties":{"region":1,"fire_occurred":0,"prediction":0.1614}},{"type":"Feature","geometry":{"type":"Point","coordinates":[107.4,13.9]},"properties":{"region":1,"fire_occurred":0,"prediction":0.1681}},{"type":"Feature","geometry":{"type":"Point","coordinates":[107.5,11.0]},"properties":{"region":1,"fire_occurred":1,"prediction":0.0092}},{"type":"Feature","geometry":{"type":"Point","coordinates":[107.5,12.7]},"properties":{"region":1,"fire_occurred":0,"prediction":0.4045}},{"type":"Feature","geometry":{"type":"Point","coordinates":[107.5,12.8]},"properties":{"region":1,"fire_occurred":1,"prediction":0.1324}},{"type":"Feature","geometry":{"type":"Point","coordinates":[107.5,12.9]},"properties":{"region":1,"fire_occurred":0,"prediction":0.1028}},{"type":"Feature","geometry":{"type":"Point","coordinates":[107.5,13.1]},"properties":{"region":1,"fire_occurred":0,"prediction":0.1269}},{"type":"Feature","geometry":{"type":"Point","coordinates":[107.5,13.2]},"properties":{"region":1,"fire_occurred":0,"prediction":0.1143}},{"type":"Feature","geometry":{"type":"Point","coordinates":[107.5,13.3]},"properties":{"region":1,"fire_occurred":0,"prediction":0.4079}},{"type":"Feature","geometry":{"type":"Point","coordinates":[107.5,13.4]},"properties":{"region":1,"fire_occurred":0,"prediction":0.6425}},{"type":"Feature","geometry":{"type":"Point","coordinates":[107.5,13.5]},"properties":{"region":1,"fire_occurred":0,"prediction":0.2588}},{"type":"Feature","geometry":{"type":"Point","coordinates":[107.5,13.6]},"properties":{"region":1,"fire_occurred":0,"prediction":0.4054}},{"type":"Feature","geometry":{"type":"Point","coordinates":[107.5,13.8]},"properties":{"region":1,"fire_occurred":0,"prediction":0.102}},{"type":"Feature","geometry":{"type":"Point","coordinates":[107.5,14.0]},"properties":{"region":1,"fire_occurred":0,"prediction":0.1852}},{"type":"Feature","geometry":{"type":"Point","coordinates":[107.6,12.7]},"properties":{"region":1,"fire_occurred":0,"prediction":0.2758}},{"type":"Feature","geometry":{"type":"Point","coordinates":[107.6,12.8]},"properties":{"region":1,"fire_occurred":1,"prediction":0.0971}},{"type":"Feature","geometry":{"type":"Point","coordinates":[107.6,12.9]},"properties":{"region":1,"fire_occurred":0,"prediction":0.1523}},{"type":"Feature","geometry":{"type":"Point","coordinates":[107.6,13.0]},"properties":{"region":1,"fire_occurred":0,"prediction":0.1166}},{"type":"Feature","geometry":{"type":"Point","coordinates":[107.6,13.1]},"properties":{"region":1,"fire_occurred":0,"prediction":0.1415}},{"type":"Feature","geometry":{"type":"Point","coordinates":[107.6,13.3]},"properties":{"region":1,"fire_occurred":0,"prediction":0.2074}},{"type":"Feature","geometry":{"type":"Point","coordinates":[107.6,13.4]},"properties":{"region":1,"fire_occurred":0,"prediction":0.5256}},{"type":"Feature","geometry":{"type":"Point","coordinates":[107.6,13.6]},"properties":{"region":1,"fire_occurred":0,"prediction":0.1167}},{"type":"Feature","geometry":{"type":"Point","coordinates":[107.6,14.5]},"properties":{"region":1,"fire_occurred":0,"prediction":0.106}},{"type":"Feature","geometry":{"type":"Point","coordinates":[107.7,12.5]},"properties":{"region":1,"fire_occurred":0,"prediction":0.103}},{"type":"Feature","geometry":{"type":"Point","coordinates":[107.7,12.7]},"properties":{"region":1,"fire_occurred":0,"prediction":0.1018}},{"type":"Feature","geometry":{"type":"Point","coordinates":[107.7,12.8]},"properties":{"region":1,"fire_occurred":0,"prediction":0.1244}},{"type":"Feature","geometry":{"type":"Point","coordinates":[107.7,12.9]},"properties":{"region":1,"fire_occurred":0,"prediction":0.1678}},{"type":"Feature","geometry":{"type":"Point","coordinates":[107.7,13.0]},"properties":{"region":1,"fire_occurred":0,"prediction":0.1154}},{"type":"Feature","geometry":{"type":"Point","coordinates":[107.7,13.1]},"properties":{"region":1,"fire_occurred":0,"prediction":0.1432}},{"type":"Feature","geometry":{"type":"Point","coordinates":[107.7,13.3]},"properties":{"region":1,"fire_occurred":0,"prediction":0.2092}},{"type":"Feature","geometry":{"type":"Point","coordinates":[107.7,13.4]},"properties":{"region":1,"fire_occurred":0,"prediction":0.238}},{"type":"Feature","geometry":{"type":"Point","coordinates":[107.7,14.3]},"properties":{"region":1,"fire_occurred":0,"prediction":0.1256}},{"type":"Feature","geometry":{"type":"Point","coordinates":[107.7,14.6]},"properties":{"region":1,"fire_occurred":0,"prediction":0.1195}},{"type":"Feature","geometry":{"type":"Point","coordinates":[107.8,10.7]},"properties":{"region":1,"fire_occurred":0,"prediction":0.1641}},{"type":"Feature","geometry":{"type":"Point","coordinates":[107.8,12.9]},"properties":{"region":1,"fire_occurred":0,"prediction":0.1339}},{"type":"Feature","geometry":{"type":"Point","coordinates":[107.8,13.2]},"properties":{"region":1,"fire_occurred":0,"prediction":0.1556}},{"type":"Feature","geometry":{"type":"Point","coordinates":[107.8,13.3]},"properties":{"region":1,"fire_occurred":0,"prediction":0.1858}},{"type":"Feature","geometry":{"type":"Point","coordinates":[107.8,13.5]},"properties":{"region":1,"fire_occurred":0,"prediction":0.1037}},{"type":"Feature","geometry":{"type":"Point","coordinates":[107.9,13.2]},"properties":{"region":1,"fire_occurred":0,"prediction":0.1576}},{"type":"Feature","geometry":{"type":"Point","coordinates":[107.9,13.3]},"properties":{"region":1,"fire_occurred":0,"prediction":0.1846}},{"type":"Feature","geometry":{"type":"Point","coordinates":[107.9,13.5]},"properties":{"region":1,"fire_occurred":0,"prediction":0.1181}},{"type":"Feature","geometry":{"type":"Point","coordinates":[108.0,11.1]},"properties":{"region":1,"fire_occurred":0,"prediction":0.2016}},{"type":"Feature","geometry":{"type":"Point","coordinates":[108.0,11.4]},"properties":{"region":1,"fire_occurred":1,"prediction":0.0134}},{"type":"Feature","geometry":{"type":"Point","coordinates":[108.0,13.1]},"properties":{"region":1,"fire_occurred":0,"prediction":0.1083}},{"type":"Feature","geometry":{"type":"Point","coordinates":[108.0,13.2]},"properties":{"region":1,"fire_occurred":0,"prediction":0.1506}},{"type":"Feature","geometry":{"type":"Point","coordinates":[108.0,13.3]},"properties":{"region":1,"fire_occurred":0,"prediction":0.1603}},{"type":"Feature","geometry":{"type":"Point","coordinates":[108.0,14.1]},"properties":{"region":1,"fire_occurred":0,"prediction":0.1015}},{"type":"Feature","geometry":{"type":"Point","coordinates":[108.2,13.3]},"properties":{"region":1,"fire_occurred":1,"prediction":0.0591}},{"type":"Feature","geometry":{"type":"Point","coordinates":[108.2,13.5]},"properties":{"region":1,"fire_occurred":0,"prediction":0.1181}},{"type":"Feature","geometry":{"type":"Point","coordinates":[108.2,13.8]},"properties":{"region":1,"fire_occurred":0,"prediction":0.1002}},{"type":"Feature","geometry":{"type":"Point","coordinates":[108.2,14.0]},"properties":{"region":1,"fire_occurred":0,"prediction":0.1412}},{"type":"Feature","geometry":{"type":"Point","coordinates":[108.3,11.2]},"properties":{"region":1,"fire_occurred":0,"prediction":0.1225}},{"type":"Feature","geometry":{"type":"Point","coordinates":[108.3,11.3]},"properties":{"region":1,"fire_occurred":1,"prediction":0.2535}},{"type":"Feature","geometry":{"type":"Point","coordinates":[108.3,13.7]},"properties":{"region":1,"fire_occurred":0,"prediction":0.2697}},{"type":"Feature","geometry":{"type":"Point","coordinates":[108.4,11.3]},"properties":{"region":1,"fire_occurred":1,"prediction":0.1151}},{"type":"Feature","geometry":{"type":"Point","coordinates":[108.7,11.3]},"properties":{"region":1,"fire_occurred":0,"prediction":0.1072}},{"type":"Feature","geometry":{"type":"Point","coordinates":[108.7,11.7]},"properties":{"region":1,"fire_occurred":0,"prediction":0.1114}},{"type":"Feature","geometry":{"type":"Point","coordinates":[108.8,11.3]},"properties":{"region":1,"fire_occurred":0,"prediction":0.1488}},{"type":"Feature","geometry":{"type":"Point","coordinates":[108.8,11.4]},"properties":{"region":1,"fire_occurred":0,"prediction":0.16}},{"type":"Feature","geometry":{"type":"Point","coordinates":[108.9,12.4]},"properties":{"region":1,"fire_occurred":1,"prediction":0.0164}},{"type":"Feature","geometry":{"type":"Point","coordinates":[109.0,11.8]},"properties":{"region":1,"fire_occurred":0,"prediction":0.1078}},{"type":"Feature","geometry":{"type":"Point","coordinates":[109.6,19.9]},"properties":{"region":1,"fire_occurred":1,"prediction":0.0011}},{"type":"Feature","geometry":{"type":"Point","coordinates":[110.1,21.8]},"properties":{"region":1,"fire_occurred":0,"prediction":0.1344}},{"type":"Feature","geometry":{"type":"Point","coordinates":[110.5,21.6]},"properties":{"region":1,"fire_occurred":0,"prediction":0.119}},{"type":"Feature","geometry":{"type":"Point","coordinates":[110.8,21.5]},"properties":{"region":1,"fire_occurred":0,"prediction":0.1083}},{"type":"Feature","geometry":{"type":"Point","coordinates":[111.0,21.8]},"properties":{"region":1,"fire_occurred":0,"prediction":0.1328}},{"type":"Feature","geometry":{"type":"Point","coordinates":[111.0,21.9]},"properties":{"region":1,"fire_occurred":0,"prediction":0.1108}},{"type":"Feature","geometry":{"type":"Point","coordinates":[111.5,0.1]},"properties":{"region":1,"fire_occurred":1,"prediction":0.0012}},{"type":"Feature","geometry":{"type":"Point","coordinates":[120.9,12.8]},"properties":{"region":1,"fire_occurred":1,"prediction":0.0151}},{"type":"Feature","geometry":{"type":"Point","coordinates":[121.3,-2.6]},"properties":{"region":1,"fire_occurred":0,"prediction":0.4835}},{"type":"Feature","geometry":{"type":"Point","coordinates":[122.4,-4.0]},"properties":{"region":1,"fire_occurred":1,"prediction":0.1928}},{"type":"Feature","geometry":{"type":"Point","coordinates":[123.0,10.2]},"properties":{"region":1,"fire_occurred":1,"prediction":0.0195}},{"type":"Feature","geometry":{"type":"Point","coordinates":[123.4,12.2]},"properties":{"region":1,"fire_occurred":1,"prediction":0.0163}},{"type":"Feature","geometry":{"type":"Point","coordinates":[127.6,-16.5]},"properties":{"region":1,"fire_occurred":1,"prediction":0.0003}},{"type":"Feature","geometry":{"type":"Point","coordinates":[127.7,-16.5]},"properties":{"region":1,"fire_occurred":1,"prediction":0.0003}},{"type":"Feature","geometry":{"type":"Point","coordinates":[127.8,-16.4]},"properties":{"region":1,"fire_occurred":1,"prediction":0.0003}},{"type":"Feature","geometry":{"type":"Point","coordinates":[143.5,-4.0]},"properties":{"region":1,"fire_occurred":1,"prediction":0.0156}},{"type":"Feature","geometry":{"type":"Point","coordinates":[143.7,-6.8]},"properties":{"region":1,"fire_occurred":1,"prediction":0.0015}},{"type":"Feature","geometry":{"type":"Point","coordinates":[-120.0,37.5]},"properties":{"region":2,"fire_occurred":0,"prediction":0.1104}},{"type":"Feature","geometry":{"type":"Point","coordinates":[-119.9,37.5]},"properties":{"region":2,"fire_occurred":0,"prediction":0.1092}},{"type":"Feature","geometry":{"type":"Point","coordinates":[-115.6,32.5]},"properties":{"region":2,"fire_occurred":1,"prediction":0.0065}},{"type":"Feature","geometry":{"type":"Point","coordinates":[-112.4,37.0]},"properties":{"region":2,"fire_occurred":1,"prediction":0.0047}},{"type":"Feature","geometry":{"type":"Point","coordinates":[-111.7,33.6]},"properties":{"region":2,"fire_occurred":0,"prediction":0.1032}},{"type":"Feature","geometry":{"type":"Point","coordinates":[-111.4,28.7]},"properties":{"region":2,"fire_occurred":1,"prediction":0.0712}},{"type":"Feature","geometry":{"type":"Point","coordinates":[-110.9,33.4]},"properties":{"region":2,"fire_occurred":1,"prediction":0.4067}},{"type":"Feature","geometry":{"type":"Point","coordinates":[-110.7,34.9]},"properties":{"region":2,"fire_occurred":1,"prediction":0.0074}},{"type":"Feature","geometry":{"type":"Point","coordinates":[-110.3,31.8]},"properties":{"region":2,"fire_occurred":1,"prediction":0.0137}},{"type":"Feature","geometry":{"type":"Point","coordinates":[-109.7,30.4]},"properties":{"region":2,"fire_occurred":1,"prediction":0.1098}},{"type":"Feature","geometry":{"type":"Point","coordinates":[-108.6,30.9]},"properties":{"region":2,"fire_occurred":1,"prediction":0.0008}},{"type":"Feature","geometry":{"type":"Point","coordinates":[-108.1,31.2]},"properties":{"region":2,"fire_occurred":1,"prediction":0.0275}},{"type":"Feature","geometry":{"type":"Point","coordinates":[-107.0,26.4]},"properties":{"region":2,"fire_occurred":1,"prediction":0.0004}},{"type":"Feature","geometry":{"type":"Point","coordinates":[-106.9,32.4]},"properties":{"region":2,"fire_occurred":1,"prediction":0.0021}},{"type":"Feature","geometry":{"type":"Point","coordinates":[-106.5,25.0]},"properties":{"region":2,"fire_occurred":1,"prediction":0.0004}},{"type":"Feature","geometry":{"type":"Point","coordinates":[-102.8,23.0]},"properties":{"region":2,"fire_occurred":0,"prediction":0.1524}},{"type":"Feature","geometry":{"type":"Point","coordinates":[-102.2,23.5]},"properties":{"region":2,"fire_occurred":1,"prediction":0.0191}},{"type":"Feature","geometry":{"type":"Point","coordinates":[-101.9,22.2]},"properties":{"region":2,"fire_occurred":1,"prediction":0.0164}},{"type":"Feature","geometry":{"type":"Point","coordinates":[-100.1,19.8]},"properties":{"region":2,"fire_occurred":0,"prediction":0.1033}},{"type":"Feature","geometry":{"type":"Point","coordinates":[-96.8,18.7]},"properties":{"region":2,"fire_occurred":0,"prediction":0.1221}},{"type":"Feature","geometry":{"type":"Point","coordinates":[-96.3,19.1]},"properties":{"region":2,"fire_occurred":1,"prediction":0.0197}},{"type":"Feature","geometry":{"type":"Point","coordinates":[-96.2,18.5]},"properties":{"region":2,"fire_occurred":1,"prediction":0.3694}},{"type":"Feature","geometry":{"type":"Point","coordinates":[-79.9,-3.4]},"properties":{"region":2,"fire_occurred":1,"prediction":0.0125}},{"type":"Feature","geometry":{"type":"Point","coordinates":[-78.0,-6.5]},"properties":{"region":2,"fire_occurred":1,"prediction":0.0032}},{"type":"Feature","geometry":{"type":"Point","coordinates":[-77.5,-6.5]},"properties":{"region":2,"fire_occurred":1,"prediction":0.0003}},{"type":"Feature","geometry":{"type":"Point","coordinates":[-71.9,-15.8]},"properties":{"region":2,"fire_occurred":1,"prediction":0.0551}},{"type":"Feature","geometry":{"type":"Point","coordinates":[-68.9,-22.4]},"properties":{"region":2,"fire_occurred":1,"prediction":0.1009}},{"type":"Feature","geometry":{"type":"Point","coordinates":[-68.4,-32.0]},"properties":{"region":2,"fire_occurred":1,"prediction":0.0015}},{"type":"Feature","geometry":{"type":"Point","coordinates":[-65.0,-30.5]},"properties":{"region":2,"fire_occurred":1,"prediction":0.0024}},{"type":"Feature","geometry":{"type":"Point","coordinates":[-62.1,-26.6]},"properties":{"region":2,"fire_occurred":1,"prediction":0.0356}},{"type":"Feature","geometry":{"type":"Point","coordinates":[-61.9,-21.3]},"properties":{"region":2,"fire_occurred":0,"prediction":0.1087}},{"type":"Feature","geometry":{"type":"Point","coordinates":[-61.8,-21.4]},"properties":{"region":2,"fire_occurred":0,"prediction":0.1521}},{"type":"Feature","geometry":{"type":"Point","coordinates":[-61.7,-21.9]},"properties":{"region":2,"fire_occurred":0,"prediction":0.23}},{"type":"Feature","geometry":{"type":"Point","coordinates":[-61.6,-22.8]},"properties":{"region":2,"fire_occurred":1,"prediction":0.0167}},{"type":"Feature","geometry":{"type":"Point","coordinates":[-61.5,-21.9]},"properties":{"region":2,"fire_occurred":0,"prediction":0.1073}},{"type":"Feature","geometry":{"type":"Point","coordinates":[-61.4,-22.7]},"properties":{"region":2,"fire_occurred":1,"prediction":0.089}},{"type":"Feature","geometry":{"type":"Point","coordinates":[-61.2,-23.0]},"properties":{"region":2,"fire_occurred":0,"prediction":0.292}},{"type":"Feature","geometry":{"type":"Point","coordinates":[-61.2,-21.3]},"properties":{"region":2,"fire_occurred":0,"prediction":0.1233}},{"type":"Feature","geometry":{"type":"Point","coordinates":[-61.1,-21.9]},"properties":{"region":2,"fire_occurred":1,"prediction":0.1716}},{"type":"Feature","geometry":{"type":"Point","coordinates":[-61.0,-22.5]},"properties":{"region":2,"fire_occurred":1,"prediction":0.0133}},{"type":"Feature","geometry":{"type":"Point","coordinates":[-60.9,-22.1]},"properties":{"region":2,"fire_occurred":0,"prediction":0.2049}},{"type":"Feature","geometry":{"type":"Point","coordinates":[-60.9,-21.8]},"properties":{"region":2,"fire_occurred":0,"prediction":0.158}},{"type":"Feature","geometry":{"type":"Point","coordinates":[-60.7,-21.7]},"properties":{"region":2,"fire_occurred":0,"prediction":0.151}},{"type":"Feature","geometry":{"type":"Point","coordinates":[-60.7,-20.0]},"properties":{"region":2,"fire_occurred":1,"prediction":0.0055}},{"type":"Feature","geometry":{"type":"Point","coordinates":[-60.2,-21.7]},"properties":{"region":2,"fire_occurred":1,"prediction":0.0134}},{"type":"Feature","geometry":{"type":"Point","coordinates":[-59.5,-20.3]},"properties":{"region":2,"fire_occurred":0,"prediction":0.1482}},{"type":"Feature","geometry":{"type":"Point","coordinates":[-37.0,-9.4]},"properties":{"region":2,"fire_occurred":1,"prediction":0.0253}},{"type":"Feature","geometry":{"type":"Point","coordinates":[-36.3,-8.9]},"properties":{"region":2,"fire_occurred":1,"prediction":0.0076}},{"type":"Feature","geometry":{"type":"Point","coordinates":[-35.8,-5.3]},"properties":{"region":2,"fire_occurred":1,"prediction":0.0013}},{"type":"Feature","geometry":{"type":"Point","coordinates":[-35.5,-5.6]},"properties":{"region":2,"fire_occurred":1,"prediction":0.0026}},{"type":"Feature","geometry":{"type":"Point","coordinates":[-35.5,-5.5]},"properties":{"region":2,"fire_occurred":1,"prediction":0.0026}},{"type":"Feature","geometry":{"type":"Point","coordinates":[-8.0,32.6]},"properties":{"region":2,"fire_occurred":1,"prediction":0.0008}},{"type":"Feature","geometry":{"type":"Point","coordinates":[-4.7,14.1]},"properties":{"region":2,"fire_occurred":1,"prediction":0.0248}},{"type":"Feature","geometry":{"type":"Point","coordinates":[-4.7,14.2]},"properties":{"region":2,"fire_occurred":1,"prediction":0.0039}},{"type":"Feature","geometry":{"type":"Point","coordinates":[-4.6,14.8]},"properties":{"region":2,"fire_occurred":1,"prediction":0.0117}},{"type":"Feature","geometry":{"type":"Point","coordinates":[-4.1,13.8]},"properties":{"region":2,"fire_occurred":1,"prediction":0.0133}},{"type":"Feature","geometry":{"type":"Point","coordinates":[-4.1,15.1]},"properties":{"region":2,"fire_occurred":1,"prediction":0.0184}},{"type":"Feature","geometry":{"type":"Point","coordinates":[-4.0,13.8]},"properties":{"region":2,"fire_occurred":1,"prediction":0.0018}},{"type":"Feature","geometry":{"type":"Point","coordinates":[-3.0,13.7]},"properties":{"region":2,"fire_occurred":1,"prediction":0.003}},{"type":"Feature","geometry":{"type":"Point","coordinates":[-1.7,38.2]},"properties":{"region":2,"fire_occurred":1,"prediction":0.0159}},{"type":"Feature","geometry":{"type":"Point","coordinates":[-0.5,39.1]},"properties":{"region":2,"fire_occurred":1,"prediction":0.0005}},{"type":"Feature","geometry":{"type":"Point","coordinates":[1.0,42.6]},"properties":{"region":2,"fire_occurred":1,"prediction":0.0048}},{"type":"Feature","geometry":{"type":"Point","coordinates":[1.1,42.6]},"properties":{"region":2,"fire_occurred":1,"prediction":0.0026}},{"type":"Feature","geometry":{"type":"Point","coordinates":[1.6,42.3]},"properties":{"region":2,"fire_occurred":0,"prediction":0.1049}},{"type":"Feature","geometry":{"type":"Point","coordinates":[1.8,42.3]},"properties":{"region":2,"fire_occurred":0,"prediction":0.1258}},{"type":"Feature","geometry":{"type":"Point","coordinates":[1.9,42.3]},"properties":{"region":2,"fire_occurred":0,"prediction":0.1046}},{"type":"Feature","geometry":{"type":"Point","coordinates":[2.1,12.1]},"properties":{"region":2,"fire_occurred":0,"prediction":0.1102}},{"type":"Feature","geometry":{"type":"Point","coordinates":[2.5,12.1]},"properties":{"region":2,"fire_occurred":1,"prediction":0.2857}},{"type":"Feature","geometry":{"type":"Point","coordinates":[2.5,12.4]},"properties":{"region":2,"fire_occurred":1,"prediction":0.0651}},{"type":"Feature","geometry":{"type":"Point","coordinates":[3.8,36.6]},"properties":{"region":2,"fire_occurred":1,"prediction":0.022}},{"type":"Feature","geometry":{"type":"Point","coordinates":[5.9,31.7]},"properties":{"region":2,"fire_occurred":1,"prediction":0.6359}},{"type":"Feature","geometry":{"type":"Point","coordinates":[6.0,31.6]},"properties":{"region":2,"fire_occurred":1,"prediction":0.7522}},{"type":"Feature","geometry":{"type":"Point","coordinates":[6.1,31.6]},"properties":{"region":2,"fire_occurred":1,"prediction":0.7947}},{"type":"Feature","geometry":{"type":"Point","coordinates":[6.2,31.6]},"properties":{"region":2,"fire_occurred":0,"prediction":0.1863}},{"type":"Feature","geometry":{"type":"Point","coordinates":[12.2,26.5]},"properties":{"region":2,"fire_occurred":0,"prediction":0.1485}},{"type":"Feature","geometry":{"type":"Point","coordinates":[13.1,11.0]},"properties":{"region":2,"fire_occurred":0,"prediction":0.1346}},{"type":"Feature","geometry":{"type":"Point","coordinates":[13.1,11.2]},"properties":{"region":2,"fire_occurred":0,"prediction":0.1032}},{"type":"Feature","geometry":{"type":"Point","coordinates":[13.3,11.1]},"properties":{"region":2,"fire_occurred":0,"prediction":0.1133}},{"type":"Feature","geometry":{"type":"Point","coordinates":[13.3,11.2]},"properties":{"region":2,"fire_occurred":0,"prediction":0.1394}},{"type":"Feature","geometry":{"type":"Point","coordinates":[13.3,11.4]},"properties":{"region":2,"fire_occurred":0,"prediction":0.1039}},{"type":"Feature","geometry":{"type":"Point","coordinates":[13.3,11.9]},"properties":{"region":2,"fire_occurred":0,"prediction":0.1146}},{"type":"Feature","geometry":{"type":"Point","coordinates":[13.3,12.0]},"properties":{"region":2,"fire_occurred":0,"prediction":0.1168}},{"type":"Feature","geometry":{"type":"Point","coordinates":[13.3,12.1]},"properties":{"region":2,"fire_occurred":1,"prediction":0.0918}},{"type":"Feature","geometry":{"type":"Point","coordinates":[13.4,11.1]},"properties":{"region":2,"fire_occurred":0,"prediction":0.1066}},{"type":"Feature","geometry":{"type":"Point","coordinates":[13.4,11.2]},"properties":{"region":2,"fire_occurred":0,"prediction":0.1127}},{"type":"Feature","geometry":{"type":"Point","coordinates":[13.5,11.1]},"properties":{"region":2,"fire_occurred":0,"prediction":0.1572}},{"type":"Feature","geometry":{"type":"Point","coordinates":[13.8,11.0]},"properties":{"region":2,"fire_occurred":0,"prediction":0.1211}},{"type":"Feature","geometry":{"type":"Point","coordinates":[14.0,-10.9]},"properties":{"region":2,"fire_occurred":1,"prediction":0.0046}},{"type":"Feature","geometry":{"type":"Point","coordinates":[14.0,12.0]},"properties":{"region":2,"fire_occurred":0,"prediction":0.1587}},{"type":"Feature","geometry":{"type":"Point","coordinates":[14.0,32.5]},"properties":{"region":2,"fire_occurred":1,"prediction":0.0037}},{"type":"Feature","geometry":{"type":"Point","coordinates":[14.1,-11.2]},"properties":{"region":2,"fire_occurred":0,"prediction":0.1275}},{"type":"Feature","geometry":{"type":"Point","coordinates":[14.1,12.0]},"properties":{"region":2,"fire_occurred":1,"prediction":0.0918}},{"type":"Feature","geometry":{"type":"Point","coordinates":[14.3,-10.4]},"properties":{"region":2,"fire_occurred":1,"prediction":0.0103}},{"type":"Feature","geometry":{"type":"Point","coordinates":[14.4,12.0]},"properties":{"region":2,"fire_occurred":0,"prediction":0.1261}},{"type":"Feature","geometry":{"type":"Point","coordinates":[14.5,12.0]},"properties":{"region":2,"fire_occurred":0,"prediction":0.1076}},{"type":"Feature","geometry":{"type":"Point","coordinates":[15.0,11.0]},"properties":{"region":2,"fire_occurred":0,"prediction":0.2849}},{"type":"Feature","geometry":{"type":"Point","coordinates":[15.0,11.1]},"properties":{"region":2,"fire_occurred":0,"prediction":0.2825}},{"type":"Feature","geometry":{"type":"Point","coordinates":[15.0,11.2]},"properties":{"region":2,"fire_occurred":0,"prediction":0.2837}},{"type":"Feature","geometry":{"type":"Point","coordinates":[15.0,11.3]},"properties":{"region":2,"fire_occurred":0,"prediction":0.207}},{"type":"Feature","geometry":{"type":"Point","coordinates":[15.0,11.4]},"properties":{"region":2,"fire_occurred":1,"prediction":0.4205}},{"type":"Feature","geometry":{"type":"Point","coordinates":[15.0,11.5]},"properties":{"region":2,"fire_occurred":1,"prediction":0.2693}},{"type":"Feature","geometry":{"type":"Point","coordinates":[15.1,-15.4]},"properties":{"region":2,"fire_occurred":1,"prediction":0.0222}},{"type":"Feature","geometry":{"type":"Point","coordinates":[15.1,11.0]},"properties":{"region":2,"fire_occurred":0,"prediction":0.2085}},{"type":"Feature","geometry":{"type":"Point","coordinates":[15.1,11.1]},"properties":{"region":2,"fire_occurred":1,"prediction":0.2409}},{"type":"Feature","geometry":{"type":"Point","coordinates":[15.1,11.2]},"properties":{"region":2,"fire_occurred":0,"prediction":0.257}},{"type":"Feature","geometry":{"type":"Point","coordinates":[15.1,11.3]},"properties":{"region":2,"fire_occurred":1,"prediction":0.2481}},{"type":"Feature","geometry":{"type":"Point","coordinates":[15.1,11.4]},"properties":{"region":2,"fire_occurred":1,"prediction":0.1613}},{"type":"Feature","geometry":{"type":"Point","coordinates":[15.1,11.5]},"properties":{"region":2,"fire_occurred":0,"prediction":0.1437}},{"type":"Feature","geometry":{"type":"Point","coordinates":[15.1,11.6]},"properties":{"region":2,"fire_occurred":0,"prediction":0.1236}},{"type":"Feature","geometry":{"type":"Point","coordinates":[15.2,11.0]},"properties":{"region":2,"fire_occurred":0,"prediction":0.1102}},{"type":"Feature","geometry":{"type":"Point","coordinates":[15.2,11.1]},"properties":{"region":2,"fire_occurred":0,"prediction":0.1738}},{"type":"Feature","geometry":{"type":"Point","coordinates":[15.2,11.2]},"properties":{"region":2,"fire_occurred":0,"prediction":0.171}},{"type":"Feature","geometry":{"type":"Point","coordinates":[15.2,11.3]},"properties":{"region":2,"fire_occurred":1,"prediction":0.1381}},{"type":"Feature","geometry":{"type":"Point","coordinates":[15.6,11.0]},"properties":{"region":2,"fire_occurred":1,"prediction":0.0077}},{"type":"Feature","geometry":{"type":"Point","coordinates":[15.6,11.3]},"properties":{"region":2,"fire_occurred":1,"prediction":0.1306}},{"type":"Feature","geometry":{"type":"Point","coordinates":[16.2,-20.2]},"properties":{"region":2,"fire_occurred":1,"prediction":0.0012}},{"type":"Feature","geometry":{"type":"Point","coordinates":[17.0,-22.7]},"properties":{"region":2,"fire_occurred":1,"prediction":0.0008}},{"type":"Feature","geometry":{"type":"Point","coordinates":[18.3,-21.1]},"properties":{"region":2,"fire_occurred":1,"prediction":0.0005}},{"type":"Feature","geometry":{"type":"Point","coordinates":[19.6,13.9]},"properties":{"region":2,"fire_occurred":1,"prediction":0.0003}},{"type":"Feature","geometry":{"type":"Point","coordinates":[19.7,13.9]},"properties":{"region":2,"fire_occurred":1,"prediction":0.0003}},{"type":"Feature","geometry":{"type":"Point","coordinates":[19.7,14.0]},"properties":{"region":2,"fire_occurred":1,"prediction":0.0003}},{"type":"Feature","geometry":{"type":"Point","coordinates":[19.7,14.1]},"properties":{"region":2,"fire_occurred":1,"prediction":0.0003}},{"type":"Feature","geometry":{"type":"Point","coordinates":[19.7,28.9]},"properties":{"region":2,"fire_occurred":0,"prediction":0.7671}},{"type":"Feature","geometry":{"type":"Point","coordinates":[20.0,11.5]},"properties":{"region":2,"fire_occurred":0,"prediction":0.1297}},{"type":"Feature","geometry":{"type":"Point","coordinates":[20.0,11.6]},"properties":{"region":2,"fire_occurred":1,"prediction":0.1677}},{"type":"Feature","geometry":{"type":"Point","coordinates":[20.2,11.8]},"properties":{"region":2,"fire_occurred":0,"prediction":0.1014}},{"type":"Feature","geometry":{"type":"Point","coordinates":[20.7,29.0]},"properties":{"region":2,"fire_occurred":0,"prediction":0.1223}},{"type":"Feature","geometry":{"type":"Point","coordinates":[20.8,11.0]},"properties":{"region":2,"fire_occurred":1,"prediction":0.0555}},{"type":"Feature","geometry":{"type":"Point","coordinates":[20.9,11.2]},"properties":{"region":2,"fire_occurred":1,"prediction":0.0207}},{"type":"Feature","geometry":{"type":"Point","coordinates":[20.9,28.9]},"properties":{"region":2,"fire_occurred":0,"prediction":0.569}},{"type":"Feature","geometry":{"type":"Point","coordinates":[21.1,11.0]},"properties":{"region":2,"fire_occurred":0,"prediction":0.1069}},{"type":"Feature","geometry":{"type":"Point","coordinates":[21.1,11.3]},"properties":{"region":2,"fire_occurred":0,"prediction":0.1008}},{"type":"Feature","geometry":{"type":"Point","coordinates":[21.2,11.3]},"properties":{"region":2,"fire_occurred":0,"prediction":0.1358}},{"type":"Feature","geometry":{"type":"Point","coordinates":[21.6,11.8]},"properties":{"region":2,"fire_occurred":0,"prediction":0.1032}},{"type":"Feature","geometry":{"type":"Point","coordinates":[21.7,11.3]},"properties":{"region":2,"fire_occurred":1,"prediction":0.0155}},{"type":"Feature","geometry":{"type":"Point","coordinates":[21.8,11.2]},"properties":{"region":2,"fire_occurred":1,"prediction":0.0647}},{"type":"Feature","geometry":{"type":"Point","coordinates":[21.8,11.3]},"properties":{"region":2,"fire_occurred":1,"prediction":0.027}},{"type":"Feature","geometry":{"type":"Point","coordinates":[22.3,27.9]},"properties":{"region":2,"fire_occurred":0,"prediction":0.1533}},{"type":"Feature","geometry":{"type":"Point","coordinates":[23.3,10.4]},"properties":{"region":2,"fire_occurred":0,"prediction":0.1019}},{"type":"Feature","geometry":{"type":"Point","coordinates":[23.4,10.6]},"properties":{"region":2,"fire_occurred":1,"prediction":0.0332}},{"type":"Feature","geometry":{"type":"Point","coordinates":[23.7,10.4]},"properties":{"region":2,"fire_occurred":0,"prediction":0.1165}},{"type":"Feature","geometry":{"type":"Point","coordinates":[23.9,10.5]},"properties":{"region":2,"fire_occurred":0,"prediction":0.1176}},{"type":"Feature","geometry":{"type":"Point","coordinates":[24.0,10.3]},"properties":{"region":2,"fire_occurred":0,"prediction":0.1023}},{"type":"Feature","geometry":{"type":"Point","coordinates":[24.1,10.7]},"properties":{"region":2,"fire_occurred":0,"prediction":0.1098}},{"type":"Feature","geometry":{"type":"Point","coordinates":[24.2,10.4]},"properties":{"region":2,"fire_occurred":0,"prediction":0.1306}},{"type":"Feature","geometry":{"type":"Point","coordinates":[24.2,10.7]},"properties":{"region":2,"fire_occurred":0,"prediction":0.1403}},{"type":"Feature","geometry":{"type":"Point","coordinates":[24.6,10.2]},"properties":{"region":2,"fire_occurred":1,"prediction":0.1164}},{"type":"Feature","geometry":{"type":"Point","coordinates":[24.6,10.4]},"properties":{"region":2,"fire_occurred":0,"prediction":0.1096}},{"type":"Feature","geometry":{"type":"Point","coordinates":[24.6,10.5]},"properties":{"region":2,"fire_occurred":1,"prediction":0.0767}},{"type":"Feature","geometry":{"type":"Point","coordinates":[24.7,10.1]},"properties":{"region":2,"fire_occurred":0,"prediction":0.1181}},{"type":"Feature","geometry":{"type":"Point","coordinates":[24.7,10.3]},"properties":{"region":2,"fire_occurred":1,"prediction":0.0678}},{"type":"Feature","geometry":{"type":"Point","coordinates":[24.7,13.3]},"properties":{"region":2,"fire_occurred":1,"prediction":0.0027}},{"type":"Feature","geometry":{"type":"Point","coordinates":[25.7,-27.7]},"properties":{"region":2,"fire_occurred":1,"prediction":0.0001}},{"type":"Feature","geometry":{"type":"Point","coordinates":[26.1,-27.9]},"properties":{"region":2,"fire_occurred":0,"prediction":0.1149}},{"type":"Feature","geometry":{"type":"Point","coordinates":[27.2,-25.7]},"properties":{"region":2,"fire_occurred":0,"prediction":0.5479}},{"type":"Feature","geometry":{"type":"Point","coordinates":[27.3,-25.8]},"properties":{"region":2,"fire_occurred":1,"prediction":0.1959}},{"type":"Feature","geometry":{"type":"Point","coordinates":[27.4,-29.4]},"properties":{"region":2,"fire_occurred":0,"prediction":0.1299}},{"type":"Feature","geometry":{"type":"Point","coordinates":[27.4,-25.8]},"properties":{"region":2,"fire_occurred":0,"prediction":0.4843}},{"type":"Feature","geometry":{"type":"Point","coordinates":[27.5,-25.0]},"properties":{"region":2,"fire_occurred":0,"prediction":0.1124}},{"type":"Feature","geometry":{"type":"Point","coordinates":[27.8,-25.8]},"properties":{"region":2,"fire_occurred":0,"prediction":0.1548}},{"type":"Feature","geometry":{"type":"Point","coordinates":[27.9,-26.7]},"properties":{"region":2,"fire_occurred":0,"prediction":0.1971}},{"type":"Feature","geometry":{"type":"Point","coordinates":[27.9,-26.1]},"properties":{"region":2,"fire_occurred":0,"prediction":0.1895}},{"type":"Feature","geometry":{"type":"Point","coordinates":[28.0,-26.5]},"properties":{"region":2,"fire_occurred":0,"prediction":0.1526}},{"type":"Feature","geometry":{"type":"Point","coordinates":[28.0,-26.0]},"properties":{"region":2,"fire_occurred":0,"prediction":0.3001}},{"type":"Feature","geometry":{"type":"Point","coordinates":[28.1,-26.3]},"properties":{"region":2,"fire_occurred":0,"prediction":0.2017}},{"type":"Feature","geometry":{"type":"Point","coordinates":[28.1,-26.2]},"properties":{"region":2,"fire_occurred":0,"prediction":0.2357}},{"type":"Feature","geometry":{"type":"Point","coordinates":[28.4,11.0]},"properties":{"region":2,"fire_occurred":0,"prediction":0.1158}},{"type":"Feature","geometry":{"type":"Point","coordinates":[29.5,10.8]},"properties":{"region":2,"fire_occurred":0,"prediction":0.1323}},{"type":"Feature","geometry":{"type":"Point","coordinates":[30.0,10.6]},"properties":{"region":2,"fire_occurred":0,"prediction":0.121}},{"type":"Feature","geometry":{"type":"Point","coordinates":[30.1,-24.9]},"properties":{"region":2,"fire_occurred":0,"prediction":0.451}},{"type":"Feature","geometry":{"type":"Point","coordinates":[30.1,-24.8]},"properties":{"region":2,"fire_occurred":1,"prediction":0.4851}},{"type":"Feature","geometry":{"type":"Point","coordinates":[30.1,11.4]},"properties":{"region":2,"fire_occurred":0,"prediction":0.1421}},{"type":"Feature","geometry":{"type":"Point","coordinates":[30.2,-24.8]},"properties":{"region":2,"fire_occurred":0,"prediction":0.3365}},{"type":"Feature","geometry":{"type":"Point","coordinates":[30.5,10.5]},"properties":{"region":2,"fire_occurred":1,"prediction":0.023}},{"type":"Feature","geometry":{"type":"Point","coordinates":[30.7,10.2]},"properties":{"region":2,"fire_occurred":1,"prediction":0.0072}},{"type":"Feature","geometry":{"type":"Point","coordinates":[30.9,-24.9]},"properties":{"region":2,"fire_occurred":0,"prediction":0.1252}},{"type":"Feature","geometry":{"type":"Point","coordinates":[31.5,11.7]},"properties":{"region":2,"fire_occurred":0,"prediction":0.105}},{"type":"Feature","geometry":{"type":"Point","coordinates":[32.1,11.1]},"properties":{"region":2,"fire_occurred":0,"prediction":0.1206}},{"type":"Feature","geometry":{"type":"Point","coordinates":[33.1,24.4]},"properties":{"region":2,"fire_occurred":0,"prediction":0.1951}},{"type":"Feature","geometry":{"type":"Point","coordinates":[33.2,24.4]},"properties":{"region":2,"fire_occurred":0,"prediction":0.1723}},{"type":"Feature","geometry":{"type":"Point","coordinates":[35.0,6.1]},"properties":{"region":2,"fire_occurred":0,"prediction":0.1075}},{"type":"Feature","geometry":{"type":"Point","coordinates":[35.0,6.3]},"properties":{"region":2,"fire_occurred":1,"prediction":0.1011}},{"type":"Feature","geometry":{"type":"Point","coordinates":[35.0,6.9]},"properties":{"region":2,"fire_occurred":1,"prediction":0.1293}},{"type":"Feature","geometry":{"type":"Point","coordinates":[35.1,6.5]},"properties":{"region":2,"fire_occurred":0,"prediction":0.102}},{"type":"Feature","geometry":{"type":"Point","coordinates":[35.1,6.9]},"properties":{"region":2,"fire_occurred":0,"prediction":0.1783}},{"type":"Feature","geometry":{"type":"Point","coordinates":[35.2,6.4]},"properties":{"region":2,"fire_occurred":0,"prediction":0.1141}},{"type":"Feature","geometry":{"type":"Point","coordinates":[35.3,5.2]},"properties":{"region":2,"fire_occurred":0,"prediction":0.1115}},{"type":"Feature","geometry":{"type":"Point","coordinates":[35.3,5.9]},"properties":{"region":2,"fire_occurred":0,"prediction":0.1384}},{"type":"Feature","geometry":{"type":"Point","coordinates":[35.3,6.0]},"properties":{"region":2,"fire_occurred":0,"prediction":0.1432}},{"type":"Feature","geometry":{"type":"Point","coordinates":[35.3,6.1]},"properties":{"region":2,"fire_occurred":0,"prediction":0.1014}},{"type":"Feature","geometry":{"type":"Point","coordinates":[35.3,6.3]},"properties":{"region":2,"fire_occurred":0,"prediction":0.103}},{"type":"Feature","geometry":{"type":"Point","coordinates":[35.3,6.4]},"properties":{"region":2,"fire_occurred":0,"prediction":0.1226}},{"type":"Feature","geometry":{"type":"Point","coordinates":[35.3,6.6]},"properties":{"region":2,"fire_occurred":1,"prediction":0.1317}},{"type":"Feature","geometry":{"type":"Point","coordinates":[35.3,6.7]},"properties":{"region":2,"fire_occurred":0,"prediction":0.1105}},{"type":"Feature","geometry":{"type":"Point","coordinates":[35.4,5.9]},"properties":{"region":2,"fire_occurred":0,"prediction":0.1065}},{"type":"Feature","geometry":{"type":"Point","coordinates":[35.4,6.1]},"properties":{"region":2,"fire_occurred":0,"prediction":0.1903}},{"type":"Feature","geometry":{"type":"Point","coordinates":[35.4,6.2]},"properties":{"region":2,"fire_occurred":0,"prediction":0.1296}},{"type":"Feature","geometry":{"type":"Point","coordinates":[35.4,6.4]},"properties":{"region":2,"fire_occurred":1,"prediction":0.0918}},{"type":"Feature","geometry":{"type":"Point","coordinates":[35.4,6.5]},"properties":{"region":2,"fire_occurred":0,"prediction":0.1547}},{"type":"Feature","geometry":{"type":"Point","coordinates":[35.4,6.6]},"properties":{"region":2,"fire_occurred":1,"prediction":0.0867}},{"type":"Feature","geometry":{"type":"Point","coordinates":[35.4,6.7]},"properties":{"region":2,"fire_occurred":1,"prediction":0.1015}},{"type":"Feature","geometry":{"type":"Point","coordinates":[35.5,5.6]},"properties":{"region":2,"fire_occurred":0,"prediction":0.1483}},{"type":"Feature","geometry":{"type":"Point","coordinates":[35.5,5.8]},"properties":{"region":2,"fire_occurred":1,"prediction":0.0678}},{"type":"Feature","geometry":{"type":"Point","coordinates":[35.5,5.9]},"properties":{"region":2,"fire_occurred":1,"prediction":0.1061}},{"type":"Feature","geometry":{"type":"Point","coordinates":[35.5,6.2]},"properties":{"region":2,"fire_occurred":0,"prediction":0.1083}},{"type":"Feature","geometry":{"type":"Point","coordinates":[35.5,6.6]},"properties":{"region":2,"fire_occurred":0,"prediction":0.1113}},{"type":"Feature","geometry":{"type":"Point","coordinates":[35.5,13.5]},"properties":{"region":2,"fire_occurred":1,"prediction":0.0142}},{"type":"Feature","geometry":{"type":"Point","coordinates":[35.6,6.2]},"properties":{"region":2,"fire_occurred":0,"prediction":0.1013}},{"type":"Feature","geometry":{"type":"Point","coordinates":[35.6,6.3]},"properties":{"region":2,"fire_occurred":1,"prediction":0.1305}},{"type":"Feature","geometry":{"type":"Point","coordinates":[35.6,6.4]},"properties":{"region":2,"fire_occurred":0,"prediction":0.1123}},{"type":"Feature","geometry":{"type":"Point","coordinates":[35.6,6.6]},"properties":{"region":2,"fire_occurred":0,"prediction":0.182}},{"type":"Feature","geometry":{"type":"Point","coordinates":[35.6,6.7]},"properties":{"region":2,"fire_occurred":0,"prediction":0.1131}},{"type":"Feature","geometry":{"type":"Point","coordinates":[35.7,6.1]},"properties":{"region":2,"fire_occurred":1,"prediction":0.0536}},{"type":"Feature","geometry":{"type":"Point","coordinates":[35.7,6.4]},"properties":{"region":2,"fire_occurred":0,"prediction":0.2058}},{"type":"Feature","geometry":{"type":"Point","coordinates":[35.7,6.5]},"properties":{"region":2,"fire_occurred":0,"prediction":0.1737}},{"type":"Feature","geometry":{"type":"Point","coordinates":[35.8,5.6]},"properties":{"region":2,"fire_occurred":1,"prediction":0.0645}},{"type":"Feature","geometry":{"type":"Point","coordinates":[35.8,6.2]},"properties":{"region":2,"fire_occurred":1,"prediction":0.1273}},{"type":"Feature","geometry":{"type":"Point","coordinates":[35.8,6.4]},"properties":{"region":2,"fire_occurred":0,"prediction":0.16}},{"type":"Feature","geometry":{"type":"Point","coordinates":[35.8,6.5]},"properties":{"region":2,"fire_occurred":0,"prediction":0.1443}},{"type":"Feature","geometry":{"type":"Point","coordinates":[35.9,5.8]},"properties":{"region":2,"fire_occurred":0,"prediction":0.1379}},{"type":"Feature","geometry":{"type":"Point","coordinates":[35.9,6.0]},"properties":{"region":2,"fire_occurred":0,"prediction":0.1261}},{"type":"Feature","geometry":{"type":"Point","coordinates":[35.9,6.1]},"properties":{"region":2,"fire_occurred":0,"prediction":0.1513}},{"type":"Feature","geometry":{"type":"Point","coordinates":[35.9,6.4]},"properties":{"region":2,"fire_occurred":1,"prediction":0.1322}},{"type":"Feature","geometry":{"type":"Point","coordinates":[35.9,6.5]},"properties":{"region":2,"fire_occurred":0,"prediction":0.1383}},{"type":"Feature","geometry":{"type":"Point","coordinates":[35.9,6.8]},"properties":{"region":2,"fire_occurred":0,"prediction":0.1695}},{"type":"Feature","geometry":{"type":"Point","coordinates":[35.9,6.9]},"properties":{"region":2,"fire_occurred":0,"prediction":0.1338}},{"type":"Feature","geometry":{"type":"Point","coordinates":[35.9,12.1]},"properties":{"region":2,"fire_occurred":1,"prediction":0.0389}},{"type":"Feature","geometry":{"type":"Point","coordinates":[36.0,5.8]},"properties":{"region":2,"fire_occurred":0,"prediction":0.1455}},{"type":"Feature","geometry":{"type":"Point","coordinates":[36.0,6.0]},"properties":{"region":2,"fire_occurred":0,"prediction":0.1598}},{"type":"Feature","geometry":{"type":"Point","coordinates":[36.0,6.2]},"properties":{"region":2,"fire_occurred":0,"prediction":0.2526}},{"type":"Feature","geometry":{"type":"Point","coordinates":[36.0,6.5]},"properties":{"region":2,"fire_occurred":0,"prediction":0.1093}},{"type":"Feature","geometry":{"type":"Point","coordinates":[36.0,6.6]},"properties":{"region":2,"fire_occurred":0,"prediction":0.1587}},{"type":"Feature","geometry":{"type":"Point","coordinates":[36.0,6.7]},"properties":{"region":2,"fire_occurred":0,"prediction":0.1471}},{"type":"Feature","geometry":{"type":"Point","coordinates":[36.0,6.8]},"properties":{"region":2,"fire_occurred":0,"prediction":0.1407}},{"type":"Feature","geometry":{"type":"Point","coordinates":[36.0,6.9]},"properties":{"region":2,"fire_occurred":0,"prediction":0.1202}},{"type":"Feature","geometry":{"type":"Point","coordinates":[36.1,5.8]},"properties":{"region":2,"fire_occurred":1,"prediction":0.0714}},{"type":"Feature","geometry":{"type":"Point","coordinates":[36.1,6.2]},"properties":{"region":2,"fire_occurred":0,"prediction":0.1351}},{"type":"Feature","geometry":{"type":"Point","coordinates":[36.1,6.3]},"properties":{"region":2,"fire_occurred":0,"prediction":0.1172}},{"type":"Feature","geometry":{"type":"Point","coordinates":[36.1,6.8]},"properties":{"region":2,"fire_occurred":0,"prediction":0.1658}},{"type":"Feature","geometry":{"type":"Point","coordinates":[36.1,6.9]},"properties":{"region":2,"fire_occurred":0,"prediction":0.1416}},{"type":"Feature","geometry":{"type":"Point","coordinates":[36.2,5.8]},"properties":{"region":2,"fire_occurred":0,"prediction":0.1051}},{"type":"Feature","geometry":{"type":"Point","coordinates":[36.2,5.9]},"properties":{"region":2,"fire_occurred":0,"prediction":0.1009}},{"type":"Feature","geometry":{"type":"Point","coordinates":[36.2,6.5]},"properties":{"region":2,"fire_occurred":0,"prediction":0.162}},{"type":"Feature","geometry":{"type":"Point","coordinates":[36.2,6.7]},"properties":{"region":2,"fire_occurred":0,"prediction":0.1182}},{"type":"Feature","geometry":{"type":"Point","coordinates":[36.2,6.8]},"properties":{"region":2,"fire_occurred":0,"prediction":0.1009}},{"type":"Feature","geometry":{"type":"Point","coordinates":[36.2,6.9]},"properties":{"region":2,"fire_occurred":0,"prediction":0.1045}},{"type":"Feature","geometry":{"type":"Point","coordinates":[36.3,6.2]},"properties":{"region":2,"fire_occurred":1,"prediction":0.0892}},{"type":"Feature","geometry":{"type":"Point","coordinates":[36.3,6.5]},"properties":{"region":2,"fire_occurred":0,"prediction":0.1238}},{"type":"Feature","geometry":{"type":"Point","coordinates":[36.3,6.6]},"properties":{"region":2,"fire_occurred":0,"prediction":0.1135}},{"type":"Feature","geometry":{"type":"Point","coordinates":[36.3,6.8]},"properties":{"region":2,"fire_occurred":0,"prediction":0.115}},{"type":"Feature","geometry":{"type":"Point","coordinates":[36.3,13.2]},"properties":{"region":2,"fire_occurred":1,"prediction":0.0308}},{"type":"Feature","geometry":{"type":"Point","coordinates":[36.4,5.7]},"properties":{"region":2,"fire_occurred":0,"prediction":0.1046}},{"type":"Feature","geometry":{"type":"Point","coordinates":[36.4,5.8]},"properties":{"region":2,"fire_occurred":0,"prediction":0.1323}},{"type":"Feature","geometry":{"type":"Point","coordinates":[36.4,6.1]},"properties":{"region":2,"fire_occurred":0,"prediction":0.1075}},{"type":"Feature","geometry":{"type":"Point","coordinates":[36.4,6.2]},"properties":{"region":2,"fire_occurred":0,"prediction":0.1313}},{"type":"Feature","geometry":{"type":"Point","coordinates":[36.4,6.8]},"properties":{"region":2,"fire_occurred":1,"prediction":0.0278}},{"type":"Feature","geometry":{"type":"Point","coordinates":[36.5,5.5]},"properties":{"region":2,"fire_occurred":0,"prediction":0.1053}},{"type":"Feature","geometry":{"type":"Point","coordinates":[36.5,6.8]},"properties":{"region":2,"fire_occurred":1,"prediction":0.0526}},{"type":"Feature","geometry":{"type":"Point","coordinates":[36.5,6.9]},"properties":{"region":2,"fire_occurred":0,"prediction":0.1121}},{"type":"Feature","geometry":{"type":"Point","coordinates":[36.6,6.8]},"properties":{"region":2,"fire_occurred":0,"prediction":0.1027}},{"type":"Feature","geometry":{"type":"Point","coordinates":[36.6,6.9]},"properties":{"region":2,"fire_occurred":0,"prediction":0.1274}},{"type":"Feature","geometry":{"type":"Point","coordinates":[36.7,6.9]},"properties":{"region":2,"fire_occurred":0,"prediction":0.1202}},{"type":"Feature","geometry":{"type":"Point","coordinates":[36.8,6.6]},"properties":{"region":2,"fire_occurred":0,"prediction":0.1001}},{"type":"Feature","geometry":{"type":"Point","coordinates":[36.8,6.9]},"properties":{"region":2,"fire_occurred":0,"prediction":0.1411}},{"type":"Feature","geometry":{"type":"Point","coordinates":[36.9,6.5]},"properties":{"region":2,"fire_occurred":0,"prediction":0.1134}},{"type":"Feature","geometry":{"type":"Point","coordinates":[36.9,6.6]},"properties":{"region":2,"fire_occurred":1,"prediction":0.1085}},{"type":"Feature","geometry":{"type":"Point","coordinates":[36.9,6.7]},"properties":{"region":2,"fire_occurred":0,"prediction":0.1116}},{"type":"Feature","geometry":{"type":"Point","coordinates":[37.1,5.3]},"properties":{"region":2,"fire_occurred":0,"prediction":0.1218}},{"type":"Feature","geometry":{"type":"Point","coordinates":[37.1,5.5]},"properties":{"region":2,"fire_occurred":0,"prediction":0.1177}},{"type":"Feature","geometry":{"type":"Point","coordinates":[37.1,5.7]},"properties":{"region":2,"fire_occurred":0,"prediction":0.2292}},{"type":"Feature","geometry":{"type":"Point","coordinates":[37.3,5.7]},"properties":{"region":2,"fire_occurred":0,"prediction":0.1111}},{"type":"Feature","geometry":{"type":"Point","coordinates":[37.5,5.9]},"properties":{"region":2,"fire_occurred":0,"prediction":0.1066}},{"type":"Feature","geometry":{"type":"Point","coordinates":[37.7,5.3]},"properties":{"region":2,"fire_occurred":0,"prediction":0.1934}},{"type":"Feature","geometry":{"type":"Point","coordinates":[38.1,5.8]},"properties":{"region":2,"fire_occurred":1,"prediction":0.0341}},{"type":"Feature","geometry":{"type":"Point","coordinates":[38.8,5.6]},"properties":{"region":2,"fire_occurred":0,"prediction":0.1101}},{"type":"Feature","geometry":{"type":"Point","coordinates":[39.0,1.1]},"properties":{"region":2,"fire_occurred":0,"prediction":0.1415}},{"type":"Feature","geometry":{"type":"Point","coordinates":[40.4,9.9]},"properties":{"region":2,"fire_occurred":1,"prediction":0.005}},{"type":"Feature","geometry":{"type":"Point","coordinates":[40.8,-2.2]},"properties":{"region":2,"fire_occurred":1,"prediction":0.0112}},{"type":"Feature","geometry":{"type":"Point","coordinates":[43.7,35.9]},"properties":{"region":2,"fire_occurred":0,"prediction":0.7405}},{"type":"Feature","geometry":{"type":"Point","coordinates":[43.8,34.8]},"properties":{"region":2,"fire_occurred":0,"prediction":0.2254}},{"type":"Feature","geometry":{"type":"Point","coordinates":[43.8,35.1]},"properties":{"region":2,"fire_occurred":1,"prediction":0.0383}},{"type":"Feature","geometry":{"type":"Point","coordinates":[43.8,35.2]},"properties":{"region":2,"fire_occurred":1,"prediction":0.0258}},{"type":"Feature","geometry":{"type":"Point","coordinates":[43.8,35.6]},"properties":{"region":2,"fire_occurred":0,"prediction":0.3173}},{"type":"Feature","geometry":{"type":"Point","coordinates":[43.9,35.6]},"properties":{"region":2,"fire_occurred":0,"prediction":0.2374}},{"type":"Feature","geometry":{"type":"Point","coordinates":[44.0,1.5]},"properties":{"region":2,"fire_occurred":1,"prediction":0.0033}},{"type":"Feature","geometry":{"type":"Point","coordinates":[44.0,34.1]},"properties":{"region":2,"fire_occurred":1,"prediction":0.003}},{"type":"Feature","geometry":{"type":"Point","coordinates":[44.0,35.6]},"properties":{"region":2,"fire_occurred":0,"prediction":0.7555}},{"type":"Feature","geometry":{"type":"Point","coordinates":[44.0,35.7]},"properties":{"region":2,"fire_occurred":1,"prediction":0.7758}},{"type":"Feature","geometry":{"type":"Point","coordinates":[44.1,33.0]},"properties":{"region":2,"fire_occurred":0,"prediction":0.1236}},{"type":"Feature","geometry":{"type":"Point","coordinates":[44.2,35.3]},"properties":{"region":2,"fire_occurred":0,"prediction":0.1892}},{"type":"Feature","geometry":{"type":"Point","coordinates":[44.3,35.5]},"properties":{"region":2,"fire_occurred":0,"prediction":0.1455}},{"type":"Feature","geometry":{"type":"Point","coordinates":[44.5,3.7]},"properties":{"region":2,"fire_occurred":1,"prediction":0.0064}},{"type":"Feature","geometry":{"type":"Point","coordinates":[44.5,33.9]},"properties":{"region":2,"fire_occurred":1,"prediction":0.002}},{"type":"Feature","geometry":{"type":"Point","coordinates":[44.6,33.6]},"properties":{"region":2,"fire_occurred":1,"prediction":0.0246}},{"type":"Feature","geometry":{"type":"Point","coordinates":[45.1,34.7]},"properties":{"region":2,"fire_occurred":1,"prediction":0.886}},{"type":"Feature","geometry":{"type":"Point","coordinates":[45.9,31.3]},"properties":{"region":2,"fire_occurred":0,"prediction":0.1213}},{"type":"Feature","geometry":{"type":"Point","coordinates":[46.0,31.7]},"properties":{"region":2,"fire_occurred":0,"prediction":0.3724}},{"type":"Feature","geometry":{"type":"Point","coordinates":[46.1,32.9]},"properties":{"region":2,"fire_occurred":1,"prediction":0.7089}},{"type":"Feature","geometry":{"type":"Point","coordinates":[46.2,33.6]},"properties":{"region":2,"fire_occurred":0,"prediction":0.49}},{"type":"Feature","geometry":{"type":"Point","coordinates":[46.2,33.7]},"properties":{"region":2,"fire_occurred":0,"prediction":0.2651}},{"type":"Feature","geometry":{"type":"Point","coordinates":[46.3,33.7]},"properties":{"region":2,"fire_occurred":0,"prediction":0.1558}},{"type":"Feature","geometry":{"type":"Point","coordinates":[47.2,31.0]},"properties":{"region":2,"fire_occurred":1,"prediction":0.7152}},{"type":"Feature","geometry":{"type":"Point","coordinates":[47.2,32.2]},"properties":{"region":2,"fire_occurred":0,"prediction":0.4858}},{"type":"Feature","geometry":{"type":"Point","coordinates":[47.2,32.4]},"properties":{"region":2,"fire_occurred":0,"prediction":0.6817}},{"type":"Feature","geometry":{"type":"Point","coordinates":[47.2,32.5]},"properties":{"region":2,"fire_occurred":0,"prediction":0.1899}},{"type":"Feature","geometry":{"type":"Point","coordinates":[47.3,30.2]},"properties":{"region":2,"fire_occurred":1,"prediction":0.5153}},{"type":"Feature","geometry":{"type":"Point","coordinates":[47.3,30.5]},"properties":{"region":2,"fire_occurred":1,"prediction":0.828}},{"type":"Feature","geometry":{"type":"Point","coordinates":[47.3,30.6]},"properties":{"region":2,"fire_occurred":1,"prediction":0.8078}},{"type":"Feature","geometry":{"type":"Point","coordinates":[47.3,30.7]},"properties":{"region":2,"fire_occurred":0,"prediction":0.2168}},{"type":"Feature","geometry":{"type":"Point","coordinates":[47.3,30.8]},"properties":{"region":2,"fire_occurred":1,"prediction":0.6153}},{"type":"Feature","geometry":{"type":"Point","coordinates":[47.3,32.1]},"properties":{"region":2,"fire_occurred":0,"prediction":0.2884}},{"type":"Feature","geometry":{"type":"Point","coordinates":[47.4,31.6]},"properties":{"region":2,"fire_occurred":0,"prediction":0.5378}},{"type":"Feature","geometry":{"type":"Point","coordinates":[47.4,32.0]},"properties":{"region":2,"fire_occurred":0,"prediction":0.1497}},{"type":"Feature","geometry":{"type":"Point","coordinates":[47.4,32.1]},"properties":{"region":2,"fire_occurred":0,"prediction":0.731}},{"type":"Feature","geometry":{"type":"Point","coordinates":[47.4,32.3]},"properties":{"region":2,"fire_occurred":0,"prediction":0.4311}},{"type":"Feature","geometry":{"type":"Point","coordinates":[47.5,30.4]},"properties":{"region":2,"fire_occurred":0,"prediction":0.4632}},{"type":"Feature","geometry":{"type":"Point","coordinates":[47.5,30.5]},"properties":{"region":2,"fire_occurred":0,"prediction":0.459}},{"type":"Feature","geometry":{"type":"Point","coordinates":[47.5,31.6]},"properties":{"region":2,"fire_occurred":0,"prediction":0.5967}},{"type":"Feature","geometry":{"type":"Point","coordinates":[47.5,32.1]},"properties":{"region":2,"fire_occurred":0,"prediction":0.5745}},{"type":"Feature","geometry":{"type":"Point","coordinates":[47.6,30.4]},"properties":{"region":2,"fire_occurred":1,"prediction":0.5775}},{"type":"Feature","geometry":{"type":"Point","coordinates":[47.6,30.5]},"properties":{"region":2,"fire_occurred":1,"prediction":0.7974}},{"type":"Feature","geometry":{"type":"Point","coordinates":[47.6,30.7]},"properties":{"region":2,"fire_occurred":0,"prediction":0.5475}},{"type":"Feature","geometry":{"type":"Point","coordinates":[47.6,31.0]},"properties":{"region":2,"fire_occurred":1,"prediction":0.7378}},{"type":"Feature","geometry":{"type":"Point","coordinates":[47.7,30.2]},"properties":{"region":2,"fire_occurred":0,"prediction":0.1524}},{"type":"Feature","geometry":{"type":"Point","coordinates":[47.7,30.5]},"properties":{"region":2,"fire_occurred":0,"prediction":0.1281}},{"type":"Feature","geometry":{"type":"Point","coordinates":[47.7,32.3]},"properties":{"region":2,"fire_occurred":0,"prediction":0.5942}},{"type":"Feature","geometry":{"type":"Point","coordinates":[47.8,31.4]},"properties":{"region":2,"fire_occurred":1,"prediction":0.6855}},{"type":"Feature","geometry":{"type":"Point","coordinates":[48.0,30.9]},"properties":{"region":2,"fire_occurred":0,"prediction":0.6156}},{"type":"Feature","geometry":{"type":"Point","coordinates":[48.1,30.9]},"properties":{"region":2,"fire_occurred":0,"prediction":0.2492}},{"type":"Feature","geometry":{"type":"Point","coordinates":[48.1,31.0]},"properties":{"region":2,"fire_occurred":1,"prediction":0.6559}},{"type":"Feature","geometry":{"type":"Point","coordinates":[48.1,31.2]},"properties":{"region":2,"fire_occurred":1,"prediction":0.5323}},{"type":"Feature","geometry":{"type":"Point","coordinates":[48.2,30.7]},"properties":{"region":2,"fire_occurred":1,"prediction":0.4369}},{"type":"Feature","geometry":{"type":"Point","coordinates":[48.2,30.8]},"properties":{"region":2,"fire_occurred":1,"prediction":0.0016}},{"type":"Feature","geometry":{"type":"Point","coordinates":[48.7,31.2]},"properties":{"region":2,"fire_occurred":0,"prediction":0.1164}},{"type":"Feature","geometry":{"type":"Point","coordinates":[49.3,25.1]},"properties":{"region":2,"fire_occurred":0,"prediction":0.2419}},{"type":"Feature","geometry":{"type":"Point","coordinates":[49.5,27.0]},"properties":{"region":2,"fire_occurred":1,"prediction":0.5023}},{"type":"Feature","geometry":{"type":"Point","coordinates":[52.1,27.7]},"properties":{"region":2,"fire_occurred":0,"prediction":0.4439}},{"type":"Feature","geometry":{"type":"Point","coordinates":[52.6,27.5]},"properties":{"region":2,"fire_occurred":0,"prediction":0.6274}},{"type":"Feature","geometry":{"type":"Point","coordinates":[54.0,31.9]},"properties":{"region":2,"fire_occurred":1,"prediction":0.0169}},{"type":"Feature","geometry":{"type":"Point","coordinates":[55.4,23.1]},"properties":{"region":2,"fire_occurred":1,"prediction":0.9454}},{"type":"Feature","geometry":{"type":"Point","coordinates":[55.8,29.9]},"properties":{"region":2,"fire_occurred":0,"prediction":0.2426}},{"type":"Feature","geometry":{"type":"Point","coordinates":[56.0,27.1]},"properties":{"region":2,"fire_occurred":0,"prediction":0.3531}},{"type":"Feature","geometry":{"type":"Point","coordinates":[56.1,27.1]},"properties":{"region":2,"fire_occurred":0,"prediction":0.3502}},{"type":"Feature","geometry":{"type":"Point","coordinates":[61.4,38.1]},"properties":{"region":2,"fire_occurred":1,"prediction":0.0032}},{"type":"Feature","geometry":{"type":"Point","coordinates":[61.8,31.2]},"properties":{"region":2,"fire_occurred":0,"prediction":0.1328}},{"type":"Feature","geometry":{"type":"Point","coordinates":[62.1,34.9]},"properties":{"region":2,"fire_occurred":0,"prediction":0.1583}},{"type":"Feature","geometry":{"type":"Point","coordinates":[62.2,34.8]},"properties":{"region":2,"fire_occurred":0,"prediction":0.1078}},{"type":"Feature","geometry":{"type":"Point","coordinates":[62.2,34.9]},"properties":{"region":2,"fire_occurred":0,"prediction":0.1246}},{"type":"Feature","geometry":{"type":"Point","coordinates":[62.3,34.7]},"properties":{"region":2,"fire_occurred":0,"prediction":0.132}},{"type":"Feature","geometry":{"type":"Point","coordinates":[62.3,34.9]},"properties":{"region":2,"fire_occurred":0,"prediction":0.1337}},{"type":"Feature","geometry":{"type":"Point","coordinates":[62.4,34.7]},"properties":{"region":2,"fire_occurred":0,"prediction":0.1506}},{"type":"Feature","geometry":{"type":"Point","coordinates":[62.4,34.9]},"properties":{"region":2,"fire_occurred":0,"prediction":0.1945}},{"type":"Feature","geometry":{"type":"Point","coordinates":[62.6,36.3]},"properties":{"region":2,"fire_occurred":0,"prediction":0.1196}},{"type":"Feature","geometry":{"type":"Point","coordinates":[63.2,39.2]},"properties":{"region":2,"fire_occurred":1,"prediction":0.0126}},{"type":"Feature","geometry":{"type":"Point","coordinates":[63.2,40.5]},"properties":{"region":2,"fire_occurred":1,"prediction":0.0533}},{"type":"Feature","geometry":{"type":"Point","coordinates":[63.3,40.5]},"properties":{"region":2,"fire_occurred":0,"prediction":0.1418}},{"type":"Feature","geometry":{"type":"Point","coordinates":[63.4,38.9]},"properties":{"region":2,"fire_occurred":1,"prediction":0.003}},{"type":"Feature","geometry":{"type":"Point","coordinates":[63.6,39.5]},"properties":{"region":2,"fire_occurred":1,"prediction":0.0037}},{"type":"Feature","geometry":{"type":"Point","coordinates":[63.9,38.6]},"properties":{"region":2,"fire_occurred":0,"prediction":0.1019}},{"type":"Feature","geometry":{"type":"Point","coordinates":[63.9,38.7]},"properties":{"region":2,"fire_occurred":0,"prediction":0.2048}},{"type":"Feature","geometry":{"type":"Point","coordinates":[63.9,39.3]},"properties":{"region":2,"fire_occurred":0,"prediction":0.122}},{"type":"Feature","geometry":{"type":"Point","coordinates":[64.0,38.5]},"properties":{"region":2,"fire_occurred":0,"prediction":0.1242}},{"type":"Feature","geometry":{"type":"Point","coordinates":[64.0,38.7]},"properties":{"region":2,"fire_occurred":0,"prediction":0.1291}},{"type":"Feature","geometry":{"type":"Point","coordinates":[64.0,39.3]},"properties":{"region":2,"fire_occurred":1,"prediction":0.0045}},{"type":"Feature","geometry":{"type":"Point","coordinates":[64.1,38.4]},"properties":{"region":2,"fire_occurred":0,"prediction":0.114}},{"type":"Feature","geometry":{"type":"Point","coordinates":[64.1,38.5]},"properties":{"region":2,"fire_occurred":0,"prediction":0.2767}},{"type":"Feature","geometry":{"type":"Point","coordinates":[64.2,38.3]},"properties":{"region":2,"fire_occurred":0,"prediction":0.1107}},{"type":"Feature","geometry":{"type":"Point","coordinates":[64.2,38.4]},"properties":{"region":2,"fire_occurred":0,"prediction":0.4818}},{"type":"Feature","geometry":{"type":"Point","coordinates":[64.3,38.3]},"properties":{"region":2,"fire_occurred":0,"prediction":0.1116}},{"type":"Feature","geometry":{"type":"Point","coordinates":[64.3,38.4]},"properties":{"region":2,"fire_occurred":0,"prediction":0.1034}},{"type":"Feature","geometry":{"type":"Point","coordinates":[64.4,38.2]},"properties":{"region":2,"fire_occurred":1,"prediction":0.0875}},{"type":"Feature","geometry":{"type":"Point","coordinates":[64.5,37.7]},"properties":{"region":2,"fire_occurred":0,"prediction":0.1334}},{"type":"Feature","geometry":{"type":"Point","coordinates":[64.5,38.2]},"properties":{"region":2,"fire_occurred":0,"prediction":0.1273}},{"type":"Feature","geometry":{"type":"Point","coordinates":[64.6,37.7]},"properties":{"region":2,"fire_occurred":0,"prediction":0.289}},{"type":"Feature","geometry":{"type":"Point","coordinates":[64.7,37.7]},"properties":{"region":2,"fire_occurred":0,"prediction":0.1158}},{"type":"Feature","geometry":{"type":"Point","coordinates":[64.8,37.7]},"properties":{"region":2,"fire_occurred":1,"prediction":0.1188}},{"type":"Feature","geometry":{"type":"Point","coordinates":[64.8,38.8]},"properties":{"region":2,"fire_occurred":1,"prediction":0.0034}},{"type":"Feature","geometry":{"type":"Point","coordinates":[64.8,40.0]},"properties":{"region":2,"fire_occurred":0,"prediction":0.1037}},{"type":"Feature","geometry":{"type":"Point","coordinates":[64.9,38.0]},"properties":{"region":2,"fire_occurred":0,"prediction":0.1137}},{"type":"Feature","geometry":{"type":"Point","coordinates":[64.9,39.3]},"properties":{"region":2,"fire_occurred":0,"prediction":0.1728}},{"type":"Feature","geometry":{"type":"Point","coordinates":[65.0,37.9]},"properties":{"region":2,"fire_occurred":0,"prediction":0.1041}},{"type":"Feature","geometry":{"type":"Point","coordinates":[65.1,38.9]},"properties":{"region":2,"fire_occurred":0,"prediction":0.1521}},{"type":"Feature","geometry":{"type":"Point","coordinates":[65.1,39.0]},"properties":{"region":2,"fire_occurred":0,"prediction":0.3507}},{"type":"Feature","geometry":{"type":"Point","coordinates":[65.1,39.1]},"properties":{"region":2,"fire_occurred":0,"prediction":0.2132}},{"type":"Feature","geometry":{"type":"Point","coordinates":[65.1,39.7]},"properties":{"region":2,"fire_occurred":1,"prediction":0.0188}},{"type":"Feature","geometry":{"type":"Point","coordinates":[65.2,37.5]},"properties":{"region":2,"fire_occurred":0,"prediction":0.1763}},{"type":"Feature","geometry":{"type":"Point","coordinates":[65.2,37.9]},"properties":{"region":2,"fire_occurred":0,"prediction":0.1195}},{"type":"Feature","geometry":{"type":"Point","coordinates":[65.2,38.7]},"properties":{"region":2,"fire_occurred":0,"prediction":0.3885}},{"type":"Feature","geometry":{"type":"Point","coordinates":[65.2,39.0]},"properties":{"region":2,"fire_occurred":0,"prediction":0.2413}},{"type":"Feature","geometry":{"type":"Point","coordinates":[65.3,37.5]},"properties":{"region":2,"fire_occurred":0,"prediction":0.3956}},{"type":"Feature","geometry":{"type":"Point","coordinates":[65.3,37.6]},"properties":{"region":2,"fire_occurred":0,"prediction":0.123}},{"type":"Feature","geometry":{"type":"Point","coordinates":[65.3,37.8]},"properties":{"region":2,"fire_occurred":0,"prediction":0.2044}},{"type":"Feature","geometry":{"type":"Point","coordinates":[65.3,38.7]},"properties":{"region":2,"fire_occurred":0,"prediction":0.2064}},{"type":"Feature","geometry":{"type":"Point","coordinates":[65.3,39.0]},"properties":{"region":2,"fire_occurred":0,"prediction":0.2093}},{"type":"Feature","geometry":{"type":"Point","coordinates":[65.4,37.8]},"properties":{"region":2,"fire_occurred":0,"prediction":0.1077}},{"type":"Feature","geometry":{"type":"Point","coordinates":[65.4,37.9]},"properties":{"region":2,"fire_occurred":1,"prediction":0.0833}},{"type":"Feature","geometry":{"type":"Point","coordinates":[65.4,38.9]},"properties":{"region":2,"fire_occurred":0,"prediction":0.1946}},{"type":"Feature","geometry":{"type":"Point","coordinates":[65.5,37.5]},"properties":{"region":2,"fire_occurred":1,"prediction":0.1315}},{"type":"Feature","geometry":{"type":"Point","coordinates":[65.5,37.6]},"properties":{"region":2,"fire_occurred":1,"prediction":0.0678}},{"type":"Feature","geometry":{"type":"Point","coordinates":[65.5,37.8]},"properties":{"region":2,"fire_occurred":1,"prediction":0.1527}},{"type":"Feature","geometry":{"type":"Point","coordinates":[65.5,38.3]},"properties":{"region":2,"fire_occurred":0,"prediction":0.3151}},{"type":"Feature","geometry":{"type":"Point","coordinates":[65.5,38.8]},"properties":{"region":2,"fire_occurred":0,"prediction":0.1143}},{"type":"Feature","geometry":{"type":"Point","coordinates":[65.5,38.9]},"properties":{"region":2,"fire_occurred":0,"prediction":0.2934}},{"type":"Feature","geometry":{"type":"Point","coordinates":[65.5,39.6]},"properties":{"region":2,"fire_occurred":0,"prediction":0.1095}},{"type":"Feature","geometry":{"type":"Point","coordinates":[65.5,39.7]},"properties":{"region":2,"fire_occurred":0,"prediction":0.1082}},{"type":"Feature","geometry":{"type":"Point","coordinates":[65.6,38.5]},"properties":{"region":2,"fire_occurred":0,"prediction":0.1002}},{"type":"Feature","geometry":{"type":"Point","coordinates":[65.6,38.8]},"properties":{"region":2,"fire_occurred":0,"prediction":0.1295}},{"type":"Feature","geometry":{"type":"Point","coordinates":[65.6,38.9]},"properties":{"region":2,"fire_occurred":0,"prediction":0.3469}},{"type":"Feature","geometry":{"type":"Point","coordinates":[65.7,37.5]},"properties":{"region":2,"fire_occurred":0,"prediction":0.125}},{"type":"Feature","geometry":{"type":"Point","coordinates":[65.7,38.8]},"properties":{"region":2,"fire_occurred":0,"prediction":0.1359}},{"type":"Feature","geometry":{"type":"Point","coordinates":[65.7,38.9]},"properties":{"region":2,"fire_occurred":0,"prediction":0.2223}},{"type":"Feature","geometry":{"type":"Point","coordinates":[65.8,37.5]},"properties":{"region":2,"fire_occurred":0,"prediction":0.1563}},{"type":"Feature","geometry":{"type":"Point","coordinates":[65.8,38.6]},"properties":{"region":2,"fire_occurred":0,"prediction":0.1519}},{"type":"Feature","geometry":{"type":"Point","coordinates":[65.8,38.9]},"properties":{"region":2,"fire_occurred":0,"prediction":0.239}},{"type":"Feature","geometry":{"type":"Point","coordinates":[65.8,39.2]},"properties":{"region":2,"fire_occurred":0,"prediction":0.2021}},{"type":"Feature","geometry":{"type":"Point","coordinates":[65.9,38.5]},"properties":{"region":2,"fire_occurred":0,"prediction":0.1341}},{"type":"Feature","geometry":{"type":"Point","coordinates":[66.0,38.8]},"properties":{"region":2,"fire_occurred":0,"prediction":0.1034}},{"type":"Feature","geometry":{"type":"Point","coordinates":[66.3,37.3]},"properties":{"region":2,"fire_occurred":0,"prediction":0.1462}},{"type":"Feature","geometry":{"type":"Point","coordinates":[66.3,38.8]},"properties":{"region":2,"fire_occurred":0,"prediction":0.11}},{"type":"Feature","geometry":{"type":"Point","coordinates":[66.4,37.3]},"properties":{"region":2,"fire_occurred":1,"prediction":0.0271}},{"type":"Feature","geometry":{"type":"Point","coordinates":[66.5,37.3]},"properties":{"region":2,"fire_occurred":1,"prediction":0.03}},{"type":"Feature","geometry":{"type":"Point","coordinates":[66.7,40.6]},"properties":{"region":2,"fire_occurred":0,"prediction":0.1225}},{"type":"Feature","geometry":{"type":"Point","coordinates":[66.9,40.7]},"properties":{"region":2,"fire_occurred":0,"prediction":0.1604}},{"type":"Feature","geometry":{"type":"Point","coordinates":[67.0,37.4]},"properties":{"region":2,"fire_occurred":1,"prediction":0.02}},{"type":"Feature","geometry":{"type":"Point","coordinates":[67.4,41.1]},"properties":{"region":2,"fire_occurred":0,"prediction":0.1537}},{"type":"Feature","geometry":{"type":"Point","coordinates":[67.7,41.3]},"properties":{"region":2,"fire_occurred":0,"prediction":0.1573}},{"type":"Feature","geometry":{"type":"Point","coordinates":[67.7,41.6]},"properties":{"region":2,"fire_occurred":0,"prediction":0.1732}},{"type":"Feature","geometry":{"type":"Point","coordinates":[67.7,41.8]},"properties":{"region":2,"fire_occurred":0,"prediction":0.2055}},{"type":"Feature","geometry":{"type":"Point","coordinates":[67.8,41.1]},"properties":{"region":2,"fire_occurred":0,"prediction":0.1577}},{"type":"Feature","geometry":{"type":"Point","coordinates":[67.8,41.2]},"properties":{"region":2,"fire_occurred":0,"prediction":0.2245}},{"type":"Feature","geometry":{"type":"Point","coordinates":[67.8,41.3]},"properties":{"region":2,"fire_occurred":0,"prediction":0.1755}},{"type":"Feature","geometry":{"type":"Point","coordinates":[67.8,41.4]},"properties":{"region":2,"fire_occurred":0,"prediction":0.2516}},{"type":"Feature","geometry":{"type":"Point","coordinates":[67.8,41.7]},"properties":{"region":2,"fire_occurred":0,"prediction":0.3076}},{"type":"Feature","geometry":{"type":"Point","coordinates":[67.8,41.8]},"properties":{"region":2,"fire_occurred":0,"prediction":0.374}},{"type":"Feature","geometry":{"type":"Point","coordinates":[67.9,26.4]},"properties":{"region":2,"fire_occurred":0,"prediction":0.1196}},{"type":"Feature","geometry":{"type":"Point","coordinates":[67.9,38.3]},"properties":{"region":2,"fire_occurred":0,"prediction":0.1001}},{"type":"Feature","geometry":{"type":"Point","coordinates":[67.9,41.0]},"properties":{"region":2,"fire_occurred":0,"prediction":0.1015}},{"type":"Feature","geometry":{"type":"Point","coordinates":[67.9,41.3]},"properties":{"region":2,"fire_occurred":0,"prediction":0.3525}},{"type":"Feature","geometry":{"type":"Point","coordinates":[67.9,41.4]},"properties":{"region":2,"fire_occurred":0,"prediction":0.4008}},{"type":"Feature","geometry":{"type":"Point","coordinates":[67.9,41.5]},"properties":{"region":2,"fire_occurred":0,"prediction":0.3695}},{"type":"Feature","geometry":{"type":"Point","coordinates":[67.9,41.6]},"properties":{"region":2,"fire_occurred":0,"prediction":0.3937}},{"type":"Feature","geometry":{"type":"Point","coordinates":[67.9,41.7]},"properties":{"region":2,"fire_occurred":0,"prediction":0.4655}},{"type":"Feature","geometry":{"type":"Point","coordinates":[67.9,41.8]},"properties":{"region":2,"fire_occurred":0,"prediction":0.374}},{"type":"Feature","geometry":{"type":"Point","coordinates":[67.9,41.9]},"properties":{"region":2,"fire_occurred":1,"prediction":0.2635}},{"type":"Feature","geometry":{"type":"Point","coordinates":[68.0,24.6]},"properties":{"region":2,"fire_occurred":1,"prediction":0.027}},{"type":"Feature","geometry":{"type":"Point","coordinates":[68.0,26.4]},"properties":{"region":2,"fire_occurred":0,"prediction":0.16}},{"type":"Feature","geometry":{"type":"Point","coordinates":[68.0,30.1]},"properties":{"region":2,"fire_occurred":0,"prediction":0.1017}},{"type":"Feature","geometry":{"type":"Point","coordinates":[68.0,42.1]},"properties":{"region":2,"fire_occurred":1,"prediction":0.0338}},{"type":"Feature","geometry":{"type":"Point","coordinates":[68.0,42.2]},"properties":{"region":2,"fire_occurred":1,"prediction":0.0158}},{"type":"Feature","geometry":{"type":"Point","coordinates":[68.0,42.5]},"properties":{"region":2,"fire_occurred":0,"prediction":0.1689}},{"type":"Feature","geometry":{"type":"Point","coordinates":[68.1,38.4]},"properties":{"region":2,"fire_occurred":0,"prediction":0.109}},{"type":"Feature","geometry":{"type":"Point","coordinates":[68.2,42.3]},"properties":{"region":2,"fire_occurred":0,"prediction":0.2106}},{"type":"Feature","geometry":{"type":"Point","coordinates":[68.3,38.5]},"properties":{"region":2,"fire_occurred":0,"prediction":0.1143}},{"type":"Feature","geometry":{"type":"Point","coordinates":[68.3,42.3]},"properties":{"region":2,"fire_occurred":0,"prediction":0.1045}},{"type":"Feature","geometry":{"type":"Point","coordinates":[68.4,27.6]},"properties":{"region":2,"fire_occurred":1,"prediction":0.0278}},{"type":"Feature","geometry":{"type":"Point","coordinates":[68.4,38.5]},"properties":{"region":2,"fire_occurred":0,"prediction":0.1529}},{"type":"Feature","geometry":{"type":"Point","coordinates":[68.5,38.5]},"properties":{"region":2,"fire_occurred":0,"prediction":0.1199}},{"type":"Feature","geometry":{"type":"Point","coordinates":[68.6,38.4]},"properties":{"region":2,"fire_occurred":0,"prediction":0.1083}},{"type":"Feature","geometry":{"type":"Point","coordinates":[68.6,38.5]},"properties":{"region":2,"fire_occurred":0,"prediction":0.1175}},{"type":"Feature","geometry":{"type":"Point","coordinates":[68.7,37.2]},"properties":{"region":2,"fire_occurred":0,"prediction":0.1004}},{"type":"Feature","geometry":{"type":"Point","coordinates":[68.7,38.4]},"properties":{"region":2,"fire_occurred":0,"prediction":0.1327}},{"type":"Feature","geometry":{"type":"Point","coordinates":[68.7,38.5]},"properties":{"region":2,"fire_occurred":0,"prediction":0.1138}},{"type":"Feature","geometry":{"type":"Point","coordinates":[68.8,26.4]},"properties":{"region":2,"fire_occurred":1,"prediction":0.0163}},{"type":"Feature","geometry":{"type":"Point","coordinates":[68.8,38.4]},"properties":{"region":2,"fire_occurred":0,"prediction":0.1121}},{"type":"Feature","geometry":{"type":"Point","coordinates":[68.8,38.5]},"properties":{"region":2,"fire_occurred":0,"prediction":0.1245}},{"type":"Feature","geometry":{"type":"Point","coordinates":[68.9,26.4]},"properties":{"region":2,"fire_occurred":1,"prediction":0.0099}},{"type":"Feature","geometry":{"type":"Point","coordinates":[68.9,38.2]},"properties":{"region":2,"fire_occurred":0,"prediction":0.112}},{"type":"Feature","geometry":{"type":"Point","coordinates":[68.9,38.5]},"properties":{"region":2,"fire_occurred":0,"prediction":0.1471}},{"type":"Feature","geometry":{"type":"Point","coordinates":[69.0,27.9]},"properties":{"region":2,"fire_occurred":0,"prediction":0.1073}},{"type":"Feature","geometry":{"type":"Point","coordinates":[69.0,38.2]},"properties":{"region":2,"fire_occurred":0,"prediction":0.1263}},{"type":"Feature","geometry":{"type":"Point","coordinates":[69.0,38.4]},"properties":{"region":2,"fire_occurred":0,"prediction":0.1}},{"type":"Feature","geometry":{"type":"Point","coordinates":[69.1,25.0]},"properties":{"region":2,"fire_occurred":1,"prediction":0.0065}},{"type":"Feature","geometry":{"type":"Point","coordinates":[69.1,28.0]},"properties":{"region":2,"fire_occurred":0,"prediction":0.1479}},{"type":"Feature","geometry":{"type":"Point","coordinates":[69.2,28.0]},"properties":{"region":2,"fire_occurred":1,"prediction":0.1596}},{"type":"Feature","geometry":{"type":"Point","coordinates":[69.3,28.0]},"properties":{"region":2,"fire_occurred":0,"prediction":0.1761}},{"type":"Feature","geometry":{"type":"Point","coordinates":[69.4,28.1]},"properties":{"region":2,"fire_occurred":0,"prediction":0.1285}},{"type":"Feature","geometry":{"type":"Point","coordinates":[69.4,37.3]},"properties":{"region":2,"fire_occurred":0,"prediction":0.1173}},{"type":"Feature","geometry":{"type":"Point","coordinates":[69.5,27.5]},"properties":{"region":2,"fire_occurred":1,"prediction":0.0006}},{"type":"Feature","geometry":{"type":"Point","coordinates":[69.6,28.1]},"properties":{"region":2,"fire_occurred":0,"prediction":0.1369}},{"type":"Feature","geometry":{"type":"Point","coordinates":[69.6,28.2]},"properties":{"region":2,"fire_occurred":0,"prediction":0.1418}},{"type":"Feature","geometry":{"type":"Point","coordinates":[69.6,28.4]},"properties":{"region":2,"fire_occurred":1,"prediction":0.018}},{"type":"Feature","geometry":{"type":"Point","coordinates":[69.6,37.6]},"properties":{"region":2,"fire_occurred":0,"prediction":0.1029}},{"type":"Feature","geometry":{"type":"Point","coordinates":[69.6,37.8]},"properties":{"region":2,"fire_occurred":0,"prediction":0.1692}},{"type":"Feature","geometry":{"type":"Point","coordinates":[69.6,41.1]},"properties":{"region":2,"fire_occurred":0,"prediction":0.1113}},{"type":"Feature","geometry":{"type":"Point","coordinates":[69.7,28.2]},"properties":{"region":2,"fire_occurred":0,"prediction":0.1136}},{"type":"Feature","geometry":{"type":"Point","coordinates":[69.7,28.3]},"properties":{"region":2,"fire_occurred":0,"prediction":0.1525}},{"type":"Feature","geometry":{"type":"Point","coordinates":[69.7,37.6]},"properties":{"region":2,"fire_occurred":0,"prediction":0.1102}},{"type":"Feature","geometry":{"type":"Point","coordinates":[69.7,37.7]},"properties":{"region":2,"fire_occurred":0,"prediction":0.1031}},{"type":"Feature","geometry":{"type":"Point","coordinates":[69.7,37.8]},"properties":{"region":2,"fire_occurred":0,"prediction":0.1168}},{"type":"Feature","geometry":{"type":"Point","coordinates":[69.7,37.9]},"properties":{"region":2,"fire_occurred":0,"prediction":0.1405}},{"type":"Feature","geometry":{"type":"Point","coordinates":[69.8,28.2]},"properties":{"region":2,"fire_occurred":0,"prediction":0.1501}},{"type":"Feature","geometry":{"type":"Point","coordinates":[69.8,28.3]},"properties":{"region":2,"fire_occurred":0,"prediction":0.2279}},{"type":"Feature","geometry":{"type":"Point","coordinates":[69.8,28.4]},"properties":{"region":2,"fire_occurred":0,"prediction":0.2581}},{"type":"Feature","geometry":{"type":"Point","coordinates":[69.8,37.6]},"properties":{"region":2,"fire_occurred":0,"prediction":0.1083}},{"type":"Feature","geometry":{"type":"Point","coordinates":[69.8,37.7]},"properties":{"region":2,"fire_occurred":0,"prediction":0.1043}},{"type":"Feature","geometry":{"type":"Point","coordinates":[69.8,37.8]},"properties":{"region":2,"fire_occurred":0,"prediction":0.1113}},{"type":"Feature","geometry":{"type":"Point","coordinates":[69.9,28.3]},"properties":{"region":2,"fire_occurred":0,"prediction":0.15}},{"type":"Feature","geometry":{"type":"Point","coordinates":[69.9,28.4]},"properties":{"region":2,"fire_occurred":1,"prediction":0.229}},{"type":"Feature","geometry":{"type":"Point","coordinates":[69.9,33.6]},"properties":{"region":2,"fire_occurred":1,"prediction":0.0453}},{"type":"Feature","geometry":{"type":"Point","coordinates":[69.9,37.5]},"properties":{"region":2,"fire_occurred":0,"prediction":0.1062}},{"type":"Feature","geometry":{"type":"Point","coordinates":[70.0,28.2]},"properties":{"region":2,"fire_occurred":0,"prediction":0.192}},{"type":"Feature","geometry":{"type":"Point","coordinates":[70.0,28.5]},"properties":{"region":2,"fire_occurred":1,"prediction":0.2682}},{"type":"Feature","geometry":{"type":"Point","coordinates":[70.0,33.7]},"properties":{"region":2,"fire_occurred":0,"prediction":0.1133}},{"type":"Feature","geometry":{"type":"Point","coordinates":[70.0,37.5]},"properties":{"region":2,"fire_occurred":0,"prediction":0.1124}},{"type":"Feature","geometry":{"type":"Point","coordinates":[70.1,28.4]},"properties":{"region":2,"fire_occurred":0,"prediction":0.1555}},{"type":"Feature","geometry":{"type":"Point","coordinates":[70.1,28.5]},"properties":{"region":2,"fire_occurred":0,"prediction":0.1906}},{"type":"Feature","geometry":{"type":"Point","coordinates":[70.1,28.6]},"properties":{"region":2,"fire_occurred":1,"prediction":0.1266}},{"type":"Feature","geometry":{"type":"Point","coordinates":[70.1,32.0]},"properties":{"region":2,"fire_occurred":0,"prediction":0.1011}},{"type":"Feature","geometry":{"type":"Point","coordinates":[70.1,33.7]},"properties":{"region":2,"fire_occurred":0,"prediction":0.1027}},{"type":"Feature","geometry":{"type":"Point","coordinates":[70.2,28.5]},"properties":{"region":2,"fire_occurred":0,"prediction":0.1665}},{"type":"Feature","geometry":{"type":"Point","coordinates":[70.2,28.6]},"properties":{"region":2,"fire_occurred":0,"prediction":0.2852}},{"type":"Feature","geometry":{"type":"Point","coordinates":[70.2,28.7]},"properties":{"region":2,"fire_occurred":1,"prediction":0.1651}},{"type":"Feature","geometry":{"type":"Point","coordinates":[70.2,32.0]},"properties":{"region":2,"fire_occurred":0,"prediction":0.1735}},{"type":"Feature","geometry":{"type":"Point","coordinates":[70.3,28.6]},"properties":{"region":2,"fire_occurred":1,"prediction":0.1469}},{"type":"Feature","geometry":{"type":"Point","coordinates":[70.3,28.7]},"properties":{"region":2,"fire_occurred":0,"prediction":0.1096}},{"type":"Feature","geometry":{"type":"Point","coordinates":[70.3,28.9]},"properties":{"region":2,"fire_occurred":0,"prediction":0.123}},{"type":"Feature","geometry":{"type":"Point","coordinates":[70.3,29.0]},"properties":{"region":2,"fire_occurred":0,"prediction":0.2046}},{"type":"Feature","geometry":{"type":"Point","coordinates":[70.4,28.6]},"properties":{"region":2,"fire_occurred":0,"prediction":0.2186}},{"type":"Feature","geometry":{"type":"Point","coordinates":[70.4,28.7]},"properties":{"region":2,"fire_occurred":0,"prediction":0.2632}},{"type":"Feature","geometry":{"type":"Point","coordinates":[70.4,28.9]},"properties":{"region":2,"fire_occurred":1,"prediction":0.1931}},{"type":"Feature","geometry":{"type":"Point","coordinates":[70.4,29.0]},"properties":{"region":2,"fire_occurred":0,"prediction":0.3162}},{"type":"Feature","geometry":{"type":"Point","coordinates":[70.5,28.8]},"properties":{"region":2,"fire_occurred":0,"prediction":0.1826}},{"type":"Feature","geometry":{"type":"Point","coordinates":[70.5,29.0]},"properties":{"region":2,"fire_occurred":0,"prediction":0.2341}},{"type":"Feature","geometry":{"type":"Point","coordinates":[70.5,29.2]},"properties":{"region":2,"fire_occurred":1,"prediction":0.1129}},{"type":"Feature","geometry":{"type":"Point","coordinates":[70.6,28.7]},"properties":{"region":2,"fire_occurred":0,"prediction":0.1407}},{"type":"Feature","geometry":{"type":"Point","coordinates":[70.6,28.8]},"properties":{"region":2,"fire_occurred":1,"prediction":0.2958}},{"type":"Feature","geometry":{"type":"Point","coordinates":[70.6,28.9]},"properties":{"region":2,"fire_occurred":0,"prediction":0.1865}},{"type":"Feature","geometry":{"type":"Point","coordinates":[70.6,29.3]},"properties":{"region":2,"fire_occurred":1,"prediction":0.0069}},{"type":"Feature","geometry":{"type":"Point","coordinates":[70.6,31.1]},"properties":{"region":2,"fire_occurred":1,"prediction":0.4171}},{"type":"Feature","geometry":{"type":"Point","coordinates":[70.6,31.2]},"properties":{"region":2,"fire_occurred":0,"prediction":0.1119}},{"type":"Feature","geometry":{"type":"Point","coordinates":[70.6,31.3]},"properties":{"region":2,"fire_occurred":1,"prediction":0.5012}},{"type":"Feature","geometry":{"type":"Point","coordinates":[70.6,31.4]},"properties":{"region":2,"fire_occurred":0,"prediction":0.6984}},{"type":"Feature","geometry":{"type":"Point","coordinates":[70.6,31.5]},"properties":{"region":2,"fire_occurred":0,"prediction":0.4368}},{"type":"Feature","geometry":{"type":"Point","coordinates":[70.6,31.6]},"properties":{"region":2,"fire_occurred":1,"prediction":0.234}},{"type":"Feature","geometry":{"type":"Point","coordinates":[70.6,33.7]},"properties":{"region":2,"fire_occurred":1,"prediction":0.2406}},{"type":"Feature","geometry":{"type":"Point","coordinates":[70.7,28.7]},"properties":{"region":2,"fire_occurred":1,"prediction":0.0449}},{"type":"Feature","geometry":{"type":"Point","coordinates":[70.7,28.9]},"properties":{"region":2,"fire_occurred":0,"prediction":0.1047}},{"type":"Feature","geometry":{"type":"Point","coordinates":[70.7,30.5]},"properties":{"region":2,"fire_occurred":0,"prediction":0.1056}},{"type":"Feature","geometry":{"type":"Point","coordinates":[70.7,31.3]},"properties":{"region":2,"fire_occurred":1,"prediction":0.1883}},{"type":"Feature","geometry":{"type":"Point","coordinates":[70.7,31.4]},"properties":{"region":2,"fire_occurred":0,"prediction":0.2738}},{"type":"Feature","geometry":{"type":"Point","coordinates":[70.7,31.5]},"properties":{"region":2,"fire_occurred":1,"prediction":0.3247}},{"type":"Feature","geometry":{"type":"Point","coordinates":[70.7,31.6]},"properties":{"region":2,"fire_occurred":1,"prediction":0.389}},{"type":"Feature","geometry":{"type":"Point","coordinates":[70.7,31.7]},"properties":{"region":2,"fire_occurred":1,"prediction":0.5623}},{"type":"Feature","geometry":{"type":"Point","coordinates":[70.7,31.8]},"properties":{"region":2,"fire_occurred":1,"prediction":0.2218}},{"type":"Feature","geometry":{"type":"Point","coordinates":[70.7,33.6]},"properties":{"region":2,"fire_occurred":0,"prediction":0.1063}},{"type":"Feature","geometry":{"type":"Point","coordinates":[70.8,29.0]},"properties":{"region":2,"fire_occurred":1,"prediction":0.1104}},{"type":"Feature","geometry":{"type":"Point","coordinates":[70.8,29.6]},"properties":{"region":2,"fire_occurred":1,"prediction":0.3359}},{"type":"Feature","geometry":{"type":"Point","coordinates":[70.8,29.7]},"properties":{"region":2,"fire_occurred":0,"prediction":0.1519}},{"type":"Feature","geometry":{"type":"Point","coordinates":[70.8,29.9]},"properties":{"region":2,"fire_occurred":0,"prediction":0.1073}},{"type":"Feature","geometry":{"type":"Point","coordinates":[70.8,30.0]},"properties":{"region":2,"fire_occurred":0,"prediction":0.1993}},{"type":"Feature","geometry":{"type":"Point","coordinates":[70.8,30.1]},"properties":{"region":2,"fire_occurred":1,"prediction":0.0796}},{"type":"Feature","geometry":{"type":"Point","coordinates":[70.8,30.2]},"properties":{"region":2,"fire_occurred":0,"prediction":0.4082}},{"type":"Feature","geometry":{"type":"Point","coordinates":[70.8,30.3]},"properties":{"region":2,"fire_occurred":0,"prediction":0.4008}},{"type":"Feature","geometry":{"type":"Point","coordinates":[70.8,30.4]},"properties":{"region":2,"fire_occurred":0,"prediction":0.1313}},{"type":"Feature","geometry":{"type":"Point","coordinates":[70.8,31.0]},"properties":{"region":2,"fire_occurred":0,"prediction":0.1084}},{"type":"Feature","geometry":{"type":"Point","coordinates":[70.8,31.1]},"properties":{"region":2,"fire_occurred":0,"prediction":0.1863}},{"type":"Feature","geometry":{"type":"Point","coordinates":[70.8,31.5]},"properties":{"region":2,"fire_occurred":1,"prediction":0.0525}},{"type":"Feature","geometry":{"type":"Point","coordinates":[70.8,31.6]},"properties":{"region":2,"fire_occurred":1,"prediction":0.4611}},{"type":"Feature","geometry":{"type":"Point","coordinates":[70.8,31.7]},"properties":{"region":2,"fire_occurred":1,"prediction":0.108}},{"type":"Feature","geometry":{"type":"Point","coordinates":[70.8,31.8]},"properties":{"region":2,"fire_occurred":0,"prediction":0.1146}},{"type":"Feature","geometry":{"type":"Point","coordinates":[70.8,31.9]},"properties":{"region":2,"fire_occurred":1,"prediction":0.514}},{"type":"Feature","geometry":{"type":"Point","coordinates":[70.8,32.0]},"properties":{"region":2,"fire_occurred":0,"prediction":0.3307}},{"type":"Feature","geometry":{"type":"Point","coordinates":[70.9,28.7]},"properties":{"region":2,"fire_occurred":1,"prediction":0.0296}},{"type":"Feature","geometry":{"type":"Point","coordinates":[70.9,29.8]},"properties":{"region":2,"fire_occurred":1,"prediction":0.3296}},{"type":"Feature","geometry":{"type":"Point","coordinates":[70.9,29.9]},"properties":{"region":2,"fire_occurred":0,"prediction":0.2355}},{"type":"Feature","geometry":{"type":"Point","coordinates":[70.9,30.0]},"properties":{"region":2,"fire_occurred":0,"prediction":0.3339}},{"type":"Feature","geometry":{"type":"Point","coordinates":[70.9,30.1]},"properties":{"region":2,"fire_occurred":0,"prediction":0.433}},{"type":"Feature","geometry":{"type":"Point","coordinates":[70.9,30.2]},"properties":{"region":2,"fire_occurred":0,"prediction":0.4453}},{"type":"Feature","geometry":{"type":"Point","coordinates":[70.9,30.3]},"properties":{"region":2,"fire_occurred":1,"prediction":0.2984}},{"type":"Feature","geometry":{"type":"Point","coordinates":[70.9,30.4]},"properties":{"region":2,"fire_occurred":1,"prediction":0.1643}},{"type":"Feature","geometry":{"type":"Point","coordinates":[70.9,30.5]},"properties":{"region":2,"fire_occurred":0,"prediction":0.1371}},{"type":"Feature","geometry":{"type":"Point","coordinates":[70.9,30.6]},"properties":{"region":2,"fire_occurred":0,"prediction":0.1411}},{"type":"Feature","geometry":{"type":"Point","coordinates":[70.9,31.4]},"properties":{"region":2,"fire_occurred":0,"prediction":0.1601}},{"type":"Feature","geometry":{"type":"Point","coordinates":[70.9,31.5]},"properties":{"region":2,"fire_occurred":0,"prediction":0.2708}},{"type":"Feature","geometry":{"type":"Point","coordinates":[70.9,31.6]},"properties":{"region":2,"fire_occurred":0,"prediction":0.1234}},{"type":"Feature","geometry":{"type":"Point","coordinates":[70.9,31.7]},"properties":{"region":2,"fire_occurred":0,"prediction":0.1165}},{"type":"Feature","geometry":{"type":"Point","coordinates":[70.9,32.0]},"properties":{"region":2,"fire_occurred":1,"prediction":0.2242}},{"type":"Feature","geometry":{"type":"Point","coordinates":[70.9,32.6]},"properties":{"region":2,"fire_occurred":0,"prediction":0.1058}},{"type":"Feature","geometry":{"type":"Point","coordinates":[70.9,33.6]},"properties":{"region":2,"fire_occurred":1,"prediction":0.036}},{"type":"Feature","geometry":{"type":"Point","coordinates":[71.0,28.7]},"properties":{"region":2,"fire_occurred":1,"prediction":0.0226}},{"type":"Feature","geometry":{"type":"Point","coordinates":[71.0,30.1]},"properties":{"region":2,"fire_occurred":0,"prediction":0.1245}},{"type":"Feature","geometry":{"type":"Point","coordinates":[71.0,30.2]},"properties":{"region":2,"fire_occurred":0,"prediction":0.3295}},{"type":"Feature","geometry":{"type":"Point","coordinates":[71.0,30.3]},"properties":{"region":2,"fire_occurred":0,"prediction":0.337}},{"type":"Feature","geometry":{"type":"Point","coordinates":[71.0,31.7]},"properties":{"region":2,"fire_occurred":0,"prediction":0.2241}},{"type":"Feature","geometry":{"type":"Point","coordinates":[71.0,31.8]},"properties":{"region":2,"fire_occurred":0,"prediction":0.1306}},{"type":"Feature","geometry":{"type":"Point","coordinates":[71.0,32.1]},"properties":{"region":2,"fire_occurred":0,"prediction":0.153}},{"type":"Feature","geometry":{"type":"Point","coordinates":[71.0,33.4]},"properties":{"region":2,"fire_occurred":0,"prediction":0.1283}},{"type":"Feature","geometry":{"type":"Point","coordinates":[71.1,30.2]},"properties":{"region":2,"fire_occurred":0,"prediction":0.1085}},{"type":"Feature","geometry":{"type":"Point","coordinates":[71.1,32.1]},"properties":{"region":2,"fire_occurred":0,"prediction":0.1114}},{"type":"Feature","geometry":{"type":"Point","coordinates":[71.2,33.5]},"properties":{"region":2,"fire_occurred":0,"prediction":0.1244}},{"type":"Feature","geometry":{"type":"Point","coordinates":[71.3,33.3]},"properties":{"region":2,"fire_occurred":0,"prediction":0.1202}},{"type":"Feature","geometry":{"type":"Point","coordinates":[71.4,33.5]},"properties":{"region":2,"fire_occurred":0,"prediction":0.1068}},{"type":"Feature","geometry":{"type":"Point","coordinates":[71.9,30.8]},"properties":{"region":2,"fire_occurred":0,"prediction":0.3259}},{"type":"Feature","geometry":{"type":"Point","coordinates":[71.9,33.0]},"properties":{"region":2,"fire_occurred":0,"prediction":0.1293}},{"type":"Feature","geometry":{"type":"Point","coordinates":[72.0,32.4]},"properties":{"region":2,"fire_occurred":1,"prediction":0.014}},{"type":"Feature","geometry":{"type":"Point","coordinates":[72.0,33.2]},"properties":{"region":2,"fire_occurred":0,"prediction":0.1019}},{"type":"Feature","geometry":{"type":"Point","coordinates":[72.1,31.1]},"properties":{"region":2,"fire_occurred":0,"prediction":0.1372}},{"type":"Feature","geometry":{"type":"Point","coordinates":[72.1,31.2]},"properties":{"region":2,"fire_occurred":0,"prediction":0.109}},{"type":"Feature","geometry":{"type":"Point","coordinates":[72.2,31.1]},"properties":{"region":2,"fire_occurred":0,"prediction":0.1135}},{"type":"Feature","geometry":{"type":"Point","coordinates":[72.2,31.3]},"properties":{"region":2,"fire_occurred":1,"prediction":0.1562}},{"type":"Feature","geometry":{"type":"Point","coordinates":[72.2,31.4]},"properties":{"region":2,"fire_occurred":0,"prediction":0.102}},{"type":"Feature","geometry":{"type":"Point","coordinates":[72.2,33.0]},"properties":{"region":2,"fire_occurred":0,"prediction":0.129}},{"type":"Feature","geometry":{"type":"Point","coordinates":[72.2,41.0]},"properties":{"region":2,"fire_occurred":0,"prediction":0.1044}},{"type":"Feature","geometry":{"type":"Point","coordinates":[72.3,29.9]},"properties":{"region":2,"fire_occurred":1,"prediction":0.0311}},{"type":"Feature","geometry":{"type":"Point","coordinates":[72.3,31.4]},"properties":{"region":2,"fire_occurred":0,"prediction":0.2255}},{"type":"Feature","geometry":{"type":"Point","coordinates":[72.4,31.3]},"properties":{"region":2,"fire_occurred":1,"prediction":0.0468}},{"type":"Feature","geometry":{"type":"Point","coordinates":[72.4,31.4]},"properties":{"region":2,"fire_occurred":0,"prediction":0.1945}},{"type":"Feature","geometry":{"type":"Point","coordinates":[72.4,33.5]},"properties":{"region":2,"fire_occurred":0,"prediction":0.114}},{"type":"Feature","geometry":{"type":"Point","coordinates":[72.5,31.5]},"properties":{"region":2,"fire_occurred":0,"prediction":0.1075}},{"type":"Feature","geometry":{"type":"Point","coordinates":[72.5,32.8]},"properties":{"region":2,"fire_occurred":1,"prediction":0.0577}},{"type":"Feature","geometry":{"type":"Point","coordinates":[72.5,33.1]},"properties":{"region":2,"fire_occurred":0,"prediction":0.1061}},{"type":"Feature","geometry":{"type":"Point","coordinates":[72.5,33.2]},"properties":{"region":2,"fire_occurred":0,"prediction":0.1062}},{"type":"Feature","geometry":{"type":"Point","coordinates":[72.5,33.4]},"properties":{"region":2,"fire_occurred":0,"prediction":0.1165}},{"type":"Feature","geometry":{"type":"Point","coordinates":[72.6,32.8]},"properties":{"region":2,"fire_occurred":1,"prediction":0.0594}},{"type":"Feature","geometry":{"type":"Point","coordinates":[72.6,33.1]},"properties":{"region":2,"fire_occurred":0,"prediction":0.1294}},{"type":"Feature","geometry":{"type":"Point","coordinates":[72.6,33.7]},"properties":{"region":2,"fire_occurred":0,"prediction":0.1665}},{"type":"Feature","geometry":{"type":"Point","coordinates":[72.7,29.8]},"properties":{"region":2,"fire_occurred":0,"prediction":0.3327}},{"type":"Feature","geometry":{"type":"Point","coordinates":[72.7,30.6]},"properties":{"region":2,"fire_occurred":1,"prediction":0.0358}},{"type":"Feature","geometry":{"type":"Point","coordinates":[72.7,31.5]},"properties":{"region":2,"fire_occurred":0,"prediction":0.1241}},{"type":"Feature","geometry":{"type":"Point","coordinates":[72.7,31.6]},"properties":{"region":2,"fire_occurred":0,"prediction":0.2085}},{"type":"Feature","geometry":{"type":"Point","coordinates":[72.7,31.7]},"properties":{"region":2,"fire_occurred":0,"prediction":0.1227}},{"type":"Feature","geometry":{"type":"Point","coordinates":[72.7,32.2]},"properties":{"region":2,"fire_occurred":0,"prediction":0.1166}},{"type":"Feature","geometry":{"type":"Point","coordinates":[72.8,21.3]},"properties":{"region":2,"fire_occurred":1,"prediction":0.0158}},{"type":"Feature","geometry":{"type":"Point","coordinates":[72.8,31.9]},"properties":{"region":2,"fire_occurred":0,"prediction":0.105}},{"type":"Feature","geometry":{"type":"Point","coordinates":[72.8,33.1]},"properties":{"region":2,"fire_occurred":1,"prediction":0.0412}},{"type":"Feature","geometry":{"type":"Point","coordinates":[72.9,21.3]},"properties":{"region":2,"fire_occurred":1,"prediction":0.028}},{"type":"Feature","geometry":{"type":"Point","coordinates":[72.9,32.4]},"properties":{"region":2,"fire_occurred":0,"prediction":0.165}},{"type":"Feature","geometry":{"type":"Point","coordinates":[73.0,31.9]},"properties":{"region":2,"fire_occurred":0,"prediction":0.109}},{"type":"Feature","geometry":{"type":"Point","coordinates":[73.0,32.2]},"properties":{"region":2,"fire_occurred":0,"prediction":0.1623}},{"type":"Feature","geometry":{"type":"Point","coordinates":[73.0,33.4]},"properties":{"region":2,"fire_occurred":0,"prediction":0.1185}},{"type":"Feature","geometry":{"type":"Point","coordinates":[73.2,32.5]},"properties":{"region":2,"fire_occurred":0,"prediction":0.1045}},{"type":"Feature","geometry":{"type":"Point","coordinates":[73.2,33.4]},"properties":{"region":2,"fire_occurred":0,"prediction":0.1064}},{"type":"Feature","geometry":{"type":"Point","coordinates":[73.2,33.5]},"properties":{"region":2,"fire_occurred":0,"prediction":0.175}},{"type":"Feature","geometry":{"type":"Point","coordinates":[73.3,32.3]},"properties":{"region":2,"fire_occurred":0,"prediction":0.135}},{"type":"Feature","geometry":{"type":"Point","coordinates":[73.3,33.1]},"properties":{"region":2,"fire_occurred":0,"prediction":0.109}},{"type":"Feature","geometry":{"type":"Point","coordinates":[73.3,33.3]},"properties":{"region":2,"fire_occurred":0,"prediction":0.1002}},{"type":"Feature","geometry":{"type":"Point","coordinates":[73.3,33.5]},"properties":{"region":2,"fire_occurred":0,"prediction":0.1034}},{"type":"Feature","geometry":{"type":"Point","coordinates":[73.4,31.3]},"properties":{"region":2,"fire_occurred":1,"prediction":0.1227}},{"type":"Feature","geometry":{"type":"Point","coordinates":[73.4,32.1]},"properties":{"region":2,"fire_occurred":0,"prediction":0.1046}},{"type":"Feature","geometry":{"type":"Point","coordinates":[73.4,32.2]},"properties":{"region":2,"fire_occurred":0,"prediction":0.1409}},{"type":"Feature","geometry":{"type":"Point","coordinates":[73.5,32.2]},"properties":{"region":2,"fire_occurred":0,"prediction":0.1258}},{"type":"Feature","geometry":{"type":"Point","coordinates":[73.5,32.3]},"properties":{"region":2,"fire_occurred":0,"prediction":0.1137}},{"type":"Feature","geometry":{"type":"Point","coordinates":[73.9,31.0]},"properties":{"region":2,"fire_occurred":0,"prediction":0.1131}},{"type":"Feature","geometry":{"type":"Point","coordinates":[74.0,31.0]},"properties":{"region":2,"fire_occurred":0,"prediction":0.1422}},{"type":"Feature","geometry":{"type":"Point","coordinates":[74.1,32.7]},"properties":{"region":2,"fire_occurred":0,"prediction":0.1062}},{"type":"Feature","geometry":{"type":"Point","coordinates":[74.6,32.7]},"properties":{"region":2,"fire_occurred":1,"prediction":0.0284}},{"type":"Feature","geometry":{"type":"Point","coordinates":[75.0,20.3]},"properties":{"region":2,"fire_occurred":1,"prediction":0.0197}},{"type":"Feature","geometry":{"type":"Point","coordinates":[75.2,19.8]},"properties":{"region":2,"fire_occurred":1,"prediction":0.0456}},{"type":"Feature","geometry":{"type":"Point","coordinates":[75.8,19.3]},"properties":{"region":2,"fire_occurred":1,"prediction":0.0079}},{"type":"Feature","geometry":{"type":"Point","coordinates":[76.0,22.4]},"properties":{"region":2,"fire_occurred":0,"prediction":0.1003}},{"type":"Feature","geometry":{"type":"Point","coordinates":[76.1,22.3]},"properties":{"region":2,"fire_occurred":1,"prediction":0.0185}},{"type":"Feature","geometry":{"type":"Point","coordinates":[76.3,17.1]},"properties":{"region":2,"fire_occurred":1,"prediction":0.0133}},{"type":"Feature","geometry":{"type":"Point","coordinates":[76.3,28.7]},"properties":{"region":2,"fire_occurred":1,"prediction":0.0076}},{"type":"Feature","geometry":{"type":"Point","coordinates":[76.6,29.0]},"properties":{"region":2,"fire_occurred":0,"prediction":0.1317}},{"type":"Feature","geometry":{"type":"Point","coordinates":[76.7,17.5]},"properties":{"region":2,"fire_occurred":1,"prediction":0.0129}},{"type":"Feature","geometry":{"type":"Point","coordinates":[77.0,30.0]},"properties":{"region":2,"fire_occurred":1,"prediction":0.0154}},{"type":"Feature","geometry":{"type":"Point","coordinates":[77.0,30.3]},"properties":{"region":2,"fire_occurred":0,"prediction":0.1571}},{"type":"Feature","geometry":{"type":"Point","coordinates":[77.1,18.6]},"properties":{"region":2,"fire_occurred":1,"prediction":0.0015}},{"type":"Feature","geometry":{"type":"Point","coordinates":[77.1,21.9]},"properties":{"region":2,"fire_occurred":0,"prediction":0.1487}},{"type":"Feature","geometry":{"type":"Point","coordinates":[77.1,29.2]},"properties":{"region":2,"fire_occurred":1,"prediction":0.0479}},{"type":"Feature","geometry":{"type":"Point","coordinates":[77.2,28.9]},"properties":{"region":2,"fire_occurred":0,"prediction":0.1113}},{"type":"Feature","geometry":{"type":"Point","coordinates":[77.2,29.2]},"properties":{"region":2,"fire_occurred":0,"prediction":0.1685}},{"type":"Feature","geometry":{"type":"Point","coordinates":[77.2,30.3]},"properties":{"region":2,"fire_occurred":1,"prediction":0.0184}},{"type":"Feature","geometry":{"type":"Point","coordinates":[77.3,28.9]},"properties":{"region":2,"fire_occurred":0,"prediction":0.1284}},{"type":"Feature","geometry":{"type":"Point","coordinates":[77.3,29.0]},"properties":{"region":2,"fire_occurred":1,"prediction":0.0348}},{"type":"Feature","geometry":{"type":"Point","coordinates":[77.3,29.2]},"properties":{"region":2,"fire_occurred":0,"prediction":0.155}},{"type":"Feature","geometry":{"type":"Point","coordinates":[77.4,29.2]},"properties":{"region":2,"fire_occurred":0,"prediction":0.1292}},{"type":"Feature","geometry":{"type":"Point","coordinates":[77.4,29.3]},"properties":{"region":2,"fire_occurred":0,"prediction":0.1463}},{"type":"Feature","geometry":{"type":"Point","coordinates":[77.4,37.8]},"properties":{"region":2,"fire_occurred":1,"prediction":0.0081}},{"type":"Feature","geometry":{"type":"Point","coordinates":[77.5,29.1]},"properties":{"region":2,"fire_occurred":0,"prediction":0.1264}},{"type":"Feature","geometry":{"type":"Point","coordinates":[77.5,29.2]},"properties":{"region":2,"fire_occurred":0,"prediction":0.1155}},{"type":"Feature","geometry":{"type":"Point","coordinates":[77.5,29.3]},"properties":{"region":2,"fire_occurred":1,"prediction":0.0772}},{"type":"Feature","geometry":{"type":"Point","coordinates":[77.6,22.9]},"properties":{"region":2,"fire_occurred":0,"prediction":0.1167}},{"type":"Feature","geometry":{"type":"Point","coordinates":[77.6,28.8]},"properties":{"region":2,"fire_occurred":0,"prediction":0.1395}},{"type":"Feature","geometry":{"type":"Point","coordinates":[77.6,29.1]},"properties":{"region":2,"fire_occurred":0,"prediction":0.1417}},{"type":"Feature","geometry":{"type":"Point","coordinates":[77.7,22.9]},"properties":{"region":2,"fire_occurred":0,"prediction":0.1654}},{"type":"Feature","geometry":{"type":"Point","coordinates":[77.7,29.5]},"properties":{"region":2,"fire_occurred":1,"prediction":0.0037}},{"type":"Feature","geometry":{"type":"Point","coordinates":[77.7,29.8]},"properties":{"region":2,"fire_occurred":1,"prediction":0.0025}},{"type":"Feature","geometry":{"type":"Point","coordinates":[77.7,30.4]},"properties":{"region":2,"fire_occurred":1,"prediction":0.0047}},{"type":"Feature","geometry":{"type":"Point","coordinates":[77.8,14.2]},"properties":{"region":2,"fire_occurred":1,"prediction":0.0311}},{"type":"Feature","geometry":{"type":"Point","coordinates":[77.8,29.7]},"properties":{"region":2,"fire_occurred":0,"prediction":0.1061}},{"type":"Feature","geometry":{"type":"Point","coordinates":[77.8,30.6]},"properties":{"region":2,"fire_occurred":1,"prediction":0.001}},{"type":"Feature","geometry":{"type":"Point","coordinates":[78.0,14.1]},"properties":{"region":2,"fire_occurred":0,"prediction":0.1021}},{"type":"Feature","geometry":{"type":"Point","coordinates":[78.0,29.3]},"properties":{"region":2,"fire_occurred":0,"prediction":0.1172}},{"type":"Feature","geometry":{"type":"Point","coordinates":[78.0,43.7]},"properties":{"region":2,"fire_occurred":1,"prediction":0.0036}},{"type":"Feature","geometry":{"type":"Point","coordinates":[78.1,17.1]},"properties":{"region":2,"fire_occurred":1,"prediction":0.021}},{"type":"Feature","geometry":{"type":"Point","coordinates":[78.2,17.3]},"properties":{"region":2,"fire_occurred":1,"prediction":0.01}},{"type":"Feature","geometry":{"type":"Point","coordinates":[78.5,28.9]},"properties":{"region":2,"fire_occurred":1,"prediction":0.0097}},{"type":"Feature","geometry":{"type":"Point","coordinates":[78.8,14.6]},"properties":{"region":2,"fire_occurred":1,"prediction":0.0615}},{"type":"Feature","geometry":{"type":"Point","coordinates":[86.7,41.9]},"properties":{"region":2,"fire_occurred":1,"prediction":0.0056}},{"type":"Feature","geometry":{"type":"Point","coordinates":[90.2,44.7]},"properties":{"region":2,"fire_occurred":1,"prediction":0.008}},{"type":"Feature","geometry":{"type":"Point","coordinates":[95.9,22.8]},"properties":{"region":2,"fire_occurred":0,"prediction":0.1085}},{"type":"Feature","geometry":{"type":"Point","coordinates":[95.9,22.9]},"properties":{"region":2,"fire_occurred":0,"prediction":0.1549}},{"type":"Feature","geometry":{"type":"Point","coordinates":[96.0,22.6]},"properties":{"region":2,"fire_occurred":0,"prediction":0.1824}},{"type":"Feature","geometry":{"type":"Point","coordinates":[96.0,22.7]},"properties":{"region":2,"fire_occurred":0,"prediction":0.1433}},{"type":"Feature","geometry":{"type":"Point","coordinates":[96.0,22.8]},"properties":{"region":2,"fire_occurred":1,"prediction":0.2235}},{"type":"Feature","geometry":{"type":"Point","coordinates":[96.0,22.9]},"properties":{"region":2,"fire_occurred":0,"prediction":0.2469}},{"type":"Feature","geometry":{"type":"Point","coordinates":[96.1,22.3]},"properties":{"region":2,"fire_occurred":1,"prediction":0.05}},{"type":"Feature","geometry":{"type":"Point","coordinates":[96.1,22.5]},"properties":{"region":2,"fire_occurred":0,"prediction":0.1066}},{"type":"Feature","geometry":{"type":"Point","coordinates":[96.1,22.7]},"properties":{"region":2,"fire_occurred":1,"prediction":0.0909}},{"type":"Feature","geometry":{"type":"Point","coordinates":[96.2,21.9]},"properties":{"region":2,"fire_occurred":0,"prediction":0.1139}},{"type":"Feature","geometry":{"type":"Point","coordinates":[96.2,22.0]},"properties":{"region":2,"fire_occurred":0,"prediction":0.1414}},{"type":"Feature","geometry":{"type":"Point","coordinates":[96.2,23.1]},"properties":{"region":2,"fire_occurred":0,"prediction":0.1492}},{"type":"Feature","geometry":{"type":"Point","coordinates":[96.3,21.6]},"properties":{"region":2,"fire_occurred":0,"prediction":0.1102}},{"type":"Feature","geometry":{"type":"Point","coordinates":[96.3,22.1]},"properties":{"region":2,"fire_occurred":0,"prediction":0.1159}},{"type":"Feature","geometry":{"type":"Point","coordinates":[96.3,22.2]},"properties":{"region":2,"fire_occurred":0,"prediction":0.1013}},{"type":"Feature","geometry":{"type":"Point","coordinates":[96.4,22.0]},"properties":{"region":2,"fire_occurred":0,"prediction":0.1049}},{"type":"Feature","geometry":{"type":"Point","coordinates":[96.4,22.4]},"properties":{"region":2,"fire_occurred":0,"prediction":0.1033}},{"type":"Feature","geometry":{"type":"Point","coordinates":[96.4,23.2]},"properties":{"region":2,"fire_occurred":0,"prediction":0.1084}},{"type":"Feature","geometry":{"type":"Point","coordinates":[96.5,21.3]},"properties":{"region":2,"fire_occurred":0,"prediction":0.1169}},{"type":"Feature","geometry":{"type":"Point","coordinates":[96.5,22.3]},"properties":{"region":2,"fire_occurred":0,"prediction":0.1454}},{"type":"Feature","geometry":{"type":"Point","coordinates":[96.5,22.4]},"properties":{"region":2,"fire_occurred":0,"prediction":0.1848}},{"type":"Feature","geometry":{"type":"Point","coordinates":[96.6,22.1]},"properties":{"region":2,"fire_occurred":0,"prediction":0.1057}},{"type":"Feature","geometry":{"type":"Point","coordinates":[96.6,22.3]},"properties":{"region":2,"fire_occurred":0,"prediction":0.1515}},{"type":"Feature","geometry":{"type":"Point","coordinates":[96.7,22.2]},"properties":{"region":2,"fire_occurred":0,"prediction":0.1163}},{"type":"Feature","geometry":{"type":"Point","coordinates":[96.7,23.5]},"properties":{"region":2,"fire_occurred":0,"prediction":0.1105}},{"type":"Feature","geometry":{"type":"Point","coordinates":[96.8,21.0]},"properties":{"region":2,"fire_occurred":0,"prediction":0.1208}},{"type":"Feature","geometry":{"type":"Point","coordinates":[96.8,22.0]},"properties":{"region":2,"fire_occurred":0,"prediction":0.1327}},{"type":"Feature","geometry":{"type":"Point","coordinates":[96.8,22.1]},"properties":{"region":2,"fire_occurred":0,"prediction":0.1037}},{"type":"Feature","geometry":{"type":"Point","coordinates":[96.8,22.3]},"properties":{"region":2,"fire_occurred":0,"prediction":0.1589}},{"type":"Feature","geometry":{"type":"Point","coordinates":[96.9,22.1]},"properties":{"region":2,"fire_occurred":0,"prediction":0.1128}},{"type":"Feature","geometry":{"type":"Point","coordinates":[96.9,22.3]},"properties":{"region":2,"fire_occurred":1,"prediction":0.1842}},{"type":"Feature","geometry":{"type":"Point","coordinates":[96.9,22.4]},"properties":{"region":2,"fire_occurred":0,"prediction":0.1856}},{"type":"Feature","geometry":{"type":"Point","coordinates":[96.9,22.5]},"properties":{"region":2,"fire_occurred":1,"prediction":0.0236}},{"type":"Feature","geometry":{"type":"Point","coordinates":[103.8,37.5]},"properties":{"region":2,"fire_occurred":1,"prediction":0.0176}},{"type":"Feature","geometry":{"type":"Point","coordinates":[106.3,38.3]},"properties":{"region":2,"fire_occurred":0,"prediction":0.1075}},{"type":"Feature","geometry":{"type":"Point","coordinates":[106.3,38.6]},"properties":{"region":2,"fire_occurred":0,"prediction":0.1297}},{"type":"Feature","geometry":{"type":"Point","coordinates":[106.4,38.9]},"properties":{"region":2,"fire_occurred":1,"prediction":0.6342}},{"type":"Feature","geometry":{"type":"Point","coordinates":[106.7,39.4]},"properties":{"region":2,"fire_occurred":0,"prediction":0.1328}},{"type":"Feature","geometry":{"type":"Point","coordinates":[106.9,39.3]},"properties":{"region":2,"fire_occurred":0,"prediction":0.2505}},{"type":"Feature","geometry":{"type":"Point","coordinates":[106.9,40.5]},"properties":{"region":2,"fire_occurred":0,"prediction":0.102}},{"type":"Feature","geometry":{"type":"Point","coordinates":[108.1,41.0]},"properties":{"region":2,"fire_occurred":1,"prediction":0.0263}},{"type":"Feature","geometry":{"type":"Point","coordinates":[108.3,40.8]},"properties":{"region":2,"fire_occurred":0,"prediction":0.1049}},{"type":"Feature","geometry":{"type":"Point","coordinates":[108.3,40.9]},"properties":{"region":2,"fire_occurred":0,"prediction":0.1059}},{"type":"Feature","geometry":{"type":"Point","coordinates":[109.3,40.5]},"properties":{"region":2,"fire_occurred":0,"prediction":0.2837}},{"type":"Feature","geometry":{"type":"Point","coordinates":[109.4,39.6]},"properties":{"region":2,"fire_occurred":0,"prediction":0.103}},{"type":"Feature","geometry":{"type":"Point","coordinates":[109.7,38.0]},"properties":{"region":2,"fire_occurred":1,"prediction":0.0155}},{"type":"Feature","geometry":{"type":"Point","coordinates":[109.7,38.9]},"properties":{"region":2,"fire_occurred":1,"prediction":0.018}},{"type":"Feature","geometry":{"type":"Point","coordinates":[109.7,40.4]},"properties":{"region":2,"fire_occurred":0,"prediction":0.1392}},{"type":"Feature","geometry":{"type":"Point","coordinates":[109.7,40.6]},"properties":{"region":2,"fire_occurred":1,"prediction":0.7826}},{"type":"Feature","geometry":{"type":"Point","coordinates":[109.8,40.4]},"properties":{"region":2,"fire_occurred":0,"prediction":0.1517}},{"type":"Feature","geometry":{"type":"Point","coordinates":[109.9,38.6]},"properties":{"region":2,"fire_occurred":1,"prediction":0.0403}},{"type":"Feature","geometry":{"type":"Point","coordinates":[110.1,39.2]},"properties":{"region":2,"fire_occurred":1,"prediction":0.2207}},{"type":"Feature","geometry":{"type":"Point","coordinates":[110.1,39.4]},"properties":{"region":2,"fire_occurred":0,"prediction":0.3145}},{"type":"Feature","geometry":{"type":"Point","coordinates":[110.4,39.4]},"properties":{"region":2,"fire_occurred":0,"prediction":0.2351}},{"type":"Feature","geometry":{"type":"Point","coordinates":[110.4,40.4]},"properties":{"region":2,"fire_occurred":1,"prediction":0.0775}},{"type":"Feature","geometry":{"type":"Point","coordinates":[110.4,40.5]},"properties":{"region":2,"fire_occurred":0,"prediction":0.2499}},{"type":"Feature","geometry":{"type":"Point","coordinates":[110.5,39.3]},"properties":{"region":2,"fire_occurred":0,"prediction":0.2281}},{"type":"Feature","geometry":{"type":"Point","coordinates":[110.5,39.5]},"properties":{"region":2,"fire_occurred":1,"prediction":0.1773}},{"type":"Feature","geometry":{"type":"Point","coordinates":[110.5,40.4]},"properties":{"region":2,"fire_occurred":1,"prediction":0.1346}},{"type":"Feature","geometry":{"type":"Point","coordinates":[110.5,40.5]},"properties":{"region":2,"fire_occurred":1,"prediction":0.1995}},{"type":"Feature","geometry":{"type":"Point","coordinates":[110.6,39.9]},"properties":{"region":2,"fire_occurred":1,"prediction":0.0116}},{"type":"Feature","geometry":{"type":"Point","coordinates":[110.6,40.4]},"properties":{"region":2,"fire_occurred":1,"prediction":0.087}},{"type":"Feature","geometry":{"type":"Point","coordinates":[110.6,40.5]},"properties":{"region":2,"fire_occurred":1,"prediction":0.0468}},{"type":"Feature","geometry":{"type":"Point","coordinates":[110.6,41.1]},"properties":{"region":2,"fire_occurred":0,"prediction":0.1011}},{"type":"Feature","geometry":{"type":"Point","coordinates":[110.7,40.4]},"properties":{"region":2,"fire_occurred":1,"prediction":0.0163}},{"type":"Feature","geometry":{"type":"Point","coordinates":[110.7,40.5]},"properties":{"region":2,"fire_occurred":1,"prediction":0.0244}},{"type":"Feature","geometry":{"type":"Point","coordinates":[110.7,41.1]},"properties":{"region":2,"fire_occurred":0,"prediction":0.1279}},{"type":"Feature","geometry":{"type":"Point","coordinates":[110.8,40.4]},"properties":{"region":2,"fire_occurred":1,"prediction":0.1893}},{"type":"Feature","geometry":{"type":"Point","coordinates":[110.8,41.1]},"properties":{"region":2,"fire_occurred":0,"prediction":0.136}},{"type":"Feature","geometry":{"type":"Point","coordinates":[110.9,39.8]},"properties":{"region":2,"fire_occurred":1,"prediction":0.0375}},{"type":"Feature","geometry":{"type":"Point","coordinates":[110.9,40.3]},"properties":{"region":2,"fire_occurred":1,"prediction":0.0833}},{"type":"Feature","geometry":{"type":"Point","coordinates":[110.9,40.4]},"properties":{"region":2,"fire_occurred":0,"prediction":0.2244}},{"type":"Feature","geometry":{"type":"Point","coordinates":[110.9,41.1]},"properties":{"region":2,"fire_occurred":0,"prediction":0.1431}},{"type":"Feature","geometry":{"type":"Point","coordinates":[111.0,40.3]},"properties":{"region":2,"fire_occurred":0,"prediction":0.1829}},{"type":"Feature","geometry":{"type":"Point","coordinates":[111.1,40.3]},"properties":{"region":2,"fire_occurred":0,"prediction":0.1855}},{"type":"Feature","geometry":{"type":"Point","coordinates":[111.2,40.3]},"properties":{"region":2,"fire_occurred":0,"prediction":0.1679}},{"type":"Feature","geometry":{"type":"Point","coordinates":[111.3,40.2]},"properties":{"region":2,"fire_occurred":0,"prediction":0.3493}},{"type":"Feature","geometry":{"type":"Point","coordinates":[111.3,40.4]},"properties":{"region":2,"fire_occurred":0,"prediction":0.263}},{"type":"Feature","geometry":{"type":"Point","coordinates":[111.3,41.0]},"properties":{"region":2,"fire_occurred":0,"prediction":0.1069}},{"type":"Feature","geometry":{"type":"Point","coordinates":[111.4,39.2]},"properties":{"region":2,"fire_occurred":0,"prediction":0.1675}},{"type":"Feature","geometry":{"type":"Point","coordinates":[111.4,40.1]},"properties":{"region":2,"fire_occurred":1,"prediction":0.0665}},{"type":"Feature","geometry":{"type":"Point","coordinates":[111.4,40.5]},"properties":{"region":2,"fire_occurred":0,"prediction":0.1272}},{"type":"Feature","geometry":{"type":"Point","coordinates":[111.4,40.6]},"properties":{"region":2,"fire_occurred":0,"prediction":0.1561}},{"type":"Feature","geometry":{"type":"Point","coordinates":[111.4,41.1]},"properties":{"region":2,"fire_occurred":0,"prediction":0.1458}},{"type":"Feature","geometry":{"type":"Point","coordinates":[111.4,41.2]},"properties":{"region":2,"fire_occurred":0,"prediction":0.1228}},{"type":"Feature","geometry":{"type":"Point","coordinates":[111.5,38.2]},"properties":{"region":2,"fire_occurred":1,"prediction":0.0532}},{"type":"Feature","geometry":{"type":"Point","coordinates":[111.5,40.6]},"properties":{"region":2,"fire_occurred":0,"prediction":0.1349}},{"type":"Feature","geometry":{"type":"Point","coordinates":[111.5,41.1]},"properties":{"region":2,"fire_occurred":0,"prediction":0.1006}},{"type":"Feature","geometry":{"type":"Point","coordinates":[111.5,41.2]},"properties":{"region":2,"fire_occurred":0,"prediction":0.1259}},{"type":"Feature","geometry":{"type":"Point","coordinates":[111.6,38.3]},"properties":{"region":2,"fire_occurred":1,"prediction":0.0976}},{"type":"Feature","geometry":{"type":"Point","coordinates":[111.6,39.8]},"properties":{"region":2,"fire_occurred":0,"prediction":0.1128}},{"type":"Feature","geometry":{"type":"Point","coordinates":[111.6,40.5]},"properties":{"region":2,"fire_occurred":0,"prediction":0.3632}},{"type":"Feature","geometry":{"type":"Point","coordinates":[111.6,40.6]},"properties":{"region":2,"fire_occurred":0,"prediction":0.169}},{"type":"Feature","geometry":{"type":"Point","coordinates":[111.6,40.7]},"properties":{"region":2,"fire_occurred":0,"prediction":0.1808}},{"type":"Feature","geometry":{"type":"Point","coordinates":[111.7,36.3]},"properties":{"region":2,"fire_occurred":1,"prediction":0.0172}},{"type":"Feature","geometry":{"type":"Point","coordinates":[111.7,37.0]},"properties":{"region":2,"fire_occurred":0,"prediction":0.1914}},{"type":"Feature","geometry":{"type":"Point","coordinates":[111.7,39.0]},"properties":{"region":2,"fire_occurred":0,"prediction":0.1283}},{"type":"Feature","geometry":{"type":"Point","coordinates":[111.7,39.7]},"properties":{"region":2,"fire_occurred":0,"prediction":0.1051}},{"type":"Feature","geometry":{"type":"Point","coordinates":[111.7,39.8]},"properties":{"region":2,"fire_occurred":0,"prediction":0.1463}},{"type":"Feature","geometry":{"type":"Point","coordinates":[111.7,40.1]},"properties":{"region":2,"fire_occurred":1,"prediction":0.0254}},{"type":"Feature","geometry":{"type":"Point","coordinates":[111.7,40.6]},"properties":{"region":2,"fire_occurred":0,"prediction":0.1555}},{"type":"Feature","geometry":{"type":"Point","coordinates":[111.7,40.7]},"properties":{"region":2,"fire_occurred":0,"prediction":0.3378}},{"type":"Feature","geometry":{"type":"Point","coordinates":[111.8,37.0]},"properties":{"region":2,"fire_occurred":0,"prediction":0.4195}},{"type":"Feature","geometry":{"type":"Point","coordinates":[111.8,37.1]},"properties":{"region":2,"fire_occurred":0,"prediction":0.1434}},{"type":"Feature","geometry":{"type":"Point","coordinates":[111.8,39.0]},"properties":{"region":2,"fire_occurred":0,"prediction":0.1307}},{"type":"Feature","geometry":{"type":"Point","coordinates":[111.8,39.7]},"properties":{"region":2,"fire_occurred":0,"prediction":0.129}},{"type":"Feature","geometry":{"type":"Point","coordinates":[111.8,39.8]},"properties":{"region":2,"fire_occurred":0,"prediction":0.157}},{"type":"Feature","geometry":{"type":"Point","coordinates":[111.8,39.9]},"properties":{"region":2,"fire_occurred":0,"prediction":0.1265}},{"type":"Feature","geometry":{"type":"Point","coordinates":[111.8,40.1]},"properties":{"region":2,"fire_occurred":0,"prediction":0.1628}},{"type":"Feature","geometry":{"type":"Point","coordinates":[111.8,40.6]},"properties":{"region":2,"fire_occurred":0,"prediction":0.1246}},{"type":"Feature","geometry":{"type":"Point","coordinates":[111.9,39.7]},"properties":{"region":2,"fire_occurred":0,"prediction":0.139}},{"type":"Feature","geometry":{"type":"Point","coordinates":[111.9,39.8]},"properties":{"region":2,"fire_occurred":0,"prediction":0.1467}},{"type":"Feature","geometry":{"type":"Point","coordinates":[111.9,39.9]},"properties":{"region":2,"fire_occurred":0,"prediction":0.1172}},{"type":"Feature","geometry":{"type":"Point","coordinates":[111.9,40.0]},"properties":{"region":2,"fire_occurred":0,"prediction":0.1017}},{"type":"Feature","geometry":{"type":"Point","coordinates":[111.9,40.7]},"properties":{"region":2,"fire_occurred":0,"prediction":0.1786}},{"type":"Feature","geometry":{"type":"Point","coordinates":[112.0,37.0]},"properties":{"region":2,"fire_occurred":0,"prediction":0.1895}},{"type":"Feature","geometry":{"type":"Point","coordinates":[112.0,40.0]},"properties":{"region":2,"fire_occurred":0,"prediction":0.1114}},{"type":"Feature","geometry":{"type":"Point","coordinates":[112.1,37.1]},"properties":{"region":2,"fire_occurred":0,"prediction":0.1018}},{"type":"Feature","geometry":{"type":"Point","coordinates":[112.2,37.1]},"properties":{"region":2,"fire_occurred":0,"prediction":0.1062}},{"type":"Feature","geometry":{"type":"Point","coordinates":[112.3,37.2]},"properties":{"region":2,"fire_occurred":0,"prediction":0.1012}},{"type":"Feature","geometry":{"type":"Point","coordinates":[112.5,37.9]},"properties":{"region":2,"fire_occurred":0,"prediction":0.1997}},{"type":"Feature","geometry":{"type":"Point","coordinates":[112.6,36.6]},"properties":{"region":2,"fire_occurred":0,"prediction":0.1298}},{"type":"Feature","geometry":{"type":"Point","coordinates":[112.6,40.2]},"properties":{"region":2,"fire_occurred":0,"prediction":0.1213}},{"type":"Feature","geometry":{"type":"Point","coordinates":[112.7,36.1]},"properties":{"region":2,"fire_occurred":0,"prediction":0.1108}},{"type":"Feature","geometry":{"type":"Point","coordinates":[112.7,40.1]},"properties":{"region":2,"fire_occurred":0,"prediction":0.1067}},{"type":"Feature","geometry":{"type":"Point","coordinates":[112.7,40.2]},"properties":{"region":2,"fire_occurred":0,"prediction":0.1164}},{"type":"Feature","geometry":{"type":"Point","coordinates":[112.7,40.3]},"properties":{"region":2,"fire_occurred":0,"prediction":0.1094}},{"type":"Feature","geometry":{"type":"Point","coordinates":[112.8,36.1]},"properties":{"region":2,"fire_occurred":0,"prediction":0.1161}},{"type":"Feature","geometry":{"type":"Point","coordinates":[112.8,38.4]},"properties":{"region":2,"fire_occurred":0,"prediction":0.1041}},{"type":"Feature","geometry":{"type":"Point","coordinates":[112.8,40.1]},"properties":{"region":2,"fire_occurred":0,"prediction":0.1503}},{"type":"Feature","geometry":{"type":"Point","coordinates":[112.9,36.1]},"properties":{"region":2,"fire_occurred":0,"prediction":0.1732}},{"type":"Feature","geometry":{"type":"Point","coordinates":[112.9,37.6]},"properties":{"region":2,"fire_occurred":0,"prediction":0.1315}},{"type":"Feature","geometry":{"type":"Point","coordinates":[112.9,40.6]},"properties":{"region":2,"fire_occurred":0,"prediction":0.2054}},{"type":"Feature","geometry":{"type":"Point","coordinates":[112.9,40.8]},"properties":{"region":2,"fire_occurred":0,"prediction":0.1192}},{"type":"Feature","geometry":{"type":"Point","coordinates":[113.0,39.3]},"properties":{"region":2,"fire_occurred":1,"prediction":0.1024}},{"type":"Feature","geometry":{"type":"Point","coordinates":[113.0,39.4]},"properties":{"region":2,"fire_occurred":1,"prediction":0.0355}},{"type":"Feature","geometry":{"type":"Point","coordinates":[113.0,39.5]},"properties":{"region":2,"fire_occurred":1,"prediction":0.0821}},{"type":"Feature","geometry":{"type":"Point","coordinates":[113.1,39.1]},"properties":{"region":2,"fire_occurred":0,"prediction":0.134}},{"type":"Feature","geometry":{"type":"Point","coordinates":[113.1,39.4]},"properties":{"region":2,"fire_occurred":1,"prediction":0.0329}},{"type":"Feature","geometry":{"type":"Point","coordinates":[113.1,39.6]},"properties":{"region":2,"fire_occurred":0,"prediction":0.1735}},{"type":"Feature","geometry":{"type":"Point","coordinates":[113.2,39.4]},"properties":{"region":2,"fire_occurred":1,"prediction":0.3344}},{"type":"Feature","geometry":{"type":"Point","coordinates":[113.2,39.5]},"properties":{"region":2,"fire_occurred":1,"prediction":0.1456}},{"type":"Feature","geometry":{"type":"Point","coordinates":[113.2,39.6]},"properties":{"region":2,"fire_occurred":1,"prediction":0.2757}},{"type":"Feature","geometry":{"type":"Point","coordinates":[113.2,39.9]},"properties":{"region":2,"fire_occurred":1,"prediction":0.0944}},{"type":"Feature","geometry":{"type":"Point","coordinates":[113.3,38.0]},"properties":{"region":2,"fire_occurred":0,"prediction":0.2628}},{"type":"Feature","geometry":{"type":"Point","coordinates":[113.3,39.5]},"properties":{"region":2,"fire_occurred":1,"prediction":0.3366}},{"type":"Feature","geometry":{"type":"Point","coordinates":[113.4,39.6]},"properties":{"region":2,"fire_occurred":1,"prediction":0.2376}},{"type":"Feature","geometry":{"type":"Point","coordinates":[113.5,38.0]},"properties":{"region":2,"fire_occurred":0,"prediction":0.1434}},{"type":"Feature","geometry":{"type":"Point","coordinates":[113.5,39.6]},"properties":{"region":2,"fire_occurred":0,"prediction":0.1571}},{"type":"Feature","geometry":{"type":"Point","coordinates":[113.6,39.9]},"properties":{"region":2,"fire_occurred":1,"prediction":0.0835}},{"type":"Feature","geometry":{"type":"Point","coordinates":[113.7,39.5]},"properties":{"region":2,"fire_occurred":0,"prediction":0.1587}},{"type":"Feature","geometry":{"type":"Point","coordinates":[113.7,39.7]},"properties":{"region":2,"fire_occurred":1,"prediction":0.0893}},{"type":"Feature","geometry":{"type":"Point","coordinates":[113.7,39.9]},"properties":{"region":2,"fire_occurred":0,"prediction":0.1231}},{"type":"Feature","geometry":{"type":"Point","coordinates":[114.0,40.1]},"properties":{"region":2,"fire_occurred":1,"prediction":0.0242}},{"type":"Feature","geometry":{"type":"Point","coordinates":[114.0,40.3]},"properties":{"region":2,"fire_occurred":1,"prediction":0.074}},{"type":"Feature","geometry":{"type":"Point","coordinates":[114.0,40.4]},"properties":{"region":2,"fire_occurred":1,"prediction":0.051}},{"type":"Feature","geometry":{"type":"Point","coordinates":[114.1,40.4]},"properties":{"region":2,"fire_occurred":0,"prediction":0.1529}},{"type":"Feature","geometry":{"type":"Point","coordinates":[114.1,40.6]},"properties":{"region":2,"fire_occurred":1,"prediction":0.0295}},{"type":"Feature","geometry":{"type":"Point","coordinates":[114.2,40.6]},"properties":{"region":2,"fire_occurred":0,"prediction":0.1416}},{"type":"Feature","geometry":{"type":"Point","coordinates":[114.5,40.2]},"properties":{"region":2,"fire_occurred":1,"prediction":0.0552}},{"type":"Feature","geometry":{"type":"Point","coordinates":[114.7,40.3]},"properties":{"region":2,"fire_occurred":1,"prediction":0.0428}},{"type":"Feature","geometry":{"type":"Point","coordinates":[114.9,40.0]},"properties":{"region":2,"fire_occurred":1,"prediction":0.0501}},{"type":"Feature","geometry":{"type":"Point","coordinates":[115.0,38.9]},"properties":{"region":2,"fire_occurred":1,"prediction":0.0099}},{"type":"Feature","geometry":{"type":"Point","coordinates":[115.3,41.0]},"properties":{"region":2,"fire_occurred":0,"prediction":0.1267}},{"type":"Feature","geometry":{"type":"Point","coordinates":[115.3,41.1]},"properties":{"region":2,"fire_occurred":0,"prediction":0.1133}},{"type":"Feature","geometry":{"type":"Point","coordinates":[115.4,38.5]},"properties":{"region":2,"fire_occurred":1,"prediction":0.0072}},{"type":"Feature","geometry":{"type":"Point","coordinates":[115.8,39.2]},"properties":{"region":2,"fire_occurred":1,"prediction":0.0025}},{"type":"Feature","geometry":{"type":"Point","coordinates":[116.1,37.3]},"properties":{"region":2,"fire_occurred":1,"prediction":0.0087}},{"type":"Feature","geometry":{"type":"Point","coordinates":[116.3,38.0]},"properties":{"region":2,"fire_occurred":0,"prediction":0.1116}},{"type":"Feature","geometry":{"type":"Point","coordinates":[116.5,38.0]},"properties":{"region":2,"fire_occurred":0,"prediction":0.1126}},{"type":"Feature","geometry":{"type":"Point","coordinates":[116.5,38.1]},"properties":{"region":2,"fire_occurred":1,"prediction":0.0151}},{"type":"Feature","geometry":{"type":"Point","coordinates":[116.5,38.3]},"properties":{"region":2,"fire_occurred":0,"prediction":0.1634}},{"type":"Feature","geometry":{"type":"Point","coordinates":[116.6,38.0]},"properties":{"region":2,"fire_occurred":1,"prediction":0.035}},{"type":"Feature","geometry":{"type":"Point","coordinates":[116.7,38.0]},"properties":{"region":2,"fire_occurred":0,"prediction":0.1518}},{"type":"Feature","geometry":{"type":"Point","coordinates":[116.8,38.3]},"properties":{"region":2,"fire_occurred":0,"prediction":0.1014}},{"type":"Feature","geometry":{"type":"Point","coordinates":[116.9,38.8]},"properties":{"region":2,"fire_occurred":0,"prediction":0.2289}},{"type":"Feature","geometry":{"type":"Point","coordinates":[117.0,38.7]},"properties":{"region":2,"fire_occurred":0,"prediction":0.1394}},{"type":"Feature","geometry":{"type":"Point","coordinates":[117.1,38.7]},"properties":{"region":2,"fire_occurred":0,"prediction":0.1243}},{"type":"Feature","geometry":{"type":"Point","coordinates":[117.2,38.5]},"properties":{"region":2,"fire_occurred":0,"prediction":0.4049}},{"type":"Feature","geometry":{"type":"Point","coordinates":[117.5,-23.7]},"properties":{"region":2,"fire_occurred":1,"prediction":0.0007}},{"type":"Feature","geometry":{"type":"Point","coordinates":[117.8,39.4]},"properties":{"region":2,"fire_occurred":0,"prediction":0.1046}},{"type":"Feature","geometry":{"type":"Point","coordinates":[118.4,39.6]},"properties":{"region":2,"fire_occurred":0,"prediction":0.1091}},{"type":"Feature","geometry":{"type":"Point","coordinates":[119.1,-20.4]},"properties":{"region":2,"fire_occurred":1,"prediction":0.0007}},{"type":"Feature","geometry":{"type":"Point","coordinates":[121.4,-30.9]},"properties":{"region":2,"fire_occurred":1,"prediction":0.633}},{"type":"Feature","geometry":{"type":"Point","coordinates":[132.7,-23.3]},"properties":{"region":2,"fire_occurred":0,"prediction":0.1066}},{"type":"Feature","geometry":{"type":"Point","coordinates":[133.7,-32.0]},"properties":{"region":2,"fire_occurred":0,"prediction":0.1273}},{"type":"Feature","geometry":{"type":"Point","coordinates":[134.6,-31.2]},"properties":{"region":2,"fire_occurred":0,"prediction":0.1418}},{"type":"Feature","geometry":{"type":"Point","coordinates":[134.6,-31.0]},"properties":{"region":2,"fire_occurred":0,"prediction":0.1296}},{"type":"Feature","geometry":{"type":"Point","coordinates":[134.7,-31.1]},"properties":{"region":2,"fire_occurred":0,"prediction":0.12}},{"type":"Feature","geometry":{"type":"Point","coordinates":[136.8,-30.5]},"properties":{"region":2,"fire_occurred":0,"prediction":0.3545}},{"type":"Feature","geometry":{"type":"Point","coordinates":[137.1,-33.0]},"properties":{"region":2,"fire_occurred":0,"prediction":0.1047}},{"type":"Feature","geometry":{"type":"Point","coordinates":[137.2,-33.0]},"properties":{"region":2,"fire_occurred":0,"prediction":0.1}},{"type":"Feature","geometry":{"type":"Point","coordinates":[137.5,-33.1]},"properties":{"region":2,"fire_occurred":0,"prediction":0.2054}},{"type":"Feature","geometry":{"type":"Point","coordinates":[137.5,-33.0]},"properties":{"region":2,"fire_occurred":0,"prediction":0.1098}},{"type":"Feature","geometry":{"type":"Point","coordinates":[139.4,-20.8]},"properties":{"region":2,"fire_occurred":1,"prediction":0.1295}},{"type":"Feature","geometry":{"type":"Point","coordinates":[140.7,-22.3]},"properties":{"region":2,"fire_occurred":0,"prediction":0.1425}},{"type":"Feature","geometry":{"type":"Point","coordinates":[141.3,-22.6]},"properties":{"region":2,"fire_occurred":0,"prediction":0.2172}},{"type":"Feature","geometry":{"type":"Point","coordinates":[142.2,-33.8]},"properties":{"region":2,"fire_occurred":0,"prediction":0.1396}},{"type":"Feature","geometry":{"type":"Point","coordinates":[145.2,-20.9]},"properties":{"region":2,"fire_occurred":1,"prediction":0.0084}},{"type":"Feature","geometry":{"type":"Point","coordinates":[145.8,-34.3]},"properties":{"region":2,"fire_occurred":1,"prediction":0.0257}},{"type":"Feature","geometry":{"type":"Point","coordinates":[146.0,-34.7]},"properties":{"region":2,"fire_occurred":0,"prediction":0.1303}},{"type":"Feature","geometry":{"type":"Point","coordinates":[146.1,-34.6]},"properties":{"region":2,"fire_occurred":0,"prediction":0.1055}},{"type":"Feature","geometry":{"type":"Point","coordinates":[146.2,-34.6]},"properties":{"region":2,"fire_occurred":1,"prediction":0.0049}},{"type":"Feature","geometry":{"type":"Point","coordinates":[146.3,-34.4]},"properties":{"region":2,"fire_occurred":0,"prediction":0.1497}},{"type":"Feature","geometry":{"type":"Point","coordinates":[146.5,-33.3]},"properties":{"region":2,"fire_occurred":1,"prediction":0.0011}},{"type":"Feature","geometry":{"type":"Point","coordinates":[146.6,-23.6]},"properties":{"region":2,"fire_occurred":1,"prediction":0.0009}},{"type":"Feature","geometry":{"type":"Point","coordinates":[146.9,-26.5]},"properties":{"region":2,"fire_occurred":0,"prediction":0.1137}},{"type":"Feature","geometry":{"type":"Point","coordinates":[147.0,-33.1]},"properties":{"region":2,"fire_occurred":1,"prediction":0.0006}},{"type":"Feature","geometry":{"type":"Point","coordinates":[147.0,-31.2]},"properties":{"region":2,"fire_occurred":0,"prediction":0.1531}},{"type":"Feature","geometry":{"type":"Point","coordinates":[147.1,-26.8]},"properties":{"region":2,"fire_occurred":0,"prediction":0.2816}},{"type":"Feature","geometry":{"type":"Point","coordinates":[147.7,-31.2]},"properties":{"region":2,"fire_occurred":1,"prediction":0.0037}},{"type":"Feature","geometry":{"type":"Point","coordinates":[147.9,-33.4]},"properties":{"region":2,"fire_occurred":1,"prediction":0.0432}},{"type":"Feature","geometry":{"type":"Point","coordinates":[147.9,-23.9]},"properties":{"region":2,"fire_occurred":0,"prediction":0.1063}},{"type":"Feature","geometry":{"type":"Point","coordinates":[148.5,-27.3]},"properties":{"region":2,"fire_occurred":0,"prediction":0.1499}},{"type":"Feature","geometry":{"type":"Point","coordinates":[148.6,-26.9]},"properties":{"region":2,"fire_occurred":0,"prediction":0.1301}},{"type":"Feature","geometry":{"type":"Point","coordinates":[149.4,-29.7]},"properties":{"region":2,"fire_occurred":1,"prediction":0.002}},{"type":"Feature","geometry":{"type":"Point","coordinates":[150.2,-24.1]},"properties":{"region":2,"fire_occurred":1,"prediction":0.0011}},{"type":"Feature","geometry":{"type":"Point","coordinates":[150.8,-27.0]},"properties":{"region":2,"fire_occurred":1,"prediction":0.0006}},{"type":"Feature","geometry":{"type":"Point","coordinates":[150.9,-27.0]},"properties":{"region":2,"fire_occurred":1,"prediction":0.001}},{"type":"Feature","geometry":{"type":"Point","coordinates":[-121.0,37.5]},"properties":{"region":3,"fire_occurred":0,"prediction":0.1952}},{"type":"Feature","geometry":{"type":"Point","coordinates":[-120.8,37.2]},"properties":{"region":3,"fire_occurred":0,"prediction":0.1079}},{"type":"Feature","geometry":{"type":"Point","coordinates":[-120.8,37.4]},"properties":{"region":3,"fire_occurred":0,"prediction":0.1735}},{"type":"Feature","geometry":{"type":"Point","coordinates":[-120.7,37.2]},"properties":{"region":3,"fire_occurred":0,"prediction":0.1618}},{"type":"Feature","geometry":{"type":"Point","coordinates":[-120.6,37.0]},"properties":{"region":3,"fire_occurred":0,"prediction":0.1547}},{"type":"Feature","geometry":{"type":"Point","coordinates":[-120.6,37.1]},"properties":{"region":3,"fire_occurred":0,"prediction":0.1435}},{"type":"Feature","geometry":{"type":"Point","coordinates":[-120.6,37.5]},"properties":{"region":3,"fire_occurred":0,"prediction":0.1228}},{"type":"Feature","geometry":{"type":"Point","coordinates":[-120.5,37.0]},"properties":{"region":3,"fire_occurred":0,"prediction":0.1127}},{"type":"Feature","geometry":{"type":"Point","coordinates":[-120.4,37.0]},"properties":{"region":3,"fire_occurred":0,"prediction":0.1088}},{"type":"Feature","geometry":{"type":"Point","coordinates":[-120.4,37.1]},"properties":{"region":3,"fire_occurred":0,"prediction":0.1805}},{"type":"Feature","geometry":{"type":"Point","coordinates":[-120.3,37.0]},"properties":{"region":3,"fire_occurred":0,"prediction":0.1387}},{"type":"Feature","geometry":{"type":"Point","coordinates":[-120.2,37.2]},"properties":{"region":3,"fire_occurred":0,"prediction":0.1497}},{"type":"Feature","geometry":{"type":"Point","coordinates":[-120.1,37.9]},"properties":{"region":3,"fire_occurred":0,"prediction":0.1015}},{"type":"Feature","geometry":{"type":"Point","coordinates":[-120.0,36.5]},"properties":{"region":3,"fire_occurred":0,"prediction":0.1789}},{"type":"Feature","geometry":{"type":"Point","coordinates":[-119.9,36.5]},"properties":{"region":3,"fire_occurred":0,"prediction":0.105}},{"type":"Feature","geometry":{"type":"Point","coordinates":[-119.8,36.6]},"properties":{"region":3,"fire_occurred":0,"prediction":0.1308}},{"type":"Feature","geometry":{"type":"Point","coordinates":[-119.7,36.4]},"properties":{"region":3,"fire_occurred":1,"prediction":0.0886}},{"type":"Feature","geometry":{"type":"Point","coordinates":[-119.6,36.5]},"properties":{"region":3,"fire_occurred":0,"prediction":0.1216}},{"type":"Feature","geometry":{"type":"Point","coordinates":[-102.6,21.0]},"properties":{"region":3,"fire_occurred":0,"prediction":0.1016}},{"type":"Feature","geometry":{"type":"Point","coordinates":[-102.6,22.9]},"properties":{"region":3,"fire_occurred":1,"prediction":0.0199}},{"type":"Feature","geometry":{"type":"Point","coordinates":[-102.5,21.5]},"properties":{"region":3,"fire_occurred":1,"prediction":0.0438}},{"type":"Feature","geometry":{"type":"Point","coordinates":[-102.4,21.5]},"properties":{"region":3,"fire_occurred":1,"prediction":0.0365}},{"type":"Feature","geometry":{"type":"Point","coordinates":[-102.2,21.0]},"properties":{"region":3,"fire_occurred":0,"prediction":0.1319}},{"type":"Feature","geometry":{"type":"Point","coordinates":[-102.2,22.9]},"properties":{"region":3,"fire_occurred":1,"prediction":0.0289}},{"type":"Feature","geometry":{"type":"Point","coordinates":[-99.3,20.0]},"properties":{"region":3,"fire_occurred":0,"prediction":0.1023}},{"type":"Feature","geometry":{"type":"Point","coordinates":[-98.7,19.1]},"properties":{"region":3,"fire_occurred":0,"prediction":0.169}},{"type":"Feature","geometry":{"type":"Point","coordinates":[-98.2,20.1]},"properties":{"region":3,"fire_occurred":1,"prediction":0.0029}},{"type":"Feature","geometry":{"type":"Point","coordinates":[-98.1,19.2]},"properties":{"region":3,"fire_occurred":0,"prediction":0.1091}},{"type":"Feature","geometry":{"type":"Point","coordinates":[-89.5,15.0]},"properties":{"region":3,"fire_occurred":0,"prediction":0.1083}},{"type":"Feature","geometry":{"type":"Point","coordinates":[-76.3,-7.4]},"properties":{"region":3,"fire_occurred":1,"prediction":0.0001}},{"type":"Feature","geometry":{"type":"Point","coordinates":[-76.3,-7.2]},"properties":{"region":3,"fire_occurred":1,"prediction":0.0018}},{"type":"Feature","geometry":{"type":"Point","coordinates":[-74.8,7.2]},"properties":{"region":3,"fire_occurred":0,"prediction":0.1139}},{"type":"Feature","geometry":{"type":"Point","coordinates":[-74.8,7.4]},"properties":{"region":3,"fire_occurred":0,"prediction":0.1143}},{"type":"Feature","geometry":{"type":"Point","coordinates":[-74.7,7.2]},"properties":{"region":3,"fire_occurred":0,"prediction":0.1044}},{"type":"Feature","geometry":{"type":"Point","coordinates":[-74.6,7.1]},"properties":{"region":3,"fire_occurred":0,"prediction":0.1513}},{"type":"Feature","geometry":{"type":"Point","coordinates":[-72.5,5.6]},"properties":{"region":3,"fire_occurred":0,"prediction":0.1028}},{"type":"Feature","geometry":{"type":"Point","coordinates":[-72.4,-38.1]},"properties":{"region":3,"fire_occurred":1,"prediction":0.0034}},{"type":"Feature","geometry":{"type":"Point","coordinates":[-71.5,-35.6]},"properties":{"region":3,"fire_occurred":0,"prediction":0.1536}},{"type":"Feature","geometry":{"type":"Point","coordinates":[-71.2,-41.9]},"properties":{"region":3,"fire_occurred":0,"prediction":0.1046}},{"type":"Feature","geometry":{"type":"Point","coordinates":[-71.0,-32.9]},"properties":{"region":3,"fire_occurred":1,"prediction":0.1492}},{"type":"Feature","geometry":{"type":"Point","coordinates":[-70.5,-34.2]},"properties":{"region":3,"fire_occurred":1,"prediction":0.6581}},{"type":"Feature","geometry":{"type":"Point","coordinates":[-69.9,9.1]},"properties":{"region":3,"fire_occurred":0,"prediction":0.1085}},{"type":"Feature","geometry":{"type":"Point","coordinates":[-69.6,9.1]},"properties":{"region":3,"fire_occurred":0,"prediction":0.1031}},{"type":"Feature","geometry":{"type":"Point","coordinates":[-69.4,9.1]},"properties":{"region":3,"fire_occurred":0,"prediction":0.1493}},{"type":"Feature","geometry":{"type":"Point","coordinates":[-69.3,9.1]},"properties":{"region":3,"fire_occurred":0,"prediction":0.1004}},{"type":"Feature","geometry":{"type":"Point","coordinates":[-69.1,-33.6]},"properties":{"region":3,"fire_occurred":0,"prediction":0.1568}},{"type":"Feature","geometry":{"type":"Point","coordinates":[-68.9,-33.1]},"properties":{"region":3,"fire_occurred":0,"prediction":0.1908}},{"type":"Feature","geometry":{"type":"Point","coordinates":[-65.4,-31.9]},"properties":{"region":3,"fire_occurred":0,"prediction":0.1284}},{"type":"Feature","geometry":{"type":"Point","coordinates":[-65.3,-32.7]},"properties":{"region":3,"fire_occurred":1,"prediction":0.0005}},{"type":"Feature","geometry":{"type":"Point","coordinates":[-64.9,-25.5]},"properties":{"region":3,"fire_occurred":1,"prediction":0.002}},{"type":"Feature","geometry":{"type":"Point","coordinates":[-63.0,-30.2]},"properties":{"region":3,"fire_occurred":1,"prediction":0.0258}},{"type":"Feature","geometry":{"type":"Point","coordinates":[-62.9,-25.9]},"properties":{"region":3,"fire_occurred":0,"prediction":0.1505}},{"type":"Feature","geometry":{"type":"Point","coordinates":[-62.8,-27.7]},"properties":{"region":3,"fire_occurred":0,"prediction":0.1062}},{"type":"Feature","geometry":{"type":"Point","coordinates":[-62.7,-32.9]},"properties":{"region":3,"fire_occurred":1,"prediction":0.1259}},{"type":"Feature","geometry":{"type":"Point","coordinates":[-62.3,-22.0]},"properties":{"region":3,"fire_occurred":0,"prediction":0.1175}},{"type":"Feature","geometry":{"type":"Point","coordinates":[-62.1,-29.6]},"properties":{"region":3,"fire_occurred":0,"prediction":0.108}},{"type":"Feature","geometry":{"type":"Point","coordinates":[-62.0,-21.8]},"properties":{"region":3,"fire_occurred":0,"prediction":0.1061}},{"type":"Feature","geometry":{"type":"Point","coordinates":[-61.9,-29.4]},"properties":{"region":3,"fire_occurred":0,"prediction":0.2022}},{"type":"Feature","geometry":{"type":"Point","coordinates":[-61.9,-22.9]},"properties":{"region":3,"fire_occurred":0,"prediction":0.1455}},{"type":"Feature","geometry":{"type":"Point","coordinates":[-61.9,-22.6]},"properties":{"region":3,"fire_occurred":0,"prediction":0.1681}},{"type":"Feature","geometry":{"type":"Point","coordinates":[-61.8,-21.3]},"properties":{"region":3,"fire_occurred":0,"prediction":0.1168}},{"type":"Feature","geometry":{"type":"Point","coordinates":[-61.7,-29.6]},"properties":{"region":3,"fire_occurred":1,"prediction":0.0043}},{"type":"Feature","geometry":{"type":"Point","coordinates":[-61.7,-29.4]},"properties":{"region":3,"fire_occurred":1,"prediction":0.0079}},{"type":"Feature","geometry":{"type":"Point","coordinates":[-61.7,-28.2]},"properties":{"region":3,"fire_occurred":1,"prediction":0.1119}},{"type":"Feature","geometry":{"type":"Point","coordinates":[-61.7,-26.0]},"properties":{"region":3,"fire_occurred":0,"prediction":0.1787}},{"type":"Feature","geometry":{"type":"Point","coordinates":[-61.7,-25.9]},"properties":{"region":3,"fire_occurred":0,"prediction":0.1511}},{"type":"Feature","geometry":{"type":"Point","coordinates":[-61.6,-34.9]},"properties":{"region":3,"fire_occurred":1,"prediction":0.1016}},{"type":"Feature","geometry":{"type":"Point","coordinates":[-61.6,-29.5]},"properties":{"region":3,"fire_occurred":1,"prediction":0.1793}},{"type":"Feature","geometry":{"type":"Point","coordinates":[-61.6,-28.2]},"properties":{"region":3,"fire_occurred":1,"prediction":0.0062}},{"type":"Feature","geometry":{"type":"Point","coordinates":[-61.6,-28.0]},"properties":{"region":3,"fire_occurred":0,"prediction":0.1148}},{"type":"Feature","geometry":{"type":"Point","coordinates":[-61.5,-29.7]},"properties":{"region":3,"fire_occurred":1,"prediction":0.0111}},{"type":"Feature","geometry":{"type":"Point","coordinates":[-61.5,-28.2]},"properties":{"region":3,"fire_occurred":0,"prediction":0.132}},{"type":"Feature","geometry":{"type":"Point","coordinates":[-61.5,-22.7]},"properties":{"region":3,"fire_occurred":0,"prediction":0.1387}},{"type":"Feature","geometry":{"type":"Point","coordinates":[-61.4,-35.7]},"properties":{"region":3,"fire_occurred":1,"prediction":0.2124}},{"type":"Feature","geometry":{"type":"Point","coordinates":[-61.4,-29.6]},"properties":{"region":3,"fire_occurred":0,"prediction":0.3487}},{"type":"Feature","geometry":{"type":"Point","coordinates":[-61.4,-26.8]},"properties":{"region":3,"fire_occurred":0,"prediction":0.1155}},{"type":"Feature","geometry":{"type":"Point","coordinates":[-61.3,-30.3]},"properties":{"region":3,"fire_occurred":1,"prediction":0.0127}},{"type":"Feature","geometry":{"type":"Point","coordinates":[-61.3,-29.6]},"properties":{"region":3,"fire_occurred":0,"prediction":0.1298}},{"type":"Feature","geometry":{"type":"Point","coordinates":[-61.3,-28.8]},"properties":{"region":3,"fire_occurred":1,"prediction":0.0258}},{"type":"Feature","geometry":{"type":"Point","coordinates":[-61.2,-36.3]},"properties":{"region":3,"fire_occurred":1,"prediction":0.0695}},{"type":"Feature","geometry":{"type":"Point","coordinates":[-61.2,-33.1]},"properties":{"region":3,"fire_occurred":0,"prediction":0.1577}},{"type":"Feature","geometry":{"type":"Point","coordinates":[-61.2,-28.9]},"properties":{"region":3,"fire_occurred":1,"prediction":0.0646}},{"type":"Feature","geometry":{"type":"Point","coordinates":[-61.1,-34.3]},"properties":{"region":3,"fire_occurred":1,"prediction":0.0298}},{"type":"Feature","geometry":{"type":"Point","coordinates":[-61.1,-31.6]},"properties":{"region":3,"fire_occurred":1,"prediction":0.0197}},{"type":"Feature","geometry":{"type":"Point","coordinates":[-61.1,-29.8]},"properties":{"region":3,"fire_occurred":1,"prediction":0.208}},{"type":"Feature","geometry":{"type":"Point","coordinates":[-61.1,-29.6]},"properties":{"region":3,"fire_occurred":0,"prediction":0.2568}},{"type":"Feature","geometry":{"type":"Point","coordinates":[-61.1,-29.4]},"properties":{"region":3,"fire_occurred":1,"prediction":0.0586}},{"type":"Feature","geometry":{"type":"Point","coordinates":[-61.1,-29.3]},"properties":{"region":3,"fire_occurred":1,"prediction":0.0323}},{"type":"Feature","geometry":{"type":"Point","coordinates":[-61.1,-28.3]},"properties":{"region":3,"fire_occurred":0,"prediction":0.1937}},{"type":"Feature","geometry":{"type":"Point","coordinates":[-61.1,-28.2]},"properties":{"region":3,"fire_occurred":1,"prediction":0.011}},{"type":"Feature","geometry":{"type":"Point","coordinates":[-61.1,-25.9]},"properties":{"region":3,"fire_occurred":0,"prediction":0.1618}},{"type":"Feature","geometry":{"type":"Point","coordinates":[-61.1,-22.9]},"properties":{"region":3,"fire_occurred":0,"prediction":0.1427}},{"type":"Feature","geometry":{"type":"Point","coordinates":[-61.0,-31.5]},"properties":{"region":3,"fire_occurred":1,"prediction":0.0572}},{"type":"Feature","geometry":{"type":"Point","coordinates":[-61.0,-26.2]},"properties":{"region":3,"fire_occurred":0,"prediction":0.1004}},{"type":"Feature","geometry":{"type":"Point","coordinates":[-61.0,-24.3]},"properties":{"region":3,"fire_occurred":0,"prediction":0.2252}},{"type":"Feature","geometry":{"type":"Point","coordinates":[-60.9,-38.6]},"properties":{"region":3,"fire_occurred":1,"prediction":0.0022}},{"type":"Feature","geometry":{"type":"Point","coordinates":[-60.9,-35.5]},"properties":{"region":3,"fire_occurred":1,"prediction":0.2917}},{"type":"Feature","geometry":{"type":"Point","coordinates":[-60.9,-29.1]},"properties":{"region":3,"fire_occurred":0,"prediction":0.2088}},{"type":"Feature","geometry":{"type":"Point","coordinates":[-60.9,-28.9]},"properties":{"region":3,"fire_occurred":0,"prediction":0.1436}},{"type":"Feature","geometry":{"type":"Point","coordinates":[-60.9,-28.4]},"properties":{"region":3,"fire_occurred":0,"prediction":0.2602}},{"type":"Feature","geometry":{"type":"Point","coordinates":[-60.9,-24.2]},"properties":{"region":3,"fire_occurred":0,"prediction":0.1851}},{"type":"Feature","geometry":{"type":"Point","coordinates":[-60.9,-23.7]},"properties":{"region":3,"fire_occurred":1,"prediction":0.1948}},{"type":"Feature","geometry":{"type":"Point","coordinates":[-60.9,-23.2]},"properties":{"region":3,"fire_occurred":0,"prediction":0.1213}},{"type":"Feature","geometry":{"type":"Point","coordinates":[-60.8,-38.6]},"properties":{"region":3,"fire_occurred":1,"prediction":0.002}},{"type":"Feature","geometry":{"type":"Point","coordinates":[-60.8,-34.3]},"properties":{"region":3,"fire_occurred":1,"prediction":0.063}},{"type":"Feature","geometry":{"type":"Point","coordinates":[-60.8,-31.7]},"properties":{"region":3,"fire_occurred":1,"prediction":0.011}},{"type":"Feature","geometry":{"type":"Point","coordinates":[-60.8,-29.3]},"properties":{"region":3,"fire_occurred":0,"prediction":0.1241}},{"type":"Feature","geometry":{"type":"Point","coordinates":[-60.8,-29.1]},"properties":{"region":3,"fire_occurred":0,"prediction":0.161}},{"type":"Feature","geometry":{"type":"Point","coordinates":[-60.8,-28.4]},"properties":{"region":3,"fire_occurred":0,"prediction":0.1641}},{"type":"Feature","geometry":{"type":"Point","coordinates":[-60.7,-31.4]},"properties":{"region":3,"fire_occurred":0,"prediction":0.135}},{"type":"Feature","geometry":{"type":"Point","coordinates":[-60.7,-28.9]},"properties":{"region":3,"fire_occurred":0,"prediction":0.2083}},{"type":"Feature","geometry":{"type":"Point","coordinates":[-60.7,-28.4]},"properties":{"region":3,"fire_occurred":0,"prediction":0.1385}},{"type":"Feature","geometry":{"type":"Point","coordinates":[-60.7,-23.5]},"properties":{"region":3,"fire_occurred":1,"prediction":0.0206}},{"type":"Feature","geometry":{"type":"Point","coordinates":[-60.6,-28.3]},"properties":{"region":3,"fire_occurred":0,"prediction":0.2106}},{"type":"Feature","geometry":{"type":"Point","coordinates":[-60.6,-28.2]},"properties":{"region":3,"fire_occurred":1,"prediction":0.0261}},{"type":"Feature","geometry":{"type":"Point","coordinates":[-60.5,-35.2]},"properties":{"region":3,"fire_occurred":1,"prediction":0.2223}},{"type":"Feature","geometry":{"type":"Point","coordinates":[-60.5,-34.7]},"properties":{"region":3,"fire_occurred":1,"prediction":0.2718}},{"type":"Feature","geometry":{"type":"Point","coordinates":[-60.5,-27.9]},"properties":{"region":3,"fire_occurred":0,"prediction":0.342}},{"type":"Feature","geometry":{"type":"Point","coordinates":[-60.5,-27.8]},"properties":{"region":3,"fire_occurred":0,"prediction":0.2179}},{"type":"Feature","geometry":{"type":"Point","coordinates":[-60.5,-27.6]},"properties":{"region":3,"fire_occurred":1,"prediction":0.0026}},{"type":"Feature","geometry":{"type":"Point","coordinates":[-60.5,-27.2]},"properties":{"region":3,"fire_occurred":1,"prediction":0.009}},{"type":"Feature","geometry":{"type":"Point","coordinates":[-60.5,-24.7]},"properties":{"region":3,"fire_occurred":0,"prediction":0.1023}},{"type":"Feature","geometry":{"type":"Point","coordinates":[-60.5,-24.6]},"properties":{"region":3,"fire_occurred":0,"prediction":0.1633}},{"type":"Feature","geometry":{"type":"Point","coordinates":[-60.5,-23.2]},"properties":{"region":3,"fire_occurred":1,"prediction":0.0109}},{"type":"Feature","geometry":{"type":"Point","coordinates":[-60.4,-24.5]},"properties":{"region":3,"fire_occurred":0,"prediction":0.1419}},{"type":"Feature","geometry":{"type":"Point","coordinates":[-60.4,-24.4]},"properties":{"region":3,"fire_occurred":1,"prediction":0.0112}},{"type":"Feature","geometry":{"type":"Point","coordinates":[-60.4,-23.2]},"properties":{"region":3,"fire_occurred":1,"prediction":0.0182}},{"type":"Feature","geometry":{"type":"Point","coordinates":[-60.3,-33.3]},"properties":{"region":3,"fire_occurred":0,"prediction":0.1625}},{"type":"Feature","geometry":{"type":"Point","coordinates":[-60.3,-32.9]},"properties":{"region":3,"fire_occurred":0,"prediction":0.1943}},{"type":"Feature","geometry":{"type":"Point","coordinates":[-60.3,-28.6]},"properties":{"region":3,"fire_occurred":1,"prediction":0.0326}},{"type":"Feature","geometry":{"type":"Point","coordinates":[-60.3,-28.2]},"properties":{"region":3,"fire_occurred":0,"prediction":0.1766}},{"type":"Feature","geometry":{"type":"Point","coordinates":[-60.3,-24.8]},"properties":{"region":3,"fire_occurred":0,"prediction":0.1345}},{"type":"Feature","geometry":{"type":"Point","coordinates":[-60.3,-24.3]},"properties":{"region":3,"fire_occurred":0,"prediction":0.1329}},{"type":"Feature","geometry":{"type":"Point","coordinates":[-60.2,-35.5]},"properties":{"region":3,"fire_occurred":1,"prediction":0.1379}},{"type":"Feature","geometry":{"type":"Point","coordinates":[-60.2,-33.4]},"properties":{"region":3,"fire_occurred":1,"prediction":0.3114}},{"type":"Feature","geometry":{"type":"Point","coordinates":[-60.2,-32.7]},"properties":{"region":3,"fire_occurred":1,"prediction":0.0228}},{"type":"Feature","geometry":{"type":"Point","coordinates":[-60.2,-25.5]},"properties":{"region":3,"fire_occurred":0,"prediction":0.1272}},{"type":"Feature","geometry":{"type":"Point","coordinates":[-60.0,-29.7]},"properties":{"region":3,"fire_occurred":1,"prediction":0.0442}},{"type":"Feature","geometry":{"type":"Point","coordinates":[-60.0,-23.9]},"properties":{"region":3,"fire_occurred":1,"prediction":0.0141}},{"type":"Feature","geometry":{"type":"Point","coordinates":[-60.0,-23.3]},"properties":{"region":3,"fire_occurred":1,"prediction":0.015}},{"type":"Feature","geometry":{"type":"Point","coordinates":[-59.9,-36.8]},"properties":{"region":3,"fire_occurred":0,"prediction":0.1709}},{"type":"Feature","geometry":{"type":"Point","coordinates":[-59.9,-31.2]},"properties":{"region":3,"fire_occurred":1,"prediction":0.0086}},{"type":"Feature","geometry":{"type":"Point","coordinates":[-59.9,-23.3]},"properties":{"region":3,"fire_occurred":1,"prediction":0.0179}},{"type":"Feature","geometry":{"type":"Point","coordinates":[-59.8,-35.7]},"properties":{"region":3,"fire_occurred":1,"prediction":0.0079}},{"type":"Feature","geometry":{"type":"Point","coordinates":[-59.8,-26.2]},"properties":{"region":3,"fire_occurred":1,"prediction":0.0129}},{"type":"Feature","geometry":{"type":"Point","coordinates":[-59.8,-24.1]},"properties":{"region":3,"fire_occurred":0,"prediction":0.3213}},{"type":"Feature","geometry":{"type":"Point","coordinates":[-59.7,-25.6]},"properties":{"region":3,"fire_occurred":1,"prediction":0.0307}},{"type":"Feature","geometry":{"type":"Point","coordinates":[-59.6,-33.9]},"properties":{"region":3,"fire_occurred":0,"prediction":0.1602}},{"type":"Feature","geometry":{"type":"Point","coordinates":[-59.6,-33.7]},"properties":{"region":3,"fire_occurred":0,"prediction":0.226}},{"type":"Feature","geometry":{"type":"Point","coordinates":[-59.6,-33.6]},"properties":{"region":3,"fire_occurred":0,"prediction":0.3363}},{"type":"Feature","geometry":{"type":"Point","coordinates":[-59.6,-33.4]},"properties":{"region":3,"fire_occurred":1,"prediction":0.0044}},{"type":"Feature","geometry":{"type":"Point","coordinates":[-59.6,-28.0]},"properties":{"region":3,"fire_occurred":0,"prediction":0.1055}},{"type":"Feature","geometry":{"type":"Point","coordinates":[-59.5,-33.6]},"properties":{"region":3,"fire_occurred":1,"prediction":0.1599}},{"type":"Feature","geometry":{"type":"Point","coordinates":[-59.5,-33.5]},"properties":{"region":3,"fire_occurred":1,"prediction":0.1315}},{"type":"Feature","geometry":{"type":"Point","coordinates":[-59.5,-33.4]},"properties":{"region":3,"fire_occurred":0,"prediction":0.1417}},{"type":"Feature","geometry":{"type":"Point","coordinates":[-59.5,-32.9]},"properties":{"region":3,"fire_occurred":1,"prediction":0.0831}},{"type":"Feature","geometry":{"type":"Point","coordinates":[-59.4,-33.7]},"properties":{"region":3,"fire_occurred":0,"prediction":0.1833}},{"type":"Feature","geometry":{"type":"Point","coordinates":[-59.4,-27.2]},"properties":{"region":3,"fire_occurred":0,"prediction":0.3318}},{"type":"Feature","geometry":{"type":"Point","coordinates":[-59.4,-23.0]},"properties":{"region":3,"fire_occurred":0,"prediction":0.2404}},{"type":"Feature","geometry":{"type":"Point","coordinates":[-59.3,-33.9]},"properties":{"region":3,"fire_occurred":1,"prediction":0.1365}},{"type":"Feature","geometry":{"type":"Point","coordinates":[-59.3,-27.1]},"properties":{"region":3,"fire_occurred":1,"prediction":0.3521}},{"type":"Feature","geometry":{"type":"Point","coordinates":[-59.3,-23.5]},"properties":{"region":3,"fire_occurred":0,"prediction":0.148}},{"type":"Feature","geometry":{"type":"Point","coordinates":[-59.2,-33.3]},"properties":{"region":3,"fire_occurred":1,"prediction":0.0043}},{"type":"Feature","geometry":{"type":"Point","coordinates":[-59.2,-33.2]},"properties":{"region":3,"fire_occurred":1,"prediction":0.017}},{"type":"Feature","geometry":{"type":"Point","coordinates":[-59.1,-34.0]},"properties":{"region":3,"fire_occurred":0,"prediction":0.1597}},{"type":"Feature","geometry":{"type":"Point","coordinates":[-59.1,-26.6]},"properties":{"region":3,"fire_occurred":0,"prediction":0.1973}},{"type":"Feature","geometry":{"type":"Point","coordinates":[-59.0,-33.7]},"properties":{"region":3,"fire_occurred":0,"prediction":0.1592}},{"type":"Feature","geometry":{"type":"Point","coordinates":[-58.9,-34.1]},"properties":{"region":3,"fire_occurred":0,"prediction":0.2831}},{"type":"Feature","geometry":{"type":"Point","coordinates":[-58.8,-35.1]},"properties":{"region":3,"fire_occurred":0,"prediction":0.2164}},{"type":"Feature","geometry":{"type":"Point","coordinates":[-58.8,-34.1]},"properties":{"region":3,"fire_occurred":0,"prediction":0.1939}},{"type":"Feature","geometry":{"type":"Point","coordinates":[-58.8,-33.8]},"properties":{"region":3,"fire_occurred":0,"prediction":0.1403}},{"type":"Feature","geometry":{"type":"Point","coordinates":[-58.8,-27.7]},"properties":{"region":3,"fire_occurred":0,"prediction":0.1829}},{"type":"Feature","geometry":{"type":"Point","coordinates":[-58.5,-26.3]},"properties":{"region":3,"fire_occurred":0,"prediction":0.1044}},{"type":"Feature","geometry":{"type":"Point","coordinates":[-58.5,-24.5]},"properties":{"region":3,"fire_occurred":1,"prediction":0.0114}},{"type":"Feature","geometry":{"type":"Point","coordinates":[-58.4,-26.1]},"properties":{"region":3,"fire_occurred":0,"prediction":0.108}},{"type":"Feature","geometry":{"type":"Point","coordinates":[-58.4,-25.9]},"properties":{"region":3,"fire_occurred":1,"prediction":0.0669}},{"type":"Feature","geometry":{"type":"Point","coordinates":[-58.3,-26.1]},"properties":{"region":3,"fire_occurred":0,"prediction":0.1046}},{"type":"Feature","geometry":{"type":"Point","coordinates":[-58.2,-28.3]},"properties":{"region":3,"fire_occurred":0,"prediction":0.2018}},{"type":"Feature","geometry":{"type":"Point","coordinates":[-58.2,-26.0]},"properties":{"region":3,"fire_occurred":0,"prediction":0.1897}},{"type":"Feature","geometry":{"type":"Point","coordinates":[-58.1,-28.6]},"properties":{"region":3,"fire_occurred":1,"prediction":0.0075}},{"type":"Feature","geometry":{"type":"Point","coordinates":[-57.7,-36.4]},"properties":{"region":3,"fire_occurred":0,"prediction":0.1006}},{"type":"Feature","geometry":{"type":"Point","coordinates":[-57.5,-26.7]},"properties":{"region":3,"fire_occurred":0,"prediction":0.1379}},{"type":"Feature","geometry":{"type":"Point","coordinates":[-57.5,-25.3]},"properties":{"region":3,"fire_occurred":1,"prediction":0.0057}},{"type":"Feature","geometry":{"type":"Point","coordinates":[-56.9,-28.6]},"properties":{"region":3,"fire_occurred":1,"prediction":0.012}},{"type":"Feature","geometry":{"type":"Point","coordinates":[-56.9,-28.4]},"properties":{"region":3,"fire_occurred":1,"prediction":0.0075}},{"type":"Feature","geometry":{"type":"Point","coordinates":[-56.9,-26.4]},"properties":{"region":3,"fire_occurred":0,"prediction":0.1684}},{"type":"Feature","geometry":{"type":"Point","coordinates":[-56.8,-28.4]},"properties":{"region":3,"fire_occurred":1,"prediction":0.0112}},{"type":"Feature","geometry":{"type":"Point","coordinates":[-56.8,-26.6]},"properties":{"region":3,"fire_occurred":0,"prediction":0.1374}},{"type":"Feature","geometry":{"type":"Point","coordinates":[-56.8,-26.5]},"properties":{"region":3,"fire_occurred":0,"prediction":0.1288}},{"type":"Feature","geometry":{"type":"Point","coordinates":[-56.7,-26.7]},"properties":{"region":3,"fire_occurred":0,"prediction":0.1254}},{"type":"Feature","geometry":{"type":"Point","coordinates":[-56.7,-26.6]},"properties":{"region":3,"fire_occurred":0,"prediction":0.1088}},{"type":"Feature","geometry":{"type":"Point","coordinates":[-56.7,-26.5]},"properties":{"region":3,"fire_occurred":0,"prediction":0.2102}},{"type":"Feature","geometry":{"type":"Point","coordinates":[-56.7,-24.4]},"properties":{"region":3,"fire_occurred":1,"prediction":0.0027}},{"type":"Feature","geometry":{"type":"Point","coordinates":[-56.6,-28.0]},"properties":{"region":3,"fire_occurred":1,"prediction":0.0014}},{"type":"Feature","geometry":{"type":"Point","coordinates":[-56.6,-26.5]},"properties":{"region":3,"fire_occurred":0,"prediction":0.1315}},{"type":"Feature","geometry":{"type":"Point","coordinates":[-56.5,-28.0]},"properties":{"region":3,"fire_occurred":1,"prediction":0.0028}},{"type":"Feature","geometry":{"type":"Point","coordinates":[-56.5,-27.3]},"properties":{"region":3,"fire_occurred":0,"prediction":0.1198}},{"type":"Feature","geometry":{"type":"Point","coordinates":[-56.5,-24.8]},"properties":{"region":3,"fire_occurred":1,"prediction":0.002}},{"type":"Feature","geometry":{"type":"Point","coordinates":[-56.4,-28.4]},"properties":{"region":3,"fire_occurred":1,"prediction":0.0054}},{"type":"Feature","geometry":{"type":"Point","coordinates":[-56.4,-28.3]},"properties":{"region":3,"fire_occurred":1,"prediction":0.005}},{"type":"Feature","geometry":{"type":"Point","coordinates":[-56.4,-24.9]},"properties":{"region":3,"fire_occurred":1,"prediction":0.0018}},{"type":"Feature","geometry":{"type":"Point","coordinates":[-56.2,-28.2]},"properties":{"region":3,"fire_occurred":1,"prediction":0.0338}},{"type":"Feature","geometry":{"type":"Point","coordinates":[-56.1,-24.7]},"properties":{"region":3,"fire_occurred":1,"prediction":0.0053}},{"type":"Feature","geometry":{"type":"Point","coordinates":[-55.6,-27.3]},"properties":{"region":3,"fire_occurred":1,"prediction":0.0158}},{"type":"Feature","geometry":{"type":"Point","coordinates":[-55.5,-24.8]},"properties":{"region":3,"fire_occurred":1,"prediction":0.0021}},{"type":"Feature","geometry":{"type":"Point","coordinates":[-54.9,-21.3]},"properties":{"region":3,"fire_occurred":1,"prediction":0.0025}},{"type":"Feature","geometry":{"type":"Point","coordinates":[-54.8,-26.8]},"properties":{"region":3,"fire_occurred":1,"prediction":0.006}},{"type":"Feature","geometry":{"type":"Point","coordinates":[-54.5,-26.2]},"properties":{"region":3,"fire_occurred":1,"prediction":0.0051}},{"type":"Feature","geometry":{"type":"Point","coordinates":[-54.3,-21.3]},"properties":{"region":3,"fire_occurred":1,"prediction":0.0013}},{"type":"Feature","geometry":{"type":"Point","coordinates":[-54.2,-27.1]},"properties":{"region":3,"fire_occurred":1,"prediction":0.0025}},{"type":"Feature","geometry":{"type":"Point","coordinates":[-54.0,-28.4]},"properties":{"region":3,"fire_occurred":1,"prediction":0.0015}},{"type":"Feature","geometry":{"type":"Point","coordinates":[-54.0,-22.6]},"properties":{"region":3,"fire_occurred":1,"prediction":0.0012}},{"type":"Feature","geometry":{"type":"Point","coordinates":[-53.2,-25.1]},"properties":{"region":3,"fire_occurred":1,"prediction":0.0011}},{"type":"Feature","geometry":{"type":"Point","coordinates":[-52.8,-25.5]},"properties":{"region":3,"fire_occurred":1,"prediction":0.0044}},{"type":"Feature","geometry":{"type":"Point","coordinates":[-52.8,-23.0]},"properties":{"region":3,"fire_occurred":1,"prediction":0.0015}},{"type":"Feature","geometry":{"type":"Point","coordinates":[-52.2,-25.6]},"properties":{"region":3,"fire_occurred":1,"prediction":0.0036}},{"type":"Feature","geometry":{"type":"Point","coordinates":[-52.2,-25.5]},"properties":{"region":3,"fire_occurred":1,"prediction":0.0041}},{"type":"Feature","geometry":{"type":"Point","coordinates":[-52.1,-24.7]},"properties":{"region":3,"fire_occurred":1,"prediction":0.0006}},{"type":"Feature","geometry":{"type":"Point","coordinates":[-51.9,-26.5]},"properties":{"region":3,"fire_occurred":1,"prediction":0.0011}},{"type":"Feature","geometry":{"type":"Point","coordinates":[-51.8,-26.5]},"properties":{"region":3,"fire_occurred":1,"prediction":0.0011}},{"type":"Feature","geometry":{"type":"Point","coordinates":[-51.7,-22.3]},"properties":{"region":3,"fire_occurred":1,"prediction":0.006}},{"type":"Feature","geometry":{"type":"Point","coordinates":[-51.5,-26.3]},"properties":{"region":3,"fire_occurred":0,"prediction":0.1453}},{"type":"Feature","geometry":{"type":"Point","coordinates":[-51.2,-25.6]},"properties":{"region":3,"fire_occurred":0,"prediction":0.1265}},{"type":"Feature","geometry":{"type":"Point","coordinates":[-51.0,-25.4]},"properties":{"region":3,"fire_occurred":1,"prediction":0.0022}},{"type":"Feature","geometry":{"type":"Point","coordinates":[-50.9,-27.3]},"properties":{"region":3,"fire_occurred":1,"prediction":0.0265}},{"type":"Feature","geometry":{"type":"Point","coordinates":[-50.8,-25.2]},"properties":{"region":3,"fire_occurred":1,"prediction":0.0033}},{"type":"Feature","geometry":{"type":"Point","coordinates":[-50.7,-27.3]},"properties":{"region":3,"fire_occurred":1,"prediction":0.0014}},{"type":"Feature","geometry":{"type":"Point","coordinates":[-50.6,-27.2]},"properties":{"region":3,"fire_occurred":1,"prediction":0.0137}},{"type":"Feature","geometry":{"type":"Point","coordinates":[-50.5,-25.9]},"properties":{"region":3,"fire_occurred":1,"prediction":0.002}},{"type":"Feature","geometry":{"type":"Point","coordinates":[-50.2,-25.9]},"properties":{"region":3,"fire_occurred":1,"prediction":0.0021}},{"type":"Feature","geometry":{"type":"Point","coordinates":[-50.0,-27.7]},"properties":{"region":3,"fire_occurred":1,"prediction":0.0043}},{"type":"Feature","geometry":{"type":"Point","coordinates":[-50.0,-27.5]},"properties":{"region":3,"fire_occurred":1,"prediction":0.001}},{"type":"Feature","geometry":{"type":"Point","coordinates":[-49.7,-25.8]},"properties":{"region":3,"fire_occurred":1,"prediction":0.001}},{"type":"Feature","geometry":{"type":"Point","coordinates":[-49.7,-25.4]},"properties":{"region":3,"fire_occurred":1,"prediction":0.0025}},{"type":"Feature","geometry":{"type":"Point","coordinates":[-49.3,-26.5]},"properties":{"region":3,"fire_occurred":1,"prediction":0.0019}},{"type":"Feature","geometry":{"type":"Point","coordinates":[-49.2,-25.7]},"properties":{"region":3,"fire_occurred":1,"prediction":0.0668}},{"type":"Feature","geometry":{"type":"Point","coordinates":[-49.2,-25.1]},"properties":{"region":3,"fire_occurred":1,"prediction":0.0015}},{"type":"Feature","geometry":{"type":"Point","coordinates":[-48.8,-26.5]},"properties":{"region":3,"fire_occurred":1,"prediction":0.0129}},{"type":"Feature","geometry":{"type":"Point","coordinates":[-48.5,-23.3]},"properties":{"region":3,"fire_occurred":1,"prediction":0.0029}},{"type":"Feature","geometry":{"type":"Point","coordinates":[-48.4,-23.3]},"properties":{"region":3,"fire_occurred":1,"prediction":0.0018}},{"type":"Feature","geometry":{"type":"Point","coordinates":[-44.9,-20.2]},"properties":{"region":3,"fire_occurred":1,"prediction":0.0002}},{"type":"Feature","geometry":{"type":"Point","coordinates":[-7.6,38.0]},"properties":{"region":3,"fire_occurred":1,"prediction":0.0035}},{"type":"Feature","geometry":{"type":"Point","coordinates":[-0.6,53.5]},"properties":{"region":3,"fire_occurred":0,"prediction":0.1091}},{"type":"Feature","geometry":{"type":"Point","coordinates":[1.2,41.1]},"properties":{"region":3,"fire_occurred":0,"prediction":0.1497}},{"type":"Feature","geometry":{"type":"Point","coordinates":[3.8,51.1]},"properties":{"region":3,"fire_occurred":1,"prediction":0.0234}},{"type":"Feature","geometry":{"type":"Point","coordinates":[4.9,43.4]},"properties":{"region":3,"fire_occurred":0,"prediction":0.1207}},{"type":"Feature","geometry":{"type":"Point","coordinates":[9.9,45.1]},"properties":{"region":3,"fire_occurred":1,"prediction":0.1192}},{"type":"Feature","geometry":{"type":"Point","coordinates":[10.4,45.4]},"properties":{"region":3,"fire_occurred":1,"prediction":0.0009}},{"type":"Feature","geometry":{"type":"Point","coordinates":[14.3,48.2]},"properties":{"region":3,"fire_occurred":1,"prediction":0.3064}},{"type":"Feature","geometry":{"type":"Point","coordinates":[15.0,37.7]},"properties":{"region":3,"fire_occurred":1,"prediction":0.0061}},{"type":"Feature","geometry":{"type":"Point","coordinates":[15.5,-11.6]},"properties":{"region":3,"fire_occurred":1,"prediction":0.0069}},{"type":"Feature","geometry":{"type":"Point","coordinates":[16.0,-9.2]},"properties":{"region":3,"fire_occurred":1,"prediction":0.0013}},{"type":"Feature","geometry":{"type":"Point","coordinates":[17.1,-12.2]},"properties":{"region":3,"fire_occurred":1,"prediction":0.0026}},{"type":"Feature","geometry":{"type":"Point","coordinates":[17.2,-9.5]},"properties":{"region":3,"fire_occurred":1,"prediction":0.0012}},{"type":"Feature","geometry":{"type":"Point","coordinates":[17.3,-12.0]},"properties":{"region":3,"fire_occurred":1,"prediction":0.0034}},{"type":"Feature","geometry":{"type":"Point","coordinates":[19.8,-12.3]},"properties":{"region":3,"fire_occurred":1,"prediction":0.0242}},{"type":"Feature","geometry":{"type":"Point","coordinates":[20.4,-12.1]},"properties":{"region":3,"fire_occurred":1,"prediction":0.0005}},{"type":"Feature","geometry":{"type":"Point","coordinates":[21.9,41.4]},"properties":{"region":3,"fire_occurred":0,"prediction":0.5392}},{"type":"Feature","geometry":{"type":"Point","coordinates":[22.5,44.3]},"properties":{"region":3,"fire_occurred":1,"prediction":0.0071}},{"type":"Feature","geometry":{"type":"Point","coordinates":[22.9,43.8]},"properties":{"region":3,"fire_occurred":1,"prediction":0.0179}},{"type":"Feature","geometry":{"type":"Point","coordinates":[23.3,43.8]},"properties":{"region":3,"fire_occurred":1,"prediction":0.02}},{"type":"Feature","geometry":{"type":"Point","coordinates":[23.4,43.8]},"properties":{"region":3,"fire_occurred":1,"prediction":0.0142}},{"type":"Feature","geometry":{"type":"Point","coordinates":[26.3,-12.1]},"properties":{"region":3,"fire_occurred":0,"prediction":0.1623}},{"type":"Feature","geometry":{"type":"Point","coordinates":[27.3,-32.7]},"properties":{"region":3,"fire_occurred":0,"prediction":0.1118}},{"type":"Feature","geometry":{"type":"Point","coordinates":[27.3,-32.6]},"properties":{"region":3,"fire_occurred":0,"prediction":0.1639}},{"type":"Feature","geometry":{"type":"Point","coordinates":[28.2,-31.2]},"properties":{"region":3,"fire_occurred":0,"prediction":0.1143}},{"type":"Feature","geometry":{"type":"Point","coordinates":[28.4,-31.5]},"properties":{"region":3,"fire_occurred":1,"prediction":0.0168}},{"type":"Feature","geometry":{"type":"Point","coordinates":[29.1,-25.9]},"properties":{"region":3,"fire_occurred":0,"prediction":0.2023}},{"type":"Feature","geometry":{"type":"Point","coordinates":[29.3,-26.1]},"properties":{"region":3,"fire_occurred":0,"prediction":0.1728}},{"type":"Feature","geometry":{"type":"Point","coordinates":[29.4,-29.9]},"properties":{"region":3,"fire_occurred":0,"prediction":0.1764}},{"type":"Feature","geometry":{"type":"Point","coordinates":[29.4,-25.9]},"properties":{"region":3,"fire_occurred":0,"prediction":0.2434}},{"type":"Feature","geometry":{"type":"Point","coordinates":[29.6,-30.5]},"properties":{"region":3,"fire_occurred":0,"prediction":0.1757}},{"type":"Feature","geometry":{"type":"Point","coordinates":[29.6,-29.9]},"properties":{"region":3,"fire_occurred":1,"prediction":0.032}},{"type":"Feature","geometry":{"type":"Point","coordinates":[29.7,-29.2]},"properties":{"region":3,"fire_occurred":1,"prediction":0.0658}},{"type":"Feature","geometry":{"type":"Point","coordinates":[29.9,-30.0]},"properties":{"region":3,"fire_occurred":0,"prediction":0.1218}},{"type":"Feature","geometry":{"type":"Point","coordinates":[29.9,-29.9]},"properties":{"region":3,"fire_occurred":1,"prediction":0.0311}},{"type":"Feature","geometry":{"type":"Point","coordinates":[30.0,-30.1]},"properties":{"region":3,"fire_occurred":0,"prediction":0.1513}},{"type":"Feature","geometry":{"type":"Point","coordinates":[30.0,-30.0]},"properties":{"region":3,"fire_occurred":0,"prediction":0.2837}},{"type":"Feature","geometry":{"type":"Point","coordinates":[30.0,-27.8]},"properties":{"region":3,"fire_occurred":0,"prediction":0.1421}},{"type":"Feature","geometry":{"type":"Point","coordinates":[30.0,-27.7]},"properties":{"region":3,"fire_occurred":1,"prediction":0.0591}},{"type":"Feature","geometry":{"type":"Point","coordinates":[30.2,-29.9]},"properties":{"region":3,"fire_occurred":1,"prediction":0.0378}},{"type":"Feature","geometry":{"type":"Point","coordinates":[30.3,-29.4]},"properties":{"region":3,"fire_occurred":0,"prediction":0.251}},{"type":"Feature","geometry":{"type":"Point","coordinates":[30.3,-29.3]},"properties":{"region":3,"fire_occurred":0,"prediction":0.1199}},{"type":"Feature","geometry":{"type":"Point","coordinates":[30.4,-29.4]},"properties":{"region":3,"fire_occurred":0,"prediction":0.2462}},{"type":"Feature","geometry":{"type":"Point","coordinates":[30.4,-29.3]},"properties":{"region":3,"fire_occurred":1,"prediction":0.2055}},{"type":"Feature","geometry":{"type":"Point","coordinates":[30.4,-29.1]},"properties":{"region":3,"fire_occurred":0,"prediction":0.1346}},{"type":"Feature","geometry":{"type":"Point","coordinates":[30.4,-26.8]},"properties":{"region":3,"fire_occurred":0,"prediction":0.1345}},{"type":"Feature","geometry":{"type":"Point","coordinates":[30.4,-26.6]},"properties":{"region":3,"fire_occurred":0,"prediction":0.155}},{"type":"Feature","geometry":{"type":"Point","coordinates":[30.4,-26.5]},"properties":{"region":3,"fire_occurred":1,"prediction":0.0538}},{"type":"Feature","geometry":{"type":"Point","coordinates":[30.4,-26.0]},"properties":{"region":3,"fire_occurred":0,"prediction":0.1093}},{"type":"Feature","geometry":{"type":"Point","coordinates":[30.5,-29.3]},"properties":{"region":3,"fire_occurred":0,"prediction":0.1005}},{"type":"Feature","geometry":{"type":"Point","coordinates":[30.5,-29.2]},"properties":{"region":3,"fire_occurred":0,"prediction":0.1323}},{"type":"Feature","geometry":{"type":"Point","coordinates":[30.5,-29.1]},"properties":{"region":3,"fire_occurred":0,"prediction":0.1732}},{"type":"Feature","geometry":{"type":"Point","coordinates":[30.5,-29.0]},"properties":{"region":3,"fire_occurred":0,"prediction":0.1464}},{"type":"Feature","geometry":{"type":"Point","coordinates":[30.5,-27.3]},"properties":{"region":3,"fire_occurred":0,"prediction":0.1001}},{"type":"Feature","geometry":{"type":"Point","coordinates":[30.5,-26.5]},"properties":{"region":3,"fire_occurred":1,"prediction":0.0675}},{"type":"Feature","geometry":{"type":"Point","coordinates":[30.6,-29.4]},"properties":{"region":3,"fire_occurred":1,"prediction":0.2214}},{"type":"Feature","geometry":{"type":"Point","coordinates":[30.6,-29.3]},"properties":{"region":3,"fire_occurred":0,"prediction":0.1954}},{"type":"Feature","geometry":{"type":"Point","coordinates":[30.6,-29.1]},"properties":{"region":3,"fire_occurred":0,"prediction":0.145}},{"type":"Feature","geometry":{"type":"Point","coordinates":[30.6,-29.0]},"properties":{"region":3,"fire_occurred":0,"prediction":0.1214}},{"type":"Feature","geometry":{"type":"Point","coordinates":[30.6,-26.8]},"properties":{"region":3,"fire_occurred":0,"prediction":0.1002}},{"type":"Feature","geometry":{"type":"Point","coordinates":[30.6,-25.8]},"properties":{"region":3,"fire_occurred":1,"prediction":0.0107}},{"type":"Feature","geometry":{"type":"Point","coordinates":[30.7,-29.2]},"properties":{"region":3,"fire_occurred":0,"prediction":0.1225}},{"type":"Feature","geometry":{"type":"Point","coordinates":[30.7,-29.1]},"properties":{"region":3,"fire_occurred":0,"prediction":0.1962}},{"type":"Feature","geometry":{"type":"Point","coordinates":[30.7,-27.7]},"properties":{"region":3,"fire_occurred":1,"prediction":0.0125}},{"type":"Feature","geometry":{"type":"Point","coordinates":[30.7,-27.6]},"properties":{"region":3,"fire_occurred":0,"prediction":0.101}},{"type":"Feature","geometry":{"type":"Point","coordinates":[30.7,-27.5]},"properties":{"region":3,"fire_occurred":0,"prediction":0.1828}},{"type":"Feature","geometry":{"type":"Point","coordinates":[30.7,-26.6]},"properties":{"region":3,"fire_occurred":0,"prediction":0.1204}},{"type":"Feature","geometry":{"type":"Point","coordinates":[30.7,-25.7]},"properties":{"region":3,"fire_occurred":1,"prediction":0.0548}},{"type":"Feature","geometry":{"type":"Point","coordinates":[30.7,-25.6]},"properties":{"region":3,"fire_occurred":0,"prediction":0.1175}},{"type":"Feature","geometry":{"type":"Point","coordinates":[30.7,-25.4]},"properties":{"region":3,"fire_occurred":0,"prediction":0.2334}},{"type":"Feature","geometry":{"type":"Point","coordinates":[30.8,-27.4]},"properties":{"region":3,"fire_occurred":1,"prediction":0.118}},{"type":"Feature","geometry":{"type":"Point","coordinates":[30.8,-27.3]},"properties":{"region":3,"fire_occurred":0,"prediction":0.1928}},{"type":"Feature","geometry":{"type":"Point","coordinates":[30.8,-27.2]},"properties":{"region":3,"fire_occurred":1,"prediction":0.044}},{"type":"Feature","geometry":{"type":"Point","coordinates":[30.8,-27.1]},"properties":{"region":3,"fire_occurred":1,"prediction":0.033}},{"type":"Feature","geometry":{"type":"Point","coordinates":[30.8,-26.9]},"properties":{"region":3,"fire_occurred":0,"prediction":0.1016}},{"type":"Feature","geometry":{"type":"Point","coordinates":[30.8,-26.6]},"properties":{"region":3,"fire_occurred":1,"prediction":0.0274}},{"type":"Feature","geometry":{"type":"Point","coordinates":[30.8,-25.7]},"properties":{"region":3,"fire_occurred":0,"prediction":0.1069}},{"type":"Feature","geometry":{"type":"Point","coordinates":[30.9,-27.4]},"properties":{"region":3,"fire_occurred":1,"prediction":0.1518}},{"type":"Feature","geometry":{"type":"Point","coordinates":[30.9,-27.2]},"properties":{"region":3,"fire_occurred":1,"prediction":0.1294}},{"type":"Feature","geometry":{"type":"Point","coordinates":[30.9,-27.1]},"properties":{"region":3,"fire_occurred":0,"prediction":0.1181}},{"type":"Feature","geometry":{"type":"Point","coordinates":[30.9,-26.0]},"properties":{"region":3,"fire_occurred":1,"prediction":0.0274}},{"type":"Feature","geometry":{"type":"Point","coordinates":[30.9,-25.4]},"properties":{"region":3,"fire_occurred":1,"prediction":0.0394}},{"type":"Feature","geometry":{"type":"Point","coordinates":[30.9,-25.3]},"properties":{"region":3,"fire_occurred":0,"prediction":0.1245}},{"type":"Feature","geometry":{"type":"Point","coordinates":[31.0,-25.3]},"properties":{"region":3,"fire_occurred":0,"prediction":0.1028}},{"type":"Feature","geometry":{"type":"Point","coordinates":[31.0,-25.0]},"properties":{"region":3,"fire_occurred":1,"prediction":0.0237}},{"type":"Feature","geometry":{"type":"Point","coordinates":[31.1,-27.9]},"properties":{"region":3,"fire_occurred":0,"prediction":0.2314}},{"type":"Feature","geometry":{"type":"Point","coordinates":[31.1,-25.9]},"properties":{"region":3,"fire_occurred":0,"prediction":0.1123}},{"type":"Feature","geometry":{"type":"Point","coordinates":[31.3,-28.7]},"properties":{"region":3,"fire_occurred":0,"prediction":0.116}},{"type":"Feature","geometry":{"type":"Point","coordinates":[31.3,-26.0]},"properties":{"region":3,"fire_occurred":1,"prediction":0.0169}},{"type":"Feature","geometry":{"type":"Point","coordinates":[34.9,-9.7]},"properties":{"region":3,"fire_occurred":0,"prediction":0.1234}},{"type":"Feature","geometry":{"type":"Point","coordinates":[35.6,-8.5]},"properties":{"region":3,"fire_occurred":0,"prediction":0.1151}},{"type":"Feature","geometry":{"type":"Point","coordinates":[36.2,0.1]},"properties":{"region":3,"fire_occurred":0,"prediction":0.1046}},{"type":"Feature","geometry":{"type":"Point","coordinates":[37.0,9.0]},"properties":{"region":3,"fire_occurred":0,"prediction":0.1513}},{"type":"Feature","geometry":{"type":"Point","coordinates":[37.2,9.8]},"properties":{"region":3,"fire_occurred":0,"prediction":0.1185}},{"type":"Feature","geometry":{"type":"Point","coordinates":[37.2,9.9]},"properties":{"region":3,"fire_occurred":0,"prediction":0.2002}},{"type":"Feature","geometry":{"type":"Point","coordinates":[37.3,0.0]},"properties":{"region":3,"fire_occurred":0,"prediction":0.1439}},{"type":"Feature","geometry":{"type":"Point","coordinates":[37.3,9.9]},"properties":{"region":3,"fire_occurred":0,"prediction":0.1098}},{"type":"Feature","geometry":{"type":"Point","coordinates":[37.4,9.9]},"properties":{"region":3,"fire_occurred":0,"prediction":0.116}},{"type":"Feature","geometry":{"type":"Point","coordinates":[37.5,8.1]},"properties":{"region":3,"fire_occurred":0,"prediction":0.1038}},{"type":"Feature","geometry":{"type":"Point","coordinates":[37.5,8.2]},"properties":{"region":3,"fire_occurred":1,"prediction":0.0974}},{"type":"Feature","geometry":{"type":"Point","coordinates":[37.9,9.7]},"properties":{"region":3,"fire_occurred":0,"prediction":0.1083}},{"type":"Feature","geometry":{"type":"Point","coordinates":[38.0,6.3]},"properties":{"region":3,"fire_occurred":0,"prediction":0.114}},{"type":"Feature","geometry":{"type":"Point","coordinates":[38.0,9.7]},"properties":{"region":3,"fire_occurred":0,"prediction":0.1501}},{"type":"Feature","geometry":{"type":"Point","coordinates":[39.1,5.6]},"properties":{"region":3,"fire_occurred":0,"prediction":0.1102}},{"type":"Feature","geometry":{"type":"Point","coordinates":[39.1,7.0]},"properties":{"region":3,"fire_occurred":0,"prediction":0.1376}},{"type":"Feature","geometry":{"type":"Point","coordinates":[39.3,6.0]},"properties":{"region":3,"fire_occurred":0,"prediction":0.1144}},{"type":"Feature","geometry":{"type":"Point","coordinates":[39.3,7.8]},"properties":{"region":3,"fire_occurred":1,"prediction":0.0146}},{"type":"Feature","geometry":{"type":"Point","coordinates":[39.4,7.8]},"properties":{"region":3,"fire_occurred":1,"prediction":0.0178}},{"type":"Feature","geometry":{"type":"Point","coordinates":[39.4,7.9]},"properties":{"region":3,"fire_occurred":1,"prediction":0.041}},{"type":"Feature","geometry":{"type":"Point","coordinates":[40.1,7.9]},"properties":{"region":3,"fire_occurred":1,"prediction":0.0566}},{"type":"Feature","geometry":{"type":"Point","coordinates":[40.8,7.9]},"properties":{"region":3,"fire_occurred":1,"prediction":0.0386}},{"type":"Feature","geometry":{"type":"Point","coordinates":[41.6,8.0]},"properties":{"region":3,"fire_occurred":1,"prediction":0.0132}},{"type":"Feature","geometry":{"type":"Point","coordinates":[47.3,-21.5]},"properties":{"region":3,"fire_occurred":1,"prediction":0.001}},{"type":"Feature","geometry":{"type":"Point","coordinates":[51.3,32.4]},"properties":{"region":3,"fire_occurred":0,"prediction":0.1437}},{"type":"Feature","geometry":{"type":"Point","coordinates":[51.4,32.2]},"properties":{"region":3,"fire_occurred":1,"prediction":0.367}},{"type":"Feature","geometry":{"type":"Point","coordinates":[66.0,37.4]},"properties":{"region":3,"fire_occurred":0,"prediction":0.1465}},{"type":"Feature","geometry":{"type":"Point","coordinates":[66.0,37.9]},"properties":{"region":3,"fire_occurred":0,"prediction":0.1004}},{"type":"Feature","geometry":{"type":"Point","coordinates":[67.0,41.0]},"properties":{"region":3,"fire_occurred":0,"prediction":0.1338}},{"type":"Feature","geometry":{"type":"Point","coordinates":[67.0,41.1]},"properties":{"region":3,"fire_occurred":0,"prediction":0.1052}},{"type":"Feature","geometry":{"type":"Point","coordinates":[67.0,41.2]},"properties":{"region":3,"fire_occurred":0,"prediction":0.1115}},{"type":"Feature","geometry":{"type":"Point","coordinates":[67.0,41.3]},"properties":{"region":3,"fire_occurred":0,"prediction":0.1428}},{"type":"Feature","geometry":{"type":"Point","coordinates":[67.0,41.4]},"properties":{"region":3,"fire_occurred":0,"prediction":0.1527}},{"type":"Feature","geometry":{"type":"Point","coordinates":[67.1,41.0]},"properties":{"region":3,"fire_occurred":0,"prediction":0.1288}},{"type":"Feature","geometry":{"type":"Point","coordinates":[67.1,41.1]},"properties":{"region":3,"fire_occurred":0,"prediction":0.1529}},{"type":"Feature","geometry":{"type":"Point","coordinates":[67.1,41.2]},"properties":{"region":3,"fire_occurred":0,"prediction":0.1588}},{"type":"Feature","geometry":{"type":"Point","coordinates":[67.1,41.3]},"properties":{"region":3,"fire_occurred":0,"prediction":0.1655}},{"type":"Feature","geometry":{"type":"Point","coordinates":[67.1,41.4]},"properties":{"region":3,"fire_occurred":0,"prediction":0.1712}},{"type":"Feature","geometry":{"type":"Point","coordinates":[67.2,41.0]},"properties":{"region":3,"fire_occurred":0,"prediction":0.136}},{"type":"Feature","geometry":{"type":"Point","coordinates":[67.2,41.1]},"properties":{"region":3,"fire_occurred":0,"prediction":0.1738}},{"type":"Feature","geometry":{"type":"Point","coordinates":[67.2,41.2]},"properties":{"region":3,"fire_occurred":0,"prediction":0.1675}},{"type":"Feature","geometry":{"type":"Point","coordinates":[67.2,41.3]},"properties":{"region":3,"fire_occurred":0,"prediction":0.1841}},{"type":"Feature","geometry":{"type":"Point","coordinates":[67.2,41.4]},"properties":{"region":3,"fire_occurred":0,"prediction":0.1912}},{"type":"Feature","geometry":{"type":"Point","coordinates":[67.3,41.0]},"properties":{"region":3,"fire_occurred":0,"prediction":0.1259}},{"type":"Feature","geometry":{"type":"Point","coordinates":[67.3,41.1]},"properties":{"region":3,"fire_occurred":0,"prediction":0.1595}},{"type":"Feature","geometry":{"type":"Point","coordinates":[67.3,41.2]},"properties":{"region":3,"fire_occurred":0,"prediction":0.165}},{"type":"Feature","geometry":{"type":"Point","coordinates":[67.3,41.3]},"properties":{"region":3,"fire_occurred":0,"prediction":0.1881}},{"type":"Feature","geometry":{"type":"Point","coordinates":[67.3,41.4]},"properties":{"region":3,"fire_occurred":0,"prediction":0.2022}},{"type":"Feature","geometry":{"type":"Point","coordinates":[67.4,41.0]},"properties":{"region":3,"fire_occurred":0,"prediction":0.1494}},{"type":"Feature","geometry":{"type":"Point","coordinates":[67.4,41.2]},"properties":{"region":3,"fire_occurred":0,"prediction":0.1756}},{"type":"Feature","geometry":{"type":"Point","coordinates":[67.4,41.3]},"properties":{"region":3,"fire_occurred":0,"prediction":0.2018}},{"type":"Feature","geometry":{"type":"Point","coordinates":[67.4,41.4]},"properties":{"region":3,"fire_occurred":0,"prediction":0.2157}},{"type":"Feature","geometry":{"type":"Point","coordinates":[67.4,41.5]},"properties":{"region":3,"fire_occurred":0,"prediction":0.3304}},{"type":"Feature","geometry":{"type":"Point","coordinates":[67.5,41.0]},"properties":{"region":3,"fire_occurred":0,"prediction":0.1553}},{"type":"Feature","geometry":{"type":"Point","coordinates":[67.5,41.1]},"properties":{"region":3,"fire_occurred":0,"prediction":0.188}},{"type":"Feature","geometry":{"type":"Point","coordinates":[67.5,41.2]},"properties":{"region":3,"fire_occurred":0,"prediction":0.1719}},{"type":"Feature","geometry":{"type":"Point","coordinates":[67.5,41.3]},"properties":{"region":3,"fire_occurred":0,"prediction":0.1961}},{"type":"Feature","geometry":{"type":"Point","coordinates":[67.5,41.4]},"properties":{"region":3,"fire_occurred":0,"prediction":0.2087}},{"type":"Feature","geometry":{"type":"Point","coordinates":[67.6,40.9]},"properties":{"region":3,"fire_occurred":0,"prediction":0.1568}},{"type":"Feature","geometry":{"type":"Point","coordinates":[67.6,41.0]},"properties":{"region":3,"fire_occurred":0,"prediction":0.1622}},{"type":"Feature","geometry":{"type":"Point","coordinates":[67.6,41.1]},"properties":{"region":3,"fire_occurred":0,"prediction":0.1818}},{"type":"Feature","geometry":{"type":"Point","coordinates":[67.6,41.2]},"properties":{"region":3,"fire_occurred":0,"prediction":0.194}},{"type":"Feature","geometry":{"type":"Point","coordinates":[67.6,41.3]},"properties":{"region":3,"fire_occurred":0,"prediction":0.2065}},{"type":"Feature","geometry":{"type":"Point","coordinates":[67.6,41.4]},"properties":{"region":3,"fire_occurred":0,"prediction":0.1979}},{"type":"Feature","geometry":{"type":"Point","coordinates":[67.6,41.6]},"properties":{"region":3,"fire_occurred":0,"prediction":0.1726}},{"type":"Feature","geometry":{"type":"Point","coordinates":[67.6,41.7]},"properties":{"region":3,"fire_occurred":0,"prediction":0.2446}},{"type":"Feature","geometry":{"type":"Point","coordinates":[67.7,40.5]},"properties":{"region":3,"fire_occurred":0,"prediction":0.1216}},{"type":"Feature","geometry":{"type":"Point","coordinates":[67.7,40.6]},"properties":{"region":3,"fire_occurred":0,"prediction":0.2127}},{"type":"Feature","geometry":{"type":"Point","coordinates":[67.7,40.9]},"properties":{"region":3,"fire_occurred":0,"prediction":0.1292}},{"type":"Feature","geometry":{"type":"Point","coordinates":[67.7,41.0]},"properties":{"region":3,"fire_occurred":0,"prediction":0.1626}},{"type":"Feature","geometry":{"type":"Point","coordinates":[67.7,41.1]},"properties":{"region":3,"fire_occurred":0,"prediction":0.1796}},{"type":"Feature","geometry":{"type":"Point","coordinates":[67.7,41.2]},"properties":{"region":3,"fire_occurred":0,"prediction":0.1886}},{"type":"Feature","geometry":{"type":"Point","coordinates":[67.7,41.4]},"properties":{"region":3,"fire_occurred":0,"prediction":0.1924}},{"type":"Feature","geometry":{"type":"Point","coordinates":[67.7,41.5]},"properties":{"region":3,"fire_occurred":0,"prediction":0.2656}},{"type":"Feature","geometry":{"type":"Point","coordinates":[67.7,41.7]},"properties":{"region":3,"fire_occurred":0,"prediction":0.1885}},{"type":"Feature","geometry":{"type":"Point","coordinates":[67.8,40.5]},"properties":{"region":3,"fire_occurred":0,"prediction":0.3267}},{"type":"Feature","geometry":{"type":"Point","coordinates":[67.8,40.6]},"properties":{"region":3,"fire_occurred":1,"prediction":0.2402}},{"type":"Feature","geometry":{"type":"Point","coordinates":[67.8,41.0]},"properties":{"region":3,"fire_occurred":0,"prediction":0.156}},{"type":"Feature","geometry":{"type":"Point","coordinates":[67.8,41.5]},"properties":{"region":3,"fire_occurred":0,"prediction":0.2628}},{"type":"Feature","geometry":{"type":"Point","coordinates":[67.8,41.6]},"properties":{"region":3,"fire_occurred":0,"prediction":0.1558}},{"type":"Feature","geometry":{"type":"Point","coordinates":[67.9,40.5]},"properties":{"region":3,"fire_occurred":0,"prediction":0.1313}},{"type":"Feature","geometry":{"type":"Point","coordinates":[67.9,40.6]},"properties":{"region":3,"fire_occurred":0,"prediction":0.2452}},{"type":"Feature","geometry":{"type":"Point","coordinates":[67.9,40.7]},"properties":{"region":3,"fire_occurred":0,"prediction":0.2105}},{"type":"Feature","geometry":{"type":"Point","coordinates":[67.9,40.8]},"properties":{"region":3,"fire_occurred":0,"prediction":0.1514}},{"type":"Feature","geometry":{"type":"Point","coordinates":[67.9,40.9]},"properties":{"region":3,"fire_occurred":0,"prediction":0.1147}},{"type":"Feature","geometry":{"type":"Point","coordinates":[68.0,39.9]},"properties":{"region":3,"fire_occurred":0,"prediction":0.1225}},{"type":"Feature","geometry":{"type":"Point","coordinates":[68.0,40.6]},"properties":{"region":3,"fire_occurred":0,"prediction":0.1404}},{"type":"Feature","geometry":{"type":"Point","coordinates":[68.0,40.7]},"properties":{"region":3,"fire_occurred":0,"prediction":0.1194}},{"type":"Feature","geometry":{"type":"Point","coordinates":[68.0,40.8]},"properties":{"region":3,"fire_occurred":0,"prediction":0.1962}},{"type":"Feature","geometry":{"type":"Point","coordinates":[68.0,40.9]},"properties":{"region":3,"fire_occurred":0,"prediction":0.2607}},{"type":"Feature","geometry":{"type":"Point","coordinates":[68.0,41.0]},"properties":{"region":3,"fire_occurred":0,"prediction":0.106}},{"type":"Feature","geometry":{"type":"Point","coordinates":[68.0,41.2]},"properties":{"region":3,"fire_occurred":0,"prediction":0.354}},{"type":"Feature","geometry":{"type":"Point","coordinates":[68.0,41.3]},"properties":{"region":3,"fire_occurred":1,"prediction":0.414}},{"type":"Feature","geometry":{"type":"Point","coordinates":[68.0,41.4]},"properties":{"region":3,"fire_occurred":0,"prediction":0.391}},{"type":"Feature","geometry":{"type":"Point","coordinates":[68.0,41.5]},"properties":{"region":3,"fire_occurred":0,"prediction":0.3609}},{"type":"Feature","geometry":{"type":"Point","coordinates":[68.0,41.6]},"properties":{"region":3,"fire_occurred":0,"prediction":0.2929}},{"type":"Feature","geometry":{"type":"Point","coordinates":[68.0,41.7]},"properties":{"region":3,"fire_occurred":0,"prediction":0.2749}},{"type":"Feature","geometry":{"type":"Point","coordinates":[68.0,41.8]},"properties":{"region":3,"fire_occurred":0,"prediction":0.1843}},{"type":"Feature","geometry":{"type":"Point","coordinates":[68.0,41.9]},"properties":{"region":3,"fire_occurred":0,"prediction":0.338}},{"type":"Feature","geometry":{"type":"Point","coordinates":[68.1,39.9]},"properties":{"region":3,"fire_occurred":0,"prediction":0.1591}},{"type":"Feature","geometry":{"type":"Point","coordinates":[68.1,40.5]},"properties":{"region":3,"fire_occurred":0,"prediction":0.1323}},{"type":"Feature","geometry":{"type":"Point","coordinates":[68.1,40.6]},"properties":{"region":3,"fire_occurred":0,"prediction":0.2207}},{"type":"Feature","geometry":{"type":"Point","coordinates":[68.1,40.7]},"properties":{"region":3,"fire_occurred":0,"prediction":0.1821}},{"type":"Feature","geometry":{"type":"Point","coordinates":[68.1,40.8]},"properties":{"region":3,"fire_occurred":0,"prediction":0.1675}},{"type":"Feature","geometry":{"type":"Point","coordinates":[68.1,40.9]},"properties":{"region":3,"fire_occurred":0,"prediction":0.3637}},{"type":"Feature","geometry":{"type":"Point","coordinates":[68.1,41.2]},"properties":{"region":3,"fire_occurred":0,"prediction":0.223}},{"type":"Feature","geometry":{"type":"Point","coordinates":[68.1,41.3]},"properties":{"region":3,"fire_occurred":0,"prediction":0.1309}},{"type":"Feature","geometry":{"type":"Point","coordinates":[68.1,41.4]},"properties":{"region":3,"fire_occurred":0,"prediction":0.1987}},{"type":"Feature","geometry":{"type":"Point","coordinates":[68.1,41.5]},"properties":{"region":3,"fire_occurred":0,"prediction":0.1116}},{"type":"Feature","geometry":{"type":"Point","coordinates":[68.1,41.7]},"properties":{"region":3,"fire_occurred":0,"prediction":0.1176}},{"type":"Feature","geometry":{"type":"Point","coordinates":[68.1,41.9]},"properties":{"region":3,"fire_occurred":0,"prediction":0.2454}},{"type":"Feature","geometry":{"type":"Point","coordinates":[68.2,39.6]},"properties":{"region":3,"fire_occurred":0,"prediction":0.2285}},{"type":"Feature","geometry":{"type":"Point","coordinates":[68.2,39.7]},"properties":{"region":3,"fire_occurred":0,"prediction":0.1064}},{"type":"Feature","geometry":{"type":"Point","coordinates":[68.2,40.5]},"properties":{"region":3,"fire_occurred":0,"prediction":0.2196}},{"type":"Feature","geometry":{"type":"Point","coordinates":[68.2,40.6]},"properties":{"region":3,"fire_occurred":0,"prediction":0.2072}},{"type":"Feature","geometry":{"type":"Point","coordinates":[68.2,40.7]},"properties":{"region":3,"fire_occurred":0,"prediction":0.1868}},{"type":"Feature","geometry":{"type":"Point","coordinates":[68.2,40.8]},"properties":{"region":3,"fire_occurred":0,"prediction":0.1457}},{"type":"Feature","geometry":{"type":"Point","coordinates":[68.2,40.9]},"properties":{"region":3,"fire_occurred":0,"prediction":0.1812}},{"type":"Feature","geometry":{"type":"Point","coordinates":[68.2,41.2]},"properties":{"region":3,"fire_occurred":0,"prediction":0.1318}},{"type":"Feature","geometry":{"type":"Point","coordinates":[68.2,41.3]},"properties":{"region":3,"fire_occurred":0,"prediction":0.1001}},{"type":"Feature","geometry":{"type":"Point","coordinates":[68.3,39.6]},"properties":{"region":3,"fire_occurred":0,"prediction":0.1853}},{"type":"Feature","geometry":{"type":"Point","coordinates":[68.3,39.7]},"properties":{"region":3,"fire_occurred":0,"prediction":0.102}},{"type":"Feature","geometry":{"type":"Point","coordinates":[68.3,39.9]},"properties":{"region":3,"fire_occurred":0,"prediction":0.1107}},{"type":"Feature","geometry":{"type":"Point","coordinates":[68.3,40.5]},"properties":{"region":3,"fire_occurred":0,"prediction":0.1869}},{"type":"Feature","geometry":{"type":"Point","coordinates":[68.3,40.6]},"properties":{"region":3,"fire_occurred":0,"prediction":0.2959}},{"type":"Feature","geometry":{"type":"Point","coordinates":[68.3,40.7]},"properties":{"region":3,"fire_occurred":0,"prediction":0.1771}},{"type":"Feature","geometry":{"type":"Point","coordinates":[68.3,40.8]},"properties":{"region":3,"fire_occurred":0,"prediction":0.1193}},{"type":"Feature","geometry":{"type":"Point","coordinates":[68.3,40.9]},"properties":{"region":3,"fire_occurred":0,"prediction":0.213}},{"type":"Feature","geometry":{"type":"Point","coordinates":[68.3,41.0]},"properties":{"region":3,"fire_occurred":0,"prediction":0.1094}},{"type":"Feature","geometry":{"type":"Point","coordinates":[68.3,41.1]},"properties":{"region":3,"fire_occurred":0,"prediction":0.1331}},{"type":"Feature","geometry":{"type":"Point","coordinates":[68.3,41.2]},"properties":{"region":3,"fire_occurred":0,"prediction":0.1372}},{"type":"Feature","geometry":{"type":"Point","coordinates":[68.4,39.6]},"properties":{"region":3,"fire_occurred":0,"prediction":0.1619}},{"type":"Feature","geometry":{"type":"Point","coordinates":[68.4,39.7]},"properties":{"region":3,"fire_occurred":0,"prediction":0.2964}},{"type":"Feature","geometry":{"type":"Point","coordinates":[68.4,39.8]},"properties":{"region":3,"fire_occurred":0,"prediction":0.2471}},{"type":"Feature","geometry":{"type":"Point","coordinates":[68.4,39.9]},"properties":{"region":3,"fire_occurred":0,"prediction":0.1401}},{"type":"Feature","geometry":{"type":"Point","coordinates":[68.4,40.3]},"properties":{"region":3,"fire_occurred":0,"prediction":0.1271}},{"type":"Feature","geometry":{"type":"Point","coordinates":[68.4,40.4]},"properties":{"region":3,"fire_occurred":0,"prediction":0.1925}},{"type":"Feature","geometry":{"type":"Point","coordinates":[68.4,40.5]},"properties":{"region":3,"fire_occurred":0,"prediction":0.1338}},{"type":"Feature","geometry":{"type":"Point","coordinates":[68.4,40.6]},"properties":{"region":3,"fire_occurred":0,"prediction":0.2563}},{"type":"Feature","geometry":{"type":"Point","coordinates":[68.4,40.7]},"properties":{"region":3,"fire_occurred":0,"prediction":0.2371}},{"type":"Feature","geometry":{"type":"Point","coordinates":[68.4,40.9]},"properties":{"region":3,"fire_occurred":0,"prediction":0.2368}},{"type":"Feature","geometry":{"type":"Point","coordinates":[68.5,39.6]},"properties":{"region":3,"fire_occurred":0,"prediction":0.1448}},{"type":"Feature","geometry":{"type":"Point","coordinates":[68.5,39.7]},"properties":{"region":3,"fire_occurred":0,"prediction":0.1292}},{"type":"Feature","geometry":{"type":"Point","coordinates":[68.5,39.8]},"properties":{"region":3,"fire_occurred":0,"prediction":0.2471}},{"type":"Feature","geometry":{"type":"Point","coordinates":[68.5,39.9]},"properties":{"region":3,"fire_occurred":0,"prediction":0.1471}},{"type":"Feature","geometry":{"type":"Point","coordinates":[68.5,40.2]},"properties":{"region":3,"fire_occurred":0,"prediction":0.3347}},{"type":"Feature","geometry":{"type":"Point","coordinates":[68.5,40.3]},"properties":{"region":3,"fire_occurred":0,"prediction":0.2943}},{"type":"Feature","geometry":{"type":"Point","coordinates":[68.5,40.4]},"properties":{"region":3,"fire_occurred":0,"prediction":0.2132}},{"type":"Feature","geometry":{"type":"Point","coordinates":[68.5,40.7]},"properties":{"region":3,"fire_occurred":0,"prediction":0.226}},{"type":"Feature","geometry":{"type":"Point","coordinates":[68.5,40.8]},"properties":{"region":3,"fire_occurred":0,"prediction":0.1588}},{"type":"Feature","geometry":{"type":"Point","coordinates":[68.5,40.9]},"properties":{"region":3,"fire_occurred":0,"prediction":0.3224}},{"type":"Feature","geometry":{"type":"Point","coordinates":[68.5,41.0]},"properties":{"region":3,"fire_occurred":0,"prediction":0.1161}},{"type":"Feature","geometry":{"type":"Point","coordinates":[68.6,39.6]},"properties":{"region":3,"fire_occurred":0,"prediction":0.1001}},{"type":"Feature","geometry":{"type":"Point","coordinates":[68.6,39.7]},"properties":{"region":3,"fire_occurred":0,"prediction":0.1664}},{"type":"Feature","geometry":{"type":"Point","coordinates":[68.6,39.8]},"properties":{"region":3,"fire_occurred":0,"prediction":0.3056}},{"type":"Feature","geometry":{"type":"Point","coordinates":[68.6,39.9]},"properties":{"region":3,"fire_occurred":0,"prediction":0.1888}},{"type":"Feature","geometry":{"type":"Point","coordinates":[68.6,40.2]},"properties":{"region":3,"fire_occurred":0,"prediction":0.1456}},{"type":"Feature","geometry":{"type":"Point","coordinates":[68.6,40.3]},"properties":{"region":3,"fire_occurred":0,"prediction":0.1797}},{"type":"Feature","geometry":{"type":"Point","coordinates":[68.6,40.5]},"properties":{"region":3,"fire_occurred":0,"prediction":0.1224}},{"type":"Feature","geometry":{"type":"Point","coordinates":[68.6,40.6]},"properties":{"region":3,"fire_occurred":0,"prediction":0.1466}},{"type":"Feature","geometry":{"type":"Point","coordinates":[68.6,40.9]},"properties":{"region":3,"fire_occurred":0,"prediction":0.2777}},{"type":"Feature","geometry":{"type":"Point","coordinates":[68.7,39.7]},"properties":{"region":3,"fire_occurred":0,"prediction":0.2162}},{"type":"Feature","geometry":{"type":"Point","coordinates":[68.7,39.8]},"properties":{"region":3,"fire_occurred":0,"prediction":0.3278}},{"type":"Feature","geometry":{"type":"Point","coordinates":[68.7,39.9]},"properties":{"region":3,"fire_occurred":0,"prediction":0.1108}},{"type":"Feature","geometry":{"type":"Point","coordinates":[68.7,40.1]},"properties":{"region":3,"fire_occurred":0,"prediction":0.1482}},{"type":"Feature","geometry":{"type":"Point","coordinates":[68.7,40.3]},"properties":{"region":3,"fire_occurred":0,"prediction":0.1784}},{"type":"Feature","geometry":{"type":"Point","coordinates":[68.7,40.6]},"properties":{"region":3,"fire_occurred":0,"prediction":0.2}},{"type":"Feature","geometry":{"type":"Point","coordinates":[68.7,40.7]},"properties":{"region":3,"fire_occurred":0,"prediction":0.1055}},{"type":"Feature","geometry":{"type":"Point","coordinates":[68.8,39.6]},"properties":{"region":3,"fire_occurred":0,"prediction":0.1036}},{"type":"Feature","geometry":{"type":"Point","coordinates":[68.8,39.7]},"properties":{"region":3,"fire_occurred":0,"prediction":0.1116}},{"type":"Feature","geometry":{"type":"Point","coordinates":[68.8,39.8]},"properties":{"region":3,"fire_occurred":0,"prediction":0.2842}},{"type":"Feature","geometry":{"type":"Point","coordinates":[68.8,39.9]},"properties":{"region":3,"fire_occurred":0,"prediction":0.1153}},{"type":"Feature","geometry":{"type":"Point","coordinates":[68.8,40.1]},"properties":{"region":3,"fire_occurred":0,"prediction":0.1488}},{"type":"Feature","geometry":{"type":"Point","coordinates":[68.8,40.3]},"properties":{"region":3,"fire_occurred":0,"prediction":0.2217}},{"type":"Feature","geometry":{"type":"Point","coordinates":[68.8,40.4]},"properties":{"region":3,"fire_occurred":0,"prediction":0.1279}},{"type":"Feature","geometry":{"type":"Point","coordinates":[68.8,40.5]},"properties":{"region":3,"fire_occurred":0,"prediction":0.333}},{"type":"Feature","geometry":{"type":"Point","coordinates":[68.8,40.6]},"properties":{"region":3,"fire_occurred":0,"prediction":0.2002}},{"type":"Feature","geometry":{"type":"Point","coordinates":[68.8,41.1]},"properties":{"region":3,"fire_occurred":0,"prediction":0.1009}},{"type":"Feature","geometry":{"type":"Point","coordinates":[68.9,39.7]},"properties":{"region":3,"fire_occurred":0,"prediction":0.1114}},{"type":"Feature","geometry":{"type":"Point","coordinates":[68.9,39.8]},"properties":{"region":3,"fire_occurred":0,"prediction":0.1045}},{"type":"Feature","geometry":{"type":"Point","coordinates":[68.9,40.2]},"properties":{"region":3,"fire_occurred":0,"prediction":0.1321}},{"type":"Feature","geometry":{"type":"Point","coordinates":[68.9,40.3]},"properties":{"region":3,"fire_occurred":0,"prediction":0.1295}},{"type":"Feature","geometry":{"type":"Point","coordinates":[68.9,40.4]},"properties":{"region":3,"fire_occurred":0,"prediction":0.1714}},{"type":"Feature","geometry":{"type":"Point","coordinates":[68.9,40.5]},"properties":{"region":3,"fire_occurred":0,"prediction":0.3628}},{"type":"Feature","geometry":{"type":"Point","coordinates":[68.9,40.6]},"properties":{"region":3,"fire_occurred":0,"prediction":0.1045}},{"type":"Feature","geometry":{"type":"Point","coordinates":[68.9,40.7]},"properties":{"region":3,"fire_occurred":0,"prediction":0.1417}},{"type":"Feature","geometry":{"type":"Point","coordinates":[68.9,40.8]},"properties":{"region":3,"fire_occurred":0,"prediction":0.1373}},{"type":"Feature","geometry":{"type":"Point","coordinates":[68.9,40.9]},"properties":{"region":3,"fire_occurred":0,"prediction":0.1368}},{"type":"Feature","geometry":{"type":"Point","coordinates":[69.0,40.0]},"properties":{"region":3,"fire_occurred":0,"prediction":0.1502}},{"type":"Feature","geometry":{"type":"Point","coordinates":[69.0,40.1]},"properties":{"region":3,"fire_occurred":0,"prediction":0.1406}},{"type":"Feature","geometry":{"type":"Point","coordinates":[69.0,40.3]},"properties":{"region":3,"fire_occurred":0,"prediction":0.1738}},{"type":"Feature","geometry":{"type":"Point","coordinates":[69.0,40.4]},"properties":{"region":3,"fire_occurred":0,"prediction":0.1468}},{"type":"Feature","geometry":{"type":"Point","coordinates":[69.0,40.6]},"properties":{"region":3,"fire_occurred":0,"prediction":0.1641}},{"type":"Feature","geometry":{"type":"Point","coordinates":[69.0,40.7]},"properties":{"region":3,"fire_occurred":0,"prediction":0.164}},{"type":"Feature","geometry":{"type":"Point","coordinates":[69.1,40.1]},"properties":{"region":3,"fire_occurred":0,"prediction":0.1495}},{"type":"Feature","geometry":{"type":"Point","coordinates":[69.1,40.3]},"properties":{"region":3,"fire_occurred":0,"prediction":0.1384}},{"type":"Feature","geometry":{"type":"Point","coordinates":[69.1,40.4]},"properties":{"region":3,"fire_occurred":0,"prediction":0.4375}},{"type":"Feature","geometry":{"type":"Point","coordinates":[69.1,40.5]},"properties":{"region":3,"fire_occurred":0,"prediction":0.1584}},{"type":"Feature","geometry":{"type":"Point","coordinates":[69.1,40.6]},"properties":{"region":3,"fire_occurred":0,"prediction":0.1625}},{"type":"Feature","geometry":{"type":"Point","coordinates":[69.1,40.7]},"properties":{"region":3,"fire_occurred":0,"prediction":0.1623}},{"type":"Feature","geometry":{"type":"Point","coordinates":[69.1,40.9]},"properties":{"region":3,"fire_occurred":0,"prediction":0.1094}},{"type":"Feature","geometry":{"type":"Point","coordinates":[69.2,40.4]},"properties":{"region":3,"fire_occurred":0,"prediction":0.112}},{"type":"Feature","geometry":{"type":"Point","coordinates":[69.2,40.5]},"properties":{"region":3,"fire_occurred":0,"prediction":0.1267}},{"type":"Feature","geometry":{"type":"Point","coordinates":[69.2,40.6]},"properties":{"region":3,"fire_occurred":0,"prediction":0.1733}},{"type":"Feature","geometry":{"type":"Point","coordinates":[69.2,40.7]},"properties":{"region":3,"fire_occurred":0,"prediction":0.1728}},{"type":"Feature","geometry":{"type":"Point","coordinates":[69.2,41.5]},"properties":{"region":3,"fire_occurred":0,"prediction":0.1178}},{"type":"Feature","geometry":{"type":"Point","coordinates":[69.4,41.6]},"properties":{"region":3,"fire_occurred":0,"prediction":0.2154}},{"type":"Feature","geometry":{"type":"Point","coordinates":[69.5,40.8]},"properties":{"region":3,"fire_occurred":0,"prediction":0.2957}},{"type":"Feature","geometry":{"type":"Point","coordinates":[70.1,37.5]},"properties":{"region":3,"fire_occurred":0,"prediction":0.1237}},{"type":"Feature","geometry":{"type":"Point","coordinates":[70.6,33.6]},"properties":{"region":3,"fire_occurred":0,"prediction":0.1621}},{"type":"Feature","geometry":{"type":"Point","coordinates":[71.3,35.0]},"properties":{"region":3,"fire_occurred":1,"prediction":0.0136}},{"type":"Feature","geometry":{"type":"Point","coordinates":[72.0,42.9]},"properties":{"region":3,"fire_occurred":0,"prediction":0.1307}},{"type":"Feature","geometry":{"type":"Point","coordinates":[72.1,42.9]},"properties":{"region":3,"fire_occurred":0,"prediction":0.1246}},{"type":"Feature","geometry":{"type":"Point","coordinates":[72.3,42.9]},"properties":{"region":3,"fire_occurred":0,"prediction":0.1008}},{"type":"Feature","geometry":{"type":"Point","coordinates":[72.4,43.0]},"properties":{"region":3,"fire_occurred":0,"prediction":0.1019}},{"type":"Feature","geometry":{"type":"Point","coordinates":[72.5,43.0]},"properties":{"region":3,"fire_occurred":0,"prediction":0.2849}},{"type":"Feature","geometry":{"type":"Point","coordinates":[73.3,40.7]},"properties":{"region":3,"fire_occurred":0,"prediction":0.1357}},{"type":"Feature","geometry":{"type":"Point","coordinates":[73.4,42.8]},"properties":{"region":3,"fire_occurred":0,"prediction":0.1217}},{"type":"Feature","geometry":{"type":"Point","coordinates":[73.5,42.8]},"properties":{"region":3,"fire_occurred":0,"prediction":0.14}},{"type":"Feature","geometry":{"type":"Point","coordinates":[73.6,42.7]},"properties":{"region":3,"fire_occurred":0,"prediction":0.3275}},{"type":"Feature","geometry":{"type":"Point","coordinates":[73.6,42.8]},"properties":{"region":3,"fire_occurred":0,"prediction":0.1864}},{"type":"Feature","geometry":{"type":"Point","coordinates":[73.7,42.7]},"properties":{"region":3,"fire_occurred":0,"prediction":0.386}},{"type":"Feature","geometry":{"type":"Point","coordinates":[73.7,42.8]},"properties":{"region":3,"fire_occurred":0,"prediction":0.1542}},{"type":"Feature","geometry":{"type":"Point","coordinates":[73.8,42.7]},"properties":{"region":3,"fire_occurred":0,"prediction":0.3631}},{"type":"Feature","geometry":{"type":"Point","coordinates":[73.8,42.8]},"properties":{"region":3,"fire_occurred":0,"prediction":0.1904}},{"type":"Feature","geometry":{"type":"Point","coordinates":[73.8,43.3]},"properties":{"region":3,"fire_occurred":0,"prediction":0.1113}},{"type":"Feature","geometry":{"type":"Point","coordinates":[73.8,43.4]},"properties":{"region":3,"fire_occurred":0,"prediction":0.1219}},{"type":"Feature","geometry":{"type":"Point","coordinates":[73.9,42.7]},"properties":{"region":3,"fire_occurred":0,"prediction":0.3103}},{"type":"Feature","geometry":{"type":"Point","coordinates":[73.9,42.8]},"properties":{"region":3,"fire_occurred":0,"prediction":0.1156}},{"type":"Feature","geometry":{"type":"Point","coordinates":[73.9,43.3]},"properties":{"region":3,"fire_occurred":0,"prediction":0.2034}},{"type":"Feature","geometry":{"type":"Point","coordinates":[73.9,43.4]},"properties":{"region":3,"fire_occurred":0,"prediction":0.1658}},{"type":"Feature","geometry":{"type":"Point","coordinates":[73.9,43.5]},"properties":{"region":3,"fire_occurred":0,"prediction":0.1289}},{"type":"Feature","geometry":{"type":"Point","coordinates":[74.0,42.7]},"properties":{"region":3,"fire_occurred":0,"prediction":0.306}},{"type":"Feature","geometry":{"type":"Point","coordinates":[74.0,42.8]},"properties":{"region":3,"fire_occurred":0,"prediction":0.1627}},{"type":"Feature","geometry":{"type":"Point","coordinates":[74.0,43.0]},"properties":{"region":3,"fire_occurred":0,"prediction":0.1206}},{"type":"Feature","geometry":{"type":"Point","coordinates":[74.0,43.3]},"properties":{"region":3,"fire_occurred":0,"prediction":0.1838}},{"type":"Feature","geometry":{"type":"Point","coordinates":[74.0,43.4]},"properties":{"region":3,"fire_occurred":0,"prediction":0.1893}},{"type":"Feature","geometry":{"type":"Point","coordinates":[74.0,43.5]},"properties":{"region":3,"fire_occurred":0,"prediction":0.1118}},{"type":"Feature","geometry":{"type":"Point","coordinates":[74.0,43.6]},"properties":{"region":3,"fire_occurred":0,"prediction":0.1498}},{"type":"Feature","geometry":{"type":"Point","coordinates":[74.1,42.6]},"properties":{"region":3,"fire_occurred":0,"prediction":0.1496}},{"type":"Feature","geometry":{"type":"Point","coordinates":[74.1,42.7]},"properties":{"region":3,"fire_occurred":0,"prediction":0.2889}},{"type":"Feature","geometry":{"type":"Point","coordinates":[74.1,42.8]},"properties":{"region":3,"fire_occurred":0,"prediction":0.1744}},{"type":"Feature","geometry":{"type":"Point","coordinates":[74.1,43.0]},"properties":{"region":3,"fire_occurred":0,"prediction":0.1065}},{"type":"Feature","geometry":{"type":"Point","coordinates":[74.1,43.1]},"properties":{"region":3,"fire_occurred":0,"prediction":0.1139}},{"type":"Feature","geometry":{"type":"Point","coordinates":[74.1,43.3]},"properties":{"region":3,"fire_occurred":0,"prediction":0.1119}},{"type":"Feature","geometry":{"type":"Point","coordinates":[74.1,43.5]},"properties":{"region":3,"fire_occurred":0,"prediction":0.1565}},{"type":"Feature","geometry":{"type":"Point","coordinates":[74.1,43.6]},"properties":{"region":3,"fire_occurred":0,"prediction":0.1784}},{"type":"Feature","geometry":{"type":"Point","coordinates":[74.1,43.9]},"properties":{"region":3,"fire_occurred":0,"prediction":0.1099}},{"type":"Feature","geometry":{"type":"Point","coordinates":[74.2,42.7]},"properties":{"region":3,"fire_occurred":0,"prediction":0.2424}},{"type":"Feature","geometry":{"type":"Point","coordinates":[74.2,42.8]},"properties":{"region":3,"fire_occurred":0,"prediction":0.3811}},{"type":"Feature","geometry":{"type":"Point","coordinates":[74.2,43.0]},"properties":{"region":3,"fire_occurred":0,"prediction":0.1326}},{"type":"Feature","geometry":{"type":"Point","coordinates":[74.2,43.1]},"properties":{"region":3,"fire_occurred":0,"prediction":0.1119}},{"type":"Feature","geometry":{"type":"Point","coordinates":[74.2,43.2]},"properties":{"region":3,"fire_occurred":0,"prediction":0.1138}},{"type":"Feature","geometry":{"type":"Point","coordinates":[74.2,43.3]},"properties":{"region":3,"fire_occurred":0,"prediction":0.1016}},{"type":"Feature","geometry":{"type":"Point","coordinates":[74.2,43.5]},"properties":{"region":3,"fire_occurred":0,"prediction":0.1268}},{"type":"Feature","geometry":{"type":"Point","coordinates":[74.3,42.7]},"properties":{"region":3,"fire_occurred":0,"prediction":0.2211}},{"type":"Feature","geometry":{"type":"Point","coordinates":[74.3,42.8]},"properties":{"region":3,"fire_occurred":0,"prediction":0.1127}},{"type":"Feature","geometry":{"type":"Point","coordinates":[74.3,43.0]},"properties":{"region":3,"fire_occurred":0,"prediction":0.1005}},{"type":"Feature","geometry":{"type":"Point","coordinates":[74.3,43.1]},"properties":{"region":3,"fire_occurred":0,"prediction":0.1194}},{"type":"Feature","geometry":{"type":"Point","coordinates":[74.3,43.2]},"properties":{"region":3,"fire_occurred":0,"prediction":0.1387}},{"type":"Feature","geometry":{"type":"Point","coordinates":[74.3,43.3]},"properties":{"region":3,"fire_occurred":0,"prediction":0.102}},{"type":"Feature","geometry":{"type":"Point","coordinates":[74.3,43.4]},"properties":{"region":3,"fire_occurred":0,"prediction":0.1116}},{"type":"Feature","geometry":{"type":"Point","coordinates":[74.3,43.9]},"properties":{"region":3,"fire_occurred":0,"prediction":0.1431}},{"type":"Feature","geometry":{"type":"Point","coordinates":[74.4,43.0]},"properties":{"region":3,"fire_occurred":0,"prediction":0.1816}},{"type":"Feature","geometry":{"type":"Point","coordinates":[74.4,43.2]},"properties":{"region":3,"fire_occurred":0,"prediction":0.1243}},{"type":"Feature","geometry":{"type":"Point","coordinates":[74.5,42.9]},"properties":{"region":3,"fire_occurred":1,"prediction":0.0237}},{"type":"Feature","geometry":{"type":"Point","coordinates":[74.6,43.9]},"properties":{"region":3,"fire_occurred":0,"prediction":0.1219}},{"type":"Feature","geometry":{"type":"Point","coordinates":[74.7,42.8]},"properties":{"region":3,"fire_occurred":1,"prediction":0.016}},{"type":"Feature","geometry":{"type":"Point","coordinates":[74.7,42.9]},"properties":{"region":3,"fire_occurred":1,"prediction":0.0061}},{"type":"Feature","geometry":{"type":"Point","coordinates":[74.7,43.0]},"properties":{"region":3,"fire_occurred":0,"prediction":0.1191}},{"type":"Feature","geometry":{"type":"Point","coordinates":[74.7,43.9]},"properties":{"region":3,"fire_occurred":0,"prediction":0.1406}},{"type":"Feature","geometry":{"type":"Point","coordinates":[74.8,42.9]},"properties":{"region":3,"fire_occurred":1,"prediction":0.0177}},{"type":"Feature","geometry":{"type":"Point","coordinates":[74.8,43.9]},"properties":{"region":3,"fire_occurred":0,"prediction":0.1683}},{"type":"Feature","geometry":{"type":"Point","coordinates":[74.9,42.8]},"properties":{"region":3,"fire_occurred":0,"prediction":0.1493}},{"type":"Feature","geometry":{"type":"Point","coordinates":[75.0,42.7]},"properties":{"region":3,"fire_occurred":1,"prediction":0.0181}},{"type":"Feature","geometry":{"type":"Point","coordinates":[75.0,42.8]},"properties":{"region":3,"fire_occurred":1,"prediction":0.1299}},{"type":"Feature","geometry":{"type":"Point","coordinates":[75.0,42.9]},"properties":{"region":3,"fire_occurred":1,"prediction":0.0202}},{"type":"Feature","geometry":{"type":"Point","coordinates":[75.1,42.8]},"properties":{"region":3,"fire_occurred":1,"prediction":0.0274}},{"type":"Feature","geometry":{"type":"Point","coordinates":[75.1,42.9]},"properties":{"region":3,"fire_occurred":1,"prediction":0.008}},{"type":"Feature","geometry":{"type":"Point","coordinates":[75.2,42.7]},"properties":{"region":3,"fire_occurred":0,"prediction":0.1173}},{"type":"Feature","geometry":{"type":"Point","coordinates":[75.6,33.3]},"properties":{"region":3,"fire_occurred":1,"prediction":0.0169}},{"type":"Feature","geometry":{"type":"Point","coordinates":[75.7,42.7]},"properties":{"region":3,"fire_occurred":1,"prediction":0.0183}},{"type":"Feature","geometry":{"type":"Point","coordinates":[79.3,29.6]},"properties":{"region":3,"fire_occurred":1,"prediction":0.0414}},{"type":"Feature","geometry":{"type":"Point","coordinates":[80.1,28.8]},"properties":{"region":3,"fire_occurred":1,"prediction":0.1401}},{"type":"Feature","geometry":{"type":"Point","coordinates":[80.2,28.0]},"properties":{"region":3,"fire_occurred":1,"prediction":0.0024}},{"type":"Feature","geometry":{"type":"Point","coordinates":[80.4,28.4]},"properties":{"region":3,"fire_occurred":1,"prediction":0.0261}},{"type":"Feature","geometry":{"type":"Point","coordinates":[81.2,24.8]},"properties":{"region":3,"fire_occurred":1,"prediction":0.0012}},{"type":"Feature","geometry":{"type":"Point","coordinates":[81.9,25.9]},"properties":{"region":3,"fire_occurred":1,"prediction":0.0014}},{"type":"Feature","geometry":{"type":"Point","coordinates":[83.9,24.6]},"properties":{"region":3,"fire_occurred":1,"prediction":0.0013}},{"type":"Feature","geometry":{"type":"Point","coordinates":[86.1,26.5]},"properties":{"region":3,"fire_occurred":1,"prediction":0.0003}},{"type":"Feature","geometry":{"type":"Point","coordinates":[88.0,26.4]},"properties":{"region":3,"fire_occurred":1,"prediction":0.0009}},{"type":"Feature","geometry":{"type":"Point","coordinates":[90.6,27.3]},"properties":{"region":3,"fire_occurred":1,"prediction":0.0019}},{"type":"Feature","geometry":{"type":"Point","coordinates":[91.0,26.6]},"properties":{"region":3,"fire_occurred":0,"prediction":0.2074}},{"type":"Feature","geometry":{"type":"Point","coordinates":[91.0,26.7]},"properties":{"region":3,"fire_occurred":1,"prediction":0.1707}},{"type":"Feature","geometry":{"type":"Point","coordinates":[91.1,26.7]},"properties":{"region":3,"fire_occurred":0,"prediction":0.2567}},{"type":"Feature","geometry":{"type":"Point","coordinates":[91.2,26.2]},"properties":{"region":3,"fire_occurred":1,"prediction":0.0021}},{"type":"Feature","geometry":{"type":"Point","coordinates":[92.1,27.0]},"properties":{"region":3,"fire_occurred":1,"prediction":0.0083}},{"type":"Feature","geometry":{"type":"Point","coordinates":[92.3,27.1]},"properties":{"region":3,"fire_occurred":1,"prediction":0.0009}},{"type":"Feature","geometry":{"type":"Point","coordinates":[92.4,27.3]},"properties":{"region":3,"fire_occurred":0,"prediction":0.1352}},{"type":"Feature","geometry":{"type":"Point","coordinates":[93.1,26.9]},"properties":{"region":3,"fire_occurred":1,"prediction":0.0088}},{"type":"Feature","geometry":{"type":"Point","coordinates":[93.2,25.0]},"properties":{"region":3,"fire_occurred":1,"prediction":0.0106}},{"type":"Feature","geometry":{"type":"Point","coordinates":[93.4,25.2]},"properties":{"region":3,"fire_occurred":1,"prediction":0.0384}},{"type":"Feature","geometry":{"type":"Point","coordinates":[93.4,26.7]},"properties":{"region":3,"fire_occurred":1,"prediction":0.0801}},{"type":"Feature","geometry":{"type":"Point","coordinates":[93.5,25.0]},"properties":{"region":3,"fire_occurred":1,"prediction":0.0122}},{"type":"Feature","geometry":{"type":"Point","coordinates":[93.5,25.4]},"properties":{"region":3,"fire_occurred":1,"prediction":0.0318}},{"type":"Feature","geometry":{"type":"Point","coordinates":[93.5,25.6]},"properties":{"region":3,"fire_occurred":1,"prediction":0.0548}},{"type":"Feature","geometry":{"type":"Point","coordinates":[93.6,25.4]},"properties":{"region":3,"fire_occurred":1,"prediction":0.0447}},{"type":"Feature","geometry":{"type":"Point","coordinates":[93.7,25.0]},"properties":{"region":3,"fire_occurred":1,"prediction":0.0836}},{"type":"Feature","geometry":{"type":"Point","coordinates":[93.7,25.5]},"properties":{"region":3,"fire_occurred":1,"prediction":0.026}},{"type":"Feature","geometry":{"type":"Point","coordinates":[93.8,24.5]},"properties":{"region":3,"fire_occurred":0,"prediction":0.1199}},{"type":"Feature","geometry":{"type":"Point","coordinates":[93.8,24.6]},"properties":{"region":3,"fire_occurred":0,"prediction":0.1585}},{"type":"Feature","geometry":{"type":"Point","coordinates":[93.8,25.0]},"properties":{"region":3,"fire_occurred":1,"prediction":0.0363}},{"type":"Feature","geometry":{"type":"Point","coordinates":[93.9,25.0]},"properties":{"region":3,"fire_occurred":0,"prediction":0.1527}},{"type":"Feature","geometry":{"type":"Point","coordinates":[93.9,25.3]},"properties":{"region":3,"fire_occurred":1,"prediction":0.0192}},{"type":"Feature","geometry":{"type":"Point","coordinates":[93.9,25.5]},"properties":{"region":3,"fire_occurred":1,"prediction":0.0201}},{"type":"Feature","geometry":{"type":"Point","coordinates":[93.9,25.6]},"properties":{"region":3,"fire_occurred":1,"prediction":0.0068}},{"type":"Feature","geometry":{"type":"Point","coordinates":[94.0,21.9]},"properties":{"region":3,"fire_occurred":0,"prediction":0.1238}},{"type":"Feature","geometry":{"type":"Point","coordinates":[94.0,22.0]},"properties":{"region":3,"fire_occurred":0,"prediction":0.2743}},{"type":"Feature","geometry":{"type":"Point","coordinates":[94.0,22.1]},"properties":{"region":3,"fire_occurred":1,"prediction":0.1673}},{"type":"Feature","geometry":{"type":"Point","coordinates":[94.0,22.2]},"properties":{"region":3,"fire_occurred":0,"prediction":0.1245}},{"type":"Feature","geometry":{"type":"Point","coordinates":[94.0,22.3]},"properties":{"region":3,"fire_occurred":0,"prediction":0.2264}},{"type":"Feature","geometry":{"type":"Point","coordinates":[94.0,22.4]},"properties":{"region":3,"fire_occurred":1,"prediction":0.0215}},{"type":"Feature","geometry":{"type":"Point","coordinates":[94.0,22.5]},"properties":{"region":3,"fire_occurred":0,"prediction":0.1788}},{"type":"Feature","geometry":{"type":"Point","coordinates":[94.0,22.7]},"properties":{"region":3,"fire_occurred":1,"prediction":0.1026}},{"type":"Feature","geometry":{"type":"Point","coordinates":[94.0,23.5]},"properties":{"region":3,"fire_occurred":0,"prediction":0.326}},{"type":"Feature","geometry":{"type":"Point","coordinates":[94.1,25.3]},"properties":{"region":3,"fire_occurred":1,"prediction":0.0064}},{"type":"Feature","geometry":{"type":"Point","coordinates":[94.2,21.0]},"properties":{"region":3,"fire_occurred":0,"prediction":0.1183}},{"type":"Feature","geometry":{"type":"Point","coordinates":[94.2,24.1]},"properties":{"region":3,"fire_occurred":0,"prediction":0.1804}},{"type":"Feature","geometry":{"type":"Point","coordinates":[94.2,25.4]},"properties":{"region":3,"fire_occurred":1,"prediction":0.0235}},{"type":"Feature","geometry":{"type":"Point","coordinates":[94.2,25.5]},"properties":{"region":3,"fire_occurred":1,"prediction":0.017}},{"type":"Feature","geometry":{"type":"Point","coordinates":[94.2,25.7]},"properties":{"region":3,"fire_occurred":1,"prediction":0.006}},{"type":"Feature","geometry":{"type":"Point","coordinates":[94.2,25.8]},"properties":{"region":3,"fire_occurred":1,"prediction":0.073}},{"type":"Feature","geometry":{"type":"Point","coordinates":[94.2,25.9]},"properties":{"region":3,"fire_occurred":0,"prediction":0.2181}},{"type":"Feature","geometry":{"type":"Point","coordinates":[94.2,26.0]},"properties":{"region":3,"fire_occurred":0,"prediction":0.2565}},{"type":"Feature","geometry":{"type":"Point","coordinates":[94.2,26.9]},"properties":{"region":3,"fire_occurred":0,"prediction":0.1092}},{"type":"Feature","geometry":{"type":"Point","coordinates":[94.3,21.5]},"properties":{"region":3,"fire_occurred":0,"prediction":0.108}},{"type":"Feature","geometry":{"type":"Point","coordinates":[94.3,25.0]},"properties":{"region":3,"fire_occurred":0,"prediction":0.1576}},{"type":"Feature","geometry":{"type":"Point","coordinates":[94.3,25.3]},"properties":{"region":3,"fire_occurred":1,"prediction":0.0075}},{"type":"Feature","geometry":{"type":"Point","coordinates":[94.3,25.6]},"properties":{"region":3,"fire_occurred":1,"prediction":0.022}},{"type":"Feature","geometry":{"type":"Point","coordinates":[94.3,25.8]},"properties":{"region":3,"fire_occurred":1,"prediction":0.0722}},{"type":"Feature","geometry":{"type":"Point","coordinates":[94.3,25.9]},"properties":{"region":3,"fire_occurred":0,"prediction":0.2392}},{"type":"Feature","geometry":{"type":"Point","coordinates":[94.3,26.0]},"properties":{"region":3,"fire_occurred":0,"prediction":0.1903}},{"type":"Feature","geometry":{"type":"Point","coordinates":[94.3,26.1]},"properties":{"region":3,"fire_occurred":1,"prediction":0.2698}},{"type":"Feature","geometry":{"type":"Point","coordinates":[94.4,22.4]},"properties":{"region":3,"fire_occurred":1,"prediction":0.0007}},{"type":"Feature","geometry":{"type":"Point","coordinates":[94.4,25.8]},"properties":{"region":3,"fire_occurred":1,"prediction":0.0211}},{"type":"Feature","geometry":{"type":"Point","coordinates":[94.4,25.9]},"properties":{"region":3,"fire_occurred":0,"prediction":0.1019}},{"type":"Feature","geometry":{"type":"Point","coordinates":[94.4,26.0]},"properties":{"region":3,"fire_occurred":1,"prediction":0.27}},{"type":"Feature","geometry":{"type":"Point","coordinates":[94.4,26.1]},"properties":{"region":3,"fire_occurred":0,"prediction":0.1663}},{"type":"Feature","geometry":{"type":"Point","coordinates":[94.5,23.0]},"properties":{"region":3,"fire_occurred":1,"prediction":0.0241}},{"type":"Feature","geometry":{"type":"Point","coordinates":[94.5,24.5]},"properties":{"region":3,"fire_occurred":0,"prediction":0.1348}},{"type":"Feature","geometry":{"type":"Point","coordinates":[94.5,24.6]},"properties":{"region":3,"fire_occurred":0,"prediction":0.1198}},{"type":"Feature","geometry":{"type":"Point","coordinates":[94.5,25.3]},"properties":{"region":3,"fire_occurred":1,"prediction":0.0759}},{"type":"Feature","geometry":{"type":"Point","coordinates":[94.5,25.8]},"properties":{"region":3,"fire_occurred":1,"prediction":0.0054}},{"type":"Feature","geometry":{"type":"Point","coordinates":[94.5,26.0]},"properties":{"region":3,"fire_occurred":1,"prediction":0.3424}},{"type":"Feature","geometry":{"type":"Point","coordinates":[94.5,26.1]},"properties":{"region":3,"fire_occurred":0,"prediction":0.2444}},{"type":"Feature","geometry":{"type":"Point","coordinates":[94.5,26.3]},"properties":{"region":3,"fire_occurred":1,"prediction":0.0315}},{"type":"Feature","geometry":{"type":"Point","coordinates":[94.5,26.4]},"properties":{"region":3,"fire_occurred":1,"prediction":0.0137}},{"type":"Feature","geometry":{"type":"Point","coordinates":[94.6,25.4]},"properties":{"region":3,"fire_occurred":0,"prediction":0.1549}},{"type":"Feature","geometry":{"type":"Point","coordinates":[94.6,25.5]},"properties":{"region":3,"fire_occurred":0,"prediction":0.1316}},{"type":"Feature","geometry":{"type":"Point","coordinates":[94.6,26.1]},"properties":{"region":3,"fire_occurred":0,"prediction":0.1779}},{"type":"Feature","geometry":{"type":"Point","coordinates":[94.6,26.2]},"properties":{"region":3,"fire_occurred":0,"prediction":0.1003}},{"type":"Feature","geometry":{"type":"Point","coordinates":[94.6,26.4]},"properties":{"region":3,"fire_occurred":1,"prediction":0.0767}},{"type":"Feature","geometry":{"type":"Point","coordinates":[94.6,26.7]},"properties":{"region":3,"fire_occurred":0,"prediction":0.1076}},{"type":"Feature","geometry":{"type":"Point","coordinates":[94.7,23.0]},"properties":{"region":3,"fire_occurred":1,"prediction":0.013}},{"type":"Feature","geometry":{"type":"Point","coordinates":[94.7,26.1]},"properties":{"region":3,"fire_occurred":0,"prediction":0.1067}},{"type":"Feature","geometry":{"type":"Point","coordinates":[94.7,26.4]},"properties":{"region":3,"fire_occurred":0,"prediction":0.1831}},{"type":"Feature","geometry":{"type":"Point","coordinates":[94.7,26.5]},"properties":{"region":3,"fire_occurred":1,"prediction":0.0673}},{"type":"Feature","geometry":{"type":"Point","coordinates":[94.7,26.7]},"properties":{"region":3,"fire_occurred":1,"prediction":0.0814}},{"type":"Feature","geometry":{"type":"Point","coordinates":[94.8,26.1]},"properties":{"region":3,"fire_occurred":0,"prediction":0.1358}},{"type":"Feature","geometry":{"type":"Point","coordinates":[94.8,26.7]},"properties":{"region":3,"fire_occurred":0,"prediction":0.1366}},{"type":"Feature","geometry":{"type":"Point","coordinates":[94.8,26.8]},"properties":{"region":3,"fire_occurred":0,"prediction":0.1217}},{"type":"Feature","geometry":{"type":"Point","coordinates":[94.9,25.8]},"properties":{"region":3,"fire_occurred":1,"prediction":0.0354}},{"type":"Feature","geometry":{"type":"Point","coordinates":[94.9,25.9]},"properties":{"region":3,"fire_occurred":0,"prediction":0.1226}},{"type":"Feature","geometry":{"type":"Point","coordinates":[94.9,26.0]},"properties":{"region":3,"fire_occurred":1,"prediction":0.0483}},{"type":"Feature","geometry":{"type":"Point","coordinates":[94.9,26.2]},"properties":{"region":3,"fire_occurred":1,"prediction":0.0195}},{"type":"Feature","geometry":{"type":"Point","coordinates":[94.9,26.6]},"properties":{"region":3,"fire_occurred":0,"prediction":0.1009}},{"type":"Feature","geometry":{"type":"Point","coordinates":[94.9,26.7]},"properties":{"region":3,"fire_occurred":0,"prediction":0.2754}},{"type":"Feature","geometry":{"type":"Point","coordinates":[94.9,26.8]},"properties":{"region":3,"fire_occurred":0,"prediction":0.1722}},{"type":"Feature","geometry":{"type":"Point","coordinates":[94.9,26.9]},"properties":{"region":3,"fire_occurred":0,"prediction":0.1063}},{"type":"Feature","geometry":{"type":"Point","coordinates":[95.0,25.4]},"properties":{"region":3,"fire_occurred":1,"prediction":0.0057}},{"type":"Feature","geometry":{"type":"Point","coordinates":[95.0,25.8]},"properties":{"region":3,"fire_occurred":1,"prediction":0.0267}},{"type":"Feature","geometry":{"type":"Point","coordinates":[95.0,26.0]},"properties":{"region":3,"fire_occurred":0,"prediction":0.1079}},{"type":"Feature","geometry":{"type":"Point","coordinates":[95.0,26.6]},"properties":{"region":3,"fire_occurred":0,"prediction":0.1869}},{"type":"Feature","geometry":{"type":"Point","coordinates":[95.0,26.7]},"properties":{"region":3,"fire_occurred":0,"prediction":0.2631}},{"type":"Feature","geometry":{"type":"Point","coordinates":[95.0,26.8]},"properties":{"region":3,"fire_occurred":0,"prediction":0.2553}},{"type":"Feature","geometry":{"type":"Point","coordinates":[95.0,26.9]},"properties":{"region":3,"fire_occurred":0,"prediction":0.1014}},{"type":"Feature","geometry":{"type":"Point","coordinates":[95.1,26.7]},"properties":{"region":3,"fire_occurred":0,"prediction":0.1174}},{"type":"Feature","geometry":{"type":"Point","coordinates":[95.1,26.8]},"properties":{"region":3,"fire_occurred":0,"prediction":0.2441}},{"type":"Feature","geometry":{"type":"Point","coordinates":[95.1,26.9]},"properties":{"region":3,"fire_occurred":0,"prediction":0.1564}},{"type":"Feature","geometry":{"type":"Point","coordinates":[95.2,26.8]},"properties":{"region":3,"fire_occurred":0,"prediction":0.1369}},{"type":"Feature","geometry":{"type":"Point","coordinates":[95.2,26.9]},"properties":{"region":3,"fire_occurred":0,"prediction":0.1155}},{"type":"Feature","geometry":{"type":"Point","coordinates":[95.3,26.6]},"properties":{"region":3,"fire_occurred":1,"prediction":0.1092}},{"type":"Feature","geometry":{"type":"Point","coordinates":[95.4,26.5]},"properties":{"region":3,"fire_occurred":1,"prediction":0.0719}},{"type":"Feature","geometry":{"type":"Point","coordinates":[95.9,28.8]},"properties":{"region":3,"fire_occurred":0,"prediction":0.1049}},{"type":"Feature","geometry":{"type":"Point","coordinates":[96.6,25.7]},"properties":{"region":3,"fire_occurred":0,"prediction":0.1306}},{"type":"Feature","geometry":{"type":"Point","coordinates":[96.6,25.8]},"properties":{"region":3,"fire_occurred":0,"prediction":0.1489}},{"type":"Feature","geometry":{"type":"Point","coordinates":[97.8,23.1]},"properties":{"region":3,"fire_occurred":0,"prediction":0.1291}},{"type":"Feature","geometry":{"type":"Point","coordinates":[97.9,23.2]},"properties":{"region":3,"fire_occurred":0,"prediction":0.1086}},{"type":"Feature","geometry":{"type":"Point","coordinates":[98.0,23.9]},"properties":{"region":3,"fire_occurred":1,"prediction":0.0095}},{"type":"Feature","geometry":{"type":"Point","coordinates":[98.0,24.3]},"properties":{"region":3,"fire_occurred":1,"prediction":0.0072}},{"type":"Feature","geometry":{"type":"Point","coordinates":[98.0,24.9]},"properties":{"region":3,"fire_occurred":1,"prediction":0.0072}},{"type":"Feature","geometry":{"type":"Point","coordinates":[98.1,21.3]},"properties":{"region":3,"fire_occurred":0,"prediction":0.311}},{"type":"Feature","geometry":{"type":"Point","coordinates":[98.1,22.0]},"properties":{"region":3,"fire_occurred":1,"prediction":0.0177}},{"type":"Feature","geometry":{"type":"Point","coordinates":[98.1,22.9]},"properties":{"region":3,"fire_occurred":1,"prediction":0.0074}},{"type":"Feature","geometry":{"type":"Point","coordinates":[98.1,24.5]},"properties":{"region":3,"fire_occurred":1,"prediction":0.0176}},{"type":"Feature","geometry":{"type":"Point","coordinates":[98.2,22.1]},"properties":{"region":3,"fire_occurred":0,"prediction":0.1014}},{"type":"Feature","geometry":{"type":"Point","coordinates":[98.3,21.8]},"properties":{"region":3,"fire_occurred":0,"prediction":0.1289}},{"type":"Feature","geometry":{"type":"Point","coordinates":[98.3,22.0]},"properties":{"region":3,"fire_occurred":1,"prediction":0.0112}},{"type":"Feature","geometry":{"type":"Point","coordinates":[98.5,22.6]},"properties":{"region":3,"fire_occurred":1,"prediction":0.0066}},{"type":"Feature","geometry":{"type":"Point","coordinates":[98.5,23.4]},"properties":{"region":3,"fire_occurred":0,"prediction":0.1559}},{"type":"Feature","geometry":{"type":"Point","coordinates":[98.6,23.9]},"properties":{"region":3,"fire_occurred":1,"prediction":0.0536}},{"type":"Feature","geometry":{"type":"Point","coordinates":[98.7,23.3]},"properties":{"region":3,"fire_occurred":1,"prediction":0.0029}},{"type":"Feature","geometry":{"type":"Point","coordinates":[99.2,22.7]},"properties":{"region":3,"fire_occurred":1,"prediction":0.0642}},{"type":"Feature","geometry":{"type":"Point","coordinates":[99.4,24.9]},"properties":{"region":3,"fire_occurred":1,"prediction":0.0177}},{"type":"Feature","geometry":{"type":"Point","coordinates":[100.3,22.7]},"properties":{"region":3,"fire_occurred":1,"prediction":0.0123}},{"type":"Feature","geometry":{"type":"Point","coordinates":[100.3,24.0]},"properties":{"region":3,"fire_occurred":1,"prediction":0.0043}},{"type":"Feature","geometry":{"type":"Point","coordinates":[100.5,25.0]},"properties":{"region":3,"fire_occurred":1,"prediction":0.0081}},{"type":"Feature","geometry":{"type":"Point","coordinates":[101.6,26.5]},"properties":{"region":3,"fire_occurred":1,"prediction":0.8066}},{"type":"Feature","geometry":{"type":"Point","coordinates":[102.2,23.8]},"properties":{"region":3,"fire_occurred":1,"prediction":0.0028}},{"type":"Feature","geometry":{"type":"Point","coordinates":[102.2,27.7]},"properties":{"region":3,"fire_occurred":0,"prediction":0.3567}},{"type":"Feature","geometry":{"type":"Point","coordinates":[103.8,35.8]},"properties":{"region":3,"fire_occurred":0,"prediction":0.1295}},{"type":"Feature","geometry":{"type":"Point","coordinates":[104.7,36.3]},"properties":{"region":3,"fire_occurred":1,"prediction":0.0068}},{"type":"Feature","geometry":{"type":"Point","coordinates":[105.3,35.1]},"properties":{"region":3,"fire_occurred":1,"prediction":0.0903}},{"type":"Feature","geometry":{"type":"Point","coordinates":[105.9,35.5]},"properties":{"region":3,"fire_occurred":0,"prediction":0.1084}},{"type":"Feature","geometry":{"type":"Point","coordinates":[105.9,35.6]},"properties":{"region":3,"fire_occurred":0,"prediction":0.1467}},{"type":"Feature","geometry":{"type":"Point","coordinates":[106.0,34.9]},"properties":{"region":3,"fire_occurred":1,"prediction":0.0104}},{"type":"Feature","geometry":{"type":"Point","coordinates":[106.6,29.7]},"properties":{"region":3,"fire_occurred":0,"prediction":0.1198}},{"type":"Feature","geometry":{"type":"Point","coordinates":[107.3,36.2]},"properties":{"region":3,"fire_occurred":1,"prediction":0.001}},{"type":"Feature","geometry":{"type":"Point","coordinates":[108.4,35.2]},"properties":{"region":3,"fire_occurred":0,"prediction":0.1076}},{"type":"Feature","geometry":{"type":"Point","coordinates":[108.6,34.0]},"properties":{"region":3,"fire_occurred":0,"prediction":0.2392}},{"type":"Feature","geometry":{"type":"Point","coordinates":[108.7,23.3]},"properties":{"region":3,"fire_occurred":0,"prediction":0.1002}},{"type":"Feature","geometry":{"type":"Point","coordinates":[108.7,34.0]},"properties":{"region":3,"fire_occurred":1,"prediction":0.4646}},{"type":"Feature","geometry":{"type":"Point","coordinates":[109.0,35.6]},"properties":{"region":3,"fire_occurred":0,"prediction":0.1566}},{"type":"Feature","geometry":{"type":"Point","coordinates":[109.0,36.3]},"properties":{"region":3,"fire_occurred":0,"prediction":0.1356}},{"type":"Feature","geometry":{"type":"Point","coordinates":[109.1,35.2]},"properties":{"region":3,"fire_occurred":0,"prediction":0.1734}},{"type":"Feature","geometry":{"type":"Point","coordinates":[109.1,35.3]},"properties":{"region":3,"fire_occurred":0,"prediction":0.1981}},{"type":"Feature","geometry":{"type":"Point","coordinates":[109.1,36.3]},"properties":{"region":3,"fire_occurred":0,"prediction":0.124}},{"type":"Feature","geometry":{"type":"Point","coordinates":[109.2,36.1]},"properties":{"region":3,"fire_occurred":0,"prediction":0.1788}},{"type":"Feature","geometry":{"type":"Point","coordinates":[109.2,36.2]},"properties":{"region":3,"fire_occurred":0,"prediction":0.1986}},{"type":"Feature","geometry":{"type":"Point","coordinates":[109.2,36.3]},"properties":{"region":3,"fire_occurred":0,"prediction":0.1938}},{"type":"Feature","geometry":{"type":"Point","coordinates":[109.3,24.3]},"properties":{"region":3,"fire_occurred":0,"prediction":0.1134}},{"type":"Feature","geometry":{"type":"Point","coordinates":[109.3,35.3]},"properties":{"region":3,"fire_occurred":1,"prediction":0.0279}},{"type":"Feature","geometry":{"type":"Point","coordinates":[109.3,36.2]},"properties":{"region":3,"fire_occurred":0,"prediction":0.1794}},{"type":"Feature","geometry":{"type":"Point","coordinates":[109.3,36.4]},"properties":{"region":3,"fire_occurred":0,"prediction":0.2325}},{"type":"Feature","geometry":{"type":"Point","coordinates":[109.4,22.9]},"properties":{"region":3,"fire_occurred":1,"prediction":0.048}},{"type":"Feature","geometry":{"type":"Point","coordinates":[109.4,36.1]},"properties":{"region":3,"fire_occurred":0,"prediction":0.1345}},{"type":"Feature","geometry":{"type":"Point","coordinates":[109.4,36.2]},"properties":{"region":3,"fire_occurred":0,"prediction":0.1273}},{"type":"Feature","geometry":{"type":"Point","coordinates":[109.4,36.3]},"properties":{"region":3,"fire_occurred":0,"prediction":0.2758}},{"type":"Feature","geometry":{"type":"Point","coordinates":[109.5,22.6]},"properties":{"region":3,"fire_occurred":1,"prediction":0.0167}},{"type":"Feature","geometry":{"type":"Point","coordinates":[109.5,22.7]},"properties":{"region":3,"fire_occurred":1,"prediction":0.024}},{"type":"Feature","geometry":{"type":"Point","coordinates":[109.5,36.0]},"properties":{"region":3,"fire_occurred":0,"prediction":0.1457}},{"type":"Feature","geometry":{"type":"Point","coordinates":[109.5,36.1]},"properties":{"region":3,"fire_occurred":0,"prediction":0.1364}},{"type":"Feature","geometry":{"type":"Point","coordinates":[109.5,36.3]},"properties":{"region":3,"fire_occurred":0,"prediction":0.2584}},{"type":"Feature","geometry":{"type":"Point","coordinates":[109.6,35.9]},"properties":{"region":3,"fire_occurred":0,"prediction":0.1237}},{"type":"Feature","geometry":{"type":"Point","coordinates":[109.7,36.3]},"properties":{"region":3,"fire_occurred":0,"prediction":0.1417}},{"type":"Feature","geometry":{"type":"Point","coordinates":[109.8,22.1]},"properties":{"region":3,"fire_occurred":0,"prediction":0.1065}},{"type":"Feature","geometry":{"type":"Point","coordinates":[109.8,28.6]},"properties":{"region":3,"fire_occurred":0,"prediction":0.1043}},{"type":"Feature","geometry":{"type":"Point","coordinates":[109.8,35.2]},"properties":{"region":3,"fire_occurred":1,"prediction":0.0081}},{"type":"Feature","geometry":{"type":"Point","coordinates":[109.8,36.3]},"properties":{"region":3,"fire_occurred":0,"prediction":0.1315}},{"type":"Feature","geometry":{"type":"Point","coordinates":[109.9,28.8]},"properties":{"region":3,"fire_occurred":0,"prediction":0.1303}},{"type":"Feature","geometry":{"type":"Point","coordinates":[109.9,35.9]},"properties":{"region":3,"fire_occurred":0,"prediction":0.1139}},{"type":"Feature","geometry":{"type":"Point","coordinates":[109.9,36.0]},"properties":{"region":3,"fire_occurred":0,"prediction":0.1451}},{"type":"Feature","geometry":{"type":"Point","coordinates":[109.9,36.1]},"properties":{"region":3,"fire_occurred":0,"prediction":0.165}},{"type":"Feature","geometry":{"type":"Point","coordinates":[109.9,36.2]},"properties":{"region":3,"fire_occurred":0,"prediction":0.1084}},{"type":"Feature","geometry":{"type":"Point","coordinates":[109.9,36.3]},"properties":{"region":3,"fire_occurred":0,"prediction":0.1771}},{"type":"Feature","geometry":{"type":"Point","coordinates":[109.9,36.4]},"properties":{"region":3,"fire_occurred":0,"prediction":0.2476}},{"type":"Feature","geometry":{"type":"Point","coordinates":[110.0,22.1]},"properties":{"region":3,"fire_occurred":0,"prediction":0.1104}},{"type":"Feature","geometry":{"type":"Point","coordinates":[110.0,28.6]},"properties":{"region":3,"fire_occurred":0,"prediction":0.1012}},{"type":"Feature","geometry":{"type":"Point","coordinates":[110.0,35.9]},"properties":{"region":3,"fire_occurred":0,"prediction":0.1149}},{"type":"Feature","geometry":{"type":"Point","coordinates":[110.0,36.0]},"properties":{"region":3,"fire_occurred":0,"prediction":0.1499}},{"type":"Feature","geometry":{"type":"Point","coordinates":[110.1,23.1]},"properties":{"region":3,"fire_occurred":1,"prediction":0.0306}},{"type":"Feature","geometry":{"type":"Point","coordinates":[110.1,35.2]},"properties":{"region":3,"fire_occurred":1,"prediction":0.0124}},{"type":"Feature","geometry":{"type":"Point","coordinates":[110.2,22.1]},"properties":{"region":3,"fire_occurred":0,"prediction":0.1365}},{"type":"Feature","geometry":{"type":"Point","coordinates":[110.2,22.2]},"properties":{"region":3,"fire_occurred":1,"prediction":0.0559}},{"type":"Feature","geometry":{"type":"Point","coordinates":[110.2,35.9]},"properties":{"region":3,"fire_occurred":0,"prediction":0.1003}},{"type":"Feature","geometry":{"type":"Point","coordinates":[110.4,22.5]},"properties":{"region":3,"fire_occurred":1,"prediction":0.0226}},{"type":"Feature","geometry":{"type":"Point","coordinates":[110.4,37.6]},"properties":{"region":3,"fire_occurred":0,"prediction":0.1021}},{"type":"Feature","geometry":{"type":"Point","coordinates":[110.4,37.7]},"properties":{"region":3,"fire_occurred":0,"prediction":0.1064}},{"type":"Feature","geometry":{"type":"Point","coordinates":[110.5,22.0]},"properties":{"region":3,"fire_occurred":1,"prediction":0.0158}},{"type":"Feature","geometry":{"type":"Point","coordinates":[110.5,22.9]},"properties":{"region":3,"fire_occurred":1,"prediction":0.01}},{"type":"Feature","geometry":{"type":"Point","coordinates":[110.5,28.6]},"properties":{"region":3,"fire_occurred":0,"prediction":0.1042}},{"type":"Feature","geometry":{"type":"Point","coordinates":[110.6,23.2]},"properties":{"region":3,"fire_occurred":1,"prediction":0.0118}},{"type":"Feature","geometry":{"type":"Point","coordinates":[110.6,23.4]},"properties":{"region":3,"fire_occurred":1,"prediction":0.0153}},{"type":"Feature","geometry":{"type":"Point","coordinates":[110.6,29.0]},"properties":{"region":3,"fire_occurred":0,"prediction":0.1092}},{"type":"Feature","geometry":{"type":"Point","coordinates":[110.6,34.7]},"properties":{"region":3,"fire_occurred":1,"prediction":0.0317}},{"type":"Feature","geometry":{"type":"Point","coordinates":[110.6,37.5]},"properties":{"region":3,"fire_occurred":0,"prediction":0.1364}},{"type":"Feature","geometry":{"type":"Point","coordinates":[110.7,23.6]},"properties":{"region":3,"fire_occurred":0,"prediction":0.122}},{"type":"Feature","geometry":{"type":"Point","coordinates":[110.7,34.7]},"properties":{"region":3,"fire_occurred":1,"prediction":0.0208}},{"type":"Feature","geometry":{"type":"Point","coordinates":[110.8,22.8]},"properties":{"region":3,"fire_occurred":1,"prediction":0.0182}},{"type":"Feature","geometry":{"type":"Point","coordinates":[110.8,23.7]},"properties":{"region":3,"fire_occurred":0,"prediction":0.1228}},{"type":"Feature","geometry":{"type":"Point","coordinates":[110.8,23.8]},"properties":{"region":3,"fire_occurred":1,"prediction":0.0331}},{"type":"Feature","geometry":{"type":"Point","coordinates":[110.8,34.8]},"properties":{"region":3,"fire_occurred":1,"prediction":0.0076}},{"type":"Feature","geometry":{"type":"Point","coordinates":[110.9,22.0]},"properties":{"region":3,"fire_occurred":1,"prediction":0.012}},{"type":"Feature","geometry":{"type":"Point","coordinates":[110.9,23.8]},"properties":{"region":3,"fire_occurred":1,"prediction":0.0163}},{"type":"Feature","geometry":{"type":"Point","coordinates":[110.9,24.4]},"properties":{"region":3,"fire_occurred":1,"prediction":0.0389}},{"type":"Feature","geometry":{"type":"Point","coordinates":[111.1,36.8]},"properties":{"region":3,"fire_occurred":0,"prediction":0.1068}},{"type":"Feature","geometry":{"type":"Point","coordinates":[111.2,22.1]},"properties":{"region":3,"fire_occurred":1,"prediction":0.0228}},{"type":"Feature","geometry":{"type":"Point","coordinates":[111.2,22.4]},"properties":{"region":3,"fire_occurred":1,"prediction":0.0154}},{"type":"Feature","geometry":{"type":"Point","coordinates":[111.2,23.1]},"properties":{"region":3,"fire_occurred":1,"prediction":0.0155}},{"type":"Feature","geometry":{"type":"Point","coordinates":[111.2,23.5]},"properties":{"region":3,"fire_occurred":1,"prediction":0.0027}},{"type":"Feature","geometry":{"type":"Point","coordinates":[111.2,24.7]},"properties":{"region":3,"fire_occurred":1,"prediction":0.0217}},{"type":"Feature","geometry":{"type":"Point","coordinates":[111.2,26.1]},"properties":{"region":3,"fire_occurred":0,"prediction":0.127}},{"type":"Feature","geometry":{"type":"Point","coordinates":[111.2,27.7]},"properties":{"region":3,"fire_occurred":0,"prediction":0.13}},{"type":"Feature","geometry":{"type":"Point","coordinates":[111.2,30.5]},"properties":{"region":3,"fire_occurred":0,"prediction":0.1214}},{"type":"Feature","geometry":{"type":"Point","coordinates":[111.3,23.7]},"properties":{"region":3,"fire_occurred":0,"prediction":0.1403}},{"type":"Feature","geometry":{"type":"Point","coordinates":[111.3,24.4]},"properties":{"region":3,"fire_occurred":1,"prediction":0.0347}},{"type":"Feature","geometry":{"type":"Point","coordinates":[111.3,24.9]},"properties":{"region":3,"fire_occurred":0,"prediction":0.1301}},{"type":"Feature","geometry":{"type":"Point","coordinates":[111.3,25.0]},"properties":{"region":3,"fire_occurred":0,"prediction":0.1395}},{"type":"Feature","geometry":{"type":"Point","coordinates":[111.3,26.0]},"properties":{"region":3,"fire_occurred":0,"prediction":0.1242}},{"type":"Feature","geometry":{"type":"Point","coordinates":[111.3,26.3]},"properties":{"region":3,"fire_occurred":0,"prediction":0.1271}},{"type":"Feature","geometry":{"type":"Point","coordinates":[111.3,28.6]},"properties":{"region":3,"fire_occurred":0,"prediction":0.158}},{"type":"Feature","geometry":{"type":"Point","coordinates":[111.4,23.0]},"properties":{"region":3,"fire_occurred":1,"prediction":0.0055}},{"type":"Feature","geometry":{"type":"Point","coordinates":[111.4,23.9]},"properties":{"region":3,"fire_occurred":1,"prediction":0.0328}},{"type":"Feature","geometry":{"type":"Point","coordinates":[111.4,25.3]},"properties":{"region":3,"fire_occurred":0,"prediction":0.1033}},{"type":"Feature","geometry":{"type":"Point","coordinates":[111.4,28.1]},"properties":{"region":3,"fire_occurred":0,"prediction":0.1004}},{"type":"Feature","geometry":{"type":"Point","coordinates":[111.4,36.7]},"properties":{"region":3,"fire_occurred":0,"prediction":0.1611}},{"type":"Feature","geometry":{"type":"Point","coordinates":[111.4,36.9]},"properties":{"region":3,"fire_occurred":0,"prediction":0.1605}},{"type":"Feature","geometry":{"type":"Point","coordinates":[111.4,37.1]},"properties":{"region":3,"fire_occurred":0,"prediction":0.1362}},{"type":"Feature","geometry":{"type":"Point","coordinates":[111.5,27.0]},"properties":{"region":3,"fire_occurred":1,"prediction":0.0536}},{"type":"Feature","geometry":{"type":"Point","coordinates":[111.5,28.1]},"properties":{"region":3,"fire_occurred":0,"prediction":0.1039}},{"type":"Feature","geometry":{"type":"Point","coordinates":[111.5,29.6]},"properties":{"region":3,"fire_occurred":1,"prediction":0.0241}},{"type":"Feature","geometry":{"type":"Point","coordinates":[111.5,29.7]},"properties":{"region":3,"fire_occurred":1,"prediction":0.03}},{"type":"Feature","geometry":{"type":"Point","coordinates":[111.5,30.3]},"properties":{"region":3,"fire_occurred":1,"prediction":0.0336}},{"type":"Feature","geometry":{"type":"Point","coordinates":[111.5,30.4]},"properties":{"region":3,"fire_occurred":1,"prediction":0.0227}},{"type":"Feature","geometry":{"type":"Point","coordinates":[111.5,32.9]},"properties":{"region":3,"fire_occurred":1,"prediction":0.0175}},{"type":"Feature","geometry":{"type":"Point","coordinates":[111.5,36.7]},"properties":{"region":3,"fire_occurred":0,"prediction":0.1288}},{"type":"Feature","geometry":{"type":"Point","coordinates":[111.5,37.0]},"properties":{"region":3,"fire_occurred":0,"prediction":0.2259}},{"type":"Feature","geometry":{"type":"Point","coordinates":[111.6,22.8]},"properties":{"region":3,"fire_occurred":1,"prediction":0.0103}},{"type":"Feature","geometry":{"type":"Point","coordinates":[111.6,24.3]},"properties":{"region":3,"fire_occurred":1,"prediction":0.0471}},{"type":"Feature","geometry":{"type":"Point","coordinates":[111.6,25.4]},"properties":{"region":3,"fire_occurred":0,"prediction":0.1758}},{"type":"Feature","geometry":{"type":"Point","coordinates":[111.6,26.2]},"properties":{"region":3,"fire_occurred":0,"prediction":0.1342}},{"type":"Feature","geometry":{"type":"Point","coordinates":[111.6,26.3]},"properties":{"region":3,"fire_occurred":1,"prediction":0.0757}},{"type":"Feature","geometry":{"type":"Point","coordinates":[111.6,27.0]},"properties":{"region":3,"fire_occurred":1,"prediction":0.0383}},{"type":"Feature","geometry":{"type":"Point","coordinates":[111.6,27.1]},"properties":{"region":3,"fire_occurred":0,"prediction":0.1669}},{"type":"Feature","geometry":{"type":"Point","coordinates":[111.6,28.7]},"properties":{"region":3,"fire_occurred":0,"prediction":0.1681}},{"type":"Feature","geometry":{"type":"Point","coordinates":[111.6,28.8]},"properties":{"region":3,"fire_occurred":0,"prediction":0.1261}},{"type":"Feature","geometry":{"type":"Point","coordinates":[111.6,29.4]},"properties":{"region":3,"fire_occurred":0,"prediction":0.1392}},{"type":"Feature","geometry":{"type":"Point","coordinates":[111.6,29.6]},"properties":{"region":3,"fire_occurred":1,"prediction":0.0255}},{"type":"Feature","geometry":{"type":"Point","coordinates":[111.6,29.7]},"properties":{"region":3,"fire_occurred":1,"prediction":0.0222}},{"type":"Feature","geometry":{"type":"Point","coordinates":[111.6,32.5]},"properties":{"region":3,"fire_occurred":1,"prediction":0.0187}},{"type":"Feature","geometry":{"type":"Point","coordinates":[111.6,37.0]},"properties":{"region":3,"fire_occurred":0,"prediction":0.1096}},{"type":"Feature","geometry":{"type":"Point","coordinates":[111.7,24.2]},"properties":{"region":3,"fire_occurred":0,"prediction":0.1058}},{"type":"Feature","geometry":{"type":"Point","coordinates":[111.7,26.9]},"properties":{"region":3,"fire_occurred":1,"prediction":0.0355}},{"type":"Feature","geometry":{"type":"Point","coordinates":[111.7,28.8]},"properties":{"region":3,"fire_occurred":0,"prediction":0.1175}},{"type":"Feature","geometry":{"type":"Point","coordinates":[111.8,24.0]},"properties":{"region":3,"fire_occurred":0,"prediction":0.1329}},{"type":"Feature","geometry":{"type":"Point","coordinates":[111.8,24.3]},"properties":{"region":3,"fire_occurred":0,"prediction":0.1159}},{"type":"Feature","geometry":{"type":"Point","coordinates":[111.8,27.7]},"properties":{"region":3,"fire_occurred":0,"prediction":0.1115}},{"type":"Feature","geometry":{"type":"Point","coordinates":[111.8,28.7]},"properties":{"region":3,"fire_occurred":0,"prediction":0.1672}},{"type":"Feature","geometry":{"type":"Point","coordinates":[111.8,28.8]},"properties":{"region":3,"fire_occurred":0,"prediction":0.1156}},{"type":"Feature","geometry":{"type":"Point","coordinates":[111.8,30.8]},"properties":{"region":3,"fire_occurred":1,"prediction":0.0298}},{"type":"Feature","geometry":{"type":"Point","coordinates":[111.9,22.3]},"properties":{"region":3,"fire_occurred":0,"prediction":0.1686}},{"type":"Feature","geometry":{"type":"Point","coordinates":[111.9,28.7]},"properties":{"region":3,"fire_occurred":0,"prediction":0.1188}},{"type":"Feature","geometry":{"type":"Point","coordinates":[111.9,29.7]},"properties":{"region":3,"fire_occurred":1,"prediction":0.0081}},{"type":"Feature","geometry":{"type":"Point","coordinates":[111.9,36.9]},"properties":{"region":3,"fire_occurred":0,"prediction":0.1259}},{"type":"Feature","geometry":{"type":"Point","coordinates":[111.9,37.1]},"properties":{"region":3,"fire_occurred":0,"prediction":0.1061}},{"type":"Feature","geometry":{"type":"Point","coordinates":[111.9,37.2]},"properties":{"region":3,"fire_occurred":0,"prediction":0.1051}},{"type":"Feature","geometry":{"type":"Point","coordinates":[112.0,23.7]},"properties":{"region":3,"fire_occurred":1,"prediction":0.0173}},{"type":"Feature","geometry":{"type":"Point","coordinates":[112.0,28.7]},"properties":{"region":3,"fire_occurred":1,"prediction":0.187}},{"type":"Feature","geometry":{"type":"Point","coordinates":[112.0,37.1]},"properties":{"region":3,"fire_occurred":0,"prediction":0.107}},{"type":"Feature","geometry":{"type":"Point","coordinates":[112.0,37.2]},"properties":{"region":3,"fire_occurred":0,"prediction":0.1041}},{"type":"Feature","geometry":{"type":"Point","coordinates":[112.0,38.8]},"properties":{"region":3,"fire_occurred":0,"prediction":0.1292}},{"type":"Feature","geometry":{"type":"Point","coordinates":[112.0,38.9]},"properties":{"region":3,"fire_occurred":0,"prediction":0.1566}},{"type":"Feature","geometry":{"type":"Point","coordinates":[112.0,39.9]},"properties":{"region":3,"fire_occurred":0,"prediction":0.1187}},{"type":"Feature","geometry":{"type":"Point","coordinates":[112.0,41.6]},"properties":{"region":3,"fire_occurred":0,"prediction":0.1201}},{"type":"Feature","geometry":{"type":"Point","coordinates":[112.0,41.7]},"properties":{"region":3,"fire_occurred":0,"prediction":0.1043}},{"type":"Feature","geometry":{"type":"Point","coordinates":[112.1,22.9]},"properties":{"region":3,"fire_occurred":1,"prediction":0.0767}},{"type":"Feature","geometry":{"type":"Point","coordinates":[112.1,23.9]},"properties":{"region":3,"fire_occurred":1,"prediction":0.0674}},{"type":"Feature","geometry":{"type":"Point","coordinates":[112.1,24.0]},"properties":{"region":3,"fire_occurred":0,"prediction":0.1133}},{"type":"Feature","geometry":{"type":"Point","coordinates":[112.1,26.4]},"properties":{"region":3,"fire_occurred":0,"prediction":0.1436}},{"type":"Feature","geometry":{"type":"Point","coordinates":[112.1,26.5]},"properties":{"region":3,"fire_occurred":0,"prediction":0.1093}},{"type":"Feature","geometry":{"type":"Point","coordinates":[112.1,26.6]},"properties":{"region":3,"fire_occurred":0,"prediction":0.1145}},{"type":"Feature","geometry":{"type":"Point","coordinates":[112.1,27.7]},"properties":{"region":3,"fire_occurred":0,"prediction":0.1075}},{"type":"Feature","geometry":{"type":"Point","coordinates":[112.1,28.7]},"properties":{"region":3,"fire_occurred":0,"prediction":0.1382}},{"type":"Feature","geometry":{"type":"Point","coordinates":[112.1,37.0]},"properties":{"region":3,"fire_occurred":0,"prediction":0.1311}},{"type":"Feature","geometry":{"type":"Point","coordinates":[112.1,38.8]},"properties":{"region":3,"fire_occurred":0,"prediction":0.1123}},{"type":"Feature","geometry":{"type":"Point","coordinates":[112.1,38.9]},"properties":{"region":3,"fire_occurred":0,"prediction":0.1071}},{"type":"Feature","geometry":{"type":"Point","coordinates":[112.2,24.0]},"properties":{"region":3,"fire_occurred":1,"prediction":0.0991}},{"type":"Feature","geometry":{"type":"Point","coordinates":[112.2,25.6]},"properties":{"region":3,"fire_occurred":1,"prediction":0.0718}},{"type":"Feature","geometry":{"type":"Point","coordinates":[112.2,26.5]},"properties":{"region":3,"fire_occurred":0,"prediction":0.1298}},{"type":"Feature","geometry":{"type":"Point","coordinates":[112.2,26.6]},"properties":{"region":3,"fire_occurred":0,"prediction":0.1121}},{"type":"Feature","geometry":{"type":"Point","coordinates":[112.2,28.1]},"properties":{"region":3,"fire_occurred":0,"prediction":0.1019}},{"type":"Feature","geometry":{"type":"Point","coordinates":[112.3,25.8]},"properties":{"region":3,"fire_occurred":0,"prediction":0.1538}},{"type":"Feature","geometry":{"type":"Point","coordinates":[112.3,26.3]},"properties":{"region":3,"fire_occurred":0,"prediction":0.1103}},{"type":"Feature","geometry":{"type":"Point","coordinates":[112.3,26.4]},"properties":{"region":3,"fire_occurred":0,"prediction":0.1096}},{"type":"Feature","geometry":{"type":"Point","coordinates":[112.3,26.5]},"properties":{"region":3,"fire_occurred":0,"prediction":0.1367}},{"type":"Feature","geometry":{"type":"Point","coordinates":[112.3,26.6]},"properties":{"region":3,"fire_occurred":0,"prediction":0.1504}},{"type":"Feature","geometry":{"type":"Point","coordinates":[112.3,28.2]},"properties":{"region":3,"fire_occurred":0,"prediction":0.1295}},{"type":"Feature","geometry":{"type":"Point","coordinates":[112.3,30.0]},"properties":{"region":3,"fire_occurred":1,"prediction":0.0193}},{"type":"Feature","geometry":{"type":"Point","coordinates":[112.3,37.3]},"properties":{"region":3,"fire_occurred":0,"prediction":0.1037}},{"type":"Feature","geometry":{"type":"Point","coordinates":[112.3,38.6]},"properties":{"region":3,"fire_occurred":0,"prediction":0.1149}},{"type":"Feature","geometry":{"type":"Point","coordinates":[112.3,38.7]},"properties":{"region":3,"fire_occurred":0,"prediction":0.1029}},{"type":"Feature","geometry":{"type":"Point","coordinates":[112.3,38.8]},"properties":{"region":3,"fire_occurred":0,"prediction":0.1267}},{"type":"Feature","geometry":{"type":"Point","coordinates":[112.3,39.2]},"properties":{"region":3,"fire_occurred":1,"prediction":0.0443}},{"type":"Feature","geometry":{"type":"Point","coordinates":[112.3,39.3]},"properties":{"region":3,"fire_occurred":1,"prediction":0.1004}},{"type":"Feature","geometry":{"type":"Point","coordinates":[112.4,22.6]},"properties":{"region":3,"fire_occurred":1,"prediction":0.0261}},{"type":"Feature","geometry":{"type":"Point","coordinates":[112.4,24.4]},"properties":{"region":3,"fire_occurred":0,"prediction":0.1879}},{"type":"Feature","geometry":{"type":"Point","coordinates":[112.4,24.9]},"properties":{"region":3,"fire_occurred":0,"prediction":0.1042}},{"type":"Feature","geometry":{"type":"Point","coordinates":[112.4,25.6]},"properties":{"region":3,"fire_occurred":0,"prediction":0.1386}},{"type":"Feature","geometry":{"type":"Point","coordinates":[112.4,25.8]},"properties":{"region":3,"fire_occurred":0,"prediction":0.1036}},{"type":"Feature","geometry":{"type":"Point","coordinates":[112.4,25.9]},"properties":{"region":3,"fire_occurred":1,"prediction":0.1023}},{"type":"Feature","geometry":{"type":"Point","coordinates":[112.4,26.3]},"properties":{"region":3,"fire_occurred":0,"prediction":0.1034}},{"type":"Feature","geometry":{"type":"Point","coordinates":[112.4,26.4]},"properties":{"region":3,"fire_occurred":0,"prediction":0.1152}},{"type":"Feature","geometry":{"type":"Point","coordinates":[112.4,26.5]},"properties":{"region":3,"fire_occurred":0,"prediction":0.1495}},{"type":"Feature","geometry":{"type":"Point","coordinates":[112.4,28.3]},"properties":{"region":3,"fire_occurred":0,"prediction":0.1021}},{"type":"Feature","geometry":{"type":"Point","coordinates":[112.4,28.5]},"properties":{"region":3,"fire_occurred":0,"prediction":0.1268}},{"type":"Feature","geometry":{"type":"Point","coordinates":[112.4,37.2]},"properties":{"region":3,"fire_occurred":0,"prediction":0.131}},{"type":"Feature","geometry":{"type":"Point","coordinates":[112.4,38.8]},"properties":{"region":3,"fire_occurred":0,"prediction":0.1316}},{"type":"Feature","geometry":{"type":"Point","coordinates":[112.5,22.4]},"properties":{"region":3,"fire_occurred":1,"prediction":0.0203}},{"type":"Feature","geometry":{"type":"Point","coordinates":[112.5,24.9]},"properties":{"region":3,"fire_occurred":0,"prediction":0.2737}},{"type":"Feature","geometry":{"type":"Point","coordinates":[112.5,25.5]},"properties":{"region":3,"fire_occurred":0,"prediction":0.1068}},{"type":"Feature","geometry":{"type":"Point","coordinates":[112.5,26.4]},"properties":{"region":3,"fire_occurred":1,"prediction":0.0927}},{"type":"Feature","geometry":{"type":"Point","coordinates":[112.5,26.5]},"properties":{"region":3,"fire_occurred":0,"prediction":0.1313}},{"type":"Feature","geometry":{"type":"Point","coordinates":[112.5,28.2]},"properties":{"region":3,"fire_occurred":1,"prediction":0.0888}},{"type":"Feature","geometry":{"type":"Point","coordinates":[112.5,28.4]},"properties":{"region":3,"fire_occurred":0,"prediction":0.1559}},{"type":"Feature","geometry":{"type":"Point","coordinates":[112.5,39.0]},"properties":{"region":3,"fire_occurred":0,"prediction":0.1113}},{"type":"Feature","geometry":{"type":"Point","coordinates":[112.6,22.8]},"properties":{"region":3,"fire_occurred":1,"prediction":0.0255}},{"type":"Feature","geometry":{"type":"Point","coordinates":[112.6,24.1]},"properties":{"region":3,"fire_occurred":1,"prediction":0.0535}},{"type":"Feature","geometry":{"type":"Point","coordinates":[112.6,24.3]},"properties":{"region":3,"fire_occurred":0,"prediction":0.1607}},{"type":"Feature","geometry":{"type":"Point","coordinates":[112.6,24.6]},"properties":{"region":3,"fire_occurred":1,"prediction":0.0444}},{"type":"Feature","geometry":{"type":"Point","coordinates":[112.6,24.9]},"properties":{"region":3,"fire_occurred":0,"prediction":0.1108}},{"type":"Feature","geometry":{"type":"Point","coordinates":[112.6,25.0]},"properties":{"region":3,"fire_occurred":1,"prediction":0.0915}},{"type":"Feature","geometry":{"type":"Point","coordinates":[112.6,26.2]},"properties":{"region":3,"fire_occurred":0,"prediction":0.1031}},{"type":"Feature","geometry":{"type":"Point","coordinates":[112.6,26.5]},"properties":{"region":3,"fire_occurred":0,"prediction":0.1089}},{"type":"Feature","geometry":{"type":"Point","coordinates":[112.6,26.8]},"properties":{"region":3,"fire_occurred":0,"prediction":0.1152}},{"type":"Feature","geometry":{"type":"Point","coordinates":[112.6,27.7]},"properties":{"region":3,"fire_occurred":0,"prediction":0.1027}},{"type":"Feature","geometry":{"type":"Point","coordinates":[112.6,27.9]},"properties":{"region":3,"fire_occurred":0,"prediction":0.1121}},{"type":"Feature","geometry":{"type":"Point","coordinates":[112.6,28.3]},"properties":{"region":3,"fire_occurred":0,"prediction":0.1015}},{"type":"Feature","geometry":{"type":"Point","coordinates":[112.6,39.5]},"properties":{"region":3,"fire_occurred":0,"prediction":0.1053}},{"type":"Feature","geometry":{"type":"Point","coordinates":[112.7,22.8]},"properties":{"region":3,"fire_occurred":1,"prediction":0.0382}},{"type":"Feature","geometry":{"type":"Point","coordinates":[112.7,24.2]},"properties":{"region":3,"fire_occurred":0,"prediction":0.1481}},{"type":"Feature","geometry":{"type":"Point","coordinates":[112.7,25.1]},"properties":{"region":3,"fire_occurred":0,"prediction":0.1554}},{"type":"Feature","geometry":{"type":"Point","coordinates":[112.7,25.5]},"properties":{"region":3,"fire_occurred":1,"prediction":0.0245}},{"type":"Feature","geometry":{"type":"Point","coordinates":[112.7,25.9]},"properties":{"region":3,"fire_occurred":0,"prediction":0.1053}},{"type":"Feature","geometry":{"type":"Point","coordinates":[112.7,26.0]},"properties":{"region":3,"fire_occurred":0,"prediction":0.1206}},{"type":"Feature","geometry":{"type":"Point","coordinates":[112.7,26.1]},"properties":{"region":3,"fire_occurred":0,"prediction":0.1246}},{"type":"Feature","geometry":{"type":"Point","coordinates":[112.7,26.3]},"properties":{"region":3,"fire_occurred":0,"prediction":0.1328}},{"type":"Feature","geometry":{"type":"Point","coordinates":[112.7,26.5]},"properties":{"region":3,"fire_occurred":0,"prediction":0.1188}},{"type":"Feature","geometry":{"type":"Point","coordinates":[112.7,37.0]},"properties":{"region":3,"fire_occurred":0,"prediction":0.1114}},{"type":"Feature","geometry":{"type":"Point","coordinates":[112.7,38.9]},"properties":{"region":3,"fire_occurred":0,"prediction":0.1301}},{"type":"Feature","geometry":{"type":"Point","coordinates":[112.7,39.5]},"properties":{"region":3,"fire_occurred":0,"prediction":0.104}},{"type":"Feature","geometry":{"type":"Point","coordinates":[112.8,24.1]},"properties":{"region":3,"fire_occurred":1,"prediction":0.0653}},{"type":"Feature","geometry":{"type":"Point","coordinates":[112.8,24.5]},"properties":{"region":3,"fire_occurred":1,"prediction":0.0512}},{"type":"Feature","geometry":{"type":"Point","coordinates":[112.8,25.1]},"properties":{"region":3,"fire_occurred":0,"prediction":0.1425}},{"type":"Feature","geometry":{"type":"Point","coordinates":[112.8,25.9]},"properties":{"region":3,"fire_occurred":0,"prediction":0.1323}},{"type":"Feature","geometry":{"type":"Point","coordinates":[112.8,26.0]},"properties":{"region":3,"fire_occurred":0,"prediction":0.1205}},{"type":"Feature","geometry":{"type":"Point","coordinates":[112.8,26.2]},"properties":{"region":3,"fire_occurred":0,"prediction":0.1513}},{"type":"Feature","geometry":{"type":"Point","coordinates":[112.8,26.3]},"properties":{"region":3,"fire_occurred":0,"prediction":0.1113}},{"type":"Feature","geometry":{"type":"Point","coordinates":[112.8,29.8]},"properties":{"region":3,"fire_occurred":1,"prediction":0.0075}},{"type":"Feature","geometry":{"type":"Point","coordinates":[112.8,37.0]},"properties":{"region":3,"fire_occurred":0,"prediction":0.1022}},{"type":"Feature","geometry":{"type":"Point","coordinates":[112.8,38.9]},"properties":{"region":3,"fire_occurred":0,"prediction":0.1153}},{"type":"Feature","geometry":{"type":"Point","coordinates":[112.8,39.2]},"properties":{"region":3,"fire_occurred":1,"prediction":0.0538}},{"type":"Feature","geometry":{"type":"Point","coordinates":[112.8,39.8]},"properties":{"region":3,"fire_occurred":0,"prediction":0.1008}},{"type":"Feature","geometry":{"type":"Point","coordinates":[112.8,39.9]},"properties":{"region":3,"fire_occurred":0,"prediction":0.1184}},{"type":"Feature","geometry":{"type":"Point","coordinates":[112.9,23.9]},"properties":{"region":3,"fire_occurred":1,"prediction":0.0234}},{"type":"Feature","geometry":{"type":"Point","coordinates":[112.9,32.4]},"properties":{"region":3,"fire_occurred":1,"prediction":0.0481}},{"type":"Feature","geometry":{"type":"Point","coordinates":[112.9,39.3]},"properties":{"region":3,"fire_occurred":1,"prediction":0.1364}},{"type":"Feature","geometry":{"type":"Point","coordinates":[112.9,39.8]},"properties":{"region":3,"fire_occurred":0,"prediction":0.1106}},{"type":"Feature","geometry":{"type":"Point","coordinates":[112.9,39.9]},"properties":{"region":3,"fire_occurred":0,"prediction":0.1054}},{"type":"Feature","geometry":{"type":"Point","coordinates":[113.0,25.7]},"properties":{"region":3,"fire_occurred":0,"prediction":0.1622}},{"type":"Feature","geometry":{"type":"Point","coordinates":[113.0,26.0]},"properties":{"region":3,"fire_occurred":0,"prediction":0.1226}},{"type":"Feature","geometry":{"type":"Point","coordinates":[113.0,28.0]},"properties":{"region":3,"fire_occurred":1,"prediction":0.0812}},{"type":"Feature","geometry":{"type":"Point","coordinates":[113.0,32.2]},"properties":{"region":3,"fire_occurred":1,"prediction":0.0331}},{"type":"Feature","geometry":{"type":"Point","coordinates":[113.0,33.5]},"properties":{"region":3,"fire_occurred":0,"prediction":0.1196}},{"type":"Feature","geometry":{"type":"Point","coordinates":[113.0,36.0]},"properties":{"region":3,"fire_occurred":0,"prediction":0.1085}},{"type":"Feature","geometry":{"type":"Point","coordinates":[113.0,39.9]},"properties":{"region":3,"fire_occurred":0,"prediction":0.1103}},{"type":"Feature","geometry":{"type":"Point","coordinates":[113.0,40.0]},"properties":{"region":3,"fire_occurred":0,"prediction":0.1198}},{"type":"Feature","geometry":{"type":"Point","coordinates":[113.0,42.0]},"properties":{"region":3,"fire_occurred":0,"prediction":0.1011}},{"type":"Feature","geometry":{"type":"Point","coordinates":[113.0,42.1]},"properties":{"region":3,"fire_occurred":0,"prediction":0.1498}},{"type":"Feature","geometry":{"type":"Point","coordinates":[113.0,42.2]},"properties":{"region":3,"fire_occurred":0,"prediction":0.1494}},{"type":"Feature","geometry":{"type":"Point","coordinates":[113.0,42.3]},"properties":{"region":3,"fire_occurred":0,"prediction":0.1261}},{"type":"Feature","geometry":{"type":"Point","coordinates":[113.0,42.4]},"properties":{"region":3,"fire_occurred":0,"prediction":0.1065}},{"type":"Feature","geometry":{"type":"Point","coordinates":[113.1,22.9]},"properties":{"region":3,"fire_occurred":1,"prediction":0.0061}},{"type":"Feature","geometry":{"type":"Point","coordinates":[113.1,23.6]},"properties":{"region":3,"fire_occurred":1,"prediction":0.0349}},{"type":"Feature","geometry":{"type":"Point","coordinates":[113.1,25.6]},"properties":{"region":3,"fire_occurred":0,"prediction":0.1131}},{"type":"Feature","geometry":{"type":"Point","coordinates":[113.1,25.7]},"properties":{"region":3,"fire_occurred":0,"prediction":0.1767}},{"type":"Feature","geometry":{"type":"Point","coordinates":[113.1,25.8]},"properties":{"region":3,"fire_occurred":0,"prediction":0.1444}},{"type":"Feature","geometry":{"type":"Point","coordinates":[113.1,25.9]},"properties":{"region":3,"fire_occurred":0,"prediction":0.1444}},{"type":"Feature","geometry":{"type":"Point","coordinates":[113.1,28.8]},"properties":{"region":3,"fire_occurred":0,"prediction":0.1016}},{"type":"Feature","geometry":{"type":"Point","coordinates":[113.1,28.9]},"properties":{"region":3,"fire_occurred":1,"prediction":0.1107}},{"type":"Feature","geometry":{"type":"Point","coordinates":[113.1,30.7]},"properties":{"region":3,"fire_occurred":1,"prediction":0.0223}},{"type":"Feature","geometry":{"type":"Point","coordinates":[113.1,33.4]},"properties":{"region":3,"fire_occurred":1,"prediction":0.0902}},{"type":"Feature","geometry":{"type":"Point","coordinates":[113.1,36.4]},"properties":{"region":3,"fire_occurred":0,"prediction":0.1685}},{"type":"Feature","geometry":{"type":"Point","coordinates":[113.1,40.0]},"properties":{"region":3,"fire_occurred":0,"prediction":0.1016}},{"type":"Feature","geometry":{"type":"Point","coordinates":[113.1,42.1]},"properties":{"region":3,"fire_occurred":0,"prediction":0.1383}},{"type":"Feature","geometry":{"type":"Point","coordinates":[113.1,42.2]},"properties":{"region":3,"fire_occurred":0,"prediction":0.1386}},{"type":"Feature","geometry":{"type":"Point","coordinates":[113.1,42.3]},"properties":{"region":3,"fire_occurred":0,"prediction":0.1221}},{"type":"Feature","geometry":{"type":"Point","coordinates":[113.2,25.8]},"properties":{"region":3,"fire_occurred":0,"prediction":0.1513}},{"type":"Feature","geometry":{"type":"Point","coordinates":[113.2,25.9]},"properties":{"region":3,"fire_occurred":0,"prediction":0.1658}},{"type":"Feature","geometry":{"type":"Point","coordinates":[113.2,28.8]},"properties":{"region":3,"fire_occurred":0,"prediction":0.1087}},{"type":"Feature","geometry":{"type":"Point","coordinates":[113.2,29.1]},"properties":{"region":3,"fire_occurred":0,"prediction":0.1148}},{"type":"Feature","geometry":{"type":"Point","coordinates":[113.2,42.1]},"properties":{"region":3,"fire_occurred":0,"prediction":0.1192}},{"type":"Feature","geometry":{"type":"Point","coordinates":[113.2,42.2]},"properties":{"region":3,"fire_occurred":0,"prediction":0.1262}},{"type":"Feature","geometry":{"type":"Point","coordinates":[113.2,42.3]},"properties":{"region":3,"fire_occurred":0,"prediction":0.1152}},{"type":"Feature","geometry":{"type":"Point","coordinates":[113.2,42.5]},"properties":{"region":3,"fire_occurred":0,"prediction":0.1191}},{"type":"Feature","geometry":{"type":"Point","coordinates":[113.3,23.0]},"properties":{"region":3,"fire_occurred":1,"prediction":0.0087}},{"type":"Feature","geometry":{"type":"Point","coordinates":[113.3,23.1]},"properties":{"region":3,"fire_occurred":1,"prediction":0.0079}},{"type":"Feature","geometry":{"type":"Point","coordinates":[113.3,23.6]},"properties":{"region":3,"fire_occurred":1,"prediction":0.0139}},{"type":"Feature","geometry":{"type":"Point","coordinates":[113.3,25.8]},"properties":{"region":3,"fire_occurred":0,"prediction":0.1483}},{"type":"Feature","geometry":{"type":"Point","coordinates":[113.3,25.9]},"properties":{"region":3,"fire_occurred":0,"prediction":0.1307}},{"type":"Feature","geometry":{"type":"Point","coordinates":[113.3,26.0]},"properties":{"region":3,"fire_occurred":0,"prediction":0.1524}},{"type":"Feature","geometry":{"type":"Point","coordinates":[113.3,26.4]},"properties":{"region":3,"fire_occurred":0,"prediction":0.1382}},{"type":"Feature","geometry":{"type":"Point","coordinates":[113.3,29.0]},"properties":{"region":3,"fire_occurred":0,"prediction":0.1031}},{"type":"Feature","geometry":{"type":"Point","coordinates":[113.3,36.2]},"properties":{"region":3,"fire_occurred":0,"prediction":0.1013}},{"type":"Feature","geometry":{"type":"Point","coordinates":[113.3,36.4]},"properties":{"region":3,"fire_occurred":0,"prediction":0.1288}},{"type":"Feature","geometry":{"type":"Point","coordinates":[113.3,42.1]},"properties":{"region":3,"fire_occurred":0,"prediction":0.1219}},{"type":"Feature","geometry":{"type":"Point","coordinates":[113.3,42.2]},"properties":{"region":3,"fire_occurred":0,"prediction":0.127}},{"type":"Feature","geometry":{"type":"Point","coordinates":[113.3,42.3]},"properties":{"region":3,"fire_occurred":0,"prediction":0.1175}},{"type":"Feature","geometry":{"type":"Point","coordinates":[113.4,22.5]},"properties":{"region":3,"fire_occurred":1,"prediction":0.0042}},{"type":"Feature","geometry":{"type":"Point","coordinates":[113.4,23.4]},"properties":{"region":3,"fire_occurred":1,"prediction":0.0293}},{"type":"Feature","geometry":{"type":"Point","coordinates":[113.4,23.8]},"properties":{"region":3,"fire_occurred":1,"prediction":0.0324}},{"type":"Feature","geometry":{"type":"Point","coordinates":[113.4,24.7]},"properties":{"region":3,"fire_occurred":0,"prediction":0.1008}},{"type":"Feature","geometry":{"type":"Point","coordinates":[113.4,24.8]},"properties":{"region":3,"fire_occurred":0,"prediction":0.1824}},{"type":"Feature","geometry":{"type":"Point","coordinates":[113.4,24.9]},"properties":{"region":3,"fire_occurred":0,"prediction":0.1331}},{"type":"Feature","geometry":{"type":"Point","coordinates":[113.4,25.9]},"properties":{"region":3,"fire_occurred":0,"prediction":0.1022}},{"type":"Feature","geometry":{"type":"Point","coordinates":[113.4,31.0]},"properties":{"region":3,"fire_occurred":1,"prediction":0.0087}},{"type":"Feature","geometry":{"type":"Point","coordinates":[113.4,36.2]},"properties":{"region":3,"fire_occurred":0,"prediction":0.1345}},{"type":"Feature","geometry":{"type":"Point","coordinates":[113.4,37.8]},"properties":{"region":3,"fire_occurred":0,"prediction":0.1082}},{"type":"Feature","geometry":{"type":"Point","coordinates":[113.4,42.2]},"properties":{"region":3,"fire_occurred":0,"prediction":0.1376}},{"type":"Feature","geometry":{"type":"Point","coordinates":[113.4,42.3]},"properties":{"region":3,"fire_occurred":0,"prediction":0.1082}},{"type":"Feature","geometry":{"type":"Point","coordinates":[113.5,23.8]},"properties":{"region":3,"fire_occurred":1,"prediction":0.0229}},{"type":"Feature","geometry":{"type":"Point","coordinates":[113.5,23.9]},"properties":{"region":3,"fire_occurred":1,"prediction":0.0379}},{"type":"Feature","geometry":{"type":"Point","coordinates":[113.5,24.6]},"properties":{"region":3,"fire_occurred":1,"prediction":0.0545}},{"type":"Feature","geometry":{"type":"Point","coordinates":[113.5,24.8]},"properties":{"region":3,"fire_occurred":0,"prediction":0.2899}},{"type":"Feature","geometry":{"type":"Point","coordinates":[113.5,26.8]},"properties":{"region":3,"fire_occurred":1,"prediction":0.0708}},{"type":"Feature","geometry":{"type":"Point","coordinates":[113.5,35.9]},"properties":{"region":3,"fire_occurred":0,"prediction":0.1012}},{"type":"Feature","geometry":{"type":"Point","coordinates":[113.5,36.2]},"properties":{"region":3,"fire_occurred":0,"prediction":0.1166}},{"type":"Feature","geometry":{"type":"Point","coordinates":[113.5,36.3]},"properties":{"region":3,"fire_occurred":0,"prediction":0.1402}},{"type":"Feature","geometry":{"type":"Point","coordinates":[113.5,37.1]},"properties":{"region":3,"fire_occurred":0,"prediction":0.1251}},{"type":"Feature","geometry":{"type":"Point","coordinates":[113.5,39.0]},"properties":{"region":3,"fire_occurred":0,"prediction":0.1465}},{"type":"Feature","geometry":{"type":"Point","coordinates":[113.5,42.2]},"properties":{"region":3,"fire_occurred":0,"prediction":0.1014}},{"type":"Feature","geometry":{"type":"Point","coordinates":[113.5,42.3]},"properties":{"region":3,"fire_occurred":0,"prediction":0.1093}},{"type":"Feature","geometry":{"type":"Point","coordinates":[113.6,23.8]},"properties":{"region":3,"fire_occurred":1,"prediction":0.1583}},{"type":"Feature","geometry":{"type":"Point","coordinates":[113.6,24.6]},"properties":{"region":3,"fire_occurred":1,"prediction":0.0477}},{"type":"Feature","geometry":{"type":"Point","coordinates":[113.6,28.6]},"properties":{"region":3,"fire_occurred":0,"prediction":0.1147}},{"type":"Feature","geometry":{"type":"Point","coordinates":[113.6,33.1]},"properties":{"region":3,"fire_occurred":0,"prediction":0.139}},{"type":"Feature","geometry":{"type":"Point","coordinates":[113.6,39.0]},"properties":{"region":3,"fire_occurred":0,"prediction":0.1455}},{"type":"Feature","geometry":{"type":"Point","coordinates":[113.6,42.0]},"properties":{"region":3,"fire_occurred":0,"prediction":0.1011}},{"type":"Feature","geometry":{"type":"Point","coordinates":[113.6,42.1]},"properties":{"region":3,"fire_occurred":0,"prediction":0.1087}},{"type":"Feature","geometry":{"type":"Point","coordinates":[113.6,42.2]},"properties":{"region":3,"fire_occurred":0,"prediction":0.1444}},{"type":"Feature","geometry":{"type":"Point","coordinates":[113.7,26.6]},"properties":{"region":3,"fire_occurred":1,"prediction":0.0478}},{"type":"Feature","geometry":{"type":"Point","coordinates":[113.7,27.6]},"properties":{"region":3,"fire_occurred":1,"prediction":0.0177}},{"type":"Feature","geometry":{"type":"Point","coordinates":[113.7,31.4]},"properties":{"region":3,"fire_occurred":1,"prediction":0.014}},{"type":"Feature","geometry":{"type":"Point","coordinates":[113.7,32.5]},"properties":{"region":3,"fire_occurred":1,"prediction":0.0341}},{"type":"Feature","geometry":{"type":"Point","coordinates":[113.7,35.9]},"properties":{"region":3,"fire_occurred":0,"prediction":0.1271}},{"type":"Feature","geometry":{"type":"Point","coordinates":[113.7,36.1]},"properties":{"region":3,"fire_occurred":0,"prediction":0.1504}},{"type":"Feature","geometry":{"type":"Point","coordinates":[113.7,36.2]},"properties":{"region":3,"fire_occurred":0,"prediction":0.1303}},{"type":"Feature","geometry":{"type":"Point","coordinates":[113.7,36.3]},"properties":{"region":3,"fire_occurred":0,"prediction":0.1116}},{"type":"Feature","geometry":{"type":"Point","coordinates":[113.7,36.4]},"properties":{"region":3,"fire_occurred":0,"prediction":0.1257}},{"type":"Feature","geometry":{"type":"Point","coordinates":[113.7,36.5]},"properties":{"region":3,"fire_occurred":0,"prediction":0.104}},{"type":"Feature","geometry":{"type":"Point","coordinates":[113.7,37.6]},"properties":{"region":3,"fire_occurred":0,"prediction":0.1744}},{"type":"Feature","geometry":{"type":"Point","coordinates":[113.7,42.2]},"properties":{"region":3,"fire_occurred":0,"prediction":0.1283}},{"type":"Feature","geometry":{"type":"Point","coordinates":[113.8,23.7]},"properties":{"region":3,"fire_occurred":1,"prediction":0.0176}},{"type":"Feature","geometry":{"type":"Point","coordinates":[113.8,24.2]},"properties":{"region":3,"fire_occurred":1,"prediction":0.0302}},{"type":"Feature","geometry":{"type":"Point","coordinates":[113.8,27.7]},"properties":{"region":3,"fire_occurred":1,"prediction":0.0183}},{"type":"Feature","geometry":{"type":"Point","coordinates":[113.8,31.1]},"properties":{"region":3,"fire_occurred":1,"prediction":0.0129}},{"type":"Feature","geometry":{"type":"Point","coordinates":[113.8,35.9]},"properties":{"region":3,"fire_occurred":1,"prediction":0.3227}},{"type":"Feature","geometry":{"type":"Point","coordinates":[113.8,36.1]},"properties":{"region":3,"fire_occurred":0,"prediction":0.1591}},{"type":"Feature","geometry":{"type":"Point","coordinates":[113.8,36.2]},"properties":{"region":3,"fire_occurred":0,"prediction":0.1876}},{"type":"Feature","geometry":{"type":"Point","coordinates":[113.8,36.3]},"properties":{"region":3,"fire_occurred":0,"prediction":0.1838}},{"type":"Feature","geometry":{"type":"Point","coordinates":[113.8,36.4]},"properties":{"region":3,"fire_occurred":0,"prediction":0.147}},{"type":"Feature","geometry":{"type":"Point","coordinates":[113.8,36.7]},"properties":{"region":3,"fire_occurred":1,"prediction":0.101}},{"type":"Feature","geometry":{"type":"Point","coordinates":[113.8,37.6]},"properties":{"region":3,"fire_occurred":0,"prediction":0.1095}},{"type":"Feature","geometry":{"type":"Point","coordinates":[113.8,37.8]},"properties":{"region":3,"fire_occurred":0,"prediction":0.1258}},{"type":"Feature","geometry":{"type":"Point","coordinates":[113.8,39.5]},"properties":{"region":3,"fire_occurred":0,"prediction":0.11}},{"type":"Feature","geometry":{"type":"Point","coordinates":[113.8,39.7]},"properties":{"region":3,"fire_occurred":0,"prediction":0.1403}},{"type":"Feature","geometry":{"type":"Point","coordinates":[113.8,39.9]},"properties":{"region":3,"fire_occurred":0,"prediction":0.104}},{"type":"Feature","geometry":{"type":"Point","coordinates":[113.9,27.0]},"properties":{"region":3,"fire_occurred":1,"prediction":0.0197}},{"type":"Feature","geometry":{"type":"Point","coordinates":[113.9,27.1]},"properties":{"region":3,"fire_occurred":1,"prediction":0.0224}},{"type":"Feature","geometry":{"type":"Point","coordinates":[113.9,31.2]},"properties":{"region":3,"fire_occurred":1,"prediction":0.0276}},{"type":"Feature","geometry":{"type":"Point","coordinates":[113.9,35.8]},"properties":{"region":3,"fire_occurred":0,"prediction":0.1943}},{"type":"Feature","geometry":{"type":"Point","coordinates":[113.9,35.9]},"properties":{"region":3,"fire_occurred":0,"prediction":0.3668}},{"type":"Feature","geometry":{"type":"Point","coordinates":[113.9,36.0]},"properties":{"region":3,"fire_occurred":0,"prediction":0.2254}},{"type":"Feature","geometry":{"type":"Point","coordinates":[113.9,36.1]},"properties":{"region":3,"fire_occurred":0,"prediction":0.1005}},{"type":"Feature","geometry":{"type":"Point","coordinates":[113.9,36.2]},"properties":{"region":3,"fire_occurred":0,"prediction":0.1106}},{"type":"Feature","geometry":{"type":"Point","coordinates":[113.9,36.3]},"properties":{"region":3,"fire_occurred":0,"prediction":0.1437}},{"type":"Feature","geometry":{"type":"Point","coordinates":[113.9,36.4]},"properties":{"region":3,"fire_occurred":0,"prediction":0.1238}},{"type":"Feature","geometry":{"type":"Point","coordinates":[113.9,36.6]},"properties":{"region":3,"fire_occurred":0,"prediction":0.1587}},{"type":"Feature","geometry":{"type":"Point","coordinates":[113.9,36.7]},"properties":{"region":3,"fire_occurred":0,"prediction":0.1037}},{"type":"Feature","geometry":{"type":"Point","coordinates":[113.9,37.5]},"properties":{"region":3,"fire_occurred":0,"prediction":0.1545}},{"type":"Feature","geometry":{"type":"Point","coordinates":[113.9,37.6]},"properties":{"region":3,"fire_occurred":0,"prediction":0.1294}},{"type":"Feature","geometry":{"type":"Point","coordinates":[113.9,37.7]},"properties":{"region":3,"fire_occurred":0,"prediction":0.1706}},{"type":"Feature","geometry":{"type":"Point","coordinates":[113.9,37.8]},"properties":{"region":3,"fire_occurred":0,"prediction":0.1293}},{"type":"Feature","geometry":{"type":"Point","coordinates":[113.9,37.9]},"properties":{"region":3,"fire_occurred":0,"prediction":0.1203}},{"type":"Feature","geometry":{"type":"Point","coordinates":[113.9,39.9]},"properties":{"region":3,"fire_occurred":0,"prediction":0.1156}},{"type":"Feature","geometry":{"type":"Point","coordinates":[113.9,40.3]},"properties":{"region":3,"fire_occurred":1,"prediction":0.07}},{"type":"Feature","geometry":{"type":"Point","coordinates":[114.0,29.5]},"properties":{"region":3,"fire_occurred":0,"prediction":0.1229}},{"type":"Feature","geometry":{"type":"Point","coordinates":[114.0,30.8]},"properties":{"region":3,"fire_occurred":1,"prediction":0.0136}},{"type":"Feature","geometry":{"type":"Point","coordinates":[114.0,35.9]},"properties":{"region":3,"fire_occurred":0,"prediction":0.2418}},{"type":"Feature","geometry":{"type":"Point","coordinates":[114.0,36.0]},"properties":{"region":3,"fire_occurred":0,"prediction":0.2883}},{"type":"Feature","geometry":{"type":"Point","coordinates":[114.0,36.1]},"properties":{"region":3,"fire_occurred":0,"prediction":0.2433}},{"type":"Feature","geometry":{"type":"Point","coordinates":[114.0,36.2]},"properties":{"region":3,"fire_occurred":0,"prediction":0.1208}},{"type":"Feature","geometry":{"type":"Point","coordinates":[114.0,36.4]},"properties":{"region":3,"fire_occurred":0,"prediction":0.1147}},{"type":"Feature","geometry":{"type":"Point","coordinates":[114.0,36.5]},"properties":{"region":3,"fire_occurred":0,"prediction":0.2203}},{"type":"Feature","geometry":{"type":"Point","coordinates":[114.0,36.6]},"properties":{"region":3,"fire_occurred":0,"prediction":0.1399}},{"type":"Feature","geometry":{"type":"Point","coordinates":[114.0,36.7]},"properties":{"region":3,"fire_occurred":0,"prediction":0.1954}},{"type":"Feature","geometry":{"type":"Point","coordinates":[114.0,37.5]},"properties":{"region":3,"fire_occurred":0,"prediction":0.1054}},{"type":"Feature","geometry":{"type":"Point","coordinates":[114.0,37.6]},"properties":{"region":3,"fire_occurred":0,"prediction":0.1644}},{"type":"Feature","geometry":{"type":"Point","coordinates":[114.0,37.7]},"properties":{"region":3,"fire_occurred":0,"prediction":0.1248}},{"type":"Feature","geometry":{"type":"Point","coordinates":[114.0,37.8]},"properties":{"region":3,"fire_occurred":0,"prediction":0.1575}},{"type":"Feature","geometry":{"type":"Point","coordinates":[114.0,37.9]},"properties":{"region":3,"fire_occurred":0,"prediction":0.1976}},{"type":"Feature","geometry":{"type":"Point","coordinates":[114.0,38.0]},"properties":{"region":3,"fire_occurred":0,"prediction":0.1625}},{"type":"Feature","geometry":{"type":"Point","coordinates":[114.0,42.2]},"properties":{"region":3,"fire_occurred":0,"prediction":0.116}},{"type":"Feature","geometry":{"type":"Point","coordinates":[114.1,27.1]},"properties":{"region":3,"fire_occurred":1,"prediction":0.0217}},{"type":"Feature","geometry":{"type":"Point","coordinates":[114.1,35.9]},"properties":{"region":3,"fire_occurred":0,"prediction":0.1422}},{"type":"Feature","geometry":{"type":"Point","coordinates":[114.1,36.0]},"properties":{"region":3,"fire_occurred":0,"prediction":0.243}},{"type":"Feature","geometry":{"type":"Point","coordinates":[114.1,36.5]},"properties":{"region":3,"fire_occurred":0,"prediction":0.1488}},{"type":"Feature","geometry":{"type":"Point","coordinates":[114.1,36.7]},"properties":{"region":3,"fire_occurred":0,"prediction":0.1987}},{"type":"Feature","geometry":{"type":"Point","coordinates":[114.1,36.8]},"properties":{"region":3,"fire_occurred":0,"prediction":0.1834}},{"type":"Feature","geometry":{"type":"Point","coordinates":[114.1,37.5]},"properties":{"region":3,"fire_occurred":0,"prediction":0.1225}},{"type":"Feature","geometry":{"type":"Point","coordinates":[114.1,37.6]},"properties":{"region":3,"fire_occurred":0,"prediction":0.2343}},{"type":"Feature","geometry":{"type":"Point","coordinates":[114.1,37.7]},"properties":{"region":3,"fire_occurred":0,"prediction":0.2025}},{"type":"Feature","geometry":{"type":"Point","coordinates":[114.2,26.2]},"properties":{"region":3,"fire_occurred":1,"prediction":0.0262}},{"type":"Feature","geometry":{"type":"Point","coordinates":[114.2,37.5]},"properties":{"region":3,"fire_occurred":0,"prediction":0.1008}},{"type":"Feature","geometry":{"type":"Point","coordinates":[114.3,26.2]},"properties":{"region":3,"fire_occurred":1,"prediction":0.0293}},{"type":"Feature","geometry":{"type":"Point","coordinates":[114.3,31.1]},"properties":{"region":3,"fire_occurred":1,"prediction":0.0026}},{"type":"Feature","geometry":{"type":"Point","coordinates":[114.3,35.8]},"properties":{"region":3,"fire_occurred":0,"prediction":0.1698}},{"type":"Feature","geometry":{"type":"Point","coordinates":[114.3,36.0]},"properties":{"region":3,"fire_occurred":0,"prediction":0.1339}},{"type":"Feature","geometry":{"type":"Point","coordinates":[114.3,37.5]},"properties":{"region":3,"fire_occurred":0,"prediction":0.1233}},{"type":"Feature","geometry":{"type":"Point","coordinates":[114.3,37.6]},"properties":{"region":3,"fire_occurred":0,"prediction":0.1143}},{"type":"Feature","geometry":{"type":"Point","coordinates":[114.3,37.7]},"properties":{"region":3,"fire_occurred":0,"prediction":0.121}},{"type":"Feature","geometry":{"type":"Point","coordinates":[114.3,37.8]},"properties":{"region":3,"fire_occurred":0,"prediction":0.1011}},{"type":"Feature","geometry":{"type":"Point","coordinates":[114.4,28.2]},"properties":{"region":3,"fire_occurred":1,"prediction":0.0372}},{"type":"Feature","geometry":{"type":"Point","coordinates":[114.4,36.4]},"properties":{"region":3,"fire_occurred":0,"prediction":0.1507}},{"type":"Feature","geometry":{"type":"Point","coordinates":[114.4,36.6]},"properties":{"region":3,"fire_occurred":1,"prediction":0.0884}},{"type":"Feature","geometry":{"type":"Point","coordinates":[114.4,36.7]},"properties":{"region":3,"fire_occurred":0,"prediction":0.1447}},{"type":"Feature","geometry":{"type":"Point","coordinates":[114.4,40.3]},"properties":{"region":3,"fire_occurred":0,"prediction":0.1163}},{"type":"Feature","geometry":{"type":"Point","coordinates":[114.5,28.2]},"properties":{"region":3,"fire_occurred":1,"prediction":0.0511}},{"type":"Feature","geometry":{"type":"Point","coordinates":[114.5,29.5]},"properties":{"region":3,"fire_occurred":1,"prediction":0.0249}},{"type":"Feature","geometry":{"type":"Point","coordinates":[114.5,31.0]},"properties":{"region":3,"fire_occurred":1,"prediction":0.0233}},{"type":"Feature","geometry":{"type":"Point","coordinates":[114.5,32.0]},"properties":{"region":3,"fire_occurred":0,"prediction":0.1243}},{"type":"Feature","geometry":{"type":"Point","coordinates":[114.5,32.1]},"properties":{"region":3,"fire_occurred":1,"prediction":0.0074}},{"type":"Feature","geometry":{"type":"Point","coordinates":[114.5,36.6]},"properties":{"region":3,"fire_occurred":1,"prediction":0.031}},{"type":"Feature","geometry":{"type":"Point","coordinates":[114.5,40.3]},"properties":{"region":3,"fire_occurred":0,"prediction":0.1427}},{"type":"Feature","geometry":{"type":"Point","coordinates":[114.6,28.2]},"properties":{"region":3,"fire_occurred":1,"prediction":0.0275}},{"type":"Feature","geometry":{"type":"Point","coordinates":[114.6,36.6]},"properties":{"region":3,"fire_occurred":0,"prediction":0.206}},{"type":"Feature","geometry":{"type":"Point","coordinates":[114.6,39.8]},"properties":{"region":3,"fire_occurred":0,"prediction":0.1546}},{"type":"Feature","geometry":{"type":"Point","coordinates":[114.6,40.4]},"properties":{"region":3,"fire_occurred":0,"prediction":0.1038}},{"type":"Feature","geometry":{"type":"Point","coordinates":[114.7,31.8]},"properties":{"region":3,"fire_occurred":1,"prediction":0.0145}},{"type":"Feature","geometry":{"type":"Point","coordinates":[114.7,35.9]},"properties":{"region":3,"fire_occurred":0,"prediction":0.1559}},{"type":"Feature","geometry":{"type":"Point","coordinates":[114.7,36.0]},"properties":{"region":3,"fire_occurred":0,"prediction":0.1614}},{"type":"Feature","geometry":{"type":"Point","coordinates":[114.7,36.3]},"properties":{"region":3,"fire_occurred":0,"prediction":0.1555}},{"type":"Feature","geometry":{"type":"Point","coordinates":[114.7,36.6]},"properties":{"region":3,"fire_occurred":1,"prediction":0.0386}},{"type":"Feature","geometry":{"type":"Point","coordinates":[114.7,36.8]},"properties":{"region":3,"fire_occurred":0,"prediction":0.143}},{"type":"Feature","geometry":{"type":"Point","coordinates":[114.7,40.4]},"properties":{"region":3,"fire_occurred":0,"prediction":0.1491}},{"type":"Feature","geometry":{"type":"Point","coordinates":[114.8,27.1]},"properties":{"region":3,"fire_occurred":0,"prediction":0.118}},{"type":"Feature","geometry":{"type":"Point","coordinates":[114.8,27.2]},"properties":{"region":3,"fire_occurred":0,"prediction":0.1156}},{"type":"Feature","geometry":{"type":"Point","coordinates":[114.8,36.4]},"properties":{"region":3,"fire_occurred":0,"prediction":0.1446}},{"type":"Feature","geometry":{"type":"Point","coordinates":[114.8,36.5]},"properties":{"region":3,"fire_occurred":0,"prediction":0.1758}},{"type":"Feature","geometry":{"type":"Point","coordinates":[114.8,40.4]},"properties":{"region":3,"fire_occurred":0,"prediction":0.126}},{"type":"Feature","geometry":{"type":"Point","coordinates":[114.9,23.3]},"properties":{"region":3,"fire_occurred":1,"prediction":0.0423}},{"type":"Feature","geometry":{"type":"Point","coordinates":[114.9,29.9]},"properties":{"region":3,"fire_occurred":1,"prediction":0.0089}},{"type":"Feature","geometry":{"type":"Point","coordinates":[114.9,32.6]},"properties":{"region":3,"fire_occurred":1,"prediction":0.0121}},{"type":"Feature","geometry":{"type":"Point","coordinates":[114.9,36.0]},"properties":{"region":3,"fire_occurred":0,"prediction":0.1159}},{"type":"Feature","geometry":{"type":"Point","coordinates":[115.0,36.2]},"properties":{"region":3,"fire_occurred":0,"prediction":0.1413}},{"type":"Feature","geometry":{"type":"Point","coordinates":[115.0,37.0]},"properties":{"region":3,"fire_occurred":0,"prediction":0.1301}},{"type":"Feature","geometry":{"type":"Point","coordinates":[115.0,40.0]},"properties":{"region":3,"fire_occurred":0,"prediction":0.1422}},{"type":"Feature","geometry":{"type":"Point","coordinates":[115.1,31.6]},"properties":{"region":3,"fire_occurred":0,"prediction":0.1286}},{"type":"Feature","geometry":{"type":"Point","coordinates":[115.1,40.0]},"properties":{"region":3,"fire_occurred":0,"prediction":0.164}},{"type":"Feature","geometry":{"type":"Point","coordinates":[115.1,40.2]},"properties":{"region":3,"fire_occurred":0,"prediction":0.1334}},{"type":"Feature","geometry":{"type":"Point","coordinates":[115.2,36.0]},"properties":{"region":3,"fire_occurred":0,"prediction":0.1292}},{"type":"Feature","geometry":{"type":"Point","coordinates":[115.3,25.8]},"properties":{"region":3,"fire_occurred":0,"prediction":0.1032}},{"type":"Feature","geometry":{"type":"Point","coordinates":[115.3,40.0]},"properties":{"region":3,"fire_occurred":0,"prediction":0.1263}},{"type":"Feature","geometry":{"type":"Point","coordinates":[115.3,40.2]},"properties":{"region":3,"fire_occurred":1,"prediction":0.0769}},{"type":"Feature","geometry":{"type":"Point","coordinates":[115.3,40.3]},"properties":{"region":3,"fire_occurred":0,"prediction":0.1528}},{"type":"Feature","geometry":{"type":"Point","coordinates":[115.4,25.8]},"properties":{"region":3,"fire_occurred":1,"prediction":0.0151}},{"type":"Feature","geometry":{"type":"Point","coordinates":[115.4,28.6]},"properties":{"region":3,"fire_occurred":0,"prediction":0.2024}},{"type":"Feature","geometry":{"type":"Point","coordinates":[115.4,28.8]},"properties":{"region":3,"fire_occurred":0,"prediction":0.1785}},{"type":"Feature","geometry":{"type":"Point","coordinates":[115.4,35.4]},"properties":{"region":3,"fire_occurred":1,"prediction":0.0408}},{"type":"Feature","geometry":{"type":"Point","coordinates":[115.4,39.9]},"properties":{"region":3,"fire_occurred":0,"prediction":0.1775}},{"type":"Feature","geometry":{"type":"Point","coordinates":[115.5,24.0]},"properties":{"region":3,"fire_occurred":1,"prediction":0.0317}},{"type":"Feature","geometry":{"type":"Point","coordinates":[115.5,24.1]},"properties":{"region":3,"fire_occurred":1,"prediction":0.0205}},{"type":"Feature","geometry":{"type":"Point","coordinates":[115.5,26.0]},"properties":{"region":3,"fire_occurred":0,"prediction":0.1743}},{"type":"Feature","geometry":{"type":"Point","coordinates":[115.5,28.7]},"properties":{"region":3,"fire_occurred":1,"prediction":0.1183}},{"type":"Feature","geometry":{"type":"Point","coordinates":[115.6,23.3]},"properties":{"region":3,"fire_occurred":1,"prediction":0.0116}},{"type":"Feature","geometry":{"type":"Point","coordinates":[115.6,35.1]},"properties":{"region":3,"fire_occurred":0,"prediction":0.1019}},{"type":"Feature","geometry":{"type":"Point","coordinates":[115.7,24.1]},"properties":{"region":3,"fire_occurred":1,"prediction":0.0153}},{"type":"Feature","geometry":{"type":"Point","coordinates":[115.7,27.9]},"properties":{"region":3,"fire_occurred":0,"prediction":0.1004}},{"type":"Feature","geometry":{"type":"Point","coordinates":[115.7,30.2]},"properties":{"region":3,"fire_occurred":1,"prediction":0.0254}},{"type":"Feature","geometry":{"type":"Point","coordinates":[115.7,32.3]},"properties":{"region":3,"fire_occurred":1,"prediction":0.0191}},{"type":"Feature","geometry":{"type":"Point","coordinates":[115.7,34.4]},"properties":{"region":3,"fire_occurred":0,"prediction":0.1075}},{"type":"Feature","geometry":{"type":"Point","coordinates":[115.7,36.5]},"properties":{"region":3,"fire_occurred":0,"prediction":0.1625}},{"type":"Feature","geometry":{"type":"Point","coordinates":[115.8,31.7]},"properties":{"region":3,"fire_occurred":0,"prediction":0.1336}},{"type":"Feature","geometry":{"type":"Point","coordinates":[115.8,35.6]},"properties":{"region":3,"fire_occurred":0,"prediction":0.1412}},{"type":"Feature","geometry":{"type":"Point","coordinates":[115.8,36.7]},"properties":{"region":3,"fire_occurred":0,"prediction":0.1342}},{"type":"Feature","geometry":{"type":"Point","coordinates":[115.8,40.1]},"properties":{"region":3,"fire_occurred":0,"prediction":0.1052}},{"type":"Feature","geometry":{"type":"Point","coordinates":[115.8,40.4]},"properties":{"region":3,"fire_occurred":0,"prediction":0.1716}},{"type":"Feature","geometry":{"type":"Point","coordinates":[115.8,40.5]},"properties":{"region":3,"fire_occurred":0,"prediction":0.1067}},{"type":"Feature","geometry":{"type":"Point","coordinates":[115.9,26.6]},"properties":{"region":3,"fire_occurred":0,"prediction":0.1373}},{"type":"Feature","geometry":{"type":"Point","coordinates":[115.9,35.3]},"properties":{"region":3,"fire_occurred":0,"prediction":0.1873}},{"type":"Feature","geometry":{"type":"Point","coordinates":[115.9,38.0]},"properties":{"region":3,"fire_occurred":0,"prediction":0.1084}},{"type":"Feature","geometry":{"type":"Point","coordinates":[115.9,40.0]},"properties":{"region":3,"fire_occurred":0,"prediction":0.1263}},{"type":"Feature","geometry":{"type":"Point","coordinates":[115.9,40.5]},"properties":{"region":3,"fire_occurred":0,"prediction":0.1335}},{"type":"Feature","geometry":{"type":"Point","coordinates":[116.0,26.6]},"properties":{"region":3,"fire_occurred":1,"prediction":0.0885}},{"type":"Feature","geometry":{"type":"Point","coordinates":[116.0,35.4]},"properties":{"region":3,"fire_occurred":0,"prediction":0.109}},{"type":"Feature","geometry":{"type":"Point","coordinates":[116.0,36.3]},"properties":{"region":3,"fire_occurred":0,"prediction":0.1209}},{"type":"Feature","geometry":{"type":"Point","coordinates":[116.1,27.8]},"properties":{"region":3,"fire_occurred":0,"prediction":0.1347}},{"type":"Feature","geometry":{"type":"Point","coordinates":[116.1,34.7]},"properties":{"region":3,"fire_occurred":0,"prediction":0.1208}},{"type":"Feature","geometry":{"type":"Point","coordinates":[116.1,36.4]},"properties":{"region":3,"fire_occurred":0,"prediction":0.1147}},{"type":"Feature","geometry":{"type":"Point","coordinates":[116.2,23.3]},"properties":{"region":3,"fire_occurred":1,"prediction":0.0106}},{"type":"Feature","geometry":{"type":"Point","coordinates":[116.2,23.8]},"properties":{"region":3,"fire_occurred":1,"prediction":0.0131}},{"type":"Feature","geometry":{"type":"Point","coordinates":[116.3,23.2]},"properties":{"region":3,"fire_occurred":1,"prediction":0.0059}},{"type":"Feature","geometry":{"type":"Point","coordinates":[116.3,23.3]},"properties":{"region":3,"fire_occurred":1,"prediction":0.012}},{"type":"Feature","geometry":{"type":"Point","coordinates":[116.3,23.8]},"properties":{"region":3,"fire_occurred":1,"prediction":0.0109}},{"type":"Feature","geometry":{"type":"Point","coordinates":[116.3,27.7]},"properties":{"region":3,"fire_occurred":0,"prediction":0.1056}},{"type":"Feature","geometry":{"type":"Point","coordinates":[116.3,28.1]},"properties":{"region":3,"fire_occurred":1,"prediction":0.0516}},{"type":"Feature","geometry":{"type":"Point","coordinates":[116.3,30.1]},"properties":{"region":3,"fire_occurred":0,"prediction":0.1285}},{"type":"Feature","geometry":{"type":"Point","coordinates":[116.3,35.2]},"properties":{"region":3,"fire_occurred":0,"prediction":0.118}},{"type":"Feature","geometry":{"type":"Point","coordinates":[116.3,35.4]},"properties":{"region":3,"fire_occurred":0,"prediction":0.1006}},{"type":"Feature","geometry":{"type":"Point","coordinates":[116.4,23.4]},"properties":{"region":3,"fire_occurred":1,"prediction":0.015}},{"type":"Feature","geometry":{"type":"Point","coordinates":[116.4,23.8]},"properties":{"region":3,"fire_occurred":0,"prediction":0.1231}},{"type":"Feature","geometry":{"type":"Point","coordinates":[116.4,25.6]},"properties":{"region":3,"fire_occurred":1,"prediction":0.0144}},{"type":"Feature","geometry":{"type":"Point","coordinates":[116.5,27.8]},"properties":{"region":3,"fire_occurred":0,"prediction":0.1341}},{"type":"Feature","geometry":{"type":"Point","coordinates":[116.5,33.6]},"properties":{"region":3,"fire_occurred":0,"prediction":0.1081}},{"type":"Feature","geometry":{"type":"Point","coordinates":[116.6,28.5]},"properties":{"region":3,"fire_occurred":0,"prediction":0.1059}},{"type":"Feature","geometry":{"type":"Point","coordinates":[116.6,29.4]},"properties":{"region":3,"fire_occurred":1,"prediction":0.0323}},{"type":"Feature","geometry":{"type":"Point","coordinates":[116.6,36.8]},"properties":{"region":3,"fire_occurred":0,"prediction":0.1547}},{"type":"Feature","geometry":{"type":"Point","coordinates":[116.6,36.9]},"properties":{"region":3,"fire_occurred":0,"prediction":0.1247}},{"type":"Feature","geometry":{"type":"Point","coordinates":[116.7,29.4]},"properties":{"region":3,"fire_occurred":1,"prediction":0.0369}},{"type":"Feature","geometry":{"type":"Point","coordinates":[116.9,27.2]},"properties":{"region":3,"fire_occurred":0,"prediction":0.1948}},{"type":"Feature","geometry":{"type":"Point","coordinates":[116.9,28.1]},"properties":{"region":3,"fire_occurred":0,"prediction":0.1361}},{"type":"Feature","geometry":{"type":"Point","coordinates":[116.9,28.2]},"properties":{"region":3,"fire_occurred":0,"prediction":0.1052}},{"type":"Feature","geometry":{"type":"Point","coordinates":[116.9,28.3]},"properties":{"region":3,"fire_occurred":0,"prediction":0.1343}},{"type":"Feature","geometry":{"type":"Point","coordinates":[116.9,36.5]},"properties":{"region":3,"fire_occurred":0,"prediction":0.1033}},{"type":"Feature","geometry":{"type":"Point","coordinates":[117.0,27.2]},"properties":{"region":3,"fire_occurred":0,"prediction":0.1254}},{"type":"Feature","geometry":{"type":"Point","coordinates":[117.0,28.2]},"properties":{"region":3,"fire_occurred":0,"prediction":0.1199}},{"type":"Feature","geometry":{"type":"Point","coordinates":[117.0,28.9]},"properties":{"region":3,"fire_occurred":0,"prediction":0.1245}},{"type":"Feature","geometry":{"type":"Point","coordinates":[117.0,36.8]},"properties":{"region":3,"fire_occurred":0,"prediction":0.1878}},{"type":"Feature","geometry":{"type":"Point","coordinates":[117.1,23.6]},"properties":{"region":3,"fire_occurred":1,"prediction":0.0101}},{"type":"Feature","geometry":{"type":"Point","coordinates":[117.1,28.3]},"properties":{"region":3,"fire_occurred":0,"prediction":0.1428}},{"type":"Feature","geometry":{"type":"Point","coordinates":[117.1,36.7]},"properties":{"region":3,"fire_occurred":0,"prediction":0.1287}},{"type":"Feature","geometry":{"type":"Point","coordinates":[117.1,37.8]},"properties":{"region":3,"fire_occurred":1,"prediction":0.0252}},{"type":"Feature","geometry":{"type":"Point","coordinates":[117.2,28.3]},"properties":{"region":3,"fire_occurred":0,"prediction":0.2108}},{"type":"Feature","geometry":{"type":"Point","coordinates":[117.2,36.5]},"properties":{"region":3,"fire_occurred":0,"prediction":0.1222}},{"type":"Feature","geometry":{"type":"Point","coordinates":[117.2,36.8]},"properties":{"region":3,"fire_occurred":0,"prediction":0.2556}},{"type":"Feature","geometry":{"type":"Point","coordinates":[117.2,36.9]},"properties":{"region":3,"fire_occurred":0,"prediction":0.1038}},{"type":"Feature","geometry":{"type":"Point","coordinates":[117.3,28.3]},"properties":{"region":3,"fire_occurred":0,"prediction":0.1141}},{"type":"Feature","geometry":{"type":"Point","coordinates":[117.3,28.8]},"properties":{"region":3,"fire_occurred":0,"prediction":0.103}},{"type":"Feature","geometry":{"type":"Point","coordinates":[117.3,32.8]},"properties":{"region":3,"fire_occurred":1,"prediction":0.0061}},{"type":"Feature","geometry":{"type":"Point","coordinates":[117.3,36.3]},"properties":{"region":3,"fire_occurred":1,"prediction":0.0208}},{"type":"Feature","geometry":{"type":"Point","coordinates":[117.3,36.5]},"properties":{"region":3,"fire_occurred":0,"prediction":0.1154}},{"type":"Feature","geometry":{"type":"Point","coordinates":[117.3,36.8]},"properties":{"region":3,"fire_occurred":0,"prediction":0.1057}},{"type":"Feature","geometry":{"type":"Point","coordinates":[117.3,36.9]},"properties":{"region":3,"fire_occurred":0,"prediction":0.11}},{"type":"Feature","geometry":{"type":"Point","coordinates":[117.3,37.3]},"properties":{"region":3,"fire_occurred":0,"prediction":0.2476}},{"type":"Feature","geometry":{"type":"Point","coordinates":[117.4,36.3]},"properties":{"region":3,"fire_occurred":1,"prediction":0.0431}},{"type":"Feature","geometry":{"type":"Point","coordinates":[117.4,37.0]},"properties":{"region":3,"fire_occurred":0,"prediction":0.1023}},{"type":"Feature","geometry":{"type":"Point","coordinates":[117.4,37.1]},"properties":{"region":3,"fire_occurred":0,"prediction":0.1319}},{"type":"Feature","geometry":{"type":"Point","coordinates":[117.4,37.2]},"properties":{"region":3,"fire_occurred":1,"prediction":0.1124}},{"type":"Feature","geometry":{"type":"Point","coordinates":[117.4,37.5]},"properties":{"region":3,"fire_occurred":0,"prediction":0.2065}},{"type":"Feature","geometry":{"type":"Point","coordinates":[117.4,37.7]},"properties":{"region":3,"fire_occurred":0,"prediction":0.1321}},{"type":"Feature","geometry":{"type":"Point","coordinates":[117.5,24.3]},"properties":{"region":3,"fire_occurred":1,"prediction":0.0038}},{"type":"Feature","geometry":{"type":"Point","coordinates":[117.5,31.6]},"properties":{"region":3,"fire_occurred":1,"prediction":0.0142}},{"type":"Feature","geometry":{"type":"Point","coordinates":[117.5,37.1]},"properties":{"region":3,"fire_occurred":0,"prediction":0.2007}},{"type":"Feature","geometry":{"type":"Point","coordinates":[117.5,37.2]},"properties":{"region":3,"fire_occurred":0,"prediction":0.1841}},{"type":"Feature","geometry":{"type":"Point","coordinates":[117.5,37.3]},"properties":{"region":3,"fire_occurred":0,"prediction":0.1487}},{"type":"Feature","geometry":{"type":"Point","coordinates":[117.5,37.5]},"properties":{"region":3,"fire_occurred":0,"prediction":0.2151}},{"type":"Feature","geometry":{"type":"Point","coordinates":[117.5,37.8]},"properties":{"region":3,"fire_occurred":0,"prediction":0.102}},{"type":"Feature","geometry":{"type":"Point","coordinates":[117.6,28.3]},"properties":{"region":3,"fire_occurred":0,"prediction":0.1384}},{"type":"Feature","geometry":{"type":"Point","coordinates":[117.6,36.1]},"properties":{"region":3,"fire_occurred":0,"prediction":0.109}},{"type":"Feature","geometry":{"type":"Point","coordinates":[117.6,36.2]},"properties":{"region":3,"fire_occurred":1,"prediction":0.0489}},{"type":"Feature","geometry":{"type":"Point","coordinates":[117.6,36.7]},"properties":{"region":3,"fire_occurred":0,"prediction":0.1293}},{"type":"Feature","geometry":{"type":"Point","coordinates":[117.6,37.5]},"properties":{"region":3,"fire_occurred":0,"prediction":0.1244}},{"type":"Feature","geometry":{"type":"Point","coordinates":[117.6,37.9]},"properties":{"region":3,"fire_occurred":0,"prediction":0.1815}},{"type":"Feature","geometry":{"type":"Point","coordinates":[117.7,28.3]},"properties":{"region":3,"fire_occurred":0,"prediction":0.1184}},{"type":"Feature","geometry":{"type":"Point","coordinates":[117.7,36.1]},"properties":{"region":3,"fire_occurred":0,"prediction":0.1613}},{"type":"Feature","geometry":{"type":"Point","coordinates":[117.7,36.2]},"properties":{"region":3,"fire_occurred":0,"prediction":0.1194}},{"type":"Feature","geometry":{"type":"Point","coordinates":[117.7,37.2]},"properties":{"region":3,"fire_occurred":0,"prediction":0.1521}},{"type":"Feature","geometry":{"type":"Point","coordinates":[117.7,37.8]},"properties":{"region":3,"fire_occurred":1,"prediction":0.1978}},{"type":"Feature","geometry":{"type":"Point","coordinates":[117.8,28.4]},"properties":{"region":3,"fire_occurred":0,"prediction":0.1495}},{"type":"Feature","geometry":{"type":"Point","coordinates":[117.8,35.9]},"properties":{"region":3,"fire_occurred":0,"prediction":0.1123}},{"type":"Feature","geometry":{"type":"Point","coordinates":[117.8,36.0]},"properties":{"region":3,"fire_occurred":0,"prediction":0.2843}},{"type":"Feature","geometry":{"type":"Point","coordinates":[117.8,36.1]},"properties":{"region":3,"fire_occurred":0,"prediction":0.3497}},{"type":"Feature","geometry":{"type":"Point","coordinates":[117.8,36.2]},"properties":{"region":3,"fire_occurred":0,"prediction":0.1342}},{"type":"Feature","geometry":{"type":"Point","coordinates":[117.8,37.1]},"properties":{"region":3,"fire_occurred":0,"prediction":0.1485}},{"type":"Feature","geometry":{"type":"Point","coordinates":[117.8,37.2]},"properties":{"region":3,"fire_occurred":0,"prediction":0.1405}},{"type":"Feature","geometry":{"type":"Point","coordinates":[117.8,37.4]},"properties":{"region":3,"fire_occurred":0,"prediction":0.1001}},{"type":"Feature","geometry":{"type":"Point","coordinates":[117.8,37.5]},"properties":{"region":3,"fire_occurred":0,"prediction":0.2538}},{"type":"Feature","geometry":{"type":"Point","coordinates":[117.8,37.6]},"properties":{"region":3,"fire_occurred":0,"prediction":0.2092}},{"type":"Feature","geometry":{"type":"Point","coordinates":[117.8,37.8]},"properties":{"region":3,"fire_occurred":0,"prediction":0.1014}},{"type":"Feature","geometry":{"type":"Point","coordinates":[117.8,37.9]},"properties":{"region":3,"fire_occurred":0,"prediction":0.1922}},{"type":"Feature","geometry":{"type":"Point","coordinates":[117.9,25.5]},"properties":{"region":3,"fire_occurred":1,"prediction":0.0159}},{"type":"Feature","geometry":{"type":"Point","coordinates":[117.9,25.9]},"properties":{"region":3,"fire_occurred":1,"prediction":0.0158}},{"type":"Feature","geometry":{"type":"Point","coordinates":[117.9,36.0]},"properties":{"region":3,"fire_occurred":0,"prediction":0.1208}},{"type":"Feature","geometry":{"type":"Point","coordinates":[117.9,36.1]},"properties":{"region":3,"fire_occurred":0,"prediction":0.1388}},{"type":"Feature","geometry":{"type":"Point","coordinates":[117.9,36.2]},"properties":{"region":3,"fire_occurred":0,"prediction":0.1564}},{"type":"Feature","geometry":{"type":"Point","coordinates":[117.9,36.5]},"properties":{"region":3,"fire_occurred":0,"prediction":0.1471}},{"type":"Feature","geometry":{"type":"Point","coordinates":[117.9,36.9]},"properties":{"region":3,"fire_occurred":0,"prediction":0.1046}},{"type":"Feature","geometry":{"type":"Point","coordinates":[117.9,37.5]},"properties":{"region":3,"fire_occurred":0,"prediction":0.1319}},{"type":"Feature","geometry":{"type":"Point","coordinates":[117.9,37.6]},"properties":{"region":3,"fire_occurred":0,"prediction":0.1834}},{"type":"Feature","geometry":{"type":"Point","coordinates":[118.0,26.2]},"properties":{"region":3,"fire_occurred":0,"prediction":0.1205}},{"type":"Feature","geometry":{"type":"Point","coordinates":[118.0,31.0]},"properties":{"region":3,"fire_occurred":1,"prediction":0.0037}},{"type":"Feature","geometry":{"type":"Point","coordinates":[118.0,36.2]},"properties":{"region":3,"fire_occurred":0,"prediction":0.1762}},{"type":"Feature","geometry":{"type":"Point","coordinates":[118.0,36.8]},"properties":{"region":3,"fire_occurred":0,"prediction":0.1687}},{"type":"Feature","geometry":{"type":"Point","coordinates":[118.0,36.9]},"properties":{"region":3,"fire_occurred":0,"prediction":0.1091}},{"type":"Feature","geometry":{"type":"Point","coordinates":[118.0,37.3]},"properties":{"region":3,"fire_occurred":0,"prediction":0.1132}},{"type":"Feature","geometry":{"type":"Point","coordinates":[118.0,37.5]},"properties":{"region":3,"fire_occurred":0,"prediction":0.1685}},{"type":"Feature","geometry":{"type":"Point","coordinates":[118.0,37.7]},"properties":{"region":3,"fire_occurred":0,"prediction":0.101}},{"type":"Feature","geometry":{"type":"Point","coordinates":[118.0,37.8]},"properties":{"region":3,"fire_occurred":1,"prediction":0.1959}},{"type":"Feature","geometry":{"type":"Point","coordinates":[118.1,26.9]},"properties":{"region":3,"fire_occurred":0,"prediction":0.2284}},{"type":"Feature","geometry":{"type":"Point","coordinates":[118.1,28.3]},"properties":{"region":3,"fire_occurred":0,"prediction":0.1591}},{"type":"Feature","geometry":{"type":"Point","coordinates":[118.1,31.1]},"properties":{"region":3,"fire_occurred":1,"prediction":0.2525}},{"type":"Feature","geometry":{"type":"Point","coordinates":[118.1,35.9]},"properties":{"region":3,"fire_occurred":0,"prediction":0.1007}},{"type":"Feature","geometry":{"type":"Point","coordinates":[118.1,36.2]},"properties":{"region":3,"fire_occurred":0,"prediction":0.1494}},{"type":"Feature","geometry":{"type":"Point","coordinates":[118.1,37.3]},"properties":{"region":3,"fire_occurred":0,"prediction":0.2174}},{"type":"Feature","geometry":{"type":"Point","coordinates":[118.1,37.5]},"properties":{"region":3,"fire_occurred":0,"prediction":0.1092}},{"type":"Feature","geometry":{"type":"Point","coordinates":[118.2,26.4]},"properties":{"region":3,"fire_occurred":0,"prediction":0.1265}},{"type":"Feature","geometry":{"type":"Point","coordinates":[118.2,36.0]},"properties":{"region":3,"fire_occurred":0,"prediction":0.1029}},{"type":"Feature","geometry":{"type":"Point","coordinates":[118.2,37.2]},"properties":{"region":3,"fire_occurred":1,"prediction":0.0614}},{"type":"Feature","geometry":{"type":"Point","coordinates":[118.2,37.5]},"properties":{"region":3,"fire_occurred":0,"prediction":0.1035}},{"type":"Feature","geometry":{"type":"Point","coordinates":[118.3,28.0]},"properties":{"region":3,"fire_occurred":1,"prediction":0.0169}},{"type":"Feature","geometry":{"type":"Point","coordinates":[118.3,37.3]},"properties":{"region":3,"fire_occurred":0,"prediction":0.1412}},{"type":"Feature","geometry":{"type":"Point","coordinates":[118.3,37.5]},"properties":{"region":3,"fire_occurred":1,"prediction":0.0832}},{"type":"Feature","geometry":{"type":"Point","coordinates":[118.3,37.7]},"properties":{"region":3,"fire_occurred":0,"prediction":0.1588}},{"type":"Feature","geometry":{"type":"Point","coordinates":[118.4,26.7]},"properties":{"region":3,"fire_occurred":0,"prediction":0.1297}},{"type":"Feature","geometry":{"type":"Point","coordinates":[118.4,27.9]},"properties":{"region":3,"fire_occurred":1,"prediction":0.0097}},{"type":"Feature","geometry":{"type":"Point","coordinates":[118.4,36.3]},"properties":{"region":3,"fire_occurred":0,"prediction":0.1169}},{"type":"Feature","geometry":{"type":"Point","coordinates":[118.4,36.7]},"properties":{"region":3,"fire_occurred":0,"prediction":0.1757}},{"type":"Feature","geometry":{"type":"Point","coordinates":[118.4,37.0]},"properties":{"region":3,"fire_occurred":0,"prediction":0.218}},{"type":"Feature","geometry":{"type":"Point","coordinates":[118.4,37.2]},"properties":{"region":3,"fire_occurred":1,"prediction":0.2057}},{"type":"Feature","geometry":{"type":"Point","coordinates":[118.4,37.3]},"properties":{"region":3,"fire_occurred":0,"prediction":0.1872}},{"type":"Feature","geometry":{"type":"Point","coordinates":[118.4,37.4]},"properties":{"region":3,"fire_occurred":0,"prediction":0.1289}},{"type":"Feature","geometry":{"type":"Point","coordinates":[118.4,37.5]},"properties":{"region":3,"fire_occurred":1,"prediction":0.0506}},{"type":"Feature","geometry":{"type":"Point","coordinates":[118.4,37.6]},"properties":{"region":3,"fire_occurred":0,"prediction":0.1432}},{"type":"Feature","geometry":{"type":"Point","coordinates":[118.5,26.7]},"properties":{"region":3,"fire_occurred":0,"prediction":0.1789}},{"type":"Feature","geometry":{"type":"Point","coordinates":[118.5,36.1]},"properties":{"region":3,"fire_occurred":0,"prediction":0.1096}},{"type":"Feature","geometry":{"type":"Point","coordinates":[118.5,36.3]},"properties":{"region":3,"fire_occurred":0,"prediction":0.1023}},{"type":"Feature","geometry":{"type":"Point","coordinates":[118.5,37.1]},"properties":{"region":3,"fire_occurred":0,"prediction":0.1231}},{"type":"Feature","geometry":{"type":"Point","coordinates":[118.5,37.2]},"properties":{"region":3,"fire_occurred":1,"prediction":0.0815}},{"type":"Feature","geometry":{"type":"Point","coordinates":[118.5,37.3]},"properties":{"region":3,"fire_occurred":0,"prediction":0.1138}},{"type":"Feature","geometry":{"type":"Point","coordinates":[118.5,37.6]},"properties":{"region":3,"fire_occurred":1,"prediction":0.0659}},{"type":"Feature","geometry":{"type":"Point","coordinates":[118.5,37.7]},"properties":{"region":3,"fire_occurred":1,"prediction":0.1681}},{"type":"Feature","geometry":{"type":"Point","coordinates":[118.6,35.7]},"properties":{"region":3,"fire_occurred":0,"prediction":0.1095}},{"type":"Feature","geometry":{"type":"Point","coordinates":[118.6,36.1]},"properties":{"region":3,"fire_occurred":0,"prediction":0.1001}},{"type":"Feature","geometry":{"type":"Point","coordinates":[118.6,36.2]},"properties":{"region":3,"fire_occurred":0,"prediction":0.1208}},{"type":"Feature","geometry":{"type":"Point","coordinates":[118.6,36.7]},"properties":{"region":3,"fire_occurred":0,"prediction":0.1005}},{"type":"Feature","geometry":{"type":"Point","coordinates":[118.6,37.7]},"properties":{"region":3,"fire_occurred":0,"prediction":0.1667}},{"type":"Feature","geometry":{"type":"Point","coordinates":[118.7,26.8]},"properties":{"region":3,"fire_occurred":1,"prediction":0.0264}},{"type":"Feature","geometry":{"type":"Point","coordinates":[118.7,28.8]},"properties":{"region":3,"fire_occurred":0,"prediction":0.1094}},{"type":"Feature","geometry":{"type":"Point","coordinates":[118.7,36.5]},"properties":{"region":3,"fire_occurred":0,"prediction":0.1806}},{"type":"Feature","geometry":{"type":"Point","coordinates":[118.7,41.3]},"properties":{"region":3,"fire_occurred":0,"prediction":0.2686}},{"type":"Feature","geometry":{"type":"Point","coordinates":[118.8,32.9]},"properties":{"region":3,"fire_occurred":1,"prediction":0.0281}},{"type":"Feature","geometry":{"type":"Point","coordinates":[118.8,35.8]},"properties":{"region":3,"fire_occurred":0,"prediction":0.1117}},{"type":"Feature","geometry":{"type":"Point","coordinates":[118.8,36.0]},"properties":{"region":3,"fire_occurred":0,"prediction":0.1004}},{"type":"Feature","geometry":{"type":"Point","coordinates":[118.8,36.2]},"properties":{"region":3,"fire_occurred":0,"prediction":0.1146}},{"type":"Feature","geometry":{"type":"Point","coordinates":[118.8,36.5]},"properties":{"region":3,"fire_occurred":0,"prediction":0.1001}},{"type":"Feature","geometry":{"type":"Point","coordinates":[118.9,32.4]},"properties":{"region":3,"fire_occurred":1,"prediction":0.017}},{"type":"Feature","geometry":{"type":"Point","coordinates":[118.9,35.7]},"properties":{"region":3,"fire_occurred":0,"prediction":0.1087}},{"type":"Feature","geometry":{"type":"Point","coordinates":[118.9,35.9]},"properties":{"region":3,"fire_occurred":0,"prediction":0.107}},{"type":"Feature","geometry":{"type":"Point","coordinates":[118.9,36.0]},"properties":{"region":3,"fire_occurred":0,"prediction":0.154}},{"type":"Feature","geometry":{"type":"Point","coordinates":[118.9,36.3]},"properties":{"region":3,"fire_occurred":1,"prediction":0.0521}},{"type":"Feature","geometry":{"type":"Point","coordinates":[118.9,40.5]},"properties":{"region":3,"fire_occurred":0,"prediction":0.1131}},{"type":"Feature","geometry":{"type":"Point","coordinates":[118.9,40.6]},"properties":{"region":3,"fire_occurred":0,"prediction":0.1397}},{"type":"Feature","geometry":{"type":"Point","coordinates":[118.9,40.7]},"properties":{"region":3,"fire_occurred":0,"prediction":0.1257}},{"type":"Feature","geometry":{"type":"Point","coordinates":[118.9,41.2]},"properties":{"region":3,"fire_occurred":0,"prediction":0.1012}},{"type":"Feature","geometry":{"type":"Point","coordinates":[118.9,41.3]},"properties":{"region":3,"fire_occurred":0,"prediction":0.1134}},{"type":"Feature","geometry":{"type":"Point","coordinates":[118.9,41.4]},"properties":{"region":3,"fire_occurred":0,"prediction":0.119}},{"type":"Feature","geometry":{"type":"Point","coordinates":[119.0,29.0]},"properties":{"region":3,"fire_occurred":0,"prediction":0.1178}},{"type":"Feature","geometry":{"type":"Point","coordinates":[119.0,34.6]},"properties":{"region":3,"fire_occurred":1,"prediction":0.006}},{"type":"Feature","geometry":{"type":"Point","coordinates":[119.0,34.9]},"properties":{"region":3,"fire_occurred":0,"prediction":0.1717}},{"type":"Feature","geometry":{"type":"Point","coordinates":[119.0,35.7]},"properties":{"region":3,"fire_occurred":0,"prediction":0.1009}},{"type":"Feature","geometry":{"type":"Point","coordinates":[119.0,35.9]},"properties":{"region":3,"fire_occurred":0,"prediction":0.1099}},{"type":"Feature","geometry":{"type":"Point","coordinates":[119.0,36.0]},"properties":{"region":3,"fire_occurred":0,"prediction":0.1384}},{"type":"Feature","geometry":{"type":"Point","coordinates":[119.0,40.5]},"properties":{"region":3,"fire_occurred":0,"prediction":0.1196}},{"type":"Feature","geometry":{"type":"Point","coordinates":[119.0,40.6]},"properties":{"region":3,"fire_occurred":0,"prediction":0.1374}},{"type":"Feature","geometry":{"type":"Point","coordinates":[119.0,40.7]},"properties":{"region":3,"fire_occurred":0,"prediction":0.1288}},{"type":"Feature","geometry":{"type":"Point","coordinates":[119.0,40.8]},"properties":{"region":3,"fire_occurred":0,"prediction":0.1034}},{"type":"Feature","geometry":{"type":"Point","coordinates":[119.0,41.3]},"properties":{"region":3,"fire_occurred":0,"prediction":0.1231}},{"type":"Feature","geometry":{"type":"Point","coordinates":[119.1,35.7]},"properties":{"region":3,"fire_occurred":0,"prediction":0.1114}},{"type":"Feature","geometry":{"type":"Point","coordinates":[119.1,35.8]},"properties":{"region":3,"fire_occurred":0,"prediction":0.1355}},{"type":"Feature","geometry":{"type":"Point","coordinates":[119.1,36.9]},"properties":{"region":3,"fire_occurred":0,"prediction":0.1316}},{"type":"Feature","geometry":{"type":"Point","coordinates":[119.1,40.5]},"properties":{"region":3,"fire_occurred":0,"prediction":0.1404}},{"type":"Feature","geometry":{"type":"Point","coordinates":[119.1,40.6]},"properties":{"region":3,"fire_occurred":0,"prediction":0.1266}},{"type":"Feature","geometry":{"type":"Point","coordinates":[119.1,40.7]},"properties":{"region":3,"fire_occurred":0,"prediction":0.1048}},{"type":"Feature","geometry":{"type":"Point","coordinates":[119.1,41.1]},"properties":{"region":3,"fire_occurred":0,"prediction":0.113}},{"type":"Feature","geometry":{"type":"Point","coordinates":[119.1,41.2]},"properties":{"region":3,"fire_occurred":0,"prediction":0.1067}},{"type":"Feature","geometry":{"type":"Point","coordinates":[119.2,35.6]},"properties":{"region":3,"fire_occurred":0,"prediction":0.1287}},{"type":"Feature","geometry":{"type":"Point","coordinates":[119.2,35.7]},"properties":{"region":3,"fire_occurred":0,"prediction":0.1394}},{"type":"Feature","geometry":{"type":"Point","coordinates":[119.2,36.1]},"properties":{"region":3,"fire_occurred":0,"prediction":0.1255}},{"type":"Feature","geometry":{"type":"Point","coordinates":[119.2,36.8]},"properties":{"region":3,"fire_occurred":0,"prediction":0.1148}},{"type":"Feature","geometry":{"type":"Point","coordinates":[119.2,41.1]},"properties":{"region":3,"fire_occurred":0,"prediction":0.1105}},{"type":"Feature","geometry":{"type":"Point","coordinates":[119.2,41.2]},"properties":{"region":3,"fire_occurred":0,"prediction":0.1672}},{"type":"Feature","geometry":{"type":"Point","coordinates":[119.3,27.8]},"properties":{"region":3,"fire_occurred":1,"prediction":0.012}},{"type":"Feature","geometry":{"type":"Point","coordinates":[119.3,29.2]},"properties":{"region":3,"fire_occurred":0,"prediction":0.1481}},{"type":"Feature","geometry":{"type":"Point","coordinates":[119.3,35.6]},"properties":{"region":3,"fire_occurred":0,"prediction":0.1239}},{"type":"Feature","geometry":{"type":"Point","coordinates":[119.3,35.7]},"properties":{"region":3,"fire_occurred":0,"prediction":0.1349}},{"type":"Feature","geometry":{"type":"Point","coordinates":[119.3,36.1]},"properties":{"region":3,"fire_occurred":0,"prediction":0.1371}},{"type":"Feature","geometry":{"type":"Point","coordinates":[119.3,36.2]},"properties":{"region":3,"fire_occurred":0,"prediction":0.1335}},{"type":"Feature","geometry":{"type":"Point","coordinates":[119.3,36.3]},"properties":{"region":3,"fire_occurred":0,"prediction":0.1581}},{"type":"Feature","geometry":{"type":"Point","coordinates":[119.4,29.2]},"properties":{"region":3,"fire_occurred":0,"prediction":0.115}},{"type":"Feature","geometry":{"type":"Point","coordinates":[119.4,35.6]},"properties":{"region":3,"fire_occurred":0,"prediction":0.1067}},{"type":"Feature","geometry":{"type":"Point","coordinates":[119.4,35.7]},"properties":{"region":3,"fire_occurred":0,"prediction":0.1125}},{"type":"Feature","geometry":{"type":"Point","coordinates":[119.4,35.8]},"properties":{"region":3,"fire_occurred":0,"prediction":0.1374}},{"type":"Feature","geometry":{"type":"Point","coordinates":[119.4,35.9]},"properties":{"region":3,"fire_occurred":0,"prediction":0.111}},{"type":"Feature","geometry":{"type":"Point","coordinates":[119.4,36.2]},"properties":{"region":3,"fire_occurred":0,"prediction":0.1034}},{"type":"Feature","geometry":{"type":"Point","coordinates":[119.4,39.9]},"properties":{"region":3,"fire_occurred":0,"prediction":0.1124}},{"type":"Feature","geometry":{"type":"Point","coordinates":[119.4,40.0]},"properties":{"region":3,"fire_occurred":0,"prediction":0.1359}},{"type":"Feature","geometry":{"type":"Point","coordinates":[119.5,29.1]},"properties":{"region":3,"fire_occurred":1,"prediction":0.069}},{"type":"Feature","geometry":{"type":"Point","coordinates":[119.5,32.6]},"properties":{"region":3,"fire_occurred":1,"prediction":0.0122}},{"type":"Feature","geometry":{"type":"Point","coordinates":[119.5,35.6]},"properties":{"region":3,"fire_occurred":0,"prediction":0.1113}},{"type":"Feature","geometry":{"type":"Point","coordinates":[119.5,35.7]},"properties":{"region":3,"fire_occurred":0,"prediction":0.1106}},{"type":"Feature","geometry":{"type":"Point","coordinates":[119.5,35.8]},"properties":{"region":3,"fire_occurred":0,"prediction":0.1393}},{"type":"Feature","geometry":{"type":"Point","coordinates":[119.5,36.8]},"properties":{"region":3,"fire_occurred":0,"prediction":0.1198}},{"type":"Feature","geometry":{"type":"Point","coordinates":[119.5,40.0]},"properties":{"region":3,"fire_occurred":0,"prediction":0.138}},{"type":"Feature","geometry":{"type":"Point","coordinates":[119.5,40.1]},"properties":{"region":3,"fire_occurred":0,"prediction":0.1274}},{"type":"Feature","geometry":{"type":"Point","coordinates":[119.5,41.3]},"properties":{"region":3,"fire_occurred":0,"prediction":0.1255}},{"type":"Feature","geometry":{"type":"Point","coordinates":[119.6,35.8]},"properties":{"region":3,"fire_occurred":0,"prediction":0.1195}},{"type":"Feature","geometry":{"type":"Point","coordinates":[119.6,36.1]},"properties":{"region":3,"fire_occurred":0,"prediction":0.1576}},{"type":"Feature","geometry":{"type":"Point","coordinates":[119.6,36.2]},"properties":{"region":3,"fire_occurred":0,"prediction":0.1485}},{"type":"Feature","geometry":{"type":"Point","coordinates":[119.6,39.9]},"properties":{"region":3,"fire_occurred":0,"prediction":0.1156}},{"type":"Feature","geometry":{"type":"Point","coordinates":[119.6,40.9]},"properties":{"region":3,"fire_occurred":0,"prediction":0.101}},{"type":"Feature","geometry":{"type":"Point","coordinates":[119.6,41.3]},"properties":{"region":3,"fire_occurred":0,"prediction":0.1028}},{"type":"Feature","geometry":{"type":"Point","coordinates":[119.6,41.4]},"properties":{"region":3,"fire_occurred":0,"prediction":0.1304}},{"type":"Feature","geometry":{"type":"Point","coordinates":[119.7,36.0]},"properties":{"region":3,"fire_occurred":0,"prediction":0.1187}},{"type":"Feature","geometry":{"type":"Point","coordinates":[119.7,36.1]},"properties":{"region":3,"fire_occurred":0,"prediction":0.127}},{"type":"Feature","geometry":{"type":"Point","coordinates":[119.7,36.2]},"properties":{"region":3,"fire_occurred":0,"prediction":0.117}},{"type":"Feature","geometry":{"type":"Point","coordinates":[119.7,36.4]},"properties":{"region":3,"fire_occurred":0,"prediction":0.1125}},{"type":"Feature","geometry":{"type":"Point","coordinates":[119.7,41.1]},"properties":{"region":3,"fire_occurred":0,"prediction":0.1077}},{"type":"Feature","geometry":{"type":"Point","coordinates":[119.8,28.5]},"properties":{"region":3,"fire_occurred":1,"prediction":0.0121}},{"type":"Feature","geometry":{"type":"Point","coordinates":[119.8,32.4]},"properties":{"region":3,"fire_occurred":1,"prediction":0.013}},{"type":"Feature","geometry":{"type":"Point","coordinates":[119.8,34.4]},"properties":{"region":3,"fire_occurred":0,"prediction":0.1023}},{"type":"Feature","geometry":{"type":"Point","coordinates":[119.8,35.7]},"properties":{"region":3,"fire_occurred":0,"prediction":0.1038}},{"type":"Feature","geometry":{"type":"Point","coordinates":[119.8,35.9]},"properties":{"region":3,"fire_occurred":0,"prediction":0.1117}},{"type":"Feature","geometry":{"type":"Point","coordinates":[119.8,36.0]},"properties":{"region":3,"fire_occurred":0,"prediction":0.1073}},{"type":"Feature","geometry":{"type":"Point","coordinates":[119.8,36.1]},"properties":{"region":3,"fire_occurred":0,"prediction":0.1217}},{"type":"Feature","geometry":{"type":"Point","coordinates":[119.8,36.2]},"properties":{"region":3,"fire_occurred":0,"prediction":0.118}},{"type":"Feature","geometry":{"type":"Point","coordinates":[119.8,41.1]},"properties":{"region":3,"fire_occurred":0,"prediction":0.1102}},{"type":"Feature","geometry":{"type":"Point","coordinates":[119.8,41.2]},"properties":{"region":3,"fire_occurred":0,"prediction":0.1242}},{"type":"Feature","geometry":{"type":"Point","coordinates":[119.9,36.7]},"properties":{"region":3,"fire_occurred":1,"prediction":0.0183}},{"type":"Feature","geometry":{"type":"Point","coordinates":[119.9,41.2]},"properties":{"region":3,"fire_occurred":0,"prediction":0.121}},{"type":"Feature","geometry":{"type":"Point","coordinates":[119.9,41.3]},"properties":{"region":3,"fire_occurred":0,"prediction":0.1391}},{"type":"Feature","geometry":{"type":"Point","coordinates":[120.0,41.2]},"properties":{"region":3,"fire_occurred":0,"prediction":0.1075}},{"type":"Feature","geometry":{"type":"Point","coordinates":[120.0,41.3]},"properties":{"region":3,"fire_occurred":0,"prediction":0.1355}},{"type":"Feature","geometry":{"type":"Point","coordinates":[120.0,41.4]},"properties":{"region":3,"fire_occurred":0,"prediction":0.1101}},{"type":"Feature","geometry":{"type":"Point","coordinates":[120.1,40.2]},"properties":{"region":3,"fire_occurred":0,"prediction":0.1034}},{"type":"Feature","geometry":{"type":"Point","coordinates":[120.1,40.5]},"properties":{"region":3,"fire_occurred":0,"prediction":0.149}},{"type":"Feature","geometry":{"type":"Point","coordinates":[120.1,40.6]},"properties":{"region":3,"fire_occurred":0,"prediction":0.1061}},{"type":"Feature","geometry":{"type":"Point","coordinates":[120.1,40.8]},"properties":{"region":3,"fire_occurred":0,"prediction":0.1006}},{"type":"Feature","geometry":{"type":"Point","coordinates":[120.1,41.3]},"properties":{"region":3,"fire_occurred":0,"prediction":0.1059}},{"type":"Feature","geometry":{"type":"Point","coordinates":[120.1,41.4]},"properties":{"region":3,"fire_occurred":0,"prediction":0.1115}},{"type":"Feature","geometry":{"type":"Point","coordinates":[120.2,40.5]},"properties":{"region":3,"fire_occurred":0,"prediction":0.1311}},{"type":"Feature","geometry":{"type":"Point","coordinates":[120.3,27.5]},"properties":{"region":3,"fire_occurred":1,"prediction":0.0199}},{"type":"Feature","geometry":{"type":"Point","coordinates":[120.3,27.7]},"properties":{"region":3,"fire_occurred":1,"prediction":0.0106}},{"type":"Feature","geometry":{"type":"Point","coordinates":[120.3,40.5]},"properties":{"region":3,"fire_occurred":0,"prediction":0.1276}},{"type":"Feature","geometry":{"type":"Point","coordinates":[120.4,40.4]},"properties":{"region":3,"fire_occurred":0,"prediction":0.1065}},{"type":"Feature","geometry":{"type":"Point","coordinates":[120.5,27.6]},"properties":{"region":3,"fire_occurred":1,"prediction":0.0225}},{"type":"Feature","geometry":{"type":"Point","coordinates":[120.6,41.0]},"properties":{"region":3,"fire_occurred":1,"prediction":0.0762}},{"type":"Feature","geometry":{"type":"Point","coordinates":[121.2,31.0]},"properties":{"region":3,"fire_occurred":1,"prediction":0.0011}},{"type":"Feature","geometry":{"type":"Point","coordinates":[121.6,41.1]},"properties":{"region":3,"fire_occurred":1,"prediction":0.0454}},{"type":"Feature","geometry":{"type":"Point","coordinates":[122.0,39.9]},"properties":{"region":3,"fire_occurred":0,"prediction":0.1084}},{"type":"Feature","geometry":{"type":"Point","coordinates":[122.0,41.4]},"properties":{"region":3,"fire_occurred":1,"prediction":0.0139}},{"type":"Feature","geometry":{"type":"Point","coordinates":[122.1,41.4]},"properties":{"region":3,"fire_occurred":1,"prediction":0.019}},{"type":"Feature","geometry":{"type":"Point","coordinates":[122.5,40.1]},"properties":{"region":3,"fire_occurred":0,"prediction":0.1334}},{"type":"Feature","geometry":{"type":"Point","coordinates":[122.8,41.4]},"properties":{"region":3,"fire_occurred":0,"prediction":0.1119}},{"type":"Feature","geometry":{"type":"Point","coordinates":[122.9,39.6]},"properties":{"region":3,"fire_occurred":0,"prediction":0.1629}},{"type":"Feature","geometry":{"type":"Point","coordinates":[122.9,41.1]},"properties":{"region":3,"fire_occurred":1,"prediction":0.0558}},{"type":"Feature","geometry":{"type":"Point","coordinates":[123.2,42.0]},"properties":{"region":3,"fire_occurred":0,"prediction":0.1439}},{"type":"Feature","geometry":{"type":"Point","coordinates":[123.2,42.1]},"properties":{"region":3,"fire_occurred":0,"prediction":0.1386}},{"type":"Feature","geometry":{"type":"Point","coordinates":[123.3,42.1]},"properties":{"region":3,"fire_occurred":0,"prediction":0.2631}},{"type":"Feature","geometry":{"type":"Point","coordinates":[123.3,42.2]},"properties":{"region":3,"fire_occurred":0,"prediction":0.103}},{"type":"Feature","geometry":{"type":"Point","coordinates":[123.3,42.3]},"properties":{"region":3,"fire_occurred":1,"prediction":0.0538}},{"type":"Feature","geometry":{"type":"Point","coordinates":[123.4,42.2]},"properties":{"region":3,"fire_occurred":0,"prediction":0.1295}},{"type":"Feature","geometry":{"type":"Point","coordinates":[123.4,42.9]},"properties":{"region":3,"fire_occurred":0,"prediction":0.1559}},{"type":"Feature","geometry":{"type":"Point","coordinates":[124.2,43.3]},"properties":{"region":3,"fire_occurred":0,"prediction":0.1108}},{"type":"Feature","geometry":{"type":"Point","coordinates":[124.6,43.8]},"properties":{"region":3,"fire_occurred":0,"prediction":0.1226}},{"type":"Feature","geometry":{"type":"Point","coordinates":[124.7,43.9]},"properties":{"region":3,"fire_occurred":0,"prediction":0.1685}},{"type":"Feature","geometry":{"type":"Point","coordinates":[124.8,43.9]},"properties":{"region":3,"fire_occurred":0,"prediction":0.17}},{"type":"Feature","geometry":{"type":"Point","coordinates":[125.5,43.6]},"properties":{"region":3,"fire_occurred":0,"prediction":0.1165}},{"type":"Feature","geometry":{"type":"Point","coordinates":[127.2,39.4]},"properties":{"region":3,"fire_occurred":0,"prediction":0.1001}},{"type":"Feature","geometry":{"type":"Point","coordinates":[128.1,38.6]},"properties":{"region":3,"fire_occurred":0,"prediction":0.138}},{"type":"Feature","geometry":{"type":"Point","coordinates":[128.6,38.1]},"properties":{"region":3,"fire_occurred":1,"prediction":0.0306}},{"type":"Feature","geometry":{"type":"Point","coordinates":[128.7,37.8]},"properties":{"region":3,"fire_occurred":0,"prediction":0.2212}},{"type":"Feature","geometry":{"type":"Point","coordinates":[128.8,37.7]},"properties":{"region":3,"fire_occurred":0,"prediction":0.1559}},{"type":"Feature","geometry":{"type":"Point","coordinates":[128.8,37.8]},"properties":{"region":3,"fire_occurred":0,"prediction":0.1075}},{"type":"Feature","geometry":{"type":"Point","coordinates":[129.3,36.7]},"properties":{"region":3,"fire_occurred":0,"prediction":0.2279}},{"type":"Feature","geometry":{"type":"Point","coordinates":[131.5,47.9]},"properties":{"region":3,"fire_occurred":1,"prediction":0.0032}},{"type":"Feature","geometry":{"type":"Point","coordinates":[141.5,40.5]},"properties":{"region":3,"fire_occurred":0,"prediction":0.356}},{"type":"Feature","geometry":{"type":"Point","coordinates":[142.1,-36.3]},"properties":{"region":3,"fire_occurred":1,"prediction":0.0004}},{"type":"Feature","geometry":{"type":"Point","coordinates":[144.1,-37.5]},"properties":{"region":3,"fire_occurred":0,"prediction":0.6577}},{"type":"Feature","geometry":{"type":"Point","coordinates":[144.7,-37.9]},"properties":{"region":3,"fire_occurred":1,"prediction":0.0035}},{"type":"Feature","geometry":{"type":"Point","coordinates":[144.9,-36.1]},"properties":{"region":3,"fire_occurred":1,"prediction":0.0009}},{"type":"Feature","geometry":{"type":"Point","coordinates":[145.2,-37.5]},"properties":{"region":3,"fire_occurred":1,"prediction":0.0009}},{"type":"Feature","geometry":{"type":"Point","coordinates":[149.4,-35.4]},"properties":{"region":3,"fire_occurred":1,"prediction":0.0007}},{"type":"Feature","geometry":{"type":"Point","coordinates":[151.3,-30.2]},"properties":{"region":3,"fire_occurred":1,"prediction":0.0005}},{"type":"Feature","geometry":{"type":"Point","coordinates":[171.6,-44.1]},"properties":{"region":3,"fire_occurred":1,"prediction":0.0018}},{"type":"Feature","geometry":{"type":"Point","coordinates":[171.8,-43.8]},"properties":{"region":3,"fire_occurred":1,"prediction":0.0085}},{"type":"Feature","geometry":{"type":"Point","coordinates":[171.9,-43.8]},"properties":{"region":3,"fire_occurred":1,"prediction":0.0069}},{"type":"Feature","geometry":{"type":"Point","coordinates":[172.2,-43.8]},"properties":{"region":3,"fire_occurred":1,"prediction":0.0032}},{"type":"Feature","geometry":{"type":"Point","coordinates":[72.7,40.5]},"properties":{"region":4,"fire_occurred":0,"prediction":0.1083}},{"type":"Feature","geometry":{"type":"Point","coordinates":[72.7,40.6]},"properties":{"region":4,"fire_occurred":0,"prediction":0.1176}},{"type":"Feature","geometry":{"type":"Point","coordinates":[72.7,40.7]},"properties":{"region":4,"fire_occurred":0,"prediction":0.1037}},{"type":"Feature","geometry":{"type":"Point","coordinates":[72.8,40.5]},"properties":{"region":4,"fire_occurred":0,"prediction":0.1179}},{"type":"Feature","geometry":{"type":"Point","coordinates":[72.8,40.6]},"properties":{"region":4,"fire_occurred":0,"prediction":0.12}},{"type":"Feature","geometry":{"type":"Point","coordinates":[72.9,40.7]},"properties":{"region":4,"fire_occurred":0,"prediction":0.2196}},{"type":"Feature","geometry":{"type":"Point","coordinates":[73.0,40.5]},"properties":{"region":4,"fire_occurred":0,"prediction":0.118}},{"type":"Feature","geometry":{"type":"Point","coordinates":[73.1,40.6]},"properties":{"region":4,"fire_occurred":0,"prediction":0.1033}},{"type":"Feature","geometry":{"type":"Point","coordinates":[102.2,38.4]},"properties":{"region":4,"fire_occurred":0,"prediction":0.1882}},{"type":"Feature","geometry":{"type":"Point","coordinates":[102.7,35.7]},"properties":{"region":4,"fire_occurred":1,"prediction":0.0112}},{"type":"Feature","geometry":{"type":"Point","coordinates":[103.3,36.6]},"properties":{"region":4,"fire_occurred":0,"prediction":0.1609}},{"type":"Feature","geometry":{"type":"Point","coordinates":[-69.2,-33.4]},"properties":{"region":5,"fire_occurred":0,"prediction":0.1239}},{"type":"Feature","geometry":{"type":"Point","coordinates":[-65.2,-24.4]},"properties":{"region":5,"fire_occurred":0,"prediction":0.1126}},{"type":"Feature","geometry":{"type":"Point","coordinates":[98.2,39.8]},"properties":{"region":5,"fire_occurred":0,"prediction":0.5822}}]}