{"type":"FeatureCollection","features":[{"type":"Feature","geometry":{"type":"Point","coordinates":[-105.0,20.1]},"properties":{"region":1,"fire_occurred":0,"prediction":0.1205}},{"type":"Feature","geometry":{"type":"Point","coordinates":[-105.0,20.5]},"properties":{"region":1,"fire_occurred":1,"prediction":0.032}},{"type":"Feature","geometry":{"type":"Point","coordinates":[-105.0,20.8]},"properties":{"region":1,"fire_occurred":1,"prediction":0.1615}},{"type":"Feature","geometry":{"type":"Point","coordinates":[-105.0,21.4]},"properties":{"region":1,"fire_occurred":0,"prediction":0.1068}},{"type":"Feature","geometry":{"type":"Point","coordinates":[-105.0,21.5]},"properties":{"region":1,"fire_occurred":0,"prediction":0.1085}},{"type":"Feature","geometry":{"type":"Point","coordinates":[-105.0,22.1]},"properties":{"region":1,"fire_occurred":0,"prediction":0.1103}},{"type":"Feature","geometry":{"type":"Point","coordinates":[-104.9,20.8]},"properties":{"region":1,"fire_occurred":0,"prediction":0.1121}},{"type":"Feature","geometry":{"type":"Point","coordinates":[-104.9,20.9]},"properties":{"region":1,"fire_occurred":0,"prediction":0.1295}},{"type":"Feature","geometry":{"type":"Point","coordinates":[-104.9,21.1]},"properties":{"region":1,"fire_occurred":0,"prediction":0.126}},{"type":"Feature","geometry":{"type":"Point","coordinates":[-104.9,21.3]},"properties":{"region":1,"fire_occurred":0,"prediction":0.111}},{"type":"Feature","geometry":{"type":"Point","coordinates":[-104.9,21.4]},"properties":{"region":1,"fire_occurred":0,"prediction":0.1101}},{"type":"Feature","geometry":{"type":"Point","coordinates":[-104.9,22.8]},"properties":{"region":1,"fire_occurred":0,"prediction":0.2913}},{"type":"Feature","geometry":{"type":"Point","coordinates":[-104.8,20.8]},"properties":{"region":1,"fire_occurred":0,"prediction":0.146}},{"type":"Feature","geometry":{"type":"Point","coordinates":[-104.7,20.8]},"properties":{"region":1,"fire_occurred":0,"prediction":0.1802}},{"type":"Feature","geometry":{"type":"Point","coordinates":[-104.7,21.1]},"properties":{"region":1,"fire_occurred":0,"prediction":0.123}},{"type":"Feature","geometry":{"type":"Point","coordinates":[-104.7,21.6]},"properties":{"region":1,"fire_occurred":0,"prediction":0.1017}},{"type":"Feature","geometry":{"type":"Point","coordinates":[-104.4,22.2]},"properties":{"region":1,"fire_occurred":1,"prediction":0.0326}},{"type":"Feature","geometry":{"type":"Point","coordinates":[-104.3,20.6]},"properties":{"region":1,"fire_occurred":1,"prediction":0.0224}},{"type":"Feature","geometry":{"type":"Point","coordinates":[-104.3,21.3]},"properties":{"region":1,"fire_occurred":0,"prediction":0.28}},{"type":"Feature","geometry":{"type":"Point","coordinates":[-104.2,21.1]},"properties":{"region":1,"fire_occurred":0,"prediction":0.1056}},{"type":"Feature","geometry":{"type":"Point","coordinates":[-104.1,20.6]},"properties":{"region":1,"fire_occurred":0,"prediction":0.1127}},{"type":"Feature","geometry":{"type":"Point","coordinates":[-104.0,19.1]},"properties":{"region":1,"fire_occurred":0,"prediction":0.143}},{"type":"Feature","geometry":{"type":"Point","coordinates":[-103.8,20.9]},"properties":{"region":1,"fire_occurred":0,"prediction":0.1048}},{"type":"Feature","geometry":{"type":"Point","coordinates":[-103.0,20.8]},"properties":{"region":1,"fire_occurred":1,"prediction":0.0307}},{"type":"Feature","geometry":{"type":"Point","coordinates":[-102.9,19.5]},"properties":{"region":1,"fire_occurred":0,"prediction":0.1079}},{"type":"Feature","geometry":{"type":"Point","coordinates":[-102.5,20.1]},"properties":{"region":1,"fire_occurred":1,"prediction":0.039}},{"type":"Feature","geometry":{"type":"Point","coordinates":[-102.5,20.3]},"properties":{"region":1,"fire_occurred":0,"prediction":0.1743}},{"type":"Feature","geometry":{"type":"Point","coordinates":[-102.4,20.2]},"properties":{"region":1,"fire_occurred":1,"prediction":0.0555}},{"type":"Feature","geometry":{"type":"Point","coordinates":[-102.3,20.2]},"properties":{"region":1,"fire_occurred":1,"prediction":0.0155}},{"type":"Feature","geometry":{"type":"Point","coordinates":[-102.0,18.0]},"properties":{"region":1,"fire_occurred":1,"prediction":0.0494}},{"type":"Feature","geometry":{"type":"Point","coordinates":[-101.9,18.0]},"properties":{"region":1,"fire_occurred":1,"prediction":0.0898}},{"type":"Feature","geometry":{"type":"Point","coordinates":[-101.9,18.1]},"properties":{"region":1,"fire_occurred":0,"prediction":0.1028}},{"type":"Feature","geometry":{"type":"Point","coordinates":[-101.9,20.1]},"properties":{"region":1,"fire_occurred":1,"prediction":0.0157}},{"type":"Feature","geometry":{"type":"Point","coordinates":[-101.9,20.2]},"properties":{"region":1,"fire_occurred":1,"prediction":0.0457}},{"type":"Feature","geometry":{"type":"Point","coordinates":[-101.9,20.3]},"properties":{"region":1,"fire_occurred":0,"prediction":0.1072}},{"type":"Feature","geometry":{"type":"Point","coordinates":[-101.7,18.0]},"properties":{"region":1,"fire_occurred":1,"prediction":0.0394}},{"type":"Feature","geometry":{"type":"Point","coordinates":[-101.7,18.2]},"properties":{"region":1,"fire_occurred":1,"prediction":0.0538}},{"type":"Feature","geometry":{"type":"Point","coordinates":[-101.7,20.3]},"properties":{"region":1,"fire_occurred":1,"prediction":0.0057}},{"type":"Feature","geometry":{"type":"Point","coordinates":[-101.6,18.4]},"properties":{"region":1,"fire_occurred":0,"prediction":0.1414}},{"type":"Feature","geometry":{"type":"Point","coordinates":[-101.6,20.3]},"properties":{"region":1,"fire_occurred":1,"prediction":0.0037}},{"type":"Feature","geometry":{"type":"Point","coordinates":[-101.3,18.4]},"properties":{"region":1,"fire_occurred":0,"prediction":0.1203}},{"type":"Feature","geometry":{"type":"Point","coordinates":[-101.2,18.6]},"properties":{"region":1,"fire_occurred":1,"prediction":0.0093}},{"type":"Feature","geometry":{"type":"Point","coordinates":[-101.2,18.8]},"properties":{"region":1,"fire_occurred":1,"prediction":0.0148}},{"type":"Feature","geometry":{"type":"Point","coordinates":[-101.1,18.6]},"properties":{"region":1,"fire_occurred":1,"prediction":0.0141}},{"type":"Feature","geometry":{"type":"Point","coordinates":[-101.1,18.8]},"properties":{"region":1,"fire_occurred":1,"prediction":0.0318}},{"type":"Feature","geometry":{"type":"Point","coordinates":[-101.0,18.0]},"properties":{"region":1,"fire_occurred":1,"prediction":0.1094}},{"type":"Feature","geometry":{"type":"Point","coordinates":[-101.0,18.1]},"properties":{"region":1,"fire_occurred":1,"prediction":0.1484}},{"type":"Feature","geometry":{"type":"Point","coordinates":[-101.0,20.2]},"properties":{"region":1,"fire_occurred":1,"prediction":0.0114}},{"type":"Feature","geometry":{"type":"Point","coordinates":[-100.9,18.6]},"properties":{"region":1,"fire_occurred":0,"prediction":0.1641}},{"type":"Feature","geometry":{"type":"Point","coordinates":[-100.8,18.5]},"properties":{"region":1,"fire_occurred":1,"prediction":0.0773}},{"type":"Feature","geometry":{"type":"Point","coordinates":[-100.7,18.5]},"properties":{"region":1,"fire_occurred":1,"prediction":0.0273}},{"type":"Feature","geometry":{"type":"Point","coordinates":[-100.6,18.3]},"properties":{"region":1,"fire_occurred":1,"prediction":0.0141}},{"type":"Feature","geometry":{"type":"Point","coordinates":[-100.5,18.3]},"properties":{"region":1,"fire_occurred":1,"prediction":0.0165}},{"type":"Feature","geometry":{"type":"Point","coordinates":[-100.5,18.6]},"properties":{"region":1,"fire_occurred":0,"prediction":0.1213}},{"type":"Feature","geometry":{"type":"Point","coordinates":[-100.3,18.7]},"properties":{"region":1,"fire_occurred":1,"prediction":0.0585}},{"type":"Feature","geometry":{"type":"Point","coordinates":[-100.3,18.8]},"properties":{"region":1,"fire_occurred":1,"prediction":0.0343}},{"type":"Feature","geometry":{"type":"Point","coordinates":[-99.8,17.1]},"properties":{"region":1,"fire_occurred":0,"prediction":0.1221}},{"type":"Feature","geometry":{"type":"Point","coordinates":[-99.7,17.2]},"properties":{"region":1,"fire_occurred":0,"prediction":0.172}},{"type":"Feature","geometry":{"type":"Point","coordinates":[-99.3,17.1]},"properties":{"region":1,"fire_occurred":0,"prediction":0.1238}},{"type":"Feature","geometry":{"type":"Point","coordinates":[-99.3,20.0]},"properties":{"region":1,"fire_occurred":0,"prediction":0.1311}},{"type":"Feature","geometry":{"type":"Point","coordinates":[-98.9,23.0]},"properties":{"region":1,"fire_occurred":1,"prediction":0.0045}},{"type":"Feature","geometry":{"type":"Point","coordinates":[-98.5,23.1]},"properties":{"region":1,"fire_occurred":1,"prediction":0.0119}},{"type":"Feature","geometry":{"type":"Point","coordinates":[-97.0,16.0]},"properties":{"region":1,"fire_occurred":1,"prediction":0.0695}},{"type":"Feature","geometry":{"type":"Point","coordinates":[-96.4,16.2]},"properties":{"region":1,"fire_occurred":0,"prediction":0.1001}},{"type":"Feature","geometry":{"type":"Point","coordinates":[-96.1,16.4]},"properties":{"region":1,"fire_occurred":0,"prediction":0.1023}},{"type":"Feature","geometry":{"type":"Point","coordinates":[-96.0,16.1]},"properties":{"region":1,"fire_occurred":0,"prediction":0.1143}},{"type":"Feature","geometry":{"type":"Point","coordinates":[-96.0,16.9]},"properties":{"region":1,"fire_occurred":0,"prediction":0.2097}},{"type":"Feature","geometry":{"type":"Point","coordinates":[-95.9,16.0]},"properties":{"region":1,"fire_occurred":1,"prediction":0.2289}},{"type":"Feature","geometry":{"type":"Point","coordinates":[-95.9,16.9]},"properties":{"region":1,"fire_occurred":1,"prediction":0.0099}},{"type":"Feature","geometry":{"type":"Point","coordinates":[-95.9,18.4]},"properties":{"region":1,"fire_occurred":1,"prediction":0.0245}},{"type":"Feature","geometry":{"type":"Point","coordinates":[-95.8,16.0]},"properties":{"region":1,"fire_occurred":1,"prediction":0.157}},{"type":"Feature","geometry":{"type":"Point","coordinates":[-95.8,16.8]},"properties":{"region":1,"fire_occurred":0,"prediction":0.1671}},{"type":"Feature","geometry":{"type":"Point","coordinates":[-95.7,16.9]},"properties":{"region":1,"fire_occurred":0,"prediction":0.2443}},{"type":"Feature","geometry":{"type":"Point","coordinates":[-95.7,18.4]},"properties":{"region":1,"fire_occurred":1,"prediction":0.0166}},{"type":"Feature","geometry":{"type":"Point","coordinates":[-95.6,16.7]},"properties":{"region":1,"fire_occurred":0,"prediction":0.1291}},{"type":"Feature","geometry":{"type":"Point","coordinates":[-95.6,16.9]},"properties":{"region":1,"fire_occurred":0,"prediction":0.1885}},{"type":"Feature","geometry":{"type":"Point","coordinates":[-95.5,18.4]},"properties":{"region":1,"fire_occurred":1,"prediction":0.008}},{"type":"Feature","geometry":{"type":"Point","coordinates":[-95.4,16.6]},"properties":{"region":1,"fire_occurred":1,"prediction":0.1348}},{"type":"Feature","geometry":{"type":"Point","coordinates":[-95.4,16.7]},"properties":{"region":1,"fire_occurred":0,"prediction":0.3008}},{"type":"Feature","geometry":{"type":"Point","coordinates":[-95.3,16.6]},"properties":{"region":1,"fire_occurred":1,"prediction":0.0987}},{"type":"Feature","geometry":{"type":"Point","coordinates":[-95.3,16.7]},"properties":{"region":1,"fire_occurred":0,"prediction":0.2239}},{"type":"Feature","geometry":{"type":"Point","coordinates":[-95.2,16.2]},"properties":{"region":1,"fire_occurred":0,"prediction":0.1626}},{"type":"Feature","geometry":{"type":"Point","coordinates":[-95.2,16.7]},"properties":{"region":1,"fire_occurred":0,"prediction":0.2208}},{"type":"Feature","geometry":{"type":"Point","coordinates":[-95.1,16.5]},"properties":{"region":1,"fire_occurred":1,"prediction":0.0358}},{"type":"Feature","geometry":{"type":"Point","coordinates":[-95.1,16.7]},"properties":{"region":1,"fire_occurred":0,"prediction":0.1819}},{"type":"Feature","geometry":{"type":"Point","coordinates":[-95.0,16.7]},"properties":{"region":1,"fire_occurred":0,"prediction":0.1342}},{"type":"Feature","geometry":{"type":"Point","coordinates":[-94.9,16.6]},"properties":{"region":1,"fire_occurred":0,"prediction":0.2034}},{"type":"Feature","geometry":{"type":"Point","coordinates":[-94.9,16.7]},"properties":{"region":1,"fire_occurred":0,"prediction":0.1255}},{"type":"Feature","geometry":{"type":"Point","coordinates":[-94.8,16.4]},"properties":{"region":1,"fire_occurred":1,"prediction":0.0332}},{"type":"Feature","geometry":{"type":"Point","coordinates":[-94.8,16.6]},"properties":{"region":1,"fire_occurred":1,"prediction":0.2036}},{"type":"Feature","geometry":{"type":"Point","coordinates":[-94.8,16.7]},"properties":{"region":1,"fire_occurred":1,"prediction":0.0433}},{"type":"Feature","geometry":{"type":"Point","coordinates":[-94.7,16.5]},"properties":{"region":1,"fire_occurred":0,"prediction":0.1059}},{"type":"Feature","geometry":{"type":"Point","coordinates":[-94.7,16.6]},"properties":{"region":1,"fire_occurred":0,"prediction":0.1478}},{"type":"Feature","geometry":{"type":"Point","coordinates":[-94.5,16.3]},"properties":{"region":1,"fire_occurred":0,"prediction":0.139}},{"type":"Feature","geometry":{"type":"Point","coordinates":[-94.5,16.4]},"properties":{"region":1,"fire_occurred":0,"prediction":0.1292}},{"type":"Feature","geometry":{"type":"Point","coordinates":[-94.5,16.5]},"properties":{"region":1,"fire_occurred":0,"prediction":0.2127}},{"type":"Feature","geometry":{"type":"Point","coordinates":[-94.4,16.3]},"properties":{"region":1,"fire_occurred":0,"prediction":0.1026}},{"type":"Feature","geometry":{"type":"Point","coordinates":[-94.4,16.4]},"properties":{"region":1,"fire_occurred":0,"prediction":0.193}},{"type":"Feature","geometry":{"type":"Point","coordinates":[-94.4,16.5]},"properties":{"region":1,"fire_occurred":0,"prediction":0.249}},{"type":"Feature","geometry":{"type":"Point","coordinates":[-94.2,16.3]},"properties":{"region":1,"fire_occurred":0,"prediction":0.2143}},{"type":"Feature","geometry":{"type":"Point","coordinates":[-94.2,16.4]},"properties":{"region":1,"fire_occurred":0,"prediction":0.1811}},{"type":"Feature","geometry":{"type":"Point","coordinates":[-94.1,16.2]},"properties":{"region":1,"fire_occurred":0,"prediction":0.1372}},{"type":"Feature","geometry":{"type":"Point","coordinates":[-94.1,16.3]},"properties":{"region":1,"fire_occurred":0,"prediction":0.1281}},{"type":"Feature","geometry":{"type":"Point","coordinates":[-94.1,16.4]},"properties":{"region":1,"fire_occurred":0,"prediction":0.1088}},{"type":"Feature","geometry":{"type":"Point","coordinates":[-94.1,16.5]},"properties":{"region":1,"fire_occurred":0,"prediction":0.1197}},{"type":"Feature","geometry":{"type":"Point","coordinates":[-94.1,18.0]},"properties":{"region":1,"fire_occurred":1,"prediction":0.5782}},{"type":"Feature","geometry":{"type":"Point","coordinates":[-93.6,17.9]},"properties":{"region":1,"fire_occurred":0,"prediction":0.591}},{"type":"Feature","geometry":{"type":"Point","coordinates":[-93.2,17.8]},"properties":{"region":1,"fire_occurred":1,"prediction":0.769}},{"type":"Feature","geometry":{"type":"Point","coordinates":[-93.2,17.9]},"properties":{"region":1,"fire_occurred":0,"prediction":0.6749}},{"type":"Feature","geometry":{"type":"Point","coordinates":[-93.0,16.6]},"properties":{"region":1,"fire_occurred":1,"prediction":0.0217}},{"type":"Feature","geometry":{"type":"Point","coordinates":[-92.8,16.0]},"properties":{"region":1,"fire_occurred":1,"prediction":0.0189}},{"type":"Feature","geometry":{"type":"Point","coordinates":[-92.8,17.1]},"properties":{"region":1,"fire_occurred":0,"prediction":0.1103}},{"type":"Feature","geometry":{"type":"Point","coordinates":[-92.7,17.2]},"properties":{"region":1,"fire_occurred":0,"prediction":0.1205}},{"type":"Feature","geometry":{"type":"Point","coordinates":[-92.6,16.0]},"properties":{"region":1,"fire_occurred":0,"prediction":0.1063}},{"type":"Feature","geometry":{"type":"Point","coordinates":[-92.6,16.1]},"properties":{"region":1,"fire_occurred":1,"prediction":0.0175}},{"type":"Feature","geometry":{"type":"Point","coordinates":[-92.5,17.8]},"properties":{"region":1,"fire_occurred":1,"prediction":0.4669}},{"type":"Feature","geometry":{"type":"Point","coordinates":[-92.5,18.2]},"properties":{"region":1,"fire_occurred":1,"prediction":0.016}},{"type":"Feature","geometry":{"type":"Point","coordinates":[-92.4,16.2]},"properties":{"region":1,"fire_occurred":1,"prediction":0.0042}},{"type":"Feature","geometry":{"type":"Point","coordinates":[-92.2,16.0]},"properties":{"region":1,"fire_occurred":1,"prediction":0.0227}},{"type":"Feature","geometry":{"type":"Point","coordinates":[-92.2,16.1]},"properties":{"region":1,"fire_occurred":0,"prediction":0.1218}},{"type":"Feature","geometry":{"type":"Point","coordinates":[-92.2,17.6]},"properties":{"region":1,"fire_occurred":0,"prediction":0.1062}},{"type":"Feature","geometry":{"type":"Point","coordinates":[-92.0,15.7]},"properties":{"region":1,"fire_occurred":0,"prediction":0.1626}},{"type":"Feature","geometry":{"type":"Point","coordinates":[-91.9,16.9]},"properties":{"region":1,"fire_occurred":0,"prediction":0.1246}},{"type":"Feature","geometry":{"type":"Point","coordinates":[-91.8,15.7]},"properties":{"region":1,"fire_occurred":1,"prediction":0.0293}},{"type":"Feature","geometry":{"type":"Point","coordinates":[-91.8,16.6]},"properties":{"region":1,"fire_occurred":0,"prediction":0.1323}},{"type":"Feature","geometry":{"type":"Point","coordinates":[-91.4,15.3]},"properties":{"region":1,"fire_occurred":1,"prediction":0.0014}},{"type":"Feature","geometry":{"type":"Point","coordinates":[-91.0,18.8]},"properties":{"region":1,"fire_occurred":0,"prediction":0.2115}},{"type":"Feature","geometry":{"type":"Point","coordinates":[-91.0,18.9]},"properties":{"region":1,"fire_occurred":0,"prediction":0.1344}},{"type":"Feature","geometry":{"type":"Point","coordinates":[-90.9,18.5]},"properties":{"region":1,"fire_occurred":0,"prediction":0.1579}},{"type":"Feature","geometry":{"type":"Point","coordinates":[-90.9,19.0]},"properties":{"region":1,"fire_occurred":0,"prediction":0.1016}},{"type":"Feature","geometry":{"type":"Point","coordinates":[-90.8,18.5]},"properties":{"region":1,"fire_occurred":0,"prediction":0.1292}},{"type":"Feature","geometry":{"type":"Point","coordinates":[-90.8,19.0]},"properties":{"region":1,"fire_occurred":0,"prediction":0.1085}},{"type":"Feature","geometry":{"type":"Point","coordinates":[-90.5,19.2]},"properties":{"region":1,"fire_occurred":0,"prediction":0.1623}},{"type":"Feature","geometry":{"type":"Point","coordinates":[-90.2,14.0]},"properties":{"region":1,"fire_occurred":1,"prediction":0.0172}},{"type":"Feature","geometry":{"type":"Point","coordinates":[-89.8,14.3]},"properties":{"region":1,"fire_occurred":1,"prediction":0.0014}},{"type":"Feature","geometry":{"type":"Point","coordinates":[-89.8,16.7]},"properties":{"region":1,"fire_occurred":1,"prediction":0.0303}},{"type":"Feature","geometry":{"type":"Point","coordinates":[-89.6,16.7]},"properties":{"region":1,"fire_occurred":0,"prediction":0.1186}},{"type":"Feature","geometry":{"type":"Point","coordinates":[-89.6,17.0]},"properties":{"region":1,"fire_occurred":1,"prediction":0.0563}},{"type":"Feature","geometry":{"type":"Point","coordinates":[-89.3,16.5]},"properties":{"region":1,"fire_occurred":1,"prediction":0.0246}},{"type":"Feature","geometry":{"type":"Point","coordinates":[-89.2,14.1]},"properties":{"region":1,"fire_occurred":0,"prediction":0.1073}},{"type":"Feature","geometry":{"type":"Point","coordinates":[-89.2,14.2]},"properties":{"region":1,"fire_occurred":0,"prediction":0.176}},{"type":"Feature","geometry":{"type":"Point","coordinates":[-89.2,17.0]},"properties":{"region":1,"fire_occurred":1,"prediction":0.0177}},{"type":"Feature","geometry":{"type":"Point","coordinates":[-89.1,14.1]},"properties":{"region":1,"fire_occurred":0,"prediction":0.1038}},{"type":"Feature","geometry":{"type":"Point","coordinates":[-89.1,14.2]},"properties":{"region":1,"fire_occurred":0,"prediction":0.1136}},{"type":"Feature","geometry":{"type":"Point","coordinates":[-89.0,21.2]},"properties":{"region":1,"fire_occurred":0,"prediction":0.1077}},{"type":"Feature","geometry":{"type":"Point","coordinates":[-88.7,14.1]},"properties":{"region":1,"fire_occurred":0,"prediction":0.1094}},{"type":"Feature","geometry":{"type":"Point","coordinates":[-88.7,14.3]},"properties":{"region":1,"fire_occurred":1,"prediction":0.0908}},{"type":"Feature","geometry":{"type":"Point","coordinates":[-88.7,14.8]},"properties":{"region":1,"fire_occurred":1,"prediction":0.0266}},{"type":"Feature","geometry":{"type":"Point","coordinates":[-88.6,14.1]},"properties":{"region":1,"fire_occurred":0,"prediction":0.1194}},{"type":"Feature","geometry":{"type":"Point","coordinates":[-88.6,17.7]},"properties":{"region":1,"fire_occurred":1,"prediction":0.0736}},{"type":"Feature","geometry":{"type":"Point","coordinates":[-88.5,14.0]},"properties":{"region":1,"fire_occurred":0,"prediction":0.1132}},{"type":"Feature","geometry":{"type":"Point","coordinates":[-88.4,14.0]},"properties":{"region":1,"fire_occurred":0,"prediction":0.2077}},{"type":"Feature","geometry":{"type":"Point","coordinates":[-88.3,14.0]},"properties":{"region":1,"fire_occurred":0,"prediction":0.1194}},{"type":"Feature","geometry":{"type":"Point","coordinates":[-88.3,15.1]},"properties":{"region":1,"fire_occurred":0,"prediction":0.1088}},{"type":"Feature","geometry":{"type":"Point","coordinates":[-88.3,18.0]},"properties":{"region":1,"fire_occurred":1,"prediction":0.0432}},{"type":"Feature","geometry":{"type":"Point","coordinates":[-88.2,14.0]},"properties":{"region":1,"fire_occurred":0,"prediction":0.1243}},{"type":"Feature","geometry":{"type":"Point","coordinates":[-88.2,14.4]},"properties":{"region":1,"fire_occurred":0,"prediction":0.1439}},{"type":"Feature","geometry":{"type":"Point","coordinates":[-88.2,14.5]},"properties":{"region":1,"fire_occurred":0,"prediction":0.1322}},{"type":"Feature","geometry":{"type":"Point","coordinates":[-88.2,14.6]},"properties":{"region":1,"fire_occurred":0,"prediction":0.1755}},{"type":"Feature","geometry":{"type":"Point","coordinates":[-88.2,15.1]},"properties":{"region":1,"fire_occurred":0,"prediction":0.1769}},{"type":"Feature","geometry":{"type":"Point","coordinates":[-88.2,21.3]},"properties":{"region":1,"fire_occurred":0,"prediction":0.2159}},{"type":"Feature","geometry":{"type":"Point","coordinates":[-88.1,14.0]},"properties":{"region":1,"fire_occurred":0,"prediction":0.1468}},{"type":"Feature","geometry":{"type":"Point","coordinates":[-88.1,14.5]},"properties":{"region":1,"fire_occurred":0,"prediction":0.1046}},{"type":"Feature","geometry":{"type":"Point","coordinates":[-88.1,15.1]},"properties":{"region":1,"fire_occurred":0,"prediction":0.1346}},{"type":"Feature","geometry":{"type":"Point","coordinates":[-88.1,20.4]},"properties":{"region":1,"fire_occurred":1,"prediction":0.0244}},{"type":"Feature","geometry":{"type":"Point","coordinates":[-88.1,21.2]},"properties":{"region":1,"fire_occurred":1,"prediction":0.1031}},{"type":"Feature","geometry":{"type":"Point","coordinates":[-88.1,21.3]},"properties":{"region":1,"fire_occurred":0,"prediction":0.2621}},{"type":"Feature","geometry":{"type":"Point","coordinates":[-88.0,14.3]},"properties":{"region":1,"fire_occurred":0,"prediction":0.2697}},{"type":"Feature","geometry":{"type":"Point","coordinates":[-88.0,14.4]},"properties":{"region":1,"fire_occurred":0,"prediction":0.1819}},{"type":"Feature","geometry":{"type":"Point","coordinates":[-88.0,14.6]},"properties":{"region":1,"fire_occurred":0,"prediction":0.1739}},{"type":"Feature","geometry":{"type":"Point","coordinates":[-88.0,14.7]},"properties":{"region":1,"fire_occurred":0,"prediction":0.1384}},{"type":"Feature","geometry":{"type":"Point","coordinates":[-88.0,15.0]},"properties":{"region":1,"fire_occurred":0,"prediction":0.1229}},{"type":"Feature","geometry":{"type":"Point","coordinates":[-88.0,21.4]},"properties":{"region":1,"fire_occurred":0,"prediction":0.1497}},{"type":"Feature","geometry":{"type":"Point","coordinates":[-87.9,14.1]},"properties":{"region":1,"fire_occurred":0,"prediction":0.146}},{"type":"Feature","geometry":{"type":"Point","coordinates":[-87.9,14.2]},"properties":{"region":1,"fire_occurred":0,"prediction":0.1528}},{"type":"Feature","geometry":{"type":"Point","coordinates":[-87.9,14.3]},"properties":{"region":1,"fire_occurred":0,"prediction":0.1139}},{"type":"Feature","geometry":{"type":"Point","coordinates":[-87.9,14.5]},"properties":{"region":1,"fire_occurred":0,"prediction":0.2482}},{"type":"Feature","geometry":{"type":"Point","coordinates":[-87.9,14.9]},"properties":{"region":1,"fire_occurred":0,"prediction":0.1341}},{"type":"Feature","geometry":{"type":"Point","coordinates":[-87.9,15.0]},"properties":{"region":1,"fire_occurred":0,"prediction":0.1161}},{"type":"Feature","geometry":{"type":"Point","coordinates":[-87.8,14.1]},"properties":{"region":1,"fire_occurred":0,"prediction":0.1655}},{"type":"Feature","geometry":{"type":"Point","coordinates":[-87.8,14.2]},"properties":{"region":1,"fire_occurred":0,"prediction":0.304}},{"type":"Feature","geometry":{"type":"Point","coordinates":[-87.8,14.3]},"properties":{"region":1,"fire_occurred":0,"prediction":0.1069}},{"type":"Feature","geometry":{"type":"Point","coordinates":[-87.8,14.4]},"properties":{"region":1,"fire_occurred":0,"prediction":0.1827}},{"type":"Feature","geometry":{"type":"Point","coordinates":[-87.8,14.5]},"properties":{"region":1,"fire_occurred":0,"prediction":0.2143}},{"type":"Feature","geometry":{"type":"Point","coordinates":[-87.7,14.0]},"properties":{"region":1,"fire_occurred":0,"prediction":0.1592}},{"type":"Feature","geometry":{"type":"Point","coordinates":[-87.7,14.1]},"properties":{"region":1,"fire_occurred":0,"prediction":0.2167}},{"type":"Feature","geometry":{"type":"Point","coordinates":[-87.7,14.2]},"properties":{"region":1,"fire_occurred":0,"prediction":0.1972}},{"type":"Feature","geometry":{"type":"Point","coordinates":[-87.7,14.3]},"properties":{"region":1,"fire_occurred":0,"prediction":0.1298}},{"type":"Feature","geometry":{"type":"Point","coordinates":[-87.7,14.4]},"properties":{"region":1,"fire_occurred":0,"prediction":0.1422}},{"type":"Feature","geometry":{"type":"Point","coordinates":[-87.7,14.5]},"properties":{"region":1,"fire_occurred":0,"prediction":0.1415}},{"type":"Feature","geometry":{"type":"Point","coordinates":[-87.7,14.6]},"properties":{"region":1,"fire_occurred":0,"prediction":0.1771}},{"type":"Feature","geometry":{"type":"Point","coordinates":[-87.7,14.9]},"properties":{"region":1,"fire_occurred":0,"prediction":0.1037}},{"type":"Feature","geometry":{"type":"Point","coordinates":[-87.6,14.0]},"properties":{"region":1,"fire_occurred":0,"prediction":0.1581}},{"type":"Feature","geometry":{"type":"Point","coordinates":[-87.6,14.1]},"properties":{"region":1,"fire_occurred":0,"prediction":0.3892}},{"type":"Feature","geometry":{"type":"Point","coordinates":[-87.6,14.2]},"properties":{"region":1,"fire_occurred":0,"prediction":0.231}},{"type":"Feature","geometry":{"type":"Point","coordinates":[-87.6,14.3]},"properties":{"region":1,"fire_occurred":0,"prediction":0.1748}},{"type":"Feature","geometry":{"type":"Point","coordinates":[-87.6,14.4]},"properties":{"region":1,"fire_occurred":0,"prediction":0.2033}},{"type":"Feature","geometry":{"type":"Point","coordinates":[-87.6,14.5]},"properties":{"region":1,"fire_occurred":0,"prediction":0.1512}},{"type":"Feature","geometry":{"type":"Point","coordinates":[-87.5,14.0]},"properties":{"region":1,"fire_occurred":0,"prediction":0.1514}},{"type":"Feature","geometry":{"type":"Point","coordinates":[-87.5,14.1]},"properties":{"region":1,"fire_occurred":0,"prediction":0.1128}},{"type":"Feature","geometry":{"type":"Point","coordinates":[-87.5,14.2]},"properties":{"region":1,"fire_occurred":0,"prediction":0.165}},{"type":"Feature","geometry":{"type":"Point","coordinates":[-87.5,14.3]},"properties":{"region":1,"fire_occurred":0,"prediction":0.2356}},{"type":"Feature","geometry":{"type":"Point","coordinates":[-87.5,14.4]},"properties":{"region":1,"fire_occurred":0,"prediction":0.186}},{"type":"Feature","geometry":{"type":"Point","coordinates":[-87.5,14.5]},"properties":{"region":1,"fire_occurred":0,"prediction":0.3358}},{"type":"Feature","geometry":{"type":"Point","coordinates":[-87.5,14.7]},"properties":{"region":1,"fire_occurred":0,"prediction":0.1337}},{"type":"Feature","geometry":{"type":"Point","coordinates":[-87.5,14.8]},"properties":{"region":1,"fire_occurred":0,"prediction":0.101}},{"type":"Feature","geometry":{"type":"Point","coordinates":[-87.5,14.9]},"properties":{"region":1,"fire_occurred":0,"prediction":0.1144}},{"type":"Feature","geometry":{"type":"Point","coordinates":[-87.5,15.0]},"properties":{"region":1,"fire_occurred":0,"prediction":0.1338}},{"type":"Feature","geometry":{"type":"Point","coordinates":[-87.4,14.0]},"properties":{"region":1,"fire_occurred":0,"prediction":0.1686}},{"type":"Feature","geometry":{"type":"Point","coordinates":[-87.4,14.1]},"properties":{"region":1,"fire_occurred":0,"prediction":0.1553}},{"type":"Feature","geometry":{"type":"Point","coordinates":[-87.4,14.2]},"properties":{"region":1,"fire_occurred":0,"prediction":0.1236}},{"type":"Feature","geometry":{"type":"Point","coordinates":[-87.4,14.5]},"properties":{"region":1,"fire_occurred":0,"prediction":0.1154}},{"type":"Feature","geometry":{"type":"Point","coordinates":[-87.4,15.1]},"properties":{"region":1,"fire_occurred":0,"prediction":0.1222}},{"type":"Feature","geometry":{"type":"Point","coordinates":[-87.4,15.2]},"properties":{"region":1,"fire_occurred":0,"prediction":0.1322}},{"type":"Feature","geometry":{"type":"Point","coordinates":[-87.3,14.0]},"properties":{"region":1,"fire_occurred":0,"prediction":0.1379}},{"type":"Feature","geometry":{"type":"Point","coordinates":[-87.3,14.1]},"properties":{"region":1,"fire_occurred":0,"prediction":0.1307}},{"type":"Feature","geometry":{"type":"Point","coordinates":[-87.3,14.4]},"properties":{"region":1,"fire_occurred":0,"prediction":0.1455}},{"type":"Feature","geometry":{"type":"Point","coordinates":[-87.3,14.9]},"properties":{"region":1,"fire_occurred":0,"prediction":0.1522}},{"type":"Feature","geometry":{"type":"Point","coordinates":[-87.2,14.8]},"properties":{"region":1,"fire_occurred":0,"prediction":0.1394}},{"type":"Feature","geometry":{"type":"Point","coordinates":[-87.2,14.9]},"properties":{"region":1,"fire_occurred":0,"prediction":0.1706}},{"type":"Feature","geometry":{"type":"Point","coordinates":[-87.2,15.2]},"properties":{"region":1,"fire_occurred":0,"prediction":0.1199}},{"type":"Feature","geometry":{"type":"Point","coordinates":[-87.1,14.5]},"properties":{"region":1,"fire_occurred":0,"prediction":0.1006}},{"type":"Feature","geometry":{"type":"Point","coordinates":[-87.1,14.8]},"properties":{"region":1,"fire_occurred":0,"prediction":0.1158}},{"type":"Feature","geometry":{"type":"Point","coordinates":[-87.1,14.9]},"properties":{"region":1,"fire_occurred":0,"prediction":0.1174}},{"type":"Feature","geometry":{"type":"Point","coordinates":[-87.1,15.1]},"properties":{"region":1,"fire_occurred":0,"prediction":0.1205}},{"type":"Feature","geometry":{"type":"Point","coordinates":[-87.1,15.4]},"properties":{"region":1,"fire_occurred":0,"prediction":0.1309}},{"type":"Feature","geometry":{"type":"Point","coordinates":[-87.0,13.3]},"properties":{"region":1,"fire_occurred":0,"prediction":0.1078}},{"type":"Feature","geometry":{"type":"Point","coordinates":[-87.0,13.4]},"properties":{"region":1,"fire_occurred":0,"prediction":0.1531}},{"type":"Feature","geometry":{"type":"Point","coordinates":[-87.0,13.5]},"properties":{"region":1,"fire_occurred":0,"prediction":0.1668}},{"type":"Feature","geometry":{"type":"Point","coordinates":[-87.0,14.4]},"properties":{"region":1,"fire_occurred":0,"prediction":0.1417}},{"type":"Feature","geometry":{"type":"Point","coordinates":[-87.0,14.6]},"properties":{"region":1,"fire_occurred":0,"prediction":0.1579}},{"type":"Feature","geometry":{"type":"Point","coordinates":[-87.0,14.8]},"properties":{"region":1,"fire_occurred":0,"prediction":0.1185}},{"type":"Feature","geometry":{"type":"Point","coordinates":[-86.9,13.5]},"properties":{"region":1,"fire_occurred":0,"prediction":0.1014}},{"type":"Feature","geometry":{"type":"Point","coordinates":[-86.9,14.4]},"properties":{"region":1,"fire_occurred":0,"prediction":0.1215}},{"type":"Feature","geometry":{"type":"Point","coordinates":[-86.9,14.5]},"properties":{"region":1,"fire_occurred":0,"prediction":0.116}},{"type":"Feature","geometry":{"type":"Point","coordinates":[-86.9,15.3]},"properties":{"region":1,"fire_occurred":0,"prediction":0.1232}},{"type":"Feature","geometry":{"type":"Point","coordinates":[-86.8,14.3]},"properties":{"region":1,"fire_occurred":0,"prediction":0.1015}},{"type":"Feature","geometry":{"type":"Point","coordinates":[-86.8,14.4]},"properties":{"region":1,"fire_occurred":1,"prediction":0.1684}},{"type":"Feature","geometry":{"type":"Point","coordinates":[-86.8,14.5]},"properties":{"region":1,"fire_occurred":0,"prediction":0.1234}},{"type":"Feature","geometry":{"type":"Point","coordinates":[-86.8,14.7]},"properties":{"region":1,"fire_occurred":0,"prediction":0.1095}},{"type":"Feature","geometry":{"type":"Point","coordinates":[-86.8,14.9]},"properties":{"region":1,"fire_occurred":0,"prediction":0.101}},{"type":"Feature","geometry":{"type":"Point","coordinates":[-86.8,15.0]},"properties":{"region":1,"fire_occurred":0,"prediction":0.1212}},{"type":"Feature","geometry":{"type":"Point","coordinates":[-86.8,15.4]},"properties":{"region":1,"fire_occurred":0,"prediction":0.1277}},{"type":"Feature","geometry":{"type":"Point","coordinates":[-86.8,15.5]},"properties":{"region":1,"fire_occurred":0,"prediction":0.1146}},{"type":"Feature","geometry":{"type":"Point","coordinates":[-86.7,14.1]},"properties":{"region":1,"fire_occurred":0,"prediction":0.1134}},{"type":"Feature","geometry":{"type":"Point","coordinates":[-86.7,14.2]},"properties":{"region":1,"fire_occurred":0,"prediction":0.1044}},{"type":"Feature","geometry":{"type":"Point","coordinates":[-86.7,14.5]},"properties":{"region":1,"fire_occurred":0,"prediction":0.1582}},{"type":"Feature","geometry":{"type":"Point","coordinates":[-86.7,15.5]},"properties":{"region":1,"fire_occurred":1,"prediction":0.0414}},{"type":"Feature","geometry":{"type":"Point","coordinates":[-86.7,15.6]},"properties":{"region":1,"fire_occurred":0,"prediction":0.1209}},{"type":"Feature","geometry":{"type":"Point","coordinates":[-86.6,14.2]},"properties":{"region":1,"fire_occurred":0,"prediction":0.1141}},{"type":"Feature","geometry":{"type":"Point","coordinates":[-86.6,14.3]},"properties":{"region":1,"fire_occurred":1,"prediction":0.0799}},{"type":"Feature","geometry":{"type":"Point","coordinates":[-86.6,14.4]},"properties":{"region":1,"fire_occurred":0,"prediction":0.1169}},{"type":"Feature","geometry":{"type":"Point","coordinates":[-86.6,14.5]},"properties":{"region":1,"fire_occurred":0,"prediction":0.1668}},{"type":"Feature","geometry":{"type":"Point","coordinates":[-86.6,14.8]},"properties":{"region":1,"fire_occurred":0,"prediction":0.1391}},{"type":"Feature","geometry":{"type":"Point","coordinates":[-86.6,14.9]},"properties":{"region":1,"fire_occurred":0,"prediction":0.1464}},{"type":"Feature","geometry":{"type":"Point","coordinates":[-86.6,15.0]},"properties":{"region":1,"fire_occurred":0,"prediction":0.1392}},{"type":"Feature","geometry":{"type":"Point","coordinates":[-86.6,15.2]},"properties":{"region":1,"fire_occurred":0,"prediction":0.1132}},{"type":"Feature","geometry":{"type":"Point","coordinates":[-86.6,15.4]},"properties":{"region":1,"fire_occurred":0,"prediction":0.1066}},{"type":"Feature","geometry":{"type":"Point","coordinates":[-86.5,13.9]},"properties":{"region":1,"fire_occurred":0,"prediction":0.2006}},{"type":"Feature","geometry":{"type":"Point","coordinates":[-86.5,14.0]},"properties":{"region":1,"fire_occurred":0,"prediction":0.1061}},{"type":"Feature","geometry":{"type":"Point","coordinates":[-86.5,14.2]},"properties":{"region":1,"fire_occurred":1,"prediction":0.0188}},{"type":"Feature","geometry":{"type":"Point","coordinates":[-86.5,14.9]},"properties":{"region":1,"fire_occurred":0,"prediction":0.1003}},{"type":"Feature","geometry":{"type":"Point","coordinates":[-86.5,15.1]},"properties":{"region":1,"fire_occurred":0,"prediction":0.1156}},{"type":"Feature","geometry":{"type":"Point","coordinates":[-86.5,15.4]},"properties":{"region":1,"fire_occurred":1,"prediction":0.0777}},{"type":"Feature","geometry":{"type":"Point","coordinates":[-86.4,14.1]},"properties":{"region":1,"fire_occurred":0,"prediction":0.1676}},{"type":"Feature","geometry":{"type":"Point","coordinates":[-86.4,15.0]},"properties":{"region":1,"fire_occurred":0,"prediction":0.1136}},{"type":"Feature","geometry":{"type":"Point","coordinates":[-86.3,14.4]},"properties":{"region":1,"fire_occurred":0,"prediction":0.1233}},{"type":"Feature","geometry":{"type":"Point","coordinates":[-86.3,15.1]},"properties":{"region":1,"fire_occurred":0,"prediction":0.1006}},{"type":"Feature","geometry":{"type":"Point","coordinates":[-86.2,14.1]},"properties":{"region":1,"fire_occurred":0,"prediction":0.1821}},{"type":"Feature","geometry":{"type":"Point","coordinates":[-86.2,14.2]},"properties":{"region":1,"fire_occurred":0,"prediction":0.2195}},{"type":"Feature","geometry":{"type":"Point","coordinates":[-86.2,14.8]},"properties":{"region":1,"fire_occurred":0,"prediction":0.121}},{"type":"Feature","geometry":{"type":"Point","coordinates":[-86.2,15.3]},"properties":{"region":1,"fire_occurred":0,"prediction":0.1117}},{"type":"Feature","geometry":{"type":"Point","coordinates":[-86.1,14.4]},"properties":{"region":1,"fire_occurred":0,"prediction":0.1036}},{"type":"Feature","geometry":{"type":"Point","coordinates":[-86.1,14.8]},"properties":{"region":1,"fire_occurred":0,"prediction":0.1335}},{"type":"Feature","geometry":{"type":"Point","coordinates":[-86.1,15.0]},"properties":{"region":1,"fire_occurred":0,"prediction":0.1141}},{"type":"Feature","geometry":{"type":"Point","coordinates":[-86.1,15.5]},"properties":{"region":1,"fire_occurred":0,"prediction":0.184}},{"type":"Feature","geometry":{"type":"Point","coordinates":[-86.0,15.3]},"properties":{"region":1,"fire_occurred":0,"prediction":0.1283}},{"type":"Feature","geometry":{"type":"Point","coordinates":[-86.0,15.4]},"properties":{"region":1,"fire_occurred":0,"prediction":0.1586}},{"type":"Feature","geometry":{"type":"Point","coordinates":[-86.0,15.5]},"properties":{"region":1,"fire_occurred":0,"prediction":0.185}},{"type":"Feature","geometry":{"type":"Point","coordinates":[-85.9,15.3]},"properties":{"region":1,"fire_occurred":0,"prediction":0.2549}},{"type":"Feature","geometry":{"type":"Point","coordinates":[-85.8,12.4]},"properties":{"region":1,"fire_occurred":0,"prediction":0.105}},{"type":"Feature","geometry":{"type":"Point","coordinates":[-85.8,15.3]},"properties":{"region":1,"fire_occurred":0,"prediction":0.2086}},{"type":"Feature","geometry":{"type":"Point","coordinates":[-85.7,15.4]},"properties":{"region":1,"fire_occurred":0,"prediction":0.1186}},{"type":"Feature","geometry":{"type":"Point","coordinates":[-85.7,15.5]},"properties":{"region":1,"fire_occurred":0,"prediction":0.1653}},{"type":"Feature","geometry":{"type":"Point","coordinates":[-85.7,15.6]},"properties":{"region":1,"fire_occurred":0,"prediction":0.1132}},{"type":"Feature","geometry":{"type":"Point","coordinates":[-85.5,15.5]},"properties":{"region":1,"fire_occurred":0,"prediction":0.1035}},{"type":"Feature","geometry":{"type":"Point","coordinates":[-85.5,15.6]},"properties":{"region":1,"fire_occurred":1,"prediction":0.2138}},{"type":"Feature","geometry":{"type":"Point","coordinates":[-85.5,15.7]},"properties":{"region":1,"fire_occurred":0,"prediction":0.1434}},{"type":"Feature","geometry":{"type":"Point","coordinates":[-85.4,15.6]},"properties":{"region":1,"fire_occurred":1,"prediction":0.0938}},{"type":"Feature","geometry":{"type":"Point","coordinates":[-85.3,15.7]},"properties":{"region":1,"fire_occurred":0,"prediction":0.1655}},{"type":"Feature","geometry":{"type":"Point","coordinates":[-85.2,14.6]},"properties":{"region":1,"fire_occurred":0,"prediction":0.1028}},{"type":"Feature","geometry":{"type":"Point","coordinates":[-85.2,14.7]},"properties":{"region":1,"fire_occurred":0,"prediction":0.1648}},{"type":"Feature","geometry":{"type":"Point","coordinates":[-85.1,15.7]},"properties":{"region":1,"fire_occurred":0,"prediction":0.1154}},{"type":"Feature","geometry":{"type":"Point","coordinates":[-85.0,14.7]},"properties":{"region":1,"fire_occurred":1,"prediction":0.0542}},{"type":"Feature","geometry":{"type":"Point","coordinates":[-85.0,14.8]},"properties":{"region":1,"fire_occurred":1,"prediction":0.012}},{"type":"Feature","geometry":{"type":"Point","coordinates":[-84.6,15.2]},"properties":{"region":1,"fire_occurred":0,"prediction":0.1083}},{"type":"Feature","geometry":{"type":"Point","coordinates":[-84.5,14.6]},"properties":{"region":1,"fire_occurred":1,"prediction":0.0844}},{"type":"Feature","geometry":{"type":"Point","coordinates":[-84.5,14.8]},"properties":{"region":1,"fire_occurred":1,"prediction":0.0415}},{"type":"Feature","geometry":{"type":"Point","coordinates":[-84.4,14.7]},"properties":{"region":1,"fire_occurred":0,"prediction":0.2646}},{"type":"Feature","geometry":{"type":"Point","coordinates":[-84.3,14.7]},"properties":{"region":1,"fire_occurred":1,"prediction":0.0873}},{"type":"Feature","geometry":{"type":"Point","coordinates":[-84.2,13.3]},"properties":{"region":1,"fire_occurred":0,"prediction":0.1403}},{"type":"Feature","geometry":{"type":"Point","coordinates":[-84.2,13.5]},"properties":{"region":1,"fire_occurred":0,"prediction":0.1687}},{"type":"Feature","geometry":{"type":"Point","coordinates":[-84.2,14.8]},"properties":{"region":1,"fire_occurred":0,"prediction":0.1272}},{"type":"Feature","geometry":{"type":"Point","coordinates":[-84.1,13.5]},"properties":{"region":1,"fire_occurred":0,"prediction":0.162}},{"type":"Feature","geometry":{"type":"Point","coordinates":[-84.1,14.0]},"properties":{"region":1,"fire_occurred":0,"prediction":0.1002}},{"type":"Feature","geometry":{"type":"Point","coordinates":[-84.1,14.8]},"properties":{"region":1,"fire_occurred":1,"prediction":0.1058}},{"type":"Feature","geometry":{"type":"Point","coordinates":[-84.1,15.1]},"properties":{"region":1,"fire_occurred":0,"prediction":0.1201}},{"type":"Feature","geometry":{"type":"Point","coordinates":[-84.0,13.7]},"properties":{"region":1,"fire_occurred":0,"prediction":0.1253}},{"type":"Feature","geometry":{"type":"Point","coordinates":[-84.0,14.8]},"properties":{"region":1,"fire_occurred":1,"prediction":0.1455}},{"type":"Feature","geometry":{"type":"Point","coordinates":[-84.0,14.9]},"properties":{"region":1,"fire_occurred":0,"prediction":0.1029}},{"type":"Feature","geometry":{"type":"Point","coordinates":[-83.9,13.2]},"properties":{"region":1,"fire_occurred":0,"prediction":0.1006}},{"type":"Feature","geometry":{"type":"Point","coordinates":[-83.9,14.4]},"properties":{"region":1,"fire_occurred":0,"prediction":0.1771}},{"type":"Feature","geometry":{"type":"Point","coordinates":[-83.9,14.9]},"properties":{"region":1,"fire_occurred":0,"prediction":0.2216}},{"type":"Feature","geometry":{"type":"Point","coordinates":[-83.8,14.5]},"properties":{"region":1,"fire_occurred":0,"prediction":0.121}},{"type":"Feature","geometry":{"type":"Point","coordinates":[-83.8,14.9]},"properties":{"region":1,"fire_occurred":0,"prediction":0.1567}},{"type":"Feature","geometry":{"type":"Point","coordinates":[-83.8,15.0]},"properties":{"region":1,"fire_occurred":0,"prediction":0.2114}},{"type":"Feature","geometry":{"type":"Point","coordinates":[-83.8,15.1]},"properties":{"region":1,"fire_occurred":1,"prediction":0.0505}},{"type":"Feature","geometry":{"type":"Point","coordinates":[-83.7,14.3]},"properties":{"region":1,"fire_occurred":0,"prediction":0.2287}},{"type":"Feature","geometry":{"type":"Point","coordinates":[-83.7,14.4]},"properties":{"region":1,"fire_occurred":0,"prediction":0.1123}},{"type":"Feature","geometry":{"type":"Point","coordinates":[-83.7,15.0]},"properties":{"region":1,"fire_occurred":0,"prediction":0.1808}},{"type":"Feature","geometry":{"type":"Point","coordinates":[-83.6,14.4]},"properties":{"region":1,"fire_occurred":0,"prediction":0.1309}},{"type":"Feature","geometry":{"type":"Point","coordinates":[-83.6,14.9]},"properties":{"region":1,"fire_occurred":0,"prediction":0.1552}},{"type":"Feature","geometry":{"type":"Point","coordinates":[-83.5,14.4]},"properties":{"region":1,"fire_occurred":0,"prediction":0.1851}},{"type":"Feature","geometry":{"type":"Point","coordinates":[-83.5,14.5]},"properties":{"region":1,"fire_occurred":0,"prediction":0.1516}},{"type":"Feature","geometry":{"type":"Point","coordinates":[-81.3,22.8]},"properties":{"region":1,"fire_occurred":1,"prediction":0.0053}},{"type":"Feature","geometry":{"type":"Point","coordinates":[-80.0,22.7]},"properties":{"region":1,"fire_occurred":0,"prediction":0.1599}},{"type":"Feature","geometry":{"type":"Point","coordinates":[-79.8,22.6]},"properties":{"region":1,"fire_occurred":1,"prediction":0.0272}},{"type":"Feature","geometry":{"type":"Point","coordinates":[-79.7,22.5]},"properties":{"region":1,"fire_occurred":0,"prediction":0.1151}},{"type":"Feature","geometry":{"type":"Point","coordinates":[-78.9,22.2]},"properties":{"region":1,"fire_occurred":1,"prediction":0.0156}},{"type":"Feature","geometry":{"type":"Point","coordinates":[-78.8,22.1]},"properties":{"region":1,"fire_occurred":1,"prediction":0.0168}},{"type":"Feature","geometry":{"type":"Point","coordinates":[-77.9,21.7]},"properties":{"region":1,"fire_occurred":0,"prediction":0.118}},{"type":"Feature","geometry":{"type":"Point","coordinates":[-76.9,21.1]},"properties":{"region":1,"fire_occurred":1,"prediction":0.0228}},{"type":"Feature","geometry":{"type":"Point","coordinates":[-76.4,20.6]},"properties":{"region":1,"fire_occurred":1,"prediction":0.0335}},{"type":"Feature","geometry":{"type":"Point","coordinates":[-74.5,10.4]},"properties":{"region":1,"fire_occurred":1,"prediction":0.0108}},{"type":"Feature","geometry":{"type":"Point","coordinates":[-74.0,10.1]},"properties":{"region":1,"fire_occurred":1,"prediction":0.0197}},{"type":"Feature","geometry":{"type":"Point","coordinates":[-73.4,8.4]},"properties":{"region":1,"fire_occurred":1,"prediction":0.005}},{"type":"Feature","geometry":{"type":"Point","coordinates":[-73.4,8.6]},"properties":{"region":1,"fire_occurred":1,"prediction":0.0179}},{"type":"Feature","geometry":{"type":"Point","coordinates":[-73.3,9.5]},"properties":{"region":1,"fire_occurred":1,"prediction":0.0274}},{"type":"Feature","geometry":{"type":"Point","coordinates":[-73.1,8.3]},"properties":{"region":1,"fire_occurred":1,"prediction":0.0029}},{"type":"Feature","geometry":{"type":"Point","coordinates":[-73.1,8.4]},"properties":{"region":1,"fire_occurred":1,"prediction":0.0018}},{"type":"Feature","geometry":{"type":"Point","coordinates":[-72.9,8.3]},"properties":{"region":1,"fire_occurred":1,"prediction":0.0471}},{"type":"Feature","geometry":{"type":"Point","coordinates":[-72.9,8.4]},"properties":{"region":1,"fire_occurred":1,"prediction":0.0189}},{"type":"Feature","geometry":{"type":"Point","coordinates":[-72.9,8.5]},"properties":{"region":1,"fire_occurred":1,"prediction":0.0054}},{"type":"Feature","geometry":{"type":"Point","coordinates":[-72.9,8.7]},"properties":{"region":1,"fire_occurred":1,"prediction":0.0183}},{"type":"Feature","geometry":{"type":"Point","coordinates":[-72.9,8.9]},"properties":{"region":1,"fire_occurred":1,"prediction":0.0142}},{"type":"Feature","geometry":{"type":"Point","coordinates":[-72.8,8.3]},"properties":{"region":1,"fire_occurred":1,"prediction":0.0132}},{"type":"Feature","geometry":{"type":"Point","coordinates":[-72.8,8.4]},"properties":{"region":1,"fire_occurred":1,"prediction":0.0417}},{"type":"Feature","geometry":{"type":"Point","coordinates":[-72.8,8.6]},"properties":{"region":1,"fire_occurred":1,"prediction":0.0072}},{"type":"Feature","geometry":{"type":"Point","coordinates":[-72.8,8.7]},"properties":{"region":1,"fire_occurred":1,"prediction":0.0066}},{"type":"Feature","geometry":{"type":"Point","coordinates":[-72.8,8.8]},"properties":{"region":1,"fire_occurred":1,"prediction":0.0261}},{"type":"Feature","geometry":{"type":"Point","coordinates":[-72.8,8.9]},"properties":{"region":1,"fire_occurred":1,"prediction":0.0208}},{"type":"Feature","geometry":{"type":"Point","coordinates":[-72.7,8.2]},"properties":{"region":1,"fire_occurred":1,"prediction":0.0075}},{"type":"Feature","geometry":{"type":"Point","coordinates":[-72.7,9.4]},"properties":{"region":1,"fire_occurred":1,"prediction":0.0112}},{"type":"Feature","geometry":{"type":"Point","coordinates":[-72.6,10.0]},"properties":{"region":1,"fire_occurred":1,"prediction":0.003}},{"type":"Feature","geometry":{"type":"Point","coordinates":[-72.6,11.1]},"properties":{"region":1,"fire_occurred":0,"prediction":0.1897}},{"type":"Feature","geometry":{"type":"Point","coordinates":[-72.5,7.9]},"properties":{"region":1,"fire_occurred":1,"prediction":0.0196}},{"type":"Feature","geometry":{"type":"Point","coordinates":[-72.5,8.2]},"properties":{"region":1,"fire_occurred":1,"prediction":0.0113}},{"type":"Feature","geometry":{"type":"Point","coordinates":[-72.3,8.2]},"properties":{"region":1,"fire_occurred":1,"prediction":0.0292}},{"type":"Feature","geometry":{"type":"Point","coordinates":[-72.1,8.3]},"properties":{"region":1,"fire_occurred":1,"prediction":0.018}},{"type":"Feature","geometry":{"type":"Point","coordinates":[-72.1,11.6]},"properties":{"region":1,"fire_occurred":1,"prediction":0.0086}},{"type":"Feature","geometry":{"type":"Point","coordinates":[-72.0,8.1]},"properties":{"region":1,"fire_occurred":1,"prediction":0.0168}},{"type":"Feature","geometry":{"type":"Point","coordinates":[-72.0,11.2]},"properties":{"region":1,"fire_occurred":1,"prediction":0.0117}},{"type":"Feature","geometry":{"type":"Point","coordinates":[-71.9,4.6]},"properties":{"region":1,"fire_occurred":1,"prediction":0.0023}},{"type":"Feature","geometry":{"type":"Point","coordinates":[-71.9,6.9]},"properties":{"region":1,"fire_occurred":1,"prediction":0.0182}},{"type":"Feature","geometry":{"type":"Point","coordinates":[-71.9,10.1]},"properties":{"region":1,"fire_occurred":1,"prediction":0.0003}},{"type":"Feature","geometry":{"type":"Point","coordinates":[-71.7,6.2]},"properties":{"region":1,"fire_occurred":1,"prediction":0.0021}},{"type":"Feature","geometry":{"type":"Point","coordinates":[-71.7,8.6]},"properties":{"region":1,"fire_occurred":1,"prediction":0.0419}},{"type":"Feature","geometry":{"type":"Point","coordinates":[-71.6,4.7]},"properties":{"region":1,"fire_occurred":1,"prediction":0.006}},{"type":"Feature","geometry":{"type":"Point","coordinates":[-71.4,4.7]},"properties":{"region":1,"fire_occurred":1,"prediction":0.0031}},{"type":"Feature","geometry":{"type":"Point","coordinates":[-71.3,8.5]},"properties":{"region":1,"fire_occurred":1,"prediction":0.012}},{"type":"Feature","geometry":{"type":"Point","coordinates":[-71.2,8.2]},"properties":{"region":1,"fire_occurred":1,"prediction":0.0021}},{"type":"Feature","geometry":{"type":"Point","coordinates":[-71.1,4.5]},"properties":{"region":1,"fire_occurred":1,"prediction":0.0018}},{"type":"Feature","geometry":{"type":"Point","coordinates":[-70.9,4.0]},"properties":{"region":1,"fire_occurred":1,"prediction":0.0013}},{"type":"Feature","geometry":{"type":"Point","coordinates":[-70.7,9.3]},"properties":{"region":1,"fire_occurred":1,"prediction":0.0058}},{"type":"Feature","geometry":{"type":"Point","coordinates":[-70.6,8.3]},"properties":{"region":1,"fire_occurred":1,"prediction":0.0747}},{"type":"Feature","geometry":{"type":"Point","coordinates":[-70.5,5.3]},"properties":{"region":1,"fire_occurred":1,"prediction":0.0015}},{"type":"Feature","geometry":{"type":"Point","coordinates":[-70.4,18.9]},"properties":{"region":1,"fire_occurred":1,"prediction":0.5867}},{"type":"Feature","geometry":{"type":"Point","coordinates":[-70.1,6.5]},"properties":{"region":1,"fire_occurred":1,"prediction":0.0066}},{"type":"Feature","geometry":{"type":"Point","coordinates":[-69.8,5.6]},"properties":{"region":1,"fire_occurred":1,"prediction":0.0016}},{"type":"Feature","geometry":{"type":"Point","coordinates":[-69.6,7.6]},"properties":{"region":1,"fire_occurred":1,"prediction":0.0027}},{"type":"Feature","geometry":{"type":"Point","coordinates":[-69.0,5.8]},"properties":{"region":1,"fire_occurred":1,"prediction":0.0023}},{"type":"Feature","geometry":{"type":"Point","coordinates":[-68.8,7.2]},"properties":{"region":1,"fire_occurred":1,"prediction":0.0016}},{"type":"Feature","geometry":{"type":"Point","coordinates":[-68.6,9.1]},"properties":{"region":1,"fire_occurred":1,"prediction":0.0075}},{"type":"Feature","geometry":{"type":"Point","coordinates":[-68.5,8.8]},"properties":{"region":1,"fire_occurred":1,"prediction":0.0072}},{"type":"Feature","geometry":{"type":"Point","coordinates":[-68.4,8.8]},"properties":{"region":1,"fire_occurred":1,"prediction":0.0091}},{"type":"Feature","geometry":{"type":"Point","coordinates":[-68.3,7.7]},"properties":{"region":1,"fire_occurred":1,"prediction":0.0294}},{"type":"Feature","geometry":{"type":"Point","coordinates":[-68.3,10.1]},"properties":{"region":1,"fire_occurred":1,"prediction":0.0079}},{"type":"Feature","geometry":{"type":"Point","coordinates":[-67.8,7.5]},"properties":{"region":1,"fire_occurred":1,"prediction":0.0198}},{"type":"Feature","geometry":{"type":"Point","coordinates":[-67.8,10.2]},"properties":{"region":1,"fire_occurred":1,"prediction":0.0562}},{"type":"Feature","geometry":{"type":"Point","coordinates":[-67.6,10.1]},"properties":{"region":1,"fire_occurred":1,"prediction":0.0138}},{"type":"Feature","geometry":{"type":"Point","coordinates":[-67.5,6.9]},"properties":{"region":1,"fire_occurred":1,"prediction":0.0102}},{"type":"Feature","geometry":{"type":"Point","coordinates":[-67.5,8.9]},"properties":{"region":1,"fire_occurred":1,"prediction":0.0357}},{"type":"Feature","geometry":{"type":"Point","coordinates":[-67.4,10.2]},"properties":{"region":1,"fire_occurred":1,"prediction":0.0309}},{"type":"Feature","geometry":{"type":"Point","coordinates":[-66.9,-12.7]},"properties":{"region":1,"fire_occurred":0,"prediction":0.1682}},{"type":"Feature","geometry":{"type":"Point","coordinates":[-66.9,-12.2]},"properties":{"region":1,"fire_occurred":0,"prediction":0.1307}},{"type":"Feature","geometry":{"type":"Point","coordinates":[-66.7,-13.0]},"properties":{"region":1,"fire_occurred":1,"prediction":0.0252}},{"type":"Feature","geometry":{"type":"Point","coordinates":[-66.6,-13.0]},"properties":{"region":1,"fire_occurred":0,"prediction":0.1402}},{"type":"Feature","geometry":{"type":"Point","coordinates":[-66.5,-13.5]},"properties":{"region":1,"fire_occurred":1,"prediction":0.0058}},{"type":"Feature","geometry":{"type":"Point","coordinates":[-66.5,-13.4]},"properties":{"region":1,"fire_occurred":1,"prediction":0.0193}},{"type":"Feature","geometry":{"type":"Point","coordinates":[-66.5,-13.2]},"properties":{"region":1,"fire_occurred":1,"prediction":0.0034}},{"type":"Feature","geometry":{"type":"Point","coordinates":[-66.4,-13.5]},"properties":{"region":1,"fire_occurred":1,"prediction":0.0072}},{"type":"Feature","geometry":{"type":"Point","coordinates":[-66.4,8.9]},"properties":{"region":1,"fire_occurred":0,"prediction":0.2913}},{"type":"Feature","geometry":{"type":"Point","coordinates":[-66.3,9.2]},"properties":{"region":1,"fire_occurred":1,"prediction":0.0701}},{"type":"Feature","geometry":{"type":"Point","coordinates":[-66.3,9.7]},"properties":{"region":1,"fire_occurred":1,"prediction":0.0073}},{"type":"Feature","geometry":{"type":"Point","coordinates":[-66.2,-13.1]},"properties":{"region":1,"fire_occurred":1,"prediction":0.0449}},{"type":"Feature","geometry":{"type":"Point","coordinates":[-66.1,9.6]},"properties":{"region":1,"fire_occurred":0,"prediction":0.1463}},{"type":"Feature","geometry":{"type":"Point","coordinates":[-66.0,-9.6]},"properties":{"region":1,"fire_occurred":1,"prediction":0.0018}},{"type":"Feature","geometry":{"type":"Point","coordinates":[-65.9,-12.9]},"properties":{"region":1,"fire_occurred":1,"prediction":0.0046}},{"type":"Feature","geometry":{"type":"Point","coordinates":[-65.8,-13.5]},"properties":{"region":1,"fire_occurred":1,"prediction":0.005}},{"type":"Feature","geometry":{"type":"Point","coordinates":[-65.8,8.7]},"properties":{"region":1,"fire_occurred":1,"prediction":0.0147}},{"type":"Feature","geometry":{"type":"Point","coordinates":[-65.7,-13.5]},"properties":{"region":1,"fire_occurred":1,"prediction":0.0389}},{"type":"Feature","geometry":{"type":"Point","coordinates":[-65.7,-12.4]},"properties":{"region":1,"fire_occurred":0,"prediction":0.1005}},{"type":"Feature","geometry":{"type":"Point","coordinates":[-65.7,8.8]},"properties":{"region":1,"fire_occurred":1,"prediction":0.0413}},{"type":"Feature","geometry":{"type":"Point","coordinates":[-65.6,-13.5]},"properties":{"region":1,"fire_occurred":1,"prediction":0.0318}},{"type":"Feature","geometry":{"type":"Point","coordinates":[-65.6,8.5]},"properties":{"region":1,"fire_occurred":1,"prediction":0.0044}},{"type":"Feature","geometry":{"type":"Point","coordinates":[-65.5,-13.6]},"properties":{"region":1,"fire_occurred":0,"prediction":0.1279}},{"type":"Feature","geometry":{"type":"Point","coordinates":[-65.5,-13.5]},"properties":{"region":1,"fire_occurred":1,"prediction":0.0288}},{"type":"Feature","geometry":{"type":"Point","coordinates":[-65.5,9.2]},"properties":{"region":1,"fire_occurred":0,"prediction":0.127}},{"type":"Feature","geometry":{"type":"Point","coordinates":[-65.1,9.9]},"properties":{"region":1,"fire_occurred":0,"prediction":0.1503}},{"type":"Feature","geometry":{"type":"Point","coordinates":[-65.0,8.6]},"properties":{"region":1,"fire_occurred":1,"prediction":0.0038}},{"type":"Feature","geometry":{"type":"Point","coordinates":[-65.0,9.9]},"properties":{"region":1,"fire_occurred":1,"prediction":0.0723}},{"type":"Feature","geometry":{"type":"Point","coordinates":[-64.9,-14.2]},"properties":{"region":1,"fire_occurred":1,"prediction":0.0069}},{"type":"Feature","geometry":{"type":"Point","coordinates":[-64.8,9.0]},"properties":{"region":1,"fire_occurred":0,"prediction":0.2376}},{"type":"Feature","geometry":{"type":"Point","coordinates":[-64.6,-12.9]},"properties":{"region":1,"fire_occurred":1,"prediction":0.0037}},{"type":"Feature","geometry":{"type":"Point","coordinates":[-64.6,9.2]},"properties":{"region":1,"fire_occurred":1,"prediction":0.0252}},{"type":"Feature","geometry":{"type":"Point","coordinates":[-64.6,9.3]},"properties":{"region":1,"fire_occurred":1,"prediction":0.9467}},{"type":"Feature","geometry":{"type":"Point","coordinates":[-64.2,8.5]},"properties":{"region":1,"fire_occurred":1,"prediction":0.0036}},{"type":"Feature","geometry":{"type":"Point","coordinates":[-64.1,10.0]},"properties":{"region":1,"fire_occurred":1,"prediction":0.0079}},{"type":"Feature","geometry":{"type":"Point","coordinates":[-64.0,9.7]},"properties":{"region":1,"fire_occurred":1,"prediction":0.0039}},{"type":"Feature","geometry":{"type":"Point","coordinates":[-63.9,10.1]},"properties":{"region":1,"fire_occurred":1,"prediction":0.0036}},{"type":"Feature","geometry":{"type":"Point","coordinates":[-63.8,-15.3]},"properties":{"region":1,"fire_occurred":1,"prediction":0.0037}},{"type":"Feature","geometry":{"type":"Point","coordinates":[-63.8,9.6]},"properties":{"region":1,"fire_occurred":1,"prediction":0.8516}},{"type":"Feature","geometry":{"type":"Point","coordinates":[-63.7,-15.6]},"properties":{"region":1,"fire_occurred":1,"prediction":0.0038}},{"type":"Feature","geometry":{"type":"Point","coordinates":[-63.7,9.5]},"properties":{"region":1,"fire_occurred":1,"prediction":0.706}},{"type":"Feature","geometry":{"type":"Point","coordinates":[-63.7,9.6]},"properties":{"region":1,"fire_occurred":1,"prediction":0.9184}},{"type":"Feature","geometry":{"type":"Point","coordinates":[-63.6,-9.2]},"properties":{"region":1,"fire_occurred":1,"prediction":0.0002}},{"type":"Feature","geometry":{"type":"Point","coordinates":[-63.6,9.6]},"properties":{"region":1,"fire_occurred":1,"prediction":0.8099}},{"type":"Feature","geometry":{"type":"Point","coordinates":[-63.5,9.7]},"properties":{"region":1,"fire_occurred":1,"prediction":0.829}},{"type":"Feature","geometry":{"type":"Point","coordinates":[-63.3,9.7]},"properties":{"region":1,"fire_occurred":0,"prediction":0.4897}},{"type":"Feature","geometry":{"type":"Point","coordinates":[-63.2,8.6]},"properties":{"region":1,"fire_occurred":1,"prediction":0.2127}},{"type":"Feature","geometry":{"type":"Point","coordinates":[-63.2,9.9]},"properties":{"region":1,"fire_occurred":1,"prediction":0.1354}},{"type":"Feature","geometry":{"type":"Point","coordinates":[-62.9,-12.0]},"properties":{"region":1,"fire_occurred":0,"prediction":0.1145}},{"type":"Feature","geometry":{"type":"Point","coordinates":[-62.8,8.9]},"properties":{"region":1,"fire_occurred":1,"prediction":0.0546}},{"type":"Feature","geometry":{"type":"Point","coordinates":[-62.7,-18.5]},"properties":{"region":1,"fire_occurred":1,"prediction":0.0645}},{"type":"Feature","geometry":{"type":"Point","coordinates":[-62.6,-18.2]},"properties":{"region":1,"fire_occurred":1,"prediction":0.1227}},{"type":"Feature","geometry":{"type":"Point","coordinates":[-62.6,-18.1]},"properties":{"region":1,"fire_occurred":1,"prediction":0.0327}},{"type":"Feature","geometry":{"type":"Point","coordinates":[-62.6,-17.6]},"properties":{"region":1,"fire_occurred":1,"prediction":0.0031}},{"type":"Feature","geometry":{"type":"Point","coordinates":[-62.5,-18.5]},"properties":{"region":1,"fire_occurred":1,"prediction":0.0787}},{"type":"Feature","geometry":{"type":"Point","coordinates":[-62.3,-18.2]},"properties":{"region":1,"fire_occurred":0,"prediction":0.2149}},{"type":"Feature","geometry":{"type":"Point","coordinates":[-62.3,-18.0]},"properties":{"region":1,"fire_occurred":1,"prediction":0.2323}},{"type":"Feature","geometry":{"type":"Point","coordinates":[-62.3,-17.7]},"properties":{"region":1,"fire_occurred":0,"prediction":0.1539}},{"type":"Feature","geometry":{"type":"Point","coordinates":[-62.2,-18.2]},"properties":{"region":1,"fire_occurred":1,"prediction":0.0434}},{"type":"Feature","geometry":{"type":"Point","coordinates":[-62.0,-18.0]},"properties":{"region":1,"fire_occurred":1,"prediction":0.1134}},{"type":"Feature","geometry":{"type":"Point","coordinates":[-61.9,-18.0]},"properties":{"region":1,"fire_occurred":1,"prediction":0.004}},{"type":"Feature","geometry":{"type":"Point","coordinates":[-61.9,-17.9]},"properties":{"region":1,"fire_occurred":0,"prediction":0.1283}},{"type":"Feature","geometry":{"type":"Point","coordinates":[-61.6,-17.7]},"properties":{"region":1,"fire_occurred":1,"prediction":0.0252}},{"type":"Feature","geometry":{"type":"Point","coordinates":[-61.6,-17.5]},"properties":{"region":1,"fire_occurred":1,"prediction":0.0105}},{"type":"Feature","geometry":{"type":"Point","coordinates":[-61.5,-17.4]},"properties":{"region":1,"fire_occurred":1,"prediction":0.0117}},{"type":"Feature","geometry":{"type":"Point","coordinates":[-61.5,-13.4]},"properties":{"region":1,"fire_occurred":0,"prediction":0.2204}},{"type":"Feature","geometry":{"type":"Point","coordinates":[-61.4,-17.5]},"properties":{"region":1,"fire_occurred":0,"prediction":0.1485}},{"type":"Feature","geometry":{"type":"Point","coordinates":[-61.4,-11.7]},"properties":{"region":1,"fire_occurred":0,"prediction":0.1111}},{"type":"Feature","geometry":{"type":"Point","coordinates":[-61.3,-17.8]},"properties":{"region":1,"fire_occurred":1,"prediction":0.0597}},{"type":"Feature","geometry":{"type":"Point","coordinates":[-61.3,-16.2]},"properties":{"region":1,"fire_occurred":1,"prediction":0.2524}},{"type":"Feature","geometry":{"type":"Point","coordinates":[-61.2,-16.5]},"properties":{"region":1,"fire_occurred":0,"prediction":0.1067}},{"type":"Feature","geometry":{"type":"Point","coordinates":[-61.2,-12.2]},"properties":{"region":1,"fire_occurred":0,"prediction":0.1189}},{"type":"Feature","geometry":{"type":"Point","coordinates":[-61.1,-16.0]},"properties":{"region":1,"fire_occurred":0,"prediction":0.3351}},{"type":"Feature","geometry":{"type":"Point","coordinates":[-61.0,-13.5]},"properties":{"region":1,"fire_occurred":0,"prediction":0.111}},{"type":"Feature","geometry":{"type":"Point","coordinates":[-60.9,-16.9]},"properties":{"region":1,"fire_occurred":1,"prediction":0.0247}},{"type":"Feature","geometry":{"type":"Point","coordinates":[-60.8,-17.7]},"properties":{"region":1,"fire_occurred":0,"prediction":0.1329}},{"type":"Feature","geometry":{"type":"Point","coordinates":[-60.8,-16.5]},"properties":{"region":1,"fire_occurred":1,"prediction":0.0026}},{"type":"Feature","geometry":{"type":"Point","coordinates":[-60.8,-16.4]},"properties":{"region":1,"fire_occurred":1,"prediction":0.0031}},{"type":"Feature","geometry":{"type":"Point","coordinates":[-60.8,-16.3]},"properties":{"region":1,"fire_occurred":1,"prediction":0.0029}},{"type":"Feature","geometry":{"type":"Point","coordinates":[-60.7,-17.1]},"properties":{"region":1,"fire_occurred":1,"prediction":0.0062}},{"type":"Feature","geometry":{"type":"Point","coordinates":[-60.7,-16.5]},"properties":{"region":1,"fire_occurred":1,"prediction":0.0018}},{"type":"Feature","geometry":{"type":"Point","coordinates":[-60.7,-16.4]},"properties":{"region":1,"fire_occurred":1,"prediction":0.033}},{"type":"Feature","geometry":{"type":"Point","coordinates":[-60.7,-16.3]},"properties":{"region":1,"fire_occurred":1,"prediction":0.0029}},{"type":"Feature","geometry":{"type":"Point","coordinates":[-60.7,-12.4]},"properties":{"region":1,"fire_occurred":0,"prediction":0.1419}},{"type":"Feature","geometry":{"type":"Point","coordinates":[-60.3,-16.3]},"properties":{"region":1,"fire_occurred":0,"prediction":0.2558}},{"type":"Feature","geometry":{"type":"Point","coordinates":[-60.3,-14.1]},"properties":{"region":1,"fire_occurred":0,"prediction":0.1391}},{"type":"Feature","geometry":{"type":"Point","coordinates":[-60.0,-10.0]},"properties":{"region":1,"fire_occurred":1,"prediction":0.0271}},{"type":"Feature","geometry":{"type":"Point","coordinates":[-59.9,-21.0]},"properties":{"region":1,"fire_occurred":1,"prediction":0.0497}},{"type":"Feature","geometry":{"type":"Point","coordinates":[-59.9,-16.2]},"properties":{"region":1,"fire_occurred":0,"prediction":0.113}},{"type":"Feature","geometry":{"type":"Point","coordinates":[-59.9,-10.0]},"properties":{"region":1,"fire_occurred":1,"prediction":0.0264}},{"type":"Feature","geometry":{"type":"Point","coordinates":[-59.8,-21.0]},"properties":{"region":1,"fire_occurred":1,"prediction":0.0672}},{"type":"Feature","geometry":{"type":"Point","coordinates":[-59.7,-13.9]},"properties":{"region":1,"fire_occurred":0,"prediction":0.3096}},{"type":"Feature","geometry":{"type":"Point","coordinates":[-59.5,-21.4]},"properties":{"region":1,"fire_occurred":1,"prediction":0.0025}},{"type":"Feature","geometry":{"type":"Point","coordinates":[-59.1,-18.3]},"properties":{"region":1,"fire_occurred":0,"prediction":0.1426}},{"type":"Feature","geometry":{"type":"Point","coordinates":[-59.0,-20.0]},"properties":{"region":1,"fire_occurred":1,"prediction":0.0014}},{"type":"Feature","geometry":{"type":"Point","coordinates":[-59.0,-18.3]},"properties":{"region":1,"fire_occurred":0,"prediction":0.1253}},{"type":"Feature","geometry":{"type":"Point","coordinates":[-58.9,-14.4]},"properties":{"region":1,"fire_occurred":0,"prediction":0.1451}},{"type":"Feature","geometry":{"type":"Point","coordinates":[-58.6,-18.8]},"properties":{"region":1,"fire_occurred":1,"prediction":0.0126}},{"type":"Feature","geometry":{"type":"Point","coordinates":[-58.6,-12.8]},"properties":{"region":1,"fire_occurred":0,"prediction":0.5257}},{"type":"Feature","geometry":{"type":"Point","coordinates":[-58.5,-14.4]},"properties":{"region":1,"fire_occurred":1,"prediction":0.0049}},{"type":"Feature","geometry":{"type":"Point","coordinates":[-58.5,-12.8]},"properties":{"region":1,"fire_occurred":0,"prediction":0.1576}},{"type":"Feature","geometry":{"type":"Point","coordinates":[-58.4,-18.9]},"properties":{"region":1,"fire_occurred":1,"prediction":0.0699}},{"type":"Feature","geometry":{"type":"Point","coordinates":[-58.4,-18.7]},"properties":{"region":1,"fire_occurred":1,"prediction":0.0941}},{"type":"Feature","geometry":{"type":"Point","coordinates":[-58.4,-18.6]},"properties":{"region":1,"fire_occurred":0,"prediction":0.3993}},{"type":"Feature","geometry":{"type":"Point","coordinates":[-58.3,-18.9]},"properties":{"region":1,"fire_occurred":1,"prediction":0.1252}},{"type":"Feature","geometry":{"type":"Point","coordinates":[-58.3,-18.7]},"properties":{"region":1,"fire_occurred":1,"prediction":0.5215}},{"type":"Feature","geometry":{"type":"Point","coordinates":[-58.2,-11.8]},"properties":{"region":1,"fire_occurred":1,"prediction":0.0152}},{"type":"Feature","geometry":{"type":"Point","coordinates":[-57.7,-21.3]},"properties":{"region":1,"fire_occurred":1,"prediction":0.0036}},{"type":"Feature","geometry":{"type":"Point","coordinates":[-57.7,-19.5]},"properties":{"region":1,"fire_occurred":1,"prediction":0.0051}},{"type":"Feature","geometry":{"type":"Point","coordinates":[-57.4,-22.6]},"properties":{"region":1,"fire_occurred":1,"prediction":0.0023}},{"type":"Feature","geometry":{"type":"Point","coordinates":[-57.3,-13.4]},"properties":{"region":1,"fire_occurred":1,"prediction":0.0108}},{"type":"Feature","geometry":{"type":"Point","coordinates":[-57.1,-18.2]},"properties":{"region":1,"fire_occurred":1,"prediction":0.0025}},{"type":"Feature","geometry":{"type":"Point","coordinates":[-57.0,-20.1]},"properties":{"region":1,"fire_occurred":1,"prediction":0.0039}},{"type":"Feature","geometry":{"type":"Point","coordinates":[-57.0,-20.0]},"properties":{"region":1,"fire_occurred":1,"prediction":0.0049}},{"type":"Feature","geometry":{"type":"Point","coordinates":[-56.9,-20.1]},"properties":{"region":1,"fire_occurred":1,"prediction":0.0031}},{"type":"Feature","geometry":{"type":"Point","coordinates":[-56.9,-20.0]},"properties":{"region":1,"fire_occurred":1,"prediction":0.0036}},{"type":"Feature","geometry":{"type":"Point","coordinates":[-56.9,-16.4]},"properties":{"region":1,"fire_occurred":1,"prediction":0.0023}},{"type":"Feature","geometry":{"type":"Point","coordinates":[-56.1,-22.0]},"properties":{"region":1,"fire_occurred":1,"prediction":0.0012}},{"type":"Feature","geometry":{"type":"Point","coordinates":[45.0,-19.7]},"properties":{"region":1,"fire_occurred":0,"prediction":0.1847}},{"type":"Feature","geometry":{"type":"Point","coordinates":[45.0,-17.5]},"properties":{"region":1,"fire_occurred":1,"prediction":0.0399}},{"type":"Feature","geometry":{"type":"Point","coordinates":[45.1,-20.0]},"properties":{"region":1,"fire_occurred":0,"prediction":0.1111}},{"type":"Feature","geometry":{"type":"Point","coordinates":[45.1,-19.9]},"properties":{"region":1,"fire_occurred":0,"prediction":0.1064}},{"type":"Feature","geometry":{"type":"Point","coordinates":[45.1,-19.8]},"properties":{"region":1,"fire_occurred":0,"prediction":0.1113}},{"type":"Feature","geometry":{"type":"Point","coordinates":[45.1,-19.5]},"properties":{"region":1,"fire_occurred":0,"prediction":0.1363}},{"type":"Feature","geometry":{"type":"Point","coordinates":[45.1,-19.4]},"properties":{"region":1,"fire_occurred":1,"prediction":0.0594}},{"type":"Feature","geometry":{"type":"Point","coordinates":[45.1,-18.8]},"properties":{"region":1,"fire_occurred":1,"prediction":0.0249}},{"type":"Feature","geometry":{"type":"Point","coordinates":[45.3,-18.4]},"properties":{"region":1,"fire_occurred":1,"prediction":0.0211}},{"type":"Feature","geometry":{"type":"Point","coordinates":[45.3,-17.1]},"properties":{"region":1,"fire_occurred":1,"prediction":0.0039}},{"type":"Feature","geometry":{"type":"Point","coordinates":[45.4,-22.8]},"properties":{"region":1,"fire_occurred":1,"prediction":0.0132}},{"type":"Feature","geometry":{"type":"Point","coordinates":[45.4,-20.8]},"properties":{"region":1,"fire_occurred":1,"prediction":0.0112}},{"type":"Feature","geometry":{"type":"Point","coordinates":[45.4,-16.8]},"properties":{"region":1,"fire_occurred":1,"prediction":0.063}},{"type":"Feature","geometry":{"type":"Point","coordinates":[45.4,-16.7]},"properties":{"region":1,"fire_occurred":0,"prediction":0.1221}},{"type":"Feature","geometry":{"type":"Point","coordinates":[45.5,-17.4]},"properties":{"region":1,"fire_occurred":0,"prediction":0.1183}},{"type":"Feature","geometry":{"type":"Point","coordinates":[45.5,-17.3]},"properties":{"region":1,"fire_occurred":0,"prediction":0.1048}},{"type":"Feature","geometry":{"type":"Point","coordinates":[45.5,-17.2]},"properties":{"region":1,"fire_occurred":1,"prediction":0.0569}},{"type":"Feature","geometry":{"type":"Point","coordinates":[45.5,-17.0]},"properties":{"region":1,"fire_occurred":0,"prediction":0.1155}},{"type":"Feature","geometry":{"type":"Point","coordinates":[45.6,-17.5]},"properties":{"region":1,"fire_occurred":1,"prediction":0.3733}},{"type":"Feature","geometry":{"type":"Point","coordinates":[45.6,-17.4]},"properties":{"region":1,"fire_occurred":1,"prediction":0.1869}},{"type":"Feature","geometry":{"type":"Point","coordinates":[45.6,-17.3]},"properties":{"region":1,"fire_occurred":1,"prediction":0.1438}},{"type":"Feature","geometry":{"type":"Point","coordinates":[45.6,-17.2]},"properties":{"region":1,"fire_occurred":1,"prediction":0.0166}},{"type":"Feature","geometry":{"type":"Point","coordinates":[45.6,-17.1]},"properties":{"region":1,"fire_occurred":0,"prediction":0.5121}},{"type":"Feature","geometry":{"type":"Point","coordinates":[45.6,-17.0]},"properties":{"region":1,"fire_occurred":0,"prediction":0.3653}},{"type":"Feature","geometry":{"type":"Point","coordinates":[45.6,-16.8]},"properties":{"region":1,"fire_occurred":0,"prediction":0.1418}},{"type":"Feature","geometry":{"type":"Point","coordinates":[45.6,-16.6]},"properties":{"region":1,"fire_occurred":0,"prediction":0.1243}},{"type":"Feature","geometry":{"type":"Point","coordinates":[45.7,-19.4]},"properties":{"region":1,"fire_occurred":1,"prediction":0.0258}},{"type":"Feature","geometry":{"type":"Point","coordinates":[45.7,-17.3]},"properties":{"region":1,"fire_occurred":1,"prediction":0.2298}},{"type":"Feature","geometry":{"type":"Point","coordinates":[45.7,-17.2]},"properties":{"region":1,"fire_occurred":1,"prediction":0.028}},{"type":"Feature","geometry":{"type":"Point","coordinates":[45.7,-17.1]},"properties":{"region":1,"fire_occurred":0,"prediction":0.2202}},{"type":"Feature","geometry":{"type":"Point","coordinates":[45.7,-17.0]},"properties":{"region":1,"fire_occurred":0,"prediction":0.197}},{"type":"Feature","geometry":{"type":"Point","coordinates":[45.7,-16.9]},"properties":{"region":1,"fire_occurred":1,"prediction":0.0496}},{"type":"Feature","geometry":{"type":"Point","coordinates":[45.9,-20.0]},"properties":{"region":1,"fire_occurred":1,"prediction":0.0056}},{"type":"Feature","geometry":{"type":"Point","coordinates":[45.9,-17.4]},"properties":{"region":1,"fire_occurred":0,"prediction":0.2085}},{"type":"Feature","geometry":{"type":"Point","coordinates":[45.9,-17.3]},"properties":{"region":1,"fire_occurred":0,"prediction":0.2449}},{"type":"Feature","geometry":{"type":"Point","coordinates":[45.9,-17.2]},"properties":{"region":1,"fire_occurred":0,"prediction":0.1763}},{"type":"Feature","geometry":{"type":"Point","coordinates":[46.0,-24.8]},"properties":{"region":1,"fire_occurred":1,"prediction":0.0025}},{"type":"Feature","geometry":{"type":"Point","coordinates":[46.0,-20.7]},"properties":{"region":1,"fire_occurred":1,"prediction":0.0204}},{"type":"Feature","geometry":{"type":"Point","coordinates":[46.0,-17.4]},"properties":{"region":1,"fire_occurred":0,"prediction":0.1595}},{"type":"Feature","geometry":{"type":"Point","coordinates":[46.0,-17.0]},"properties":{"region":1,"fire_occurred":1,"prediction":0.0568}},{"type":"Feature","geometry":{"type":"Point","coordinates":[46.1,-17.1]},"properties":{"region":1,"fire_occurred":0,"prediction":0.1236}},{"type":"Feature","geometry":{"type":"Point","coordinates":[46.2,-17.4]},"properties":{"region":1,"fire_occurred":0,"prediction":0.206}},{"type":"Feature","geometry":{"type":"Point","coordinates":[46.2,-17.3]},"properties":{"region":1,"fire_occurred":0,"prediction":0.2162}},{"type":"Feature","geometry":{"type":"Point","coordinates":[46.2,-16.9]},"properties":{"region":1,"fire_occurred":0,"prediction":0.2129}},{"type":"Feature","geometry":{"type":"Point","coordinates":[46.2,-16.2]},"properties":{"region":1,"fire_occurred":0,"prediction":0.1563}},{"type":"Feature","geometry":{"type":"Point","coordinates":[46.3,-16.4]},"properties":{"region":1,"fire_occurred":1,"prediction":0.0308}},{"type":"Feature","geometry":{"type":"Point","coordinates":[46.3,-16.1]},"properties":{"region":1,"fire_occurred":0,"prediction":0.1044}},{"type":"Feature","geometry":{"type":"Point","coordinates":[46.4,-17.4]},"properties":{"region":1,"fire_occurred":0,"prediction":0.1663}},{"type":"Feature","geometry":{"type":"Point","coordinates":[46.4,-17.2]},"properties":{"region":1,"fire_occurred":1,"prediction":0.0269}},{"type":"Feature","geometry":{"type":"Point","coordinates":[46.5,-17.4]},"properties":{"region":1,"fire_occurred":0,"prediction":0.1134}},{"type":"Feature","geometry":{"type":"Point","coordinates":[46.6,-17.4]},"properties":{"region":1,"fire_occurred":1,"prediction":0.0296}},{"type":"Feature","geometry":{"type":"Point","coordinates":[46.6,-15.6]},"properties":{"region":1,"fire_occurred":0,"prediction":0.1131}},{"type":"Feature","geometry":{"type":"Point","coordinates":[46.9,-16.6]},"properties":{"region":1,"fire_occurred":1,"prediction":0.1005}},{"type":"Feature","geometry":{"type":"Point","coordinates":[46.9,-15.4]},"properties":{"region":1,"fire_occurred":1,"prediction":0.0794}},{"type":"Feature","geometry":{"type":"Point","coordinates":[47.0,-16.9]},"properties":{"region":1,"fire_occurred":1,"prediction":0.0398}},{"type":"Feature","geometry":{"type":"Point","coordinates":[47.0,-16.7]},"properties":{"region":1,"fire_occurred":1,"prediction":0.0249}},{"type":"Feature","geometry":{"type":"Point","coordinates":[47.2,-16.1]},"properties":{"region":1,"fire_occurred":1,"prediction":0.0258}},{"type":"Feature","geometry":{"type":"Point","coordinates":[47.7,-16.6]},"properties":{"region":1,"fire_occurred":1,"prediction":0.0391}},{"type":"Feature","geometry":{"type":"Point","coordinates":[47.7,-16.5]},"properties":{"region":1,"fire_occurred":1,"prediction":0.014}},{"type":"Feature","geometry":{"type":"Point","coordinates":[47.7,-16.4]},"properties":{"region":1,"fire_occurred":1,"prediction":0.014}},{"type":"Feature","geometry":{"type":"Point","coordinates":[47.7,-15.5]},"properties":{"region":1,"fire_occurred":0,"prediction":0.1008}},{"type":"Feature","geometry":{"type":"Point","coordinates":[47.8,-16.4]},"properties":{"region":1,"fire_occurred":1,"prediction":0.0965}},{"type":"Feature","geometry":{"type":"Point","coordinates":[47.9,-15.2]},"properties":{"region":1,"fire_occurred":0,"prediction":0.1102}},{"type":"Feature","geometry":{"type":"Point","coordinates":[48.0,-16.3]},"properties":{"region":1,"fire_occurred":1,"prediction":0.0376}},{"type":"Feature","geometry":{"type":"Point","coordinates":[48.1,-15.3]},"properties":{"region":1,"fire_occurred":1,"prediction":0.0144}},{"type":"Feature","geometry":{"type":"Point","coordinates":[48.3,-15.0]},"properties":{"region":1,"fire_occurred":1,"prediction":0.0045}},{"type":"Feature","geometry":{"type":"Point","coordinates":[48.3,-14.8]},"properties":{"region":1,"fire_occurred":1,"prediction":0.0109}},{"type":"Feature","geometry":{"type":"Point","coordinates":[49.1,-13.7]},"properties":{"region":1,"fire_occurred":1,"prediction":0.0122}},{"type":"Feature","geometry":{"type":"Point","coordinates":[49.3,-13.2]},"properties":{"region":1,"fire_occurred":1,"prediction":0.0096}},{"type":"Feature","geometry":{"type":"Point","coordinates":[49.7,-13.7]},"properties":{"region":1,"fire_occurred":1,"prediction":0.0006}},{"type":"Feature","geometry":{"type":"Point","coordinates":[73.6,20.7]},"properties":{"region":1,"fire_occurred":1,"prediction":0.002}},{"type":"Feature","geometry":{"type":"Point","coordinates":[75.7,24.6]},"properties":{"region":1,"fire_occurred":1,"prediction":0.0131}},{"type":"Feature","geometry":{"type":"Point","coordinates":[78.0,20.4]},"properties":{"region":1,"fire_occurred":1,"prediction":0.0028}},{"type":"Feature","geometry":{"type":"Point","coordinates":[78.3,23.5]},"properties":{"region":1,"fire_occurred":1,"prediction":0.048}},{"type":"Feature","geometry":{"type":"Point","coordinates":[78.5,21.2]},"properties":{"region":1,"fire_occurred":1,"prediction":0.0396}},{"type":"Feature","geometry":{"type":"Point","coordinates":[78.6,18.7]},"properties":{"region":1,"fire_occurred":1,"prediction":0.0038}},{"type":"Feature","geometry":{"type":"Point","coordinates":[78.7,21.9]},"properties":{"region":1,"fire_occurred":1,"prediction":0.0113}},{"type":"Feature","geometry":{"type":"Point","coordinates":[78.9,18.9]},"properties":{"region":1,"fire_occurred":1,"prediction":0.0035}},{"type":"Feature","geometry":{"type":"Point","coordinates":[79.4,13.9]},"properties":{"region":1,"fire_occurred":1,"prediction":0.0027}},{"type":"Feature","geometry":{"type":"Point","coordinates":[79.6,12.3]},"properties":{"region":1,"fire_occurred":1,"prediction":0.0049}},{"type":"Feature","geometry":{"type":"Point","coordinates":[79.6,13.4]},"properties":{"region":1,"fire_occurred":1,"prediction":0.0074}},{"type":"Feature","geometry":{"type":"Point","coordinates":[79.8,12.8]},"properties":{"region":1,"fire_occurred":1,"prediction":0.0045}},{"type":"Feature","geometry":{"type":"Point","coordinates":[79.8,22.4]},"properties":{"region":1,"fire_occurred":1,"prediction":0.0283}},{"type":"Feature","geometry":{"type":"Point","coordinates":[79.9,13.3]},"properties":{"region":1,"fire_occurred":1,"prediction":0.0093}},{"type":"Feature","geometry":{"type":"Point","coordinates":[79.9,23.7]},"properties":{"region":1,"fire_occurred":1,"prediction":0.0036}},{"type":"Feature","geometry":{"type":"Point","coordinates":[80.0,22.5]},"properties":{"region":1,"fire_occurred":1,"prediction":0.0101}},{"type":"Feature","geometry":{"type":"Point","coordinates":[80.3,17.7]},"properties":{"region":1,"fire_occurred":1,"prediction":0.0177}},{"type":"Feature","geometry":{"type":"Point","coordinates":[80.4,18.3]},"properties":{"region":1,"fire_occurred":0,"prediction":0.1079}},{"type":"Feature","geometry":{"type":"Point","coordinates":[80.7,18.0]},"properties":{"region":1,"fire_occurred":1,"prediction":0.0048}},{"type":"Feature","geometry":{"type":"Point","coordinates":[80.8,16.9]},"properties":{"region":1,"fire_occurred":1,"prediction":0.0023}},{"type":"Feature","geometry":{"type":"Point","coordinates":[80.8,17.1]},"properties":{"region":1,"fire_occurred":1,"prediction":0.004}},{"type":"Feature","geometry":{"type":"Point","coordinates":[81.0,17.5]},"properties":{"region":1,"fire_occurred":1,"prediction":0.0039}},{"type":"Feature","geometry":{"type":"Point","coordinates":[81.3,16.7]},"properties":{"region":1,"fire_occurred":1,"prediction":0.0028}},{"type":"Feature","geometry":{"type":"Point","coordinates":[81.4,16.5]},"properties":{"region":1,"fire_occurred":1,"prediction":0.0024}},{"type":"Feature","geometry":{"type":"Point","coordinates":[81.9,16.8]},"properties":{"region":1,"fire_occurred":1,"prediction":0.0028}},{"type":"Feature","geometry":{"type":"Point","coordinates":[82.0,16.7]},"properties":{"region":1,"fire_occurred":1,"prediction":0.0053}},{"type":"Feature","geometry":{"type":"Point","coordinates":[82.3,17.3]},"properties":{"region":1,"fire_occurred":1,"prediction":0.0126}},{"type":"Feature","geometry":{"type":"Point","coordinates":[82.5,22.3]},"properties":{"region":1,"fire_occurred":0,"prediction":0.4069}},{"type":"Feature","geometry":{"type":"Point","coordinates":[82.6,22.3]},"properties":{"region":1,"fire_occurred":0,"prediction":0.3236}},{"type":"Feature","geometry":{"type":"Point","coordinates":[82.9,19.3]},"properties":{"region":1,"fire_occurred":0,"prediction":0.1236}},{"type":"Feature","geometry":{"type":"Point","coordinates":[83.1,19.4]},"properties":{"region":1,"fire_occurred":0,"prediction":0.109}},{"type":"Feature","geometry":{"type":"Point","coordinates":[83.1,19.5]},"properties":{"region":1,"fire_occurred":1,"prediction":0.0913}},{"type":"Feature","geometry":{"type":"Point","coordinates":[83.3,21.9]},"properties":{"region":1,"fire_occurred":0,"prediction":0.205}},{"type":"Feature","geometry":{"type":"Point","coordinates":[83.5,19.8]},"properties":{"region":1,"fire_occurred":0,"prediction":0.1738}},{"type":"Feature","geometry":{"type":"Point","coordinates":[83.5,19.9]},"properties":{"region":1,"fire_occurred":0,"prediction":0.1914}},{"type":"Feature","geometry":{"type":"Point","coordinates":[83.6,19.7]},"properties":{"region":1,"fire_occurred":0,"prediction":0.232}},{"type":"Feature","geometry":{"type":"Point","coordinates":[83.7,20.0]},"properties":{"region":1,"fire_occurred":0,"prediction":0.1089}},{"type":"Feature","geometry":{"type":"Point","coordinates":[83.7,22.0]},"properties":{"region":1,"fire_occurred":1,"prediction":0.0031}},{"type":"Feature","geometry":{"type":"Point","coordinates":[83.8,19.4]},"properties":{"region":1,"fire_occurred":0,"prediction":0.1008}},{"type":"Feature","geometry":{"type":"Point","coordinates":[83.8,19.8]},"properties":{"region":1,"fire_occurred":0,"prediction":0.22}},{"type":"Feature","geometry":{"type":"Point","coordinates":[83.8,19.9]},"properties":{"region":1,"fire_occurred":0,"prediction":0.1006}},{"type":"Feature","geometry":{"type":"Point","coordinates":[83.8,20.0]},"properties":{"region":1,"fire_occurred":0,"prediction":0.1112}},{"type":"Feature","geometry":{"type":"Point","coordinates":[83.9,19.8]},"properties":{"region":1,"fire_occurred":0,"prediction":0.2875}},{"type":"Feature","geometry":{"type":"Point","coordinates":[83.9,19.9]},"properties":{"region":1,"fire_occurred":0,"prediction":0.2797}},{"type":"Feature","geometry":{"type":"Point","coordinates":[84.0,19.7]},"properties":{"region":1,"fire_occurred":0,"prediction":0.1564}},{"type":"Feature","geometry":{"type":"Point","coordinates":[85.0,21.0]},"properties":{"region":1,"fire_occurred":0,"prediction":0.3097}},{"type":"Feature","geometry":{"type":"Point","coordinates":[85.1,20.9]},"properties":{"region":1,"fire_occurred":1,"prediction":0.6324}},{"type":"Feature","geometry":{"type":"Point","coordinates":[85.2,20.7]},"properties":{"region":1,"fire_occurred":0,"prediction":0.3502}},{"type":"Feature","geometry":{"type":"Point","coordinates":[86.0,20.9]},"properties":{"region":1,"fire_occurred":1,"prediction":0.2947}},{"type":"Feature","geometry":{"type":"Point","coordinates":[86.0,23.6]},"properties":{"region":1,"fire_occurred":0,"prediction":0.2653}},{"type":"Feature","geometry":{"type":"Point","coordinates":[86.2,22.7]},"properties":{"region":1,"fire_occurred":0,"prediction":0.3227}},{"type":"Feature","geometry":{"type":"Point","coordinates":[86.2,23.7]},"properties":{"region":1,"fire_occurred":0,"prediction":0.1474}},{"type":"Feature","geometry":{"type":"Point","coordinates":[86.3,23.7]},"properties":{"region":1,"fire_occurred":0,"prediction":0.3724}},{"type":"Feature","geometry":{"type":"Point","coordinates":[86.3,23.8]},"properties":{"region":1,"fire_occurred":1,"prediction":0.2742}},{"type":"Feature","geometry":{"type":"Point","coordinates":[86.9,23.6]},"properties":{"region":1,"fire_occurred":1,"prediction":0.0577}},{"type":"Feature","geometry":{"type":"Point","coordinates":[94.0,19.6]},"properties":{"region":1,"fire_occurred":0,"prediction":0.1269}},{"type":"Feature","geometry":{"type":"Point","coordinates":[94.0,19.7]},"properties":{"region":1,"fire_occurred":1,"prediction":0.055}},{"type":"Feature","geometry":{"type":"Point","coordinates":[94.0,19.9]},"properties":{"region":1,"fire_occurred":0,"prediction":0.1986}},{"type":"Feature","geometry":{"type":"Point","coordinates":[94.1,19.0]},"properties":{"region":1,"fire_occurred":0,"prediction":0.1015}},{"type":"Feature","geometry":{"type":"Point","coordinates":[94.1,19.3]},"properties":{"region":1,"fire_occurred":0,"prediction":0.1123}},{"type":"Feature","geometry":{"type":"Point","coordinates":[94.1,19.7]},"properties":{"region":1,"fire_occurred":1,"prediction":0.1273}},{"type":"Feature","geometry":{"type":"Point","coordinates":[95.0,16.9]},"properties":{"region":1,"fire_occurred":0,"prediction":0.1186}},{"type":"Feature","geometry":{"type":"Point","coordinates":[95.2,16.9]},"properties":{"region":1,"fire_occurred":0,"prediction":0.1186}},{"type":"Feature","geometry":{"type":"Point","coordinates":[95.7,17.1]},"properties":{"region":1,"fire_occurred":0,"prediction":0.1754}},{"type":"Feature","geometry":{"type":"Point","coordinates":[96.9,18.1]},"properties":{"region":1,"fire_occurred":1,"prediction":0.0012}},{"type":"Feature","geometry":{"type":"Point","coordinates":[97.1,25.3]},"properties":{"region":1,"fire_occurred":1,"prediction":0.011}},{"type":"Feature","geometry":{"type":"Point","coordinates":[97.6,25.3]},"properties":{"region":1,"fire_occurred":1,"prediction":0.003}},{"type":"Feature","geometry":{"type":"Point","coordinates":[97.7,25.3]},"properties":{"region":1,"fire_occurred":1,"prediction":0.0076}},{"type":"Feature","geometry":{"type":"Point","coordinates":[97.7,25.4]},"properties":{"region":1,"fire_occurred":1,"prediction":0.0155}},{"type":"Feature","geometry":{"type":"Point","coordinates":[98.0,15.0]},"properties":{"region":1,"fire_occurred":1,"prediction":0.0177}},{"type":"Feature","geometry":{"type":"Point","coordinates":[98.1,15.0]},"properties":{"region":1,"fire_occurred":1,"prediction":0.003}},{"type":"Feature","geometry":{"type":"Point","coordinates":[98.2,18.0]},"properties":{"region":1,"fire_occurred":1,"prediction":0.0008}},{"type":"Feature","geometry":{"type":"Point","coordinates":[98.2,19.0]},"properties":{"region":1,"fire_occurred":1,"prediction":0.0008}},{"type":"Feature","geometry":{"type":"Point","coordinates":[98.2,19.1]},"properties":{"region":1,"fire_occurred":1,"prediction":0.0019}},{"type":"Feature","geometry":{"type":"Point","coordinates":[98.4,15.8]},"properties":{"region":1,"fire_occurred":1,"prediction":0.0286}},{"type":"Feature","geometry":{"type":"Point","coordinates":[98.8,15.4]},"properties":{"region":1,"fire_occurred":1,"prediction":0.004}},{"type":"Feature","geometry":{"type":"Point","coordinates":[99.0,10.7]},"properties":{"region":1,"fire_occurred":1,"prediction":0.0024}},{"type":"Feature","geometry":{"type":"Point","coordinates":[99.0,16.6]},"properties":{"region":1,"fire_occurred":1,"prediction":0.0016}},{"type":"Feature","geometry":{"type":"Point","coordinates":[99.1,11.7]},"properties":{"region":1,"fire_occurred":1,"prediction":0.0438}},{"type":"Feature","geometry":{"type":"Point","coordinates":[99.1,12.0]},"properties":{"region":1,"fire_occurred":1,"prediction":0.0026}},{"type":"Feature","geometry":{"type":"Point","coordinates":[99.1,12.3]},"properties":{"region":1,"fire_occurred":1,"prediction":0.0884}},{"type":"Feature","geometry":{"type":"Point","coordinates":[99.2,11.7]},"properties":{"region":1,"fire_occurred":1,"prediction":0.0063}},{"type":"Feature","geometry":{"type":"Point","coordinates":[99.2,11.8]},"properties":{"region":1,"fire_occurred":1,"prediction":0.0785}},{"type":"Feature","geometry":{"type":"Point","coordinates":[99.3,19.4]},"properties":{"region":1,"fire_occurred":1,"prediction":0.0048}},{"type":"Feature","geometry":{"type":"Point","coordinates":[99.5,19.9]},"properties":{"region":1,"fire_occurred":1,"prediction":0.011}},{"type":"Feature","geometry":{"type":"Point","coordinates":[99.6,21.9]},"properties":{"region":1,"fire_occurred":1,"prediction":0.005}},{"type":"Feature","geometry":{"type":"Point","coordinates":[99.7,21.9]},"properties":{"region":1,"fire_occurred":1,"prediction":0.0007}},{"type":"Feature","geometry":{"type":"Point","coordinates":[99.8,21.8]},"properties":{"region":1,"fire_occurred":1,"prediction":0.0003}},{"type":"Feature","geometry":{"type":"Point","coordinates":[100.0,17.9]},"properties":{"region":1,"fire_occurred":1,"prediction":0.0056}},{"type":"Feature","geometry":{"type":"Point","coordinates":[100.1,17.4]},"properties":{"region":1,"fire_occurred":1,"prediction":0.0027}},{"type":"Feature","geometry":{"type":"Point","coordinates":[100.2,14.0]},"properties":{"region":1,"fire_occurred":1,"prediction":0.0105}},{"type":"Feature","geometry":{"type":"Point","coordinates":[100.4,18.7]},"properties":{"region":1,"fire_occurred":0,"prediction":0.1301}},{"type":"Feature","geometry":{"type":"Point","coordinates":[100.5,20.4]},"properties":{"region":1,"fire_occurred":1,"prediction":0.0408}},{"type":"Feature","geometry":{"type":"Point","coordinates":[100.6,20.9]},"properties":{"region":1,"fire_occurred":0,"prediction":0.1083}},{"type":"Feature","geometry":{"type":"Point","coordinates":[100.6,21.0]},"properties":{"region":1,"fire_occurred":1,"prediction":0.0053}},{"type":"Feature","geometry":{"type":"Point","coordinates":[100.8,14.3]},"properties":{"region":1,"fire_occurred":1,"prediction":0.0244}},{"type":"Feature","geometry":{"type":"Point","coordinates":[100.8,18.5]},"properties":{"region":1,"fire_occurred":1,"prediction":0.0277}},{"type":"Feature","geometry":{"type":"Point","coordinates":[100.8,19.2]},"properties":{"region":1,"fire_occurred":1,"prediction":0.0053}},{"type":"Feature","geometry":{"type":"Point","coordinates":[101.0,21.0]},"properties":{"region":1,"fire_occurred":0,"prediction":0.1166}},{"type":"Feature","geometry":{"type":"Point","coordinates":[101.1,4.0]},"properties":{"region":1,"fire_occurred":1,"prediction":0.0328}},{"type":"Feature","geometry":{"type":"Point","coordinates":[101.7,17.4]},"properties":{"region":1,"fire_occurred":1,"prediction":0.0063}},{"type":"Feature","geometry":{"type":"Point","coordinates":[101.7,18.2]},"properties":{"region":1,"fire_occurred":1,"prediction":0.0361}},{"type":"Feature","geometry":{"type":"Point","coordinates":[101.7,18.6]},"properties":{"region":1,"fire_occurred":1,"prediction":0.0049}},{"type":"Feature","geometry":{"type":"Point","coordinates":[101.8,20.8]},"properties":{"region":1,"fire_occurred":0,"prediction":0.1034}},{"type":"Feature","geometry":{"type":"Point","coordinates":[101.8,21.4]},"properties":{"region":1,"fire_occurred":0,"prediction":0.1247}},{"type":"Feature","geometry":{"type":"Point","coordinates":[101.9,4.8]},"properties":{"region":1,"fire_occurred":1,"prediction":0.002}},{"type":"Feature","geometry":{"type":"Point","coordinates":[101.9,21.1]},"properties":{"region":1,"fire_occurred":0,"prediction":0.1076}},{"type":"Feature","geometry":{"type":"Point","coordinates":[102.0,21.1]},"properties":{"region":1,"fire_occurred":0,"prediction":0.1092}},{"type":"Feature","geometry":{"type":"Point","coordinates":[102.1,20.8]},"properties":{"region":1,"fire_occurred":0,"prediction":0.2454}},{"type":"Feature","geometry":{"type":"Point","coordinates":[102.2,5.5]},"properties":{"region":1,"fire_occurred":1,"prediction":0.0035}},{"type":"Feature","geometry":{"type":"Point","coordinates":[102.2,18.7]},"properties":{"region":1,"fire_occurred":0,"prediction":0.1404}},{"type":"Feature","geometry":{"type":"Point","coordinates":[102.2,21.0]},"properties":{"region":1,"fire_occurred":0,"prediction":0.1221}},{"type":"Feature","geometry":{"type":"Point","coordinates":[102.3,18.8]},"properties":{"region":1,"fire_occurred":0,"prediction":0.107}},{"type":"Feature","geometry":{"type":"Point","coordinates":[102.3,20.8]},"properties":{"region":1,"fire_occurred":0,"prediction":0.1144}},{"type":"Feature","geometry":{"type":"Point","coordinates":[102.3,21.1]},"properties":{"region":1,"fire_occurred":0,"prediction":0.1109}},{"type":"Feature","geometry":{"type":"Point","coordinates":[102.4,5.6]},"properties":{"region":1,"fire_occurred":1,"prediction":0.0121}},{"type":"Feature","geometry":{"type":"Point","coordinates":[102.4,18.8]},"properties":{"region":1,"fire_occurred":0,"prediction":0.2974}},{"type":"Feature","geometry":{"type":"Point","coordinates":[102.5,18.8]},"properties":{"region":1,"fire_occurred":0,"prediction":0.3048}},{"type":"Feature","geometry":{"type":"Point","coordinates":[102.5,21.0]},"properties":{"region":1,"fire_occurred":0,"prediction":0.1943}},{"type":"Feature","geometry":{"type":"Point","coordinates":[102.6,20.7]},"properties":{"region":1,"fire_occurred":0,"prediction":0.1087}},{"type":"Feature","geometry":{"type":"Point","coordinates":[102.6,21.0]},"properties":{"region":1,"fire_occurred":0,"prediction":0.1209}},{"type":"Feature","geometry":{"type":"Point","coordinates":[102.7,20.5]},"properties":{"region":1,"fire_occurred":0,"prediction":0.3476}},{"type":"Feature","geometry":{"type":"Point","coordinates":[102.7,20.6]},"properties":{"region":1,"fire_occurred":0,"prediction":0.155}},{"type":"Feature","geometry":{"type":"Point","coordinates":[102.7,20.8]},"properties":{"region":1,"fire_occurred":0,"prediction":0.1433}},{"type":"Feature","geometry":{"type":"Point","coordinates":[102.7,20.9]},"properties":{"region":1,"fire_occurred":0,"prediction":0.1582}},{"type":"Feature","geometry":{"type":"Point","coordinates":[102.7,21.0]},"properties":{"region":1,"fire_occurred":0,"prediction":0.2899}},{"type":"Feature","geometry":{"type":"Point","coordinates":[102.8,-2.6]},"properties":{"region":1,"fire_occurred":1,"prediction":0.0014}},{"type":"Feature","geometry":{"type":"Point","coordinates":[102.8,20.4]},"properties":{"region":1,"fire_occurred":0,"prediction":0.1285}},{"type":"Feature","geometry":{"type":"Point","coordinates":[102.8,20.5]},"properties":{"region":1,"fire_occurred":0,"prediction":0.2433}},{"type":"Feature","geometry":{"type":"Point","coordinates":[102.8,20.6]},"properties":{"region":1,"fire_occurred":0,"prediction":0.227}},{"type":"Feature","geometry":{"type":"Point","coordinates":[102.8,20.7]},"properties":{"region":1,"fire_occurred":0,"prediction":0.127}},{"type":"Feature","geometry":{"type":"Point","coordinates":[102.8,20.9]},"properties":{"region":1,"fire_occurred":0,"prediction":0.2725}},{"type":"Feature","geometry":{"type":"Point","coordinates":[102.8,21.0]},"properties":{"region":1,"fire_occurred":0,"prediction":0.117}},{"type":"Feature","geometry":{"type":"Point","coordinates":[102.9,5.1]},"properties":{"region":1,"fire_occurred":1,"prediction":0.0062}},{"type":"Feature","geometry":{"type":"Point","coordinates":[102.9,20.1]},"properties":{"region":1,"fire_occurred":0,"prediction":0.2356}},{"type":"Feature","geometry":{"type":"Point","coordinates":[102.9,20.2]},"properties":{"region":1,"fire_occurred":0,"prediction":0.2424}},{"type":"Feature","geometry":{"type":"Point","coordinates":[102.9,20.3]},"properties":{"region":1,"fire_occurred":0,"prediction":0.3079}},{"type":"Feature","geometry":{"type":"Point","coordinates":[102.9,20.4]},"properties":{"region":1,"fire_occurred":0,"prediction":0.3415}},{"type":"Feature","geometry":{"type":"Point","coordinates":[102.9,20.5]},"properties":{"region":1,"fire_occurred":0,"prediction":0.5087}},{"type":"Feature","geometry":{"type":"Point","coordinates":[102.9,20.6]},"properties":{"region":1,"fire_occurred":0,"prediction":0.2665}},{"type":"Feature","geometry":{"type":"Point","coordinates":[102.9,20.7]},"properties":{"region":1,"fire_occurred":0,"prediction":0.1866}},{"type":"Feature","geometry":{"type":"Point","coordinates":[102.9,20.8]},"properties":{"region":1,"fire_occurred":0,"prediction":0.1262}},{"type":"Feature","geometry":{"type":"Point","coordinates":[103.0,20.1]},"properties":{"region":1,"fire_occurred":0,"prediction":0.1452}},{"type":"Feature","geometry":{"type":"Point","coordinates":[103.0,20.2]},"properties":{"region":1,"fire_occurred":0,"prediction":0.2792}},{"type":"Feature","geometry":{"type":"Point","coordinates":[103.0,20.3]},"properties":{"region":1,"fire_occurred":0,"prediction":0.2498}},{"type":"Feature","geometry":{"type":"Point","coordinates":[103.0,20.5]},"properties":{"region":1,"fire_occurred":0,"prediction":0.2078}},{"type":"Feature","geometry":{"type":"Point","coordinates":[103.0,20.6]},"properties":{"region":1,"fire_occurred":0,"prediction":0.2885}},{"type":"Feature","geometry":{"type":"Point","coordinates":[103.0,20.7]},"properties":{"region":1,"fire_occurred":0,"prediction":0.1855}},{"type":"Feature","geometry":{"type":"Point","coordinates":[103.1,20.1]},"properties":{"region":1,"fire_occurred":0,"prediction":0.1079}},{"type":"Feature","geometry":{"type":"Point","coordinates":[103.1,20.2]},"properties":{"region":1,"fire_occurred":0,"prediction":0.1198}},{"type":"Feature","geometry":{"type":"Point","coordinates":[103.1,20.7]},"properties":{"region":1,"fire_occurred":0,"prediction":0.2189}},{"type":"Feature","geometry":{"type":"Point","coordinates":[103.2,18.4]},"properties":{"region":1,"fire_occurred":1,"prediction":0.0551}},{"type":"Feature","geometry":{"type":"Point","coordinates":[103.3,4.0]},"properties":{"region":1,"fire_occurred":1,"prediction":0.0053}},{"type":"Feature","geometry":{"type":"Point","coordinates":[103.3,20.0]},"properties":{"region":1,"fire_occurred":0,"prediction":0.1254}},{"type":"Feature","geometry":{"type":"Point","coordinates":[103.5,13.0]},"properties":{"region":1,"fire_occurred":0,"prediction":0.1229}},{"type":"Feature","geometry":{"type":"Point","coordinates":[103.7,12.9]},"properties":{"region":1,"fire_occurred":1,"prediction":0.0046}},{"type":"Feature","geometry":{"type":"Point","coordinates":[103.8,12.8]},"properties":{"region":1,"fire_occurred":1,"prediction":0.0093}},{"type":"Feature","geometry":{"type":"Point","coordinates":[103.9,-2.1]},"properties":{"region":1,"fire_occurred":1,"prediction":0.0091}},{"type":"Feature","geometry":{"type":"Point","coordinates":[103.9,19.8]},"properties":{"region":1,"fire_occurred":0,"prediction":0.1137}},{"type":"Feature","geometry":{"type":"Point","coordinates":[104.2,18.6]},"properties":{"region":1,"fire_occurred":1,"prediction":0.0321}},{"type":"Feature","geometry":{"type":"Point","coordinates":[104.5,19.8]},"properties":{"region":1,"fire_occurred":0,"prediction":0.1503}},{"type":"Feature","geometry":{"type":"Point","coordinates":[104.6,19.8]},"properties":{"region":1,"fire_occurred":0,"prediction":0.1997}},{"type":"Feature","geometry":{"type":"Point","coordinates":[104.6,19.9]},"properties":{"region":1,"fire_occurred":0,"prediction":0.235}},{"type":"Feature","geometry":{"type":"Point","coordinates":[104.7,19.8]},"properties":{"region":1,"fire_occurred":0,"prediction":0.2832}},{"type":"Feature","geometry":{"type":"Point","coordinates":[104.7,19.9]},"properties":{"region":1,"fire_occurred":0,"prediction":0.126}},{"type":"Feature","geometry":{"type":"Point","coordinates":[104.8,19.8]},"properties":{"region":1,"fire_occurred":0,"prediction":0.1461}},{"type":"Feature","geometry":{"type":"Point","coordinates":[104.8,19.9]},"properties":{"region":1,"fire_occurred":0,"prediction":0.1689}},{"type":"Feature","geometry":{"type":"Point","coordinates":[105.1,9.1]},"properties":{"region":1,"fire_occurred":1,"prediction":0.0051}},{"type":"Feature","geometry":{"type":"Point","coordinates":[105.1,18.8]},"properties":{"region":1,"fire_occurred":0,"prediction":0.1293}},{"type":"Feature","geometry":{"type":"Point","coordinates":[105.2,10.5]},"properties":{"region":1,"fire_occurred":1,"prediction":0.0025}},{"type":"Feature","geometry":{"type":"Point","coordinates":[105.3,-2.8]},"properties":{"region":1,"fire_occurred":1,"prediction":0.0275}},{"type":"Feature","geometry":{"type":"Point","coordinates":[105.3,18.5]},"properties":{"region":1,"fire_occurred":1,"prediction":0.0393}},{"type":"Feature","geometry":{"type":"Point","coordinates":[105.3,19.0]},"properties":{"region":1,"fire_occurred":1,"prediction":0.0228}},{"type":"Feature","geometry":{"type":"Point","coordinates":[105.6,18.3]},"properties":{"region":1,"fire_occurred":1,"prediction":0.0183}},{"type":"Feature","geometry":{"type":"Point","coordinates":[105.9,10.5]},"properties":{"region":1,"fire_occurred":1,"prediction":0.0085}},{"type":"Feature","geometry":{"type":"Point","coordinates":[105.9,10.7]},"properties":{"region":1,"fire_occurred":1,"prediction":0.0035}},{"type":"Feature","geometry":{"type":"Point","coordinates":[106.0,18.0]},"properties":{"region":1,"fire_occurred":1,"prediction":0.0194}},{"type":"Feature","geometry":{"type":"Point","coordinates":[106.1,11.2]},"properties":{"region":1,"fire_occurred":1,"prediction":0.0027}},{"type":"Feature","geometry":{"type":"Point","coordinates":[106.3,11.1]},"properties":{"region":1,"fire_occurred":1,"prediction":0.015}},{"type":"Feature","geometry":{"type":"Point","coordinates":[106.3,17.6]},"properties":{"region":1,"fire_occurred":1,"prediction":0.0177}},{"type":"Feature","geometry":{"type":"Point","coordinates":[106.5,16.9]},"properties":{"region":1,"fire_occurred":0,"prediction":0.112}},{"type":"Feature","geometry":{"type":"Point","coordinates":[106.6,16.6]},"properties":{"region":1,"fire_occurred":1,"prediction":0.0045}},{"type":"Feature","geometry":{"type":"Point","coordinates":[106.7,10.9]},"properties":{"region":1,"fire_occurred":1,"prediction":0.0018}},{"type":"Feature","geometry":{"type":"Point","coordinates":[106.7,15.2]},"properties":{"region":1,"fire_occurred":1,"prediction":0.0021}},{"type":"Feature","geometry":{"type":"Point","coordinates":[106.7,16.6]},"properties":{"region":1,"fire_occurred":1,"prediction":0.005}},{"type":"Feature","geometry":{"type":"Point","coordinates":[107.2,21.9]},"properties":{"region":1,"fire_occurred":1,"prediction":0.0013}},{"type":"Feature","geometry":{"type":"Point","coordinates":[107.5,16.2]},"properties":{"region":1,"fire_occurred":1,"prediction":0.0183}},{"type":"Feature","geometry":{"type":"Point","coordinates":[107.7,-7.0]},"properties":{"region":1,"fire_occurred":0,"prediction":0.1025}},{"type":"Feature","geometry":{"type":"Point","coordinates":[107.7,15.4]},"properties":{"region":1,"fire_occurred":0,"prediction":0.1083}},{"type":"Feature","geometry":{"type":"Point","coordinates":[107.7,15.9]},"properties":{"region":1,"fire_occurred":0,"prediction":0.1008}},{"type":"Feature","geometry":{"type":"Point","coordinates":[107.8,-7.0]},"properties":{"region":1,"fire_occurred":0,"prediction":0.2537}},{"type":"Feature","geometry":{"type":"Point","coordinates":[107.8,15.9]},"properties":{"region":1,"fire_occurred":0,"prediction":0.2048}},{"type":"Feature","geometry":{"type":"Point","coordinates":[107.9,11.0]},"properties":{"region":1,"fire_occurred":1,"prediction":0.0033}},{"type":"Feature","geometry":{"type":"Point","coordinates":[107.9,12.6]},"properties":{"region":1,"fire_occurred":1,"prediction":0.005}},{"type":"Feature","geometry":{"type":"Point","coordinates":[107.9,15.5]},"properties":{"region":1,"fire_occurred":0,"prediction":0.155}},{"type":"Feature","geometry":{"type":"Point","coordinates":[107.9,15.6]},"properties":{"region":1,"fire_occurred":1,"prediction":0.0437}},{"type":"Feature","geometry":{"type":"Point","coordinates":[108.0,13.8]},"properties":{"region":1,"fire_occurred":1,"prediction":0.0059}},{"type":"Feature","geometry":{"type":"Point","coordinates":[108.0,15.2]},"properties":{"region":1,"fire_occurred":0,"prediction":0.2013}},{"type":"Feature","geometry":{"type":"Point","coordinates":[108.0,15.5]},"properties":{"region":1,"fire_occurred":0,"prediction":0.3071}},{"type":"Feature","geometry":{"type":"Point","coordinates":[108.0,15.6]},"properties":{"region":1,"fire_occurred":0,"prediction":0.1012}},{"type":"Feature","geometry":{"type":"Point","coordinates":[108.1,15.3]},"properties":{"region":1,"fire_occurred":1,"prediction":0.1644}},{"type":"Feature","geometry":{"type":"Point","coordinates":[108.1,15.4]},"properties":{"region":1,"fire_occurred":1,"prediction":0.2558}},{"type":"Feature","geometry":{"type":"Point","coordinates":[108.1,15.5]},"properties":{"region":1,"fire_occurred":1,"prediction":0.1196}},{"type":"Feature","geometry":{"type":"Point","coordinates":[108.2,14.9]},"properties":{"region":1,"fire_occurred":0,"prediction":0.1395}},{"type":"Feature","geometry":{"type":"Point","coordinates":[108.2,15.0]},"properties":{"region":1,"fire_occurred":0,"prediction":0.2513}},{"type":"Feature","geometry":{"type":"Point","coordinates":[108.2,15.2]},"properties":{"region":1,"fire_occurred":0,"prediction":0.1335}},{"type":"Feature","geometry":{"type":"Point","coordinates":[108.2,15.3]},"properties":{"region":1,"fire_occurred":1,"prediction":0.1793}},{"type":"Feature","geometry":{"type":"Point","coordinates":[108.2,15.4]},"properties":{"region":1,"fire_occurred":1,"prediction":0.0779}},{"type":"Feature","geometry":{"type":"Point","coordinates":[108.3,14.1]},"properties":{"region":1,"fire_occurred":1,"prediction":0.0115}},{"type":"Feature","geometry":{"type":"Point","coordinates":[108.3,14.8]},"properties":{"region":1,"fire_occurred":0,"prediction":0.1817}},{"type":"Feature","geometry":{"type":"Point","coordinates":[108.3,15.0]},"properties":{"region":1,"fire_occurred":0,"prediction":0.1586}},{"type":"Feature","geometry":{"type":"Point","coordinates":[108.3,15.1]},"properties":{"region":1,"fire_occurred":0,"prediction":0.1313}},{"type":"Feature","geometry":{"type":"Point","coordinates":[108.3,15.2]},"properties":{"region":1,"fire_occurred":1,"prediction":0.1396}},{"type":"Feature","geometry":{"type":"Point","coordinates":[108.3,15.3]},"properties":{"region":1,"fire_occurred":0,"prediction":0.2567}},{"type":"Feature","geometry":{"type":"Point","coordinates":[108.3,15.4]},"properties":{"region":1,"fire_occurred":1,"prediction":0.1546}},{"type":"Feature","geometry":{"type":"Point","coordinates":[108.4,14.8]},"properties":{"region":1,"fire_occurred":0,"prediction":0.1158}},{"type":"Feature","geometry":{"type":"Point","coordinates":[108.4,14.9]},"properties":{"region":1,"fire_occurred":1,"prediction":0.1905}},{"type":"Feature","geometry":{"type":"Point","coordinates":[108.4,15.1]},"properties":{"region":1,"fire_occurred":1,"prediction":0.0407}},{"type":"Feature","geometry":{"type":"Point","coordinates":[108.4,15.3]},"properties":{"region":1,"fire_occurred":0,"prediction":0.2109}},{"type":"Feature","geometry":{"type":"Point","coordinates":[108.5,12.5]},"properties":{"region":1,"fire_occurred":1,"prediction":0.081}},{"type":"Feature","geometry":{"type":"Point","coordinates":[108.5,14.7]},"properties":{"region":1,"fire_occurred":1,"prediction":0.1501}},{"type":"Feature","geometry":{"type":"Point","coordinates":[108.5,14.8]},"properties":{"region":1,"fire_occurred":0,"prediction":0.1572}},{"type":"Feature","geometry":{"type":"Point","coordinates":[108.5,14.9]},"properties":{"region":1,"fire_occurred":0,"prediction":0.1713}},{"type":"Feature","geometry":{"type":"Point","coordinates":[108.6,12.5]},"properties":{"region":1,"fire_occurred":0,"prediction":0.1292}},{"type":"Feature","geometry":{"type":"Point","coordinates":[108.6,14.6]},"properties":{"region":1,"fire_occurred":1,"prediction":0.0766}},{"type":"Feature","geometry":{"type":"Point","coordinates":[108.6,14.7]},"properties":{"region":1,"fire_occurred":0,"prediction":0.1444}},{"type":"Feature","geometry":{"type":"Point","coordinates":[108.6,14.8]},"properties":{"region":1,"fire_occurred":0,"prediction":0.1127}},{"type":"Feature","geometry":{"type":"Point","coordinates":[108.6,15.3]},"properties":{"region":1,"fire_occurred":0,"prediction":0.1147}},{"type":"Feature","geometry":{"type":"Point","coordinates":[108.7,12.5]},"properties":{"region":1,"fire_occurred":0,"prediction":0.3218}},{"type":"Feature","geometry":{"type":"Point","coordinates":[108.7,13.9]},"properties":{"region":1,"fire_occurred":1,"prediction":0.0171}},{"type":"Feature","geometry":{"type":"Point","coordinates":[108.8,12.5]},"properties":{"region":1,"fire_occurred":0,"prediction":0.1916}},{"type":"Feature","geometry":{"type":"Point","coordinates":[108.8,12.7]},"properties":{"region":1,"fire_occurred":0,"prediction":0.2191}},{"type":"Feature","geometry":{"type":"Point","coordinates":[108.8,14.2]},"properties":{"region":1,"fire_occurred":1,"prediction":0.0209}},{"type":"Feature","geometry":{"type":"Point","coordinates":[108.8,14.8]},"properties":{"region":1,"fire_occurred":0,"prediction":0.1051}},{"type":"Feature","geometry":{"type":"Point","coordinates":[108.9,12.3]},"properties":{"region":1,"fire_occurred":1,"prediction":0.0176}},{"type":"Feature","geometry":{"type":"Point","coordinates":[108.9,14.4]},"properties":{"region":1,"fire_occurred":1,"prediction":0.0195}},{"type":"Feature","geometry":{"type":"Point","coordinates":[109.0,13.1]},"properties":{"region":1,"fire_occurred":0,"prediction":0.102}},{"type":"Feature","geometry":{"type":"Point","coordinates":[109.1,12.2]},"properties":{"region":1,"fire_occurred":1,"prediction":0.0079}},{"type":"Feature","geometry":{"type":"Point","coordinates":[110.0,21.6]},"properties":{"region":1,"fire_occurred":1,"prediction":0.0014}},{"type":"Feature","geometry":{"type":"Point","coordinates":[110.1,21.1]},"properties":{"region":1,"fire_occurred":1,"prediction":0.0031}},{"type":"Feature","geometry":{"type":"Point","coordinates":[110.8,21.8]},"properties":{"region":1,"fire_occurred":1,"prediction":0.0024}},{"type":"Feature","geometry":{"type":"Point","coordinates":[112.6,-7.6]},"properties":{"region":1,"fire_occurred":0,"prediction":0.1341}},{"type":"Feature","geometry":{"type":"Point","coordinates":[121.0,14.2]},"properties":{"region":1,"fire_occurred":1,"prediction":0.0112}},{"type":"Feature","geometry":{"type":"Point","coordinates":[121.0,15.9]},"properties":{"region":1,"fire_occurred":0,"prediction":0.1203}},{"type":"Feature","geometry":{"type":"Point","coordinates":[121.1,15.7]},"properties":{"region":1,"fire_occurred":0,"prediction":0.168}},{"type":"Feature","geometry":{"type":"Point","coordinates":[121.2,14.6]},"properties":{"region":1,"fire_occurred":1,"prediction":0.0055}},{"type":"Feature","geometry":{"type":"Point","coordinates":[121.3,-2.6]},"properties":{"region":1,"fire_occurred":1,"prediction":0.5005}},{"type":"Feature","geometry":{"type":"Point","coordinates":[121.3,14.6]},"properties":{"region":1,"fire_occurred":1,"prediction":0.0036}},{"type":"Feature","geometry":{"type":"Point","coordinates":[121.3,17.5]},"properties":{"region":1,"fire_occurred":0,"prediction":0.1204}},{"type":"Feature","geometry":{"type":"Point","coordinates":[121.3,17.6]},"properties":{"region":1,"fire_occurred":0,"prediction":0.1208}},{"type":"Feature","geometry":{"type":"Point","coordinates":[121.6,16.1]},"properties":{"region":1,"fire_occurred":0,"prediction":0.1057}},{"type":"Feature","geometry":{"type":"Point","coordinates":[121.6,16.2]},"properties":{"region":1,"fire_occurred":1,"prediction":0.0287}},{"type":"Feature","geometry":{"type":"Point","coordinates":[121.6,17.4]},"properties":{"region":1,"fire_occurred":1,"prediction":0.0321}},{"type":"Feature","geometry":{"type":"Point","coordinates":[121.6,17.8]},"properties":{"region":1,"fire_occurred":1,"prediction":0.0095}},{"type":"Feature","geometry":{"type":"Point","coordinates":[121.6,18.1]},"properties":{"region":1,"fire_occurred":1,"prediction":0.0136}},{"type":"Feature","geometry":{"type":"Point","coordinates":[121.7,16.6]},"properties":{"region":1,"fire_occurred":1,"prediction":0.0243}},{"type":"Feature","geometry":{"type":"Point","coordinates":[121.7,17.2]},"properties":{"region":1,"fire_occurred":1,"prediction":0.0074}},{"type":"Feature","geometry":{"type":"Point","coordinates":[121.7,17.4]},"properties":{"region":1,"fire_occurred":0,"prediction":0.1097}},{"type":"Feature","geometry":{"type":"Point","coordinates":[121.8,16.6]},"properties":{"region":1,"fire_occurred":0,"prediction":0.1078}},{"type":"Feature","geometry":{"type":"Point","coordinates":[123.6,-16.7]},"properties":{"region":1,"fire_occurred":1,"prediction":0.0156}},{"type":"Feature","geometry":{"type":"Point","coordinates":[123.6,-16.3]},"properties":{"region":1,"fire_occurred":0,"prediction":0.1716}},{"type":"Feature","geometry":{"type":"Point","coordinates":[123.7,-16.6]},"properties":{"region":1,"fire_occurred":0,"prediction":0.2718}},{"type":"Feature","geometry":{"type":"Point","coordinates":[123.7,-16.5]},"properties":{"region":1,"fire_occurred":1,"prediction":0.4734}},{"type":"Feature","geometry":{"type":"Point","coordinates":[123.7,-16.4]},"properties":{"region":1,"fire_occurred":0,"prediction":0.4442}},{"type":"Feature","geometry":{"type":"Point","coordinates":[123.7,-16.3]},"properties":{"region":1,"fire_occurred":1,"prediction":0.4203}},{"type":"Feature","geometry":{"type":"Point","coordinates":[123.8,-16.8]},"properties":{"region":1,"fire_occurred":0,"prediction":0.2253}},{"type":"Feature","geometry":{"type":"Point","coordinates":[123.8,-16.6]},"properties":{"region":1,"fire_occurred":0,"prediction":0.1765}},{"type":"Feature","geometry":{"type":"Point","coordinates":[123.8,-16.5]},"properties":{"region":1,"fire_occurred":0,"prediction":0.2991}},{"type":"Feature","geometry":{"type":"Point","coordinates":[123.9,-16.9]},"properties":{"region":1,"fire_occurred":0,"prediction":0.3069}},{"type":"Feature","geometry":{"type":"Point","coordinates":[123.9,-16.6]},"properties":{"region":1,"fire_occurred":0,"prediction":0.285}},{"type":"Feature","geometry":{"type":"Point","coordinates":[123.9,-16.5]},"properties":{"region":1,"fire_occurred":0,"prediction":0.1899}},{"type":"Feature","geometry":{"type":"Point","coordinates":[124.0,-16.8]},"properties":{"region":1,"fire_occurred":0,"prediction":0.1818}},{"type":"Feature","geometry":{"type":"Point","coordinates":[124.0,-16.5]},"properties":{"region":1,"fire_occurred":0,"prediction":0.2321}},{"type":"Feature","geometry":{"type":"Point","coordinates":[124.1,-17.0]},"properties":{"region":1,"fire_occurred":0,"prediction":0.1173}},{"type":"Feature","geometry":{"type":"Point","coordinates":[124.1,-16.9]},"properties":{"region":1,"fire_occurred":0,"prediction":0.2522}},{"type":"Feature","geometry":{"type":"Point","coordinates":[124.1,-16.8]},"properties":{"region":1,"fire_occurred":0,"prediction":0.2317}},{"type":"Feature","geometry":{"type":"Point","coordinates":[124.2,-16.9]},"properties":{"region":1,"fire_occurred":0,"prediction":0.1399}},{"type":"Feature","geometry":{"type":"Point","coordinates":[124.2,-16.8]},"properties":{"region":1,"fire_occurred":0,"prediction":0.1893}},{"type":"Feature","geometry":{"type":"Point","coordinates":[124.2,-16.7]},"properties":{"region":1,"fire_occurred":0,"prediction":0.1853}},{"type":"Feature","geometry":{"type":"Point","coordinates":[124.2,-16.6]},"properties":{"region":1,"fire_occurred":0,"prediction":0.2396}},{"type":"Feature","geometry":{"type":"Point","coordinates":[124.2,-16.5]},"properties":{"region":1,"fire_occurred":1,"prediction":0.0159}},{"type":"Feature","geometry":{"type":"Point","coordinates":[124.3,-17.0]},"properties":{"region":1,"fire_occurred":0,"prediction":0.1243}},{"type":"Feature","geometry":{"type":"Point","coordinates":[124.3,-16.9]},"properties":{"region":1,"fire_occurred":0,"prediction":0.2117}},{"type":"Feature","geometry":{"type":"Point","coordinates":[124.3,-16.8]},"properties":{"region":1,"fire_occurred":0,"prediction":0.1949}},{"type":"Feature","geometry":{"type":"Point","coordinates":[124.3,-16.7]},"properties":{"region":1,"fire_occurred":0,"prediction":0.1745}},{"type":"Feature","geometry":{"type":"Point","coordinates":[124.3,-16.5]},"properties":{"region":1,"fire_occurred":0,"prediction":0.189}},{"type":"Feature","geometry":{"type":"Point","coordinates":[124.4,-16.9]},"properties":{"region":1,"fire_occurred":0,"prediction":0.2429}},{"type":"Feature","geometry":{"type":"Point","coordinates":[124.4,-16.8]},"properties":{"region":1,"fire_occurred":0,"prediction":0.2665}},{"type":"Feature","geometry":{"type":"Point","coordinates":[124.4,-16.7]},"properties":{"region":1,"fire_occurred":0,"prediction":0.3033}},{"type":"Feature","geometry":{"type":"Point","coordinates":[124.4,-16.5]},"properties":{"region":1,"fire_occurred":1,"prediction":0.6079}},{"type":"Feature","geometry":{"type":"Point","coordinates":[124.4,-16.4]},"properties":{"region":1,"fire_occurred":0,"prediction":0.5029}},{"type":"Feature","geometry":{"type":"Point","coordinates":[124.5,-16.9]},"properties":{"region":1,"fire_occurred":0,"prediction":0.2888}},{"type":"Feature","geometry":{"type":"Point","coordinates":[124.5,-16.8]},"properties":{"region":1,"fire_occurred":0,"prediction":0.1201}},{"type":"Feature","geometry":{"type":"Point","coordinates":[124.5,-16.7]},"properties":{"region":1,"fire_occurred":0,"prediction":0.5097}},{"type":"Feature","geometry":{"type":"Point","coordinates":[124.5,-16.6]},"properties":{"region":1,"fire_occurred":0,"prediction":0.4384}},{"type":"Feature","geometry":{"type":"Point","coordinates":[124.5,-16.5]},"properties":{"region":1,"fire_occurred":1,"prediction":0.5234}},{"type":"Feature","geometry":{"type":"Point","coordinates":[124.6,-17.0]},"properties":{"region":1,"fire_occurred":0,"prediction":0.2356}},{"type":"Feature","geometry":{"type":"Point","coordinates":[124.6,-16.9]},"properties":{"region":1,"fire_occurred":0,"prediction":0.2083}},{"type":"Feature","geometry":{"type":"Point","coordinates":[124.6,-16.8]},"properties":{"region":1,"fire_occurred":1,"prediction":0.2129}},{"type":"Feature","geometry":{"type":"Point","coordinates":[124.6,-16.7]},"properties":{"region":1,"fire_occurred":0,"prediction":0.4032}},{"type":"Feature","geometry":{"type":"Point","coordinates":[124.6,-16.6]},"properties":{"region":1,"fire_occurred":1,"prediction":0.3339}},{"type":"Feature","geometry":{"type":"Point","coordinates":[124.6,-16.5]},"properties":{"region":1,"fire_occurred":1,"prediction":0.2266}},{"type":"Feature","geometry":{"type":"Point","coordinates":[124.6,-15.8]},"properties":{"region":1,"fire_occurred":0,"prediction":0.1777}},{"type":"Feature","geometry":{"type":"Point","coordinates":[124.7,-17.0]},"properties":{"region":1,"fire_occurred":1,"prediction":0.2151}},{"type":"Feature","geometry":{"type":"Point","coordinates":[124.7,-16.9]},"properties":{"region":1,"fire_occurred":0,"prediction":0.275}},{"type":"Feature","geometry":{"type":"Point","coordinates":[124.7,-16.7]},"properties":{"region":1,"fire_occurred":0,"prediction":0.1284}},{"type":"Feature","geometry":{"type":"Point","coordinates":[124.7,-16.6]},"properties":{"region":1,"fire_occurred":1,"prediction":0.0805}},{"type":"Feature","geometry":{"type":"Point","coordinates":[124.7,-16.5]},"properties":{"region":1,"fire_occurred":0,"prediction":0.1842}},{"type":"Feature","geometry":{"type":"Point","coordinates":[124.7,-16.3]},"properties":{"region":1,"fire_occurred":0,"prediction":0.19}},{"type":"Feature","geometry":{"type":"Point","coordinates":[124.7,-16.0]},"properties":{"region":1,"fire_occurred":0,"prediction":0.121}},{"type":"Feature","geometry":{"type":"Point","coordinates":[124.7,-15.9]},"properties":{"region":1,"fire_occurred":0,"prediction":0.1283}},{"type":"Feature","geometry":{"type":"Point","coordinates":[124.7,-15.7]},"properties":{"region":1,"fire_occurred":0,"prediction":0.1494}},{"type":"Feature","geometry":{"type":"Point","coordinates":[124.8,-17.0]},"properties":{"region":1,"fire_occurred":0,"prediction":0.1163}},{"type":"Feature","geometry":{"type":"Point","coordinates":[124.8,-16.8]},"properties":{"region":1,"fire_occurred":0,"prediction":0.2256}},{"type":"Feature","geometry":{"type":"Point","coordinates":[124.8,-16.3]},"properties":{"region":1,"fire_occurred":0,"prediction":0.1727}},{"type":"Feature","geometry":{"type":"Point","coordinates":[124.8,-16.0]},"properties":{"region":1,"fire_occurred":0,"prediction":0.1647}},{"type":"Feature","geometry":{"type":"Point","coordinates":[124.8,-15.9]},"properties":{"region":1,"fire_occurred":0,"prediction":0.1129}},{"type":"Feature","geometry":{"type":"Point","coordinates":[124.9,-15.8]},"properties":{"region":1,"fire_occurred":1,"prediction":0.2479}},{"type":"Feature","geometry":{"type":"Point","coordinates":[125.0,-16.3]},"properties":{"region":1,"fire_occurred":0,"prediction":0.1195}},{"type":"Feature","geometry":{"type":"Point","coordinates":[125.0,-16.2]},"properties":{"region":1,"fire_occurred":0,"prediction":0.143}},{"type":"Feature","geometry":{"type":"Point","coordinates":[125.0,-15.9]},"properties":{"region":1,"fire_occurred":0,"prediction":0.152}},{"type":"Feature","geometry":{"type":"Point","coordinates":[125.0,-15.8]},"properties":{"region":1,"fire_occurred":0,"prediction":0.127}},{"type":"Feature","geometry":{"type":"Point","coordinates":[125.0,-15.5]},"properties":{"region":1,"fire_occurred":1,"prediction":0.1735}},{"type":"Feature","geometry":{"type":"Point","coordinates":[125.1,-16.1]},"properties":{"region":1,"fire_occurred":0,"prediction":0.1767}},{"type":"Feature","geometry":{"type":"Point","coordinates":[125.1,-16.0]},"properties":{"region":1,"fire_occurred":0,"prediction":0.1295}},{"type":"Feature","geometry":{"type":"Point","coordinates":[125.1,-15.9]},"properties":{"region":1,"fire_occurred":0,"prediction":0.1712}},{"type":"Feature","geometry":{"type":"Point","coordinates":[125.1,-15.7]},"properties":{"region":1,"fire_occurred":0,"prediction":0.1548}},{"type":"Feature","geometry":{"type":"Point","coordinates":[125.1,-15.6]},"properties":{"region":1,"fire_occurred":0,"prediction":0.1544}},{"type":"Feature","geometry":{"type":"Point","coordinates":[125.1,-15.5]},"properties":{"region":1,"fire_occurred":1,"prediction":0.2474}},{"type":"Feature","geometry":{"type":"Point","coordinates":[125.1,-15.4]},"properties":{"region":1,"fire_occurred":1,"prediction":0.2241}},{"type":"Feature","geometry":{"type":"Point","coordinates":[125.1,-15.3]},"properties":{"region":1,"fire_occurred":1,"prediction":0.2467}},{"type":"Feature","geometry":{"type":"Point","coordinates":[125.1,-15.2]},"properties":{"region":1,"fire_occurred":0,"prediction":0.1719}},{"type":"Feature","geometry":{"type":"Point","coordinates":[125.2,-16.8]},"properties":{"region":1,"fire_occurred":0,"prediction":0.1256}},{"type":"Feature","geometry":{"type":"Point","coordinates":[125.2,-16.6]},"properties":{"region":1,"fire_occurred":0,"prediction":0.1575}},{"type":"Feature","geometry":{"type":"Point","coordinates":[125.2,-15.9]},"properties":{"region":1,"fire_occurred":1,"prediction":0.0876}},{"type":"Feature","geometry":{"type":"Point","coordinates":[125.2,-15.8]},"properties":{"region":1,"fire_occurred":1,"prediction":0.0692}},{"type":"Feature","geometry":{"type":"Point","coordinates":[125.2,-15.7]},"properties":{"region":1,"fire_occurred":1,"prediction":0.0627}},{"type":"Feature","geometry":{"type":"Point","coordinates":[125.2,-15.6]},"properties":{"region":1,"fire_occurred":1,"prediction":0.1786}},{"type":"Feature","geometry":{"type":"Point","coordinates":[125.2,-15.5]},"properties":{"region":1,"fire_occurred":1,"prediction":0.3086}},{"type":"Feature","geometry":{"type":"Point","coordinates":[125.2,-15.4]},"properties":{"region":1,"fire_occurred":1,"prediction":0.2344}},{"type":"Feature","geometry":{"type":"Point","coordinates":[125.2,-15.3]},"properties":{"region":1,"fire_occurred":0,"prediction":0.3177}},{"type":"Feature","geometry":{"type":"Point","coordinates":[125.3,-16.8]},"properties":{"region":1,"fire_occurred":0,"prediction":0.1234}},{"type":"Feature","geometry":{"type":"Point","coordinates":[125.3,-16.2]},"properties":{"region":1,"fire_occurred":0,"prediction":0.1149}},{"type":"Feature","geometry":{"type":"Point","coordinates":[125.3,-16.1]},"properties":{"region":1,"fire_occurred":0,"prediction":0.1374}},{"type":"Feature","geometry":{"type":"Point","coordinates":[125.3,-16.0]},"properties":{"region":1,"fire_occurred":0,"prediction":0.1723}},{"type":"Feature","geometry":{"type":"Point","coordinates":[125.3,-15.9]},"properties":{"region":1,"fire_occurred":1,"prediction":0.0882}},{"type":"Feature","geometry":{"type":"Point","coordinates":[125.3,-15.8]},"properties":{"region":1,"fire_occurred":1,"prediction":0.0672}},{"type":"Feature","geometry":{"type":"Point","coordinates":[125.3,-15.7]},"properties":{"region":1,"fire_occurred":1,"prediction":0.1817}},{"type":"Feature","geometry":{"type":"Point","coordinates":[125.3,-15.6]},"properties":{"region":1,"fire_occurred":0,"prediction":0.3673}},{"type":"Feature","geometry":{"type":"Point","coordinates":[125.3,-15.5]},"properties":{"region":1,"fire_occurred":1,"prediction":0.31}},{"type":"Feature","geometry":{"type":"Point","coordinates":[125.3,-15.4]},"properties":{"region":1,"fire_occurred":1,"prediction":0.2641}},{"type":"Feature","geometry":{"type":"Point","coordinates":[125.3,-15.3]},"properties":{"region":1,"fire_occurred":0,"prediction":0.117}},{"type":"Feature","geometry":{"type":"Point","coordinates":[125.4,-16.7]},"properties":{"region":1,"fire_occurred":0,"prediction":0.1346}},{"type":"Feature","geometry":{"type":"Point","coordinates":[125.4,-16.6]},"properties":{"region":1,"fire_occurred":0,"prediction":0.1505}},{"type":"Feature","geometry":{"type":"Point","coordinates":[125.4,-16.5]},"properties":{"region":1,"fire_occurred":0,"prediction":0.1303}},{"type":"Feature","geometry":{"type":"Point","coordinates":[125.4,-16.4]},"properties":{"region":1,"fire_occurred":0,"prediction":0.1486}},{"type":"Feature","geometry":{"type":"Point","coordinates":[125.4,-15.9]},"properties":{"region":1,"fire_occurred":1,"prediction":0.038}},{"type":"Feature","geometry":{"type":"Point","coordinates":[125.4,-15.8]},"properties":{"region":1,"fire_occurred":1,"prediction":0.1064}},{"type":"Feature","geometry":{"type":"Point","coordinates":[125.4,-15.7]},"properties":{"region":1,"fire_occurred":1,"prediction":0.107}},{"type":"Feature","geometry":{"type":"Point","coordinates":[125.4,-15.6]},"properties":{"region":1,"fire_occurred":1,"prediction":0.2724}},{"type":"Feature","geometry":{"type":"Point","coordinates":[125.4,-15.5]},"properties":{"region":1,"fire_occurred":1,"prediction":0.2499}},{"type":"Feature","geometry":{"type":"Point","coordinates":[125.4,-15.4]},"properties":{"region":1,"fire_occurred":1,"prediction":0.2401}},{"type":"Feature","geometry":{"type":"Point","coordinates":[125.4,-15.3]},"properties":{"region":1,"fire_occurred":1,"prediction":0.1872}},{"type":"Feature","geometry":{"type":"Point","coordinates":[125.4,-15.0]},"properties":{"region":1,"fire_occurred":0,"prediction":0.1055}},{"type":"Feature","geometry":{"type":"Point","coordinates":[125.5,-16.8]},"properties":{"region":1,"fire_occurred":0,"prediction":0.1284}},{"type":"Feature","geometry":{"type":"Point","coordinates":[125.5,-16.6]},"properties":{"region":1,"fire_occurred":1,"prediction":0.2496}},{"type":"Feature","geometry":{"type":"Point","coordinates":[125.5,-16.0]},"properties":{"region":1,"fire_occurred":1,"prediction":0.0576}},{"type":"Feature","geometry":{"type":"Point","coordinates":[125.5,-15.9]},"properties":{"region":1,"fire_occurred":1,"prediction":0.1604}},{"type":"Feature","geometry":{"type":"Point","coordinates":[125.5,-15.8]},"properties":{"region":1,"fire_occurred":1,"prediction":0.1897}},{"type":"Feature","geometry":{"type":"Point","coordinates":[125.5,-15.7]},"properties":{"region":1,"fire_occurred":1,"prediction":0.1385}},{"type":"Feature","geometry":{"type":"Point","coordinates":[125.5,-15.6]},"properties":{"region":1,"fire_occurred":0,"prediction":0.1125}},{"type":"Feature","geometry":{"type":"Point","coordinates":[125.5,-15.5]},"properties":{"region":1,"fire_occurred":1,"prediction":0.1793}},{"type":"Feature","geometry":{"type":"Point","coordinates":[125.5,-15.4]},"properties":{"region":1,"fire_occurred":0,"prediction":0.1144}},{"type":"Feature","geometry":{"type":"Point","coordinates":[125.5,-15.3]},"properties":{"region":1,"fire_occurred":1,"prediction":0.0322}},{"type":"Feature","geometry":{"type":"Point","coordinates":[125.5,-14.9]},"properties":{"region":1,"fire_occurred":0,"prediction":0.175}},{"type":"Feature","geometry":{"type":"Point","coordinates":[125.6,-16.8]},"properties":{"region":1,"fire_occurred":0,"prediction":0.1189}},{"type":"Feature","geometry":{"type":"Point","coordinates":[125.6,-16.6]},"properties":{"region":1,"fire_occurred":0,"prediction":0.1407}},{"type":"Feature","geometry":{"type":"Point","coordinates":[125.6,-15.9]},"properties":{"region":1,"fire_occurred":1,"prediction":0.1332}},{"type":"Feature","geometry":{"type":"Point","coordinates":[125.6,-15.8]},"properties":{"region":1,"fire_occurred":1,"prediction":0.0728}},{"type":"Feature","geometry":{"type":"Point","coordinates":[125.6,-15.5]},"properties":{"region":1,"fire_occurred":0,"prediction":0.1271}},{"type":"Feature","geometry":{"type":"Point","coordinates":[125.6,-15.1]},"properties":{"region":1,"fire_occurred":0,"prediction":0.1862}},{"type":"Feature","geometry":{"type":"Point","coordinates":[125.6,-15.0]},"properties":{"region":1,"fire_occurred":0,"prediction":0.1712}},{"type":"Feature","geometry":{"type":"Point","coordinates":[125.6,-14.9]},"properties":{"region":1,"fire_occurred":0,"prediction":0.2218}},{"type":"Feature","geometry":{"type":"Point","coordinates":[125.6,-14.6]},"properties":{"region":1,"fire_occurred":0,"prediction":0.1052}},{"type":"Feature","geometry":{"type":"Point","coordinates":[125.7,-16.5]},"properties":{"region":1,"fire_occurred":0,"prediction":0.1554}},{"type":"Feature","geometry":{"type":"Point","coordinates":[125.7,-16.4]},"properties":{"region":1,"fire_occurred":1,"prediction":0.1635}},{"type":"Feature","geometry":{"type":"Point","coordinates":[125.7,-16.2]},"properties":{"region":1,"fire_occurred":0,"prediction":0.2595}},{"type":"Feature","geometry":{"type":"Point","coordinates":[125.7,-16.1]},"properties":{"region":1,"fire_occurred":0,"prediction":0.243}},{"type":"Feature","geometry":{"type":"Point","coordinates":[125.7,-15.9]},"properties":{"region":1,"fire_occurred":0,"prediction":0.1045}},{"type":"Feature","geometry":{"type":"Point","coordinates":[125.7,-15.8]},"properties":{"region":1,"fire_occurred":0,"prediction":0.1147}},{"type":"Feature","geometry":{"type":"Point","coordinates":[125.7,-15.7]},"properties":{"region":1,"fire_occurred":0,"prediction":0.1034}},{"type":"Feature","geometry":{"type":"Point","coordinates":[125.7,-15.5]},"properties":{"region":1,"fire_occurred":0,"prediction":0.1536}},{"type":"Feature","geometry":{"type":"Point","coordinates":[125.7,-15.1]},"properties":{"region":1,"fire_occurred":1,"prediction":0.33}},{"type":"Feature","geometry":{"type":"Point","coordinates":[125.7,-14.8]},"properties":{"region":1,"fire_occurred":0,"prediction":0.1015}},{"type":"Feature","geometry":{"type":"Point","coordinates":[125.7,-14.6]},"properties":{"region":1,"fire_occurred":0,"prediction":0.1207}},{"type":"Feature","geometry":{"type":"Point","coordinates":[125.8,-16.3]},"properties":{"region":1,"fire_occurred":0,"prediction":0.3282}},{"type":"Feature","geometry":{"type":"Point","coordinates":[125.8,-16.2]},"properties":{"region":1,"fire_occurred":0,"prediction":0.327}},{"type":"Feature","geometry":{"type":"Point","coordinates":[125.8,-15.9]},"properties":{"region":1,"fire_occurred":0,"prediction":0.102}},{"type":"Feature","geometry":{"type":"Point","coordinates":[125.8,-15.8]},"properties":{"region":1,"fire_occurred":0,"prediction":0.1029}},{"type":"Feature","geometry":{"type":"Point","coordinates":[125.8,-15.7]},"properties":{"region":1,"fire_occurred":0,"prediction":0.1451}},{"type":"Feature","geometry":{"type":"Point","coordinates":[125.8,-15.5]},"properties":{"region":1,"fire_occurred":0,"prediction":0.1756}},{"type":"Feature","geometry":{"type":"Point","coordinates":[125.8,-15.2]},"properties":{"region":1,"fire_occurred":1,"prediction":0.2447}},{"type":"Feature","geometry":{"type":"Point","coordinates":[125.8,-15.1]},"properties":{"region":1,"fire_occurred":0,"prediction":0.3051}},{"type":"Feature","geometry":{"type":"Point","coordinates":[125.8,-14.8]},"properties":{"region":1,"fire_occurred":0,"prediction":0.125}},{"type":"Feature","geometry":{"type":"Point","coordinates":[125.9,-16.3]},"properties":{"region":1,"fire_occurred":0,"prediction":0.2267}},{"type":"Feature","geometry":{"type":"Point","coordinates":[125.9,-16.2]},"properties":{"region":1,"fire_occurred":0,"prediction":0.2331}},{"type":"Feature","geometry":{"type":"Point","coordinates":[125.9,-15.9]},"properties":{"region":1,"fire_occurred":0,"prediction":0.1457}},{"type":"Feature","geometry":{"type":"Point","coordinates":[125.9,-15.8]},"properties":{"region":1,"fire_occurred":0,"prediction":0.1718}},{"type":"Feature","geometry":{"type":"Point","coordinates":[125.9,-15.7]},"properties":{"region":1,"fire_occurred":0,"prediction":0.1069}},{"type":"Feature","geometry":{"type":"Point","coordinates":[125.9,-15.6]},"properties":{"region":1,"fire_occurred":0,"prediction":0.1804}},{"type":"Feature","geometry":{"type":"Point","coordinates":[125.9,-15.5]},"properties":{"region":1,"fire_occurred":0,"prediction":0.1841}},{"type":"Feature","geometry":{"type":"Point","coordinates":[125.9,-15.4]},"properties":{"region":1,"fire_occurred":0,"prediction":0.1284}},{"type":"Feature","geometry":{"type":"Point","coordinates":[125.9,-15.2]},"properties":{"region":1,"fire_occurred":0,"prediction":0.4039}},{"type":"Feature","geometry":{"type":"Point","coordinates":[125.9,-15.1]},"properties":{"region":1,"fire_occurred":1,"prediction":0.3938}},{"type":"Feature","geometry":{"type":"Point","coordinates":[126.0,-16.1]},"properties":{"region":1,"fire_occurred":1,"prediction":0.2183}},{"type":"Feature","geometry":{"type":"Point","coordinates":[126.0,-15.8]},"properties":{"region":1,"fire_occurred":0,"prediction":0.1474}},{"type":"Feature","geometry":{"type":"Point","coordinates":[126.0,-15.7]},"properties":{"region":1,"fire_occurred":0,"prediction":0.1125}},{"type":"Feature","geometry":{"type":"Point","coordinates":[126.0,-15.6]},"properties":{"region":1,"fire_occurred":0,"prediction":0.1175}},{"type":"Feature","geometry":{"type":"Point","coordinates":[126.0,-15.5]},"properties":{"region":1,"fire_occurred":0,"prediction":0.1092}},{"type":"Feature","geometry":{"type":"Point","coordinates":[126.0,-15.1]},"properties":{"region":1,"fire_occurred":0,"prediction":0.1104}},{"type":"Feature","geometry":{"type":"Point","coordinates":[126.0,-15.0]},"properties":{"region":1,"fire_occurred":1,"prediction":0.072}},{"type":"Feature","geometry":{"type":"Point","coordinates":[126.0,-14.6]},"properties":{"region":1,"fire_occurred":0,"prediction":0.3574}},{"type":"Feature","geometry":{"type":"Point","coordinates":[126.1,-17.0]},"properties":{"region":1,"fire_occurred":0,"prediction":0.2584}},{"type":"Feature","geometry":{"type":"Point","coordinates":[126.1,-16.8]},"properties":{"region":1,"fire_occurred":0,"prediction":0.1474}},{"type":"Feature","geometry":{"type":"Point","coordinates":[126.1,-16.4]},"properties":{"region":1,"fire_occurred":0,"prediction":0.1513}},{"type":"Feature","geometry":{"type":"Point","coordinates":[126.1,-16.1]},"properties":{"region":1,"fire_occurred":1,"prediction":0.3564}},{"type":"Feature","geometry":{"type":"Point","coordinates":[126.1,-15.7]},"properties":{"region":1,"fire_occurred":0,"prediction":0.1321}},{"type":"Feature","geometry":{"type":"Point","coordinates":[126.1,-15.6]},"properties":{"region":1,"fire_occurred":0,"prediction":0.1213}},{"type":"Feature","geometry":{"type":"Point","coordinates":[126.1,-15.5]},"properties":{"region":1,"fire_occurred":0,"prediction":0.1241}},{"type":"Feature","geometry":{"type":"Point","coordinates":[126.1,-15.4]},"properties":{"region":1,"fire_occurred":0,"prediction":0.2073}},{"type":"Feature","geometry":{"type":"Point","coordinates":[126.1,-15.3]},"properties":{"region":1,"fire_occurred":0,"prediction":0.1573}},{"type":"Feature","geometry":{"type":"Point","coordinates":[126.1,-15.2]},"properties":{"region":1,"fire_occurred":0,"prediction":0.1846}},{"type":"Feature","geometry":{"type":"Point","coordinates":[126.1,-15.1]},"properties":{"region":1,"fire_occurred":0,"prediction":0.1748}},{"type":"Feature","geometry":{"type":"Point","coordinates":[126.1,-14.9]},"properties":{"region":1,"fire_occurred":0,"prediction":0.1209}},{"type":"Feature","geometry":{"type":"Point","coordinates":[126.1,-14.8]},"properties":{"region":1,"fire_occurred":0,"prediction":0.1553}},{"type":"Feature","geometry":{"type":"Point","coordinates":[126.1,-14.7]},"properties":{"region":1,"fire_occurred":0,"prediction":0.3505}},{"type":"Feature","geometry":{"type":"Point","coordinates":[126.1,-14.6]},"properties":{"region":1,"fire_occurred":0,"prediction":0.1245}},{"type":"Feature","geometry":{"type":"Point","coordinates":[126.1,-14.5]},"properties":{"region":1,"fire_occurred":0,"prediction":0.1748}},{"type":"Feature","geometry":{"type":"Point","coordinates":[126.1,-14.4]},"properties":{"region":1,"fire_occurred":1,"prediction":0.1641}},{"type":"Feature","geometry":{"type":"Point","coordinates":[126.2,-17.0]},"properties":{"region":1,"fire_occurred":0,"prediction":0.1911}},{"type":"Feature","geometry":{"type":"Point","coordinates":[126.2,-16.8]},"properties":{"region":1,"fire_occurred":0,"prediction":0.1698}},{"type":"Feature","geometry":{"type":"Point","coordinates":[126.2,-16.4]},"properties":{"region":1,"fire_occurred":0,"prediction":0.2412}},{"type":"Feature","geometry":{"type":"Point","coordinates":[126.2,-16.3]},"properties":{"region":1,"fire_occurred":0,"prediction":0.2479}},{"type":"Feature","geometry":{"type":"Point","coordinates":[126.2,-16.2]},"properties":{"region":1,"fire_occurred":0,"prediction":0.1923}},{"type":"Feature","geometry":{"type":"Point","coordinates":[126.2,-16.1]},"properties":{"region":1,"fire_occurred":0,"prediction":0.2874}},{"type":"Feature","geometry":{"type":"Point","coordinates":[126.2,-15.9]},"properties":{"region":1,"fire_occurred":0,"prediction":0.3995}},{"type":"Feature","geometry":{"type":"Point","coordinates":[126.2,-15.6]},"properties":{"region":1,"fire_occurred":0,"prediction":0.1089}},{"type":"Feature","geometry":{"type":"Point","coordinates":[126.2,-15.5]},"properties":{"region":1,"fire_occurred":0,"prediction":0.1866}},{"type":"Feature","geometry":{"type":"Point","coordinates":[126.2,-15.4]},"properties":{"region":1,"fire_occurred":0,"prediction":0.2244}},{"type":"Feature","geometry":{"type":"Point","coordinates":[126.2,-15.3]},"properties":{"region":1,"fire_occurred":0,"prediction":0.2214}},{"type":"Feature","geometry":{"type":"Point","coordinates":[126.2,-15.2]},"properties":{"region":1,"fire_occurred":0,"prediction":0.1476}},{"type":"Feature","geometry":{"type":"Point","coordinates":[126.2,-15.1]},"properties":{"region":1,"fire_occurred":1,"prediction":0.2069}},{"type":"Feature","geometry":{"type":"Point","coordinates":[126.2,-15.0]},"properties":{"region":1,"fire_occurred":0,"prediction":0.1188}},{"type":"Feature","geometry":{"type":"Point","coordinates":[126.2,-14.9]},"properties":{"region":1,"fire_occurred":0,"prediction":0.1253}},{"type":"Feature","geometry":{"type":"Point","coordinates":[126.2,-14.8]},"properties":{"region":1,"fire_occurred":0,"prediction":0.1331}},{"type":"Feature","geometry":{"type":"Point","coordinates":[126.2,-14.7]},"properties":{"region":1,"fire_occurred":0,"prediction":0.231}},{"type":"Feature","geometry":{"type":"Point","coordinates":[126.2,-14.6]},"properties":{"region":1,"fire_occurred":0,"prediction":0.1695}},{"type":"Feature","geometry":{"type":"Point","coordinates":[126.2,-14.5]},"properties":{"region":1,"fire_occurred":0,"prediction":0.2038}},{"type":"Feature","geometry":{"type":"Point","coordinates":[126.2,-14.4]},"properties":{"region":1,"fire_occurred":1,"prediction":0.3217}},{"type":"Feature","geometry":{"type":"Point","coordinates":[126.3,-17.0]},"properties":{"region":1,"fire_occurred":1,"prediction":0.1621}},{"type":"Feature","geometry":{"type":"Point","coordinates":[126.3,-16.9]},"properties":{"region":1,"fire_occurred":1,"prediction":0.0741}},{"type":"Feature","geometry":{"type":"Point","coordinates":[126.3,-16.8]},"properties":{"region":1,"fire_occurred":1,"prediction":0.1596}},{"type":"Feature","geometry":{"type":"Point","coordinates":[126.3,-16.4]},"properties":{"region":1,"fire_occurred":0,"prediction":0.2518}},{"type":"Feature","geometry":{"type":"Point","coordinates":[126.3,-16.3]},"properties":{"region":1,"fire_occurred":0,"prediction":0.1463}},{"type":"Feature","geometry":{"type":"Point","coordinates":[126.3,-16.2]},"properties":{"region":1,"fire_occurred":0,"prediction":0.1461}},{"type":"Feature","geometry":{"type":"Point","coordinates":[126.3,-16.1]},"properties":{"region":1,"fire_occurred":0,"prediction":0.2344}},{"type":"Feature","geometry":{"type":"Point","coordinates":[126.3,-16.0]},"properties":{"region":1,"fire_occurred":0,"prediction":0.2644}},{"type":"Feature","geometry":{"type":"Point","coordinates":[126.3,-15.9]},"properties":{"region":1,"fire_occurred":0,"prediction":0.3938}},{"type":"Feature","geometry":{"type":"Point","coordinates":[126.3,-15.8]},"properties":{"region":1,"fire_occurred":0,"prediction":0.3344}},{"type":"Feature","geometry":{"type":"Point","coordinates":[126.3,-15.6]},"properties":{"region":1,"fire_occurred":0,"prediction":0.1278}},{"type":"Feature","geometry":{"type":"Point","coordinates":[126.3,-15.3]},"properties":{"region":1,"fire_occurred":0,"prediction":0.1498}},{"type":"Feature","geometry":{"type":"Point","coordinates":[126.3,-15.2]},"properties":{"region":1,"fire_occurred":0,"prediction":0.1816}},{"type":"Feature","geometry":{"type":"Point","coordinates":[126.3,-15.0]},"properties":{"region":1,"fire_occurred":0,"prediction":0.1209}},{"type":"Feature","geometry":{"type":"Point","coordinates":[126.3,-14.9]},"properties":{"region":1,"fire_occurred":0,"prediction":0.1335}},{"type":"Feature","geometry":{"type":"Point","coordinates":[126.3,-14.8]},"properties":{"region":1,"fire_occurred":0,"prediction":0.1215}},{"type":"Feature","geometry":{"type":"Point","coordinates":[126.3,-14.7]},"properties":{"region":1,"fire_occurred":0,"prediction":0.1306}},{"type":"Feature","geometry":{"type":"Point","coordinates":[126.3,-14.6]},"properties":{"region":1,"fire_occurred":0,"prediction":0.203}},{"type":"Feature","geometry":{"type":"Point","coordinates":[126.3,-14.5]},"properties":{"region":1,"fire_occurred":0,"prediction":0.1403}},{"type":"Feature","geometry":{"type":"Point","coordinates":[126.3,-14.4]},"properties":{"region":1,"fire_occurred":0,"prediction":0.1258}},{"type":"Feature","geometry":{"type":"Point","coordinates":[126.4,-16.9]},"properties":{"region":1,"fire_occurred":0,"prediction":0.1319}},{"type":"Feature","geometry":{"type":"Point","coordinates":[126.4,-16.8]},"properties":{"region":1,"fire_occurred":0,"prediction":0.1039}},{"type":"Feature","geometry":{"type":"Point","coordinates":[126.4,-16.4]},"properties":{"region":1,"fire_occurred":0,"prediction":0.1863}},{"type":"Feature","geometry":{"type":"Point","coordinates":[126.4,-16.3]},"properties":{"region":1,"fire_occurred":0,"prediction":0.2563}},{"type":"Feature","geometry":{"type":"Point","coordinates":[126.4,-16.0]},"properties":{"region":1,"fire_occurred":0,"prediction":0.2441}},{"type":"Feature","geometry":{"type":"Point","coordinates":[126.4,-15.9]},"properties":{"region":1,"fire_occurred":1,"prediction":0.4216}},{"type":"Feature","geometry":{"type":"Point","coordinates":[126.4,-15.8]},"properties":{"region":1,"fire_occurred":0,"prediction":0.3041}},{"type":"Feature","geometry":{"type":"Point","coordinates":[126.4,-15.7]},"properties":{"region":1,"fire_occurred":0,"prediction":0.1463}},{"type":"Feature","geometry":{"type":"Point","coordinates":[126.4,-15.6]},"properties":{"region":1,"fire_occurred":0,"prediction":0.1427}},{"type":"Feature","geometry":{"type":"Point","coordinates":[126.4,-15.5]},"properties":{"region":1,"fire_occurred":0,"prediction":0.1439}},{"type":"Feature","geometry":{"type":"Point","coordinates":[126.4,-15.1]},"properties":{"region":1,"fire_occurred":0,"prediction":0.1369}},{"type":"Feature","geometry":{"type":"Point","coordinates":[126.4,-15.0]},"properties":{"region":1,"fire_occurred":0,"prediction":0.1135}},{"type":"Feature","geometry":{"type":"Point","coordinates":[126.4,-14.9]},"properties":{"region":1,"fire_occurred":0,"prediction":0.1002}},{"type":"Feature","geometry":{"type":"Point","coordinates":[126.4,-14.7]},"properties":{"region":1,"fire_occurred":0,"prediction":0.278}},{"type":"Feature","geometry":{"type":"Point","coordinates":[126.4,-14.6]},"properties":{"region":1,"fire_occurred":0,"prediction":0.2638}},{"type":"Feature","geometry":{"type":"Point","coordinates":[126.4,-14.5]},"properties":{"region":1,"fire_occurred":0,"prediction":0.1763}},{"type":"Feature","geometry":{"type":"Point","coordinates":[126.4,-14.3]},"properties":{"region":1,"fire_occurred":0,"prediction":0.2683}},{"type":"Feature","geometry":{"type":"Point","coordinates":[126.4,-14.2]},"properties":{"region":1,"fire_occurred":0,"prediction":0.1423}},{"type":"Feature","geometry":{"type":"Point","coordinates":[126.5,-16.3]},"properties":{"region":1,"fire_occurred":0,"prediction":0.3281}},{"type":"Feature","geometry":{"type":"Point","coordinates":[126.5,-16.2]},"properties":{"region":1,"fire_occurred":0,"prediction":0.2342}},{"type":"Feature","geometry":{"type":"Point","coordinates":[126.5,-15.7]},"properties":{"region":1,"fire_occurred":0,"prediction":0.3239}},{"type":"Feature","geometry":{"type":"Point","coordinates":[126.5,-15.6]},"properties":{"region":1,"fire_occurred":0,"prediction":0.1741}},{"type":"Feature","geometry":{"type":"Point","coordinates":[126.5,-15.5]},"properties":{"region":1,"fire_occurred":0,"prediction":0.1432}},{"type":"Feature","geometry":{"type":"Point","coordinates":[126.5,-15.0]},"properties":{"region":1,"fire_occurred":0,"prediction":0.2572}},{"type":"Feature","geometry":{"type":"Point","coordinates":[126.5,-14.9]},"properties":{"region":1,"fire_occurred":0,"prediction":0.2123}},{"type":"Feature","geometry":{"type":"Point","coordinates":[126.5,-14.7]},"properties":{"region":1,"fire_occurred":0,"prediction":0.1024}},{"type":"Feature","geometry":{"type":"Point","coordinates":[126.5,-14.6]},"properties":{"region":1,"fire_occurred":0,"prediction":0.1736}},{"type":"Feature","geometry":{"type":"Point","coordinates":[126.5,-14.5]},"properties":{"region":1,"fire_occurred":0,"prediction":0.1348}},{"type":"Feature","geometry":{"type":"Point","coordinates":[126.6,-16.3]},"properties":{"region":1,"fire_occurred":0,"prediction":0.1073}},{"type":"Feature","geometry":{"type":"Point","coordinates":[126.6,-15.9]},"properties":{"region":1,"fire_occurred":0,"prediction":0.2915}},{"type":"Feature","geometry":{"type":"Point","coordinates":[126.6,-15.8]},"properties":{"region":1,"fire_occurred":0,"prediction":0.1089}},{"type":"Feature","geometry":{"type":"Point","coordinates":[126.6,-15.7]},"properties":{"region":1,"fire_occurred":0,"prediction":0.143}},{"type":"Feature","geometry":{"type":"Point","coordinates":[126.6,-15.1]},"properties":{"region":1,"fire_occurred":0,"prediction":0.2924}},{"type":"Feature","geometry":{"type":"Point","coordinates":[126.6,-14.9]},"properties":{"region":1,"fire_occurred":1,"prediction":0.1777}},{"type":"Feature","geometry":{"type":"Point","coordinates":[126.6,-14.3]},"properties":{"region":1,"fire_occurred":0,"prediction":0.1756}},{"type":"Feature","geometry":{"type":"Point","coordinates":[126.7,-16.0]},"properties":{"region":1,"fire_occurred":0,"prediction":0.2133}},{"type":"Feature","geometry":{"type":"Point","coordinates":[126.7,-15.9]},"properties":{"region":1,"fire_occurred":0,"prediction":0.173}},{"type":"Feature","geometry":{"type":"Point","coordinates":[126.7,-14.9]},"properties":{"region":1,"fire_occurred":1,"prediction":0.0423}},{"type":"Feature","geometry":{"type":"Point","coordinates":[126.8,-16.1]},"properties":{"region":1,"fire_occurred":0,"prediction":0.1375}},{"type":"Feature","geometry":{"type":"Point","coordinates":[126.8,-16.0]},"properties":{"region":1,"fire_occurred":0,"prediction":0.1224}},{"type":"Feature","geometry":{"type":"Point","coordinates":[126.8,-15.9]},"properties":{"region":1,"fire_occurred":0,"prediction":0.2765}},{"type":"Feature","geometry":{"type":"Point","coordinates":[126.8,-15.5]},"properties":{"region":1,"fire_occurred":0,"prediction":0.1038}},{"type":"Feature","geometry":{"type":"Point","coordinates":[126.8,-15.4]},"properties":{"region":1,"fire_occurred":0,"prediction":0.1789}},{"type":"Feature","geometry":{"type":"Point","coordinates":[126.8,-14.8]},"properties":{"region":1,"fire_occurred":0,"prediction":0.1237}},{"type":"Feature","geometry":{"type":"Point","coordinates":[126.8,-14.3]},"properties":{"region":1,"fire_occurred":0,"prediction":0.2479}},{"type":"Feature","geometry":{"type":"Point","coordinates":[126.9,-16.5]},"properties":{"region":1,"fire_occurred":0,"prediction":0.1003}},{"type":"Feature","geometry":{"type":"Point","coordinates":[126.9,-16.2]},"properties":{"region":1,"fire_occurred":0,"prediction":0.1106}},{"type":"Feature","geometry":{"type":"Point","coordinates":[126.9,-16.0]},"properties":{"region":1,"fire_occurred":0,"prediction":0.1678}},{"type":"Feature","geometry":{"type":"Point","coordinates":[126.9,-15.6]},"properties":{"region":1,"fire_occurred":0,"prediction":0.1173}},{"type":"Feature","geometry":{"type":"Point","coordinates":[126.9,-15.1]},"properties":{"region":1,"fire_occurred":0,"prediction":0.2159}},{"type":"Feature","geometry":{"type":"Point","coordinates":[126.9,-14.9]},"properties":{"region":1,"fire_occurred":0,"prediction":0.1836}},{"type":"Feature","geometry":{"type":"Point","coordinates":[126.9,-14.8]},"properties":{"region":1,"fire_occurred":0,"prediction":0.1359}},{"type":"Feature","geometry":{"type":"Point","coordinates":[126.9,-14.3]},"properties":{"region":1,"fire_occurred":0,"prediction":0.1524}},{"type":"Feature","geometry":{"type":"Point","coordinates":[126.9,-14.1]},"properties":{"region":1,"fire_occurred":0,"prediction":0.1563}},{"type":"Feature","geometry":{"type":"Point","coordinates":[126.9,-14.0]},"properties":{"region":1,"fire_occurred":0,"prediction":0.2019}},{"type":"Feature","geometry":{"type":"Point","coordinates":[126.9,-13.9]},"properties":{"region":1,"fire_occurred":0,"prediction":0.1479}},{"type":"Feature","geometry":{"type":"Point","coordinates":[127.0,-16.6]},"properties":{"region":1,"fire_occurred":0,"prediction":0.1068}},{"type":"Feature","geometry":{"type":"Point","coordinates":[127.0,-16.3]},"properties":{"region":1,"fire_occurred":0,"prediction":0.1419}},{"type":"Feature","geometry":{"type":"Point","coordinates":[127.0,-16.2]},"properties":{"region":1,"fire_occurred":0,"prediction":0.1095}},{"type":"Feature","geometry":{"type":"Point","coordinates":[127.0,-16.1]},"properties":{"region":1,"fire_occurred":0,"prediction":0.1673}},{"type":"Feature","geometry":{"type":"Point","coordinates":[127.0,-15.9]},"properties":{"region":1,"fire_occurred":0,"prediction":0.1096}},{"type":"Feature","geometry":{"type":"Point","coordinates":[127.0,-15.3]},"properties":{"region":1,"fire_occurred":0,"prediction":0.1127}},{"type":"Feature","geometry":{"type":"Point","coordinates":[127.0,-15.0]},"properties":{"region":1,"fire_occurred":0,"prediction":0.4798}},{"type":"Feature","geometry":{"type":"Point","coordinates":[127.0,-14.9]},"properties":{"region":1,"fire_occurred":0,"prediction":0.4651}},{"type":"Feature","geometry":{"type":"Point","coordinates":[127.0,-14.7]},"properties":{"region":1,"fire_occurred":0,"prediction":0.1902}},{"type":"Feature","geometry":{"type":"Point","coordinates":[127.0,-14.5]},"properties":{"region":1,"fire_occurred":0,"prediction":0.1327}},{"type":"Feature","geometry":{"type":"Point","coordinates":[127.0,-14.2]},"properties":{"region":1,"fire_occurred":0,"prediction":0.108}},{"type":"Feature","geometry":{"type":"Point","coordinates":[127.0,-14.0]},"properties":{"region":1,"fire_occurred":0,"prediction":0.2284}},{"type":"Feature","geometry":{"type":"Point","coordinates":[127.0,-13.9]},"properties":{"region":1,"fire_occurred":0,"prediction":0.1128}},{"type":"Feature","geometry":{"type":"Point","coordinates":[127.1,-16.2]},"properties":{"region":1,"fire_occurred":0,"prediction":0.151}},{"type":"Feature","geometry":{"type":"Point","coordinates":[127.1,-15.1]},"properties":{"region":1,"fire_occurred":0,"prediction":0.2796}},{"type":"Feature","geometry":{"type":"Point","coordinates":[127.1,-15.0]},"properties":{"region":1,"fire_occurred":0,"prediction":0.5035}},{"type":"Feature","geometry":{"type":"Point","coordinates":[127.1,-14.9]},"properties":{"region":1,"fire_occurred":0,"prediction":0.3738}},{"type":"Feature","geometry":{"type":"Point","coordinates":[127.1,-14.5]},"properties":{"region":1,"fire_occurred":0,"prediction":0.1062}},{"type":"Feature","geometry":{"type":"Point","coordinates":[127.1,-14.4]},"properties":{"region":1,"fire_occurred":0,"prediction":0.1661}},{"type":"Feature","geometry":{"type":"Point","coordinates":[127.1,-14.3]},"properties":{"region":1,"fire_occurred":0,"prediction":0.1011}},{"type":"Feature","geometry":{"type":"Point","coordinates":[127.1,-14.1]},"properties":{"region":1,"fire_occurred":0,"prediction":0.1262}},{"type":"Feature","geometry":{"type":"Point","coordinates":[127.2,-16.1]},"properties":{"region":1,"fire_occurred":0,"prediction":0.2243}},{"type":"Feature","geometry":{"type":"Point","coordinates":[127.2,-16.0]},"properties":{"region":1,"fire_occurred":0,"prediction":0.1332}},{"type":"Feature","geometry":{"type":"Point","coordinates":[127.2,-15.2]},"properties":{"region":1,"fire_occurred":1,"prediction":0.1028}},{"type":"Feature","geometry":{"type":"Point","coordinates":[127.2,-15.1]},"properties":{"region":1,"fire_occurred":1,"prediction":0.1159}},{"type":"Feature","geometry":{"type":"Point","coordinates":[127.2,-15.0]},"properties":{"region":1,"fire_occurred":0,"prediction":0.1761}},{"type":"Feature","geometry":{"type":"Point","coordinates":[127.2,-14.8]},"properties":{"region":1,"fire_occurred":0,"prediction":0.1359}},{"type":"Feature","geometry":{"type":"Point","coordinates":[127.2,-14.6]},"properties":{"region":1,"fire_occurred":0,"prediction":0.1068}},{"type":"Feature","geometry":{"type":"Point","coordinates":[127.2,-14.5]},"properties":{"region":1,"fire_occurred":0,"prediction":0.1771}},{"type":"Feature","geometry":{"type":"Point","coordinates":[127.2,-14.4]},"properties":{"region":1,"fire_occurred":0,"prediction":0.1694}},{"type":"Feature","geometry":{"type":"Point","coordinates":[127.2,-14.2]},"properties":{"region":1,"fire_occurred":0,"prediction":0.1079}},{"type":"Feature","geometry":{"type":"Point","coordinates":[127.2,-14.1]},"properties":{"region":1,"fire_occurred":0,"prediction":0.1253}},{"type":"Feature","geometry":{"type":"Point","coordinates":[127.3,-16.5]},"properties":{"region":1,"fire_occurred":0,"prediction":0.1041}},{"type":"Feature","geometry":{"type":"Point","coordinates":[127.3,-16.1]},"properties":{"region":1,"fire_occurred":0,"prediction":0.1646}},{"type":"Feature","geometry":{"type":"Point","coordinates":[127.3,-16.0]},"properties":{"region":1,"fire_occurred":0,"prediction":0.1029}},{"type":"Feature","geometry":{"type":"Point","coordinates":[127.3,-15.2]},"properties":{"region":1,"fire_occurred":1,"prediction":0.0642}},{"type":"Feature","geometry":{"type":"Point","coordinates":[127.3,-14.9]},"properties":{"region":1,"fire_occurred":1,"prediction":0.1908}},{"type":"Feature","geometry":{"type":"Point","coordinates":[127.3,-14.8]},"properties":{"region":1,"fire_occurred":0,"prediction":0.1408}},{"type":"Feature","geometry":{"type":"Point","coordinates":[127.3,-14.7]},"properties":{"region":1,"fire_occurred":0,"prediction":0.132}},{"type":"Feature","geometry":{"type":"Point","coordinates":[127.3,-14.6]},"properties":{"region":1,"fire_occurred":0,"prediction":0.1331}},{"type":"Feature","geometry":{"type":"Point","coordinates":[127.3,-14.5]},"properties":{"region":1,"fire_occurred":0,"prediction":0.1635}},{"type":"Feature","geometry":{"type":"Point","coordinates":[127.3,-14.4]},"properties":{"region":1,"fire_occurred":0,"prediction":0.1901}},{"type":"Feature","geometry":{"type":"Point","coordinates":[127.4,-16.6]},"properties":{"region":1,"fire_occurred":1,"prediction":0.0069}},{"type":"Feature","geometry":{"type":"Point","coordinates":[127.4,-16.5]},"properties":{"region":1,"fire_occurred":0,"prediction":0.2273}},{"type":"Feature","geometry":{"type":"Point","coordinates":[127.4,-16.3]},"properties":{"region":1,"fire_occurred":1,"prediction":0.2797}},{"type":"Feature","geometry":{"type":"Point","coordinates":[127.4,-16.2]},"properties":{"region":1,"fire_occurred":0,"prediction":0.119}},{"type":"Feature","geometry":{"type":"Point","coordinates":[127.4,-16.0]},"properties":{"region":1,"fire_occurred":0,"prediction":0.1692}},{"type":"Feature","geometry":{"type":"Point","coordinates":[127.4,-15.3]},"properties":{"region":1,"fire_occurred":1,"prediction":0.0158}},{"type":"Feature","geometry":{"type":"Point","coordinates":[127.4,-15.1]},"properties":{"region":1,"fire_occurred":1,"prediction":0.0266}},{"type":"Feature","geometry":{"type":"Point","coordinates":[127.4,-14.9]},"properties":{"region":1,"fire_occurred":1,"prediction":0.0179}},{"type":"Feature","geometry":{"type":"Point","coordinates":[127.4,-14.5]},"properties":{"region":1,"fire_occurred":0,"prediction":0.1359}},{"type":"Feature","geometry":{"type":"Point","coordinates":[127.4,-14.4]},"properties":{"region":1,"fire_occurred":0,"prediction":0.1336}},{"type":"Feature","geometry":{"type":"Point","coordinates":[127.5,-16.6]},"properties":{"region":1,"fire_occurred":0,"prediction":0.1409}},{"type":"Feature","geometry":{"type":"Point","coordinates":[127.5,-16.3]},"properties":{"region":1,"fire_occurred":0,"prediction":0.2163}},{"type":"Feature","geometry":{"type":"Point","coordinates":[127.5,-16.0]},"properties":{"region":1,"fire_occurred":0,"prediction":0.1319}},{"type":"Feature","geometry":{"type":"Point","coordinates":[127.5,-15.4]},"properties":{"region":1,"fire_occurred":1,"prediction":0.015}},{"type":"Feature","geometry":{"type":"Point","coordinates":[127.5,-15.3]},"properties":{"region":1,"fire_occurred":1,"prediction":0.0142}},{"type":"Feature","geometry":{"type":"Point","coordinates":[127.5,-15.2]},"properties":{"region":1,"fire_occurred":1,"prediction":0.0233}},{"type":"Feature","geometry":{"type":"Point","coordinates":[127.5,-15.1]},"properties":{"region":1,"fire_occurred":1,"prediction":0.0244}},{"type":"Feature","geometry":{"type":"Point","coordinates":[127.5,-14.9]},"properties":{"region":1,"fire_occurred":1,"prediction":0.0212}},{"type":"Feature","geometry":{"type":"Point","coordinates":[127.5,-14.7]},"properties":{"region":1,"fire_occurred":0,"prediction":0.1414}},{"type":"Feature","geometry":{"type":"Point","coordinates":[127.5,-14.6]},"properties":{"region":1,"fire_occurred":0,"prediction":0.1381}},{"type":"Feature","geometry":{"type":"Point","coordinates":[127.5,-14.5]},"properties":{"region":1,"fire_occurred":1,"prediction":0.1346}},{"type":"Feature","geometry":{"type":"Point","coordinates":[127.5,-14.4]},"properties":{"region":1,"fire_occurred":1,"prediction":0.084}},{"type":"Feature","geometry":{"type":"Point","coordinates":[127.6,-16.3]},"properties":{"region":1,"fire_occurred":0,"prediction":0.1756}},{"type":"Feature","geometry":{"type":"Point","coordinates":[127.6,-16.2]},"properties":{"region":1,"fire_occurred":0,"prediction":0.1296}},{"type":"Feature","geometry":{"type":"Point","coordinates":[127.6,-16.1]},"properties":{"region":1,"fire_occurred":0,"prediction":0.1773}},{"type":"Feature","geometry":{"type":"Point","coordinates":[127.6,-16.0]},"properties":{"region":1,"fire_occurred":0,"prediction":0.2104}},{"type":"Feature","geometry":{"type":"Point","coordinates":[127.6,-15.9]},"properties":{"region":1,"fire_occurred":0,"prediction":0.1498}},{"type":"Feature","geometry":{"type":"Point","coordinates":[127.6,-15.4]},"properties":{"region":1,"fire_occurred":1,"prediction":0.0118}},{"type":"Feature","geometry":{"type":"Point","coordinates":[127.6,-15.2]},"properties":{"region":1,"fire_occurred":1,"prediction":0.0121}},{"type":"Feature","geometry":{"type":"Point","coordinates":[127.6,-15.1]},"properties":{"region":1,"fire_occurred":1,"prediction":0.0593}},{"type":"Feature","geometry":{"type":"Point","coordinates":[127.6,-15.0]},"properties":{"region":1,"fire_occurred":0,"prediction":0.1652}},{"type":"Feature","geometry":{"type":"Point","coordinates":[127.6,-14.9]},"properties":{"region":1,"fire_occurred":1,"prediction":0.034}},{"type":"Feature","geometry":{"type":"Point","coordinates":[127.6,-14.8]},"properties":{"region":1,"fire_occurred":1,"prediction":0.0255}},{"type":"Feature","geometry":{"type":"Point","coordinates":[127.6,-14.4]},"properties":{"region":1,"fire_occurred":1,"prediction":0.0653}},{"type":"Feature","geometry":{"type":"Point","coordinates":[127.6,-14.3]},"properties":{"region":1,"fire_occurred":1,"prediction":0.0483}},{"type":"Feature","geometry":{"type":"Point","coordinates":[127.7,-16.0]},"properties":{"region":1,"fire_occurred":0,"prediction":0.1181}},{"type":"Feature","geometry":{"type":"Point","coordinates":[127.7,-15.9]},"properties":{"region":1,"fire_occurred":1,"prediction":0.018}},{"type":"Feature","geometry":{"type":"Point","coordinates":[127.7,-15.4]},"properties":{"region":1,"fire_occurred":1,"prediction":0.0527}},{"type":"Feature","geometry":{"type":"Point","coordinates":[127.7,-15.3]},"properties":{"region":1,"fire_occurred":1,"prediction":0.0114}},{"type":"Feature","geometry":{"type":"Point","coordinates":[127.7,-15.2]},"properties":{"region":1,"fire_occurred":1,"prediction":0.0121}},{"type":"Feature","geometry":{"type":"Point","coordinates":[127.7,-15.0]},"properties":{"region":1,"fire_occurred":1,"prediction":0.1132}},{"type":"Feature","geometry":{"type":"Point","coordinates":[127.7,-14.8]},"properties":{"region":1,"fire_occurred":1,"prediction":0.0102}},{"type":"Feature","geometry":{"type":"Point","coordinates":[127.7,-14.6]},"properties":{"region":1,"fire_occurred":1,"prediction":0.0118}},{"type":"Feature","geometry":{"type":"Point","coordinates":[127.7,-14.5]},"properties":{"region":1,"fire_occurred":1,"prediction":0.1069}},{"type":"Feature","geometry":{"type":"Point","coordinates":[127.8,-17.0]},"properties":{"region":1,"fire_occurred":0,"prediction":0.202}},{"type":"Feature","geometry":{"type":"Point","coordinates":[127.8,-16.2]},"properties":{"region":1,"fire_occurred":1,"prediction":0.2902}},{"type":"Feature","geometry":{"type":"Point","coordinates":[127.8,-15.8]},"properties":{"region":1,"fire_occurred":1,"prediction":0.0194}},{"type":"Feature","geometry":{"type":"Point","coordinates":[127.8,-15.4]},"properties":{"region":1,"fire_occurred":1,"prediction":0.0734}},{"type":"Feature","geometry":{"type":"Point","coordinates":[127.8,-15.3]},"properties":{"region":1,"fire_occurred":1,"prediction":0.0293}},{"type":"Feature","geometry":{"type":"Point","coordinates":[127.8,-15.0]},"properties":{"region":1,"fire_occurred":0,"prediction":0.1178}},{"type":"Feature","geometry":{"type":"Point","coordinates":[127.8,-14.9]},"properties":{"region":1,"fire_occurred":1,"prediction":0.0362}},{"type":"Feature","geometry":{"type":"Point","coordinates":[127.8,-14.8]},"properties":{"region":1,"fire_occurred":1,"prediction":0.0612}},{"type":"Feature","geometry":{"type":"Point","coordinates":[127.8,-14.6]},"properties":{"region":1,"fire_occurred":1,"prediction":0.0862}},{"type":"Feature","geometry":{"type":"Point","coordinates":[127.9,-17.0]},"properties":{"region":1,"fire_occurred":1,"prediction":0.0481}},{"type":"Feature","geometry":{"type":"Point","coordinates":[127.9,-16.2]},"properties":{"region":1,"fire_occurred":0,"prediction":0.2994}},{"type":"Feature","geometry":{"type":"Point","coordinates":[127.9,-15.0]},"properties":{"region":1,"fire_occurred":1,"prediction":0.0108}},{"type":"Feature","geometry":{"type":"Point","coordinates":[127.9,-14.8]},"properties":{"region":1,"fire_occurred":1,"prediction":0.0681}},{"type":"Feature","geometry":{"type":"Point","coordinates":[128.0,-15.0]},"properties":{"region":1,"fire_occurred":0,"prediction":0.1477}},{"type":"Feature","geometry":{"type":"Point","coordinates":[128.0,-14.8]},"properties":{"region":1,"fire_occurred":1,"prediction":0.1173}},{"type":"Feature","geometry":{"type":"Point","coordinates":[128.1,-16.2]},"properties":{"region":1,"fire_occurred":0,"prediction":0.1206}},{"type":"Feature","geometry":{"type":"Point","coordinates":[128.1,-16.1]},"properties":{"region":1,"fire_occurred":0,"prediction":0.1303}},{"type":"Feature","geometry":{"type":"Point","coordinates":[128.2,-16.6]},"properties":{"region":1,"fire_occurred":1,"prediction":0.1328}},{"type":"Feature","geometry":{"type":"Point","coordinates":[128.2,-16.5]},"properties":{"region":1,"fire_occurred":0,"prediction":0.1151}},{"type":"Feature","geometry":{"type":"Point","coordinates":[128.2,-16.2]},"properties":{"region":1,"fire_occurred":0,"prediction":0.2339}},{"type":"Feature","geometry":{"type":"Point","coordinates":[128.2,-16.1]},"properties":{"region":1,"fire_occurred":0,"prediction":0.3211}},{"type":"Feature","geometry":{"type":"Point","coordinates":[128.2,-16.0]},"properties":{"region":1,"fire_occurred":0,"prediction":0.4633}},{"type":"Feature","geometry":{"type":"Point","coordinates":[128.2,-15.9]},"properties":{"region":1,"fire_occurred":1,"prediction":0.1035}},{"type":"Feature","geometry":{"type":"Point","coordinates":[128.2,-15.8]},"properties":{"region":1,"fire_occurred":0,"prediction":0.1614}},{"type":"Feature","geometry":{"type":"Point","coordinates":[128.2,-15.7]},"properties":{"region":1,"fire_occurred":0,"prediction":0.1493}},{"type":"Feature","geometry":{"type":"Point","coordinates":[128.2,-15.6]},"properties":{"region":1,"fire_occurred":0,"prediction":0.1997}},{"type":"Feature","geometry":{"type":"Point","coordinates":[128.3,-16.4]},"properties":{"region":1,"fire_occurred":0,"prediction":0.1575}},{"type":"Feature","geometry":{"type":"Point","coordinates":[128.3,-16.3]},"properties":{"region":1,"fire_occurred":0,"prediction":0.2194}},{"type":"Feature","geometry":{"type":"Point","coordinates":[128.3,-16.2]},"properties":{"region":1,"fire_occurred":0,"prediction":0.1336}},{"type":"Feature","geometry":{"type":"Point","coordinates":[128.3,-16.1]},"properties":{"region":1,"fire_occurred":0,"prediction":0.3177}},{"type":"Feature","geometry":{"type":"Point","coordinates":[128.3,-16.0]},"properties":{"region":1,"fire_occurred":0,"prediction":0.1993}},{"type":"Feature","geometry":{"type":"Point","coordinates":[128.3,-15.9]},"properties":{"region":1,"fire_occurred":0,"prediction":0.1117}},{"type":"Feature","geometry":{"type":"Point","coordinates":[128.3,-15.8]},"properties":{"region":1,"fire_occurred":0,"prediction":0.1234}},{"type":"Feature","geometry":{"type":"Point","coordinates":[128.4,-16.3]},"properties":{"region":1,"fire_occurred":0,"prediction":0.2342}},{"type":"Feature","geometry":{"type":"Point","coordinates":[128.4,-15.9]},"properties":{"region":1,"fire_occurred":0,"prediction":0.1259}},{"type":"Feature","geometry":{"type":"Point","coordinates":[128.4,-15.8]},"properties":{"region":1,"fire_occurred":0,"prediction":0.1138}},{"type":"Feature","geometry":{"type":"Point","coordinates":[128.4,-15.2]},"properties":{"region":1,"fire_occurred":0,"prediction":0.1206}},{"type":"Feature","geometry":{"type":"Point","coordinates":[128.5,-15.8]},"properties":{"region":1,"fire_occurred":0,"prediction":0.1879}},{"type":"Feature","geometry":{"type":"Point","coordinates":[128.5,-15.2]},"properties":{"region":1,"fire_occurred":0,"prediction":0.1313}},{"type":"Feature","geometry":{"type":"Point","coordinates":[128.6,-15.8]},"properties":{"region":1,"fire_occurred":1,"prediction":0.181}},{"type":"Feature","geometry":{"type":"Point","coordinates":[128.6,-15.4]},"properties":{"region":1,"fire_occurred":0,"prediction":0.2337}},{"type":"Feature","geometry":{"type":"Point","coordinates":[128.6,-15.3]},"properties":{"region":1,"fire_occurred":1,"prediction":0.2174}},{"type":"Feature","geometry":{"type":"Point","coordinates":[128.6,-15.2]},"properties":{"region":1,"fire_occurred":0,"prediction":0.1108}},{"type":"Feature","geometry":{"type":"Point","coordinates":[128.6,-15.1]},"properties":{"region":1,"fire_occurred":0,"prediction":0.1481}},{"type":"Feature","geometry":{"type":"Point","coordinates":[128.7,-15.6]},"properties":{"region":1,"fire_occurred":0,"prediction":0.1285}},{"type":"Feature","geometry":{"type":"Point","coordinates":[128.7,-15.5]},"properties":{"region":1,"fire_occurred":0,"prediction":0.5603}},{"type":"Feature","geometry":{"type":"Point","coordinates":[128.7,-15.4]},"properties":{"region":1,"fire_occurred":1,"prediction":0.6818}},{"type":"Feature","geometry":{"type":"Point","coordinates":[128.7,-15.3]},"properties":{"region":1,"fire_occurred":1,"prediction":0.712}},{"type":"Feature","geometry":{"type":"Point","coordinates":[128.7,-15.2]},"properties":{"region":1,"fire_occurred":1,"prediction":0.477}},{"type":"Feature","geometry":{"type":"Point","coordinates":[128.7,-15.1]},"properties":{"region":1,"fire_occurred":0,"prediction":0.4614}},{"type":"Feature","geometry":{"type":"Point","coordinates":[128.8,-15.6]},"properties":{"region":1,"fire_occurred":0,"prediction":0.1645}},{"type":"Feature","geometry":{"type":"Point","coordinates":[128.8,-15.5]},"properties":{"region":1,"fire_occurred":1,"prediction":0.3569}},{"type":"Feature","geometry":{"type":"Point","coordinates":[128.8,-15.4]},"properties":{"region":1,"fire_occurred":1,"prediction":0.7139}},{"type":"Feature","geometry":{"type":"Point","coordinates":[128.8,-15.3]},"properties":{"region":1,"fire_occurred":1,"prediction":0.6759}},{"type":"Feature","geometry":{"type":"Point","coordinates":[128.8,-15.2]},"properties":{"region":1,"fire_occurred":1,"prediction":0.4882}},{"type":"Feature","geometry":{"type":"Point","coordinates":[128.8,-15.1]},"properties":{"region":1,"fire_occurred":0,"prediction":0.1595}},{"type":"Feature","geometry":{"type":"Point","coordinates":[128.9,-15.4]},"properties":{"region":1,"fire_occurred":1,"prediction":0.5943}},{"type":"Feature","geometry":{"type":"Point","coordinates":[128.9,-15.3]},"properties":{"region":1,"fire_occurred":0,"prediction":0.313}},{"type":"Feature","geometry":{"type":"Point","coordinates":[128.9,-15.2]},"properties":{"region":1,"fire_occurred":0,"prediction":0.1182}},{"type":"Feature","geometry":{"type":"Point","coordinates":[128.9,-15.1]},"properties":{"region":1,"fire_occurred":0,"prediction":0.1268}},{"type":"Feature","geometry":{"type":"Point","coordinates":[129.0,-15.7]},"properties":{"region":1,"fire_occurred":0,"prediction":0.2276}},{"type":"Feature","geometry":{"type":"Point","coordinates":[129.0,-15.3]},"properties":{"region":1,"fire_occurred":0,"prediction":0.2897}},{"type":"Feature","geometry":{"type":"Point","coordinates":[129.1,-15.5]},"properties":{"region":1,"fire_occurred":0,"prediction":0.1506}},{"type":"Feature","geometry":{"type":"Point","coordinates":[129.1,-15.4]},"properties":{"region":1,"fire_occurred":0,"prediction":0.1211}},{"type":"Feature","geometry":{"type":"Point","coordinates":[129.3,-15.6]},"properties":{"region":1,"fire_occurred":0,"prediction":0.2447}},{"type":"Feature","geometry":{"type":"Point","coordinates":[129.4,-15.7]},"properties":{"region":1,"fire_occurred":0,"prediction":0.2209}},{"type":"Feature","geometry":{"type":"Point","coordinates":[129.4,-15.6]},"properties":{"region":1,"fire_occurred":0,"prediction":0.1236}},{"type":"Feature","geometry":{"type":"Point","coordinates":[129.5,-15.7]},"properties":{"region":1,"fire_occurred":0,"prediction":0.1699}},{"type":"Feature","geometry":{"type":"Point","coordinates":[129.5,-15.6]},"properties":{"region":1,"fire_occurred":0,"prediction":0.1621}},{"type":"Feature","geometry":{"type":"Point","coordinates":[129.5,-15.3]},"properties":{"region":1,"fire_occurred":0,"prediction":0.3069}},{"type":"Feature","geometry":{"type":"Point","coordinates":[129.5,-14.4]},"properties":{"region":1,"fire_occurred":1,"prediction":0.3266}},{"type":"Feature","geometry":{"type":"Point","coordinates":[129.6,-16.0]},"properties":{"region":1,"fire_occurred":1,"prediction":0.1301}},{"type":"Feature","geometry":{"type":"Point","coordinates":[129.6,-15.9]},"properties":{"region":1,"fire_occurred":1,"prediction":0.0993}},{"type":"Feature","geometry":{"type":"Point","coordinates":[129.6,-15.8]},"properties":{"region":1,"fire_occurred":1,"prediction":0.0257}},{"type":"Feature","geometry":{"type":"Point","coordinates":[129.6,-15.7]},"properties":{"region":1,"fire_occurred":0,"prediction":0.1773}},{"type":"Feature","geometry":{"type":"Point","coordinates":[129.6,-15.6]},"properties":{"region":1,"fire_occurred":0,"prediction":0.1525}},{"type":"Feature","geometry":{"type":"Point","coordinates":[129.6,-15.5]},"properties":{"region":1,"fire_occurred":0,"prediction":0.1519}},{"type":"Feature","geometry":{"type":"Point","coordinates":[129.6,-15.3]},"properties":{"region":1,"fire_occurred":1,"prediction":0.2179}},{"type":"Feature","geometry":{"type":"Point","coordinates":[129.6,-14.3]},"properties":{"region":1,"fire_occurred":0,"prediction":0.3873}},{"type":"Feature","geometry":{"type":"Point","coordinates":[129.7,-15.4]},"properties":{"region":1,"fire_occurred":0,"prediction":0.1316}},{"type":"Feature","geometry":{"type":"Point","coordinates":[129.7,-15.3]},"properties":{"region":1,"fire_occurred":1,"prediction":0.3748}},{"type":"Feature","geometry":{"type":"Point","coordinates":[129.7,-14.4]},"properties":{"region":1,"fire_occurred":0,"prediction":0.3153}},{"type":"Feature","geometry":{"type":"Point","coordinates":[129.7,-14.3]},"properties":{"region":1,"fire_occurred":0,"prediction":0.2346}},{"type":"Feature","geometry":{"type":"Point","coordinates":[129.7,-14.2]},"properties":{"region":1,"fire_occurred":1,"prediction":0.483}},{"type":"Feature","geometry":{"type":"Point","coordinates":[129.8,-15.5]},"properties":{"region":1,"fire_occurred":0,"prediction":0.1087}},{"type":"Feature","geometry":{"type":"Point","coordinates":[129.8,-15.4]},"properties":{"region":1,"fire_occurred":0,"prediction":0.5283}},{"type":"Feature","geometry":{"type":"Point","coordinates":[129.8,-15.3]},"properties":{"region":1,"fire_occurred":0,"prediction":0.4485}},{"type":"Feature","geometry":{"type":"Point","coordinates":[129.8,-14.5]},"properties":{"region":1,"fire_occurred":1,"prediction":0.206}},{"type":"Feature","geometry":{"type":"Point","coordinates":[129.8,-14.4]},"properties":{"region":1,"fire_occurred":1,"prediction":0.39}},{"type":"Feature","geometry":{"type":"Point","coordinates":[129.8,-14.3]},"properties":{"region":1,"fire_occurred":1,"prediction":0.2034}},{"type":"Feature","geometry":{"type":"Point","coordinates":[129.9,-15.4]},"properties":{"region":1,"fire_occurred":0,"prediction":0.2704}},{"type":"Feature","geometry":{"type":"Point","coordinates":[129.9,-15.3]},"properties":{"region":1,"fire_occurred":1,"prediction":0.4747}},{"type":"Feature","geometry":{"type":"Point","coordinates":[129.9,-15.2]},"properties":{"region":1,"fire_occurred":1,"prediction":0.5683}},{"type":"Feature","geometry":{"type":"Point","coordinates":[129.9,-15.1]},"properties":{"region":1,"fire_occurred":1,"prediction":0.6003}},{"type":"Feature","geometry":{"type":"Point","coordinates":[129.9,-15.0]},"properties":{"region":1,"fire_occurred":1,"prediction":0.3754}},{"type":"Feature","geometry":{"type":"Point","coordinates":[129.9,-14.7]},"properties":{"region":1,"fire_occurred":0,"prediction":0.2688}},{"type":"Feature","geometry":{"type":"Point","coordinates":[129.9,-14.5]},"properties":{"region":1,"fire_occurred":1,"prediction":0.1086}},{"type":"Feature","geometry":{"type":"Point","coordinates":[129.9,-14.4]},"properties":{"region":1,"fire_occurred":0,"prediction":0.1454}},{"type":"Feature","geometry":{"type":"Point","coordinates":[129.9,-14.3]},"properties":{"region":1,"fire_occurred":1,"prediction":0.0881}},{"type":"Feature","geometry":{"type":"Point","coordinates":[129.9,-14.0]},"properties":{"region":1,"fire_occurred":0,"prediction":0.1039}},{"type":"Feature","geometry":{"type":"Point","coordinates":[129.9,-13.7]},"properties":{"region":1,"fire_occurred":0,"prediction":0.1153}},{"type":"Feature","geometry":{"type":"Point","coordinates":[130.0,-16.0]},"properties":{"region":1,"fire_occurred":0,"prediction":0.1994}},{"type":"Feature","geometry":{"type":"Point","coordinates":[130.0,-15.4]},"properties":{"region":1,"fire_occurred":1,"prediction":0.2338}},{"type":"Feature","geometry":{"type":"Point","coordinates":[130.0,-15.3]},"properties":{"region":1,"fire_occurred":1,"prediction":0.2857}},{"type":"Feature","geometry":{"type":"Point","coordinates":[130.0,-15.2]},"properties":{"region":1,"fire_occurred":0,"prediction":0.5369}},{"type":"Feature","geometry":{"type":"Point","coordinates":[130.0,-15.1]},"properties":{"region":1,"fire_occurred":0,"prediction":0.4908}},{"type":"Feature","geometry":{"type":"Point","coordinates":[130.0,-15.0]},"properties":{"region":1,"fire_occurred":1,"prediction":0.4363}},{"type":"Feature","geometry":{"type":"Point","coordinates":[130.0,-14.9]},"properties":{"region":1,"fire_occurred":1,"prediction":0.3151}},{"type":"Feature","geometry":{"type":"Point","coordinates":[130.0,-14.7]},"properties":{"region":1,"fire_occurred":0,"prediction":0.1329}},{"type":"Feature","geometry":{"type":"Point","coordinates":[130.0,-14.6]},"properties":{"region":1,"fire_occurred":1,"prediction":0.0447}},{"type":"Feature","geometry":{"type":"Point","coordinates":[130.0,-14.5]},"properties":{"region":1,"fire_occurred":1,"prediction":0.0369}},{"type":"Feature","geometry":{"type":"Point","coordinates":[130.0,-14.4]},"properties":{"region":1,"fire_occurred":0,"prediction":0.1124}},{"type":"Feature","geometry":{"type":"Point","coordinates":[130.0,-14.3]},"properties":{"region":1,"fire_occurred":0,"prediction":0.1098}},{"type":"Feature","geometry":{"type":"Point","coordinates":[130.0,-14.0]},"properties":{"region":1,"fire_occurred":0,"prediction":0.2083}},{"type":"Feature","geometry":{"type":"Point","coordinates":[130.0,-13.9]},"properties":{"region":1,"fire_occurred":0,"prediction":0.1933}},{"type":"Feature","geometry":{"type":"Point","coordinates":[130.0,-13.7]},"properties":{"region":1,"fire_occurred":1,"prediction":0.1057}},{"type":"Feature","geometry":{"type":"Point","coordinates":[130.1,-15.8]},"properties":{"region":1,"fire_occurred":0,"prediction":0.1736}},{"type":"Feature","geometry":{"type":"Point","coordinates":[130.1,-15.4]},"properties":{"region":1,"fire_occurred":1,"prediction":0.2553}},{"type":"Feature","geometry":{"type":"Point","coordinates":[130.1,-15.3]},"properties":{"region":1,"fire_occurred":1,"prediction":0.5228}},{"type":"Feature","geometry":{"type":"Point","coordinates":[130.1,-15.2]},"properties":{"region":1,"fire_occurred":0,"prediction":0.5947}},{"type":"Feature","geometry":{"type":"Point","coordinates":[130.1,-15.1]},"properties":{"region":1,"fire_occurred":0,"prediction":0.6199}},{"type":"Feature","geometry":{"type":"Point","coordinates":[130.1,-15.0]},"properties":{"region":1,"fire_occurred":1,"prediction":0.6447}},{"type":"Feature","geometry":{"type":"Point","coordinates":[130.1,-14.9]},"properties":{"region":1,"fire_occurred":0,"prediction":0.5219}},{"type":"Feature","geometry":{"type":"Point","coordinates":[130.1,-14.6]},"properties":{"region":1,"fire_occurred":0,"prediction":0.1752}},{"type":"Feature","geometry":{"type":"Point","coordinates":[130.1,-14.2]},"properties":{"region":1,"fire_occurred":0,"prediction":0.3565}},{"type":"Feature","geometry":{"type":"Point","coordinates":[130.1,-14.0]},"properties":{"region":1,"fire_occurred":0,"prediction":0.1108}},{"type":"Feature","geometry":{"type":"Point","coordinates":[130.2,-15.4]},"properties":{"region":1,"fire_occurred":0,"prediction":0.2815}},{"type":"Feature","geometry":{"type":"Point","coordinates":[130.2,-15.3]},"properties":{"region":1,"fire_occurred":1,"prediction":0.5274}},{"type":"Feature","geometry":{"type":"Point","coordinates":[130.2,-15.2]},"properties":{"region":1,"fire_occurred":0,"prediction":0.541}},{"type":"Feature","geometry":{"type":"Point","coordinates":[130.2,-15.1]},"properties":{"region":1,"fire_occurred":0,"prediction":0.5262}},{"type":"Feature","geometry":{"type":"Point","coordinates":[130.2,-15.0]},"properties":{"region":1,"fire_occurred":0,"prediction":0.6345}},{"type":"Feature","geometry":{"type":"Point","coordinates":[130.2,-14.9]},"properties":{"region":1,"fire_occurred":0,"prediction":0.5594}},{"type":"Feature","geometry":{"type":"Point","coordinates":[130.2,-14.2]},"properties":{"region":1,"fire_occurred":0,"prediction":0.1546}},{"type":"Feature","geometry":{"type":"Point","coordinates":[130.2,-14.1]},"properties":{"region":1,"fire_occurred":0,"prediction":0.1263}},{"type":"Feature","geometry":{"type":"Point","coordinates":[130.2,-14.0]},"properties":{"region":1,"fire_occurred":1,"prediction":0.419}},{"type":"Feature","geometry":{"type":"Point","coordinates":[130.2,-13.9]},"properties":{"region":1,"fire_occurred":1,"prediction":0.2263}},{"type":"Feature","geometry":{"type":"Point","coordinates":[130.2,-13.8]},"properties":{"region":1,"fire_occurred":1,"prediction":0.2484}},{"type":"Feature","geometry":{"type":"Point","coordinates":[130.2,-13.2]},"properties":{"region":1,"fire_occurred":0,"prediction":0.1016}},{"type":"Feature","geometry":{"type":"Point","coordinates":[130.2,-13.1]},"properties":{"region":1,"fire_occurred":0,"prediction":0.3776}},{"type":"Feature","geometry":{"type":"Point","coordinates":[130.3,-15.9]},"properties":{"region":1,"fire_occurred":0,"prediction":0.1087}},{"type":"Feature","geometry":{"type":"Point","coordinates":[130.3,-15.5]},"properties":{"region":1,"fire_occurred":0,"prediction":0.1511}},{"type":"Feature","geometry":{"type":"Point","coordinates":[130.3,-15.4]},"properties":{"region":1,"fire_occurred":0,"prediction":0.2676}},{"type":"Feature","geometry":{"type":"Point","coordinates":[130.3,-15.3]},"properties":{"region":1,"fire_occurred":1,"prediction":0.4983}},{"type":"Feature","geometry":{"type":"Point","coordinates":[130.3,-15.2]},"properties":{"region":1,"fire_occurred":1,"prediction":0.5816}},{"type":"Feature","geometry":{"type":"Point","coordinates":[130.3,-15.1]},"properties":{"region":1,"fire_occurred":0,"prediction":0.535}},{"type":"Feature","geometry":{"type":"Point","coordinates":[130.3,-15.0]},"properties":{"region":1,"fire_occurred":1,"prediction":0.6378}},{"type":"Feature","geometry":{"type":"Point","coordinates":[130.3,-14.9]},"properties":{"region":1,"fire_occurred":1,"prediction":0.5743}},{"type":"Feature","geometry":{"type":"Point","coordinates":[130.3,-14.8]},"properties":{"region":1,"fire_occurred":0,"prediction":0.2162}},{"type":"Feature","geometry":{"type":"Point","coordinates":[130.3,-14.7]},"properties":{"region":1,"fire_occurred":0,"prediction":0.1277}},{"type":"Feature","geometry":{"type":"Point","coordinates":[130.3,-14.3]},"properties":{"region":1,"fire_occurred":1,"prediction":0.056}},{"type":"Feature","geometry":{"type":"Point","coordinates":[130.3,-14.2]},"properties":{"region":1,"fire_occurred":0,"prediction":0.1008}},{"type":"Feature","geometry":{"type":"Point","coordinates":[130.3,-14.1]},"properties":{"region":1,"fire_occurred":0,"prediction":0.2707}},{"type":"Feature","geometry":{"type":"Point","coordinates":[130.3,-14.0]},"properties":{"region":1,"fire_occurred":1,"prediction":0.332}},{"type":"Feature","geometry":{"type":"Point","coordinates":[130.3,-13.7]},"properties":{"region":1,"fire_occurred":0,"prediction":0.1051}},{"type":"Feature","geometry":{"type":"Point","coordinates":[130.3,-13.6]},"properties":{"region":1,"fire_occurred":0,"prediction":0.1197}},{"type":"Feature","geometry":{"type":"Point","coordinates":[130.3,-13.5]},"properties":{"region":1,"fire_occurred":0,"prediction":0.254}},{"type":"Feature","geometry":{"type":"Point","coordinates":[130.3,-13.4]},"properties":{"region":1,"fire_occurred":0,"prediction":0.2484}},{"type":"Feature","geometry":{"type":"Point","coordinates":[130.3,-13.2]},"properties":{"region":1,"fire_occurred":0,"prediction":0.2335}},{"type":"Feature","geometry":{"type":"Point","coordinates":[130.3,-13.1]},"properties":{"region":1,"fire_occurred":0,"prediction":0.3666}},{"type":"Feature","geometry":{"type":"Point","coordinates":[130.4,-15.6]},"properties":{"region":1,"fire_occurred":0,"prediction":0.1782}},{"type":"Feature","geometry":{"type":"Point","coordinates":[130.4,-15.4]},"properties":{"region":1,"fire_occurred":0,"prediction":0.1884}},{"type":"Feature","geometry":{"type":"Point","coordinates":[130.4,-15.3]},"properties":{"region":1,"fire_occurred":0,"prediction":0.2298}},{"type":"Feature","geometry":{"type":"Point","coordinates":[130.4,-15.2]},"properties":{"region":1,"fire_occurred":1,"prediction":0.348}},{"type":"Feature","geometry":{"type":"Point","coordinates":[130.4,-15.1]},"properties":{"region":1,"fire_occurred":1,"prediction":0.0944}},{"type":"Feature","geometry":{"type":"Point","coordinates":[130.4,-15.0]},"properties":{"region":1,"fire_occurred":0,"prediction":0.5098}},{"type":"Feature","geometry":{"type":"Point","coordinates":[130.4,-14.9]},"properties":{"region":1,"fire_occurred":1,"prediction":0.6491}},{"type":"Feature","geometry":{"type":"Point","coordinates":[130.4,-14.4]},"properties":{"region":1,"fire_occurred":1,"prediction":0.0692}},{"type":"Feature","geometry":{"type":"Point","coordinates":[130.4,-14.2]},"properties":{"region":1,"fire_occurred":0,"prediction":0.1108}},{"type":"Feature","geometry":{"type":"Point","coordinates":[130.4,-14.1]},"properties":{"region":1,"fire_occurred":0,"prediction":0.1216}},{"type":"Feature","geometry":{"type":"Point","coordinates":[130.4,-14.0]},"properties":{"region":1,"fire_occurred":1,"prediction":0.1326}},{"type":"Feature","geometry":{"type":"Point","coordinates":[130.4,-13.9]},"properties":{"region":1,"fire_occurred":0,"prediction":0.1194}},{"type":"Feature","geometry":{"type":"Point","coordinates":[130.4,-13.5]},"properties":{"region":1,"fire_occurred":0,"prediction":0.2641}},{"type":"Feature","geometry":{"type":"Point","coordinates":[130.4,-13.4]},"properties":{"region":1,"fire_occurred":0,"prediction":0.2235}},{"type":"Feature","geometry":{"type":"Point","coordinates":[130.4,-13.1]},"properties":{"region":1,"fire_occurred":0,"prediction":0.2358}},{"type":"Feature","geometry":{"type":"Point","coordinates":[130.4,-13.0]},"properties":{"region":1,"fire_occurred":1,"prediction":0.1127}},{"type":"Feature","geometry":{"type":"Point","coordinates":[130.4,-12.9]},"properties":{"region":1,"fire_occurred":0,"prediction":0.1022}},{"type":"Feature","geometry":{"type":"Point","coordinates":[130.4,-12.8]},"properties":{"region":1,"fire_occurred":0,"prediction":0.1058}},{"type":"Feature","geometry":{"type":"Point","coordinates":[130.5,-15.6]},"properties":{"region":1,"fire_occurred":1,"prediction":0.2437}},{"type":"Feature","geometry":{"type":"Point","coordinates":[130.5,-15.5]},"properties":{"region":1,"fire_occurred":1,"prediction":0.1449}},{"type":"Feature","geometry":{"type":"Point","coordinates":[130.5,-15.4]},"properties":{"region":1,"fire_occurred":0,"prediction":0.1268}},{"type":"Feature","geometry":{"type":"Point","coordinates":[130.5,-15.3]},"properties":{"region":1,"fire_occurred":0,"prediction":0.1444}},{"type":"Feature","geometry":{"type":"Point","coordinates":[130.5,-15.2]},"properties":{"region":1,"fire_occurred":0,"prediction":0.5339}},{"type":"Feature","geometry":{"type":"Point","coordinates":[130.5,-15.1]},"properties":{"region":1,"fire_occurred":0,"prediction":0.5603}},{"type":"Feature","geometry":{"type":"Point","coordinates":[130.5,-15.0]},"properties":{"region":1,"fire_occurred":1,"prediction":0.5666}},{"type":"Feature","geometry":{"type":"Point","coordinates":[130.5,-14.9]},"properties":{"region":1,"fire_occurred":1,"prediction":0.648}},{"type":"Feature","geometry":{"type":"Point","coordinates":[130.5,-14.8]},"properties":{"region":1,"fire_occurred":1,"prediction":0.6105}},{"type":"Feature","geometry":{"type":"Point","coordinates":[130.5,-14.7]},"properties":{"region":1,"fire_occurred":0,"prediction":0.3593}},{"type":"Feature","geometry":{"type":"Point","coordinates":[130.5,-14.4]},"properties":{"region":1,"fire_occurred":1,"prediction":0.0953}},{"type":"Feature","geometry":{"type":"Point","coordinates":[130.5,-14.3]},"properties":{"region":1,"fire_occurred":1,"prediction":0.0947}},{"type":"Feature","geometry":{"type":"Point","coordinates":[130.5,-14.2]},"properties":{"region":1,"fire_occurred":1,"prediction":0.2354}},{"type":"Feature","geometry":{"type":"Point","coordinates":[130.5,-14.1]},"properties":{"region":1,"fire_occurred":0,"prediction":0.1192}},{"type":"Feature","geometry":{"type":"Point","coordinates":[130.5,-14.0]},"properties":{"region":1,"fire_occurred":0,"prediction":0.1318}},{"type":"Feature","geometry":{"type":"Point","coordinates":[130.5,-13.9]},"properties":{"region":1,"fire_occurred":0,"prediction":0.1504}},{"type":"Feature","geometry":{"type":"Point","coordinates":[130.5,-13.6]},"properties":{"region":1,"fire_occurred":0,"prediction":0.2125}},{"type":"Feature","geometry":{"type":"Point","coordinates":[130.5,-13.5]},"properties":{"region":1,"fire_occurred":0,"prediction":0.5773}},{"type":"Feature","geometry":{"type":"Point","coordinates":[130.5,-13.4]},"properties":{"region":1,"fire_occurred":1,"prediction":0.503}},{"type":"Feature","geometry":{"type":"Point","coordinates":[130.5,-13.3]},"properties":{"region":1,"fire_occurred":0,"prediction":0.1015}},{"type":"Feature","geometry":{"type":"Point","coordinates":[130.5,-13.1]},"properties":{"region":1,"fire_occurred":1,"prediction":0.122}},{"type":"Feature","geometry":{"type":"Point","coordinates":[130.5,-13.0]},"properties":{"region":1,"fire_occurred":1,"prediction":0.0611}},{"type":"Feature","geometry":{"type":"Point","coordinates":[130.6,-15.6]},"properties":{"region":1,"fire_occurred":1,"prediction":0.3408}},{"type":"Feature","geometry":{"type":"Point","coordinates":[130.6,-15.5]},"properties":{"region":1,"fire_occurred":1,"prediction":0.1222}},{"type":"Feature","geometry":{"type":"Point","coordinates":[130.6,-15.3]},"properties":{"region":1,"fire_occurred":0,"prediction":0.1172}},{"type":"Feature","geometry":{"type":"Point","coordinates":[130.6,-15.2]},"properties":{"region":1,"fire_occurred":0,"prediction":0.3187}},{"type":"Feature","geometry":{"type":"Point","coordinates":[130.6,-15.1]},"properties":{"region":1,"fire_occurred":0,"prediction":0.3611}},{"type":"Feature","geometry":{"type":"Point","coordinates":[130.6,-15.0]},"properties":{"region":1,"fire_occurred":0,"prediction":0.4039}},{"type":"Feature","geometry":{"type":"Point","coordinates":[130.6,-14.9]},"properties":{"region":1,"fire_occurred":0,"prediction":0.6448}},{"type":"Feature","geometry":{"type":"Point","coordinates":[130.6,-14.8]},"properties":{"region":1,"fire_occurred":1,"prediction":0.5387}},{"type":"Feature","geometry":{"type":"Point","coordinates":[130.6,-14.7]},"properties":{"region":1,"fire_occurred":0,"prediction":0.534}},{"type":"Feature","geometry":{"type":"Point","coordinates":[130.6,-14.6]},"properties":{"region":1,"fire_occurred":0,"prediction":0.3708}},{"type":"Feature","geometry":{"type":"Point","coordinates":[130.6,-14.5]},"properties":{"region":1,"fire_occurred":0,"prediction":0.1134}},{"type":"Feature","geometry":{"type":"Point","coordinates":[130.6,-14.4]},"properties":{"region":1,"fire_occurred":1,"prediction":0.0556}},{"type":"Feature","geometry":{"type":"Point","coordinates":[130.6,-14.3]},"properties":{"region":1,"fire_occurred":1,"prediction":0.3361}},{"type":"Feature","geometry":{"type":"Point","coordinates":[130.6,-14.2]},"properties":{"region":1,"fire_occurred":1,"prediction":0.5472}},{"type":"Feature","geometry":{"type":"Point","coordinates":[130.6,-14.1]},"properties":{"region":1,"fire_occurred":1,"prediction":0.5467}},{"type":"Feature","geometry":{"type":"Point","coordinates":[130.6,-14.0]},"properties":{"region":1,"fire_occurred":0,"prediction":0.4833}},{"type":"Feature","geometry":{"type":"Point","coordinates":[130.6,-13.9]},"properties":{"region":1,"fire_occurred":1,"prediction":0.138}},{"type":"Feature","geometry":{"type":"Point","coordinates":[130.6,-13.8]},"properties":{"region":1,"fire_occurred":1,"prediction":0.1255}},{"type":"Feature","geometry":{"type":"Point","coordinates":[130.6,-13.4]},"properties":{"region":1,"fire_occurred":0,"prediction":0.2348}},{"type":"Feature","geometry":{"type":"Point","coordinates":[130.6,-13.1]},"properties":{"region":1,"fire_occurred":1,"prediction":0.2542}},{"type":"Feature","geometry":{"type":"Point","coordinates":[130.6,-13.0]},"properties":{"region":1,"fire_occurred":1,"prediction":0.0383}},{"type":"Feature","geometry":{"type":"Point","coordinates":[130.6,-12.8]},"properties":{"region":1,"fire_occurred":0,"prediction":0.1291}},{"type":"Feature","geometry":{"type":"Point","coordinates":[130.7,-15.4]},"properties":{"region":1,"fire_occurred":1,"prediction":0.0649}},{"type":"Feature","geometry":{"type":"Point","coordinates":[130.7,-15.2]},"properties":{"region":1,"fire_occurred":0,"prediction":0.2084}},{"type":"Feature","geometry":{"type":"Point","coordinates":[130.7,-15.1]},"properties":{"region":1,"fire_occurred":0,"prediction":0.2238}},{"type":"Feature","geometry":{"type":"Point","coordinates":[130.7,-15.0]},"properties":{"region":1,"fire_occurred":0,"prediction":0.3027}},{"type":"Feature","geometry":{"type":"Point","coordinates":[130.7,-14.9]},"properties":{"region":1,"fire_occurred":0,"prediction":0.3864}},{"type":"Feature","geometry":{"type":"Point","coordinates":[130.7,-14.8]},"properties":{"region":1,"fire_occurred":0,"prediction":0.166}},{"type":"Feature","geometry":{"type":"Point","coordinates":[130.7,-14.7]},"properties":{"region":1,"fire_occurred":0,"prediction":0.5911}},{"type":"Feature","geometry":{"type":"Point","coordinates":[130.7,-14.6]},"properties":{"region":1,"fire_occurred":0,"prediction":0.5827}},{"type":"Feature","geometry":{"type":"Point","coordinates":[130.7,-14.4]},"properties":{"region":1,"fire_occurred":1,"prediction":0.3163}},{"type":"Feature","geometry":{"type":"Point","coordinates":[130.7,-14.3]},"properties":{"region":1,"fire_occurred":1,"prediction":0.6537}},{"type":"Feature","geometry":{"type":"Point","coordinates":[130.7,-14.2]},"properties":{"region":1,"fire_occurred":0,"prediction":0.5791}},{"type":"Feature","geometry":{"type":"Point","coordinates":[130.7,-14.1]},"properties":{"region":1,"fire_occurred":0,"prediction":0.5924}},{"type":"Feature","geometry":{"type":"Point","coordinates":[130.7,-14.0]},"properties":{"region":1,"fire_occurred":0,"prediction":0.5602}},{"type":"Feature","geometry":{"type":"Point","coordinates":[130.7,-13.9]},"properties":{"region":1,"fire_occurred":1,"prediction":0.4354}},{"type":"Feature","geometry":{"type":"Point","coordinates":[130.7,-13.8]},"properties":{"region":1,"fire_occurred":1,"prediction":0.345}},{"type":"Feature","geometry":{"type":"Point","coordinates":[130.7,-13.7]},"properties":{"region":1,"fire_occurred":1,"prediction":0.4606}},{"type":"Feature","geometry":{"type":"Point","coordinates":[130.7,-13.6]},"properties":{"region":1,"fire_occurred":1,"prediction":0.1175}},{"type":"Feature","geometry":{"type":"Point","coordinates":[130.7,-13.5]},"properties":{"region":1,"fire_occurred":1,"prediction":0.0824}},{"type":"Feature","geometry":{"type":"Point","coordinates":[130.7,-13.4]},"properties":{"region":1,"fire_occurred":1,"prediction":0.0583}},{"type":"Feature","geometry":{"type":"Point","coordinates":[130.7,-13.3]},"properties":{"region":1,"fire_occurred":1,"prediction":0.0794}},{"type":"Feature","geometry":{"type":"Point","coordinates":[130.7,-13.2]},"properties":{"region":1,"fire_occurred":0,"prediction":0.2366}},{"type":"Feature","geometry":{"type":"Point","coordinates":[130.7,-13.1]},"properties":{"region":1,"fire_occurred":0,"prediction":0.2706}},{"type":"Feature","geometry":{"type":"Point","coordinates":[130.7,-13.0]},"properties":{"region":1,"fire_occurred":1,"prediction":0.6826}},{"type":"Feature","geometry":{"type":"Point","coordinates":[130.7,-12.9]},"properties":{"region":1,"fire_occurred":1,"prediction":0.3179}},{"type":"Feature","geometry":{"type":"Point","coordinates":[130.7,-12.8]},"properties":{"region":1,"fire_occurred":1,"prediction":0.1312}},{"type":"Feature","geometry":{"type":"Point","coordinates":[130.7,-12.7]},"properties":{"region":1,"fire_occurred":1,"prediction":0.5232}},{"type":"Feature","geometry":{"type":"Point","coordinates":[130.7,-12.6]},"properties":{"region":1,"fire_occurred":0,"prediction":0.2836}},{"type":"Feature","geometry":{"type":"Point","coordinates":[130.8,-15.4]},"properties":{"region":1,"fire_occurred":0,"prediction":0.1252}},{"type":"Feature","geometry":{"type":"Point","coordinates":[130.8,-15.2]},"properties":{"region":1,"fire_occurred":0,"prediction":0.173}},{"type":"Feature","geometry":{"type":"Point","coordinates":[130.8,-15.1]},"properties":{"region":1,"fire_occurred":1,"prediction":0.1828}},{"type":"Feature","geometry":{"type":"Point","coordinates":[130.8,-15.0]},"properties":{"region":1,"fire_occurred":0,"prediction":0.2114}},{"type":"Feature","geometry":{"type":"Point","coordinates":[130.8,-14.9]},"properties":{"region":1,"fire_occurred":0,"prediction":0.1066}},{"type":"Feature","geometry":{"type":"Point","coordinates":[130.8,-14.8]},"properties":{"region":1,"fire_occurred":0,"prediction":0.1349}},{"type":"Feature","geometry":{"type":"Point","coordinates":[130.8,-14.7]},"properties":{"region":1,"fire_occurred":1,"prediction":0.1161}},{"type":"Feature","geometry":{"type":"Point","coordinates":[130.8,-14.6]},"properties":{"region":1,"fire_occurred":1,"prediction":0.5861}},{"type":"Feature","geometry":{"type":"Point","coordinates":[130.8,-14.5]},"properties":{"region":1,"fire_occurred":0,"prediction":0.3895}},{"type":"Feature","geometry":{"type":"Point","coordinates":[130.8,-14.4]},"properties":{"region":1,"fire_occurred":1,"prediction":0.5652}},{"type":"Feature","geometry":{"type":"Point","coordinates":[130.8,-14.3]},"properties":{"region":1,"fire_occurred":1,"prediction":0.6169}},{"type":"Feature","geometry":{"type":"Point","coordinates":[130.8,-14.2]},"properties":{"region":1,"fire_occurred":0,"prediction":0.3269}},{"type":"Feature","geometry":{"type":"Point","coordinates":[130.8,-14.1]},"properties":{"region":1,"fire_occurred":0,"prediction":0.4741}},{"type":"Feature","geometry":{"type":"Point","coordinates":[130.8,-14.0]},"properties":{"region":1,"fire_occurred":1,"prediction":0.5781}},{"type":"Feature","geometry":{"type":"Point","coordinates":[130.8,-13.9]},"properties":{"region":1,"fire_occurred":0,"prediction":0.163}},{"type":"Feature","geometry":{"type":"Point","coordinates":[130.8,-13.8]},"properties":{"region":1,"fire_occurred":0,"prediction":0.1751}},{"type":"Feature","geometry":{"type":"Point","coordinates":[130.8,-13.7]},"properties":{"region":1,"fire_occurred":0,"prediction":0.1128}},{"type":"Feature","geometry":{"type":"Point","coordinates":[130.8,-13.2]},"properties":{"region":1,"fire_occurred":0,"prediction":0.2662}},{"type":"Feature","geometry":{"type":"Point","coordinates":[130.8,-13.0]},"properties":{"region":1,"fire_occurred":0,"prediction":0.2084}},{"type":"Feature","geometry":{"type":"Point","coordinates":[130.8,-12.9]},"properties":{"region":1,"fire_occurred":0,"prediction":0.5819}},{"type":"Feature","geometry":{"type":"Point","coordinates":[130.8,-12.8]},"properties":{"region":1,"fire_occurred":1,"prediction":0.5974}},{"type":"Feature","geometry":{"type":"Point","coordinates":[130.8,-12.7]},"properties":{"region":1,"fire_occurred":0,"prediction":0.5052}},{"type":"Feature","geometry":{"type":"Point","coordinates":[130.9,-15.4]},"properties":{"region":1,"fire_occurred":0,"prediction":0.2032}},{"type":"Feature","geometry":{"type":"Point","coordinates":[130.9,-15.3]},"properties":{"region":1,"fire_occurred":0,"prediction":0.2656}},{"type":"Feature","geometry":{"type":"Point","coordinates":[130.9,-15.2]},"properties":{"region":1,"fire_occurred":0,"prediction":0.1921}},{"type":"Feature","geometry":{"type":"Point","coordinates":[130.9,-15.1]},"properties":{"region":1,"fire_occurred":1,"prediction":0.2558}},{"type":"Feature","geometry":{"type":"Point","coordinates":[130.9,-14.7]},"properties":{"region":1,"fire_occurred":0,"prediction":0.1235}},{"type":"Feature","geometry":{"type":"Point","coordinates":[130.9,-14.6]},"properties":{"region":1,"fire_occurred":1,"prediction":0.4598}},{"type":"Feature","geometry":{"type":"Point","coordinates":[130.9,-14.5]},"properties":{"region":1,"fire_occurred":0,"prediction":0.655}},{"type":"Feature","geometry":{"type":"Point","coordinates":[130.9,-14.4]},"properties":{"region":1,"fire_occurred":0,"prediction":0.6834}},{"type":"Feature","geometry":{"type":"Point","coordinates":[130.9,-14.3]},"properties":{"region":1,"fire_occurred":0,"prediction":0.5943}},{"type":"Feature","geometry":{"type":"Point","coordinates":[130.9,-14.2]},"properties":{"region":1,"fire_occurred":0,"prediction":0.2145}},{"type":"Feature","geometry":{"type":"Point","coordinates":[130.9,-14.1]},"properties":{"region":1,"fire_occurred":0,"prediction":0.224}},{"type":"Feature","geometry":{"type":"Point","coordinates":[130.9,-14.0]},"properties":{"region":1,"fire_occurred":0,"prediction":0.103}},{"type":"Feature","geometry":{"type":"Point","coordinates":[130.9,-13.9]},"properties":{"region":1,"fire_occurred":0,"prediction":0.1362}},{"type":"Feature","geometry":{"type":"Point","coordinates":[130.9,-13.8]},"properties":{"region":1,"fire_occurred":0,"prediction":0.1655}},{"type":"Feature","geometry":{"type":"Point","coordinates":[130.9,-13.5]},"properties":{"region":1,"fire_occurred":0,"prediction":0.104}},{"type":"Feature","geometry":{"type":"Point","coordinates":[130.9,-13.4]},"properties":{"region":1,"fire_occurred":0,"prediction":0.1029}},{"type":"Feature","geometry":{"type":"Point","coordinates":[130.9,-13.1]},"properties":{"region":1,"fire_occurred":0,"prediction":0.1106}},{"type":"Feature","geometry":{"type":"Point","coordinates":[130.9,-13.0]},"properties":{"region":1,"fire_occurred":0,"prediction":0.2062}},{"type":"Feature","geometry":{"type":"Point","coordinates":[131.0,-15.7]},"properties":{"region":1,"fire_occurred":0,"prediction":0.1076}},{"type":"Feature","geometry":{"type":"Point","coordinates":[131.0,-15.4]},"properties":{"region":1,"fire_occurred":1,"prediction":0.0159}},{"type":"Feature","geometry":{"type":"Point","coordinates":[131.0,-15.3]},"properties":{"region":1,"fire_occurred":1,"prediction":0.0637}},{"type":"Feature","geometry":{"type":"Point","coordinates":[131.0,-15.2]},"properties":{"region":1,"fire_occurred":1,"prediction":0.0242}},{"type":"Feature","geometry":{"type":"Point","coordinates":[131.0,-14.8]},"properties":{"region":1,"fire_occurred":0,"prediction":0.243}},{"type":"Feature","geometry":{"type":"Point","coordinates":[131.0,-14.7]},"properties":{"region":1,"fire_occurred":0,"prediction":0.4506}},{"type":"Feature","geometry":{"type":"Point","coordinates":[131.0,-14.6]},"properties":{"region":1,"fire_occurred":1,"prediction":0.5875}},{"type":"Feature","geometry":{"type":"Point","coordinates":[131.0,-14.5]},"properties":{"region":1,"fire_occurred":1,"prediction":0.5454}},{"type":"Feature","geometry":{"type":"Point","coordinates":[131.0,-14.4]},"properties":{"region":1,"fire_occurred":1,"prediction":0.6164}},{"type":"Feature","geometry":{"type":"Point","coordinates":[131.0,-14.3]},"properties":{"region":1,"fire_occurred":0,"prediction":0.1113}},{"type":"Feature","geometry":{"type":"Point","coordinates":[131.0,-14.1]},"properties":{"region":1,"fire_occurred":0,"prediction":0.193}},{"type":"Feature","geometry":{"type":"Point","coordinates":[131.0,-14.0]},"properties":{"region":1,"fire_occurred":0,"prediction":0.24}},{"type":"Feature","geometry":{"type":"Point","coordinates":[131.0,-13.5]},"properties":{"region":1,"fire_occurred":0,"prediction":0.1219}},{"type":"Feature","geometry":{"type":"Point","coordinates":[131.0,-13.1]},"properties":{"region":1,"fire_occurred":1,"prediction":0.0491}},{"type":"Feature","geometry":{"type":"Point","coordinates":[131.0,-12.7]},"properties":{"region":1,"fire_occurred":0,"prediction":0.2995}},{"type":"Feature","geometry":{"type":"Point","coordinates":[131.1,-15.4]},"properties":{"region":1,"fire_occurred":1,"prediction":0.0262}},{"type":"Feature","geometry":{"type":"Point","coordinates":[131.1,-15.3]},"properties":{"region":1,"fire_occurred":1,"prediction":0.0631}},{"type":"Feature","geometry":{"type":"Point","coordinates":[131.1,-15.2]},"properties":{"region":1,"fire_occurred":1,"prediction":0.1083}},{"type":"Feature","geometry":{"type":"Point","coordinates":[131.1,-15.1]},"properties":{"region":1,"fire_occurred":0,"prediction":0.1968}},{"type":"Feature","geometry":{"type":"Point","coordinates":[131.1,-15.0]},"properties":{"region":1,"fire_occurred":1,"prediction":0.1271}},{"type":"Feature","geometry":{"type":"Point","coordinates":[131.1,-14.9]},"properties":{"region":1,"fire_occurred":0,"prediction":0.219}},{"type":"Feature","geometry":{"type":"Point","coordinates":[131.1,-14.8]},"properties":{"region":1,"fire_occurred":0,"prediction":0.419}},{"type":"Feature","geometry":{"type":"Point","coordinates":[131.1,-14.7]},"properties":{"region":1,"fire_occurred":0,"prediction":0.486}},{"type":"Feature","geometry":{"type":"Point","coordinates":[131.1,-14.6]},"properties":{"region":1,"fire_occurred":1,"prediction":0.5271}},{"type":"Feature","geometry":{"type":"Point","coordinates":[131.1,-14.5]},"properties":{"region":1,"fire_occurred":1,"prediction":0.5506}},{"type":"Feature","geometry":{"type":"Point","coordinates":[131.1,-14.4]},"properties":{"region":1,"fire_occurred":1,"prediction":0.5263}},{"type":"Feature","geometry":{"type":"Point","coordinates":[131.1,-13.5]},"properties":{"region":1,"fire_occurred":0,"prediction":0.2357}},{"type":"Feature","geometry":{"type":"Point","coordinates":[131.1,-13.4]},"properties":{"region":1,"fire_occurred":1,"prediction":0.3085}},{"type":"Feature","geometry":{"type":"Point","coordinates":[131.1,-13.3]},"properties":{"region":1,"fire_occurred":0,"prediction":0.1138}},{"type":"Feature","geometry":{"type":"Point","coordinates":[131.1,-13.0]},"properties":{"region":1,"fire_occurred":0,"prediction":0.2845}},{"type":"Feature","geometry":{"type":"Point","coordinates":[131.1,-12.7]},"properties":{"region":1,"fire_occurred":0,"prediction":0.3409}},{"type":"Feature","geometry":{"type":"Point","coordinates":[131.1,-12.6]},"properties":{"region":1,"fire_occurred":0,"prediction":0.1909}},{"type":"Feature","geometry":{"type":"Point","coordinates":[131.1,-12.5]},"properties":{"region":1,"fire_occurred":0,"prediction":0.2239}},{"type":"Feature","geometry":{"type":"Point","coordinates":[131.1,-12.4]},"properties":{"region":1,"fire_occurred":1,"prediction":0.2421}},{"type":"Feature","geometry":{"type":"Point","coordinates":[131.1,-12.3]},"properties":{"region":1,"fire_occurred":0,"prediction":0.1043}},{"type":"Feature","geometry":{"type":"Point","coordinates":[131.2,-15.6]},"properties":{"region":1,"fire_occurred":1,"prediction":0.0411}},{"type":"Feature","geometry":{"type":"Point","coordinates":[131.2,-15.2]},"properties":{"region":1,"fire_occurred":0,"prediction":0.229}},{"type":"Feature","geometry":{"type":"Point","coordinates":[131.2,-15.1]},"properties":{"region":1,"fire_occurred":1,"prediction":0.0911}},{"type":"Feature","geometry":{"type":"Point","coordinates":[131.2,-15.0]},"properties":{"region":1,"fire_occurred":0,"prediction":0.3854}},{"type":"Feature","geometry":{"type":"Point","coordinates":[131.2,-14.9]},"properties":{"region":1,"fire_occurred":1,"prediction":0.1419}},{"type":"Feature","geometry":{"type":"Point","coordinates":[131.2,-14.8]},"properties":{"region":1,"fire_occurred":0,"prediction":0.1566}},{"type":"Feature","geometry":{"type":"Point","coordinates":[131.2,-14.6]},"properties":{"region":1,"fire_occurred":0,"prediction":0.1661}},{"type":"Feature","geometry":{"type":"Point","coordinates":[131.2,-14.5]},"properties":{"region":1,"fire_occurred":0,"prediction":0.3331}},{"type":"Feature","geometry":{"type":"Point","coordinates":[131.2,-13.4]},"properties":{"region":1,"fire_occurred":1,"prediction":0.3256}},{"type":"Feature","geometry":{"type":"Point","coordinates":[131.2,-13.3]},"properties":{"region":1,"fire_occurred":0,"prediction":0.6088}},{"type":"Feature","geometry":{"type":"Point","coordinates":[131.2,-13.2]},"properties":{"region":1,"fire_occurred":1,"prediction":0.2681}},{"type":"Feature","geometry":{"type":"Point","coordinates":[131.2,-12.9]},"properties":{"region":1,"fire_occurred":0,"prediction":0.2049}},{"type":"Feature","geometry":{"type":"Point","coordinates":[131.2,-12.7]},"properties":{"region":1,"fire_occurred":0,"prediction":0.1783}},{"type":"Feature","geometry":{"type":"Point","coordinates":[131.2,-12.6]},"properties":{"region":1,"fire_occurred":1,"prediction":0.2775}},{"type":"Feature","geometry":{"type":"Point","coordinates":[131.2,-12.4]},"properties":{"region":1,"fire_occurred":1,"prediction":0.251}},{"type":"Feature","geometry":{"type":"Point","coordinates":[131.2,-11.4]},"properties":{"region":1,"fire_occurred":0,"prediction":0.1402}},{"type":"Feature","geometry":{"type":"Point","coordinates":[131.3,-15.5]},"properties":{"region":1,"fire_occurred":1,"prediction":0.0399}},{"type":"Feature","geometry":{"type":"Point","coordinates":[131.3,-14.9]},"properties":{"region":1,"fire_occurred":1,"prediction":0.0637}},{"type":"Feature","geometry":{"type":"Point","coordinates":[131.3,-14.8]},"properties":{"region":1,"fire_occurred":0,"prediction":0.4113}},{"type":"Feature","geometry":{"type":"Point","coordinates":[131.3,-13.9]},"properties":{"region":1,"fire_occurred":0,"prediction":0.3659}},{"type":"Feature","geometry":{"type":"Point","coordinates":[131.3,-13.8]},"properties":{"region":1,"fire_occurred":0,"prediction":0.3255}},{"type":"Feature","geometry":{"type":"Point","coordinates":[131.3,-13.7]},"properties":{"region":1,"fire_occurred":0,"prediction":0.4332}},{"type":"Feature","geometry":{"type":"Point","coordinates":[131.3,-13.6]},"properties":{"region":1,"fire_occurred":0,"prediction":0.1762}},{"type":"Feature","geometry":{"type":"Point","coordinates":[131.3,-13.5]},"properties":{"region":1,"fire_occurred":1,"prediction":0.0474}},{"type":"Feature","geometry":{"type":"Point","coordinates":[131.3,-13.4]},"properties":{"region":1,"fire_occurred":1,"prediction":0.3145}},{"type":"Feature","geometry":{"type":"Point","coordinates":[131.3,-13.3]},"properties":{"region":1,"fire_occurred":1,"prediction":0.5932}},{"type":"Feature","geometry":{"type":"Point","coordinates":[131.3,-13.2]},"properties":{"region":1,"fire_occurred":0,"prediction":0.2245}},{"type":"Feature","geometry":{"type":"Point","coordinates":[131.3,-12.8]},"properties":{"region":1,"fire_occurred":0,"prediction":0.1828}},{"type":"Feature","geometry":{"type":"Point","coordinates":[131.3,-11.4]},"properties":{"region":1,"fire_occurred":0,"prediction":0.1805}},{"type":"Feature","geometry":{"type":"Point","coordinates":[131.4,-14.8]},"properties":{"region":1,"fire_occurred":0,"prediction":0.5629}},{"type":"Feature","geometry":{"type":"Point","coordinates":[131.4,-14.7]},"properties":{"region":1,"fire_occurred":0,"prediction":0.169}},{"type":"Feature","geometry":{"type":"Point","coordinates":[131.4,-14.5]},"properties":{"region":1,"fire_occurred":0,"prediction":0.2628}},{"type":"Feature","geometry":{"type":"Point","coordinates":[131.4,-14.4]},"properties":{"region":1,"fire_occurred":0,"prediction":0.442}},{"type":"Feature","geometry":{"type":"Point","coordinates":[131.4,-14.2]},"properties":{"region":1,"fire_occurred":1,"prediction":0.2681}},{"type":"Feature","geometry":{"type":"Point","coordinates":[131.4,-14.1]},"properties":{"region":1,"fire_occurred":0,"prediction":0.5712}},{"type":"Feature","geometry":{"type":"Point","coordinates":[131.4,-13.9]},"properties":{"region":1,"fire_occurred":0,"prediction":0.3777}},{"type":"Feature","geometry":{"type":"Point","coordinates":[131.4,-13.8]},"properties":{"region":1,"fire_occurred":0,"prediction":0.3302}},{"type":"Feature","geometry":{"type":"Point","coordinates":[131.4,-13.7]},"properties":{"region":1,"fire_occurred":0,"prediction":0.1571}},{"type":"Feature","geometry":{"type":"Point","coordinates":[131.4,-13.6]},"properties":{"region":1,"fire_occurred":0,"prediction":0.4396}},{"type":"Feature","geometry":{"type":"Point","coordinates":[131.4,-13.5]},"properties":{"region":1,"fire_occurred":0,"prediction":0.3232}},{"type":"Feature","geometry":{"type":"Point","coordinates":[131.4,-13.4]},"properties":{"region":1,"fire_occurred":1,"prediction":0.5934}},{"type":"Feature","geometry":{"type":"Point","coordinates":[131.4,-13.3]},"properties":{"region":1,"fire_occurred":0,"prediction":0.2381}},{"type":"Feature","geometry":{"type":"Point","coordinates":[131.4,-13.2]},"properties":{"region":1,"fire_occurred":0,"prediction":0.3283}},{"type":"Feature","geometry":{"type":"Point","coordinates":[131.4,-13.1]},"properties":{"region":1,"fire_occurred":0,"prediction":0.261}},{"type":"Feature","geometry":{"type":"Point","coordinates":[131.4,-13.0]},"properties":{"region":1,"fire_occurred":0,"prediction":0.2922}},{"type":"Feature","geometry":{"type":"Point","coordinates":[131.4,-12.9]},"properties":{"region":1,"fire_occurred":0,"prediction":0.605}},{"type":"Feature","geometry":{"type":"Point","coordinates":[131.4,-12.8]},"properties":{"region":1,"fire_occurred":1,"prediction":0.5161}},{"type":"Feature","geometry":{"type":"Point","coordinates":[131.4,-12.6]},"properties":{"region":1,"fire_occurred":0,"prediction":0.2009}},{"type":"Feature","geometry":{"type":"Point","coordinates":[131.4,-12.5]},"properties":{"region":1,"fire_occurred":0,"prediction":0.2094}},{"type":"Feature","geometry":{"type":"Point","coordinates":[131.4,-12.4]},"properties":{"region":1,"fire_occurred":0,"prediction":0.2613}},{"type":"Feature","geometry":{"type":"Point","coordinates":[131.5,-14.4]},"properties":{"region":1,"fire_occurred":0,"prediction":0.4627}},{"type":"Feature","geometry":{"type":"Point","coordinates":[131.5,-14.2]},"properties":{"region":1,"fire_occurred":1,"prediction":0.4647}},{"type":"Feature","geometry":{"type":"Point","coordinates":[131.5,-14.1]},"properties":{"region":1,"fire_occurred":0,"prediction":0.2422}},{"type":"Feature","geometry":{"type":"Point","coordinates":[131.5,-13.9]},"properties":{"region":1,"fire_occurred":0,"prediction":0.208}},{"type":"Feature","geometry":{"type":"Point","coordinates":[131.5,-13.8]},"properties":{"region":1,"fire_occurred":0,"prediction":0.2744}},{"type":"Feature","geometry":{"type":"Point","coordinates":[131.5,-13.7]},"properties":{"region":1,"fire_occurred":0,"prediction":0.3875}},{"type":"Feature","geometry":{"type":"Point","coordinates":[131.5,-13.6]},"properties":{"region":1,"fire_occurred":1,"prediction":0.121}},{"type":"Feature","geometry":{"type":"Point","coordinates":[131.5,-13.5]},"properties":{"region":1,"fire_occurred":1,"prediction":0.1037}},{"type":"Feature","geometry":{"type":"Point","coordinates":[131.5,-13.4]},"properties":{"region":1,"fire_occurred":1,"prediction":0.0826}},{"type":"Feature","geometry":{"type":"Point","coordinates":[131.5,-13.3]},"properties":{"region":1,"fire_occurred":0,"prediction":0.2304}},{"type":"Feature","geometry":{"type":"Point","coordinates":[131.5,-13.2]},"properties":{"region":1,"fire_occurred":0,"prediction":0.4432}},{"type":"Feature","geometry":{"type":"Point","coordinates":[131.5,-13.1]},"properties":{"region":1,"fire_occurred":0,"prediction":0.2495}},{"type":"Feature","geometry":{"type":"Point","coordinates":[131.5,-13.0]},"properties":{"region":1,"fire_occurred":0,"prediction":0.2812}},{"type":"Feature","geometry":{"type":"Point","coordinates":[131.5,-12.9]},"properties":{"region":1,"fire_occurred":1,"prediction":0.5408}},{"type":"Feature","geometry":{"type":"Point","coordinates":[131.5,-12.6]},"properties":{"region":1,"fire_occurred":0,"prediction":0.2041}},{"type":"Feature","geometry":{"type":"Point","coordinates":[131.6,-15.3]},"properties":{"region":1,"fire_occurred":0,"prediction":0.1259}},{"type":"Feature","geometry":{"type":"Point","coordinates":[131.6,-14.9]},"properties":{"region":1,"fire_occurred":0,"prediction":0.1689}},{"type":"Feature","geometry":{"type":"Point","coordinates":[131.6,-14.4]},"properties":{"region":1,"fire_occurred":0,"prediction":0.109}},{"type":"Feature","geometry":{"type":"Point","coordinates":[131.6,-14.2]},"properties":{"region":1,"fire_occurred":1,"prediction":0.0376}},{"type":"Feature","geometry":{"type":"Point","coordinates":[131.6,-14.1]},"properties":{"region":1,"fire_occurred":1,"prediction":0.3277}},{"type":"Feature","geometry":{"type":"Point","coordinates":[131.6,-14.0]},"properties":{"region":1,"fire_occurred":1,"prediction":0.4014}},{"type":"Feature","geometry":{"type":"Point","coordinates":[131.6,-13.9]},"properties":{"region":1,"fire_occurred":1,"prediction":0.0788}},{"type":"Feature","geometry":{"type":"Point","coordinates":[131.6,-13.8]},"properties":{"region":1,"fire_occurred":0,"prediction":0.3269}},{"type":"Feature","geometry":{"type":"Point","coordinates":[131.6,-13.7]},"properties":{"region":1,"fire_occurred":1,"prediction":0.5357}},{"type":"Feature","geometry":{"type":"Point","coordinates":[131.6,-13.6]},"properties":{"region":1,"fire_occurred":0,"prediction":0.3435}},{"type":"Feature","geometry":{"type":"Point","coordinates":[131.6,-13.5]},"properties":{"region":1,"fire_occurred":0,"prediction":0.1597}},{"type":"Feature","geometry":{"type":"Point","coordinates":[131.6,-13.4]},"properties":{"region":1,"fire_occurred":0,"prediction":0.3144}},{"type":"Feature","geometry":{"type":"Point","coordinates":[131.6,-13.3]},"properties":{"region":1,"fire_occurred":0,"prediction":0.243}},{"type":"Feature","geometry":{"type":"Point","coordinates":[131.6,-13.2]},"properties":{"region":1,"fire_occurred":0,"prediction":0.2926}},{"type":"Feature","geometry":{"type":"Point","coordinates":[131.6,-13.1]},"properties":{"region":1,"fire_occurred":0,"prediction":0.2952}},{"type":"Feature","geometry":{"type":"Point","coordinates":[131.7,-15.3]},"properties":{"region":1,"fire_occurred":0,"prediction":0.164}},{"type":"Feature","geometry":{"type":"Point","coordinates":[131.7,-15.2]},"properties":{"region":1,"fire_occurred":0,"prediction":0.1265}},{"type":"Feature","geometry":{"type":"Point","coordinates":[131.7,-15.0]},"properties":{"region":1,"fire_occurred":0,"prediction":0.152}},{"type":"Feature","geometry":{"type":"Point","coordinates":[131.7,-14.9]},"properties":{"region":1,"fire_occurred":0,"prediction":0.1476}},{"type":"Feature","geometry":{"type":"Point","coordinates":[131.7,-14.1]},"properties":{"region":1,"fire_occurred":1,"prediction":0.0455}},{"type":"Feature","geometry":{"type":"Point","coordinates":[131.7,-14.0]},"properties":{"region":1,"fire_occurred":0,"prediction":0.1812}},{"type":"Feature","geometry":{"type":"Point","coordinates":[131.7,-13.9]},"properties":{"region":1,"fire_occurred":1,"prediction":0.1216}},{"type":"Feature","geometry":{"type":"Point","coordinates":[131.7,-13.8]},"properties":{"region":1,"fire_occurred":0,"prediction":0.4533}},{"type":"Feature","geometry":{"type":"Point","coordinates":[131.7,-13.7]},"properties":{"region":1,"fire_occurred":0,"prediction":0.1086}},{"type":"Feature","geometry":{"type":"Point","coordinates":[131.7,-13.6]},"properties":{"region":1,"fire_occurred":0,"prediction":0.2336}},{"type":"Feature","geometry":{"type":"Point","coordinates":[131.7,-13.5]},"properties":{"region":1,"fire_occurred":0,"prediction":0.1562}},{"type":"Feature","geometry":{"type":"Point","coordinates":[131.7,-13.4]},"properties":{"region":1,"fire_occurred":0,"prediction":0.1511}},{"type":"Feature","geometry":{"type":"Point","coordinates":[131.7,-13.3]},"properties":{"region":1,"fire_occurred":0,"prediction":0.1303}},{"type":"Feature","geometry":{"type":"Point","coordinates":[131.7,-13.2]},"properties":{"region":1,"fire_occurred":0,"prediction":0.1079}},{"type":"Feature","geometry":{"type":"Point","coordinates":[131.7,-13.1]},"properties":{"region":1,"fire_occurred":0,"prediction":0.1168}},{"type":"Feature","geometry":{"type":"Point","coordinates":[131.7,-13.0]},"properties":{"region":1,"fire_occurred":0,"prediction":0.1557}},{"type":"Feature","geometry":{"type":"Point","coordinates":[131.8,-15.8]},"properties":{"region":1,"fire_occurred":0,"prediction":0.1143}},{"type":"Feature","geometry":{"type":"Point","coordinates":[131.8,-15.7]},"properties":{"region":1,"fire_occurred":1,"prediction":0.1428}},{"type":"Feature","geometry":{"type":"Point","coordinates":[131.8,-15.6]},"properties":{"region":1,"fire_occurred":0,"prediction":0.1771}},{"type":"Feature","geometry":{"type":"Point","coordinates":[131.8,-15.3]},"properties":{"region":1,"fire_occurred":0,"prediction":0.1497}},{"type":"Feature","geometry":{"type":"Point","coordinates":[131.8,-15.2]},"properties":{"region":1,"fire_occurred":0,"prediction":0.1282}},{"type":"Feature","geometry":{"type":"Point","coordinates":[131.8,-14.0]},"properties":{"region":1,"fire_occurred":1,"prediction":0.1915}},{"type":"Feature","geometry":{"type":"Point","coordinates":[131.8,-13.9]},"properties":{"region":1,"fire_occurred":1,"prediction":0.4638}},{"type":"Feature","geometry":{"type":"Point","coordinates":[131.8,-13.8]},"properties":{"region":1,"fire_occurred":1,"prediction":0.3843}},{"type":"Feature","geometry":{"type":"Point","coordinates":[131.8,-13.7]},"properties":{"region":1,"fire_occurred":0,"prediction":0.2673}},{"type":"Feature","geometry":{"type":"Point","coordinates":[131.8,-13.6]},"properties":{"region":1,"fire_occurred":0,"prediction":0.1021}},{"type":"Feature","geometry":{"type":"Point","coordinates":[131.8,-13.5]},"properties":{"region":1,"fire_occurred":0,"prediction":0.12}},{"type":"Feature","geometry":{"type":"Point","coordinates":[131.8,-13.3]},"properties":{"region":1,"fire_occurred":0,"prediction":0.1624}},{"type":"Feature","geometry":{"type":"Point","coordinates":[131.8,-13.2]},"properties":{"region":1,"fire_occurred":0,"prediction":0.1327}},{"type":"Feature","geometry":{"type":"Point","coordinates":[131.8,-13.1]},"properties":{"region":1,"fire_occurred":0,"prediction":0.1751}},{"type":"Feature","geometry":{"type":"Point","coordinates":[131.8,-13.0]},"properties":{"region":1,"fire_occurred":0,"prediction":0.1744}},{"type":"Feature","geometry":{"type":"Point","coordinates":[131.8,-12.9]},"properties":{"region":1,"fire_occurred":0,"prediction":0.1344}},{"type":"Feature","geometry":{"type":"Point","coordinates":[131.9,-15.7]},"properties":{"region":1,"fire_occurred":0,"prediction":0.203}},{"type":"Feature","geometry":{"type":"Point","coordinates":[131.9,-15.3]},"properties":{"region":1,"fire_occurred":0,"prediction":0.166}},{"type":"Feature","geometry":{"type":"Point","coordinates":[131.9,-15.2]},"properties":{"region":1,"fire_occurred":0,"prediction":0.2695}},{"type":"Feature","geometry":{"type":"Point","coordinates":[131.9,-15.1]},"properties":{"region":1,"fire_occurred":0,"prediction":0.2325}},{"type":"Feature","geometry":{"type":"Point","coordinates":[131.9,-14.1]},"properties":{"region":1,"fire_occurred":1,"prediction":0.0398}},{"type":"Feature","geometry":{"type":"Point","coordinates":[131.9,-14.0]},"properties":{"region":1,"fire_occurred":1,"prediction":0.4015}},{"type":"Feature","geometry":{"type":"Point","coordinates":[131.9,-13.9]},"properties":{"region":1,"fire_occurred":1,"prediction":0.325}},{"type":"Feature","geometry":{"type":"Point","coordinates":[131.9,-13.8]},"properties":{"region":1,"fire_occurred":0,"prediction":0.3178}},{"type":"Feature","geometry":{"type":"Point","coordinates":[131.9,-13.7]},"properties":{"region":1,"fire_occurred":1,"prediction":0.5669}},{"type":"Feature","geometry":{"type":"Point","coordinates":[131.9,-13.6]},"properties":{"region":1,"fire_occurred":0,"prediction":0.3931}},{"type":"Feature","geometry":{"type":"Point","coordinates":[131.9,-13.4]},"properties":{"region":1,"fire_occurred":0,"prediction":0.1157}},{"type":"Feature","geometry":{"type":"Point","coordinates":[131.9,-13.3]},"properties":{"region":1,"fire_occurred":0,"prediction":0.4071}},{"type":"Feature","geometry":{"type":"Point","coordinates":[131.9,-13.2]},"properties":{"region":1,"fire_occurred":0,"prediction":0.1072}},{"type":"Feature","geometry":{"type":"Point","coordinates":[131.9,-13.1]},"properties":{"region":1,"fire_occurred":0,"prediction":0.1325}},{"type":"Feature","geometry":{"type":"Point","coordinates":[131.9,-13.0]},"properties":{"region":1,"fire_occurred":0,"prediction":0.1085}},{"type":"Feature","geometry":{"type":"Point","coordinates":[131.9,-12.9]},"properties":{"region":1,"fire_occurred":0,"prediction":0.119}},{"type":"Feature","geometry":{"type":"Point","coordinates":[131.9,-12.7]},"properties":{"region":1,"fire_occurred":0,"prediction":0.3159}},{"type":"Feature","geometry":{"type":"Point","coordinates":[131.9,-12.6]},"properties":{"region":1,"fire_occurred":0,"prediction":0.1234}},{"type":"Feature","geometry":{"type":"Point","coordinates":[132.0,-15.3]},"properties":{"region":1,"fire_occurred":0,"prediction":0.1744}},{"type":"Feature","geometry":{"type":"Point","coordinates":[132.0,-15.2]},"properties":{"region":1,"fire_occurred":0,"prediction":0.2686}},{"type":"Feature","geometry":{"type":"Point","coordinates":[132.0,-15.1]},"properties":{"region":1,"fire_occurred":0,"prediction":0.2518}},{"type":"Feature","geometry":{"type":"Point","coordinates":[132.0,-15.0]},"properties":{"region":1,"fire_occurred":0,"prediction":0.2425}},{"type":"Feature","geometry":{"type":"Point","coordinates":[132.0,-14.9]},"properties":{"region":1,"fire_occurred":0,"prediction":0.1149}},{"type":"Feature","geometry":{"type":"Point","coordinates":[132.0,-14.1]},"properties":{"region":1,"fire_occurred":1,"prediction":0.2668}},{"type":"Feature","geometry":{"type":"Point","coordinates":[132.0,-14.0]},"properties":{"region":1,"fire_occurred":1,"prediction":0.4478}},{"type":"Feature","geometry":{"type":"Point","coordinates":[132.0,-13.9]},"properties":{"region":1,"fire_occurred":0,"prediction":0.1343}},{"type":"Feature","geometry":{"type":"Point","coordinates":[132.0,-13.8]},"properties":{"region":1,"fire_occurred":0,"prediction":0.1799}},{"type":"Feature","geometry":{"type":"Point","coordinates":[132.0,-13.7]},"properties":{"region":1,"fire_occurred":0,"prediction":0.2099}},{"type":"Feature","geometry":{"type":"Point","coordinates":[132.0,-13.5]},"properties":{"region":1,"fire_occurred":1,"prediction":0.2191}},{"type":"Feature","geometry":{"type":"Point","coordinates":[132.0,-13.4]},"properties":{"region":1,"fire_occurred":0,"prediction":0.5004}},{"type":"Feature","geometry":{"type":"Point","coordinates":[132.0,-13.3]},"properties":{"region":1,"fire_occurred":0,"prediction":0.3475}},{"type":"Feature","geometry":{"type":"Point","coordinates":[132.0,-13.2]},"properties":{"region":1,"fire_occurred":0,"prediction":0.3295}},{"type":"Feature","geometry":{"type":"Point","coordinates":[132.0,-13.1]},"properties":{"region":1,"fire_occurred":1,"prediction":0.2554}},{"type":"Feature","geometry":{"type":"Point","coordinates":[132.0,-13.0]},"properties":{"region":1,"fire_occurred":0,"prediction":0.1318}},{"type":"Feature","geometry":{"type":"Point","coordinates":[132.0,-12.9]},"properties":{"region":1,"fire_occurred":0,"prediction":0.1205}},{"type":"Feature","geometry":{"type":"Point","coordinates":[132.0,-12.7]},"properties":{"region":1,"fire_occurred":1,"prediction":0.2684}},{"type":"Feature","geometry":{"type":"Point","coordinates":[132.1,-15.4]},"properties":{"region":1,"fire_occurred":0,"prediction":0.1011}},{"type":"Feature","geometry":{"type":"Point","coordinates":[132.1,-15.3]},"properties":{"region":1,"fire_occurred":0,"prediction":0.242}},{"type":"Feature","geometry":{"type":"Point","coordinates":[132.1,-15.2]},"properties":{"region":1,"fire_occurred":0,"prediction":0.2507}},{"type":"Feature","geometry":{"type":"Point","coordinates":[132.1,-15.1]},"properties":{"region":1,"fire_occurred":0,"prediction":0.2623}},{"type":"Feature","geometry":{"type":"Point","coordinates":[132.1,-14.4]},"properties":{"region":1,"fire_occurred":0,"prediction":0.173}},{"type":"Feature","geometry":{"type":"Point","coordinates":[132.1,-14.3]},"properties":{"region":1,"fire_occurred":0,"prediction":0.4036}},{"type":"Feature","geometry":{"type":"Point","coordinates":[132.1,-14.1]},"properties":{"region":1,"fire_occurred":1,"prediction":0.4513}},{"type":"Feature","geometry":{"type":"Point","coordinates":[132.1,-14.0]},"properties":{"region":1,"fire_occurred":1,"prediction":0.3081}},{"type":"Feature","geometry":{"type":"Point","coordinates":[132.1,-13.8]},"properties":{"region":1,"fire_occurred":0,"prediction":0.1384}},{"type":"Feature","geometry":{"type":"Point","coordinates":[132.1,-13.7]},"properties":{"region":1,"fire_occurred":0,"prediction":0.1768}},{"type":"Feature","geometry":{"type":"Point","coordinates":[132.1,-13.6]},"properties":{"region":1,"fire_occurred":0,"prediction":0.1557}},{"type":"Feature","geometry":{"type":"Point","coordinates":[132.1,-13.5]},"properties":{"region":1,"fire_occurred":0,"prediction":0.2113}},{"type":"Feature","geometry":{"type":"Point","coordinates":[132.1,-13.4]},"properties":{"region":1,"fire_occurred":0,"prediction":0.2916}},{"type":"Feature","geometry":{"type":"Point","coordinates":[132.1,-13.3]},"properties":{"region":1,"fire_occurred":0,"prediction":0.3277}},{"type":"Feature","geometry":{"type":"Point","coordinates":[132.1,-13.2]},"properties":{"region":1,"fire_occurred":0,"prediction":0.2193}},{"type":"Feature","geometry":{"type":"Point","coordinates":[132.1,-13.1]},"properties":{"region":1,"fire_occurred":1,"prediction":0.2032}},{"type":"Feature","geometry":{"type":"Point","coordinates":[132.1,-12.9]},"properties":{"region":1,"fire_occurred":0,"prediction":0.2632}},{"type":"Feature","geometry":{"type":"Point","coordinates":[132.1,-12.7]},"properties":{"region":1,"fire_occurred":0,"prediction":0.1612}},{"type":"Feature","geometry":{"type":"Point","coordinates":[132.1,-12.6]},"properties":{"region":1,"fire_occurred":0,"prediction":0.1196}},{"type":"Feature","geometry":{"type":"Point","coordinates":[132.2,-15.3]},"properties":{"region":1,"fire_occurred":0,"prediction":0.2539}},{"type":"Feature","geometry":{"type":"Point","coordinates":[132.2,-15.2]},"properties":{"region":1,"fire_occurred":0,"prediction":0.1738}},{"type":"Feature","geometry":{"type":"Point","coordinates":[132.2,-15.1]},"properties":{"region":1,"fire_occurred":0,"prediction":0.2066}},{"type":"Feature","geometry":{"type":"Point","coordinates":[132.2,-15.0]},"properties":{"region":1,"fire_occurred":0,"prediction":0.1032}},{"type":"Feature","geometry":{"type":"Point","coordinates":[132.2,-14.4]},"properties":{"region":1,"fire_occurred":1,"prediction":0.2059}},{"type":"Feature","geometry":{"type":"Point","coordinates":[132.2,-14.3]},"properties":{"region":1,"fire_occurred":1,"prediction":0.0402}},{"type":"Feature","geometry":{"type":"Point","coordinates":[132.2,-14.1]},"properties":{"region":1,"fire_occurred":0,"prediction":0.2608}},{"type":"Feature","geometry":{"type":"Point","coordinates":[132.2,-14.0]},"properties":{"region":1,"fire_occurred":0,"prediction":0.421}},{"type":"Feature","geometry":{"type":"Point","coordinates":[132.2,-13.9]},"properties":{"region":1,"fire_occurred":0,"prediction":0.4165}},{"type":"Feature","geometry":{"type":"Point","coordinates":[132.2,-13.8]},"properties":{"region":1,"fire_occurred":0,"prediction":0.2459}},{"type":"Feature","geometry":{"type":"Point","coordinates":[132.2,-13.7]},"properties":{"region":1,"fire_occurred":0,"prediction":0.3529}},{"type":"Feature","geometry":{"type":"Point","coordinates":[132.2,-13.6]},"properties":{"region":1,"fire_occurred":0,"prediction":0.1436}},{"type":"Feature","geometry":{"type":"Point","coordinates":[132.2,-13.5]},"properties":{"region":1,"fire_occurred":1,"prediction":0.3153}},{"type":"Feature","geometry":{"type":"Point","coordinates":[132.2,-13.4]},"properties":{"region":1,"fire_occurred":0,"prediction":0.3309}},{"type":"Feature","geometry":{"type":"Point","coordinates":[132.2,-13.3]},"properties":{"region":1,"fire_occurred":0,"prediction":0.3042}},{"type":"Feature","geometry":{"type":"Point","coordinates":[132.2,-13.1]},"properties":{"region":1,"fire_occurred":1,"prediction":0.288}},{"type":"Feature","geometry":{"type":"Point","coordinates":[132.2,-12.9]},"properties":{"region":1,"fire_occurred":0,"prediction":0.1281}},{"type":"Feature","geometry":{"type":"Point","coordinates":[132.2,-12.4]},"properties":{"region":1,"fire_occurred":0,"prediction":0.1174}},{"type":"Feature","geometry":{"type":"Point","coordinates":[132.3,-15.5]},"properties":{"region":1,"fire_occurred":0,"prediction":0.1119}},{"type":"Feature","geometry":{"type":"Point","coordinates":[132.3,-15.3]},"properties":{"region":1,"fire_occurred":0,"prediction":0.2261}},{"type":"Feature","geometry":{"type":"Point","coordinates":[132.3,-15.2]},"properties":{"region":1,"fire_occurred":0,"prediction":0.2038}},{"type":"Feature","geometry":{"type":"Point","coordinates":[132.3,-15.1]},"properties":{"region":1,"fire_occurred":0,"prediction":0.2371}},{"type":"Feature","geometry":{"type":"Point","coordinates":[132.3,-15.0]},"properties":{"region":1,"fire_occurred":0,"prediction":0.126}},{"type":"Feature","geometry":{"type":"Point","coordinates":[132.3,-14.9]},"properties":{"region":1,"fire_occurred":0,"prediction":0.1038}},{"type":"Feature","geometry":{"type":"Point","coordinates":[132.3,-14.5]},"properties":{"region":1,"fire_occurred":0,"prediction":0.1028}},{"type":"Feature","geometry":{"type":"Point","coordinates":[132.3,-14.4]},"properties":{"region":1,"fire_occurred":1,"prediction":0.2015}},{"type":"Feature","geometry":{"type":"Point","coordinates":[132.3,-14.3]},"properties":{"region":1,"fire_occurred":0,"prediction":0.1449}},{"type":"Feature","geometry":{"type":"Point","coordinates":[132.3,-14.2]},"properties":{"region":1,"fire_occurred":0,"prediction":0.2238}},{"type":"Feature","geometry":{"type":"Point","coordinates":[132.3,-14.1]},"properties":{"region":1,"fire_occurred":0,"prediction":0.4039}},{"type":"Feature","geometry":{"type":"Point","coordinates":[132.3,-14.0]},"properties":{"region":1,"fire_occurred":0,"prediction":0.2817}},{"type":"Feature","geometry":{"type":"Point","coordinates":[132.3,-13.9]},"properties":{"region":1,"fire_occurred":0,"prediction":0.5478}},{"type":"Feature","geometry":{"type":"Point","coordinates":[132.3,-13.8]},"properties":{"region":1,"fire_occurred":1,"prediction":0.2403}},{"type":"Feature","geometry":{"type":"Point","coordinates":[132.3,-13.7]},"properties":{"region":1,"fire_occurred":1,"prediction":0.0755}},{"type":"Feature","geometry":{"type":"Point","coordinates":[132.3,-13.6]},"properties":{"region":1,"fire_occurred":1,"prediction":0.3518}},{"type":"Feature","geometry":{"type":"Point","coordinates":[132.3,-13.5]},"properties":{"region":1,"fire_occurred":1,"prediction":0.4081}},{"type":"Feature","geometry":{"type":"Point","coordinates":[132.3,-13.4]},"properties":{"region":1,"fire_occurred":0,"prediction":0.2255}},{"type":"Feature","geometry":{"type":"Point","coordinates":[132.3,-12.7]},"properties":{"region":1,"fire_occurred":0,"prediction":0.2769}},{"type":"Feature","geometry":{"type":"Point","coordinates":[132.3,-12.6]},"properties":{"region":1,"fire_occurred":0,"prediction":0.3259}},{"type":"Feature","geometry":{"type":"Point","coordinates":[132.3,-12.4]},"properties":{"region":1,"fire_occurred":0,"prediction":0.4823}},{"type":"Feature","geometry":{"type":"Point","coordinates":[132.4,-15.4]},"properties":{"region":1,"fire_occurred":0,"prediction":0.122}},{"type":"Feature","geometry":{"type":"Point","coordinates":[132.4,-15.3]},"properties":{"region":1,"fire_occurred":0,"prediction":0.1749}},{"type":"Feature","geometry":{"type":"Point","coordinates":[132.4,-15.2]},"properties":{"region":1,"fire_occurred":0,"prediction":0.2186}},{"type":"Feature","geometry":{"type":"Point","coordinates":[132.4,-15.1]},"properties":{"region":1,"fire_occurred":0,"prediction":0.2574}},{"type":"Feature","geometry":{"type":"Point","coordinates":[132.4,-15.0]},"properties":{"region":1,"fire_occurred":0,"prediction":0.2349}},{"type":"Feature","geometry":{"type":"Point","coordinates":[132.4,-14.9]},"properties":{"region":1,"fire_occurred":0,"prediction":0.1912}},{"type":"Feature","geometry":{"type":"Point","coordinates":[132.4,-14.8]},"properties":{"region":1,"fire_occurred":0,"prediction":0.1063}},{"type":"Feature","geometry":{"type":"Point","coordinates":[132.4,-14.5]},"properties":{"region":1,"fire_occurred":0,"prediction":0.1749}},{"type":"Feature","geometry":{"type":"Point","coordinates":[132.4,-14.4]},"properties":{"region":1,"fire_occurred":0,"prediction":0.1948}},{"type":"Feature","geometry":{"type":"Point","coordinates":[132.4,-14.3]},"properties":{"region":1,"fire_occurred":0,"prediction":0.5078}},{"type":"Feature","geometry":{"type":"Point","coordinates":[132.4,-14.2]},"properties":{"region":1,"fire_occurred":1,"prediction":0.4034}},{"type":"Feature","geometry":{"type":"Point","coordinates":[132.4,-14.1]},"properties":{"region":1,"fire_occurred":0,"prediction":0.5989}},{"type":"Feature","geometry":{"type":"Point","coordinates":[132.4,-14.0]},"properties":{"region":1,"fire_occurred":0,"prediction":0.3966}},{"type":"Feature","geometry":{"type":"Point","coordinates":[132.4,-13.9]},"properties":{"region":1,"fire_occurred":1,"prediction":0.5782}},{"type":"Feature","geometry":{"type":"Point","coordinates":[132.4,-13.8]},"properties":{"region":1,"fire_occurred":1,"prediction":0.1455}},{"type":"Feature","geometry":{"type":"Point","coordinates":[132.4,-13.7]},"properties":{"region":1,"fire_occurred":1,"prediction":0.1138}},{"type":"Feature","geometry":{"type":"Point","coordinates":[132.4,-13.6]},"properties":{"region":1,"fire_occurred":1,"prediction":0.3253}},{"type":"Feature","geometry":{"type":"Point","coordinates":[132.4,-13.5]},"properties":{"region":1,"fire_occurred":1,"prediction":0.395}},{"type":"Feature","geometry":{"type":"Point","coordinates":[132.4,-13.4]},"properties":{"region":1,"fire_occurred":1,"prediction":0.1214}},{"type":"Feature","geometry":{"type":"Point","coordinates":[132.4,-13.0]},"properties":{"region":1,"fire_occurred":0,"prediction":0.225}},{"type":"Feature","geometry":{"type":"Point","coordinates":[132.5,-15.4]},"properties":{"region":1,"fire_occurred":0,"prediction":0.1309}},{"type":"Feature","geometry":{"type":"Point","coordinates":[132.5,-15.3]},"properties":{"region":1,"fire_occurred":0,"prediction":0.2077}},{"type":"Feature","geometry":{"type":"Point","coordinates":[132.5,-15.2]},"properties":{"region":1,"fire_occurred":0,"prediction":0.2904}},{"type":"Feature","geometry":{"type":"Point","coordinates":[132.5,-15.1]},"properties":{"region":1,"fire_occurred":0,"prediction":0.295}},{"type":"Feature","geometry":{"type":"Point","coordinates":[132.5,-14.9]},"properties":{"region":1,"fire_occurred":0,"prediction":0.1785}},{"type":"Feature","geometry":{"type":"Point","coordinates":[132.5,-14.5]},"properties":{"region":1,"fire_occurred":0,"prediction":0.4148}},{"type":"Feature","geometry":{"type":"Point","coordinates":[132.5,-14.4]},"properties":{"region":1,"fire_occurred":1,"prediction":0.4291}},{"type":"Feature","geometry":{"type":"Point","coordinates":[132.5,-14.3]},"properties":{"region":1,"fire_occurred":1,"prediction":0.3492}},{"type":"Feature","geometry":{"type":"Point","coordinates":[132.5,-14.2]},"properties":{"region":1,"fire_occurred":0,"prediction":0.5068}},{"type":"Feature","geometry":{"type":"Point","coordinates":[132.5,-14.1]},"properties":{"region":1,"fire_occurred":0,"prediction":0.4471}},{"type":"Feature","geometry":{"type":"Point","coordinates":[132.5,-14.0]},"properties":{"region":1,"fire_occurred":0,"prediction":0.4013}},{"type":"Feature","geometry":{"type":"Point","coordinates":[132.5,-13.9]},"properties":{"region":1,"fire_occurred":1,"prediction":0.4206}},{"type":"Feature","geometry":{"type":"Point","coordinates":[132.5,-13.8]},"properties":{"region":1,"fire_occurred":1,"prediction":0.1449}},{"type":"Feature","geometry":{"type":"Point","coordinates":[132.5,-13.7]},"properties":{"region":1,"fire_occurred":1,"prediction":0.1291}},{"type":"Feature","geometry":{"type":"Point","coordinates":[132.5,-13.6]},"properties":{"region":1,"fire_occurred":1,"prediction":0.6508}},{"type":"Feature","geometry":{"type":"Point","coordinates":[132.5,-13.5]},"properties":{"region":1,"fire_occurred":1,"prediction":0.4282}},{"type":"Feature","geometry":{"type":"Point","coordinates":[132.5,-13.4]},"properties":{"region":1,"fire_occurred":1,"prediction":0.415}},{"type":"Feature","geometry":{"type":"Point","coordinates":[132.5,-13.0]},"properties":{"region":1,"fire_occurred":1,"prediction":0.2689}},{"type":"Feature","geometry":{"type":"Point","coordinates":[132.5,-12.9]},"properties":{"region":1,"fire_occurred":1,"prediction":0.3602}},{"type":"Feature","geometry":{"type":"Point","coordinates":[132.5,-12.7]},"properties":{"region":1,"fire_occurred":1,"prediction":0.2032}},{"type":"Feature","geometry":{"type":"Point","coordinates":[132.5,-12.6]},"properties":{"region":1,"fire_occurred":1,"prediction":0.3042}},{"type":"Feature","geometry":{"type":"Point","coordinates":[132.6,-15.4]},"properties":{"region":1,"fire_occurred":0,"prediction":0.1126}},{"type":"Feature","geometry":{"type":"Point","coordinates":[132.6,-15.3]},"properties":{"region":1,"fire_occurred":0,"prediction":0.1122}},{"type":"Feature","geometry":{"type":"Point","coordinates":[132.6,-15.2]},"properties":{"region":1,"fire_occurred":0,"prediction":0.2719}},{"type":"Feature","geometry":{"type":"Point","coordinates":[132.6,-15.1]},"properties":{"region":1,"fire_occurred":0,"prediction":0.2701}},{"type":"Feature","geometry":{"type":"Point","coordinates":[132.6,-15.0]},"properties":{"region":1,"fire_occurred":0,"prediction":0.2661}},{"type":"Feature","geometry":{"type":"Point","coordinates":[132.6,-14.5]},"properties":{"region":1,"fire_occurred":0,"prediction":0.2169}},{"type":"Feature","geometry":{"type":"Point","coordinates":[132.6,-14.4]},"properties":{"region":1,"fire_occurred":0,"prediction":0.3806}},{"type":"Feature","geometry":{"type":"Point","coordinates":[132.6,-14.3]},"properties":{"region":1,"fire_occurred":1,"prediction":0.4725}},{"type":"Feature","geometry":{"type":"Point","coordinates":[132.6,-14.2]},"properties":{"region":1,"fire_occurred":0,"prediction":0.3472}},{"type":"Feature","geometry":{"type":"Point","coordinates":[132.6,-14.1]},"properties":{"region":1,"fire_occurred":1,"prediction":0.4065}},{"type":"Feature","geometry":{"type":"Point","coordinates":[132.6,-13.9]},"properties":{"region":1,"fire_occurred":0,"prediction":0.1176}},{"type":"Feature","geometry":{"type":"Point","coordinates":[132.6,-13.8]},"properties":{"region":1,"fire_occurred":1,"prediction":0.0762}},{"type":"Feature","geometry":{"type":"Point","coordinates":[132.6,-13.7]},"properties":{"region":1,"fire_occurred":1,"prediction":0.1623}},{"type":"Feature","geometry":{"type":"Point","coordinates":[132.6,-13.6]},"properties":{"region":1,"fire_occurred":1,"prediction":0.4601}},{"type":"Feature","geometry":{"type":"Point","coordinates":[132.6,-13.5]},"properties":{"region":1,"fire_occurred":0,"prediction":0.4456}},{"type":"Feature","geometry":{"type":"Point","coordinates":[132.6,-13.4]},"properties":{"region":1,"fire_occurred":0,"prediction":0.5809}},{"type":"Feature","geometry":{"type":"Point","coordinates":[132.6,-13.3]},"properties":{"region":1,"fire_occurred":0,"prediction":0.1615}},{"type":"Feature","geometry":{"type":"Point","coordinates":[132.6,-13.2]},"properties":{"region":1,"fire_occurred":0,"prediction":0.2726}},{"type":"Feature","geometry":{"type":"Point","coordinates":[132.6,-13.1]},"properties":{"region":1,"fire_occurred":1,"prediction":0.0893}},{"type":"Feature","geometry":{"type":"Point","coordinates":[132.6,-13.0]},"properties":{"region":1,"fire_occurred":1,"prediction":0.0768}},{"type":"Feature","geometry":{"type":"Point","coordinates":[132.6,-12.9]},"properties":{"region":1,"fire_occurred":1,"prediction":0.5131}},{"type":"Feature","geometry":{"type":"Point","coordinates":[132.6,-12.6]},"properties":{"region":1,"fire_occurred":0,"prediction":0.2463}},{"type":"Feature","geometry":{"type":"Point","coordinates":[132.7,-15.9]},"properties":{"region":1,"fire_occurred":0,"prediction":0.1018}},{"type":"Feature","geometry":{"type":"Point","coordinates":[132.7,-15.8]},"properties":{"region":1,"fire_occurred":0,"prediction":0.1073}},{"type":"Feature","geometry":{"type":"Point","coordinates":[132.7,-15.5]},"properties":{"region":1,"fire_occurred":0,"prediction":0.1196}},{"type":"Feature","geometry":{"type":"Point","coordinates":[132.7,-15.3]},"properties":{"region":1,"fire_occurred":0,"prediction":0.1152}},{"type":"Feature","geometry":{"type":"Point","coordinates":[132.7,-15.2]},"properties":{"region":1,"fire_occurred":0,"prediction":0.2594}},{"type":"Feature","geometry":{"type":"Point","coordinates":[132.7,-15.1]},"properties":{"region":1,"fire_occurred":0,"prediction":0.2626}},{"type":"Feature","geometry":{"type":"Point","coordinates":[132.7,-15.0]},"properties":{"region":1,"fire_occurred":0,"prediction":0.2745}},{"type":"Feature","geometry":{"type":"Point","coordinates":[132.7,-14.9]},"properties":{"region":1,"fire_occurred":0,"prediction":0.2692}},{"type":"Feature","geometry":{"type":"Point","coordinates":[132.7,-14.5]},"properties":{"region":1,"fire_occurred":1,"prediction":0.4914}},{"type":"Feature","geometry":{"type":"Point","coordinates":[132.7,-14.4]},"properties":{"region":1,"fire_occurred":0,"prediction":0.3017}},{"type":"Feature","geometry":{"type":"Point","coordinates":[132.7,-14.3]},"properties":{"region":1,"fire_occurred":1,"prediction":0.3994}},{"type":"Feature","geometry":{"type":"Point","coordinates":[132.7,-14.2]},"properties":{"region":1,"fire_occurred":1,"prediction":0.1616}},{"type":"Feature","geometry":{"type":"Point","coordinates":[132.7,-14.1]},"properties":{"region":1,"fire_occurred":0,"prediction":0.2997}},{"type":"Feature","geometry":{"type":"Point","coordinates":[132.7,-14.0]},"properties":{"region":1,"fire_occurred":0,"prediction":0.1169}},{"type":"Feature","geometry":{"type":"Point","coordinates":[132.7,-13.9]},"properties":{"region":1,"fire_occurred":1,"prediction":0.139}},{"type":"Feature","geometry":{"type":"Point","coordinates":[132.7,-13.8]},"properties":{"region":1,"fire_occurred":1,"prediction":0.4465}},{"type":"Feature","geometry":{"type":"Point","coordinates":[132.7,-13.7]},"properties":{"region":1,"fire_occurred":0,"prediction":0.1708}},{"type":"Feature","geometry":{"type":"Point","coordinates":[132.7,-13.6]},"properties":{"region":1,"fire_occurred":0,"prediction":0.3143}},{"type":"Feature","geometry":{"type":"Point","coordinates":[132.7,-13.5]},"properties":{"region":1,"fire_occurred":0,"prediction":0.4983}},{"type":"Feature","geometry":{"type":"Point","coordinates":[132.7,-13.4]},"properties":{"region":1,"fire_occurred":0,"prediction":0.5383}},{"type":"Feature","geometry":{"type":"Point","coordinates":[132.7,-13.3]},"properties":{"region":1,"fire_occurred":0,"prediction":0.4076}},{"type":"Feature","geometry":{"type":"Point","coordinates":[132.7,-13.2]},"properties":{"region":1,"fire_occurred":1,"prediction":0.0932}},{"type":"Feature","geometry":{"type":"Point","coordinates":[132.7,-12.9]},"properties":{"region":1,"fire_occurred":1,"prediction":0.0635}},{"type":"Feature","geometry":{"type":"Point","coordinates":[132.7,-12.0]},"properties":{"region":1,"fire_occurred":0,"prediction":0.1035}},{"type":"Feature","geometry":{"type":"Point","coordinates":[132.7,-11.9]},"properties":{"region":1,"fire_occurred":0,"prediction":0.1092}},{"type":"Feature","geometry":{"type":"Point","coordinates":[132.7,-11.8]},"properties":{"region":1,"fire_occurred":0,"prediction":0.1215}},{"type":"Feature","geometry":{"type":"Point","coordinates":[132.8,-15.9]},"properties":{"region":1,"fire_occurred":0,"prediction":0.1087}},{"type":"Feature","geometry":{"type":"Point","coordinates":[132.8,-15.8]},"properties":{"region":1,"fire_occurred":0,"prediction":0.1072}},{"type":"Feature","geometry":{"type":"Point","coordinates":[132.8,-15.5]},"properties":{"region":1,"fire_occurred":0,"prediction":0.12}},{"type":"Feature","geometry":{"type":"Point","coordinates":[132.8,-15.3]},"properties":{"region":1,"fire_occurred":0,"prediction":0.1079}},{"type":"Feature","geometry":{"type":"Point","coordinates":[132.8,-15.2]},"properties":{"region":1,"fire_occurred":0,"prediction":0.2534}},{"type":"Feature","geometry":{"type":"Point","coordinates":[132.8,-15.1]},"properties":{"region":1,"fire_occurred":0,"prediction":0.2467}},{"type":"Feature","geometry":{"type":"Point","coordinates":[132.8,-15.0]},"properties":{"region":1,"fire_occurred":0,"prediction":0.2457}},{"type":"Feature","geometry":{"type":"Point","coordinates":[132.8,-14.9]},"properties":{"region":1,"fire_occurred":0,"prediction":0.2332}},{"type":"Feature","geometry":{"type":"Point","coordinates":[132.8,-14.8]},"properties":{"region":1,"fire_occurred":0,"prediction":0.1505}},{"type":"Feature","geometry":{"type":"Point","coordinates":[132.8,-14.5]},"properties":{"region":1,"fire_occurred":1,"prediction":0.411}},{"type":"Feature","geometry":{"type":"Point","coordinates":[132.8,-14.4]},"properties":{"region":1,"fire_occurred":0,"prediction":0.3829}},{"type":"Feature","geometry":{"type":"Point","coordinates":[132.8,-14.3]},"properties":{"region":1,"fire_occurred":1,"prediction":0.2085}},{"type":"Feature","geometry":{"type":"Point","coordinates":[132.8,-14.2]},"properties":{"region":1,"fire_occurred":0,"prediction":0.2209}},{"type":"Feature","geometry":{"type":"Point","coordinates":[132.8,-14.1]},"properties":{"region":1,"fire_occurred":1,"prediction":0.3509}},{"type":"Feature","geometry":{"type":"Point","coordinates":[132.8,-14.0]},"properties":{"region":1,"fire_occurred":0,"prediction":0.1614}},{"type":"Feature","geometry":{"type":"Point","coordinates":[132.8,-13.9]},"properties":{"region":1,"fire_occurred":0,"prediction":0.1666}},{"type":"Feature","geometry":{"type":"Point","coordinates":[132.8,-13.8]},"properties":{"region":1,"fire_occurred":1,"prediction":0.1996}},{"type":"Feature","geometry":{"type":"Point","coordinates":[132.8,-13.7]},"properties":{"region":1,"fire_occurred":1,"prediction":0.407}},{"type":"Feature","geometry":{"type":"Point","coordinates":[132.8,-13.6]},"properties":{"region":1,"fire_occurred":1,"prediction":0.405}},{"type":"Feature","geometry":{"type":"Point","coordinates":[132.8,-13.5]},"properties":{"region":1,"fire_occurred":1,"prediction":0.5483}},{"type":"Feature","geometry":{"type":"Point","coordinates":[132.8,-13.4]},"properties":{"region":1,"fire_occurred":0,"prediction":0.4169}},{"type":"Feature","geometry":{"type":"Point","coordinates":[132.8,-13.3]},"properties":{"region":1,"fire_occurred":0,"prediction":0.1447}},{"type":"Feature","geometry":{"type":"Point","coordinates":[132.8,-13.2]},"properties":{"region":1,"fire_occurred":1,"prediction":0.3406}},{"type":"Feature","geometry":{"type":"Point","coordinates":[132.8,-13.1]},"properties":{"region":1,"fire_occurred":0,"prediction":0.1023}},{"type":"Feature","geometry":{"type":"Point","coordinates":[132.8,-12.7]},"properties":{"region":1,"fire_occurred":1,"prediction":0.0671}},{"type":"Feature","geometry":{"type":"Point","coordinates":[132.8,-12.6]},"properties":{"region":1,"fire_occurred":0,"prediction":0.1012}},{"type":"Feature","geometry":{"type":"Point","coordinates":[132.8,-12.0]},"properties":{"region":1,"fire_occurred":0,"prediction":0.103}},{"type":"Feature","geometry":{"type":"Point","coordinates":[132.9,-15.5]},"properties":{"region":1,"fire_occurred":0,"prediction":0.1685}},{"type":"Feature","geometry":{"type":"Point","coordinates":[132.9,-15.3]},"properties":{"region":1,"fire_occurred":0,"prediction":0.1731}},{"type":"Feature","geometry":{"type":"Point","coordinates":[132.9,-15.2]},"properties":{"region":1,"fire_occurred":0,"prediction":0.3053}},{"type":"Feature","geometry":{"type":"Point","coordinates":[132.9,-15.1]},"properties":{"region":1,"fire_occurred":0,"prediction":0.2909}},{"type":"Feature","geometry":{"type":"Point","coordinates":[132.9,-15.0]},"properties":{"region":1,"fire_occurred":0,"prediction":0.2688}},{"type":"Feature","geometry":{"type":"Point","coordinates":[132.9,-14.9]},"properties":{"region":1,"fire_occurred":0,"prediction":0.1416}},{"type":"Feature","geometry":{"type":"Point","coordinates":[132.9,-14.8]},"properties":{"region":1,"fire_occurred":0,"prediction":0.1629}},{"type":"Feature","geometry":{"type":"Point","coordinates":[132.9,-14.6]},"properties":{"region":1,"fire_occurred":0,"prediction":0.1089}},{"type":"Feature","geometry":{"type":"Point","coordinates":[132.9,-14.5]},"properties":{"region":1,"fire_occurred":1,"prediction":0.5157}},{"type":"Feature","geometry":{"type":"Point","coordinates":[132.9,-14.4]},"properties":{"region":1,"fire_occurred":0,"prediction":0.1071}},{"type":"Feature","geometry":{"type":"Point","coordinates":[132.9,-14.3]},"properties":{"region":1,"fire_occurred":0,"prediction":0.1872}},{"type":"Feature","geometry":{"type":"Point","coordinates":[132.9,-14.2]},"properties":{"region":1,"fire_occurred":0,"prediction":0.1566}},{"type":"Feature","geometry":{"type":"Point","coordinates":[132.9,-14.1]},"properties":{"region":1,"fire_occurred":0,"prediction":0.2541}},{"type":"Feature","geometry":{"type":"Point","coordinates":[132.9,-14.0]},"properties":{"region":1,"fire_occurred":0,"prediction":0.1752}},{"type":"Feature","geometry":{"type":"Point","coordinates":[132.9,-13.9]},"properties":{"region":1,"fire_occurred":0,"prediction":0.1706}},{"type":"Feature","geometry":{"type":"Point","coordinates":[132.9,-13.8]},"properties":{"region":1,"fire_occurred":1,"prediction":0.2136}},{"type":"Feature","geometry":{"type":"Point","coordinates":[132.9,-13.7]},"properties":{"region":1,"fire_occurred":1,"prediction":0.1226}},{"type":"Feature","geometry":{"type":"Point","coordinates":[132.9,-13.6]},"properties":{"region":1,"fire_occurred":0,"prediction":0.1078}},{"type":"Feature","geometry":{"type":"Point","coordinates":[132.9,-13.5]},"properties":{"region":1,"fire_occurred":0,"prediction":0.5372}},{"type":"Feature","geometry":{"type":"Point","coordinates":[132.9,-13.4]},"properties":{"region":1,"fire_occurred":0,"prediction":0.4422}},{"type":"Feature","geometry":{"type":"Point","coordinates":[132.9,-13.3]},"properties":{"region":1,"fire_occurred":0,"prediction":0.5561}},{"type":"Feature","geometry":{"type":"Point","coordinates":[132.9,-13.2]},"properties":{"region":1,"fire_occurred":0,"prediction":0.1373}},{"type":"Feature","geometry":{"type":"Point","coordinates":[132.9,-13.1]},"properties":{"region":1,"fire_occurred":0,"prediction":0.1278}},{"type":"Feature","geometry":{"type":"Point","coordinates":[132.9,-13.0]},"properties":{"region":1,"fire_occurred":0,"prediction":0.6279}},{"type":"Feature","geometry":{"type":"Point","coordinates":[132.9,-12.5]},"properties":{"region":1,"fire_occurred":1,"prediction":0.5552}},{"type":"Feature","geometry":{"type":"Point","coordinates":[132.9,-12.3]},"properties":{"region":1,"fire_occurred":0,"prediction":0.1128}},{"type":"Feature","geometry":{"type":"Point","coordinates":[132.9,-12.1]},"properties":{"region":1,"fire_occurred":0,"prediction":0.1133}},{"type":"Feature","geometry":{"type":"Point","coordinates":[133.0,-15.0]},"properties":{"region":1,"fire_occurred":0,"prediction":0.1912}},{"type":"Feature","geometry":{"type":"Point","coordinates":[133.0,-14.9]},"properties":{"region":1,"fire_occurred":0,"prediction":0.1352}},{"type":"Feature","geometry":{"type":"Point","coordinates":[133.0,-14.8]},"properties":{"region":1,"fire_occurred":0,"prediction":0.1356}},{"type":"Feature","geometry":{"type":"Point","coordinates":[133.0,-14.5]},"properties":{"region":1,"fire_occurred":0,"prediction":0.3373}},{"type":"Feature","geometry":{"type":"Point","coordinates":[133.0,-14.4]},"properties":{"region":1,"fire_occurred":1,"prediction":0.3747}},{"type":"Feature","geometry":{"type":"Point","coordinates":[133.0,-14.3]},"properties":{"region":1,"fire_occurred":1,"prediction":0.1914}},{"type":"Feature","geometry":{"type":"Point","coordinates":[133.0,-14.2]},"properties":{"region":1,"fire_occurred":0,"prediction":0.318}},{"type":"Feature","geometry":{"type":"Point","coordinates":[133.0,-14.1]},"properties":{"region":1,"fire_occurred":0,"prediction":0.2045}},{"type":"Feature","geometry":{"type":"Point","coordinates":[133.0,-14.0]},"properties":{"region":1,"fire_occurred":0,"prediction":0.2096}},{"type":"Feature","geometry":{"type":"Point","coordinates":[133.0,-13.9]},"properties":{"region":1,"fire_occurred":0,"prediction":0.1728}},{"type":"Feature","geometry":{"type":"Point","coordinates":[133.0,-13.8]},"properties":{"region":1,"fire_occurred":0,"prediction":0.2007}},{"type":"Feature","geometry":{"type":"Point","coordinates":[133.0,-13.6]},"properties":{"region":1,"fire_occurred":0,"prediction":0.1105}},{"type":"Feature","geometry":{"type":"Point","coordinates":[133.0,-13.5]},"properties":{"region":1,"fire_occurred":0,"prediction":0.1687}},{"type":"Feature","geometry":{"type":"Point","coordinates":[133.0,-13.4]},"properties":{"region":1,"fire_occurred":0,"prediction":0.611}},{"type":"Feature","geometry":{"type":"Point","coordinates":[133.0,-13.3]},"properties":{"region":1,"fire_occurred":0,"prediction":0.4475}},{"type":"Feature","geometry":{"type":"Point","coordinates":[133.0,-13.2]},"properties":{"region":1,"fire_occurred":0,"prediction":0.1412}},{"type":"Feature","geometry":{"type":"Point","coordinates":[133.0,-13.1]},"properties":{"region":1,"fire_occurred":0,"prediction":0.1504}},{"type":"Feature","geometry":{"type":"Point","coordinates":[133.0,-13.0]},"properties":{"region":1,"fire_occurred":0,"prediction":0.127}},{"type":"Feature","geometry":{"type":"Point","coordinates":[133.0,-12.9]},"properties":{"region":1,"fire_occurred":0,"prediction":0.3481}},{"type":"Feature","geometry":{"type":"Point","coordinates":[133.0,-12.8]},"properties":{"region":1,"fire_occurred":0,"prediction":0.4713}},{"type":"Feature","geometry":{"type":"Point","coordinates":[133.0,-12.4]},"properties":{"region":1,"fire_occurred":0,"prediction":0.2121}},{"type":"Feature","geometry":{"type":"Point","coordinates":[133.0,-12.1]},"properties":{"region":1,"fire_occurred":0,"prediction":0.1234}},{"type":"Feature","geometry":{"type":"Point","coordinates":[133.1,-14.9]},"properties":{"region":1,"fire_occurred":0,"prediction":0.1379}},{"type":"Feature","geometry":{"type":"Point","coordinates":[133.1,-14.8]},"properties":{"region":1,"fire_occurred":0,"prediction":0.152}},{"type":"Feature","geometry":{"type":"Point","coordinates":[133.1,-14.7]},"properties":{"region":1,"fire_occurred":0,"prediction":0.124}},{"type":"Feature","geometry":{"type":"Point","coordinates":[133.1,-14.6]},"properties":{"region":1,"fire_occurred":0,"prediction":0.4247}},{"type":"Feature","geometry":{"type":"Point","coordinates":[133.1,-14.5]},"properties":{"region":1,"fire_occurred":0,"prediction":0.3539}},{"type":"Feature","geometry":{"type":"Point","coordinates":[133.1,-14.2]},"properties":{"region":1,"fire_occurred":1,"prediction":0.4249}},{"type":"Feature","geometry":{"type":"Point","coordinates":[133.1,-14.1]},"properties":{"region":1,"fire_occurred":0,"prediction":0.449}},{"type":"Feature","geometry":{"type":"Point","coordinates":[133.1,-14.0]},"properties":{"region":1,"fire_occurred":0,"prediction":0.2095}},{"type":"Feature","geometry":{"type":"Point","coordinates":[133.1,-13.9]},"properties":{"region":1,"fire_occurred":0,"prediction":0.2058}},{"type":"Feature","geometry":{"type":"Point","coordinates":[133.1,-13.8]},"properties":{"region":1,"fire_occurred":0,"prediction":0.247}},{"type":"Feature","geometry":{"type":"Point","coordinates":[133.1,-13.7]},"properties":{"region":1,"fire_occurred":0,"prediction":0.2397}},{"type":"Feature","geometry":{"type":"Point","coordinates":[133.1,-13.6]},"properties":{"region":1,"fire_occurred":0,"prediction":0.1661}},{"type":"Feature","geometry":{"type":"Point","coordinates":[133.1,-13.5]},"properties":{"region":1,"fire_occurred":0,"prediction":0.1607}},{"type":"Feature","geometry":{"type":"Point","coordinates":[133.1,-13.4]},"properties":{"region":1,"fire_occurred":0,"prediction":0.6239}},{"type":"Feature","geometry":{"type":"Point","coordinates":[133.1,-13.3]},"properties":{"region":1,"fire_occurred":1,"prediction":0.6164}},{"type":"Feature","geometry":{"type":"Point","coordinates":[133.1,-13.2]},"properties":{"region":1,"fire_occurred":0,"prediction":0.1918}},{"type":"Feature","geometry":{"type":"Point","coordinates":[133.1,-13.1]},"properties":{"region":1,"fire_occurred":0,"prediction":0.2125}},{"type":"Feature","geometry":{"type":"Point","coordinates":[133.1,-13.0]},"properties":{"region":1,"fire_occurred":0,"prediction":0.4511}},{"type":"Feature","geometry":{"type":"Point","coordinates":[133.1,-12.9]},"properties":{"region":1,"fire_occurred":0,"prediction":0.4908}},{"type":"Feature","geometry":{"type":"Point","coordinates":[133.1,-12.8]},"properties":{"region":1,"fire_occurred":0,"prediction":0.4441}},{"type":"Feature","geometry":{"type":"Point","coordinates":[133.1,-12.7]},"properties":{"region":1,"fire_occurred":0,"prediction":0.4454}},{"type":"Feature","geometry":{"type":"Point","coordinates":[133.1,-12.6]},"properties":{"region":1,"fire_occurred":0,"prediction":0.1178}},{"type":"Feature","geometry":{"type":"Point","coordinates":[133.1,-12.5]},"properties":{"region":1,"fire_occurred":0,"prediction":0.1747}},{"type":"Feature","geometry":{"type":"Point","coordinates":[133.2,-15.0]},"properties":{"region":1,"fire_occurred":0,"prediction":0.1724}},{"type":"Feature","geometry":{"type":"Point","coordinates":[133.2,-14.9]},"properties":{"region":1,"fire_occurred":0,"prediction":0.143}},{"type":"Feature","geometry":{"type":"Point","coordinates":[133.2,-14.8]},"properties":{"region":1,"fire_occurred":0,"prediction":0.1846}},{"type":"Feature","geometry":{"type":"Point","coordinates":[133.2,-14.7]},"properties":{"region":1,"fire_occurred":0,"prediction":0.1324}},{"type":"Feature","geometry":{"type":"Point","coordinates":[133.2,-14.6]},"properties":{"region":1,"fire_occurred":1,"prediction":0.2507}},{"type":"Feature","geometry":{"type":"Point","coordinates":[133.2,-14.5]},"properties":{"region":1,"fire_occurred":0,"prediction":0.1692}},{"type":"Feature","geometry":{"type":"Point","coordinates":[133.2,-14.4]},"properties":{"region":1,"fire_occurred":0,"prediction":0.1867}},{"type":"Feature","geometry":{"type":"Point","coordinates":[133.2,-14.3]},"properties":{"region":1,"fire_occurred":0,"prediction":0.2474}},{"type":"Feature","geometry":{"type":"Point","coordinates":[133.2,-14.2]},"properties":{"region":1,"fire_occurred":0,"prediction":0.2147}},{"type":"Feature","geometry":{"type":"Point","coordinates":[133.2,-14.1]},"properties":{"region":1,"fire_occurred":0,"prediction":0.2145}},{"type":"Feature","geometry":{"type":"Point","coordinates":[133.2,-14.0]},"properties":{"region":1,"fire_occurred":0,"prediction":0.5368}},{"type":"Feature","geometry":{"type":"Point","coordinates":[133.2,-13.9]},"properties":{"region":1,"fire_occurred":0,"prediction":0.182}},{"type":"Feature","geometry":{"type":"Point","coordinates":[133.2,-13.8]},"properties":{"region":1,"fire_occurred":0,"prediction":0.1687}},{"type":"Feature","geometry":{"type":"Point","coordinates":[133.2,-13.7]},"properties":{"region":1,"fire_occurred":0,"prediction":0.1771}},{"type":"Feature","geometry":{"type":"Point","coordinates":[133.2,-13.6]},"properties":{"region":1,"fire_occurred":0,"prediction":0.1896}},{"type":"Feature","geometry":{"type":"Point","coordinates":[133.2,-13.5]},"properties":{"region":1,"fire_occurred":0,"prediction":0.1243}},{"type":"Feature","geometry":{"type":"Point","coordinates":[133.2,-13.4]},"properties":{"region":1,"fire_occurred":0,"prediction":0.5457}},{"type":"Feature","geometry":{"type":"Point","coordinates":[133.2,-13.3]},"properties":{"region":1,"fire_occurred":1,"prediction":0.5558}},{"type":"Feature","geometry":{"type":"Point","coordinates":[133.2,-13.2]},"properties":{"region":1,"fire_occurred":0,"prediction":0.1829}},{"type":"Feature","geometry":{"type":"Point","coordinates":[133.2,-13.1]},"properties":{"region":1,"fire_occurred":0,"prediction":0.6469}},{"type":"Feature","geometry":{"type":"Point","coordinates":[133.2,-13.0]},"properties":{"region":1,"fire_occurred":0,"prediction":0.5016}},{"type":"Feature","geometry":{"type":"Point","coordinates":[133.2,-12.9]},"properties":{"region":1,"fire_occurred":0,"prediction":0.7301}},{"type":"Feature","geometry":{"type":"Point","coordinates":[133.2,-12.8]},"properties":{"region":1,"fire_occurred":0,"prediction":0.5974}},{"type":"Feature","geometry":{"type":"Point","coordinates":[133.2,-12.4]},"properties":{"region":1,"fire_occurred":0,"prediction":0.1433}},{"type":"Feature","geometry":{"type":"Point","coordinates":[133.2,-12.3]},"properties":{"region":1,"fire_occurred":1,"prediction":0.1506}},{"type":"Feature","geometry":{"type":"Point","coordinates":[133.2,-12.2]},"properties":{"region":1,"fire_occurred":0,"prediction":0.1042}},{"type":"Feature","geometry":{"type":"Point","coordinates":[133.2,-12.1]},"properties":{"region":1,"fire_occurred":0,"prediction":0.1134}},{"type":"Feature","geometry":{"type":"Point","coordinates":[133.2,-12.0]},"properties":{"region":1,"fire_occurred":0,"prediction":0.12}},{"type":"Feature","geometry":{"type":"Point","coordinates":[133.3,-15.0]},"properties":{"region":1,"fire_occurred":0,"prediction":0.4578}},{"type":"Feature","geometry":{"type":"Point","coordinates":[133.3,-14.9]},"properties":{"region":1,"fire_occurred":0,"prediction":0.42}},{"type":"Feature","geometry":{"type":"Point","coordinates":[133.3,-14.8]},"properties":{"region":1,"fire_occurred":0,"prediction":0.1939}},{"type":"Feature","geometry":{"type":"Point","coordinates":[133.3,-14.7]},"properties":{"region":1,"fire_occurred":0,"prediction":0.3792}},{"type":"Feature","geometry":{"type":"Point","coordinates":[133.3,-14.6]},"properties":{"region":1,"fire_occurred":0,"prediction":0.1828}},{"type":"Feature","geometry":{"type":"Point","coordinates":[133.3,-14.5]},"properties":{"region":1,"fire_occurred":0,"prediction":0.1613}},{"type":"Feature","geometry":{"type":"Point","coordinates":[133.3,-14.4]},"properties":{"region":1,"fire_occurred":0,"prediction":0.1783}},{"type":"Feature","geometry":{"type":"Point","coordinates":[133.3,-14.0]},"properties":{"region":1,"fire_occurred":0,"prediction":0.4206}},{"type":"Feature","geometry":{"type":"Point","coordinates":[133.3,-13.9]},"properties":{"region":1,"fire_occurred":0,"prediction":0.3955}},{"type":"Feature","geometry":{"type":"Point","coordinates":[133.3,-13.8]},"properties":{"region":1,"fire_occurred":0,"prediction":0.3895}},{"type":"Feature","geometry":{"type":"Point","coordinates":[133.3,-13.7]},"properties":{"region":1,"fire_occurred":0,"prediction":0.1743}},{"type":"Feature","geometry":{"type":"Point","coordinates":[133.3,-13.6]},"properties":{"region":1,"fire_occurred":0,"prediction":0.1795}},{"type":"Feature","geometry":{"type":"Point","coordinates":[133.3,-13.5]},"properties":{"region":1,"fire_occurred":0,"prediction":0.1354}},{"type":"Feature","geometry":{"type":"Point","coordinates":[133.3,-13.4]},"properties":{"region":1,"fire_occurred":0,"prediction":0.4395}},{"type":"Feature","geometry":{"type":"Point","coordinates":[133.3,-13.3]},"properties":{"region":1,"fire_occurred":0,"prediction":0.504}},{"type":"Feature","geometry":{"type":"Point","coordinates":[133.3,-13.2]},"properties":{"region":1,"fire_occurred":0,"prediction":0.5883}},{"type":"Feature","geometry":{"type":"Point","coordinates":[133.3,-13.1]},"properties":{"region":1,"fire_occurred":1,"prediction":0.7385}},{"type":"Feature","geometry":{"type":"Point","coordinates":[133.3,-13.0]},"properties":{"region":1,"fire_occurred":1,"prediction":0.8125}},{"type":"Feature","geometry":{"type":"Point","coordinates":[133.3,-12.9]},"properties":{"region":1,"fire_occurred":0,"prediction":0.682}},{"type":"Feature","geometry":{"type":"Point","coordinates":[133.3,-12.8]},"properties":{"region":1,"fire_occurred":0,"prediction":0.7616}},{"type":"Feature","geometry":{"type":"Point","coordinates":[133.3,-12.4]},"properties":{"region":1,"fire_occurred":0,"prediction":0.1518}},{"type":"Feature","geometry":{"type":"Point","coordinates":[133.3,-12.3]},"properties":{"region":1,"fire_occurred":0,"prediction":0.1452}},{"type":"Feature","geometry":{"type":"Point","coordinates":[133.3,-12.2]},"properties":{"region":1,"fire_occurred":0,"prediction":0.1091}},{"type":"Feature","geometry":{"type":"Point","coordinates":[133.3,-12.1]},"properties":{"region":1,"fire_occurred":0,"prediction":0.1047}},{"type":"Feature","geometry":{"type":"Point","coordinates":[133.3,-12.0]},"properties":{"region":1,"fire_occurred":0,"prediction":0.1186}},{"type":"Feature","geometry":{"type":"Point","coordinates":[133.4,-15.0]},"properties":{"region":1,"fire_occurred":0,"prediction":0.3318}},{"type":"Feature","geometry":{"type":"Point","coordinates":[133.4,-14.9]},"properties":{"region":1,"fire_occurred":0,"prediction":0.113}},{"type":"Feature","geometry":{"type":"Point","coordinates":[133.4,-14.7]},"properties":{"region":1,"fire_occurred":1,"prediction":0.3778}},{"type":"Feature","geometry":{"type":"Point","coordinates":[133.4,-14.6]},"properties":{"region":1,"fire_occurred":0,"prediction":0.2002}},{"type":"Feature","geometry":{"type":"Point","coordinates":[133.4,-14.4]},"properties":{"region":1,"fire_occurred":0,"prediction":0.2033}},{"type":"Feature","geometry":{"type":"Point","coordinates":[133.4,-14.1]},"properties":{"region":1,"fire_occurred":1,"prediction":0.0234}},{"type":"Feature","geometry":{"type":"Point","coordinates":[133.4,-14.0]},"properties":{"region":1,"fire_occurred":0,"prediction":0.1432}},{"type":"Feature","geometry":{"type":"Point","coordinates":[133.4,-13.9]},"properties":{"region":1,"fire_occurred":0,"prediction":0.1492}},{"type":"Feature","geometry":{"type":"Point","coordinates":[133.4,-13.7]},"properties":{"region":1,"fire_occurred":0,"prediction":0.1714}},{"type":"Feature","geometry":{"type":"Point","coordinates":[133.4,-13.6]},"properties":{"region":1,"fire_occurred":0,"prediction":0.1822}},{"type":"Feature","geometry":{"type":"Point","coordinates":[133.4,-13.5]},"properties":{"region":1,"fire_occurred":0,"prediction":0.1495}},{"type":"Feature","geometry":{"type":"Point","coordinates":[133.4,-13.4]},"properties":{"region":1,"fire_occurred":0,"prediction":0.1393}},{"type":"Feature","geometry":{"type":"Point","coordinates":[133.4,-13.3]},"properties":{"region":1,"fire_occurred":0,"prediction":0.5574}},{"type":"Feature","geometry":{"type":"Point","coordinates":[133.4,-13.2]},"properties":{"region":1,"fire_occurred":0,"prediction":0.7138}},{"type":"Feature","geometry":{"type":"Point","coordinates":[133.4,-13.1]},"properties":{"region":1,"fire_occurred":1,"prediction":0.7369}},{"type":"Feature","geometry":{"type":"Point","coordinates":[133.4,-13.0]},"properties":{"region":1,"fire_occurred":1,"prediction":0.6312}},{"type":"Feature","geometry":{"type":"Point","coordinates":[133.4,-12.9]},"properties":{"region":1,"fire_occurred":0,"prediction":0.6872}},{"type":"Feature","geometry":{"type":"Point","coordinates":[133.4,-12.8]},"properties":{"region":1,"fire_occurred":0,"prediction":0.5293}},{"type":"Feature","geometry":{"type":"Point","coordinates":[133.4,-12.7]},"properties":{"region":1,"fire_occurred":0,"prediction":0.2126}},{"type":"Feature","geometry":{"type":"Point","coordinates":[133.4,-12.6]},"properties":{"region":1,"fire_occurred":0,"prediction":0.2183}},{"type":"Feature","geometry":{"type":"Point","coordinates":[133.4,-12.5]},"properties":{"region":1,"fire_occurred":0,"prediction":0.1571}},{"type":"Feature","geometry":{"type":"Point","coordinates":[133.4,-12.4]},"properties":{"region":1,"fire_occurred":0,"prediction":0.1034}},{"type":"Feature","geometry":{"type":"Point","coordinates":[133.4,-12.2]},"properties":{"region":1,"fire_occurred":0,"prediction":0.103}},{"type":"Feature","geometry":{"type":"Point","coordinates":[133.4,-12.1]},"properties":{"region":1,"fire_occurred":0,"prediction":0.1335}},{"type":"Feature","geometry":{"type":"Point","coordinates":[133.4,-12.0]},"properties":{"region":1,"fire_occurred":0,"prediction":0.1208}},{"type":"Feature","geometry":{"type":"Point","coordinates":[133.5,-14.9]},"properties":{"region":1,"fire_occurred":0,"prediction":0.15}},{"type":"Feature","geometry":{"type":"Point","coordinates":[133.5,-14.7]},"properties":{"region":1,"fire_occurred":0,"prediction":0.1932}},{"type":"Feature","geometry":{"type":"Point","coordinates":[133.5,-14.4]},"properties":{"region":1,"fire_occurred":0,"prediction":0.1187}},{"type":"Feature","geometry":{"type":"Point","coordinates":[133.5,-14.3]},"properties":{"region":1,"fire_occurred":0,"prediction":0.2082}},{"type":"Feature","geometry":{"type":"Point","coordinates":[133.5,-14.0]},"properties":{"region":1,"fire_occurred":0,"prediction":0.1289}},{"type":"Feature","geometry":{"type":"Point","coordinates":[133.5,-13.9]},"properties":{"region":1,"fire_occurred":0,"prediction":0.1347}},{"type":"Feature","geometry":{"type":"Point","coordinates":[133.5,-13.8]},"properties":{"region":1,"fire_occurred":0,"prediction":0.1203}},{"type":"Feature","geometry":{"type":"Point","coordinates":[133.5,-13.7]},"properties":{"region":1,"fire_occurred":0,"prediction":0.101}},{"type":"Feature","geometry":{"type":"Point","coordinates":[133.5,-13.6]},"properties":{"region":1,"fire_occurred":0,"prediction":0.4014}},{"type":"Feature","geometry":{"type":"Point","coordinates":[133.5,-13.3]},"properties":{"region":1,"fire_occurred":0,"prediction":0.4247}},{"type":"Feature","geometry":{"type":"Point","coordinates":[133.5,-13.2]},"properties":{"region":1,"fire_occurred":0,"prediction":0.1531}},{"type":"Feature","geometry":{"type":"Point","coordinates":[133.5,-13.1]},"properties":{"region":1,"fire_occurred":1,"prediction":0.7052}},{"type":"Feature","geometry":{"type":"Point","coordinates":[133.5,-13.0]},"properties":{"region":1,"fire_occurred":1,"prediction":0.6797}},{"type":"Feature","geometry":{"type":"Point","coordinates":[133.5,-12.9]},"properties":{"region":1,"fire_occurred":1,"prediction":0.7544}},{"type":"Feature","geometry":{"type":"Point","coordinates":[133.5,-12.8]},"properties":{"region":1,"fire_occurred":0,"prediction":0.5288}},{"type":"Feature","geometry":{"type":"Point","coordinates":[133.5,-12.7]},"properties":{"region":1,"fire_occurred":0,"prediction":0.7141}},{"type":"Feature","geometry":{"type":"Point","coordinates":[133.5,-12.6]},"properties":{"region":1,"fire_occurred":0,"prediction":0.2021}},{"type":"Feature","geometry":{"type":"Point","coordinates":[133.5,-12.5]},"properties":{"region":1,"fire_occurred":0,"prediction":0.1635}},{"type":"Feature","geometry":{"type":"Point","coordinates":[133.5,-12.2]},"properties":{"region":1,"fire_occurred":0,"prediction":0.1008}},{"type":"Feature","geometry":{"type":"Point","coordinates":[133.5,-12.1]},"properties":{"region":1,"fire_occurred":0,"prediction":0.1189}},{"type":"Feature","geometry":{"type":"Point","coordinates":[133.5,-12.0]},"properties":{"region":1,"fire_occurred":0,"prediction":0.122}},{"type":"Feature","geometry":{"type":"Point","coordinates":[133.6,-15.0]},"properties":{"region":1,"fire_occurred":0,"prediction":0.2553}},{"type":"Feature","geometry":{"type":"Point","coordinates":[133.6,-14.9]},"properties":{"region":1,"fire_occurred":0,"prediction":0.2944}},{"type":"Feature","geometry":{"type":"Point","coordinates":[133.6,-14.2]},"properties":{"region":1,"fire_occurred":0,"prediction":0.1666}},{"type":"Feature","geometry":{"type":"Point","coordinates":[133.6,-14.1]},"properties":{"region":1,"fire_occurred":0,"prediction":0.1894}},{"type":"Feature","geometry":{"type":"Point","coordinates":[133.6,-14.0]},"properties":{"region":1,"fire_occurred":0,"prediction":0.164}},{"type":"Feature","geometry":{"type":"Point","coordinates":[133.6,-13.9]},"properties":{"region":1,"fire_occurred":0,"prediction":0.1577}},{"type":"Feature","geometry":{"type":"Point","coordinates":[133.6,-13.8]},"properties":{"region":1,"fire_occurred":0,"prediction":0.1474}},{"type":"Feature","geometry":{"type":"Point","coordinates":[133.6,-13.7]},"properties":{"region":1,"fire_occurred":0,"prediction":0.4491}},{"type":"Feature","geometry":{"type":"Point","coordinates":[133.6,-13.6]},"properties":{"region":1,"fire_occurred":0,"prediction":0.4574}},{"type":"Feature","geometry":{"type":"Point","coordinates":[133.6,-13.5]},"properties":{"region":1,"fire_occurred":0,"prediction":0.1312}},{"type":"Feature","geometry":{"type":"Point","coordinates":[133.6,-13.4]},"properties":{"region":1,"fire_occurred":0,"prediction":0.1057}},{"type":"Feature","geometry":{"type":"Point","coordinates":[133.6,-13.3]},"properties":{"region":1,"fire_occurred":0,"prediction":0.3591}},{"type":"Feature","geometry":{"type":"Point","coordinates":[133.6,-13.2]},"properties":{"region":1,"fire_occurred":0,"prediction":0.5707}},{"type":"Feature","geometry":{"type":"Point","coordinates":[133.6,-13.1]},"properties":{"region":1,"fire_occurred":1,"prediction":0.6461}},{"type":"Feature","geometry":{"type":"Point","coordinates":[133.6,-13.0]},"properties":{"region":1,"fire_occurred":0,"prediction":0.4482}},{"type":"Feature","geometry":{"type":"Point","coordinates":[133.6,-12.9]},"properties":{"region":1,"fire_occurred":1,"prediction":0.6244}},{"type":"Feature","geometry":{"type":"Point","coordinates":[133.6,-12.8]},"properties":{"region":1,"fire_occurred":0,"prediction":0.1097}},{"type":"Feature","geometry":{"type":"Point","coordinates":[133.6,-12.7]},"properties":{"region":1,"fire_occurred":0,"prediction":0.1552}},{"type":"Feature","geometry":{"type":"Point","coordinates":[133.6,-12.6]},"properties":{"region":1,"fire_occurred":0,"prediction":0.1679}},{"type":"Feature","geometry":{"type":"Point","coordinates":[133.6,-12.5]},"properties":{"region":1,"fire_occurred":0,"prediction":0.1666}},{"type":"Feature","geometry":{"type":"Point","coordinates":[133.6,-12.4]},"properties":{"region":1,"fire_occurred":0,"prediction":0.1045}},{"type":"Feature","geometry":{"type":"Point","coordinates":[133.6,-12.3]},"properties":{"region":1,"fire_occurred":1,"prediction":0.0826}},{"type":"Feature","geometry":{"type":"Point","coordinates":[133.7,-15.0]},"properties":{"region":1,"fire_occurred":0,"prediction":0.3171}},{"type":"Feature","geometry":{"type":"Point","coordinates":[133.7,-14.9]},"properties":{"region":1,"fire_occurred":0,"prediction":0.2825}},{"type":"Feature","geometry":{"type":"Point","coordinates":[133.7,-14.8]},"properties":{"region":1,"fire_occurred":0,"prediction":0.1667}},{"type":"Feature","geometry":{"type":"Point","coordinates":[133.7,-14.0]},"properties":{"region":1,"fire_occurred":0,"prediction":0.1568}},{"type":"Feature","geometry":{"type":"Point","coordinates":[133.7,-13.9]},"properties":{"region":1,"fire_occurred":1,"prediction":0.1326}},{"type":"Feature","geometry":{"type":"Point","coordinates":[133.7,-13.8]},"properties":{"region":1,"fire_occurred":0,"prediction":0.3958}},{"type":"Feature","geometry":{"type":"Point","coordinates":[133.7,-13.7]},"properties":{"region":1,"fire_occurred":0,"prediction":0.1238}},{"type":"Feature","geometry":{"type":"Point","coordinates":[133.7,-13.6]},"properties":{"region":1,"fire_occurred":1,"prediction":0.4523}},{"type":"Feature","geometry":{"type":"Point","coordinates":[133.7,-13.5]},"properties":{"region":1,"fire_occurred":0,"prediction":0.4744}},{"type":"Feature","geometry":{"type":"Point","coordinates":[133.7,-13.4]},"properties":{"region":1,"fire_occurred":0,"prediction":0.3947}},{"type":"Feature","geometry":{"type":"Point","coordinates":[133.7,-13.3]},"properties":{"region":1,"fire_occurred":0,"prediction":0.3272}},{"type":"Feature","geometry":{"type":"Point","coordinates":[133.7,-13.2]},"properties":{"region":1,"fire_occurred":0,"prediction":0.4926}},{"type":"Feature","geometry":{"type":"Point","coordinates":[133.7,-13.1]},"properties":{"region":1,"fire_occurred":1,"prediction":0.3923}},{"type":"Feature","geometry":{"type":"Point","coordinates":[133.7,-13.0]},"properties":{"region":1,"fire_occurred":0,"prediction":0.1294}},{"type":"Feature","geometry":{"type":"Point","coordinates":[133.7,-12.9]},"properties":{"region":1,"fire_occurred":0,"prediction":0.1852}},{"type":"Feature","geometry":{"type":"Point","coordinates":[133.7,-12.8]},"properties":{"region":1,"fire_occurred":0,"prediction":0.1367}},{"type":"Feature","geometry":{"type":"Point","coordinates":[133.7,-12.7]},"properties":{"region":1,"fire_occurred":0,"prediction":0.125}},{"type":"Feature","geometry":{"type":"Point","coordinates":[133.7,-12.6]},"properties":{"region":1,"fire_occurred":0,"prediction":0.1482}},{"type":"Feature","geometry":{"type":"Point","coordinates":[133.7,-12.5]},"properties":{"region":1,"fire_occurred":0,"prediction":0.1301}},{"type":"Feature","geometry":{"type":"Point","coordinates":[133.7,-12.4]},"properties":{"region":1,"fire_occurred":0,"prediction":0.1042}},{"type":"Feature","geometry":{"type":"Point","coordinates":[133.7,-12.3]},"properties":{"region":1,"fire_occurred":0,"prediction":0.1143}},{"type":"Feature","geometry":{"type":"Point","coordinates":[133.8,-15.0]},"properties":{"region":1,"fire_occurred":1,"prediction":0.2728}},{"type":"Feature","geometry":{"type":"Point","coordinates":[133.8,-14.9]},"properties":{"region":1,"fire_occurred":0,"prediction":0.2533}},{"type":"Feature","geometry":{"type":"Point","coordinates":[133.8,-14.8]},"properties":{"region":1,"fire_occurred":0,"prediction":0.1681}},{"type":"Feature","geometry":{"type":"Point","coordinates":[133.8,-14.7]},"properties":{"region":1,"fire_occurred":0,"prediction":0.1479}},{"type":"Feature","geometry":{"type":"Point","coordinates":[133.8,-14.6]},"properties":{"region":1,"fire_occurred":0,"prediction":0.1333}},{"type":"Feature","geometry":{"type":"Point","coordinates":[133.8,-14.5]},"properties":{"region":1,"fire_occurred":0,"prediction":0.1182}},{"type":"Feature","geometry":{"type":"Point","coordinates":[133.8,-14.3]},"properties":{"region":1,"fire_occurred":1,"prediction":0.3249}},{"type":"Feature","geometry":{"type":"Point","coordinates":[133.8,-14.2]},"properties":{"region":1,"fire_occurred":0,"prediction":0.3207}},{"type":"Feature","geometry":{"type":"Point","coordinates":[133.8,-14.1]},"properties":{"region":1,"fire_occurred":0,"prediction":0.1105}},{"type":"Feature","geometry":{"type":"Point","coordinates":[133.8,-14.0]},"properties":{"region":1,"fire_occurred":0,"prediction":0.1483}},{"type":"Feature","geometry":{"type":"Point","coordinates":[133.8,-13.9]},"properties":{"region":1,"fire_occurred":0,"prediction":0.4133}},{"type":"Feature","geometry":{"type":"Point","coordinates":[133.8,-13.8]},"properties":{"region":1,"fire_occurred":1,"prediction":0.5442}},{"type":"Feature","geometry":{"type":"Point","coordinates":[133.8,-13.7]},"properties":{"region":1,"fire_occurred":0,"prediction":0.4291}},{"type":"Feature","geometry":{"type":"Point","coordinates":[133.8,-13.6]},"properties":{"region":1,"fire_occurred":0,"prediction":0.3655}},{"type":"Feature","geometry":{"type":"Point","coordinates":[133.8,-13.5]},"properties":{"region":1,"fire_occurred":0,"prediction":0.1216}},{"type":"Feature","geometry":{"type":"Point","coordinates":[133.8,-13.4]},"properties":{"region":1,"fire_occurred":0,"prediction":0.1083}},{"type":"Feature","geometry":{"type":"Point","coordinates":[133.8,-13.3]},"properties":{"region":1,"fire_occurred":0,"prediction":0.1115}},{"type":"Feature","geometry":{"type":"Point","coordinates":[133.8,-13.2]},"properties":{"region":1,"fire_occurred":1,"prediction":0.1216}},{"type":"Feature","geometry":{"type":"Point","coordinates":[133.8,-13.1]},"properties":{"region":1,"fire_occurred":1,"prediction":0.1272}},{"type":"Feature","geometry":{"type":"Point","coordinates":[133.8,-13.0]},"properties":{"region":1,"fire_occurred":1,"prediction":0.374}},{"type":"Feature","geometry":{"type":"Point","coordinates":[133.8,-12.9]},"properties":{"region":1,"fire_occurred":1,"prediction":0.43}},{"type":"Feature","geometry":{"type":"Point","coordinates":[133.8,-12.8]},"properties":{"region":1,"fire_occurred":1,"prediction":0.5624}},{"type":"Feature","geometry":{"type":"Point","coordinates":[133.8,-12.7]},"properties":{"region":1,"fire_occurred":0,"prediction":0.1402}},{"type":"Feature","geometry":{"type":"Point","coordinates":[133.8,-12.6]},"properties":{"region":1,"fire_occurred":1,"prediction":0.1281}},{"type":"Feature","geometry":{"type":"Point","coordinates":[133.8,-12.5]},"properties":{"region":1,"fire_occurred":0,"prediction":0.1179}},{"type":"Feature","geometry":{"type":"Point","coordinates":[133.8,-12.4]},"properties":{"region":1,"fire_occurred":0,"prediction":0.1037}},{"type":"Feature","geometry":{"type":"Point","coordinates":[133.8,-12.3]},"properties":{"region":1,"fire_occurred":1,"prediction":0.1071}},{"type":"Feature","geometry":{"type":"Point","coordinates":[133.8,-12.2]},"properties":{"region":1,"fire_occurred":0,"prediction":0.1004}},{"type":"Feature","geometry":{"type":"Point","coordinates":[133.8,-12.1]},"properties":{"region":1,"fire_occurred":0,"prediction":0.1129}},{"type":"Feature","geometry":{"type":"Point","coordinates":[133.9,-15.0]},"properties":{"region":1,"fire_occurred":1,"prediction":0.544}},{"type":"Feature","geometry":{"type":"Point","coordinates":[133.9,-14.9]},"properties":{"region":1,"fire_occurred":0,"prediction":0.2891}},{"type":"Feature","geometry":{"type":"Point","coordinates":[133.9,-14.8]},"properties":{"region":1,"fire_occurred":0,"prediction":0.1822}},{"type":"Feature","geometry":{"type":"Point","coordinates":[133.9,-14.7]},"properties":{"region":1,"fire_occurred":0,"prediction":0.1224}},{"type":"Feature","geometry":{"type":"Point","coordinates":[133.9,-14.3]},"properties":{"region":1,"fire_occurred":0,"prediction":0.208}},{"type":"Feature","geometry":{"type":"Point","coordinates":[133.9,-14.2]},"properties":{"region":1,"fire_occurred":0,"prediction":0.1066}},{"type":"Feature","geometry":{"type":"Point","coordinates":[133.9,-14.1]},"properties":{"region":1,"fire_occurred":0,"prediction":0.1379}},{"type":"Feature","geometry":{"type":"Point","coordinates":[133.9,-14.0]},"properties":{"region":1,"fire_occurred":0,"prediction":0.1444}},{"type":"Feature","geometry":{"type":"Point","coordinates":[133.9,-13.9]},"properties":{"region":1,"fire_occurred":0,"prediction":0.1339}},{"type":"Feature","geometry":{"type":"Point","coordinates":[133.9,-13.8]},"properties":{"region":1,"fire_occurred":0,"prediction":0.4911}},{"type":"Feature","geometry":{"type":"Point","coordinates":[133.9,-13.7]},"properties":{"region":1,"fire_occurred":0,"prediction":0.5067}},{"type":"Feature","geometry":{"type":"Point","coordinates":[133.9,-13.6]},"properties":{"region":1,"fire_occurred":0,"prediction":0.1005}},{"type":"Feature","geometry":{"type":"Point","coordinates":[133.9,-13.5]},"properties":{"region":1,"fire_occurred":1,"prediction":0.3365}},{"type":"Feature","geometry":{"type":"Point","coordinates":[133.9,-13.4]},"properties":{"region":1,"fire_occurred":0,"prediction":0.1366}},{"type":"Feature","geometry":{"type":"Point","coordinates":[133.9,-13.3]},"properties":{"region":1,"fire_occurred":1,"prediction":0.1113}},{"type":"Feature","geometry":{"type":"Point","coordinates":[133.9,-13.1]},"properties":{"region":1,"fire_occurred":1,"prediction":0.2614}},{"type":"Feature","geometry":{"type":"Point","coordinates":[133.9,-13.0]},"properties":{"region":1,"fire_occurred":1,"prediction":0.1066}},{"type":"Feature","geometry":{"type":"Point","coordinates":[133.9,-12.9]},"properties":{"region":1,"fire_occurred":1,"prediction":0.3916}},{"type":"Feature","geometry":{"type":"Point","coordinates":[133.9,-12.8]},"properties":{"region":1,"fire_occurred":1,"prediction":0.1142}},{"type":"Feature","geometry":{"type":"Point","coordinates":[133.9,-12.7]},"properties":{"region":1,"fire_occurred":0,"prediction":0.1052}},{"type":"Feature","geometry":{"type":"Point","coordinates":[133.9,-12.6]},"properties":{"region":1,"fire_occurred":1,"prediction":0.0884}},{"type":"Feature","geometry":{"type":"Point","coordinates":[133.9,-12.5]},"properties":{"region":1,"fire_occurred":1,"prediction":0.0841}},{"type":"Feature","geometry":{"type":"Point","coordinates":[133.9,-12.2]},"properties":{"region":1,"fire_occurred":1,"prediction":0.0482}},{"type":"Feature","geometry":{"type":"Point","coordinates":[134.0,-15.4]},"properties":{"region":1,"fire_occurred":0,"prediction":0.2607}},{"type":"Feature","geometry":{"type":"Point","coordinates":[134.0,-15.3]},"properties":{"region":1,"fire_occurred":0,"prediction":0.2148}},{"type":"Feature","geometry":{"type":"Point","coordinates":[134.0,-15.2]},"properties":{"region":1,"fire_occurred":0,"prediction":0.2723}},{"type":"Feature","geometry":{"type":"Point","coordinates":[134.0,-15.1]},"properties":{"region":1,"fire_occurred":0,"prediction":0.2717}},{"type":"Feature","geometry":{"type":"Point","coordinates":[134.0,-15.0]},"properties":{"region":1,"fire_occurred":0,"prediction":0.2832}},{"type":"Feature","geometry":{"type":"Point","coordinates":[134.0,-14.9]},"properties":{"region":1,"fire_occurred":0,"prediction":0.2908}},{"type":"Feature","geometry":{"type":"Point","coordinates":[134.0,-14.8]},"properties":{"region":1,"fire_occurred":0,"prediction":0.2412}},{"type":"Feature","geometry":{"type":"Point","coordinates":[134.0,-14.4]},"properties":{"region":1,"fire_occurred":0,"prediction":0.1534}},{"type":"Feature","geometry":{"type":"Point","coordinates":[134.0,-14.3]},"properties":{"region":1,"fire_occurred":1,"prediction":0.3684}},{"type":"Feature","geometry":{"type":"Point","coordinates":[134.0,-14.2]},"properties":{"region":1,"fire_occurred":0,"prediction":0.1229}},{"type":"Feature","geometry":{"type":"Point","coordinates":[134.0,-14.1]},"properties":{"region":1,"fire_occurred":0,"prediction":0.1056}},{"type":"Feature","geometry":{"type":"Point","coordinates":[134.0,-14.0]},"properties":{"region":1,"fire_occurred":0,"prediction":0.1831}},{"type":"Feature","geometry":{"type":"Point","coordinates":[134.0,-13.9]},"properties":{"region":1,"fire_occurred":0,"prediction":0.1449}},{"type":"Feature","geometry":{"type":"Point","coordinates":[134.0,-13.8]},"properties":{"region":1,"fire_occurred":1,"prediction":0.4603}},{"type":"Feature","geometry":{"type":"Point","coordinates":[134.0,-13.7]},"properties":{"region":1,"fire_occurred":0,"prediction":0.3299}},{"type":"Feature","geometry":{"type":"Point","coordinates":[134.0,-13.6]},"properties":{"region":1,"fire_occurred":0,"prediction":0.3725}},{"type":"Feature","geometry":{"type":"Point","coordinates":[134.0,-13.5]},"properties":{"region":1,"fire_occurred":0,"prediction":0.1443}},{"type":"Feature","geometry":{"type":"Point","coordinates":[134.0,-13.4]},"properties":{"region":1,"fire_occurred":0,"prediction":0.1435}},{"type":"Feature","geometry":{"type":"Point","coordinates":[134.0,-13.3]},"properties":{"region":1,"fire_occurred":0,"prediction":0.1102}},{"type":"Feature","geometry":{"type":"Point","coordinates":[134.0,-13.1]},"properties":{"region":1,"fire_occurred":1,"prediction":0.3787}},{"type":"Feature","geometry":{"type":"Point","coordinates":[134.0,-12.9]},"properties":{"region":1,"fire_occurred":0,"prediction":0.1115}},{"type":"Feature","geometry":{"type":"Point","coordinates":[134.0,-12.7]},"properties":{"region":1,"fire_occurred":0,"prediction":0.1178}},{"type":"Feature","geometry":{"type":"Point","coordinates":[134.0,-12.6]},"properties":{"region":1,"fire_occurred":0,"prediction":0.3565}},{"type":"Feature","geometry":{"type":"Point","coordinates":[134.0,-12.5]},"properties":{"region":1,"fire_occurred":1,"prediction":0.0961}},{"type":"Feature","geometry":{"type":"Point","coordinates":[134.0,-12.4]},"properties":{"region":1,"fire_occurred":1,"prediction":0.0686}},{"type":"Feature","geometry":{"type":"Point","coordinates":[134.0,-12.3]},"properties":{"region":1,"fire_occurred":0,"prediction":0.2996}},{"type":"Feature","geometry":{"type":"Point","coordinates":[134.0,-12.2]},"properties":{"region":1,"fire_occurred":0,"prediction":0.2363}},{"type":"Feature","geometry":{"type":"Point","coordinates":[134.1,-15.7]},"properties":{"region":1,"fire_occurred":0,"prediction":0.1913}},{"type":"Feature","geometry":{"type":"Point","coordinates":[134.1,-15.6]},"properties":{"region":1,"fire_occurred":0,"prediction":0.1861}},{"type":"Feature","geometry":{"type":"Point","coordinates":[134.1,-15.4]},"properties":{"region":1,"fire_occurred":0,"prediction":0.2471}},{"type":"Feature","geometry":{"type":"Point","coordinates":[134.1,-15.3]},"properties":{"region":1,"fire_occurred":0,"prediction":0.2685}},{"type":"Feature","geometry":{"type":"Point","coordinates":[134.1,-15.2]},"properties":{"region":1,"fire_occurred":0,"prediction":0.1968}},{"type":"Feature","geometry":{"type":"Point","coordinates":[134.1,-15.1]},"properties":{"region":1,"fire_occurred":0,"prediction":0.1862}},{"type":"Feature","geometry":{"type":"Point","coordinates":[134.1,-15.0]},"properties":{"region":1,"fire_occurred":0,"prediction":0.3}},{"type":"Feature","geometry":{"type":"Point","coordinates":[134.1,-14.9]},"properties":{"region":1,"fire_occurred":0,"prediction":0.2289}},{"type":"Feature","geometry":{"type":"Point","coordinates":[134.1,-14.8]},"properties":{"region":1,"fire_occurred":0,"prediction":0.2264}},{"type":"Feature","geometry":{"type":"Point","coordinates":[134.1,-14.4]},"properties":{"region":1,"fire_occurred":0,"prediction":0.2701}},{"type":"Feature","geometry":{"type":"Point","coordinates":[134.1,-14.3]},"properties":{"region":1,"fire_occurred":1,"prediction":0.1698}},{"type":"Feature","geometry":{"type":"Point","coordinates":[134.1,-14.2]},"properties":{"region":1,"fire_occurred":1,"prediction":0.4997}},{"type":"Feature","geometry":{"type":"Point","coordinates":[134.1,-14.1]},"properties":{"region":1,"fire_occurred":0,"prediction":0.1393}},{"type":"Feature","geometry":{"type":"Point","coordinates":[134.1,-14.0]},"properties":{"region":1,"fire_occurred":0,"prediction":0.1276}},{"type":"Feature","geometry":{"type":"Point","coordinates":[134.1,-13.8]},"properties":{"region":1,"fire_occurred":0,"prediction":0.3551}},{"type":"Feature","geometry":{"type":"Point","coordinates":[134.1,-13.6]},"properties":{"region":1,"fire_occurred":0,"prediction":0.1499}},{"type":"Feature","geometry":{"type":"Point","coordinates":[134.1,-13.5]},"properties":{"region":1,"fire_occurred":0,"prediction":0.1489}},{"type":"Feature","geometry":{"type":"Point","coordinates":[134.1,-13.1]},"properties":{"region":1,"fire_occurred":0,"prediction":0.2272}},{"type":"Feature","geometry":{"type":"Point","coordinates":[134.1,-12.9]},"properties":{"region":1,"fire_occurred":0,"prediction":0.1037}},{"type":"Feature","geometry":{"type":"Point","coordinates":[134.1,-12.6]},"properties":{"region":1,"fire_occurred":0,"prediction":0.4393}},{"type":"Feature","geometry":{"type":"Point","coordinates":[134.2,-15.7]},"properties":{"region":1,"fire_occurred":0,"prediction":0.1905}},{"type":"Feature","geometry":{"type":"Point","coordinates":[134.2,-15.6]},"properties":{"region":1,"fire_occurred":0,"prediction":0.1843}},{"type":"Feature","geometry":{"type":"Point","coordinates":[134.2,-15.5]},"properties":{"region":1,"fire_occurred":0,"prediction":0.1794}},{"type":"Feature","geometry":{"type":"Point","coordinates":[134.2,-15.4]},"properties":{"region":1,"fire_occurred":0,"prediction":0.1837}},{"type":"Feature","geometry":{"type":"Point","coordinates":[134.2,-15.3]},"properties":{"region":1,"fire_occurred":0,"prediction":0.1696}},{"type":"Feature","geometry":{"type":"Point","coordinates":[134.2,-15.2]},"properties":{"region":1,"fire_occurred":0,"prediction":0.2046}},{"type":"Feature","geometry":{"type":"Point","coordinates":[134.2,-15.1]},"properties":{"region":1,"fire_occurred":0,"prediction":0.1876}},{"type":"Feature","geometry":{"type":"Point","coordinates":[134.2,-15.0]},"properties":{"region":1,"fire_occurred":0,"prediction":0.2982}},{"type":"Feature","geometry":{"type":"Point","coordinates":[134.2,-14.9]},"properties":{"region":1,"fire_occurred":0,"prediction":0.2177}},{"type":"Feature","geometry":{"type":"Point","coordinates":[134.2,-14.8]},"properties":{"region":1,"fire_occurred":0,"prediction":0.2007}},{"type":"Feature","geometry":{"type":"Point","coordinates":[134.2,-14.4]},"properties":{"region":1,"fire_occurred":0,"prediction":0.2537}},{"type":"Feature","geometry":{"type":"Point","coordinates":[134.2,-14.3]},"properties":{"region":1,"fire_occurred":1,"prediction":0.3004}},{"type":"Feature","geometry":{"type":"Point","coordinates":[134.2,-14.2]},"properties":{"region":1,"fire_occurred":1,"prediction":0.328}},{"type":"Feature","geometry":{"type":"Point","coordinates":[134.2,-14.1]},"properties":{"region":1,"fire_occurred":0,"prediction":0.128}},{"type":"Feature","geometry":{"type":"Point","coordinates":[134.2,-14.0]},"properties":{"region":1,"fire_occurred":0,"prediction":0.4729}},{"type":"Feature","geometry":{"type":"Point","coordinates":[134.2,-13.9]},"properties":{"region":1,"fire_occurred":0,"prediction":0.4044}},{"type":"Feature","geometry":{"type":"Point","coordinates":[134.2,-13.8]},"properties":{"region":1,"fire_occurred":0,"prediction":0.4689}},{"type":"Feature","geometry":{"type":"Point","coordinates":[134.2,-13.7]},"properties":{"region":1,"fire_occurred":1,"prediction":0.3585}},{"type":"Feature","geometry":{"type":"Point","coordinates":[134.2,-13.6]},"properties":{"region":1,"fire_occurred":0,"prediction":0.1328}},{"type":"Feature","geometry":{"type":"Point","coordinates":[134.2,-13.5]},"properties":{"region":1,"fire_occurred":0,"prediction":0.1026}},{"type":"Feature","geometry":{"type":"Point","coordinates":[134.2,-12.8]},"properties":{"region":1,"fire_occurred":0,"prediction":0.1117}},{"type":"Feature","geometry":{"type":"Point","coordinates":[134.2,-12.7]},"properties":{"region":1,"fire_occurred":0,"prediction":0.1033}},{"type":"Feature","geometry":{"type":"Point","coordinates":[134.3,-15.7]},"properties":{"region":1,"fire_occurred":0,"prediction":0.1199}},{"type":"Feature","geometry":{"type":"Point","coordinates":[134.3,-15.6]},"properties":{"region":1,"fire_occurred":0,"prediction":0.1001}},{"type":"Feature","geometry":{"type":"Point","coordinates":[134.3,-15.4]},"properties":{"region":1,"fire_occurred":0,"prediction":0.1766}},{"type":"Feature","geometry":{"type":"Point","coordinates":[134.3,-15.3]},"properties":{"region":1,"fire_occurred":0,"prediction":0.1781}},{"type":"Feature","geometry":{"type":"Point","coordinates":[134.3,-15.2]},"properties":{"region":1,"fire_occurred":0,"prediction":0.2122}},{"type":"Feature","geometry":{"type":"Point","coordinates":[134.3,-15.1]},"properties":{"region":1,"fire_occurred":0,"prediction":0.1825}},{"type":"Feature","geometry":{"type":"Point","coordinates":[134.3,-14.8]},"properties":{"region":1,"fire_occurred":0,"prediction":0.1903}},{"type":"Feature","geometry":{"type":"Point","coordinates":[134.3,-14.5]},"properties":{"region":1,"fire_occurred":0,"prediction":0.2097}},{"type":"Feature","geometry":{"type":"Point","coordinates":[134.3,-14.4]},"properties":{"region":1,"fire_occurred":0,"prediction":0.2601}},{"type":"Feature","geometry":{"type":"Point","coordinates":[134.3,-14.3]},"properties":{"region":1,"fire_occurred":1,"prediction":0.2017}},{"type":"Feature","geometry":{"type":"Point","coordinates":[134.3,-14.2]},"properties":{"region":1,"fire_occurred":1,"prediction":0.1323}},{"type":"Feature","geometry":{"type":"Point","coordinates":[134.3,-14.1]},"properties":{"region":1,"fire_occurred":0,"prediction":0.3629}},{"type":"Feature","geometry":{"type":"Point","coordinates":[134.3,-13.6]},"properties":{"region":1,"fire_occurred":0,"prediction":0.1389}},{"type":"Feature","geometry":{"type":"Point","coordinates":[134.3,-13.5]},"properties":{"region":1,"fire_occurred":0,"prediction":0.1227}},{"type":"Feature","geometry":{"type":"Point","coordinates":[134.3,-12.8]},"properties":{"region":1,"fire_occurred":0,"prediction":0.1039}},{"type":"Feature","geometry":{"type":"Point","coordinates":[134.3,-12.5]},"properties":{"region":1,"fire_occurred":0,"prediction":0.1671}},{"type":"Feature","geometry":{"type":"Point","coordinates":[134.4,-15.8]},"properties":{"region":1,"fire_occurred":0,"prediction":0.1056}},{"type":"Feature","geometry":{"type":"Point","coordinates":[134.4,-15.6]},"properties":{"region":1,"fire_occurred":0,"prediction":0.1013}},{"type":"Feature","geometry":{"type":"Point","coordinates":[134.4,-15.4]},"properties":{"region":1,"fire_occurred":0,"prediction":0.1738}},{"type":"Feature","geometry":{"type":"Point","coordinates":[134.4,-15.3]},"properties":{"region":1,"fire_occurred":0,"prediction":0.1816}},{"type":"Feature","geometry":{"type":"Point","coordinates":[134.4,-15.2]},"properties":{"region":1,"fire_occurred":0,"prediction":0.1482}},{"type":"Feature","geometry":{"type":"Point","coordinates":[134.4,-15.1]},"properties":{"region":1,"fire_occurred":0,"prediction":0.1388}},{"type":"Feature","geometry":{"type":"Point","coordinates":[134.4,-14.9]},"properties":{"region":1,"fire_occurred":0,"prediction":0.1807}},{"type":"Feature","geometry":{"type":"Point","coordinates":[134.4,-14.8]},"properties":{"region":1,"fire_occurred":0,"prediction":0.2355}},{"type":"Feature","geometry":{"type":"Point","coordinates":[134.4,-14.7]},"properties":{"region":1,"fire_occurred":1,"prediction":0.0621}},{"type":"Feature","geometry":{"type":"Point","coordinates":[134.4,-14.6]},"properties":{"region":1,"fire_occurred":0,"prediction":0.1823}},{"type":"Feature","geometry":{"type":"Point","coordinates":[134.4,-14.5]},"properties":{"region":1,"fire_occurred":0,"prediction":0.1354}},{"type":"Feature","geometry":{"type":"Point","coordinates":[134.4,-14.4]},"properties":{"region":1,"fire_occurred":0,"prediction":0.2051}},{"type":"Feature","geometry":{"type":"Point","coordinates":[134.4,-14.3]},"properties":{"region":1,"fire_occurred":1,"prediction":0.1273}},{"type":"Feature","geometry":{"type":"Point","coordinates":[134.4,-14.2]},"properties":{"region":1,"fire_occurred":1,"prediction":0.1155}},{"type":"Feature","geometry":{"type":"Point","coordinates":[134.4,-14.1]},"properties":{"region":1,"fire_occurred":1,"prediction":0.103}},{"type":"Feature","geometry":{"type":"Point","coordinates":[134.5,-15.8]},"properties":{"region":1,"fire_occurred":0,"prediction":0.1244}},{"type":"Feature","geometry":{"type":"Point","coordinates":[134.5,-15.4]},"properties":{"region":1,"fire_occurred":0,"prediction":0.1288}},{"type":"Feature","geometry":{"type":"Point","coordinates":[134.5,-15.3]},"properties":{"region":1,"fire_occurred":0,"prediction":0.2122}},{"type":"Feature","geometry":{"type":"Point","coordinates":[134.5,-15.2]},"properties":{"region":1,"fire_occurred":0,"prediction":0.1337}},{"type":"Feature","geometry":{"type":"Point","coordinates":[134.5,-15.1]},"properties":{"region":1,"fire_occurred":0,"prediction":0.1349}},{"type":"Feature","geometry":{"type":"Point","coordinates":[134.5,-15.0]},"properties":{"region":1,"fire_occurred":0,"prediction":0.1342}},{"type":"Feature","geometry":{"type":"Point","coordinates":[134.5,-14.9]},"properties":{"region":1,"fire_occurred":0,"prediction":0.219}},{"type":"Feature","geometry":{"type":"Point","coordinates":[134.5,-14.8]},"properties":{"region":1,"fire_occurred":0,"prediction":0.1686}},{"type":"Feature","geometry":{"type":"Point","coordinates":[134.5,-14.7]},"properties":{"region":1,"fire_occurred":0,"prediction":0.1086}},{"type":"Feature","geometry":{"type":"Point","coordinates":[134.5,-14.5]},"properties":{"region":1,"fire_occurred":0,"prediction":0.2489}},{"type":"Feature","geometry":{"type":"Point","coordinates":[134.5,-14.4]},"properties":{"region":1,"fire_occurred":0,"prediction":0.19}},{"type":"Feature","geometry":{"type":"Point","coordinates":[134.5,-14.3]},"properties":{"region":1,"fire_occurred":1,"prediction":0.1157}},{"type":"Feature","geometry":{"type":"Point","coordinates":[134.5,-14.2]},"properties":{"region":1,"fire_occurred":1,"prediction":0.1164}},{"type":"Feature","geometry":{"type":"Point","coordinates":[134.5,-14.1]},"properties":{"region":1,"fire_occurred":0,"prediction":0.1212}},{"type":"Feature","geometry":{"type":"Point","coordinates":[134.5,-14.0]},"properties":{"region":1,"fire_occurred":0,"prediction":0.1111}},{"type":"Feature","geometry":{"type":"Point","coordinates":[134.6,-16.0]},"properties":{"region":1,"fire_occurred":0,"prediction":0.1221}},{"type":"Feature","geometry":{"type":"Point","coordinates":[134.6,-15.3]},"properties":{"region":1,"fire_occurred":0,"prediction":0.1636}},{"type":"Feature","geometry":{"type":"Point","coordinates":[134.6,-15.2]},"properties":{"region":1,"fire_occurred":0,"prediction":0.152}},{"type":"Feature","geometry":{"type":"Point","coordinates":[134.6,-15.1]},"properties":{"region":1,"fire_occurred":0,"prediction":0.16}},{"type":"Feature","geometry":{"type":"Point","coordinates":[134.6,-15.0]},"properties":{"region":1,"fire_occurred":0,"prediction":0.1825}},{"type":"Feature","geometry":{"type":"Point","coordinates":[134.6,-14.9]},"properties":{"region":1,"fire_occurred":0,"prediction":0.2105}},{"type":"Feature","geometry":{"type":"Point","coordinates":[134.6,-14.8]},"properties":{"region":1,"fire_occurred":0,"prediction":0.1326}},{"type":"Feature","geometry":{"type":"Point","coordinates":[134.6,-14.7]},"properties":{"region":1,"fire_occurred":0,"prediction":0.2216}},{"type":"Feature","geometry":{"type":"Point","coordinates":[134.6,-14.6]},"properties":{"region":1,"fire_occurred":0,"prediction":0.1406}},{"type":"Feature","geometry":{"type":"Point","coordinates":[134.6,-14.5]},"properties":{"region":1,"fire_occurred":0,"prediction":0.2249}},{"type":"Feature","geometry":{"type":"Point","coordinates":[134.6,-14.4]},"properties":{"region":1,"fire_occurred":0,"prediction":0.1024}},{"type":"Feature","geometry":{"type":"Point","coordinates":[134.6,-14.3]},"properties":{"region":1,"fire_occurred":0,"prediction":0.1373}},{"type":"Feature","geometry":{"type":"Point","coordinates":[134.7,-16.0]},"properties":{"region":1,"fire_occurred":0,"prediction":0.1585}},{"type":"Feature","geometry":{"type":"Point","coordinates":[134.7,-15.3]},"properties":{"region":1,"fire_occurred":0,"prediction":0.1459}},{"type":"Feature","geometry":{"type":"Point","coordinates":[134.7,-15.2]},"properties":{"region":1,"fire_occurred":0,"prediction":0.1608}},{"type":"Feature","geometry":{"type":"Point","coordinates":[134.7,-15.1]},"properties":{"region":1,"fire_occurred":0,"prediction":0.2025}},{"type":"Feature","geometry":{"type":"Point","coordinates":[134.7,-15.0]},"properties":{"region":1,"fire_occurred":0,"prediction":0.2563}},{"type":"Feature","geometry":{"type":"Point","coordinates":[134.7,-14.9]},"properties":{"region":1,"fire_occurred":0,"prediction":0.2355}},{"type":"Feature","geometry":{"type":"Point","coordinates":[134.7,-14.8]},"properties":{"region":1,"fire_occurred":0,"prediction":0.2114}},{"type":"Feature","geometry":{"type":"Point","coordinates":[134.7,-14.7]},"properties":{"region":1,"fire_occurred":0,"prediction":0.1384}},{"type":"Feature","geometry":{"type":"Point","coordinates":[134.7,-14.6]},"properties":{"region":1,"fire_occurred":0,"prediction":0.1508}},{"type":"Feature","geometry":{"type":"Point","coordinates":[134.7,-14.5]},"properties":{"region":1,"fire_occurred":0,"prediction":0.1965}},{"type":"Feature","geometry":{"type":"Point","coordinates":[134.7,-14.4]},"properties":{"region":1,"fire_occurred":0,"prediction":0.1522}},{"type":"Feature","geometry":{"type":"Point","coordinates":[134.7,-14.3]},"properties":{"region":1,"fire_occurred":0,"prediction":0.1176}},{"type":"Feature","geometry":{"type":"Point","coordinates":[134.7,-14.1]},"properties":{"region":1,"fire_occurred":0,"prediction":0.1013}},{"type":"Feature","geometry":{"type":"Point","coordinates":[134.8,-16.0]},"properties":{"region":1,"fire_occurred":0,"prediction":0.1764}},{"type":"Feature","geometry":{"type":"Point","coordinates":[134.8,-15.3]},"properties":{"region":1,"fire_occurred":0,"prediction":0.1293}},{"type":"Feature","geometry":{"type":"Point","coordinates":[134.8,-15.2]},"properties":{"region":1,"fire_occurred":0,"prediction":0.1944}},{"type":"Feature","geometry":{"type":"Point","coordinates":[134.8,-15.1]},"properties":{"region":1,"fire_occurred":0,"prediction":0.1995}},{"type":"Feature","geometry":{"type":"Point","coordinates":[134.8,-15.0]},"properties":{"region":1,"fire_occurred":0,"prediction":0.2515}},{"type":"Feature","geometry":{"type":"Point","coordinates":[134.8,-14.9]},"properties":{"region":1,"fire_occurred":0,"prediction":0.199}},{"type":"Feature","geometry":{"type":"Point","coordinates":[134.8,-14.8]},"properties":{"region":1,"fire_occurred":1,"prediction":0.2318}},{"type":"Feature","geometry":{"type":"Point","coordinates":[134.8,-14.7]},"properties":{"region":1,"fire_occurred":0,"prediction":0.3528}},{"type":"Feature","geometry":{"type":"Point","coordinates":[134.8,-14.5]},"properties":{"region":1,"fire_occurred":0,"prediction":0.1668}},{"type":"Feature","geometry":{"type":"Point","coordinates":[134.8,-14.4]},"properties":{"region":1,"fire_occurred":0,"prediction":0.1072}},{"type":"Feature","geometry":{"type":"Point","coordinates":[134.8,-14.2]},"properties":{"region":1,"fire_occurred":0,"prediction":0.1034}},{"type":"Feature","geometry":{"type":"Point","coordinates":[134.8,-14.1]},"properties":{"region":1,"fire_occurred":0,"prediction":0.1006}},{"type":"Feature","geometry":{"type":"Point","coordinates":[134.9,-15.3]},"properties":{"region":1,"fire_occurred":0,"prediction":0.102}},{"type":"Feature","geometry":{"type":"Point","coordinates":[134.9,-15.2]},"properties":{"region":1,"fire_occurred":0,"prediction":0.2363}},{"type":"Feature","geometry":{"type":"Point","coordinates":[134.9,-15.1]},"properties":{"region":1,"fire_occurred":0,"prediction":0.267}},{"type":"Feature","geometry":{"type":"Point","coordinates":[134.9,-15.0]},"properties":{"region":1,"fire_occurred":0,"prediction":0.2428}},{"type":"Feature","geometry":{"type":"Point","coordinates":[134.9,-14.9]},"properties":{"region":1,"fire_occurred":0,"prediction":0.2327}},{"type":"Feature","geometry":{"type":"Point","coordinates":[134.9,-14.8]},"properties":{"region":1,"fire_occurred":0,"prediction":0.1324}},{"type":"Feature","geometry":{"type":"Point","coordinates":[134.9,-14.7]},"properties":{"region":1,"fire_occurred":0,"prediction":0.12}},{"type":"Feature","geometry":{"type":"Point","coordinates":[134.9,-14.6]},"properties":{"region":1,"fire_occurred":0,"prediction":0.1524}},{"type":"Feature","geometry":{"type":"Point","coordinates":[134.9,-14.5]},"properties":{"region":1,"fire_occurred":0,"prediction":0.1421}},{"type":"Feature","geometry":{"type":"Point","coordinates":[135.0,-15.2]},"properties":{"region":1,"fire_occurred":0,"prediction":0.2433}},{"type":"Feature","geometry":{"type":"Point","coordinates":[135.0,-15.1]},"properties":{"region":1,"fire_occurred":0,"prediction":0.2578}},{"type":"Feature","geometry":{"type":"Point","coordinates":[135.0,-15.0]},"properties":{"region":1,"fire_occurred":0,"prediction":0.2259}},{"type":"Feature","geometry":{"type":"Point","coordinates":[135.0,-14.9]},"properties":{"region":1,"fire_occurred":0,"prediction":0.2105}},{"type":"Feature","geometry":{"type":"Point","coordinates":[135.0,-14.7]},"properties":{"region":1,"fire_occurred":0,"prediction":0.1018}},{"type":"Feature","geometry":{"type":"Point","coordinates":[135.0,-14.6]},"properties":{"region":1,"fire_occurred":0,"prediction":0.1423}},{"type":"Feature","geometry":{"type":"Point","coordinates":[135.0,-14.5]},"properties":{"region":1,"fire_occurred":0,"prediction":0.1358}},{"type":"Feature","geometry":{"type":"Point","coordinates":[135.1,-15.2]},"properties":{"region":1,"fire_occurred":0,"prediction":0.3029}},{"type":"Feature","geometry":{"type":"Point","coordinates":[135.1,-15.1]},"properties":{"region":1,"fire_occurred":0,"prediction":0.2634}},{"type":"Feature","geometry":{"type":"Point","coordinates":[135.1,-15.0]},"properties":{"region":1,"fire_occurred":0,"prediction":0.1327}},{"type":"Feature","geometry":{"type":"Point","coordinates":[135.1,-14.9]},"properties":{"region":1,"fire_occurred":0,"prediction":0.1315}},{"type":"Feature","geometry":{"type":"Point","coordinates":[135.1,-14.1]},"properties":{"region":1,"fire_occurred":0,"prediction":0.1044}},{"type":"Feature","geometry":{"type":"Point","coordinates":[135.2,-16.0]},"properties":{"region":1,"fire_occurred":0,"prediction":0.1212}},{"type":"Feature","geometry":{"type":"Point","coordinates":[135.2,-15.7]},"properties":{"region":1,"fire_occurred":0,"prediction":0.1172}},{"type":"Feature","geometry":{"type":"Point","coordinates":[135.2,-15.4]},"properties":{"region":1,"fire_occurred":0,"prediction":0.1643}},{"type":"Feature","geometry":{"type":"Point","coordinates":[135.2,-15.3]},"properties":{"region":1,"fire_occurred":0,"prediction":0.2026}},{"type":"Feature","geometry":{"type":"Point","coordinates":[135.2,-15.2]},"properties":{"region":1,"fire_occurred":0,"prediction":0.16}},{"type":"Feature","geometry":{"type":"Point","coordinates":[135.2,-15.1]},"properties":{"region":1,"fire_occurred":0,"prediction":0.1475}},{"type":"Feature","geometry":{"type":"Point","coordinates":[135.2,-15.0]},"properties":{"region":1,"fire_occurred":0,"prediction":0.1229}},{"type":"Feature","geometry":{"type":"Point","coordinates":[135.3,-16.0]},"properties":{"region":1,"fire_occurred":0,"prediction":0.1205}},{"type":"Feature","geometry":{"type":"Point","coordinates":[135.3,-15.9]},"properties":{"region":1,"fire_occurred":0,"prediction":0.17}},{"type":"Feature","geometry":{"type":"Point","coordinates":[135.3,-15.8]},"properties":{"region":1,"fire_occurred":1,"prediction":0.0313}},{"type":"Feature","geometry":{"type":"Point","coordinates":[135.3,-15.7]},"properties":{"region":1,"fire_occurred":0,"prediction":0.113}},{"type":"Feature","geometry":{"type":"Point","coordinates":[135.3,-15.4]},"properties":{"region":1,"fire_occurred":0,"prediction":0.112}},{"type":"Feature","geometry":{"type":"Point","coordinates":[135.3,-15.3]},"properties":{"region":1,"fire_occurred":0,"prediction":0.1816}},{"type":"Feature","geometry":{"type":"Point","coordinates":[135.3,-15.2]},"properties":{"region":1,"fire_occurred":0,"prediction":0.1594}},{"type":"Feature","geometry":{"type":"Point","coordinates":[135.3,-15.1]},"properties":{"region":1,"fire_occurred":0,"prediction":0.1177}},{"type":"Feature","geometry":{"type":"Point","coordinates":[135.3,-14.8]},"properties":{"region":1,"fire_occurred":0,"prediction":0.1341}},{"type":"Feature","geometry":{"type":"Point","coordinates":[135.4,-16.0]},"properties":{"region":1,"fire_occurred":0,"prediction":0.114}},{"type":"Feature","geometry":{"type":"Point","coordinates":[135.4,-15.9]},"properties":{"region":1,"fire_occurred":0,"prediction":0.2811}},{"type":"Feature","geometry":{"type":"Point","coordinates":[135.4,-15.8]},"properties":{"region":1,"fire_occurred":0,"prediction":0.2402}},{"type":"Feature","geometry":{"type":"Point","coordinates":[135.4,-15.7]},"properties":{"region":1,"fire_occurred":0,"prediction":0.3338}},{"type":"Feature","geometry":{"type":"Point","coordinates":[135.4,-15.6]},"properties":{"region":1,"fire_occurred":0,"prediction":0.1155}},{"type":"Feature","geometry":{"type":"Point","coordinates":[135.4,-15.5]},"properties":{"region":1,"fire_occurred":0,"prediction":0.1206}},{"type":"Feature","geometry":{"type":"Point","coordinates":[135.4,-15.4]},"properties":{"region":1,"fire_occurred":0,"prediction":0.1185}},{"type":"Feature","geometry":{"type":"Point","coordinates":[135.4,-15.3]},"properties":{"region":1,"fire_occurred":0,"prediction":0.2679}},{"type":"Feature","geometry":{"type":"Point","coordinates":[135.5,-15.9]},"properties":{"region":1,"fire_occurred":0,"prediction":0.1065}},{"type":"Feature","geometry":{"type":"Point","coordinates":[135.5,-15.8]},"properties":{"region":1,"fire_occurred":0,"prediction":0.1302}},{"type":"Feature","geometry":{"type":"Point","coordinates":[135.5,-15.7]},"properties":{"region":1,"fire_occurred":0,"prediction":0.1345}},{"type":"Feature","geometry":{"type":"Point","coordinates":[135.5,-15.6]},"properties":{"region":1,"fire_occurred":0,"prediction":0.1405}},{"type":"Feature","geometry":{"type":"Point","coordinates":[135.5,-15.5]},"properties":{"region":1,"fire_occurred":0,"prediction":0.1449}},{"type":"Feature","geometry":{"type":"Point","coordinates":[135.5,-15.4]},"properties":{"region":1,"fire_occurred":0,"prediction":0.1033}},{"type":"Feature","geometry":{"type":"Point","coordinates":[135.5,-15.3]},"properties":{"region":1,"fire_occurred":0,"prediction":0.1145}},{"type":"Feature","geometry":{"type":"Point","coordinates":[135.6,-15.8]},"properties":{"region":1,"fire_occurred":0,"prediction":0.1429}},{"type":"Feature","geometry":{"type":"Point","coordinates":[135.6,-15.6]},"properties":{"region":1,"fire_occurred":0,"prediction":0.1097}},{"type":"Feature","geometry":{"type":"Point","coordinates":[135.7,-15.7]},"properties":{"region":1,"fire_occurred":0,"prediction":0.1491}},{"type":"Feature","geometry":{"type":"Point","coordinates":[135.7,-15.6]},"properties":{"region":1,"fire_occurred":0,"prediction":0.1455}},{"type":"Feature","geometry":{"type":"Point","coordinates":[135.7,-15.5]},"properties":{"region":1,"fire_occurred":0,"prediction":0.1053}},{"type":"Feature","geometry":{"type":"Point","coordinates":[135.8,-15.7]},"properties":{"region":1,"fire_occurred":0,"prediction":0.15}},{"type":"Feature","geometry":{"type":"Point","coordinates":[135.8,-15.6]},"properties":{"region":1,"fire_occurred":0,"prediction":0.1683}},{"type":"Feature","geometry":{"type":"Point","coordinates":[135.8,-15.3]},"properties":{"region":1,"fire_occurred":0,"prediction":0.1027}},{"type":"Feature","geometry":{"type":"Point","coordinates":[135.9,-16.0]},"properties":{"region":1,"fire_occurred":0,"prediction":0.1099}},{"type":"Feature","geometry":{"type":"Point","coordinates":[135.9,-15.9]},"properties":{"region":1,"fire_occurred":0,"prediction":0.1064}},{"type":"Feature","geometry":{"type":"Point","coordinates":[135.9,-15.7]},"properties":{"region":1,"fire_occurred":0,"prediction":0.1016}},{"type":"Feature","geometry":{"type":"Point","coordinates":[135.9,-15.6]},"properties":{"region":1,"fire_occurred":0,"prediction":0.1396}},{"type":"Feature","geometry":{"type":"Point","coordinates":[136.0,-16.7]},"properties":{"region":1,"fire_occurred":0,"prediction":0.2616}},{"type":"Feature","geometry":{"type":"Point","coordinates":[136.0,-16.6]},"properties":{"region":1,"fire_occurred":0,"prediction":0.1103}},{"type":"Feature","geometry":{"type":"Point","coordinates":[136.0,-16.5]},"properties":{"region":1,"fire_occurred":0,"prediction":0.1417}},{"type":"Feature","geometry":{"type":"Point","coordinates":[136.0,-16.4]},"properties":{"region":1,"fire_occurred":0,"prediction":0.1774}},{"type":"Feature","geometry":{"type":"Point","coordinates":[136.0,-16.3]},"properties":{"region":1,"fire_occurred":0,"prediction":0.137}},{"type":"Feature","geometry":{"type":"Point","coordinates":[136.0,-15.8]},"properties":{"region":1,"fire_occurred":0,"prediction":0.1085}},{"type":"Feature","geometry":{"type":"Point","coordinates":[136.0,-15.7]},"properties":{"region":1,"fire_occurred":0,"prediction":0.1021}},{"type":"Feature","geometry":{"type":"Point","coordinates":[136.0,-15.6]},"properties":{"region":1,"fire_occurred":0,"prediction":0.1083}},{"type":"Feature","geometry":{"type":"Point","coordinates":[136.1,-16.6]},"properties":{"region":1,"fire_occurred":0,"prediction":0.1077}},{"type":"Feature","geometry":{"type":"Point","coordinates":[136.1,-16.4]},"properties":{"region":1,"fire_occurred":0,"prediction":0.1132}},{"type":"Feature","geometry":{"type":"Point","coordinates":[136.1,-16.2]},"properties":{"region":1,"fire_occurred":1,"prediction":0.024}},{"type":"Feature","geometry":{"type":"Point","coordinates":[136.1,-16.1]},"properties":{"region":1,"fire_occurred":1,"prediction":0.0517}},{"type":"Feature","geometry":{"type":"Point","coordinates":[136.2,-16.7]},"properties":{"region":1,"fire_occurred":0,"prediction":0.1422}},{"type":"Feature","geometry":{"type":"Point","coordinates":[136.2,-16.6]},"properties":{"region":1,"fire_occurred":0,"prediction":0.1301}},{"type":"Feature","geometry":{"type":"Point","coordinates":[136.2,-16.1]},"properties":{"region":1,"fire_occurred":0,"prediction":0.2801}},{"type":"Feature","geometry":{"type":"Point","coordinates":[136.2,-16.0]},"properties":{"region":1,"fire_occurred":1,"prediction":0.3023}},{"type":"Feature","geometry":{"type":"Point","coordinates":[136.3,-16.2]},"properties":{"region":1,"fire_occurred":1,"prediction":0.0165}},{"type":"Feature","geometry":{"type":"Point","coordinates":[136.4,-16.4]},"properties":{"region":1,"fire_occurred":0,"prediction":0.1111}},{"type":"Feature","geometry":{"type":"Point","coordinates":[136.4,-16.3]},"properties":{"region":1,"fire_occurred":0,"prediction":0.1274}},{"type":"Feature","geometry":{"type":"Point","coordinates":[136.5,-16.3]},"properties":{"region":1,"fire_occurred":0,"prediction":0.1549}},{"type":"Feature","geometry":{"type":"Point","coordinates":[136.6,-16.9]},"properties":{"region":1,"fire_occurred":0,"prediction":0.1677}},{"type":"Feature","geometry":{"type":"Point","coordinates":[136.6,-16.6]},"properties":{"region":1,"fire_occurred":0,"prediction":0.1945}},{"type":"Feature","geometry":{"type":"Point","coordinates":[136.6,-16.2]},"properties":{"region":1,"fire_occurred":0,"prediction":0.1337}},{"type":"Feature","geometry":{"type":"Point","coordinates":[136.7,-16.8]},"properties":{"region":1,"fire_occurred":0,"prediction":0.3117}},{"type":"Feature","geometry":{"type":"Point","coordinates":[136.7,-16.7]},"properties":{"region":1,"fire_occurred":1,"prediction":0.1722}},{"type":"Feature","geometry":{"type":"Point","coordinates":[136.7,-16.6]},"properties":{"region":1,"fire_occurred":0,"prediction":0.127}},{"type":"Feature","geometry":{"type":"Point","coordinates":[136.7,-16.5]},"properties":{"region":1,"fire_occurred":0,"prediction":0.1201}},{"type":"Feature","geometry":{"type":"Point","coordinates":[136.8,-16.8]},"properties":{"region":1,"fire_occurred":0,"prediction":0.3209}},{"type":"Feature","geometry":{"type":"Point","coordinates":[136.8,-16.7]},"properties":{"region":1,"fire_occurred":0,"prediction":0.1387}},{"type":"Feature","geometry":{"type":"Point","coordinates":[136.8,-16.6]},"properties":{"region":1,"fire_occurred":0,"prediction":0.2222}},{"type":"Feature","geometry":{"type":"Point","coordinates":[136.8,-16.4]},"properties":{"region":1,"fire_occurred":0,"prediction":0.1223}},{"type":"Feature","geometry":{"type":"Point","coordinates":[136.8,-16.3]},"properties":{"region":1,"fire_occurred":0,"prediction":0.1227}},{"type":"Feature","geometry":{"type":"Point","coordinates":[136.9,-17.0]},"properties":{"region":1,"fire_occurred":0,"prediction":0.2282}},{"type":"Feature","geometry":{"type":"Point","coordinates":[136.9,-16.9]},"properties":{"region":1,"fire_occurred":0,"prediction":0.2624}},{"type":"Feature","geometry":{"type":"Point","coordinates":[136.9,-16.8]},"properties":{"region":1,"fire_occurred":1,"prediction":0.4777}},{"type":"Feature","geometry":{"type":"Point","coordinates":[136.9,-16.7]},"properties":{"region":1,"fire_occurred":0,"prediction":0.2084}},{"type":"Feature","geometry":{"type":"Point","coordinates":[136.9,-16.6]},"properties":{"region":1,"fire_occurred":0,"prediction":0.2021}},{"type":"Feature","geometry":{"type":"Point","coordinates":[136.9,-16.5]},"properties":{"region":1,"fire_occurred":0,"prediction":0.1948}},{"type":"Feature","geometry":{"type":"Point","coordinates":[136.9,-16.4]},"properties":{"region":1,"fire_occurred":0,"prediction":0.3413}},{"type":"Feature","geometry":{"type":"Point","coordinates":[136.9,-16.3]},"properties":{"region":1,"fire_occurred":0,"prediction":0.3199}},{"type":"Feature","geometry":{"type":"Point","coordinates":[137.0,-17.0]},"properties":{"region":1,"fire_occurred":0,"prediction":0.1326}},{"type":"Feature","geometry":{"type":"Point","coordinates":[137.0,-16.7]},"properties":{"region":1,"fire_occurred":0,"prediction":0.3148}},{"type":"Feature","geometry":{"type":"Point","coordinates":[137.0,-16.6]},"properties":{"region":1,"fire_occurred":0,"prediction":0.2825}},{"type":"Feature","geometry":{"type":"Point","coordinates":[137.0,-16.5]},"properties":{"region":1,"fire_occurred":1,"prediction":0.5885}},{"type":"Feature","geometry":{"type":"Point","coordinates":[137.0,-16.4]},"properties":{"region":1,"fire_occurred":1,"prediction":0.1329}},{"type":"Feature","geometry":{"type":"Point","coordinates":[137.0,-16.3]},"properties":{"region":1,"fire_occurred":0,"prediction":0.2844}},{"type":"Feature","geometry":{"type":"Point","coordinates":[137.1,-17.0]},"properties":{"region":1,"fire_occurred":0,"prediction":0.2777}},{"type":"Feature","geometry":{"type":"Point","coordinates":[137.1,-16.9]},"properties":{"region":1,"fire_occurred":0,"prediction":0.2652}},{"type":"Feature","geometry":{"type":"Point","coordinates":[137.1,-16.8]},"properties":{"region":1,"fire_occurred":0,"prediction":0.1149}},{"type":"Feature","geometry":{"type":"Point","coordinates":[137.1,-16.7]},"properties":{"region":1,"fire_occurred":0,"prediction":0.1035}},{"type":"Feature","geometry":{"type":"Point","coordinates":[137.1,-16.6]},"properties":{"region":1,"fire_occurred":0,"prediction":0.1263}},{"type":"Feature","geometry":{"type":"Point","coordinates":[137.1,-16.4]},"properties":{"region":1,"fire_occurred":0,"prediction":0.3232}},{"type":"Feature","geometry":{"type":"Point","coordinates":[137.2,-17.0]},"properties":{"region":1,"fire_occurred":0,"prediction":0.29}},{"type":"Feature","geometry":{"type":"Point","coordinates":[137.2,-16.9]},"properties":{"region":1,"fire_occurred":0,"prediction":0.1831}},{"type":"Feature","geometry":{"type":"Point","coordinates":[137.2,-16.8]},"properties":{"region":1,"fire_occurred":0,"prediction":0.2262}},{"type":"Feature","geometry":{"type":"Point","coordinates":[137.2,-16.7]},"properties":{"region":1,"fire_occurred":1,"prediction":0.5438}},{"type":"Feature","geometry":{"type":"Point","coordinates":[137.2,-16.6]},"properties":{"region":1,"fire_occurred":0,"prediction":0.4771}},{"type":"Feature","geometry":{"type":"Point","coordinates":[137.3,-17.0]},"properties":{"region":1,"fire_occurred":0,"prediction":0.2817}},{"type":"Feature","geometry":{"type":"Point","coordinates":[137.3,-16.9]},"properties":{"region":1,"fire_occurred":0,"prediction":0.2592}},{"type":"Feature","geometry":{"type":"Point","coordinates":[137.3,-16.8]},"properties":{"region":1,"fire_occurred":0,"prediction":0.405}},{"type":"Feature","geometry":{"type":"Point","coordinates":[137.3,-16.7]},"properties":{"region":1,"fire_occurred":1,"prediction":0.6581}},{"type":"Feature","geometry":{"type":"Point","coordinates":[137.3,-16.6]},"properties":{"region":1,"fire_occurred":0,"prediction":0.4884}},{"type":"Feature","geometry":{"type":"Point","coordinates":[137.3,-16.4]},"properties":{"region":1,"fire_occurred":0,"prediction":0.1499}},{"type":"Feature","geometry":{"type":"Point","coordinates":[137.4,-17.0]},"properties":{"region":1,"fire_occurred":0,"prediction":0.192}},{"type":"Feature","geometry":{"type":"Point","coordinates":[137.4,-16.9]},"properties":{"region":1,"fire_occurred":0,"prediction":0.1515}},{"type":"Feature","geometry":{"type":"Point","coordinates":[137.4,-16.8]},"properties":{"region":1,"fire_occurred":1,"prediction":0.5247}},{"type":"Feature","geometry":{"type":"Point","coordinates":[137.4,-16.7]},"properties":{"region":1,"fire_occurred":1,"prediction":0.4954}},{"type":"Feature","geometry":{"type":"Point","coordinates":[137.4,-16.6]},"properties":{"region":1,"fire_occurred":0,"prediction":0.5087}},{"type":"Feature","geometry":{"type":"Point","coordinates":[137.4,-16.3]},"properties":{"region":1,"fire_occurred":0,"prediction":0.166}},{"type":"Feature","geometry":{"type":"Point","coordinates":[137.5,-17.0]},"properties":{"region":1,"fire_occurred":0,"prediction":0.1874}},{"type":"Feature","geometry":{"type":"Point","coordinates":[137.5,-16.9]},"properties":{"region":1,"fire_occurred":0,"prediction":0.1376}},{"type":"Feature","geometry":{"type":"Point","coordinates":[137.5,-16.8]},"properties":{"region":1,"fire_occurred":1,"prediction":0.1133}},{"type":"Feature","geometry":{"type":"Point","coordinates":[137.5,-16.7]},"properties":{"region":1,"fire_occurred":0,"prediction":0.3649}},{"type":"Feature","geometry":{"type":"Point","coordinates":[137.5,-16.5]},"properties":{"region":1,"fire_occurred":0,"prediction":0.3325}},{"type":"Feature","geometry":{"type":"Point","coordinates":[137.5,-16.3]},"properties":{"region":1,"fire_occurred":0,"prediction":0.1569}},{"type":"Feature","geometry":{"type":"Point","coordinates":[137.6,-17.0]},"properties":{"region":1,"fire_occurred":0,"prediction":0.1725}},{"type":"Feature","geometry":{"type":"Point","coordinates":[137.6,-16.9]},"properties":{"region":1,"fire_occurred":0,"prediction":0.202}},{"type":"Feature","geometry":{"type":"Point","coordinates":[137.6,-16.8]},"properties":{"region":1,"fire_occurred":0,"prediction":0.213}},{"type":"Feature","geometry":{"type":"Point","coordinates":[137.6,-16.5]},"properties":{"region":1,"fire_occurred":0,"prediction":0.2773}},{"type":"Feature","geometry":{"type":"Point","coordinates":[137.7,-17.0]},"properties":{"region":1,"fire_occurred":0,"prediction":0.1103}},{"type":"Feature","geometry":{"type":"Point","coordinates":[137.7,-16.9]},"properties":{"region":1,"fire_occurred":0,"prediction":0.1433}},{"type":"Feature","geometry":{"type":"Point","coordinates":[137.7,-16.8]},"properties":{"region":1,"fire_occurred":0,"prediction":0.1685}},{"type":"Feature","geometry":{"type":"Point","coordinates":[137.8,-16.9]},"properties":{"region":1,"fire_occurred":0,"prediction":0.1412}},{"type":"Feature","geometry":{"type":"Point","coordinates":[137.8,-16.8]},"properties":{"region":1,"fire_occurred":0,"prediction":0.1006}},{"type":"Feature","geometry":{"type":"Point","coordinates":[138.9,-17.0]},"properties":{"region":1,"fire_occurred":0,"prediction":0.1272}},{"type":"Feature","geometry":{"type":"Point","coordinates":[142.0,-12.7]},"properties":{"region":1,"fire_occurred":1,"prediction":0.2786}},{"type":"Feature","geometry":{"type":"Point","coordinates":[144.3,-14.5]},"properties":{"region":1,"fire_occurred":0,"prediction":0.1163}},{"type":"Feature","geometry":{"type":"Point","coordinates":[145.7,-5.9]},"properties":{"region":1,"fire_occurred":1,"prediction":0.0344}},{"type":"Feature","geometry":{"type":"Point","coordinates":[146.7,-6.6]},"properties":{"region":1,"fire_occurred":1,"prediction":0.0912}},{"type":"Feature","geometry":{"type":"Point","coordinates":[150.9,-6.0]},"properties":{"region":1,"fire_occurred":1,"prediction":0.0001}},{"type":"Feature","geometry":{"type":"Point","coordinates":[-119.4,44.2]},"properties":{"region":2,"fire_occurred":0,"prediction":0.1739}},{"type":"Feature","geometry":{"type":"Point","coordinates":[-118.1,44.6]},"properties":{"region":2,"fire_occurred":0,"prediction":0.1074}},{"type":"Feature","geometry":{"type":"Point","coordinates":[-118.0,47.9]},"properties":{"region":2,"fire_occurred":0,"prediction":0.1141}},{"type":"Feature","geometry":{"type":"Point","coordinates":[-116.5,44.9]},"properties":{"region":2,"fire_occurred":0,"prediction":0.2424}},{"type":"Feature","geometry":{"type":"Point","coordinates":[-116.2,44.1]},"properties":{"region":2,"fire_occurred":0,"prediction":0.1828}},{"type":"Feature","geometry":{"type":"Point","coordinates":[-112.5,34.0]},"properties":{"region":2,"fire_occurred":0,"prediction":0.2974}},{"type":"Feature","geometry":{"type":"Point","coordinates":[-112.5,34.1]},"properties":{"region":2,"fire_occurred":0,"prediction":0.255}},{"type":"Feature","geometry":{"type":"Point","coordinates":[-112.4,34.0]},"properties":{"region":2,"fire_occurred":0,"prediction":0.3324}},{"type":"Feature","geometry":{"type":"Point","coordinates":[-111.8,33.4]},"properties":{"region":2,"fire_occurred":1,"prediction":0.0329}},{"type":"Feature","geometry":{"type":"Point","coordinates":[-111.6,33.8]},"properties":{"region":2,"fire_occurred":0,"prediction":0.2494}},{"type":"Feature","geometry":{"type":"Point","coordinates":[-110.9,33.4]},"properties":{"region":2,"fire_occurred":0,"prediction":0.2036}},{"type":"Feature","geometry":{"type":"Point","coordinates":[-110.8,33.5]},"properties":{"region":2,"fire_occurred":0,"prediction":0.1294}},{"type":"Feature","geometry":{"type":"Point","coordinates":[-109.7,30.4]},"properties":{"region":2,"fire_occurred":0,"prediction":0.223}},{"type":"Feature","geometry":{"type":"Point","coordinates":[-109.5,29.0]},"properties":{"region":2,"fire_occurred":1,"prediction":0.006}},{"type":"Feature","geometry":{"type":"Point","coordinates":[-108.9,28.2]},"properties":{"region":2,"fire_occurred":0,"prediction":0.151}},{"type":"Feature","geometry":{"type":"Point","coordinates":[-108.8,27.1]},"properties":{"region":2,"fire_occurred":1,"prediction":0.0609}},{"type":"Feature","geometry":{"type":"Point","coordinates":[-108.8,28.2]},"properties":{"region":2,"fire_occurred":0,"prediction":0.1523}},{"type":"Feature","geometry":{"type":"Point","coordinates":[-108.8,28.3]},"properties":{"region":2,"fire_occurred":0,"prediction":0.1376}},{"type":"Feature","geometry":{"type":"Point","coordinates":[-108.5,38.3]},"properties":{"region":2,"fire_occurred":0,"prediction":0.22}},{"type":"Feature","geometry":{"type":"Point","coordinates":[-108.3,26.2]},"properties":{"region":2,"fire_occurred":1,"prediction":0.0614}},{"type":"Feature","geometry":{"type":"Point","coordinates":[-108.1,33.4]},"properties":{"region":2,"fire_occurred":1,"prediction":0.0018}},{"type":"Feature","geometry":{"type":"Point","coordinates":[-107.9,26.1]},"properties":{"region":2,"fire_occurred":0,"prediction":0.1304}},{"type":"Feature","geometry":{"type":"Point","coordinates":[-107.6,25.3]},"properties":{"region":2,"fire_occurred":1,"prediction":0.0375}},{"type":"Feature","geometry":{"type":"Point","coordinates":[-107.6,25.4]},"properties":{"region":2,"fire_occurred":1,"prediction":0.0373}},{"type":"Feature","geometry":{"type":"Point","coordinates":[-107.6,25.6]},"properties":{"region":2,"fire_occurred":1,"prediction":0.2222}},{"type":"Feature","geometry":{"type":"Point","coordinates":[-107.5,25.0]},"properties":{"region":2,"fire_occurred":1,"prediction":0.0351}},{"type":"Feature","geometry":{"type":"Point","coordinates":[-107.5,25.1]},"properties":{"region":2,"fire_occurred":0,"prediction":0.1638}},{"type":"Feature","geometry":{"type":"Point","coordinates":[-107.5,25.3]},"properties":{"region":2,"fire_occurred":1,"prediction":0.1042}},{"type":"Feature","geometry":{"type":"Point","coordinates":[-107.4,25.3]},"properties":{"region":2,"fire_occurred":1,"prediction":0.0266}},{"type":"Feature","geometry":{"type":"Point","coordinates":[-107.4,25.6]},"properties":{"region":2,"fire_occurred":1,"prediction":0.1971}},{"type":"Feature","geometry":{"type":"Point","coordinates":[-107.2,25.0]},"properties":{"region":2,"fire_occurred":0,"prediction":0.1394}},{"type":"Feature","geometry":{"type":"Point","coordinates":[-107.1,25.0]},"properties":{"region":2,"fire_occurred":1,"prediction":0.0225}},{"type":"Feature","geometry":{"type":"Point","coordinates":[-107.0,25.0]},"properties":{"region":2,"fire_occurred":1,"prediction":0.0755}},{"type":"Feature","geometry":{"type":"Point","coordinates":[-107.0,25.1]},"properties":{"region":2,"fire_occurred":1,"prediction":0.0205}},{"type":"Feature","geometry":{"type":"Point","coordinates":[-106.5,34.5]},"properties":{"region":2,"fire_occurred":1,"prediction":0.0005}},{"type":"Feature","geometry":{"type":"Point","coordinates":[-106.4,34.5]},"properties":{"region":2,"fire_occurred":1,"prediction":0.0093}},{"type":"Feature","geometry":{"type":"Point","coordinates":[-106.2,26.8]},"properties":{"region":2,"fire_occurred":0,"prediction":0.1183}},{"type":"Feature","geometry":{"type":"Point","coordinates":[-106.2,26.9]},"properties":{"region":2,"fire_occurred":0,"prediction":0.1035}},{"type":"Feature","geometry":{"type":"Point","coordinates":[-105.6,35.5]},"properties":{"region":2,"fire_occurred":1,"prediction":0.0023}},{"type":"Feature","geometry":{"type":"Point","coordinates":[-101.5,26.8]},"properties":{"region":2,"fire_occurred":1,"prediction":0.3139}},{"type":"Feature","geometry":{"type":"Point","coordinates":[-101.1,19.0]},"properties":{"region":2,"fire_occurred":0,"prediction":0.1654}},{"type":"Feature","geometry":{"type":"Point","coordinates":[-100.7,19.1]},"properties":{"region":2,"fire_occurred":0,"prediction":0.1164}},{"type":"Feature","geometry":{"type":"Point","coordinates":[-100.6,19.1]},"properties":{"region":2,"fire_occurred":0,"prediction":0.1122}},{"type":"Feature","geometry":{"type":"Point","coordinates":[-100.3,25.8]},"properties":{"region":2,"fire_occurred":1,"prediction":0.0002}},{"type":"Feature","geometry":{"type":"Point","coordinates":[-99.1,26.4]},"properties":{"region":2,"fire_occurred":1,"prediction":0.0004}},{"type":"Feature","geometry":{"type":"Point","coordinates":[-98.8,21.7]},"properties":{"region":2,"fire_occurred":1,"prediction":0.0042}},{"type":"Feature","geometry":{"type":"Point","coordinates":[-98.0,21.9]},"properties":{"region":2,"fire_occurred":1,"prediction":0.0321}},{"type":"Feature","geometry":{"type":"Point","coordinates":[-97.5,20.5]},"properties":{"region":2,"fire_occurred":0,"prediction":0.2357}},{"type":"Feature","geometry":{"type":"Point","coordinates":[-96.7,19.0]},"properties":{"region":2,"fire_occurred":1,"prediction":0.016}},{"type":"Feature","geometry":{"type":"Point","coordinates":[-96.7,19.5]},"properties":{"region":2,"fire_occurred":1,"prediction":0.0167}},{"type":"Feature","geometry":{"type":"Point","coordinates":[-96.6,19.1]},"properties":{"region":2,"fire_occurred":1,"prediction":0.0461}},{"type":"Feature","geometry":{"type":"Point","coordinates":[-96.6,19.2]},"properties":{"region":2,"fire_occurred":1,"prediction":0.0321}},{"type":"Feature","geometry":{"type":"Point","coordinates":[-96.6,19.5]},"properties":{"region":2,"fire_occurred":1,"prediction":0.0159}},{"type":"Feature","geometry":{"type":"Point","coordinates":[-96.6,19.6]},"properties":{"region":2,"fire_occurred":1,"prediction":0.017}},{"type":"Feature","geometry":{"type":"Point","coordinates":[-96.6,19.7]},"properties":{"region":2,"fire_occurred":0,"prediction":0.1139}},{"type":"Feature","geometry":{"type":"Point","coordinates":[-96.5,19.3]},"properties":{"region":2,"fire_occurred":1,"prediction":0.0445}},{"type":"Feature","geometry":{"type":"Point","coordinates":[-96.4,18.5]},"properties":{"region":2,"fire_occurred":1,"prediction":0.0205}},{"type":"Feature","geometry":{"type":"Point","coordinates":[-96.3,18.9]},"properties":{"region":2,"fire_occurred":1,"prediction":0.0454}},{"type":"Feature","geometry":{"type":"Point","coordinates":[-96.2,18.5]},"properties":{"region":2,"fire_occurred":1,"prediction":0.3109}},{"type":"Feature","geometry":{"type":"Point","coordinates":[-96.1,18.3]},"properties":{"region":2,"fire_occurred":1,"prediction":0.0316}},{"type":"Feature","geometry":{"type":"Point","coordinates":[-71.9,-15.8]},"properties":{"region":2,"fire_occurred":0,"prediction":0.2097}},{"type":"Feature","geometry":{"type":"Point","coordinates":[-70.3,-27.5]},"properties":{"region":2,"fire_occurred":0,"prediction":0.1558}},{"type":"Feature","geometry":{"type":"Point","coordinates":[-68.9,-22.4]},"properties":{"region":2,"fire_occurred":1,"prediction":0.2209}},{"type":"Feature","geometry":{"type":"Point","coordinates":[-65.7,-27.5]},"properties":{"region":2,"fire_occurred":0,"prediction":0.1062}},{"type":"Feature","geometry":{"type":"Point","coordinates":[-65.3,-26.4]},"properties":{"region":2,"fire_occurred":1,"prediction":0.0573}},{"type":"Feature","geometry":{"type":"Point","coordinates":[-64.3,-17.3]},"properties":{"region":2,"fire_occurred":1,"prediction":0.0058}},{"type":"Feature","geometry":{"type":"Point","coordinates":[-64.0,-17.3]},"properties":{"region":2,"fire_occurred":1,"prediction":0.0096}},{"type":"Feature","geometry":{"type":"Point","coordinates":[-63.5,-27.0]},"properties":{"region":2,"fire_occurred":1,"prediction":0.018}},{"type":"Feature","geometry":{"type":"Point","coordinates":[-63.3,-18.2]},"properties":{"region":2,"fire_occurred":1,"prediction":0.142}},{"type":"Feature","geometry":{"type":"Point","coordinates":[-63.2,-18.9]},"properties":{"region":2,"fire_occurred":1,"prediction":0.0015}},{"type":"Feature","geometry":{"type":"Point","coordinates":[-62.8,-24.8]},"properties":{"region":2,"fire_occurred":1,"prediction":0.1434}},{"type":"Feature","geometry":{"type":"Point","coordinates":[-61.1,-21.7]},"properties":{"region":2,"fire_occurred":1,"prediction":0.0022}},{"type":"Feature","geometry":{"type":"Point","coordinates":[-61.0,-21.7]},"properties":{"region":2,"fire_occurred":1,"prediction":0.0668}},{"type":"Feature","geometry":{"type":"Point","coordinates":[-60.2,-20.7]},"properties":{"region":2,"fire_occurred":1,"prediction":0.0079}},{"type":"Feature","geometry":{"type":"Point","coordinates":[-42.4,-10.7]},"properties":{"region":2,"fire_occurred":1,"prediction":0.0057}},{"type":"Feature","geometry":{"type":"Point","coordinates":[-42.4,-10.6]},"properties":{"region":2,"fire_occurred":1,"prediction":0.0123}},{"type":"Feature","geometry":{"type":"Point","coordinates":[-41.7,-9.9]},"properties":{"region":2,"fire_occurred":1,"prediction":0.016}},{"type":"Feature","geometry":{"type":"Point","coordinates":[-4.9,14.4]},"properties":{"region":2,"fire_occurred":1,"prediction":0.009}},{"type":"Feature","geometry":{"type":"Point","coordinates":[-4.8,14.8]},"properties":{"region":2,"fire_occurred":0,"prediction":0.1207}},{"type":"Feature","geometry":{"type":"Point","coordinates":[-4.7,14.8]},"properties":{"region":2,"fire_occurred":0,"prediction":0.1215}},{"type":"Feature","geometry":{"type":"Point","coordinates":[-4.4,15.3]},"properties":{"region":2,"fire_occurred":0,"prediction":0.1122}},{"type":"Feature","geometry":{"type":"Point","coordinates":[-3.3,16.6]},"properties":{"region":2,"fire_occurred":1,"prediction":0.0007}},{"type":"Feature","geometry":{"type":"Point","coordinates":[2.5,14.9]},"properties":{"region":2,"fire_occurred":1,"prediction":0.0002}},{"type":"Feature","geometry":{"type":"Point","coordinates":[3.2,32.9]},"properties":{"region":2,"fire_occurred":0,"prediction":0.321}},{"type":"Feature","geometry":{"type":"Point","coordinates":[5.9,31.6]},"properties":{"region":2,"fire_occurred":0,"prediction":0.3041}},{"type":"Feature","geometry":{"type":"Point","coordinates":[6.0,31.6]},"properties":{"region":2,"fire_occurred":1,"prediction":0.8738}},{"type":"Feature","geometry":{"type":"Point","coordinates":[6.1,31.6]},"properties":{"region":2,"fire_occurred":1,"prediction":0.6932}},{"type":"Feature","geometry":{"type":"Point","coordinates":[6.2,31.6]},"properties":{"region":2,"fire_occurred":1,"prediction":0.1906}},{"type":"Feature","geometry":{"type":"Point","coordinates":[9.0,28.4]},"properties":{"region":2,"fire_occurred":0,"prediction":0.1099}},{"type":"Feature","geometry":{"type":"Point","coordinates":[10.8,14.8]},"properties":{"region":2,"fire_occurred":1,"prediction":0.0004}},{"type":"Feature","geometry":{"type":"Point","coordinates":[10.9,14.8]},"properties":{"region":2,"fire_occurred":1,"prediction":0.0004}},{"type":"Feature","geometry":{"type":"Point","coordinates":[12.2,26.5]},"properties":{"region":2,"fire_occurred":1,"prediction":0.2746}},{"type":"Feature","geometry":{"type":"Point","coordinates":[14.3,-7.6]},"properties":{"region":2,"fire_occurred":1,"prediction":0.0725}},{"type":"Feature","geometry":{"type":"Point","coordinates":[14.4,-7.4]},"properties":{"region":2,"fire_occurred":1,"prediction":0.0564}},{"type":"Feature","geometry":{"type":"Point","coordinates":[14.4,-6.9]},"properties":{"region":2,"fire_occurred":0,"prediction":0.1035}},{"type":"Feature","geometry":{"type":"Point","coordinates":[14.5,-7.9]},"properties":{"region":2,"fire_occurred":0,"prediction":0.1155}},{"type":"Feature","geometry":{"type":"Point","coordinates":[14.5,-7.8]},"properties":{"region":2,"fire_occurred":0,"prediction":0.1016}},{"type":"Feature","geometry":{"type":"Point","coordinates":[14.5,-7.5]},"properties":{"region":2,"fire_occurred":1,"prediction":0.0729}},{"type":"Feature","geometry":{"type":"Point","coordinates":[14.5,-7.4]},"properties":{"region":2,"fire_occurred":1,"prediction":0.0489}},{"type":"Feature","geometry":{"type":"Point","coordinates":[14.5,-7.2]},"properties":{"region":2,"fire_occurred":1,"prediction":0.1228}},{"type":"Feature","geometry":{"type":"Point","coordinates":[14.5,-7.1]},"properties":{"region":2,"fire_occurred":1,"prediction":0.1409}},{"type":"Feature","geometry":{"type":"Point","coordinates":[14.5,-7.0]},"properties":{"region":2,"fire_occurred":0,"prediction":0.1267}},{"type":"Feature","geometry":{"type":"Point","coordinates":[14.5,-6.8]},"properties":{"region":2,"fire_occurred":0,"prediction":0.108}},{"type":"Feature","geometry":{"type":"Point","coordinates":[14.5,-6.7]},"properties":{"region":2,"fire_occurred":0,"prediction":0.1657}},{"type":"Feature","geometry":{"type":"Point","coordinates":[14.6,-8.0]},"properties":{"region":2,"fire_occurred":0,"prediction":0.1164}},{"type":"Feature","geometry":{"type":"Point","coordinates":[14.6,-7.9]},"properties":{"region":2,"fire_occurred":0,"prediction":0.1758}},{"type":"Feature","geometry":{"type":"Point","coordinates":[14.6,-7.0]},"properties":{"region":2,"fire_occurred":0,"prediction":0.1193}},{"type":"Feature","geometry":{"type":"Point","coordinates":[14.6,-6.9]},"properties":{"region":2,"fire_occurred":0,"prediction":0.1267}},{"type":"Feature","geometry":{"type":"Point","coordinates":[14.6,-6.8]},"properties":{"region":2,"fire_occurred":0,"prediction":0.1201}},{"type":"Feature","geometry":{"type":"Point","coordinates":[14.6,-6.4]},"properties":{"region":2,"fire_occurred":0,"prediction":0.111}},{"type":"Feature","geometry":{"type":"Point","coordinates":[14.7,-8.1]},"properties":{"region":2,"fire_occurred":1,"prediction":0.1393}},{"type":"Feature","geometry":{"type":"Point","coordinates":[14.7,-7.3]},"properties":{"region":2,"fire_occurred":1,"prediction":0.1105}},{"type":"Feature","geometry":{"type":"Point","coordinates":[14.7,-7.2]},"properties":{"region":2,"fire_occurred":0,"prediction":0.1229}},{"type":"Feature","geometry":{"type":"Point","coordinates":[14.7,-7.1]},"properties":{"region":2,"fire_occurred":0,"prediction":0.1419}},{"type":"Feature","geometry":{"type":"Point","coordinates":[14.7,-6.4]},"properties":{"region":2,"fire_occurred":0,"prediction":0.1021}},{"type":"Feature","geometry":{"type":"Point","coordinates":[14.7,-6.3]},"properties":{"region":2,"fire_occurred":0,"prediction":0.1235}},{"type":"Feature","geometry":{"type":"Point","coordinates":[14.7,-6.1]},"properties":{"region":2,"fire_occurred":0,"prediction":0.1017}},{"type":"Feature","geometry":{"type":"Point","coordinates":[14.8,-12.4]},"properties":{"region":2,"fire_occurred":0,"prediction":0.1066}},{"type":"Feature","geometry":{"type":"Point","coordinates":[14.8,-11.6]},"properties":{"region":2,"fire_occurred":0,"prediction":0.1459}},{"type":"Feature","geometry":{"type":"Point","coordinates":[14.8,-8.4]},"properties":{"region":2,"fire_occurred":0,"prediction":0.113}},{"type":"Feature","geometry":{"type":"Point","coordinates":[14.8,-8.2]},"properties":{"region":2,"fire_occurred":0,"prediction":0.1991}},{"type":"Feature","geometry":{"type":"Point","coordinates":[14.8,-8.1]},"properties":{"region":2,"fire_occurred":0,"prediction":0.1333}},{"type":"Feature","geometry":{"type":"Point","coordinates":[14.8,-7.3]},"properties":{"region":2,"fire_occurred":1,"prediction":0.1623}},{"type":"Feature","geometry":{"type":"Point","coordinates":[14.8,-7.2]},"properties":{"region":2,"fire_occurred":0,"prediction":0.1402}},{"type":"Feature","geometry":{"type":"Point","coordinates":[14.9,-11.3]},"properties":{"region":2,"fire_occurred":0,"prediction":0.133}},{"type":"Feature","geometry":{"type":"Point","coordinates":[14.9,-9.1]},"properties":{"region":2,"fire_occurred":0,"prediction":0.1243}},{"type":"Feature","geometry":{"type":"Point","coordinates":[14.9,-8.6]},"properties":{"region":2,"fire_occurred":0,"prediction":0.1541}},{"type":"Feature","geometry":{"type":"Point","coordinates":[14.9,-8.5]},"properties":{"region":2,"fire_occurred":0,"prediction":0.149}},{"type":"Feature","geometry":{"type":"Point","coordinates":[14.9,-8.2]},"properties":{"region":2,"fire_occurred":0,"prediction":0.1393}},{"type":"Feature","geometry":{"type":"Point","coordinates":[14.9,-8.1]},"properties":{"region":2,"fire_occurred":0,"prediction":0.3938}},{"type":"Feature","geometry":{"type":"Point","coordinates":[14.9,-7.3]},"properties":{"region":2,"fire_occurred":1,"prediction":0.1012}},{"type":"Feature","geometry":{"type":"Point","coordinates":[14.9,-6.8]},"properties":{"region":2,"fire_occurred":0,"prediction":0.1369}},{"type":"Feature","geometry":{"type":"Point","coordinates":[14.9,-6.6]},"properties":{"region":2,"fire_occurred":1,"prediction":0.0419}},{"type":"Feature","geometry":{"type":"Point","coordinates":[14.9,-6.5]},"properties":{"region":2,"fire_occurred":0,"prediction":0.1243}},{"type":"Feature","geometry":{"type":"Point","coordinates":[14.9,-6.2]},"properties":{"region":2,"fire_occurred":0,"prediction":0.1635}},{"type":"Feature","geometry":{"type":"Point","coordinates":[14.9,-6.1]},"properties":{"region":2,"fire_occurred":0,"prediction":0.2298}},{"type":"Feature","geometry":{"type":"Point","coordinates":[15.0,-8.8]},"properties":{"region":2,"fire_occurred":0,"prediction":0.1612}},{"type":"Feature","geometry":{"type":"Point","coordinates":[15.0,-8.6]},"properties":{"region":2,"fire_occurred":0,"prediction":0.1465}},{"type":"Feature","geometry":{"type":"Point","coordinates":[15.0,-8.5]},"properties":{"region":2,"fire_occurred":0,"prediction":0.1005}},{"type":"Feature","geometry":{"type":"Point","coordinates":[15.0,-8.3]},"properties":{"region":2,"fire_occurred":0,"prediction":0.2115}},{"type":"Feature","geometry":{"type":"Point","coordinates":[15.1,-9.0]},"properties":{"region":2,"fire_occurred":0,"prediction":0.2714}},{"type":"Feature","geometry":{"type":"Point","coordinates":[15.1,-8.9]},"properties":{"region":2,"fire_occurred":0,"prediction":0.2087}},{"type":"Feature","geometry":{"type":"Point","coordinates":[15.1,-8.8]},"properties":{"region":2,"fire_occurred":0,"prediction":0.3499}},{"type":"Feature","geometry":{"type":"Point","coordinates":[15.1,-8.7]},"properties":{"region":2,"fire_occurred":0,"prediction":0.1956}},{"type":"Feature","geometry":{"type":"Point","coordinates":[15.1,-8.6]},"properties":{"region":2,"fire_occurred":0,"prediction":0.114}},{"type":"Feature","geometry":{"type":"Point","coordinates":[15.1,-8.4]},"properties":{"region":2,"fire_occurred":0,"prediction":0.1201}},{"type":"Feature","geometry":{"type":"Point","coordinates":[15.1,-8.3]},"properties":{"region":2,"fire_occurred":0,"prediction":0.1267}},{"type":"Feature","geometry":{"type":"Point","coordinates":[15.1,-8.2]},"properties":{"region":2,"fire_occurred":0,"prediction":0.1917}},{"type":"Feature","geometry":{"type":"Point","coordinates":[15.1,-8.1]},"properties":{"region":2,"fire_occurred":0,"prediction":0.1512}},{"type":"Feature","geometry":{"type":"Point","coordinates":[15.2,-9.0]},"properties":{"region":2,"fire_occurred":0,"prediction":0.2047}},{"type":"Feature","geometry":{"type":"Point","coordinates":[15.2,-8.9]},"properties":{"region":2,"fire_occurred":0,"prediction":0.2701}},{"type":"Feature","geometry":{"type":"Point","coordinates":[15.2,-8.8]},"properties":{"region":2,"fire_occurred":0,"prediction":0.3274}},{"type":"Feature","geometry":{"type":"Point","coordinates":[15.2,-8.7]},"properties":{"region":2,"fire_occurred":0,"prediction":0.1077}},{"type":"Feature","geometry":{"type":"Point","coordinates":[15.2,-8.6]},"properties":{"region":2,"fire_occurred":0,"prediction":0.1006}},{"type":"Feature","geometry":{"type":"Point","coordinates":[15.2,-8.5]},"properties":{"region":2,"fire_occurred":0,"prediction":0.1118}},{"type":"Feature","geometry":{"type":"Point","coordinates":[15.2,-8.2]},"properties":{"region":2,"fire_occurred":0,"prediction":0.2491}},{"type":"Feature","geometry":{"type":"Point","coordinates":[15.2,-8.1]},"properties":{"region":2,"fire_occurred":0,"prediction":0.2841}},{"type":"Feature","geometry":{"type":"Point","coordinates":[15.3,-9.0]},"properties":{"region":2,"fire_occurred":0,"prediction":0.1996}},{"type":"Feature","geometry":{"type":"Point","coordinates":[15.3,-8.9]},"properties":{"region":2,"fire_occurred":0,"prediction":0.3097}},{"type":"Feature","geometry":{"type":"Point","coordinates":[15.3,-8.8]},"properties":{"region":2,"fire_occurred":0,"prediction":0.4241}},{"type":"Feature","geometry":{"type":"Point","coordinates":[15.3,-8.7]},"properties":{"region":2,"fire_occurred":0,"prediction":0.3052}},{"type":"Feature","geometry":{"type":"Point","coordinates":[15.3,-8.6]},"properties":{"region":2,"fire_occurred":0,"prediction":0.3606}},{"type":"Feature","geometry":{"type":"Point","coordinates":[15.3,-8.5]},"properties":{"region":2,"fire_occurred":0,"prediction":0.3536}},{"type":"Feature","geometry":{"type":"Point","coordinates":[15.3,-8.4]},"properties":{"region":2,"fire_occurred":0,"prediction":0.4645}},{"type":"Feature","geometry":{"type":"Point","coordinates":[15.3,-8.3]},"properties":{"region":2,"fire_occurred":0,"prediction":0.4323}},{"type":"Feature","geometry":{"type":"Point","coordinates":[15.3,-8.2]},"properties":{"region":2,"fire_occurred":0,"prediction":0.4552}},{"type":"Feature","geometry":{"type":"Point","coordinates":[15.3,-8.1]},"properties":{"region":2,"fire_occurred":0,"prediction":0.4424}},{"type":"Feature","geometry":{"type":"Point","coordinates":[15.4,-9.0]},"properties":{"region":2,"fire_occurred":0,"prediction":0.1196}},{"type":"Feature","geometry":{"type":"Point","coordinates":[15.4,-8.9]},"properties":{"region":2,"fire_occurred":0,"prediction":0.4854}},{"type":"Feature","geometry":{"type":"Point","coordinates":[15.4,-8.8]},"properties":{"region":2,"fire_occurred":0,"prediction":0.3958}},{"type":"Feature","geometry":{"type":"Point","coordinates":[15.4,-8.7]},"properties":{"region":2,"fire_occurred":0,"prediction":0.2747}},{"type":"Feature","geometry":{"type":"Point","coordinates":[15.4,-8.6]},"properties":{"region":2,"fire_occurred":0,"prediction":0.5506}},{"type":"Feature","geometry":{"type":"Point","coordinates":[15.4,-8.5]},"properties":{"region":2,"fire_occurred":0,"prediction":0.5321}},{"type":"Feature","geometry":{"type":"Point","coordinates":[15.4,-8.4]},"properties":{"region":2,"fire_occurred":0,"prediction":0.5304}},{"type":"Feature","geometry":{"type":"Point","coordinates":[15.4,-8.3]},"properties":{"region":2,"fire_occurred":0,"prediction":0.6082}},{"type":"Feature","geometry":{"type":"Point","coordinates":[15.4,-8.2]},"properties":{"region":2,"fire_occurred":0,"prediction":0.4284}},{"type":"Feature","geometry":{"type":"Point","coordinates":[15.4,-8.1]},"properties":{"region":2,"fire_occurred":0,"prediction":0.3913}},{"type":"Feature","geometry":{"type":"Point","coordinates":[15.5,-8.9]},"properties":{"region":2,"fire_occurred":0,"prediction":0.2584}},{"type":"Feature","geometry":{"type":"Point","coordinates":[15.5,-8.8]},"properties":{"region":2,"fire_occurred":0,"prediction":0.7549}},{"type":"Feature","geometry":{"type":"Point","coordinates":[15.5,-8.7]},"properties":{"region":2,"fire_occurred":0,"prediction":0.7552}},{"type":"Feature","geometry":{"type":"Point","coordinates":[15.5,-8.6]},"properties":{"region":2,"fire_occurred":0,"prediction":0.4934}},{"type":"Feature","geometry":{"type":"Point","coordinates":[15.5,-8.5]},"properties":{"region":2,"fire_occurred":0,"prediction":0.5263}},{"type":"Feature","geometry":{"type":"Point","coordinates":[15.5,-8.4]},"properties":{"region":2,"fire_occurred":0,"prediction":0.6624}},{"type":"Feature","geometry":{"type":"Point","coordinates":[15.5,-8.3]},"properties":{"region":2,"fire_occurred":0,"prediction":0.4502}},{"type":"Feature","geometry":{"type":"Point","coordinates":[15.5,-8.2]},"properties":{"region":2,"fire_occurred":1,"prediction":0.5262}},{"type":"Feature","geometry":{"type":"Point","coordinates":[15.5,-8.1]},"properties":{"region":2,"fire_occurred":0,"prediction":0.3801}},{"type":"Feature","geometry":{"type":"Point","coordinates":[15.6,-8.9]},"properties":{"region":2,"fire_occurred":0,"prediction":0.4257}},{"type":"Feature","geometry":{"type":"Point","coordinates":[15.6,-8.8]},"properties":{"region":2,"fire_occurred":0,"prediction":0.323}},{"type":"Feature","geometry":{"type":"Point","coordinates":[15.6,-8.7]},"properties":{"region":2,"fire_occurred":0,"prediction":0.3663}},{"type":"Feature","geometry":{"type":"Point","coordinates":[15.6,-8.6]},"properties":{"region":2,"fire_occurred":0,"prediction":0.3496}},{"type":"Feature","geometry":{"type":"Point","coordinates":[15.6,-8.5]},"properties":{"region":2,"fire_occurred":0,"prediction":0.4477}},{"type":"Feature","geometry":{"type":"Point","coordinates":[15.6,-8.4]},"properties":{"region":2,"fire_occurred":0,"prediction":0.4249}},{"type":"Feature","geometry":{"type":"Point","coordinates":[15.6,-8.3]},"properties":{"region":2,"fire_occurred":0,"prediction":0.3735}},{"type":"Feature","geometry":{"type":"Point","coordinates":[15.6,-8.2]},"properties":{"region":2,"fire_occurred":0,"prediction":0.4202}},{"type":"Feature","geometry":{"type":"Point","coordinates":[15.6,-8.1]},"properties":{"region":2,"fire_occurred":1,"prediction":0.2978}},{"type":"Feature","geometry":{"type":"Point","coordinates":[15.7,-8.9]},"properties":{"region":2,"fire_occurred":0,"prediction":0.1678}},{"type":"Feature","geometry":{"type":"Point","coordinates":[15.7,-8.7]},"properties":{"region":2,"fire_occurred":0,"prediction":0.1302}},{"type":"Feature","geometry":{"type":"Point","coordinates":[15.7,-8.5]},"properties":{"region":2,"fire_occurred":0,"prediction":0.2394}},{"type":"Feature","geometry":{"type":"Point","coordinates":[15.7,-8.4]},"properties":{"region":2,"fire_occurred":0,"prediction":0.3707}},{"type":"Feature","geometry":{"type":"Point","coordinates":[15.7,-8.3]},"properties":{"region":2,"fire_occurred":0,"prediction":0.5073}},{"type":"Feature","geometry":{"type":"Point","coordinates":[15.7,-8.2]},"properties":{"region":2,"fire_occurred":0,"prediction":0.3576}},{"type":"Feature","geometry":{"type":"Point","coordinates":[15.7,-8.1]},"properties":{"region":2,"fire_occurred":0,"prediction":0.1784}},{"type":"Feature","geometry":{"type":"Point","coordinates":[15.8,-9.0]},"properties":{"region":2,"fire_occurred":0,"prediction":0.1227}},{"type":"Feature","geometry":{"type":"Point","coordinates":[15.8,-8.7]},"properties":{"region":2,"fire_occurred":0,"prediction":0.1817}},{"type":"Feature","geometry":{"type":"Point","coordinates":[15.8,-8.6]},"properties":{"region":2,"fire_occurred":0,"prediction":0.4989}},{"type":"Feature","geometry":{"type":"Point","coordinates":[15.8,-8.5]},"properties":{"region":2,"fire_occurred":0,"prediction":0.1987}},{"type":"Feature","geometry":{"type":"Point","coordinates":[15.8,-8.3]},"properties":{"region":2,"fire_occurred":0,"prediction":0.2598}},{"type":"Feature","geometry":{"type":"Point","coordinates":[15.8,-8.2]},"properties":{"region":2,"fire_occurred":0,"prediction":0.2359}},{"type":"Feature","geometry":{"type":"Point","coordinates":[15.8,-8.1]},"properties":{"region":2,"fire_occurred":1,"prediction":0.0944}},{"type":"Feature","geometry":{"type":"Point","coordinates":[15.9,-9.0]},"properties":{"region":2,"fire_occurred":0,"prediction":0.1051}},{"type":"Feature","geometry":{"type":"Point","coordinates":[15.9,-8.7]},"properties":{"region":2,"fire_occurred":0,"prediction":0.1645}},{"type":"Feature","geometry":{"type":"Point","coordinates":[15.9,-8.6]},"properties":{"region":2,"fire_occurred":0,"prediction":0.2594}},{"type":"Feature","geometry":{"type":"Point","coordinates":[15.9,-8.5]},"properties":{"region":2,"fire_occurred":0,"prediction":0.232}},{"type":"Feature","geometry":{"type":"Point","coordinates":[15.9,-8.4]},"properties":{"region":2,"fire_occurred":0,"prediction":0.1921}},{"type":"Feature","geometry":{"type":"Point","coordinates":[16.0,-14.9]},"properties":{"region":2,"fire_occurred":0,"prediction":0.1329}},{"type":"Feature","geometry":{"type":"Point","coordinates":[16.1,-14.1]},"properties":{"region":2,"fire_occurred":0,"prediction":0.1307}},{"type":"Feature","geometry":{"type":"Point","coordinates":[16.2,-14.2]},"properties":{"region":2,"fire_occurred":0,"prediction":0.1008}},{"type":"Feature","geometry":{"type":"Point","coordinates":[16.2,-14.1]},"properties":{"region":2,"fire_occurred":0,"prediction":0.1191}},{"type":"Feature","geometry":{"type":"Point","coordinates":[16.3,-14.4]},"properties":{"region":2,"fire_occurred":0,"prediction":0.1027}},{"type":"Feature","geometry":{"type":"Point","coordinates":[16.3,-14.1]},"properties":{"region":2,"fire_occurred":0,"prediction":0.1028}},{"type":"Feature","geometry":{"type":"Point","coordinates":[16.4,-14.1]},"properties":{"region":2,"fire_occurred":0,"prediction":0.1032}},{"type":"Feature","geometry":{"type":"Point","coordinates":[16.5,-20.6]},"properties":{"region":2,"fire_occurred":1,"prediction":0.0002}},{"type":"Feature","geometry":{"type":"Point","coordinates":[16.5,-14.9]},"properties":{"region":2,"fire_occurred":1,"prediction":0.0913}},{"type":"Feature","geometry":{"type":"Point","coordinates":[16.5,-14.8]},"properties":{"region":2,"fire_occurred":0,"prediction":0.1482}},{"type":"Feature","geometry":{"type":"Point","coordinates":[16.7,-14.3]},"properties":{"region":2,"fire_occurred":0,"prediction":0.2546}},{"type":"Feature","geometry":{"type":"Point","coordinates":[17.3,-16.2]},"properties":{"region":2,"fire_occurred":1,"prediction":0.0007}},{"type":"Feature","geometry":{"type":"Point","coordinates":[17.3,-16.1]},"properties":{"region":2,"fire_occurred":1,"prediction":0.0065}},{"type":"Feature","geometry":{"type":"Point","coordinates":[17.3,-15.0]},"properties":{"region":2,"fire_occurred":0,"prediction":0.2395}},{"type":"Feature","geometry":{"type":"Point","coordinates":[17.3,-14.9]},"properties":{"region":2,"fire_occurred":1,"prediction":0.1482}},{"type":"Feature","geometry":{"type":"Point","coordinates":[17.6,-15.3]},"properties":{"region":2,"fire_occurred":1,"prediction":0.0628}},{"type":"Feature","geometry":{"type":"Point","coordinates":[18.6,-21.5]},"properties":{"region":2,"fire_occurred":1,"prediction":0.0037}},{"type":"Feature","geometry":{"type":"Point","coordinates":[19.3,-15.4]},"properties":{"region":2,"fire_occurred":0,"prediction":0.1079}},{"type":"Feature","geometry":{"type":"Point","coordinates":[19.7,-17.1]},"properties":{"region":2,"fire_occurred":1,"prediction":0.0007}},{"type":"Feature","geometry":{"type":"Point","coordinates":[19.7,-17.0]},"properties":{"region":2,"fire_occurred":1,"prediction":0.0002}},{"type":"Feature","geometry":{"type":"Point","coordinates":[19.7,28.9]},"properties":{"region":2,"fire_occurred":1,"prediction":0.8172}},{"type":"Feature","geometry":{"type":"Point","coordinates":[19.8,-31.2]},"properties":{"region":2,"fire_occurred":1,"prediction":0.0012}},{"type":"Feature","geometry":{"type":"Point","coordinates":[19.8,-17.0]},"properties":{"region":2,"fire_occurred":1,"prediction":0.01}},{"type":"Feature","geometry":{"type":"Point","coordinates":[20.7,29.0]},"properties":{"region":2,"fire_occurred":0,"prediction":0.2559}},{"type":"Feature","geometry":{"type":"Point","coordinates":[20.9,28.9]},"properties":{"region":2,"fire_occurred":1,"prediction":0.7931}},{"type":"Feature","geometry":{"type":"Point","coordinates":[21.6,-17.0]},"properties":{"region":2,"fire_occurred":0,"prediction":0.125}},{"type":"Feature","geometry":{"type":"Point","coordinates":[21.8,-15.6]},"properties":{"region":2,"fire_occurred":1,"prediction":0.0068}},{"type":"Feature","geometry":{"type":"Point","coordinates":[22.3,27.9]},"properties":{"region":2,"fire_occurred":1,"prediction":0.4816}},{"type":"Feature","geometry":{"type":"Point","coordinates":[22.4,-26.9]},"properties":{"region":2,"fire_occurred":1,"prediction":0.0007}},{"type":"Feature","geometry":{"type":"Point","coordinates":[22.4,27.6]},"properties":{"region":2,"fire_occurred":1,"prediction":0.3824}},{"type":"Feature","geometry":{"type":"Point","coordinates":[22.5,27.6]},"properties":{"region":2,"fire_occurred":1,"prediction":0.3095}},{"type":"Feature","geometry":{"type":"Point","coordinates":[22.9,-16.5]},"properties":{"region":2,"fire_occurred":0,"prediction":0.1909}},{"type":"Feature","geometry":{"type":"Point","coordinates":[23.1,-16.1]},"properties":{"region":2,"fire_occurred":1,"prediction":0.0143}},{"type":"Feature","geometry":{"type":"Point","coordinates":[24.0,-30.7]},"properties":{"region":2,"fire_occurred":1,"prediction":0.0039}},{"type":"Feature","geometry":{"type":"Point","coordinates":[24.0,-30.6]},"properties":{"region":2,"fire_occurred":1,"prediction":0.0035}},{"type":"Feature","geometry":{"type":"Point","coordinates":[24.3,-17.4]},"properties":{"region":2,"fire_occurred":0,"prediction":0.1248}},{"type":"Feature","geometry":{"type":"Point","coordinates":[24.5,-16.9]},"properties":{"region":2,"fire_occurred":1,"prediction":0.0108}},{"type":"Feature","geometry":{"type":"Point","coordinates":[24.5,-15.3]},"properties":{"region":2,"fire_occurred":0,"prediction":0.1062}},{"type":"Feature","geometry":{"type":"Point","coordinates":[24.6,-28.6]},"properties":{"region":2,"fire_occurred":0,"prediction":0.1354}},{"type":"Feature","geometry":{"type":"Point","coordinates":[24.6,-27.9]},"properties":{"region":2,"fire_occurred":0,"prediction":0.1123}},{"type":"Feature","geometry":{"type":"Point","coordinates":[24.6,-27.8]},"properties":{"region":2,"fire_occurred":1,"prediction":0.1024}},{"type":"Feature","geometry":{"type":"Point","coordinates":[24.6,-16.0]},"properties":{"region":2,"fire_occurred":1,"prediction":0.0121}},{"type":"Feature","geometry":{"type":"Point","coordinates":[24.7,-28.7]},"properties":{"region":2,"fire_occurred":1,"prediction":0.0648}},{"type":"Feature","geometry":{"type":"Point","coordinates":[24.7,-27.9]},"properties":{"region":2,"fire_occurred":0,"prediction":0.1192}},{"type":"Feature","geometry":{"type":"Point","coordinates":[24.7,-27.7]},"properties":{"region":2,"fire_occurred":1,"prediction":0.0492}},{"type":"Feature","geometry":{"type":"Point","coordinates":[24.7,-27.0]},"properties":{"region":2,"fire_occurred":0,"prediction":0.1395}},{"type":"Feature","geometry":{"type":"Point","coordinates":[24.8,-15.3]},"properties":{"region":2,"fire_occurred":0,"prediction":0.1547}},{"type":"Feature","geometry":{"type":"Point","coordinates":[24.8,-15.2]},"properties":{"region":2,"fire_occurred":0,"prediction":0.1133}},{"type":"Feature","geometry":{"type":"Point","coordinates":[25.0,-16.0]},"properties":{"region":2,"fire_occurred":1,"prediction":0.1034}},{"type":"Feature","geometry":{"type":"Point","coordinates":[25.1,-16.0]},"properties":{"region":2,"fire_occurred":0,"prediction":0.1113}},{"type":"Feature","geometry":{"type":"Point","coordinates":[25.3,-17.1]},"properties":{"region":2,"fire_occurred":0,"prediction":0.1368}},{"type":"Feature","geometry":{"type":"Point","coordinates":[25.4,-27.9]},"properties":{"region":2,"fire_occurred":0,"prediction":0.151}},{"type":"Feature","geometry":{"type":"Point","coordinates":[25.4,-15.3]},"properties":{"region":2,"fire_occurred":0,"prediction":0.1471}},{"type":"Feature","geometry":{"type":"Point","coordinates":[25.5,-28.3]},"properties":{"region":2,"fire_occurred":1,"prediction":0.0054}},{"type":"Feature","geometry":{"type":"Point","coordinates":[25.5,-27.9]},"properties":{"region":2,"fire_occurred":0,"prediction":0.1511}},{"type":"Feature","geometry":{"type":"Point","coordinates":[25.5,-27.7]},"properties":{"region":2,"fire_occurred":0,"prediction":0.1693}},{"type":"Feature","geometry":{"type":"Point","coordinates":[25.5,-15.2]},"properties":{"region":2,"fire_occurred":1,"prediction":0.0341}},{"type":"Feature","geometry":{"type":"Point","coordinates":[25.6,-16.1]},"properties":{"region":2,"fire_occurred":1,"prediction":0.0056}},{"type":"Feature","geometry":{"type":"Point","coordinates":[25.8,-16.6]},"properties":{"region":2,"fire_occurred":1,"prediction":0.0023}},{"type":"Feature","geometry":{"type":"Point","coordinates":[26.0,-18.7]},"properties":{"region":2,"fire_occurred":0,"prediction":0.1273}},{"type":"Feature","geometry":{"type":"Point","coordinates":[26.0,-15.9]},"properties":{"region":2,"fire_occurred":1,"prediction":0.1586}},{"type":"Feature","geometry":{"type":"Point","coordinates":[26.0,11.6]},"properties":{"region":2,"fire_occurred":1,"prediction":0.001}},{"type":"Feature","geometry":{"type":"Point","coordinates":[26.3,-25.3]},"properties":{"region":2,"fire_occurred":1,"prediction":0.011}},{"type":"Feature","geometry":{"type":"Point","coordinates":[26.5,-27.8]},"properties":{"region":2,"fire_occurred":1,"prediction":0.019}},{"type":"Feature","geometry":{"type":"Point","coordinates":[26.5,-18.5]},"properties":{"region":2,"fire_occurred":0,"prediction":0.3143}},{"type":"Feature","geometry":{"type":"Point","coordinates":[26.6,-25.4]},"properties":{"region":2,"fire_occurred":1,"prediction":0.0113}},{"type":"Feature","geometry":{"type":"Point","coordinates":[26.6,-15.5]},"properties":{"region":2,"fire_occurred":0,"prediction":0.116}},{"type":"Feature","geometry":{"type":"Point","coordinates":[26.7,-27.4]},"properties":{"region":2,"fire_occurred":1,"prediction":0.0172}},{"type":"Feature","geometry":{"type":"Point","coordinates":[26.7,-15.5]},"properties":{"region":2,"fire_occurred":1,"prediction":0.0202}},{"type":"Feature","geometry":{"type":"Point","coordinates":[27.0,-25.3]},"properties":{"region":2,"fire_occurred":0,"prediction":0.1133}},{"type":"Feature","geometry":{"type":"Point","coordinates":[27.1,-26.7]},"properties":{"region":2,"fire_occurred":0,"prediction":0.1052}},{"type":"Feature","geometry":{"type":"Point","coordinates":[27.1,-25.5]},"properties":{"region":2,"fire_occurred":0,"prediction":0.1404}},{"type":"Feature","geometry":{"type":"Point","coordinates":[27.2,-25.7]},"properties":{"region":2,"fire_occurred":0,"prediction":0.7193}},{"type":"Feature","geometry":{"type":"Point","coordinates":[27.3,-26.5]},"properties":{"region":2,"fire_occurred":0,"prediction":0.1254}},{"type":"Feature","geometry":{"type":"Point","coordinates":[27.3,-26.4]},"properties":{"region":2,"fire_occurred":0,"prediction":0.2771}},{"type":"Feature","geometry":{"type":"Point","coordinates":[27.3,-25.8]},"properties":{"region":2,"fire_occurred":1,"prediction":0.3665}},{"type":"Feature","geometry":{"type":"Point","coordinates":[27.3,-25.2]},"properties":{"region":2,"fire_occurred":1,"prediction":0.0174}},{"type":"Feature","geometry":{"type":"Point","coordinates":[27.4,-26.4]},"properties":{"region":2,"fire_occurred":0,"prediction":0.1725}},{"type":"Feature","geometry":{"type":"Point","coordinates":[27.4,-25.8]},"properties":{"region":2,"fire_occurred":1,"prediction":0.6695}},{"type":"Feature","geometry":{"type":"Point","coordinates":[27.4,-25.0]},"properties":{"region":2,"fire_occurred":0,"prediction":0.1395}},{"type":"Feature","geometry":{"type":"Point","coordinates":[27.5,-26.1]},"properties":{"region":2,"fire_occurred":0,"prediction":0.1481}},{"type":"Feature","geometry":{"type":"Point","coordinates":[27.5,-25.6]},"properties":{"region":2,"fire_occurred":1,"prediction":0.0153}},{"type":"Feature","geometry":{"type":"Point","coordinates":[27.5,-23.8]},"properties":{"region":2,"fire_occurred":0,"prediction":0.26}},{"type":"Feature","geometry":{"type":"Point","coordinates":[27.6,-26.4]},"properties":{"region":2,"fire_occurred":0,"prediction":0.2424}},{"type":"Feature","geometry":{"type":"Point","coordinates":[27.6,-26.3]},"properties":{"region":2,"fire_occurred":1,"prediction":0.2068}},{"type":"Feature","geometry":{"type":"Point","coordinates":[27.6,-25.8]},"properties":{"region":2,"fire_occurred":0,"prediction":0.1316}},{"type":"Feature","geometry":{"type":"Point","coordinates":[27.6,-25.5]},"properties":{"region":2,"fire_occurred":0,"prediction":0.1188}},{"type":"Feature","geometry":{"type":"Point","coordinates":[27.6,-25.2]},"properties":{"region":2,"fire_occurred":0,"prediction":0.1238}},{"type":"Feature","geometry":{"type":"Point","coordinates":[27.6,-25.1]},"properties":{"region":2,"fire_occurred":0,"prediction":0.1038}},{"type":"Feature","geometry":{"type":"Point","coordinates":[27.6,-23.8]},"properties":{"region":2,"fire_occurred":0,"prediction":0.1004}},{"type":"Feature","geometry":{"type":"Point","coordinates":[27.7,-26.3]},"properties":{"region":2,"fire_occurred":0,"prediction":0.2184}},{"type":"Feature","geometry":{"type":"Point","coordinates":[27.7,-25.6]},"properties":{"region":2,"fire_occurred":0,"prediction":0.1233}},{"type":"Feature","geometry":{"type":"Point","coordinates":[27.8,-26.7]},"properties":{"region":2,"fire_occurred":0,"prediction":0.1785}},{"type":"Feature","geometry":{"type":"Point","coordinates":[27.8,-26.4]},"properties":{"region":2,"fire_occurred":0,"prediction":0.3295}},{"type":"Feature","geometry":{"type":"Point","coordinates":[27.8,-26.3]},"properties":{"region":2,"fire_occurred":0,"prediction":0.1898}},{"type":"Feature","geometry":{"type":"Point","coordinates":[27.8,-26.2]},"properties":{"region":2,"fire_occurred":1,"prediction":0.038}},{"type":"Feature","geometry":{"type":"Point","coordinates":[27.8,-25.8]},"properties":{"region":2,"fire_occurred":0,"prediction":0.1022}},{"type":"Feature","geometry":{"type":"Point","coordinates":[27.8,-25.7]},"properties":{"region":2,"fire_occurred":1,"prediction":0.2801}},{"type":"Feature","geometry":{"type":"Point","coordinates":[27.9,-26.4]},"properties":{"region":2,"fire_occurred":0,"prediction":0.1459}},{"type":"Feature","geometry":{"type":"Point","coordinates":[27.9,-25.9]},"properties":{"region":2,"fire_occurred":0,"prediction":0.1964}},{"type":"Feature","geometry":{"type":"Point","coordinates":[28.0,-26.4]},"properties":{"region":2,"fire_occurred":0,"prediction":0.1905}},{"type":"Feature","geometry":{"type":"Point","coordinates":[28.0,-25.7]},"properties":{"region":2,"fire_occurred":1,"prediction":0.0868}},{"type":"Feature","geometry":{"type":"Point","coordinates":[28.1,-25.8]},"properties":{"region":2,"fire_occurred":0,"prediction":0.1451}},{"type":"Feature","geometry":{"type":"Point","coordinates":[28.1,-25.7]},"properties":{"region":2,"fire_occurred":0,"prediction":0.1346}},{"type":"Feature","geometry":{"type":"Point","coordinates":[28.1,-25.5]},"properties":{"region":2,"fire_occurred":0,"prediction":0.1192}},{"type":"Feature","geometry":{"type":"Point","coordinates":[28.2,-26.5]},"properties":{"region":2,"fire_occurred":0,"prediction":0.1936}},{"type":"Feature","geometry":{"type":"Point","coordinates":[28.2,-26.3]},"properties":{"region":2,"fire_occurred":1,"prediction":0.3054}},{"type":"Feature","geometry":{"type":"Point","coordinates":[28.2,-26.0]},"properties":{"region":2,"fire_occurred":0,"prediction":0.1269}},{"type":"Feature","geometry":{"type":"Point","coordinates":[28.2,-25.9]},"properties":{"region":2,"fire_occurred":0,"prediction":0.2417}},{"type":"Feature","geometry":{"type":"Point","coordinates":[28.2,-25.3]},"properties":{"region":2,"fire_occurred":0,"prediction":0.1222}},{"type":"Feature","geometry":{"type":"Point","coordinates":[28.2,13.3]},"properties":{"region":2,"fire_occurred":1,"prediction":0.0017}},{"type":"Feature","geometry":{"type":"Point","coordinates":[28.3,-26.4]},"properties":{"region":2,"fire_occurred":1,"prediction":0.1922}},{"type":"Feature","geometry":{"type":"Point","coordinates":[28.3,-24.7]},"properties":{"region":2,"fire_occurred":0,"prediction":0.1566}},{"type":"Feature","geometry":{"type":"Point","coordinates":[28.4,-26.6]},"properties":{"region":2,"fire_occurred":0,"prediction":0.1126}},{"type":"Feature","geometry":{"type":"Point","coordinates":[28.4,-26.1]},"properties":{"region":2,"fire_occurred":0,"prediction":0.1887}},{"type":"Feature","geometry":{"type":"Point","coordinates":[28.4,-25.7]},"properties":{"region":2,"fire_occurred":1,"prediction":0.0048}},{"type":"Feature","geometry":{"type":"Point","coordinates":[28.5,-26.7]},"properties":{"region":2,"fire_occurred":0,"prediction":0.1029}},{"type":"Feature","geometry":{"type":"Point","coordinates":[28.5,-26.2]},"properties":{"region":2,"fire_occurred":1,"prediction":0.0164}},{"type":"Feature","geometry":{"type":"Point","coordinates":[28.6,-20.2]},"properties":{"region":2,"fire_occurred":1,"prediction":0.014}},{"type":"Feature","geometry":{"type":"Point","coordinates":[28.8,-24.1]},"properties":{"region":2,"fire_occurred":0,"prediction":0.1591}},{"type":"Feature","geometry":{"type":"Point","coordinates":[28.9,-25.9]},"properties":{"region":2,"fire_occurred":1,"prediction":0.0113}},{"type":"Feature","geometry":{"type":"Point","coordinates":[28.9,-24.1]},"properties":{"region":2,"fire_occurred":0,"prediction":0.1014}},{"type":"Feature","geometry":{"type":"Point","coordinates":[29.1,-23.5]},"properties":{"region":2,"fire_occurred":1,"prediction":0.0202}},{"type":"Feature","geometry":{"type":"Point","coordinates":[29.4,-24.0]},"properties":{"region":2,"fire_occurred":1,"prediction":0.1052}},{"type":"Feature","geometry":{"type":"Point","coordinates":[29.4,-23.9]},"properties":{"region":2,"fire_occurred":1,"prediction":0.0997}},{"type":"Feature","geometry":{"type":"Point","coordinates":[29.5,-22.2]},"properties":{"region":2,"fire_occurred":1,"prediction":0.0898}},{"type":"Feature","geometry":{"type":"Point","coordinates":[29.9,-24.0]},"properties":{"region":2,"fire_occurred":0,"prediction":0.1756}},{"type":"Feature","geometry":{"type":"Point","coordinates":[29.9,-23.9]},"properties":{"region":2,"fire_occurred":0,"prediction":0.1426}},{"type":"Feature","geometry":{"type":"Point","coordinates":[29.9,-23.6]},"properties":{"region":2,"fire_occurred":1,"prediction":0.0392}},{"type":"Feature","geometry":{"type":"Point","coordinates":[30.0,-23.9]},"properties":{"region":2,"fire_occurred":0,"prediction":0.1076}},{"type":"Feature","geometry":{"type":"Point","coordinates":[30.0,-23.5]},"properties":{"region":2,"fire_occurred":0,"prediction":0.1281}},{"type":"Feature","geometry":{"type":"Point","coordinates":[30.0,-23.1]},"properties":{"region":2,"fire_occurred":0,"prediction":0.1467}},{"type":"Feature","geometry":{"type":"Point","coordinates":[30.1,-24.9]},"properties":{"region":2,"fire_occurred":0,"prediction":0.4017}},{"type":"Feature","geometry":{"type":"Point","coordinates":[30.1,-24.8]},"properties":{"region":2,"fire_occurred":1,"prediction":0.7039}},{"type":"Feature","geometry":{"type":"Point","coordinates":[30.1,-24.6]},"properties":{"region":2,"fire_occurred":0,"prediction":0.2789}},{"type":"Feature","geometry":{"type":"Point","coordinates":[30.1,-24.1]},"properties":{"region":2,"fire_occurred":1,"prediction":0.0214}},{"type":"Feature","geometry":{"type":"Point","coordinates":[30.1,-24.0]},"properties":{"region":2,"fire_occurred":0,"prediction":0.1266}},{"type":"Feature","geometry":{"type":"Point","coordinates":[30.1,-23.9]},"properties":{"region":2,"fire_occurred":0,"prediction":0.1388}},{"type":"Feature","geometry":{"type":"Point","coordinates":[30.1,-23.8]},"properties":{"region":2,"fire_occurred":0,"prediction":0.1437}},{"type":"Feature","geometry":{"type":"Point","coordinates":[30.2,-24.8]},"properties":{"region":2,"fire_occurred":0,"prediction":0.2146}},{"type":"Feature","geometry":{"type":"Point","coordinates":[30.5,-25.0]},"properties":{"region":2,"fire_occurred":0,"prediction":0.1113}},{"type":"Feature","geometry":{"type":"Point","coordinates":[30.6,-25.0]},"properties":{"region":2,"fire_occurred":0,"prediction":0.1305}},{"type":"Feature","geometry":{"type":"Point","coordinates":[30.6,-24.9]},"properties":{"region":2,"fire_occurred":0,"prediction":0.1456}},{"type":"Feature","geometry":{"type":"Point","coordinates":[30.6,-21.4]},"properties":{"region":2,"fire_occurred":0,"prediction":0.1092}},{"type":"Feature","geometry":{"type":"Point","coordinates":[30.7,-25.0]},"properties":{"region":2,"fire_occurred":0,"prediction":0.1674}},{"type":"Feature","geometry":{"type":"Point","coordinates":[30.7,-24.9]},"properties":{"region":2,"fire_occurred":0,"prediction":0.1357}},{"type":"Feature","geometry":{"type":"Point","coordinates":[30.7,-24.8]},"properties":{"region":2,"fire_occurred":0,"prediction":0.1393}},{"type":"Feature","geometry":{"type":"Point","coordinates":[30.8,-24.9]},"properties":{"region":2,"fire_occurred":0,"prediction":0.1486}},{"type":"Feature","geometry":{"type":"Point","coordinates":[30.8,-24.8]},"properties":{"region":2,"fire_occurred":0,"prediction":0.124}},{"type":"Feature","geometry":{"type":"Point","coordinates":[30.9,-25.0]},"properties":{"region":2,"fire_occurred":0,"prediction":0.1783}},{"type":"Feature","geometry":{"type":"Point","coordinates":[31.4,-23.5]},"properties":{"region":2,"fire_occurred":0,"prediction":0.1118}},{"type":"Feature","geometry":{"type":"Point","coordinates":[32.0,-26.5]},"properties":{"region":2,"fire_occurred":0,"prediction":0.1289}},{"type":"Feature","geometry":{"type":"Point","coordinates":[32.0,-26.4]},"properties":{"region":2,"fire_occurred":1,"prediction":0.0151}},{"type":"Feature","geometry":{"type":"Point","coordinates":[32.0,-25.8]},"properties":{"region":2,"fire_occurred":1,"prediction":0.0178}},{"type":"Feature","geometry":{"type":"Point","coordinates":[32.0,-25.7]},"properties":{"region":2,"fire_occurred":1,"prediction":0.1044}},{"type":"Feature","geometry":{"type":"Point","coordinates":[32.0,-25.2]},"properties":{"region":2,"fire_occurred":0,"prediction":0.2398}},{"type":"Feature","geometry":{"type":"Point","coordinates":[32.0,-25.1]},"properties":{"region":2,"fire_occurred":0,"prediction":0.3907}},{"type":"Feature","geometry":{"type":"Point","coordinates":[32.0,-25.0]},"properties":{"region":2,"fire_occurred":0,"prediction":0.1673}},{"type":"Feature","geometry":{"type":"Point","coordinates":[32.1,-25.8]},"properties":{"region":2,"fire_occurred":1,"prediction":0.0886}},{"type":"Feature","geometry":{"type":"Point","coordinates":[32.1,11.7]},"properties":{"region":2,"fire_occurred":1,"prediction":0.0015}},{"type":"Feature","geometry":{"type":"Point","coordinates":[32.2,-24.9]},"properties":{"region":2,"fire_occurred":0,"prediction":0.1368}},{"type":"Feature","geometry":{"type":"Point","coordinates":[32.2,-16.0]},"properties":{"region":2,"fire_occurred":0,"prediction":0.1162}},{"type":"Feature","geometry":{"type":"Point","coordinates":[32.3,-26.8]},"properties":{"region":2,"fire_occurred":0,"prediction":0.186}},{"type":"Feature","geometry":{"type":"Point","coordinates":[32.4,-26.6]},"properties":{"region":2,"fire_occurred":0,"prediction":0.1065}},{"type":"Feature","geometry":{"type":"Point","coordinates":[32.4,-25.2]},"properties":{"region":2,"fire_occurred":0,"prediction":0.2439}},{"type":"Feature","geometry":{"type":"Point","coordinates":[32.4,14.0]},"properties":{"region":2,"fire_occurred":1,"prediction":0.0101}},{"type":"Feature","geometry":{"type":"Point","coordinates":[32.5,-26.9]},"properties":{"region":2,"fire_occurred":0,"prediction":0.1788}},{"type":"Feature","geometry":{"type":"Point","coordinates":[32.5,-25.2]},"properties":{"region":2,"fire_occurred":0,"prediction":0.2036}},{"type":"Feature","geometry":{"type":"Point","coordinates":[32.6,-14.2]},"properties":{"region":2,"fire_occurred":1,"prediction":0.0137}},{"type":"Feature","geometry":{"type":"Point","coordinates":[32.7,-26.9]},"properties":{"region":2,"fire_occurred":1,"prediction":0.1398}},{"type":"Feature","geometry":{"type":"Point","coordinates":[32.7,-26.8]},"properties":{"region":2,"fire_occurred":0,"prediction":0.1617}},{"type":"Feature","geometry":{"type":"Point","coordinates":[32.7,-25.2]},"properties":{"region":2,"fire_occurred":0,"prediction":0.1542}},{"type":"Feature","geometry":{"type":"Point","coordinates":[32.8,-25.2]},"properties":{"region":2,"fire_occurred":0,"prediction":0.1772}},{"type":"Feature","geometry":{"type":"Point","coordinates":[32.8,-20.6]},"properties":{"region":2,"fire_occurred":1,"prediction":0.0077}},{"type":"Feature","geometry":{"type":"Point","coordinates":[32.8,-15.5]},"properties":{"region":2,"fire_occurred":0,"prediction":0.1386}},{"type":"Feature","geometry":{"type":"Point","coordinates":[32.9,-15.5]},"properties":{"region":2,"fire_occurred":0,"prediction":0.1123}},{"type":"Feature","geometry":{"type":"Point","coordinates":[32.9,24.5]},"properties":{"region":2,"fire_occurred":0,"prediction":0.2455}},{"type":"Feature","geometry":{"type":"Point","coordinates":[33.0,-15.5]},"properties":{"region":2,"fire_occurred":0,"prediction":0.1169}},{"type":"Feature","geometry":{"type":"Point","coordinates":[33.3,-19.9]},"properties":{"region":2,"fire_occurred":1,"prediction":0.0703}},{"type":"Feature","geometry":{"type":"Point","coordinates":[33.5,-14.3]},"properties":{"region":2,"fire_occurred":0,"prediction":0.1547}},{"type":"Feature","geometry":{"type":"Point","coordinates":[33.6,-22.4]},"properties":{"region":2,"fire_occurred":0,"prediction":0.1777}},{"type":"Feature","geometry":{"type":"Point","coordinates":[33.6,-19.7]},"properties":{"region":2,"fire_occurred":1,"prediction":0.0064}},{"type":"Feature","geometry":{"type":"Point","coordinates":[33.7,-22.7]},"properties":{"region":2,"fire_occurred":0,"prediction":0.186}},{"type":"Feature","geometry":{"type":"Point","coordinates":[33.7,-22.6]},"properties":{"region":2,"fire_occurred":1,"prediction":0.0396}},{"type":"Feature","geometry":{"type":"Point","coordinates":[33.7,-18.1]},"properties":{"region":2,"fire_occurred":0,"prediction":0.1048}},{"type":"Feature","geometry":{"type":"Point","coordinates":[33.8,-15.9]},"properties":{"region":2,"fire_occurred":0,"prediction":0.1029}},{"type":"Feature","geometry":{"type":"Point","coordinates":[33.8,12.9]},"properties":{"region":2,"fire_occurred":1,"prediction":0.0032}},{"type":"Feature","geometry":{"type":"Point","coordinates":[33.9,13.2]},"properties":{"region":2,"fire_occurred":1,"prediction":0.0037}},{"type":"Feature","geometry":{"type":"Point","coordinates":[34.0,-16.4]},"properties":{"region":2,"fire_occurred":0,"prediction":0.1297}},{"type":"Feature","geometry":{"type":"Point","coordinates":[34.0,-16.3]},"properties":{"region":2,"fire_occurred":0,"prediction":0.1064}},{"type":"Feature","geometry":{"type":"Point","coordinates":[34.0,-15.9]},"properties":{"region":2,"fire_occurred":0,"prediction":0.1313}},{"type":"Feature","geometry":{"type":"Point","coordinates":[34.0,13.1]},"properties":{"region":2,"fire_occurred":1,"prediction":0.003}},{"type":"Feature","geometry":{"type":"Point","coordinates":[34.0,13.2]},"properties":{"region":2,"fire_occurred":1,"prediction":0.0031}},{"type":"Feature","geometry":{"type":"Point","coordinates":[34.1,13.5]},"properties":{"region":2,"fire_occurred":1,"prediction":0.0036}},{"type":"Feature","geometry":{"type":"Point","coordinates":[34.2,-17.0]},"properties":{"region":2,"fire_occurred":1,"prediction":0.0155}},{"type":"Feature","geometry":{"type":"Point","coordinates":[34.2,-16.9]},"properties":{"region":2,"fire_occurred":1,"prediction":0.0312}},{"type":"Feature","geometry":{"type":"Point","coordinates":[34.2,13.5]},"properties":{"region":2,"fire_occurred":1,"prediction":0.0033}},{"type":"Feature","geometry":{"type":"Point","coordinates":[34.4,-20.8]},"properties":{"region":2,"fire_occurred":1,"prediction":0.0153}},{"type":"Feature","geometry":{"type":"Point","coordinates":[34.4,-20.4]},"properties":{"region":2,"fire_occurred":1,"prediction":0.0152}},{"type":"Feature","geometry":{"type":"Point","coordinates":[34.4,-20.2]},"properties":{"region":2,"fire_occurred":1,"prediction":0.1413}},{"type":"Feature","geometry":{"type":"Point","coordinates":[34.5,-23.3]},"properties":{"region":2,"fire_occurred":0,"prediction":0.1226}},{"type":"Feature","geometry":{"type":"Point","coordinates":[34.5,-20.9]},"properties":{"region":2,"fire_occurred":0,"prediction":0.1209}},{"type":"Feature","geometry":{"type":"Point","coordinates":[34.8,-21.0]},"properties":{"region":2,"fire_occurred":1,"prediction":0.1182}},{"type":"Feature","geometry":{"type":"Point","coordinates":[34.9,-21.4]},"properties":{"region":2,"fire_occurred":0,"prediction":0.1031}},{"type":"Feature","geometry":{"type":"Point","coordinates":[34.9,-16.3]},"properties":{"region":2,"fire_occurred":0,"prediction":0.1103}},{"type":"Feature","geometry":{"type":"Point","coordinates":[34.9,-15.4]},"properties":{"region":2,"fire_occurred":1,"prediction":0.0175}},{"type":"Feature","geometry":{"type":"Point","coordinates":[35.0,-15.2]},"properties":{"region":2,"fire_occurred":1,"prediction":0.0054}},{"type":"Feature","geometry":{"type":"Point","coordinates":[35.0,-6.9]},"properties":{"region":2,"fire_occurred":1,"prediction":0.0026}},{"type":"Feature","geometry":{"type":"Point","coordinates":[35.0,13.1]},"properties":{"region":2,"fire_occurred":1,"prediction":0.0021}},{"type":"Feature","geometry":{"type":"Point","coordinates":[35.1,-16.8]},"properties":{"region":2,"fire_occurred":0,"prediction":0.1002}},{"type":"Feature","geometry":{"type":"Point","coordinates":[35.5,12.9]},"properties":{"region":2,"fire_occurred":1,"prediction":0.0015}},{"type":"Feature","geometry":{"type":"Point","coordinates":[35.6,38.6]},"properties":{"region":2,"fire_occurred":0,"prediction":0.124}},{"type":"Feature","geometry":{"type":"Point","coordinates":[35.7,-15.1]},"properties":{"region":2,"fire_occurred":1,"prediction":0.0791}},{"type":"Feature","geometry":{"type":"Point","coordinates":[35.8,-15.5]},"properties":{"region":2,"fire_occurred":1,"prediction":0.0055}},{"type":"Feature","geometry":{"type":"Point","coordinates":[35.8,-15.1]},"properties":{"region":2,"fire_occurred":1,"prediction":0.0953}},{"type":"Feature","geometry":{"type":"Point","coordinates":[35.8,12.3]},"properties":{"region":2,"fire_occurred":0,"prediction":0.1025}},{"type":"Feature","geometry":{"type":"Point","coordinates":[36.5,14.3]},"properties":{"region":2,"fire_occurred":1,"prediction":0.0086}},{"type":"Feature","geometry":{"type":"Point","coordinates":[38.4,30.0]},"properties":{"region":2,"fire_occurred":1,"prediction":0.0083}},{"type":"Feature","geometry":{"type":"Point","coordinates":[38.7,37.1]},"properties":{"region":2,"fire_occurred":1,"prediction":0.0038}},{"type":"Feature","geometry":{"type":"Point","coordinates":[38.9,1.2]},"properties":{"region":2,"fire_occurred":0,"prediction":0.1218}},{"type":"Feature","geometry":{"type":"Point","coordinates":[39.0,1.2]},"properties":{"region":2,"fire_occurred":0,"prediction":0.1481}},{"type":"Feature","geometry":{"type":"Point","coordinates":[40.5,35.1]},"properties":{"region":2,"fire_occurred":0,"prediction":0.1568}},{"type":"Feature","geometry":{"type":"Point","coordinates":[41.4,13.0]},"properties":{"region":2,"fire_occurred":0,"prediction":0.1062}},{"type":"Feature","geometry":{"type":"Point","coordinates":[42.0,37.6]},"properties":{"region":2,"fire_occurred":1,"prediction":0.0024}},{"type":"Feature","geometry":{"type":"Point","coordinates":[43.3,36.7]},"properties":{"region":2,"fire_occurred":1,"prediction":0.2248}},{"type":"Feature","geometry":{"type":"Point","coordinates":[43.7,35.9]},"properties":{"region":2,"fire_occurred":1,"prediction":0.6983}},{"type":"Feature","geometry":{"type":"Point","coordinates":[43.8,35.6]},"properties":{"region":2,"fire_occurred":1,"prediction":0.9856}},{"type":"Feature","geometry":{"type":"Point","coordinates":[43.8,36.1]},"properties":{"region":2,"fire_occurred":0,"prediction":0.1566}},{"type":"Feature","geometry":{"type":"Point","coordinates":[43.9,35.6]},"properties":{"region":2,"fire_occurred":1,"prediction":0.8827}},{"type":"Feature","geometry":{"type":"Point","coordinates":[44.0,-23.2]},"properties":{"region":2,"fire_occurred":1,"prediction":0.0523}},{"type":"Feature","geometry":{"type":"Point","coordinates":[44.0,-23.0]},"properties":{"region":2,"fire_occurred":0,"prediction":0.1369}},{"type":"Feature","geometry":{"type":"Point","coordinates":[44.0,-21.4]},"properties":{"region":2,"fire_occurred":0,"prediction":0.1032}},{"type":"Feature","geometry":{"type":"Point","coordinates":[44.0,33.2]},"properties":{"region":2,"fire_occurred":0,"prediction":0.1089}},{"type":"Feature","geometry":{"type":"Point","coordinates":[44.0,35.6]},"properties":{"region":2,"fire_occurred":1,"prediction":0.6329}},{"type":"Feature","geometry":{"type":"Point","coordinates":[44.0,35.7]},"properties":{"region":2,"fire_occurred":1,"prediction":0.9701}},{"type":"Feature","geometry":{"type":"Point","coordinates":[44.0,37.1]},"properties":{"region":2,"fire_occurred":1,"prediction":0.0039}},{"type":"Feature","geometry":{"type":"Point","coordinates":[44.1,-23.2]},"properties":{"region":2,"fire_occurred":0,"prediction":0.1657}},{"type":"Feature","geometry":{"type":"Point","coordinates":[44.1,-23.1]},"properties":{"region":2,"fire_occurred":0,"prediction":0.112}},{"type":"Feature","geometry":{"type":"Point","coordinates":[44.1,-23.0]},"properties":{"region":2,"fire_occurred":0,"prediction":0.1435}},{"type":"Feature","geometry":{"type":"Point","coordinates":[44.1,-22.5]},"properties":{"region":2,"fire_occurred":1,"prediction":0.0121}},{"type":"Feature","geometry":{"type":"Point","coordinates":[44.1,-21.3]},"properties":{"region":2,"fire_occurred":1,"prediction":0.0194}},{"type":"Feature","geometry":{"type":"Point","coordinates":[44.1,35.4]},"properties":{"region":2,"fire_occurred":0,"prediction":0.3972}},{"type":"Feature","geometry":{"type":"Point","coordinates":[44.2,-21.4]},"properties":{"region":2,"fire_occurred":1,"prediction":0.0325}},{"type":"Feature","geometry":{"type":"Point","coordinates":[44.2,35.3]},"properties":{"region":2,"fire_occurred":1,"prediction":0.2388}},{"type":"Feature","geometry":{"type":"Point","coordinates":[44.2,35.4]},"properties":{"region":2,"fire_occurred":1,"prediction":0.6437}},{"type":"Feature","geometry":{"type":"Point","coordinates":[44.3,32.1]},"properties":{"region":2,"fire_occurred":1,"prediction":0.0762}},{"type":"Feature","geometry":{"type":"Point","coordinates":[44.3,33.4]},"properties":{"region":2,"fire_occurred":0,"prediction":0.5399}},{"type":"Feature","geometry":{"type":"Point","coordinates":[44.3,35.5]},"properties":{"region":2,"fire_occurred":0,"prediction":0.7178}},{"type":"Feature","geometry":{"type":"Point","coordinates":[44.4,31.7]},"properties":{"region":2,"fire_occurred":1,"prediction":0.2126}},{"type":"Feature","geometry":{"type":"Point","coordinates":[44.4,31.8]},"properties":{"region":2,"fire_occurred":1,"prediction":0.106}},{"type":"Feature","geometry":{"type":"Point","coordinates":[44.4,32.1]},"properties":{"region":2,"fire_occurred":1,"prediction":0.2006}},{"type":"Feature","geometry":{"type":"Point","coordinates":[44.4,35.2]},"properties":{"region":2,"fire_occurred":0,"prediction":0.1599}},{"type":"Feature","geometry":{"type":"Point","coordinates":[44.5,-20.6]},"properties":{"region":2,"fire_occurred":0,"prediction":0.1268}},{"type":"Feature","geometry":{"type":"Point","coordinates":[44.5,-20.2]},"properties":{"region":2,"fire_occurred":1,"prediction":0.0911}},{"type":"Feature","geometry":{"type":"Point","coordinates":[44.5,31.6]},"properties":{"region":2,"fire_occurred":1,"prediction":0.1907}},{"type":"Feature","geometry":{"type":"Point","coordinates":[44.5,31.7]},"properties":{"region":2,"fire_occurred":1,"prediction":0.0468}},{"type":"Feature","geometry":{"type":"Point","coordinates":[44.5,31.8]},"properties":{"region":2,"fire_occurred":0,"prediction":0.3619}},{"type":"Feature","geometry":{"type":"Point","coordinates":[44.6,-22.8]},"properties":{"region":2,"fire_occurred":1,"prediction":0.0334}},{"type":"Feature","geometry":{"type":"Point","coordinates":[44.6,-20.2]},"properties":{"region":2,"fire_occurred":0,"prediction":0.1066}},{"type":"Feature","geometry":{"type":"Point","coordinates":[44.6,-19.3]},"properties":{"region":2,"fire_occurred":0,"prediction":0.1407}},{"type":"Feature","geometry":{"type":"Point","coordinates":[44.6,31.8]},"properties":{"region":2,"fire_occurred":0,"prediction":0.2657}},{"type":"Feature","geometry":{"type":"Point","coordinates":[44.7,-19.2]},"properties":{"region":2,"fire_occurred":0,"prediction":0.1078}},{"type":"Feature","geometry":{"type":"Point","coordinates":[44.7,-19.1]},"properties":{"region":2,"fire_occurred":0,"prediction":0.1086}},{"type":"Feature","geometry":{"type":"Point","coordinates":[44.8,-20.9]},"properties":{"region":2,"fire_occurred":1,"prediction":0.0667}},{"type":"Feature","geometry":{"type":"Point","coordinates":[44.8,-20.5]},"properties":{"region":2,"fire_occurred":0,"prediction":0.1152}},{"type":"Feature","geometry":{"type":"Point","coordinates":[44.8,-19.9]},"properties":{"region":2,"fire_occurred":1,"prediction":0.0872}},{"type":"Feature","geometry":{"type":"Point","coordinates":[44.8,-19.2]},"properties":{"region":2,"fire_occurred":1,"prediction":0.0484}},{"type":"Feature","geometry":{"type":"Point","coordinates":[44.8,-19.1]},"properties":{"region":2,"fire_occurred":1,"prediction":0.1171}},{"type":"Feature","geometry":{"type":"Point","coordinates":[44.9,-19.3]},"properties":{"region":2,"fire_occurred":1,"prediction":0.1915}},{"type":"Feature","geometry":{"type":"Point","coordinates":[45.0,-19.3]},"properties":{"region":2,"fire_occurred":0,"prediction":0.1384}},{"type":"Feature","geometry":{"type":"Point","coordinates":[45.0,33.1]},"properties":{"region":2,"fire_occurred":1,"prediction":0.0221}},{"type":"Feature","geometry":{"type":"Point","coordinates":[45.1,-20.5]},"properties":{"region":2,"fire_occurred":0,"prediction":0.1068}},{"type":"Feature","geometry":{"type":"Point","coordinates":[45.1,34.4]},"properties":{"region":2,"fire_occurred":1,"prediction":0.0181}},{"type":"Feature","geometry":{"type":"Point","coordinates":[45.1,34.7]},"properties":{"region":2,"fire_occurred":1,"prediction":0.9462}},{"type":"Feature","geometry":{"type":"Point","coordinates":[45.1,36.6]},"properties":{"region":2,"fire_occurred":0,"prediction":0.1008}},{"type":"Feature","geometry":{"type":"Point","coordinates":[45.2,-19.7]},"properties":{"region":2,"fire_occurred":0,"prediction":0.1339}},{"type":"Feature","geometry":{"type":"Point","coordinates":[45.2,32.9]},"properties":{"region":2,"fire_occurred":1,"prediction":0.0164}},{"type":"Feature","geometry":{"type":"Point","coordinates":[45.3,32.7]},"properties":{"region":2,"fire_occurred":0,"prediction":0.1392}},{"type":"Feature","geometry":{"type":"Point","coordinates":[45.5,32.2]},"properties":{"region":2,"fire_occurred":0,"prediction":0.1336}},{"type":"Feature","geometry":{"type":"Point","coordinates":[45.5,36.9]},"properties":{"region":2,"fire_occurred":0,"prediction":0.1107}},{"type":"Feature","geometry":{"type":"Point","coordinates":[45.6,-22.9]},"properties":{"region":2,"fire_occurred":0,"prediction":0.1758}},{"type":"Feature","geometry":{"type":"Point","coordinates":[45.6,-19.3]},"properties":{"region":2,"fire_occurred":0,"prediction":0.1016}},{"type":"Feature","geometry":{"type":"Point","coordinates":[45.6,32.4]},"properties":{"region":2,"fire_occurred":1,"prediction":0.0203}},{"type":"Feature","geometry":{"type":"Point","coordinates":[45.7,-19.2]},"properties":{"region":2,"fire_occurred":0,"prediction":0.1026}},{"type":"Feature","geometry":{"type":"Point","coordinates":[45.7,34.5]},"properties":{"region":2,"fire_occurred":1,"prediction":0.0111}},{"type":"Feature","geometry":{"type":"Point","coordinates":[45.9,31.3]},"properties":{"region":2,"fire_occurred":0,"prediction":0.2094}},{"type":"Feature","geometry":{"type":"Point","coordinates":[46.0,31.7]},"properties":{"region":2,"fire_occurred":1,"prediction":0.8669}},{"type":"Feature","geometry":{"type":"Point","coordinates":[46.1,32.9]},"properties":{"region":2,"fire_occurred":1,"prediction":0.9244}},{"type":"Feature","geometry":{"type":"Point","coordinates":[46.1,33.1]},"properties":{"region":2,"fire_occurred":0,"prediction":0.1032}},{"type":"Feature","geometry":{"type":"Point","coordinates":[46.2,33.6]},"properties":{"region":2,"fire_occurred":1,"prediction":0.8929}},{"type":"Feature","geometry":{"type":"Point","coordinates":[46.2,33.7]},"properties":{"region":2,"fire_occurred":1,"prediction":0.3476}},{"type":"Feature","geometry":{"type":"Point","coordinates":[46.4,38.0]},"properties":{"region":2,"fire_occurred":0,"prediction":0.1403}},{"type":"Feature","geometry":{"type":"Point","coordinates":[46.6,31.6]},"properties":{"region":2,"fire_occurred":1,"prediction":0.0146}},{"type":"Feature","geometry":{"type":"Point","coordinates":[47.1,37.8]},"properties":{"region":2,"fire_occurred":0,"prediction":0.1161}},{"type":"Feature","geometry":{"type":"Point","coordinates":[47.2,30.5]},"properties":{"region":2,"fire_occurred":1,"prediction":0.0424}},{"type":"Feature","geometry":{"type":"Point","coordinates":[47.2,31.0]},"properties":{"region":2,"fire_occurred":1,"prediction":0.9863}},{"type":"Feature","geometry":{"type":"Point","coordinates":[47.2,32.2]},"properties":{"region":2,"fire_occurred":0,"prediction":0.6192}},{"type":"Feature","geometry":{"type":"Point","coordinates":[47.2,32.4]},"properties":{"region":2,"fire_occurred":1,"prediction":0.5516}},{"type":"Feature","geometry":{"type":"Point","coordinates":[47.2,32.5]},"properties":{"region":2,"fire_occurred":0,"prediction":0.2212}},{"type":"Feature","geometry":{"type":"Point","coordinates":[47.3,30.2]},"properties":{"region":2,"fire_occurred":0,"prediction":0.9387}},{"type":"Feature","geometry":{"type":"Point","coordinates":[47.3,30.5]},"properties":{"region":2,"fire_occurred":1,"prediction":0.9813}},{"type":"Feature","geometry":{"type":"Point","coordinates":[47.3,30.6]},"properties":{"region":2,"fire_occurred":1,"prediction":0.9766}},{"type":"Feature","geometry":{"type":"Point","coordinates":[47.3,30.7]},"properties":{"region":2,"fire_occurred":1,"prediction":0.5735}},{"type":"Feature","geometry":{"type":"Point","coordinates":[47.3,30.8]},"properties":{"region":2,"fire_occurred":0,"prediction":0.9228}},{"type":"Feature","geometry":{"type":"Point","coordinates":[47.3,31.0]},"properties":{"region":2,"fire_occurred":1,"prediction":0.2454}},{"type":"Feature","geometry":{"type":"Point","coordinates":[47.3,32.1]},"properties":{"region":2,"fire_occurred":1,"prediction":0.1301}},{"type":"Feature","geometry":{"type":"Point","coordinates":[47.4,31.6]},"properties":{"region":2,"fire_occurred":1,"prediction":0.9821}},{"type":"Feature","geometry":{"type":"Point","coordinates":[47.4,31.7]},"properties":{"region":2,"fire_occurred":0,"prediction":0.1712}},{"type":"Feature","geometry":{"type":"Point","coordinates":[47.4,32.1]},"properties":{"region":2,"fire_occurred":1,"prediction":0.972}},{"type":"Feature","geometry":{"type":"Point","coordinates":[47.4,32.3]},"properties":{"region":2,"fire_occurred":0,"prediction":0.1781}},{"type":"Feature","geometry":{"type":"Point","coordinates":[47.5,30.3]},"properties":{"region":2,"fire_occurred":1,"prediction":0.0078}},{"type":"Feature","geometry":{"type":"Point","coordinates":[47.5,30.4]},"properties":{"region":2,"fire_occurred":1,"prediction":0.3838}},{"type":"Feature","geometry":{"type":"Point","coordinates":[47.5,30.5]},"properties":{"region":2,"fire_occurred":1,"prediction":0.8107}},{"type":"Feature","geometry":{"type":"Point","coordinates":[47.5,31.6]},"properties":{"region":2,"fire_occurred":1,"prediction":0.9624}},{"type":"Feature","geometry":{"type":"Point","coordinates":[47.5,32.1]},"properties":{"region":2,"fire_occurred":0,"prediction":0.8855}},{"type":"Feature","geometry":{"type":"Point","coordinates":[47.6,30.3]},"properties":{"region":2,"fire_occurred":0,"prediction":0.1033}},{"type":"Feature","geometry":{"type":"Point","coordinates":[47.6,30.4]},"properties":{"region":2,"fire_occurred":1,"prediction":0.9019}},{"type":"Feature","geometry":{"type":"Point","coordinates":[47.6,30.5]},"properties":{"region":2,"fire_occurred":1,"prediction":0.9601}},{"type":"Feature","geometry":{"type":"Point","coordinates":[47.6,30.7]},"properties":{"region":2,"fire_occurred":0,"prediction":0.3567}},{"type":"Feature","geometry":{"type":"Point","coordinates":[47.6,31.0]},"properties":{"region":2,"fire_occurred":0,"prediction":0.6758}},{"type":"Feature","geometry":{"type":"Point","coordinates":[47.6,32.3]},"properties":{"region":2,"fire_occurred":1,"prediction":0.0627}},{"type":"Feature","geometry":{"type":"Point","coordinates":[47.6,38.3]},"properties":{"region":2,"fire_occurred":0,"prediction":0.1162}},{"type":"Feature","geometry":{"type":"Point","coordinates":[47.7,30.2]},"properties":{"region":2,"fire_occurred":0,"prediction":0.5735}},{"type":"Feature","geometry":{"type":"Point","coordinates":[47.7,30.3]},"properties":{"region":2,"fire_occurred":0,"prediction":0.1977}},{"type":"Feature","geometry":{"type":"Point","coordinates":[47.7,30.5]},"properties":{"region":2,"fire_occurred":0,"prediction":0.2867}},{"type":"Feature","geometry":{"type":"Point","coordinates":[47.7,31.0]},"properties":{"region":2,"fire_occurred":0,"prediction":0.6931}},{"type":"Feature","geometry":{"type":"Point","coordinates":[47.7,32.3]},"properties":{"region":2,"fire_occurred":1,"prediction":0.5021}},{"type":"Feature","geometry":{"type":"Point","coordinates":[47.8,31.4]},"properties":{"region":2,"fire_occurred":1,"prediction":0.9547}},{"type":"Feature","geometry":{"type":"Point","coordinates":[47.9,28.8]},"properties":{"region":2,"fire_occurred":0,"prediction":0.1115}},{"type":"Feature","geometry":{"type":"Point","coordinates":[48.0,29.0]},"properties":{"region":2,"fire_occurred":0,"prediction":0.1632}},{"type":"Feature","geometry":{"type":"Point","coordinates":[48.0,30.9]},"properties":{"region":2,"fire_occurred":1,"prediction":0.6735}},{"type":"Feature","geometry":{"type":"Point","coordinates":[48.0,31.4]},"properties":{"region":2,"fire_occurred":0,"prediction":0.1229}},{"type":"Feature","geometry":{"type":"Point","coordinates":[48.0,38.1]},"properties":{"region":2,"fire_occurred":0,"prediction":0.1024}},{"type":"Feature","geometry":{"type":"Point","coordinates":[48.1,28.9]},"properties":{"region":2,"fire_occurred":0,"prediction":0.1031}},{"type":"Feature","geometry":{"type":"Point","coordinates":[48.1,30.9]},"properties":{"region":2,"fire_occurred":0,"prediction":0.5441}},{"type":"Feature","geometry":{"type":"Point","coordinates":[48.1,31.0]},"properties":{"region":2,"fire_occurred":1,"prediction":0.9686}},{"type":"Feature","geometry":{"type":"Point","coordinates":[48.1,31.2]},"properties":{"region":2,"fire_occurred":1,"prediction":0.9789}},{"type":"Feature","geometry":{"type":"Point","coordinates":[48.1,31.4]},"properties":{"region":2,"fire_occurred":0,"prediction":0.1045}},{"type":"Feature","geometry":{"type":"Point","coordinates":[48.1,31.5]},"properties":{"region":2,"fire_occurred":0,"prediction":0.1337}},{"type":"Feature","geometry":{"type":"Point","coordinates":[48.1,32.2]},"properties":{"region":2,"fire_occurred":0,"prediction":0.1101}},{"type":"Feature","geometry":{"type":"Point","coordinates":[48.1,32.3]},"properties":{"region":2,"fire_occurred":0,"prediction":0.162}},{"type":"Feature","geometry":{"type":"Point","coordinates":[48.2,30.7]},"properties":{"region":2,"fire_occurred":1,"prediction":0.9391}},{"type":"Feature","geometry":{"type":"Point","coordinates":[48.2,30.9]},"properties":{"region":2,"fire_occurred":1,"prediction":0.0224}},{"type":"Feature","geometry":{"type":"Point","coordinates":[48.2,32.0]},"properties":{"region":2,"fire_occurred":0,"prediction":0.1041}},{"type":"Feature","geometry":{"type":"Point","coordinates":[48.2,32.1]},"properties":{"region":2,"fire_occurred":0,"prediction":0.1387}},{"type":"Feature","geometry":{"type":"Point","coordinates":[48.2,32.2]},"properties":{"region":2,"fire_occurred":0,"prediction":0.184}},{"type":"Feature","geometry":{"type":"Point","coordinates":[48.2,32.3]},"properties":{"region":2,"fire_occurred":0,"prediction":0.1461}},{"type":"Feature","geometry":{"type":"Point","coordinates":[48.3,31.4]},"properties":{"region":2,"fire_occurred":1,"prediction":0.1549}},{"type":"Feature","geometry":{"type":"Point","coordinates":[48.3,31.8]},"properties":{"region":2,"fire_occurred":0,"prediction":0.1256}},{"type":"Feature","geometry":{"type":"Point","coordinates":[48.3,32.0]},"properties":{"region":2,"fire_occurred":0,"prediction":0.1079}},{"type":"Feature","geometry":{"type":"Point","coordinates":[48.3,32.1]},"properties":{"region":2,"fire_occurred":0,"prediction":0.309}},{"type":"Feature","geometry":{"type":"Point","coordinates":[48.3,32.2]},"properties":{"region":2,"fire_occurred":0,"prediction":0.1307}},{"type":"Feature","geometry":{"type":"Point","coordinates":[48.3,32.3]},"properties":{"region":2,"fire_occurred":0,"prediction":0.1545}},{"type":"Feature","geometry":{"type":"Point","coordinates":[48.3,32.4]},"properties":{"region":2,"fire_occurred":0,"prediction":0.1378}},{"type":"Feature","geometry":{"type":"Point","coordinates":[48.4,31.1]},"properties":{"region":2,"fire_occurred":1,"prediction":0.104}},{"type":"Feature","geometry":{"type":"Point","coordinates":[48.4,31.3]},"properties":{"region":2,"fire_occurred":0,"prediction":0.2274}},{"type":"Feature","geometry":{"type":"Point","coordinates":[48.4,31.4]},"properties":{"region":2,"fire_occurred":0,"prediction":0.2243}},{"type":"Feature","geometry":{"type":"Point","coordinates":[48.4,31.8]},"properties":{"region":2,"fire_occurred":0,"prediction":0.2682}},{"type":"Feature","geometry":{"type":"Point","coordinates":[48.4,31.9]},"properties":{"region":2,"fire_occurred":1,"prediction":0.1603}},{"type":"Feature","geometry":{"type":"Point","coordinates":[48.4,32.1]},"properties":{"region":2,"fire_occurred":0,"prediction":0.2067}},{"type":"Feature","geometry":{"type":"Point","coordinates":[48.4,32.2]},"properties":{"region":2,"fire_occurred":0,"prediction":0.1171}},{"type":"Feature","geometry":{"type":"Point","coordinates":[48.5,31.2]},"properties":{"region":2,"fire_occurred":0,"prediction":0.1066}},{"type":"Feature","geometry":{"type":"Point","coordinates":[48.5,31.6]},"properties":{"region":2,"fire_occurred":0,"prediction":0.1135}},{"type":"Feature","geometry":{"type":"Point","coordinates":[48.5,31.7]},"properties":{"region":2,"fire_occurred":1,"prediction":0.0704}},{"type":"Feature","geometry":{"type":"Point","coordinates":[48.5,31.8]},"properties":{"region":2,"fire_occurred":0,"prediction":0.1026}},{"type":"Feature","geometry":{"type":"Point","coordinates":[48.5,31.9]},"properties":{"region":2,"fire_occurred":0,"prediction":0.1024}},{"type":"Feature","geometry":{"type":"Point","coordinates":[48.5,32.0]},"properties":{"region":2,"fire_occurred":0,"prediction":0.3136}},{"type":"Feature","geometry":{"type":"Point","coordinates":[48.5,32.1]},"properties":{"region":2,"fire_occurred":0,"prediction":0.1176}},{"type":"Feature","geometry":{"type":"Point","coordinates":[48.5,32.2]},"properties":{"region":2,"fire_occurred":0,"prediction":0.1611}},{"type":"Feature","geometry":{"type":"Point","coordinates":[48.5,32.3]},"properties":{"region":2,"fire_occurred":0,"prediction":0.1475}},{"type":"Feature","geometry":{"type":"Point","coordinates":[48.6,31.6]},"properties":{"region":2,"fire_occurred":0,"prediction":0.117}},{"type":"Feature","geometry":{"type":"Point","coordinates":[48.6,31.7]},"properties":{"region":2,"fire_occurred":0,"prediction":0.129}},{"type":"Feature","geometry":{"type":"Point","coordinates":[48.6,31.8]},"properties":{"region":2,"fire_occurred":1,"prediction":0.2599}},{"type":"Feature","geometry":{"type":"Point","coordinates":[48.6,32.1]},"properties":{"region":2,"fire_occurred":0,"prediction":0.1209}},{"type":"Feature","geometry":{"type":"Point","coordinates":[48.7,31.2]},"properties":{"region":2,"fire_occurred":1,"prediction":0.5962}},{"type":"Feature","geometry":{"type":"Point","coordinates":[48.7,31.6]},"properties":{"region":2,"fire_occurred":0,"prediction":0.1427}},{"type":"Feature","geometry":{"type":"Point","coordinates":[48.7,31.7]},"properties":{"region":2,"fire_occurred":0,"prediction":0.1373}},{"type":"Feature","geometry":{"type":"Point","coordinates":[48.7,31.9]},"properties":{"region":2,"fire_occurred":0,"prediction":0.1261}},{"type":"Feature","geometry":{"type":"Point","coordinates":[48.7,32.1]},"properties":{"region":2,"fire_occurred":0,"prediction":0.1286}},{"type":"Feature","geometry":{"type":"Point","coordinates":[48.8,30.9]},"properties":{"region":2,"fire_occurred":0,"prediction":0.1387}},{"type":"Feature","geometry":{"type":"Point","coordinates":[48.8,31.6]},"properties":{"region":2,"fire_occurred":1,"prediction":0.1339}},{"type":"Feature","geometry":{"type":"Point","coordinates":[48.8,31.8]},"properties":{"region":2,"fire_occurred":0,"prediction":0.1526}},{"type":"Feature","geometry":{"type":"Point","coordinates":[48.8,32.2]},"properties":{"region":2,"fire_occurred":0,"prediction":0.1045}},{"type":"Feature","geometry":{"type":"Point","coordinates":[48.9,31.2]},"properties":{"region":2,"fire_occurred":0,"prediction":0.8234}},{"type":"Feature","geometry":{"type":"Point","coordinates":[48.9,31.7]},"properties":{"region":2,"fire_occurred":0,"prediction":0.1219}},{"type":"Feature","geometry":{"type":"Point","coordinates":[48.9,31.9]},"properties":{"region":2,"fire_occurred":1,"prediction":0.0373}},{"type":"Feature","geometry":{"type":"Point","coordinates":[49.0,32.1]},"properties":{"region":2,"fire_occurred":0,"prediction":0.3913}},{"type":"Feature","geometry":{"type":"Point","coordinates":[49.1,23.9]},"properties":{"region":2,"fire_occurred":1,"prediction":0.0031}},{"type":"Feature","geometry":{"type":"Point","coordinates":[49.1,31.2]},"properties":{"region":2,"fire_occurred":0,"prediction":0.425}},{"type":"Feature","geometry":{"type":"Point","coordinates":[49.1,31.3]},"properties":{"region":2,"fire_occurred":1,"prediction":0.5618}},{"type":"Feature","geometry":{"type":"Point","coordinates":[49.3,25.6]},"properties":{"region":2,"fire_occurred":0,"prediction":0.1345}},{"type":"Feature","geometry":{"type":"Point","coordinates":[49.3,31.0]},"properties":{"region":2,"fire_occurred":0,"prediction":0.5998}},{"type":"Feature","geometry":{"type":"Point","coordinates":[49.3,31.1]},"properties":{"region":2,"fire_occurred":1,"prediction":0.8441}},{"type":"Feature","geometry":{"type":"Point","coordinates":[49.4,30.8]},"properties":{"region":2,"fire_occurred":0,"prediction":0.1421}},{"type":"Feature","geometry":{"type":"Point","coordinates":[49.5,26.9]},"properties":{"region":2,"fire_occurred":0,"prediction":0.161}},{"type":"Feature","geometry":{"type":"Point","coordinates":[49.5,27.0]},"properties":{"region":2,"fire_occurred":1,"prediction":0.8985}},{"type":"Feature","geometry":{"type":"Point","coordinates":[49.5,30.7]},"properties":{"region":2,"fire_occurred":0,"prediction":0.1758}},{"type":"Feature","geometry":{"type":"Point","coordinates":[49.6,37.1]},"properties":{"region":2,"fire_occurred":0,"prediction":0.1679}},{"type":"Feature","geometry":{"type":"Point","coordinates":[49.8,30.3]},"properties":{"region":2,"fire_occurred":1,"prediction":0.8004}},{"type":"Feature","geometry":{"type":"Point","coordinates":[49.8,30.7]},"properties":{"region":2,"fire_occurred":1,"prediction":0.2518}},{"type":"Feature","geometry":{"type":"Point","coordinates":[49.9,30.5]},"properties":{"region":2,"fire_occurred":0,"prediction":0.3658}},{"type":"Feature","geometry":{"type":"Point","coordinates":[51.3,29.2]},"properties":{"region":2,"fire_occurred":0,"prediction":0.101}},{"type":"Feature","geometry":{"type":"Point","coordinates":[52.1,27.7]},"properties":{"region":2,"fire_occurred":0,"prediction":0.8485}},{"type":"Feature","geometry":{"type":"Point","coordinates":[52.6,27.4]},"properties":{"region":2,"fire_occurred":1,"prediction":0.7165}},{"type":"Feature","geometry":{"type":"Point","coordinates":[52.6,27.5]},"properties":{"region":2,"fire_occurred":1,"prediction":0.9454}},{"type":"Feature","geometry":{"type":"Point","coordinates":[54.8,36.9]},"properties":{"region":2,"fire_occurred":0,"prediction":0.1087}},{"type":"Feature","geometry":{"type":"Point","coordinates":[55.1,37.0]},"properties":{"region":2,"fire_occurred":0,"prediction":0.1858}},{"type":"Feature","geometry":{"type":"Point","coordinates":[55.3,30.0]},"properties":{"region":2,"fire_occurred":0,"prediction":0.1188}},{"type":"Feature","geometry":{"type":"Point","coordinates":[55.4,23.1]},"properties":{"region":2,"fire_occurred":1,"prediction":0.9297}},{"type":"Feature","geometry":{"type":"Point","coordinates":[55.8,29.9]},"properties":{"region":2,"fire_occurred":0,"prediction":0.1064}},{"type":"Feature","geometry":{"type":"Point","coordinates":[56.0,27.1]},"properties":{"region":2,"fire_occurred":1,"prediction":0.1209}},{"type":"Feature","geometry":{"type":"Point","coordinates":[56.1,27.1]},"properties":{"region":2,"fire_occurred":1,"prediction":0.1786}},{"type":"Feature","geometry":{"type":"Point","coordinates":[57.3,48.2]},"properties":{"region":2,"fire_occurred":1,"prediction":0.7663}},{"type":"Feature","geometry":{"type":"Point","coordinates":[57.4,48.3]},"properties":{"region":2,"fire_occurred":1,"prediction":0.765}},{"type":"Feature","geometry":{"type":"Point","coordinates":[58.8,43.6]},"properties":{"region":2,"fire_occurred":1,"prediction":0.0316}},{"type":"Feature","geometry":{"type":"Point","coordinates":[58.9,43.6]},"properties":{"region":2,"fire_occurred":1,"prediction":0.0493}},{"type":"Feature","geometry":{"type":"Point","coordinates":[59.1,42.5]},"properties":{"region":2,"fire_occurred":1,"prediction":0.0059}},{"type":"Feature","geometry":{"type":"Point","coordinates":[63.8,44.9]},"properties":{"region":2,"fire_occurred":0,"prediction":0.1136}},{"type":"Feature","geometry":{"type":"Point","coordinates":[63.8,45.0]},"properties":{"region":2,"fire_occurred":1,"prediction":0.0967}},{"type":"Feature","geometry":{"type":"Point","coordinates":[66.7,44.9]},"properties":{"region":2,"fire_occurred":1,"prediction":0.0399}},{"type":"Feature","geometry":{"type":"Point","coordinates":[67.6,27.6]},"properties":{"region":2,"fire_occurred":1,"prediction":0.0119}},{"type":"Feature","geometry":{"type":"Point","coordinates":[67.7,47.7]},"properties":{"region":2,"fire_occurred":0,"prediction":0.2699}},{"type":"Feature","geometry":{"type":"Point","coordinates":[68.1,28.6]},"properties":{"region":2,"fire_occurred":1,"prediction":0.0055}},{"type":"Feature","geometry":{"type":"Point","coordinates":[69.4,41.0]},"properties":{"region":2,"fire_occurred":1,"prediction":0.0044}},{"type":"Feature","geometry":{"type":"Point","coordinates":[69.4,42.5]},"properties":{"region":2,"fire_occurred":1,"prediction":0.0299}},{"type":"Feature","geometry":{"type":"Point","coordinates":[70.1,41.0]},"properties":{"region":2,"fire_occurred":0,"prediction":0.1993}},{"type":"Feature","geometry":{"type":"Point","coordinates":[71.1,32.0]},"properties":{"region":2,"fire_occurred":1,"prediction":0.0114}},{"type":"Feature","geometry":{"type":"Point","coordinates":[71.3,32.7]},"properties":{"region":2,"fire_occurred":1,"prediction":0.0027}},{"type":"Feature","geometry":{"type":"Point","coordinates":[71.4,32.6]},"properties":{"region":2,"fire_occurred":1,"prediction":0.046}},{"type":"Feature","geometry":{"type":"Point","coordinates":[71.5,32.7]},"properties":{"region":2,"fire_occurred":1,"prediction":0.0211}},{"type":"Feature","geometry":{"type":"Point","coordinates":[71.9,30.6]},"properties":{"region":2,"fire_occurred":1,"prediction":0.0098}},{"type":"Feature","geometry":{"type":"Point","coordinates":[72.1,30.4]},"properties":{"region":2,"fire_occurred":1,"prediction":0.0268}},{"type":"Feature","geometry":{"type":"Point","coordinates":[72.3,30.1]},"properties":{"region":2,"fire_occurred":1,"prediction":0.009}},{"type":"Feature","geometry":{"type":"Point","coordinates":[72.3,31.5]},"properties":{"region":2,"fire_occurred":0,"prediction":0.1176}},{"type":"Feature","geometry":{"type":"Point","coordinates":[72.4,31.5]},"properties":{"region":2,"fire_occurred":1,"prediction":0.0708}},{"type":"Feature","geometry":{"type":"Point","coordinates":[72.5,32.3]},"properties":{"region":2,"fire_occurred":0,"prediction":0.119}},{"type":"Feature","geometry":{"type":"Point","coordinates":[72.9,31.5]},"properties":{"region":2,"fire_occurred":1,"prediction":0.0354}},{"type":"Feature","geometry":{"type":"Point","coordinates":[73.0,32.4]},"properties":{"region":2,"fire_occurred":0,"prediction":0.1204}},{"type":"Feature","geometry":{"type":"Point","coordinates":[73.1,31.1]},"properties":{"region":2,"fire_occurred":1,"prediction":0.0022}},{"type":"Feature","geometry":{"type":"Point","coordinates":[73.3,31.9]},"properties":{"region":2,"fire_occurred":1,"prediction":0.0553}},{"type":"Feature","geometry":{"type":"Point","coordinates":[73.3,32.4]},"properties":{"region":2,"fire_occurred":1,"prediction":0.0275}},{"type":"Feature","geometry":{"type":"Point","coordinates":[73.4,30.0]},"properties":{"region":2,"fire_occurred":1,"prediction":0.0059}},{"type":"Feature","geometry":{"type":"Point","coordinates":[73.4,31.9]},"properties":{"region":2,"fire_occurred":0,"prediction":0.1005}},{"type":"Feature","geometry":{"type":"Point","coordinates":[73.4,32.0]},"properties":{"region":2,"fire_occurred":0,"prediction":0.118}},{"type":"Feature","geometry":{"type":"Point","coordinates":[73.5,31.0]},"properties":{"region":2,"fire_occurred":1,"prediction":0.016}},{"type":"Feature","geometry":{"type":"Point","coordinates":[73.5,32.1]},"properties":{"region":2,"fire_occurred":1,"prediction":0.1256}},{"type":"Feature","geometry":{"type":"Point","coordinates":[73.5,32.2]},"properties":{"region":2,"fire_occurred":0,"prediction":0.1142}},{"type":"Feature","geometry":{"type":"Point","coordinates":[73.5,32.5]},"properties":{"region":2,"fire_occurred":0,"prediction":0.1098}},{"type":"Feature","geometry":{"type":"Point","coordinates":[73.6,31.3]},"properties":{"region":2,"fire_occurred":0,"prediction":0.1396}},{"type":"Feature","geometry":{"type":"Point","coordinates":[73.6,32.1]},"properties":{"region":2,"fire_occurred":0,"prediction":0.1303}},{"type":"Feature","geometry":{"type":"Point","coordinates":[73.6,32.2]},"properties":{"region":2,"fire_occurred":1,"prediction":0.1505}},{"type":"Feature","geometry":{"type":"Point","coordinates":[73.6,32.5]},"properties":{"region":2,"fire_occurred":0,"prediction":0.109}},{"type":"Feature","geometry":{"type":"Point","coordinates":[73.6,32.6]},"properties":{"region":2,"fire_occurred":1,"prediction":0.0086}},{"type":"Feature","geometry":{"type":"Point","coordinates":[73.7,31.2]},"properties":{"region":2,"fire_occurred":1,"prediction":0.1395}},{"type":"Feature","geometry":{"type":"Point","coordinates":[73.7,31.3]},"properties":{"region":2,"fire_occurred":1,"prediction":0.0474}},{"type":"Feature","geometry":{"type":"Point","coordinates":[73.7,31.5]},"properties":{"region":2,"fire_occurred":0,"prediction":0.101}},{"type":"Feature","geometry":{"type":"Point","coordinates":[73.7,32.1]},"properties":{"region":2,"fire_occurred":0,"prediction":0.1991}},{"type":"Feature","geometry":{"type":"Point","coordinates":[73.7,32.5]},"properties":{"region":2,"fire_occurred":1,"prediction":0.0587}},{"type":"Feature","geometry":{"type":"Point","coordinates":[73.7,47.8]},"properties":{"region":2,"fire_occurred":1,"prediction":0.0006}},{"type":"Feature","geometry":{"type":"Point","coordinates":[73.8,31.4]},"properties":{"region":2,"fire_occurred":1,"prediction":0.0763}},{"type":"Feature","geometry":{"type":"Point","coordinates":[73.8,32.1]},"properties":{"region":2,"fire_occurred":0,"prediction":0.2212}},{"type":"Feature","geometry":{"type":"Point","coordinates":[73.8,32.2]},"properties":{"region":2,"fire_occurred":0,"prediction":0.1547}},{"type":"Feature","geometry":{"type":"Point","coordinates":[73.8,32.3]},"properties":{"region":2,"fire_occurred":0,"prediction":0.1556}},{"type":"Feature","geometry":{"type":"Point","coordinates":[73.8,32.5]},"properties":{"region":2,"fire_occurred":1,"prediction":0.0383}},{"type":"Feature","geometry":{"type":"Point","coordinates":[73.9,30.4]},"properties":{"region":2,"fire_occurred":0,"prediction":0.123}},{"type":"Feature","geometry":{"type":"Point","coordinates":[73.9,30.6]},"properties":{"region":2,"fire_occurred":0,"prediction":0.1042}},{"type":"Feature","geometry":{"type":"Point","coordinates":[73.9,31.3]},"properties":{"region":2,"fire_occurred":1,"prediction":0.028}},{"type":"Feature","geometry":{"type":"Point","coordinates":[73.9,31.4]},"properties":{"region":2,"fire_occurred":1,"prediction":0.0692}},{"type":"Feature","geometry":{"type":"Point","coordinates":[73.9,32.3]},"properties":{"region":2,"fire_occurred":0,"prediction":0.1186}},{"type":"Feature","geometry":{"type":"Point","coordinates":[73.9,32.4]},"properties":{"region":2,"fire_occurred":1,"prediction":0.017}},{"type":"Feature","geometry":{"type":"Point","coordinates":[74.0,31.3]},"properties":{"region":2,"fire_occurred":1,"prediction":0.0352}},{"type":"Feature","geometry":{"type":"Point","coordinates":[74.0,31.9]},"properties":{"region":2,"fire_occurred":1,"prediction":0.0282}},{"type":"Feature","geometry":{"type":"Point","coordinates":[74.0,32.3]},"properties":{"region":2,"fire_occurred":0,"prediction":0.1575}},{"type":"Feature","geometry":{"type":"Point","coordinates":[74.1,30.6]},"properties":{"region":2,"fire_occurred":1,"prediction":0.0625}},{"type":"Feature","geometry":{"type":"Point","coordinates":[74.1,31.8]},"properties":{"region":2,"fire_occurred":1,"prediction":0.09}},{"type":"Feature","geometry":{"type":"Point","coordinates":[74.1,32.0]},"properties":{"region":2,"fire_occurred":1,"prediction":0.1069}},{"type":"Feature","geometry":{"type":"Point","coordinates":[74.2,30.4]},"properties":{"region":2,"fire_occurred":0,"prediction":0.1006}},{"type":"Feature","geometry":{"type":"Point","coordinates":[74.2,30.7]},"properties":{"region":2,"fire_occurred":1,"prediction":0.0419}},{"type":"Feature","geometry":{"type":"Point","coordinates":[74.2,31.8]},"properties":{"region":2,"fire_occurred":1,"prediction":0.0732}},{"type":"Feature","geometry":{"type":"Point","coordinates":[74.2,32.0]},"properties":{"region":2,"fire_occurred":0,"prediction":0.1786}},{"type":"Feature","geometry":{"type":"Point","coordinates":[74.2,32.4]},"properties":{"region":2,"fire_occurred":0,"prediction":0.1219}},{"type":"Feature","geometry":{"type":"Point","coordinates":[74.3,30.3]},"properties":{"region":2,"fire_occurred":1,"prediction":0.0459}},{"type":"Feature","geometry":{"type":"Point","coordinates":[74.3,30.4]},"properties":{"region":2,"fire_occurred":0,"prediction":0.1097}},{"type":"Feature","geometry":{"type":"Point","coordinates":[74.3,30.7]},"properties":{"region":2,"fire_occurred":0,"prediction":0.1133}},{"type":"Feature","geometry":{"type":"Point","coordinates":[74.3,30.8]},"properties":{"region":2,"fire_occurred":1,"prediction":0.0913}},{"type":"Feature","geometry":{"type":"Point","coordinates":[74.3,31.7]},"properties":{"region":2,"fire_occurred":0,"prediction":0.1373}},{"type":"Feature","geometry":{"type":"Point","coordinates":[74.3,31.8]},"properties":{"region":2,"fire_occurred":0,"prediction":0.1038}},{"type":"Feature","geometry":{"type":"Point","coordinates":[74.3,32.0]},"properties":{"region":2,"fire_occurred":0,"prediction":0.3872}},{"type":"Feature","geometry":{"type":"Point","coordinates":[74.3,32.1]},"properties":{"region":2,"fire_occurred":0,"prediction":0.1334}},{"type":"Feature","geometry":{"type":"Point","coordinates":[74.3,32.7]},"properties":{"region":2,"fire_occurred":1,"prediction":0.1241}},{"type":"Feature","geometry":{"type":"Point","coordinates":[74.4,30.0]},"properties":{"region":2,"fire_occurred":1,"prediction":0.0675}},{"type":"Feature","geometry":{"type":"Point","coordinates":[74.4,30.4]},"properties":{"region":2,"fire_occurred":1,"prediction":0.0612}},{"type":"Feature","geometry":{"type":"Point","coordinates":[74.4,30.5]},"properties":{"region":2,"fire_occurred":0,"prediction":0.1636}},{"type":"Feature","geometry":{"type":"Point","coordinates":[74.4,30.8]},"properties":{"region":2,"fire_occurred":1,"prediction":0.1616}},{"type":"Feature","geometry":{"type":"Point","coordinates":[74.4,31.5]},"properties":{"region":2,"fire_occurred":0,"prediction":0.1051}},{"type":"Feature","geometry":{"type":"Point","coordinates":[74.4,31.8]},"properties":{"region":2,"fire_occurred":1,"prediction":0.1566}},{"type":"Feature","geometry":{"type":"Point","coordinates":[74.4,31.9]},"properties":{"region":2,"fire_occurred":1,"prediction":0.0791}},{"type":"Feature","geometry":{"type":"Point","coordinates":[74.4,32.0]},"properties":{"region":2,"fire_occurred":0,"prediction":0.1795}},{"type":"Feature","geometry":{"type":"Point","coordinates":[74.4,32.1]},"properties":{"region":2,"fire_occurred":0,"prediction":0.4302}},{"type":"Feature","geometry":{"type":"Point","coordinates":[74.4,32.2]},"properties":{"region":2,"fire_occurred":1,"prediction":0.2707}},{"type":"Feature","geometry":{"type":"Point","coordinates":[74.4,32.3]},"properties":{"region":2,"fire_occurred":0,"prediction":0.103}},{"type":"Feature","geometry":{"type":"Point","coordinates":[74.4,32.5]},"properties":{"region":2,"fire_occurred":1,"prediction":0.1154}},{"type":"Feature","geometry":{"type":"Point","coordinates":[74.4,32.8]},"properties":{"region":2,"fire_occurred":1,"prediction":0.0874}},{"type":"Feature","geometry":{"type":"Point","coordinates":[74.4,45.9]},"properties":{"region":2,"fire_occurred":1,"prediction":0.0282}},{"type":"Feature","geometry":{"type":"Point","coordinates":[74.5,29.9]},"properties":{"region":2,"fire_occurred":1,"prediction":0.0867}},{"type":"Feature","geometry":{"type":"Point","coordinates":[74.5,30.3]},"properties":{"region":2,"fire_occurred":1,"prediction":0.0627}},{"type":"Feature","geometry":{"type":"Point","coordinates":[74.5,30.7]},"properties":{"region":2,"fire_occurred":0,"prediction":0.1045}},{"type":"Feature","geometry":{"type":"Point","coordinates":[74.5,30.8]},"properties":{"region":2,"fire_occurred":1,"prediction":0.1549}},{"type":"Feature","geometry":{"type":"Point","coordinates":[74.5,30.9]},"properties":{"region":2,"fire_occurred":0,"prediction":0.1106}},{"type":"Feature","geometry":{"type":"Point","coordinates":[74.5,31.5]},"properties":{"region":2,"fire_occurred":0,"prediction":0.1894}},{"type":"Feature","geometry":{"type":"Point","coordinates":[74.5,31.6]},"properties":{"region":2,"fire_occurred":0,"prediction":0.3557}},{"type":"Feature","geometry":{"type":"Point","coordinates":[74.5,31.7]},"properties":{"region":2,"fire_occurred":0,"prediction":0.1612}},{"type":"Feature","geometry":{"type":"Point","coordinates":[74.5,31.8]},"properties":{"region":2,"fire_occurred":0,"prediction":0.1382}},{"type":"Feature","geometry":{"type":"Point","coordinates":[74.5,31.9]},"properties":{"region":2,"fire_occurred":1,"prediction":0.1538}},{"type":"Feature","geometry":{"type":"Point","coordinates":[74.5,32.1]},"properties":{"region":2,"fire_occurred":0,"prediction":0.2129}},{"type":"Feature","geometry":{"type":"Point","coordinates":[74.5,32.2]},"properties":{"region":2,"fire_occurred":0,"prediction":0.261}},{"type":"Feature","geometry":{"type":"Point","coordinates":[74.5,32.7]},"properties":{"region":2,"fire_occurred":1,"prediction":0.0953}},{"type":"Feature","geometry":{"type":"Point","coordinates":[74.5,45.9]},"properties":{"region":2,"fire_occurred":1,"prediction":0.0108}},{"type":"Feature","geometry":{"type":"Point","coordinates":[74.6,30.3]},"properties":{"region":2,"fire_occurred":1,"prediction":0.0386}},{"type":"Feature","geometry":{"type":"Point","coordinates":[74.6,30.4]},"properties":{"region":2,"fire_occurred":1,"prediction":0.0333}},{"type":"Feature","geometry":{"type":"Point","coordinates":[74.6,30.6]},"properties":{"region":2,"fire_occurred":0,"prediction":0.1088}},{"type":"Feature","geometry":{"type":"Point","coordinates":[74.6,30.8]},"properties":{"region":2,"fire_occurred":0,"prediction":0.1357}},{"type":"Feature","geometry":{"type":"Point","coordinates":[74.6,30.9]},"properties":{"region":2,"fire_occurred":1,"prediction":0.1828}},{"type":"Feature","geometry":{"type":"Point","coordinates":[74.6,31.0]},"properties":{"region":2,"fire_occurred":0,"prediction":0.1694}},{"type":"Feature","geometry":{"type":"Point","coordinates":[74.6,31.2]},"properties":{"region":2,"fire_occurred":0,"prediction":0.147}},{"type":"Feature","geometry":{"type":"Point","coordinates":[74.6,31.3]},"properties":{"region":2,"fire_occurred":0,"prediction":0.103}},{"type":"Feature","geometry":{"type":"Point","coordinates":[74.6,31.4]},"properties":{"region":2,"fire_occurred":0,"prediction":0.2116}},{"type":"Feature","geometry":{"type":"Point","coordinates":[74.6,31.5]},"properties":{"region":2,"fire_occurred":0,"prediction":0.1871}},{"type":"Feature","geometry":{"type":"Point","coordinates":[74.6,31.6]},"properties":{"region":2,"fire_occurred":0,"prediction":0.2143}},{"type":"Feature","geometry":{"type":"Point","coordinates":[74.6,31.7]},"properties":{"region":2,"fire_occurred":0,"prediction":0.2062}},{"type":"Feature","geometry":{"type":"Point","coordinates":[74.6,31.8]},"properties":{"region":2,"fire_occurred":0,"prediction":0.2756}},{"type":"Feature","geometry":{"type":"Point","coordinates":[74.6,31.9]},"properties":{"region":2,"fire_occurred":1,"prediction":0.1454}},{"type":"Feature","geometry":{"type":"Point","coordinates":[74.6,32.0]},"properties":{"region":2,"fire_occurred":0,"prediction":0.1521}},{"type":"Feature","geometry":{"type":"Point","coordinates":[74.6,32.1]},"properties":{"region":2,"fire_occurred":0,"prediction":0.1175}},{"type":"Feature","geometry":{"type":"Point","coordinates":[74.6,32.5]},"properties":{"region":2,"fire_occurred":0,"prediction":0.2232}},{"type":"Feature","geometry":{"type":"Point","coordinates":[74.6,32.6]},"properties":{"region":2,"fire_occurred":1,"prediction":0.1944}},{"type":"Feature","geometry":{"type":"Point","coordinates":[74.6,32.7]},"properties":{"region":2,"fire_occurred":0,"prediction":0.1872}},{"type":"Feature","geometry":{"type":"Point","coordinates":[74.7,30.4]},"properties":{"region":2,"fire_occurred":0,"prediction":0.1159}},{"type":"Feature","geometry":{"type":"Point","coordinates":[74.7,30.5]},"properties":{"region":2,"fire_occurred":0,"prediction":0.1095}},{"type":"Feature","geometry":{"type":"Point","coordinates":[74.7,30.6]},"properties":{"region":2,"fire_occurred":0,"prediction":0.1118}},{"type":"Feature","geometry":{"type":"Point","coordinates":[74.7,30.9]},"properties":{"region":2,"fire_occurred":1,"prediction":0.1391}},{"type":"Feature","geometry":{"type":"Point","coordinates":[74.7,31.0]},"properties":{"region":2,"fire_occurred":1,"prediction":0.2179}},{"type":"Feature","geometry":{"type":"Point","coordinates":[74.7,31.1]},"properties":{"region":2,"fire_occurred":1,"prediction":0.0956}},{"type":"Feature","geometry":{"type":"Point","coordinates":[74.7,31.3]},"properties":{"region":2,"fire_occurred":0,"prediction":0.2083}},{"type":"Feature","geometry":{"type":"Point","coordinates":[74.7,31.4]},"properties":{"region":2,"fire_occurred":0,"prediction":0.219}},{"type":"Feature","geometry":{"type":"Point","coordinates":[74.7,31.5]},"properties":{"region":2,"fire_occurred":0,"prediction":0.103}},{"type":"Feature","geometry":{"type":"Point","coordinates":[74.7,31.7]},"properties":{"region":2,"fire_occurred":1,"prediction":0.1412}},{"type":"Feature","geometry":{"type":"Point","coordinates":[74.7,31.8]},"properties":{"region":2,"fire_occurred":0,"prediction":0.2903}},{"type":"Feature","geometry":{"type":"Point","coordinates":[74.7,31.9]},"properties":{"region":2,"fire_occurred":0,"prediction":0.1427}},{"type":"Feature","geometry":{"type":"Point","coordinates":[74.7,32.0]},"properties":{"region":2,"fire_occurred":1,"prediction":0.0859}},{"type":"Feature","geometry":{"type":"Point","coordinates":[74.7,32.1]},"properties":{"region":2,"fire_occurred":0,"prediction":0.101}},{"type":"Feature","geometry":{"type":"Point","coordinates":[74.7,32.4]},"properties":{"region":2,"fire_occurred":1,"prediction":0.1051}},{"type":"Feature","geometry":{"type":"Point","coordinates":[74.7,32.6]},"properties":{"region":2,"fire_occurred":0,"prediction":0.1236}},{"type":"Feature","geometry":{"type":"Point","coordinates":[74.8,29.9]},"properties":{"region":2,"fire_occurred":1,"prediction":0.0121}},{"type":"Feature","geometry":{"type":"Point","coordinates":[74.8,30.1]},"properties":{"region":2,"fire_occurred":0,"prediction":0.153}},{"type":"Feature","geometry":{"type":"Point","coordinates":[74.8,30.2]},"properties":{"region":2,"fire_occurred":0,"prediction":0.1186}},{"type":"Feature","geometry":{"type":"Point","coordinates":[74.8,30.6]},"properties":{"region":2,"fire_occurred":1,"prediction":0.0456}},{"type":"Feature","geometry":{"type":"Point","coordinates":[74.8,31.0]},"properties":{"region":2,"fire_occurred":1,"prediction":0.2179}},{"type":"Feature","geometry":{"type":"Point","coordinates":[74.8,31.1]},"properties":{"region":2,"fire_occurred":1,"prediction":0.0805}},{"type":"Feature","geometry":{"type":"Point","coordinates":[74.8,31.2]},"properties":{"region":2,"fire_occurred":0,"prediction":0.1067}},{"type":"Feature","geometry":{"type":"Point","coordinates":[74.8,31.4]},"properties":{"region":2,"fire_occurred":0,"prediction":0.1684}},{"type":"Feature","geometry":{"type":"Point","coordinates":[74.8,31.8]},"properties":{"region":2,"fire_occurred":0,"prediction":0.2906}},{"type":"Feature","geometry":{"type":"Point","coordinates":[74.8,31.9]},"properties":{"region":2,"fire_occurred":0,"prediction":0.2192}},{"type":"Feature","geometry":{"type":"Point","coordinates":[74.8,32.1]},"properties":{"region":2,"fire_occurred":1,"prediction":0.0538}},{"type":"Feature","geometry":{"type":"Point","coordinates":[74.9,30.1]},"properties":{"region":2,"fire_occurred":0,"prediction":0.1186}},{"type":"Feature","geometry":{"type":"Point","coordinates":[74.9,30.4]},"properties":{"region":2,"fire_occurred":0,"prediction":0.1053}},{"type":"Feature","geometry":{"type":"Point","coordinates":[74.9,30.9]},"properties":{"region":2,"fire_occurred":0,"prediction":0.1071}},{"type":"Feature","geometry":{"type":"Point","coordinates":[74.9,31.0]},"properties":{"region":2,"fire_occurred":0,"prediction":0.1124}},{"type":"Feature","geometry":{"type":"Point","coordinates":[74.9,31.3]},"properties":{"region":2,"fire_occurred":0,"prediction":0.1863}},{"type":"Feature","geometry":{"type":"Point","coordinates":[74.9,31.5]},"properties":{"region":2,"fire_occurred":0,"prediction":0.1261}},{"type":"Feature","geometry":{"type":"Point","coordinates":[74.9,31.8]},"properties":{"region":2,"fire_occurred":0,"prediction":0.1188}},{"type":"Feature","geometry":{"type":"Point","coordinates":[74.9,31.9]},"properties":{"region":2,"fire_occurred":0,"prediction":0.172}},{"type":"Feature","geometry":{"type":"Point","coordinates":[74.9,32.0]},"properties":{"region":2,"fire_occurred":1,"prediction":0.0401}},{"type":"Feature","geometry":{"type":"Point","coordinates":[74.9,32.4]},"properties":{"region":2,"fire_occurred":1,"prediction":0.1125}},{"type":"Feature","geometry":{"type":"Point","coordinates":[74.9,32.5]},"properties":{"region":2,"fire_occurred":0,"prediction":0.1815}},{"type":"Feature","geometry":{"type":"Point","coordinates":[74.9,46.8]},"properties":{"region":2,"fire_occurred":1,"prediction":0.2779}},{"type":"Feature","geometry":{"type":"Point","coordinates":[75.0,30.9]},"properties":{"region":2,"fire_occurred":1,"prediction":0.1506}},{"type":"Feature","geometry":{"type":"Point","coordinates":[75.0,31.0]},"properties":{"region":2,"fire_occurred":1,"prediction":0.3209}},{"type":"Feature","geometry":{"type":"Point","coordinates":[75.0,31.1]},"properties":{"region":2,"fire_occurred":1,"prediction":0.0515}},{"type":"Feature","geometry":{"type":"Point","coordinates":[75.0,31.2]},"properties":{"region":2,"fire_occurred":0,"prediction":0.193}},{"type":"Feature","geometry":{"type":"Point","coordinates":[75.0,31.3]},"properties":{"region":2,"fire_occurred":0,"prediction":0.1832}},{"type":"Feature","geometry":{"type":"Point","coordinates":[75.0,31.4]},"properties":{"region":2,"fire_occurred":0,"prediction":0.1038}},{"type":"Feature","geometry":{"type":"Point","coordinates":[75.0,31.5]},"properties":{"region":2,"fire_occurred":0,"prediction":0.1252}},{"type":"Feature","geometry":{"type":"Point","coordinates":[75.0,31.6]},"properties":{"region":2,"fire_occurred":0,"prediction":0.1055}},{"type":"Feature","geometry":{"type":"Point","coordinates":[75.0,31.7]},"properties":{"region":2,"fire_occurred":1,"prediction":0.1067}},{"type":"Feature","geometry":{"type":"Point","coordinates":[75.0,31.9]},"properties":{"region":2,"fire_occurred":0,"prediction":0.1072}},{"type":"Feature","geometry":{"type":"Point","coordinates":[75.0,32.4]},"properties":{"region":2,"fire_occurred":0,"prediction":0.1556}},{"type":"Feature","geometry":{"type":"Point","coordinates":[75.1,30.7]},"properties":{"region":2,"fire_occurred":1,"prediction":0.0188}},{"type":"Feature","geometry":{"type":"Point","coordinates":[75.1,30.9]},"properties":{"region":2,"fire_occurred":1,"prediction":0.1076}},{"type":"Feature","geometry":{"type":"Point","coordinates":[75.1,31.0]},"properties":{"region":2,"fire_occurred":1,"prediction":0.222}},{"type":"Feature","geometry":{"type":"Point","coordinates":[75.1,31.1]},"properties":{"region":2,"fire_occurred":1,"prediction":0.1084}},{"type":"Feature","geometry":{"type":"Point","coordinates":[75.1,31.2]},"properties":{"region":2,"fire_occurred":0,"prediction":0.1347}},{"type":"Feature","geometry":{"type":"Point","coordinates":[75.1,31.3]},"properties":{"region":2,"fire_occurred":0,"prediction":0.1545}},{"type":"Feature","geometry":{"type":"Point","coordinates":[75.1,31.4]},"properties":{"region":2,"fire_occurred":0,"prediction":0.135}},{"type":"Feature","geometry":{"type":"Point","coordinates":[75.1,31.5]},"properties":{"region":2,"fire_occurred":1,"prediction":0.1357}},{"type":"Feature","geometry":{"type":"Point","coordinates":[75.1,31.6]},"properties":{"region":2,"fire_occurred":1,"prediction":0.0612}},{"type":"Feature","geometry":{"type":"Point","coordinates":[75.1,31.7]},"properties":{"region":2,"fire_occurred":1,"prediction":0.1185}},{"type":"Feature","geometry":{"type":"Point","coordinates":[75.1,31.8]},"properties":{"region":2,"fire_occurred":1,"prediction":0.1605}},{"type":"Feature","geometry":{"type":"Point","coordinates":[75.1,32.1]},"properties":{"region":2,"fire_occurred":1,"prediction":0.0246}},{"type":"Feature","geometry":{"type":"Point","coordinates":[75.2,30.9]},"properties":{"region":2,"fire_occurred":0,"prediction":0.1185}},{"type":"Feature","geometry":{"type":"Point","coordinates":[75.2,31.0]},"properties":{"region":2,"fire_occurred":1,"prediction":0.1512}},{"type":"Feature","geometry":{"type":"Point","coordinates":[75.2,31.1]},"properties":{"region":2,"fire_occurred":0,"prediction":0.1538}},{"type":"Feature","geometry":{"type":"Point","coordinates":[75.2,31.2]},"properties":{"region":2,"fire_occurred":0,"prediction":0.2688}},{"type":"Feature","geometry":{"type":"Point","coordinates":[75.2,31.4]},"properties":{"region":2,"fire_occurred":1,"prediction":0.0589}},{"type":"Feature","geometry":{"type":"Point","coordinates":[75.2,31.5]},"properties":{"region":2,"fire_occurred":1,"prediction":0.195}},{"type":"Feature","geometry":{"type":"Point","coordinates":[75.2,31.6]},"properties":{"region":2,"fire_occurred":1,"prediction":0.1586}},{"type":"Feature","geometry":{"type":"Point","coordinates":[75.2,31.7]},"properties":{"region":2,"fire_occurred":0,"prediction":0.1791}},{"type":"Feature","geometry":{"type":"Point","coordinates":[75.2,31.8]},"properties":{"region":2,"fire_occurred":0,"prediction":0.2219}},{"type":"Feature","geometry":{"type":"Point","coordinates":[75.3,30.8]},"properties":{"region":2,"fire_occurred":1,"prediction":0.0371}},{"type":"Feature","geometry":{"type":"Point","coordinates":[75.3,30.9]},"properties":{"region":2,"fire_occurred":1,"prediction":0.1905}},{"type":"Feature","geometry":{"type":"Point","coordinates":[75.3,31.3]},"properties":{"region":2,"fire_occurred":0,"prediction":0.101}},{"type":"Feature","geometry":{"type":"Point","coordinates":[75.3,31.4]},"properties":{"region":2,"fire_occurred":1,"prediction":0.1518}},{"type":"Feature","geometry":{"type":"Point","coordinates":[75.3,31.5]},"properties":{"region":2,"fire_occurred":1,"prediction":0.1468}},{"type":"Feature","geometry":{"type":"Point","coordinates":[75.3,31.6]},"properties":{"region":2,"fire_occurred":0,"prediction":0.2035}},{"type":"Feature","geometry":{"type":"Point","coordinates":[75.3,31.7]},"properties":{"region":2,"fire_occurred":1,"prediction":0.2869}},{"type":"Feature","geometry":{"type":"Point","coordinates":[75.3,31.8]},"properties":{"region":2,"fire_occurred":0,"prediction":0.2693}},{"type":"Feature","geometry":{"type":"Point","coordinates":[75.3,31.9]},"properties":{"region":2,"fire_occurred":0,"prediction":0.1652}},{"type":"Feature","geometry":{"type":"Point","coordinates":[75.3,32.1]},"properties":{"region":2,"fire_occurred":0,"prediction":0.1175}},{"type":"Feature","geometry":{"type":"Point","coordinates":[75.3,32.3]},"properties":{"region":2,"fire_occurred":1,"prediction":0.0505}},{"type":"Feature","geometry":{"type":"Point","coordinates":[75.3,32.4]},"properties":{"region":2,"fire_occurred":1,"prediction":0.0676}},{"type":"Feature","geometry":{"type":"Point","coordinates":[75.4,30.9]},"properties":{"region":2,"fire_occurred":0,"prediction":0.1424}},{"type":"Feature","geometry":{"type":"Point","coordinates":[75.4,31.4]},"properties":{"region":2,"fire_occurred":0,"prediction":0.1513}},{"type":"Feature","geometry":{"type":"Point","coordinates":[75.4,31.5]},"properties":{"region":2,"fire_occurred":1,"prediction":0.2016}},{"type":"Feature","geometry":{"type":"Point","coordinates":[75.4,31.6]},"properties":{"region":2,"fire_occurred":0,"prediction":0.1223}},{"type":"Feature","geometry":{"type":"Point","coordinates":[75.4,31.7]},"properties":{"region":2,"fire_occurred":0,"prediction":0.1183}},{"type":"Feature","geometry":{"type":"Point","coordinates":[75.4,31.8]},"properties":{"region":2,"fire_occurred":1,"prediction":0.3203}},{"type":"Feature","geometry":{"type":"Point","coordinates":[75.4,31.9]},"properties":{"region":2,"fire_occurred":0,"prediction":0.2471}},{"type":"Feature","geometry":{"type":"Point","coordinates":[75.4,32.0]},"properties":{"region":2,"fire_occurred":0,"prediction":0.1415}},{"type":"Feature","geometry":{"type":"Point","coordinates":[75.4,32.1]},"properties":{"region":2,"fire_occurred":0,"prediction":0.1388}},{"type":"Feature","geometry":{"type":"Point","coordinates":[75.4,32.3]},"properties":{"region":2,"fire_occurred":1,"prediction":0.0828}},{"type":"Feature","geometry":{"type":"Point","coordinates":[75.4,32.4]},"properties":{"region":2,"fire_occurred":1,"prediction":0.0548}},{"type":"Feature","geometry":{"type":"Point","coordinates":[75.4,32.5]},"properties":{"region":2,"fire_occurred":1,"prediction":0.0107}},{"type":"Feature","geometry":{"type":"Point","coordinates":[75.5,31.1]},"properties":{"region":2,"fire_occurred":0,"prediction":0.1664}},{"type":"Feature","geometry":{"type":"Point","coordinates":[75.5,31.6]},"properties":{"region":2,"fire_occurred":1,"prediction":0.0892}},{"type":"Feature","geometry":{"type":"Point","coordinates":[75.5,31.7]},"properties":{"region":2,"fire_occurred":0,"prediction":0.3659}},{"type":"Feature","geometry":{"type":"Point","coordinates":[75.5,31.8]},"properties":{"region":2,"fire_occurred":0,"prediction":0.1756}},{"type":"Feature","geometry":{"type":"Point","coordinates":[75.5,31.9]},"properties":{"region":2,"fire_occurred":0,"prediction":0.1809}},{"type":"Feature","geometry":{"type":"Point","coordinates":[75.5,32.0]},"properties":{"region":2,"fire_occurred":0,"prediction":0.1453}},{"type":"Feature","geometry":{"type":"Point","coordinates":[75.5,32.1]},"properties":{"region":2,"fire_occurred":0,"prediction":0.1758}},{"type":"Feature","geometry":{"type":"Point","coordinates":[75.5,32.2]},"properties":{"region":2,"fire_occurred":0,"prediction":0.1192}},{"type":"Feature","geometry":{"type":"Point","coordinates":[75.6,30.9]},"properties":{"region":2,"fire_occurred":0,"prediction":0.1905}},{"type":"Feature","geometry":{"type":"Point","coordinates":[75.6,31.1]},"properties":{"region":2,"fire_occurred":0,"prediction":0.1044}},{"type":"Feature","geometry":{"type":"Point","coordinates":[75.6,31.5]},"properties":{"region":2,"fire_occurred":0,"prediction":0.1636}},{"type":"Feature","geometry":{"type":"Point","coordinates":[75.6,31.6]},"properties":{"region":2,"fire_occurred":0,"prediction":0.2159}},{"type":"Feature","geometry":{"type":"Point","coordinates":[75.6,31.7]},"properties":{"region":2,"fire_occurred":0,"prediction":0.2107}},{"type":"Feature","geometry":{"type":"Point","coordinates":[75.6,31.8]},"properties":{"region":2,"fire_occurred":0,"prediction":0.1512}},{"type":"Feature","geometry":{"type":"Point","coordinates":[75.6,31.9]},"properties":{"region":2,"fire_occurred":0,"prediction":0.2106}},{"type":"Feature","geometry":{"type":"Point","coordinates":[75.6,32.0]},"properties":{"region":2,"fire_occurred":0,"prediction":0.1234}},{"type":"Feature","geometry":{"type":"Point","coordinates":[75.6,32.1]},"properties":{"region":2,"fire_occurred":0,"prediction":0.1276}},{"type":"Feature","geometry":{"type":"Point","coordinates":[75.7,31.3]},"properties":{"region":2,"fire_occurred":0,"prediction":0.1068}},{"type":"Feature","geometry":{"type":"Point","coordinates":[75.7,31.4]},"properties":{"region":2,"fire_occurred":1,"prediction":0.0728}},{"type":"Feature","geometry":{"type":"Point","coordinates":[75.7,31.6]},"properties":{"region":2,"fire_occurred":0,"prediction":0.1387}},{"type":"Feature","geometry":{"type":"Point","coordinates":[75.7,32.0]},"properties":{"region":2,"fire_occurred":1,"prediction":0.0024}},{"type":"Feature","geometry":{"type":"Point","coordinates":[75.8,31.9]},"properties":{"region":2,"fire_occurred":1,"prediction":0.0022}},{"type":"Feature","geometry":{"type":"Point","coordinates":[75.9,25.4]},"properties":{"region":2,"fire_occurred":1,"prediction":0.0238}},{"type":"Feature","geometry":{"type":"Point","coordinates":[75.9,31.4]},"properties":{"region":2,"fire_occurred":0,"prediction":0.2231}},{"type":"Feature","geometry":{"type":"Point","coordinates":[76.0,17.1]},"properties":{"region":2,"fire_occurred":1,"prediction":0.0018}},{"type":"Feature","geometry":{"type":"Point","coordinates":[76.0,22.4]},"properties":{"region":2,"fire_occurred":1,"prediction":0.0044}},{"type":"Feature","geometry":{"type":"Point","coordinates":[76.0,30.9]},"properties":{"region":2,"fire_occurred":0,"prediction":0.1062}},{"type":"Feature","geometry":{"type":"Point","coordinates":[76.2,31.0]},"properties":{"region":2,"fire_occurred":0,"prediction":0.116}},{"type":"Feature","geometry":{"type":"Point","coordinates":[76.3,30.5]},"properties":{"region":2,"fire_occurred":0,"prediction":0.1573}},{"type":"Feature","geometry":{"type":"Point","coordinates":[76.4,30.1]},"properties":{"region":2,"fire_occurred":0,"prediction":0.1078}},{"type":"Feature","geometry":{"type":"Point","coordinates":[76.4,30.2]},"properties":{"region":2,"fire_occurred":0,"prediction":0.135}},{"type":"Feature","geometry":{"type":"Point","coordinates":[76.4,30.6]},"properties":{"region":2,"fire_occurred":0,"prediction":0.1213}},{"type":"Feature","geometry":{"type":"Point","coordinates":[76.4,30.8]},"properties":{"region":2,"fire_occurred":0,"prediction":0.205}},{"type":"Feature","geometry":{"type":"Point","coordinates":[76.4,30.9]},"properties":{"region":2,"fire_occurred":0,"prediction":0.4287}},{"type":"Feature","geometry":{"type":"Point","coordinates":[76.5,30.6]},"properties":{"region":2,"fire_occurred":0,"prediction":0.2953}},{"type":"Feature","geometry":{"type":"Point","coordinates":[76.5,30.8]},"properties":{"region":2,"fire_occurred":0,"prediction":0.1002}},{"type":"Feature","geometry":{"type":"Point","coordinates":[76.6,29.9]},"properties":{"region":2,"fire_occurred":0,"prediction":0.1372}},{"type":"Feature","geometry":{"type":"Point","coordinates":[76.7,29.8]},"properties":{"region":2,"fire_occurred":0,"prediction":0.1021}},{"type":"Feature","geometry":{"type":"Point","coordinates":[76.7,29.9]},"properties":{"region":2,"fire_occurred":0,"prediction":0.165}},{"type":"Feature","geometry":{"type":"Point","coordinates":[76.8,29.9]},"properties":{"region":2,"fire_occurred":0,"prediction":0.1241}},{"type":"Feature","geometry":{"type":"Point","coordinates":[76.9,29.3]},"properties":{"region":2,"fire_occurred":0,"prediction":0.1032}},{"type":"Feature","geometry":{"type":"Point","coordinates":[76.9,29.4]},"properties":{"region":2,"fire_occurred":0,"prediction":0.1846}},{"type":"Feature","geometry":{"type":"Point","coordinates":[76.9,29.5]},"properties":{"region":2,"fire_occurred":0,"prediction":0.1393}},{"type":"Feature","geometry":{"type":"Point","coordinates":[76.9,29.6]},"properties":{"region":2,"fire_occurred":0,"prediction":0.175}},{"type":"Feature","geometry":{"type":"Point","coordinates":[76.9,29.7]},"properties":{"region":2,"fire_occurred":0,"prediction":0.1768}},{"type":"Feature","geometry":{"type":"Point","coordinates":[76.9,29.8]},"properties":{"region":2,"fire_occurred":0,"prediction":0.1599}},{"type":"Feature","geometry":{"type":"Point","coordinates":[77.0,29.3]},"properties":{"region":2,"fire_occurred":0,"prediction":0.1118}},{"type":"Feature","geometry":{"type":"Point","coordinates":[77.0,29.4]},"properties":{"region":2,"fire_occurred":0,"prediction":0.1068}},{"type":"Feature","geometry":{"type":"Point","coordinates":[77.0,29.5]},"properties":{"region":2,"fire_occurred":0,"prediction":0.1874}},{"type":"Feature","geometry":{"type":"Point","coordinates":[77.0,29.6]},"properties":{"region":2,"fire_occurred":0,"prediction":0.2355}},{"type":"Feature","geometry":{"type":"Point","coordinates":[77.0,29.7]},"properties":{"region":2,"fire_occurred":0,"prediction":0.239}},{"type":"Feature","geometry":{"type":"Point","coordinates":[77.0,30.0]},"properties":{"region":2,"fire_occurred":0,"prediction":0.2334}},{"type":"Feature","geometry":{"type":"Point","coordinates":[77.1,29.5]},"properties":{"region":2,"fire_occurred":0,"prediction":0.1561}},{"type":"Feature","geometry":{"type":"Point","coordinates":[77.1,29.6]},"properties":{"region":2,"fire_occurred":0,"prediction":0.1097}},{"type":"Feature","geometry":{"type":"Point","coordinates":[77.1,29.7]},"properties":{"region":2,"fire_occurred":0,"prediction":0.2038}},{"type":"Feature","geometry":{"type":"Point","coordinates":[77.2,28.9]},"properties":{"region":2,"fire_occurred":0,"prediction":0.1095}},{"type":"Feature","geometry":{"type":"Point","coordinates":[77.2,29.5]},"properties":{"region":2,"fire_occurred":0,"prediction":0.116}},{"type":"Feature","geometry":{"type":"Point","coordinates":[77.2,30.0]},"properties":{"region":2,"fire_occurred":0,"prediction":0.1435}},{"type":"Feature","geometry":{"type":"Point","coordinates":[77.3,30.0]},"properties":{"region":2,"fire_occurred":0,"prediction":0.1153}},{"type":"Feature","geometry":{"type":"Point","coordinates":[77.4,28.4]},"properties":{"region":2,"fire_occurred":1,"prediction":0.0761}},{"type":"Feature","geometry":{"type":"Point","coordinates":[77.4,29.3]},"properties":{"region":2,"fire_occurred":0,"prediction":0.1033}},{"type":"Feature","geometry":{"type":"Point","coordinates":[77.4,29.5]},"properties":{"region":2,"fire_occurred":0,"prediction":0.1246}},{"type":"Feature","geometry":{"type":"Point","coordinates":[77.4,30.2]},"properties":{"region":2,"fire_occurred":0,"prediction":0.1037}},{"type":"Feature","geometry":{"type":"Point","coordinates":[77.5,28.4]},"properties":{"region":2,"fire_occurred":0,"prediction":0.1087}},{"type":"Feature","geometry":{"type":"Point","coordinates":[77.5,29.3]},"properties":{"region":2,"fire_occurred":0,"prediction":0.1965}},{"type":"Feature","geometry":{"type":"Point","coordinates":[77.5,29.4]},"properties":{"region":2,"fire_occurred":0,"prediction":0.1489}},{"type":"Feature","geometry":{"type":"Point","coordinates":[77.5,29.5]},"properties":{"region":2,"fire_occurred":0,"prediction":0.1385}},{"type":"Feature","geometry":{"type":"Point","coordinates":[77.6,29.2]},"properties":{"region":2,"fire_occurred":0,"prediction":0.102}},{"type":"Feature","geometry":{"type":"Point","coordinates":[77.6,29.3]},"properties":{"region":2,"fire_occurred":0,"prediction":0.1409}},{"type":"Feature","geometry":{"type":"Point","coordinates":[77.6,29.4]},"properties":{"region":2,"fire_occurred":0,"prediction":0.1017}},{"type":"Feature","geometry":{"type":"Point","coordinates":[77.7,29.0]},"properties":{"region":2,"fire_occurred":0,"prediction":0.1647}},{"type":"Feature","geometry":{"type":"Point","coordinates":[77.7,29.1]},"properties":{"region":2,"fire_occurred":0,"prediction":0.1758}},{"type":"Feature","geometry":{"type":"Point","coordinates":[77.7,29.2]},"properties":{"region":2,"fire_occurred":0,"prediction":0.2686}},{"type":"Feature","geometry":{"type":"Point","coordinates":[77.7,29.3]},"properties":{"region":2,"fire_occurred":0,"prediction":0.2115}},{"type":"Feature","geometry":{"type":"Point","coordinates":[77.7,29.5]},"properties":{"region":2,"fire_occurred":0,"prediction":0.1174}},{"type":"Feature","geometry":{"type":"Point","coordinates":[77.8,29.0]},"properties":{"region":2,"fire_occurred":0,"prediction":0.1589}},{"type":"Feature","geometry":{"type":"Point","coordinates":[77.8,29.1]},"properties":{"region":2,"fire_occurred":0,"prediction":0.1344}},{"type":"Feature","geometry":{"type":"Point","coordinates":[77.8,29.2]},"properties":{"region":2,"fire_occurred":0,"prediction":0.1269}},{"type":"Feature","geometry":{"type":"Point","coordinates":[77.8,29.3]},"properties":{"region":2,"fire_occurred":0,"prediction":0.2013}},{"type":"Feature","geometry":{"type":"Point","coordinates":[77.8,29.4]},"properties":{"region":2,"fire_occurred":0,"prediction":0.1071}},{"type":"Feature","geometry":{"type":"Point","coordinates":[77.8,29.7]},"properties":{"region":2,"fire_occurred":0,"prediction":0.1068}},{"type":"Feature","geometry":{"type":"Point","coordinates":[77.9,28.9]},"properties":{"region":2,"fire_occurred":0,"prediction":0.1969}},{"type":"Feature","geometry":{"type":"Point","coordinates":[77.9,29.2]},"properties":{"region":2,"fire_occurred":0,"prediction":0.1201}},{"type":"Feature","geometry":{"type":"Point","coordinates":[77.9,29.3]},"properties":{"region":2,"fire_occurred":0,"prediction":0.1845}},{"type":"Feature","geometry":{"type":"Point","coordinates":[78.0,28.7]},"properties":{"region":2,"fire_occurred":0,"prediction":0.1233}},{"type":"Feature","geometry":{"type":"Point","coordinates":[78.0,28.9]},"properties":{"region":2,"fire_occurred":0,"prediction":0.3177}},{"type":"Feature","geometry":{"type":"Point","coordinates":[78.1,29.1]},"properties":{"region":2,"fire_occurred":1,"prediction":0.0348}},{"type":"Feature","geometry":{"type":"Point","coordinates":[78.2,28.5]},"properties":{"region":2,"fire_occurred":0,"prediction":0.103}},{"type":"Feature","geometry":{"type":"Point","coordinates":[78.4,28.6]},"properties":{"region":2,"fire_occurred":0,"prediction":0.1619}},{"type":"Feature","geometry":{"type":"Point","coordinates":[78.4,28.7]},"properties":{"region":2,"fire_occurred":0,"prediction":0.1722}},{"type":"Feature","geometry":{"type":"Point","coordinates":[78.4,28.8]},"properties":{"region":2,"fire_occurred":0,"prediction":0.2149}},{"type":"Feature","geometry":{"type":"Point","coordinates":[78.4,29.7]},"properties":{"region":2,"fire_occurred":0,"prediction":0.1638}},{"type":"Feature","geometry":{"type":"Point","coordinates":[78.5,28.6]},"properties":{"region":2,"fire_occurred":0,"prediction":0.1629}},{"type":"Feature","geometry":{"type":"Point","coordinates":[78.5,28.7]},"properties":{"region":2,"fire_occurred":0,"prediction":0.1728}},{"type":"Feature","geometry":{"type":"Point","coordinates":[78.5,28.8]},"properties":{"region":2,"fire_occurred":0,"prediction":0.1366}},{"type":"Feature","geometry":{"type":"Point","coordinates":[78.5,29.0]},"properties":{"region":2,"fire_occurred":0,"prediction":0.1363}},{"type":"Feature","geometry":{"type":"Point","coordinates":[78.6,28.8]},"properties":{"region":2,"fire_occurred":0,"prediction":0.1565}},{"type":"Feature","geometry":{"type":"Point","coordinates":[78.6,29.3]},"properties":{"region":2,"fire_occurred":0,"prediction":0.1311}},{"type":"Feature","geometry":{"type":"Point","coordinates":[78.7,29.5]},"properties":{"region":2,"fire_occurred":0,"prediction":0.1296}},{"type":"Feature","geometry":{"type":"Point","coordinates":[78.9,29.1]},"properties":{"region":2,"fire_occurred":0,"prediction":0.1016}},{"type":"Feature","geometry":{"type":"Point","coordinates":[79.1,28.5]},"properties":{"region":2,"fire_occurred":0,"prediction":0.1364}},{"type":"Feature","geometry":{"type":"Point","coordinates":[79.1,28.9]},"properties":{"region":2,"fire_occurred":0,"prediction":0.3092}},{"type":"Feature","geometry":{"type":"Point","coordinates":[79.2,28.8]},"properties":{"region":2,"fire_occurred":0,"prediction":0.163}},{"type":"Feature","geometry":{"type":"Point","coordinates":[79.2,28.9]},"properties":{"region":2,"fire_occurred":0,"prediction":0.1811}},{"type":"Feature","geometry":{"type":"Point","coordinates":[79.3,28.8]},"properties":{"region":2,"fire_occurred":0,"prediction":0.1914}},{"type":"Feature","geometry":{"type":"Point","coordinates":[79.3,28.9]},"properties":{"region":2,"fire_occurred":0,"prediction":0.279}},{"type":"Feature","geometry":{"type":"Point","coordinates":[79.4,28.9]},"properties":{"region":2,"fire_occurred":0,"prediction":0.1162}},{"type":"Feature","geometry":{"type":"Point","coordinates":[79.5,28.8]},"properties":{"region":2,"fire_occurred":0,"prediction":0.1966}},{"type":"Feature","geometry":{"type":"Point","coordinates":[79.6,28.8]},"properties":{"region":2,"fire_occurred":0,"prediction":0.1246}},{"type":"Feature","geometry":{"type":"Point","coordinates":[79.7,28.6]},"properties":{"region":2,"fire_occurred":0,"prediction":0.1064}},{"type":"Feature","geometry":{"type":"Point","coordinates":[79.7,28.8]},"properties":{"region":2,"fire_occurred":0,"prediction":0.192}},{"type":"Feature","geometry":{"type":"Point","coordinates":[79.8,28.4]},"properties":{"region":2,"fire_occurred":0,"prediction":0.1013}},{"type":"Feature","geometry":{"type":"Point","coordinates":[79.8,28.7]},"properties":{"region":2,"fire_occurred":0,"prediction":0.1026}},{"type":"Feature","geometry":{"type":"Point","coordinates":[79.8,28.8]},"properties":{"region":2,"fire_occurred":0,"prediction":0.2036}},{"type":"Feature","geometry":{"type":"Point","coordinates":[80.0,26.7]},"properties":{"region":2,"fire_occurred":1,"prediction":0.0108}},{"type":"Feature","geometry":{"type":"Point","coordinates":[80.9,19.3]},"properties":{"region":2,"fire_occurred":0,"prediction":0.1419}},{"type":"Feature","geometry":{"type":"Point","coordinates":[84.1,49.6]},"properties":{"region":2,"fire_occurred":0,"prediction":0.1172}},{"type":"Feature","geometry":{"type":"Point","coordinates":[84.3,49.3]},"properties":{"region":2,"fire_occurred":0,"prediction":0.1221}},{"type":"Feature","geometry":{"type":"Point","coordinates":[84.6,49.2]},"properties":{"region":2,"fire_occurred":0,"prediction":0.1029}},{"type":"Feature","geometry":{"type":"Point","coordinates":[90.0,46.3]},"properties":{"region":2,"fire_occurred":1,"prediction":0.0143}},{"type":"Feature","geometry":{"type":"Point","coordinates":[90.2,44.7]},"properties":{"region":2,"fire_occurred":1,"prediction":0.376}},{"type":"Feature","geometry":{"type":"Point","coordinates":[106.5,49.6]},"properties":{"region":2,"fire_occurred":1,"prediction":0.0047}},{"type":"Feature","geometry":{"type":"Point","coordinates":[114.2,41.7]},"properties":{"region":2,"fire_occurred":1,"prediction":0.0001}},{"type":"Feature","geometry":{"type":"Point","coordinates":[114.9,42.6]},"properties":{"region":2,"fire_occurred":1,"prediction":0.0001}},{"type":"Feature","geometry":{"type":"Point","coordinates":[115.4,-20.8]},"properties":{"region":2,"fire_occurred":1,"prediction":0.0275}},{"type":"Feature","geometry":{"type":"Point","coordinates":[117.3,49.6]},"properties":{"region":2,"fire_occurred":1,"prediction":0.0008}},{"type":"Feature","geometry":{"type":"Point","coordinates":[118.2,-21.1]},"properties":{"region":2,"fire_occurred":1,"prediction":0.0644}},{"type":"Feature","geometry":{"type":"Point","coordinates":[121.4,-30.9]},"properties":{"region":2,"fire_occurred":0,"prediction":0.3359}},{"type":"Feature","geometry":{"type":"Point","coordinates":[122.6,-17.9]},"properties":{"region":2,"fire_occurred":1,"prediction":0.0092}},{"type":"Feature","geometry":{"type":"Point","coordinates":[122.7,-17.3]},"properties":{"region":2,"fire_occurred":0,"prediction":0.1696}},{"type":"Feature","geometry":{"type":"Point","coordinates":[122.8,-17.7]},"properties":{"region":2,"fire_occurred":0,"prediction":0.1539}},{"type":"Feature","geometry":{"type":"Point","coordinates":[122.9,-17.8]},"properties":{"region":2,"fire_occurred":0,"prediction":0.123}},{"type":"Feature","geometry":{"type":"Point","coordinates":[124.2,-17.7]},"properties":{"region":2,"fire_occurred":1,"prediction":0.115}},{"type":"Feature","geometry":{"type":"Point","coordinates":[124.5,-18.9]},"properties":{"region":2,"fire_occurred":0,"prediction":0.2323}},{"type":"Feature","geometry":{"type":"Point","coordinates":[124.5,-17.7]},"properties":{"region":2,"fire_occurred":0,"prediction":0.1288}},{"type":"Feature","geometry":{"type":"Point","coordinates":[124.5,-17.6]},"properties":{"region":2,"fire_occurred":0,"prediction":0.1406}},{"type":"Feature","geometry":{"type":"Point","coordinates":[124.6,-16.4]},"properties":{"region":2,"fire_occurred":0,"prediction":0.1005}},{"type":"Feature","geometry":{"type":"Point","coordinates":[124.7,-16.1]},"properties":{"region":2,"fire_occurred":0,"prediction":0.1266}},{"type":"Feature","geometry":{"type":"Point","coordinates":[124.7,46.3]},"properties":{"region":2,"fire_occurred":1,"prediction":0.0156}},{"type":"Feature","geometry":{"type":"Point","coordinates":[124.8,-16.4]},"properties":{"region":2,"fire_occurred":0,"prediction":0.1325}},{"type":"Feature","geometry":{"type":"Point","coordinates":[124.9,-16.1]},"properties":{"region":2,"fire_occurred":0,"prediction":0.1816}},{"type":"Feature","geometry":{"type":"Point","coordinates":[125.0,-16.1]},"properties":{"region":2,"fire_occurred":0,"prediction":0.1625}},{"type":"Feature","geometry":{"type":"Point","coordinates":[125.2,-17.6]},"properties":{"region":2,"fire_occurred":0,"prediction":0.1809}},{"type":"Feature","geometry":{"type":"Point","coordinates":[125.2,-17.5]},"properties":{"region":2,"fire_occurred":0,"prediction":0.1445}},{"type":"Feature","geometry":{"type":"Point","coordinates":[125.2,-17.4]},"properties":{"region":2,"fire_occurred":0,"prediction":0.1336}},{"type":"Feature","geometry":{"type":"Point","coordinates":[125.3,-17.7]},"properties":{"region":2,"fire_occurred":0,"prediction":0.102}},{"type":"Feature","geometry":{"type":"Point","coordinates":[125.3,-17.6]},"properties":{"region":2,"fire_occurred":0,"prediction":0.1333}},{"type":"Feature","geometry":{"type":"Point","coordinates":[125.4,-20.7]},"properties":{"region":2,"fire_occurred":0,"prediction":0.1012}},{"type":"Feature","geometry":{"type":"Point","coordinates":[125.4,-17.6]},"properties":{"region":2,"fire_occurred":1,"prediction":0.0039}},{"type":"Feature","geometry":{"type":"Point","coordinates":[125.5,-20.8]},"properties":{"region":2,"fire_occurred":0,"prediction":0.1021}},{"type":"Feature","geometry":{"type":"Point","coordinates":[125.5,-20.7]},"properties":{"region":2,"fire_occurred":1,"prediction":0.101}},{"type":"Feature","geometry":{"type":"Point","coordinates":[125.5,-20.4]},"properties":{"region":2,"fire_occurred":0,"prediction":0.1061}},{"type":"Feature","geometry":{"type":"Point","coordinates":[125.5,-17.7]},"properties":{"region":2,"fire_occurred":1,"prediction":0.074}},{"type":"Feature","geometry":{"type":"Point","coordinates":[125.5,-16.5]},"properties":{"region":2,"fire_occurred":0,"prediction":0.1131}},{"type":"Feature","geometry":{"type":"Point","coordinates":[125.6,-20.4]},"properties":{"region":2,"fire_occurred":0,"prediction":0.1342}},{"type":"Feature","geometry":{"type":"Point","coordinates":[125.6,-16.5]},"properties":{"region":2,"fire_occurred":0,"prediction":0.1124}},{"type":"Feature","geometry":{"type":"Point","coordinates":[125.7,-20.5]},"properties":{"region":2,"fire_occurred":0,"prediction":0.1004}},{"type":"Feature","geometry":{"type":"Point","coordinates":[125.7,-20.4]},"properties":{"region":2,"fire_occurred":0,"prediction":0.1165}},{"type":"Feature","geometry":{"type":"Point","coordinates":[125.7,-17.9]},"properties":{"region":2,"fire_occurred":1,"prediction":0.038}},{"type":"Feature","geometry":{"type":"Point","coordinates":[125.7,-17.7]},"properties":{"region":2,"fire_occurred":0,"prediction":0.1446}},{"type":"Feature","geometry":{"type":"Point","coordinates":[125.7,-17.6]},"properties":{"region":2,"fire_occurred":0,"prediction":0.1035}},{"type":"Feature","geometry":{"type":"Point","coordinates":[125.7,-17.5]},"properties":{"region":2,"fire_occurred":0,"prediction":0.1287}},{"type":"Feature","geometry":{"type":"Point","coordinates":[125.8,-21.0]},"properties":{"region":2,"fire_occurred":0,"prediction":0.1072}},{"type":"Feature","geometry":{"type":"Point","coordinates":[125.8,-17.7]},"properties":{"region":2,"fire_occurred":0,"prediction":0.1041}},{"type":"Feature","geometry":{"type":"Point","coordinates":[125.8,-17.5]},"properties":{"region":2,"fire_occurred":0,"prediction":0.1442}},{"type":"Feature","geometry":{"type":"Point","coordinates":[125.9,-17.9]},"properties":{"region":2,"fire_occurred":0,"prediction":0.104}},{"type":"Feature","geometry":{"type":"Point","coordinates":[126.0,-17.9]},"properties":{"region":2,"fire_occurred":0,"prediction":0.1116}},{"type":"Feature","geometry":{"type":"Point","coordinates":[126.0,-17.8]},"properties":{"region":2,"fire_occurred":0,"prediction":0.1908}},{"type":"Feature","geometry":{"type":"Point","coordinates":[126.1,-17.1]},"properties":{"region":2,"fire_occurred":0,"prediction":0.1092}},{"type":"Feature","geometry":{"type":"Point","coordinates":[126.3,-17.2]},"properties":{"region":2,"fire_occurred":0,"prediction":0.1368}},{"type":"Feature","geometry":{"type":"Point","coordinates":[126.4,-18.3]},"properties":{"region":2,"fire_occurred":0,"prediction":0.3055}},{"type":"Feature","geometry":{"type":"Point","coordinates":[126.4,-18.2]},"properties":{"region":2,"fire_occurred":0,"prediction":0.153}},{"type":"Feature","geometry":{"type":"Point","coordinates":[126.4,-17.2]},"properties":{"region":2,"fire_occurred":0,"prediction":0.1603}},{"type":"Feature","geometry":{"type":"Point","coordinates":[126.5,-20.3]},"properties":{"region":2,"fire_occurred":0,"prediction":0.1057}},{"type":"Feature","geometry":{"type":"Point","coordinates":[126.5,-18.3]},"properties":{"region":2,"fire_occurred":0,"prediction":0.2203}},{"type":"Feature","geometry":{"type":"Point","coordinates":[126.5,-17.5]},"properties":{"region":2,"fire_occurred":1,"prediction":0.0727}},{"type":"Feature","geometry":{"type":"Point","coordinates":[126.5,-17.2]},"properties":{"region":2,"fire_occurred":0,"prediction":0.1261}},{"type":"Feature","geometry":{"type":"Point","coordinates":[126.6,-18.4]},"properties":{"region":2,"fire_occurred":1,"prediction":0.0018}},{"type":"Feature","geometry":{"type":"Point","coordinates":[126.6,-16.4]},"properties":{"region":2,"fire_occurred":0,"prediction":0.1068}},{"type":"Feature","geometry":{"type":"Point","coordinates":[126.7,-17.3]},"properties":{"region":2,"fire_occurred":0,"prediction":0.1273}},{"type":"Feature","geometry":{"type":"Point","coordinates":[126.7,-17.2]},"properties":{"region":2,"fire_occurred":0,"prediction":0.2324}},{"type":"Feature","geometry":{"type":"Point","coordinates":[126.7,-16.1]},"properties":{"region":2,"fire_occurred":0,"prediction":0.1112}},{"type":"Feature","geometry":{"type":"Point","coordinates":[127.0,-17.3]},"properties":{"region":2,"fire_occurred":1,"prediction":0.0035}},{"type":"Feature","geometry":{"type":"Point","coordinates":[127.2,-16.2]},"properties":{"region":2,"fire_occurred":0,"prediction":0.1151}},{"type":"Feature","geometry":{"type":"Point","coordinates":[127.4,-16.1]},"properties":{"region":2,"fire_occurred":0,"prediction":0.166}},{"type":"Feature","geometry":{"type":"Point","coordinates":[127.5,-16.1]},"properties":{"region":2,"fire_occurred":0,"prediction":0.1275}},{"type":"Feature","geometry":{"type":"Point","coordinates":[127.6,-17.2]},"properties":{"region":2,"fire_occurred":0,"prediction":0.1928}},{"type":"Feature","geometry":{"type":"Point","coordinates":[127.7,-16.2]},"properties":{"region":2,"fire_occurred":0,"prediction":0.1772}},{"type":"Feature","geometry":{"type":"Point","coordinates":[128.0,-16.5]},"properties":{"region":2,"fire_occurred":0,"prediction":0.1143}},{"type":"Feature","geometry":{"type":"Point","coordinates":[128.0,-16.4]},"properties":{"region":2,"fire_occurred":0,"prediction":0.1595}},{"type":"Feature","geometry":{"type":"Point","coordinates":[128.0,-16.2]},"properties":{"region":2,"fire_occurred":0,"prediction":0.1662}},{"type":"Feature","geometry":{"type":"Point","coordinates":[128.4,-16.2]},"properties":{"region":2,"fire_occurred":0,"prediction":0.112}},{"type":"Feature","geometry":{"type":"Point","coordinates":[128.5,-18.8]},"properties":{"region":2,"fire_occurred":1,"prediction":0.0021}},{"type":"Feature","geometry":{"type":"Point","coordinates":[128.6,-18.8]},"properties":{"region":2,"fire_occurred":1,"prediction":0.0024}},{"type":"Feature","geometry":{"type":"Point","coordinates":[128.9,-17.8]},"properties":{"region":2,"fire_occurred":1,"prediction":0.028}},{"type":"Feature","geometry":{"type":"Point","coordinates":[130.0,-16.2]},"properties":{"region":2,"fire_occurred":0,"prediction":0.1209}},{"type":"Feature","geometry":{"type":"Point","coordinates":[130.0,-16.1]},"properties":{"region":2,"fire_occurred":0,"prediction":0.1182}},{"type":"Feature","geometry":{"type":"Point","coordinates":[130.1,-16.4]},"properties":{"region":2,"fire_occurred":0,"prediction":0.1754}},{"type":"Feature","geometry":{"type":"Point","coordinates":[130.3,-16.8]},"properties":{"region":2,"fire_occurred":0,"prediction":0.217}},{"type":"Feature","geometry":{"type":"Point","coordinates":[130.3,-15.7]},"properties":{"region":2,"fire_occurred":0,"prediction":0.1395}},{"type":"Feature","geometry":{"type":"Point","coordinates":[130.4,-16.1]},"properties":{"region":2,"fire_occurred":0,"prediction":0.3129}},{"type":"Feature","geometry":{"type":"Point","coordinates":[132.1,-16.6]},"properties":{"region":2,"fire_occurred":0,"prediction":0.3227}},{"type":"Feature","geometry":{"type":"Point","coordinates":[132.1,-16.5]},"properties":{"region":2,"fire_occurred":0,"prediction":0.1365}},{"type":"Feature","geometry":{"type":"Point","coordinates":[132.2,-16.6]},"properties":{"region":2,"fire_occurred":0,"prediction":0.1811}},{"type":"Feature","geometry":{"type":"Point","coordinates":[132.2,-16.5]},"properties":{"region":2,"fire_occurred":0,"prediction":0.233}},{"type":"Feature","geometry":{"type":"Point","coordinates":[132.3,-16.6]},"properties":{"region":2,"fire_occurred":1,"prediction":0.062}},{"type":"Feature","geometry":{"type":"Point","coordinates":[132.3,-16.5]},"properties":{"region":2,"fire_occurred":0,"prediction":0.5777}},{"type":"Feature","geometry":{"type":"Point","coordinates":[132.4,-16.6]},"properties":{"region":2,"fire_occurred":1,"prediction":0.0043}},{"type":"Feature","geometry":{"type":"Point","coordinates":[132.4,-16.5]},"properties":{"region":2,"fire_occurred":1,"prediction":0.6378}},{"type":"Feature","geometry":{"type":"Point","coordinates":[133.1,-15.4]},"properties":{"region":2,"fire_occurred":0,"prediction":0.1099}},{"type":"Feature","geometry":{"type":"Point","coordinates":[133.4,-15.2]},"properties":{"region":2,"fire_occurred":1,"prediction":0.0506}},{"type":"Feature","geometry":{"type":"Point","coordinates":[135.9,-16.7]},"properties":{"region":2,"fire_occurred":0,"prediction":0.2323}},{"type":"Feature","geometry":{"type":"Point","coordinates":[135.9,-16.3]},"properties":{"region":2,"fire_occurred":1,"prediction":0.0109}},{"type":"Feature","geometry":{"type":"Point","coordinates":[137.0,-16.9]},"properties":{"region":2,"fire_occurred":0,"prediction":0.1392}},{"type":"Feature","geometry":{"type":"Point","coordinates":[137.0,-16.8]},"properties":{"region":2,"fire_occurred":0,"prediction":0.15}},{"type":"Feature","geometry":{"type":"Point","coordinates":[138.6,-17.7]},"properties":{"region":2,"fire_occurred":0,"prediction":0.1367}},{"type":"Feature","geometry":{"type":"Point","coordinates":[139.4,-20.8]},"properties":{"region":2,"fire_occurred":1,"prediction":0.4887}},{"type":"Feature","geometry":{"type":"Point","coordinates":[141.0,-21.2]},"properties":{"region":2,"fire_occurred":0,"prediction":0.1057}},{"type":"Feature","geometry":{"type":"Point","coordinates":[142.6,-22.1]},"properties":{"region":2,"fire_occurred":1,"prediction":0.0003}},{"type":"Feature","geometry":{"type":"Point","coordinates":[144.0,-35.4]},"properties":{"region":2,"fire_occurred":1,"prediction":0.0095}},{"type":"Feature","geometry":{"type":"Point","coordinates":[144.0,-19.6]},"properties":{"region":2,"fire_occurred":1,"prediction":0.2176}},{"type":"Feature","geometry":{"type":"Point","coordinates":[144.1,-35.4]},"properties":{"region":2,"fire_occurred":1,"prediction":0.0093}},{"type":"Feature","geometry":{"type":"Point","coordinates":[144.1,-19.5]},"properties":{"region":2,"fire_occurred":0,"prediction":0.2251}},{"type":"Feature","geometry":{"type":"Point","coordinates":[145.1,-24.0]},"properties":{"region":2,"fire_occurred":1,"prediction":0.0008}},{"type":"Feature","geometry":{"type":"Point","coordinates":[145.7,-32.0]},"properties":{"region":2,"fire_occurred":0,"prediction":0.1436}},{"type":"Feature","geometry":{"type":"Point","coordinates":[145.9,-34.4]},"properties":{"region":2,"fire_occurred":0,"prediction":0.1443}},{"type":"Feature","geometry":{"type":"Point","coordinates":[146.0,-35.8]},"properties":{"region":2,"fire_occurred":0,"prediction":0.1024}},{"type":"Feature","geometry":{"type":"Point","coordinates":[146.0,-35.7]},"properties":{"region":2,"fire_occurred":0,"prediction":0.1015}},{"type":"Feature","geometry":{"type":"Point","coordinates":[146.0,-20.2]},"properties":{"region":2,"fire_occurred":0,"prediction":0.1131}},{"type":"Feature","geometry":{"type":"Point","coordinates":[146.1,-30.9]},"properties":{"region":2,"fire_occurred":0,"prediction":0.4186}},{"type":"Feature","geometry":{"type":"Point","coordinates":[146.3,-35.5]},"properties":{"region":2,"fire_occurred":0,"prediction":0.1015}},{"type":"Feature","geometry":{"type":"Point","coordinates":[146.4,-34.6]},"properties":{"region":2,"fire_occurred":0,"prediction":0.138}},{"type":"Feature","geometry":{"type":"Point","coordinates":[146.5,-30.8]},"properties":{"region":2,"fire_occurred":0,"prediction":0.1014}},{"type":"Feature","geometry":{"type":"Point","coordinates":[146.6,-34.4]},"properties":{"region":2,"fire_occurred":1,"prediction":0.0134}},{"type":"Feature","geometry":{"type":"Point","coordinates":[146.7,-34.9]},"properties":{"region":2,"fire_occurred":0,"prediction":0.1018}},{"type":"Feature","geometry":{"type":"Point","coordinates":[146.7,-34.5]},"properties":{"region":2,"fire_occurred":0,"prediction":0.1434}},{"type":"Feature","geometry":{"type":"Point","coordinates":[146.7,-32.6]},"properties":{"region":2,"fire_occurred":0,"prediction":0.1778}},{"type":"Feature","geometry":{"type":"Point","coordinates":[146.8,-32.0]},"properties":{"region":2,"fire_occurred":1,"prediction":0.0147}},{"type":"Feature","geometry":{"type":"Point","coordinates":[146.8,-31.2]},"properties":{"region":2,"fire_occurred":0,"prediction":0.2474}},{"type":"Feature","geometry":{"type":"Point","coordinates":[146.8,-31.1]},"properties":{"region":2,"fire_occurred":0,"prediction":0.1472}},{"type":"Feature","geometry":{"type":"Point","coordinates":[146.8,-31.0]},"properties":{"region":2,"fire_occurred":0,"prediction":0.2384}},{"type":"Feature","geometry":{"type":"Point","coordinates":[146.8,-30.6]},"properties":{"region":2,"fire_occurred":0,"prediction":0.1007}},{"type":"Feature","geometry":{"type":"Point","coordinates":[146.9,-34.2]},"properties":{"region":2,"fire_occurred":1,"prediction":0.0381}},{"type":"Feature","geometry":{"type":"Point","coordinates":[146.9,-31.2]},"properties":{"region":2,"fire_occurred":0,"prediction":0.1284}},{"type":"Feature","geometry":{"type":"Point","coordinates":[147.0,-34.9]},"properties":{"region":2,"fire_occurred":0,"prediction":0.1246}},{"type":"Feature","geometry":{"type":"Point","coordinates":[147.0,-34.8]},"properties":{"region":2,"fire_occurred":0,"prediction":0.1049}},{"type":"Feature","geometry":{"type":"Point","coordinates":[147.2,-33.3]},"properties":{"region":2,"fire_occurred":1,"prediction":0.0147}},{"type":"Feature","geometry":{"type":"Point","coordinates":[147.2,-28.8]},"properties":{"region":2,"fire_occurred":0,"prediction":0.1272}},{"type":"Feature","geometry":{"type":"Point","coordinates":[147.2,-21.3]},"properties":{"region":2,"fire_occurred":0,"prediction":0.1327}},{"type":"Feature","geometry":{"type":"Point","coordinates":[147.3,-33.3]},"properties":{"region":2,"fire_occurred":1,"prediction":0.0146}},{"type":"Feature","geometry":{"type":"Point","coordinates":[147.3,-25.0]},"properties":{"region":2,"fire_occurred":0,"prediction":0.1364}},{"type":"Feature","geometry":{"type":"Point","coordinates":[147.4,-32.3]},"properties":{"region":2,"fire_occurred":0,"prediction":0.1065}},{"type":"Feature","geometry":{"type":"Point","coordinates":[147.4,-25.0]},"properties":{"region":2,"fire_occurred":0,"prediction":0.1103}},{"type":"Feature","geometry":{"type":"Point","coordinates":[147.5,-28.6]},"properties":{"region":2,"fire_occurred":1,"prediction":0.0075}},{"type":"Feature","geometry":{"type":"Point","coordinates":[147.6,-33.6]},"properties":{"region":2,"fire_occurred":1,"prediction":0.0245}},{"type":"Feature","geometry":{"type":"Point","coordinates":[147.7,-34.9]},"properties":{"region":2,"fire_occurred":1,"prediction":0.0113}},{"type":"Feature","geometry":{"type":"Point","coordinates":[147.9,-34.3]},"properties":{"region":2,"fire_occurred":0,"prediction":0.1096}},{"type":"Feature","geometry":{"type":"Point","coordinates":[148.0,-30.1]},"properties":{"region":2,"fire_occurred":0,"prediction":0.119}},{"type":"Feature","geometry":{"type":"Point","coordinates":[148.2,-22.0]},"properties":{"region":2,"fire_occurred":1,"prediction":0.0031}},{"type":"Feature","geometry":{"type":"Point","coordinates":[148.3,-27.1]},"properties":{"region":2,"fire_occurred":1,"prediction":0.0304}},{"type":"Feature","geometry":{"type":"Point","coordinates":[148.4,-21.0]},"properties":{"region":2,"fire_occurred":1,"prediction":0.2951}},{"type":"Feature","geometry":{"type":"Point","coordinates":[148.5,-29.6]},"properties":{"region":2,"fire_occurred":0,"prediction":0.1124}},{"type":"Feature","geometry":{"type":"Point","coordinates":[148.5,-21.0]},"properties":{"region":2,"fire_occurred":1,"prediction":0.0879}},{"type":"Feature","geometry":{"type":"Point","coordinates":[148.5,-20.7]},"properties":{"region":2,"fire_occurred":1,"prediction":0.0051}},{"type":"Feature","geometry":{"type":"Point","coordinates":[148.6,-31.7]},"properties":{"region":2,"fire_occurred":0,"prediction":0.108}},{"type":"Feature","geometry":{"type":"Point","coordinates":[148.6,-20.7]},"properties":{"region":2,"fire_occurred":1,"prediction":0.0964}},{"type":"Feature","geometry":{"type":"Point","coordinates":[148.7,-27.9]},"properties":{"region":2,"fire_occurred":0,"prediction":0.1843}},{"type":"Feature","geometry":{"type":"Point","coordinates":[148.8,-27.4]},"properties":{"region":2,"fire_occurred":0,"prediction":0.1516}},{"type":"Feature","geometry":{"type":"Point","coordinates":[148.9,-32.2]},"properties":{"region":2,"fire_occurred":0,"prediction":0.1667}},{"type":"Feature","geometry":{"type":"Point","coordinates":[149.0,-30.7]},"properties":{"region":2,"fire_occurred":1,"prediction":0.0034}},{"type":"Feature","geometry":{"type":"Point","coordinates":[149.0,-23.7]},"properties":{"region":2,"fire_occurred":0,"prediction":0.1522}},{"type":"Feature","geometry":{"type":"Point","coordinates":[150.5,-26.8]},"properties":{"region":2,"fire_occurred":1,"prediction":0.0048}},{"type":"Feature","geometry":{"type":"Point","coordinates":[150.6,-26.8]},"properties":{"region":2,"fire_occurred":1,"prediction":0.035}},{"type":"Feature","geometry":{"type":"Point","coordinates":[150.6,-26.3]},"properties":{"region":2,"fire_occurred":0,"prediction":0.2387}},{"type":"Feature","geometry":{"type":"Point","coordinates":[150.7,-26.8]},"properties":{"region":2,"fire_occurred":1,"prediction":0.0202}},{"type":"Feature","geometry":{"type":"Point","coordinates":[150.7,-24.1]},"properties":{"region":2,"fire_occurred":0,"prediction":0.111}},{"type":"Feature","geometry":{"type":"Point","coordinates":[151.0,-25.6]},"properties":{"region":2,"fire_occurred":0,"prediction":0.1491}},{"type":"Feature","geometry":{"type":"Point","coordinates":[151.3,-25.5]},"properties":{"region":2,"fire_occurred":1,"prediction":0.0168}},{"type":"Feature","geometry":{"type":"Point","coordinates":[151.4,-25.5]},"properties":{"region":2,"fire_occurred":1,"prediction":0.0882}},{"type":"Feature","geometry":{"type":"Point","coordinates":[151.4,-25.3]},"properties":{"region":2,"fire_occurred":0,"prediction":0.1874}},{"type":"Feature","geometry":{"type":"Point","coordinates":[151.5,-25.4]},"properties":{"region":2,"fire_occurred":1,"prediction":0.0022}},{"type":"Feature","geometry":{"type":"Point","coordinates":[151.6,-25.6]},"properties":{"region":2,"fire_occurred":0,"prediction":0.1154}},{"type":"Feature","geometry":{"type":"Point","coordinates":[151.7,-24.9]},"properties":{"region":2,"fire_occurred":1,"prediction":0.009}},{"type":"Feature","geometry":{"type":"Point","coordinates":[151.7,-24.8]},"properties":{"region":2,"fire_occurred":1,"prediction":0.0131}},{"type":"Feature","geometry":{"type":"Point","coordinates":[-122.2,40.1]},"properties":{"region":3,"fire_occurred":0,"prediction":0.1099}},{"type":"Feature","geometry":{"type":"Point","coordinates":[-121.6,44.1]},"properties":{"region":3,"fire_occurred":0,"prediction":0.1127}},{"type":"Feature","geometry":{"type":"Point","coordinates":[-121.4,43.9]},"properties":{"region":3,"fire_occurred":0,"prediction":0.1121}},{"type":"Feature","geometry":{"type":"Point","coordinates":[-121.4,45.2]},"properties":{"region":3,"fire_occurred":0,"prediction":0.1168}},{"type":"Feature","geometry":{"type":"Point","coordinates":[-121.0,42.1]},"properties":{"region":3,"fire_occurred":1,"prediction":0.067}},{"type":"Feature","geometry":{"type":"Point","coordinates":[-119.1,46.4]},"properties":{"region":3,"fire_occurred":1,"prediction":0.0016}},{"type":"Feature","geometry":{"type":"Point","coordinates":[-112.6,48.3]},"properties":{"region":3,"fire_occurred":1,"prediction":0.0032}},{"type":"Feature","geometry":{"type":"Point","coordinates":[-112.5,48.3]},"properties":{"region":3,"fire_occurred":1,"prediction":0.0072}},{"type":"Feature","geometry":{"type":"Point","coordinates":[-111.9,47.5]},"properties":{"region":3,"fire_occurred":1,"prediction":0.0094}},{"type":"Feature","geometry":{"type":"Point","coordinates":[-111.6,42.6]},"properties":{"region":3,"fire_occurred":0,"prediction":0.1114}},{"type":"Feature","geometry":{"type":"Point","coordinates":[-108.0,34.9]},"properties":{"region":3,"fire_occurred":0,"prediction":0.1144}},{"type":"Feature","geometry":{"type":"Point","coordinates":[-105.3,52.6]},"properties":{"region":3,"fire_occurred":1,"prediction":0.0064}},{"type":"Feature","geometry":{"type":"Point","coordinates":[-103.8,52.1]},"properties":{"region":3,"fire_occurred":1,"prediction":0.014}},{"type":"Feature","geometry":{"type":"Point","coordinates":[-102.6,50.5]},"properties":{"region":3,"fire_occurred":0,"prediction":0.1245}},{"type":"Feature","geometry":{"type":"Point","coordinates":[-102.5,49.9]},"properties":{"region":3,"fire_occurred":1,"prediction":0.0102}},{"type":"Feature","geometry":{"type":"Point","coordinates":[-102.2,49.6]},"properties":{"region":3,"fire_occurred":1,"prediction":0.1137}},{"type":"Feature","geometry":{"type":"Point","coordinates":[-102.0,47.9]},"properties":{"region":3,"fire_occurred":1,"prediction":0.0034}},{"type":"Feature","geometry":{"type":"Point","coordinates":[-102.0,49.5]},"properties":{"region":3,"fire_occurred":1,"prediction":0.0335}},{"type":"Feature","geometry":{"type":"Point","coordinates":[-101.8,51.2]},"properties":{"region":3,"fire_occurred":1,"prediction":0.0281}},{"type":"Feature","geometry":{"type":"Point","coordinates":[-101.5,47.8]},"properties":{"region":3,"fire_occurred":1,"prediction":0.0024}},{"type":"Feature","geometry":{"type":"Point","coordinates":[-101.5,49.6]},"properties":{"region":3,"fire_occurred":1,"prediction":0.0213}},{"type":"Feature","geometry":{"type":"Point","coordinates":[-101.4,47.9]},"properties":{"region":3,"fire_occurred":1,"prediction":0.003}},{"type":"Feature","geometry":{"type":"Point","coordinates":[-101.3,48.6]},"properties":{"region":3,"fire_occurred":1,"prediction":0.0094}},{"type":"Feature","geometry":{"type":"Point","coordinates":[-100.8,50.4]},"properties":{"region":3,"fire_occurred":1,"prediction":0.0216}},{"type":"Feature","geometry":{"type":"Point","coordinates":[-100.6,48.4]},"properties":{"region":3,"fire_occurred":1,"prediction":0.0042}},{"type":"Feature","geometry":{"type":"Point","coordinates":[-100.3,51.7]},"properties":{"region":3,"fire_occurred":0,"prediction":0.1203}},{"type":"Feature","geometry":{"type":"Point","coordinates":[-100.2,51.7]},"properties":{"region":3,"fire_occurred":0,"prediction":0.1046}},{"type":"Feature","geometry":{"type":"Point","coordinates":[-99.3,47.0]},"properties":{"region":3,"fire_occurred":1,"prediction":0.021}},{"type":"Feature","geometry":{"type":"Point","coordinates":[-99.3,51.5]},"properties":{"region":3,"fire_occurred":0,"prediction":0.1037}},{"type":"Feature","geometry":{"type":"Point","coordinates":[-99.2,45.9]},"properties":{"region":3,"fire_occurred":1,"prediction":0.0056}},{"type":"Feature","geometry":{"type":"Point","coordinates":[-99.2,50.6]},"properties":{"region":3,"fire_occurred":1,"prediction":0.0112}},{"type":"Feature","geometry":{"type":"Point","coordinates":[-99.1,51.8]},"properties":{"region":3,"fire_occurred":0,"prediction":0.1103}},{"type":"Feature","geometry":{"type":"Point","coordinates":[-98.9,48.4]},"properties":{"region":3,"fire_occurred":1,"prediction":0.0242}},{"type":"Feature","geometry":{"type":"Point","coordinates":[-98.7,49.9]},"properties":{"region":3,"fire_occurred":1,"prediction":0.0047}},{"type":"Feature","geometry":{"type":"Point","coordinates":[-98.6,46.8]},"properties":{"region":3,"fire_occurred":0,"prediction":0.1143}},{"type":"Feature","geometry":{"type":"Point","coordinates":[-98.5,46.4]},"properties":{"region":3,"fire_occurred":1,"prediction":0.0103}},{"type":"Feature","geometry":{"type":"Point","coordinates":[-98.4,44.4]},"properties":{"region":3,"fire_occurred":1,"prediction":0.009}},{"type":"Feature","geometry":{"type":"Point","coordinates":[-98.4,46.9]},"properties":{"region":3,"fire_occurred":1,"prediction":0.0105}},{"type":"Feature","geometry":{"type":"Point","coordinates":[-98.4,47.9]},"properties":{"region":3,"fire_occurred":1,"prediction":0.0142}},{"type":"Feature","geometry":{"type":"Point","coordinates":[-98.3,45.5]},"properties":{"region":3,"fire_occurred":1,"prediction":0.0129}},{"type":"Feature","geometry":{"type":"Point","coordinates":[-98.2,45.8]},"properties":{"region":3,"fire_occurred":1,"prediction":0.0081}},{"type":"Feature","geometry":{"type":"Point","coordinates":[-98.1,20.5]},"properties":{"region":3,"fire_occurred":0,"prediction":0.1123}},{"type":"Feature","geometry":{"type":"Point","coordinates":[-98.1,47.5]},"properties":{"region":3,"fire_occurred":1,"prediction":0.0093}},{"type":"Feature","geometry":{"type":"Point","coordinates":[-98.0,20.4]},"properties":{"region":3,"fire_occurred":0,"prediction":0.119}},{"type":"Feature","geometry":{"type":"Point","coordinates":[-98.0,20.5]},"properties":{"region":3,"fire_occurred":0,"prediction":0.1519}},{"type":"Feature","geometry":{"type":"Point","coordinates":[-98.0,41.2]},"properties":{"region":3,"fire_occurred":1,"prediction":0.0027}},{"type":"Feature","geometry":{"type":"Point","coordinates":[-98.0,44.8]},"properties":{"region":3,"fire_occurred":1,"prediction":0.0129}},{"type":"Feature","geometry":{"type":"Point","coordinates":[-98.0,46.2]},"properties":{"region":3,"fire_occurred":1,"prediction":0.0115}},{"type":"Feature","geometry":{"type":"Point","coordinates":[-98.0,47.8]},"properties":{"region":3,"fire_occurred":1,"prediction":0.012}},{"type":"Feature","geometry":{"type":"Point","coordinates":[-98.0,47.9]},"properties":{"region":3,"fire_occurred":1,"prediction":0.0277}},{"type":"Feature","geometry":{"type":"Point","coordinates":[-97.8,48.1]},"properties":{"region":3,"fire_occurred":1,"prediction":0.0038}},{"type":"Feature","geometry":{"type":"Point","coordinates":[-96.9,41.5]},"properties":{"region":3,"fire_occurred":1,"prediction":0.0009}},{"type":"Feature","geometry":{"type":"Point","coordinates":[-96.7,19.1]},"properties":{"region":3,"fire_occurred":0,"prediction":0.1064}},{"type":"Feature","geometry":{"type":"Point","coordinates":[-96.7,19.2]},"properties":{"region":3,"fire_occurred":0,"prediction":0.1405}},{"type":"Feature","geometry":{"type":"Point","coordinates":[-96.7,45.2]},"properties":{"region":3,"fire_occurred":1,"prediction":0.0074}},{"type":"Feature","geometry":{"type":"Point","coordinates":[-96.6,19.8]},"properties":{"region":3,"fire_occurred":0,"prediction":0.1216}},{"type":"Feature","geometry":{"type":"Point","coordinates":[-96.6,45.2]},"properties":{"region":3,"fire_occurred":1,"prediction":0.0038}},{"type":"Feature","geometry":{"type":"Point","coordinates":[-96.1,48.6]},"properties":{"region":3,"fire_occurred":1,"prediction":0.0056}},{"type":"Feature","geometry":{"type":"Point","coordinates":[-96.0,17.3]},"properties":{"region":3,"fire_occurred":0,"prediction":0.114}},{"type":"Feature","geometry":{"type":"Point","coordinates":[-96.0,17.4]},"properties":{"region":3,"fire_occurred":0,"prediction":0.1626}},{"type":"Feature","geometry":{"type":"Point","coordinates":[-96.0,31.0]},"properties":{"region":3,"fire_occurred":1,"prediction":0.0008}},{"type":"Feature","geometry":{"type":"Point","coordinates":[-95.9,17.4]},"properties":{"region":3,"fire_occurred":0,"prediction":0.2679}},{"type":"Feature","geometry":{"type":"Point","coordinates":[-95.8,17.2]},"properties":{"region":3,"fire_occurred":0,"prediction":0.1118}},{"type":"Feature","geometry":{"type":"Point","coordinates":[-95.8,17.3]},"properties":{"region":3,"fire_occurred":0,"prediction":0.2756}},{"type":"Feature","geometry":{"type":"Point","coordinates":[-95.7,17.0]},"properties":{"region":3,"fire_occurred":0,"prediction":0.1534}},{"type":"Feature","geometry":{"type":"Point","coordinates":[-95.7,17.1]},"properties":{"region":3,"fire_occurred":0,"prediction":0.1166}},{"type":"Feature","geometry":{"type":"Point","coordinates":[-95.7,17.2]},"properties":{"region":3,"fire_occurred":0,"prediction":0.1586}},{"type":"Feature","geometry":{"type":"Point","coordinates":[-95.7,17.3]},"properties":{"region":3,"fire_occurred":0,"prediction":0.1529}},{"type":"Feature","geometry":{"type":"Point","coordinates":[-95.7,17.4]},"properties":{"region":3,"fire_occurred":0,"prediction":0.1262}},{"type":"Feature","geometry":{"type":"Point","coordinates":[-95.5,17.7]},"properties":{"region":3,"fire_occurred":1,"prediction":0.0226}},{"type":"Feature","geometry":{"type":"Point","coordinates":[-95.2,17.9]},"properties":{"region":3,"fire_occurred":1,"prediction":0.0548}},{"type":"Feature","geometry":{"type":"Point","coordinates":[-93.6,31.0]},"properties":{"region":3,"fire_occurred":1,"prediction":0.001}},{"type":"Feature","geometry":{"type":"Point","coordinates":[-92.9,30.0]},"properties":{"region":3,"fire_occurred":1,"prediction":0.0009}},{"type":"Feature","geometry":{"type":"Point","coordinates":[-92.0,17.3]},"properties":{"region":3,"fire_occurred":0,"prediction":0.1254}},{"type":"Feature","geometry":{"type":"Point","coordinates":[-91.9,17.3]},"properties":{"region":3,"fire_occurred":0,"prediction":0.1473}},{"type":"Feature","geometry":{"type":"Point","coordinates":[-91.3,17.1]},"properties":{"region":3,"fire_occurred":0,"prediction":0.1551}},{"type":"Feature","geometry":{"type":"Point","coordinates":[-91.1,35.7]},"properties":{"region":3,"fire_occurred":1,"prediction":0.0032}},{"type":"Feature","geometry":{"type":"Point","coordinates":[-90.9,16.6]},"properties":{"region":3,"fire_occurred":0,"prediction":0.1666}},{"type":"Feature","geometry":{"type":"Point","coordinates":[-90.0,35.6]},"properties":{"region":3,"fire_occurred":0,"prediction":0.1201}},{"type":"Feature","geometry":{"type":"Point","coordinates":[-89.8,35.8]},"properties":{"region":3,"fire_occurred":0,"prediction":0.2662}},{"type":"Feature","geometry":{"type":"Point","coordinates":[-89.8,35.9]},"properties":{"region":3,"fire_occurred":0,"prediction":0.2666}},{"type":"Feature","geometry":{"type":"Point","coordinates":[-89.7,15.4]},"properties":{"region":3,"fire_occurred":0,"prediction":0.1005}},{"type":"Feature","geometry":{"type":"Point","coordinates":[-89.4,15.0]},"properties":{"region":3,"fire_occurred":0,"prediction":0.1029}},{"type":"Feature","geometry":{"type":"Point","coordinates":[-89.3,15.0]},"properties":{"region":3,"fire_occurred":0,"prediction":0.1789}},{"type":"Feature","geometry":{"type":"Point","coordinates":[-89.2,15.6]},"properties":{"region":3,"fire_occurred":0,"prediction":0.1321}},{"type":"Feature","geometry":{"type":"Point","coordinates":[-89.2,31.6]},"properties":{"region":3,"fire_occurred":1,"prediction":0.1246}},{"type":"Feature","geometry":{"type":"Point","coordinates":[-89.1,15.7]},"properties":{"region":3,"fire_occurred":0,"prediction":0.1299}},{"type":"Feature","geometry":{"type":"Point","coordinates":[-89.1,16.0]},"properties":{"region":3,"fire_occurred":0,"prediction":0.1833}},{"type":"Feature","geometry":{"type":"Point","coordinates":[-89.0,32.3]},"properties":{"region":3,"fire_occurred":1,"prediction":0.0016}},{"type":"Feature","geometry":{"type":"Point","coordinates":[-88.7,31.3]},"properties":{"region":3,"fire_occurred":1,"prediction":0.0021}},{"type":"Feature","geometry":{"type":"Point","coordinates":[-88.7,31.4]},"properties":{"region":3,"fire_occurred":1,"prediction":0.0046}},{"type":"Feature","geometry":{"type":"Point","coordinates":[-88.7,32.4]},"properties":{"region":3,"fire_occurred":0,"prediction":0.1123}},{"type":"Feature","geometry":{"type":"Point","coordinates":[-88.7,33.3]},"properties":{"region":3,"fire_occurred":1,"prediction":0.0052}},{"type":"Feature","geometry":{"type":"Point","coordinates":[-88.7,34.4]},"properties":{"region":3,"fire_occurred":0,"prediction":0.1668}},{"type":"Feature","geometry":{"type":"Point","coordinates":[-88.6,30.7]},"properties":{"region":3,"fire_occurred":1,"prediction":0.0039}},{"type":"Feature","geometry":{"type":"Point","coordinates":[-88.6,33.4]},"properties":{"region":3,"fire_occurred":1,"prediction":0.2984}},{"type":"Feature","geometry":{"type":"Point","coordinates":[-88.4,34.3]},"properties":{"region":3,"fire_occurred":1,"prediction":0.0155}},{"type":"Feature","geometry":{"type":"Point","coordinates":[-88.1,30.9]},"properties":{"region":3,"fire_occurred":1,"prediction":0.2307}},{"type":"Feature","geometry":{"type":"Point","coordinates":[-88.0,31.1]},"properties":{"region":3,"fire_occurred":0,"prediction":0.2374}},{"type":"Feature","geometry":{"type":"Point","coordinates":[-87.8,31.6]},"properties":{"region":3,"fire_occurred":1,"prediction":0.0025}},{"type":"Feature","geometry":{"type":"Point","coordinates":[-87.6,34.7]},"properties":{"region":3,"fire_occurred":1,"prediction":0.155}},{"type":"Feature","geometry":{"type":"Point","coordinates":[-87.2,41.6]},"properties":{"region":3,"fire_occurred":0,"prediction":0.3383}},{"type":"Feature","geometry":{"type":"Point","coordinates":[-87.1,34.6]},"properties":{"region":3,"fire_occurred":0,"prediction":0.2772}},{"type":"Feature","geometry":{"type":"Point","coordinates":[-86.8,35.4]},"properties":{"region":3,"fire_occurred":0,"prediction":0.104}},{"type":"Feature","geometry":{"type":"Point","coordinates":[-86.6,35.9]},"properties":{"region":3,"fire_occurred":1,"prediction":0.2276}},{"type":"Feature","geometry":{"type":"Point","coordinates":[-86.5,36.0]},"properties":{"region":3,"fire_occurred":1,"prediction":0.1805}},{"type":"Feature","geometry":{"type":"Point","coordinates":[-86.2,32.8]},"properties":{"region":3,"fire_occurred":1,"prediction":0.0015}},{"type":"Feature","geometry":{"type":"Point","coordinates":[-86.2,38.8]},"properties":{"region":3,"fire_occurred":1,"prediction":0.001}},{"type":"Feature","geometry":{"type":"Point","coordinates":[-85.9,39.6]},"properties":{"region":3,"fire_occurred":1,"prediction":0.0033}},{"type":"Feature","geometry":{"type":"Point","coordinates":[-85.8,35.3]},"properties":{"region":3,"fire_occurred":1,"prediction":0.0029}},{"type":"Feature","geometry":{"type":"Point","coordinates":[-85.8,38.7]},"properties":{"region":3,"fire_occurred":1,"prediction":0.0015}},{"type":"Feature","geometry":{"type":"Point","coordinates":[-85.4,34.4]},"properties":{"region":3,"fire_occurred":1,"prediction":0.0037}},{"type":"Feature","geometry":{"type":"Point","coordinates":[-85.0,32.3]},"properties":{"region":3,"fire_occurred":0,"prediction":0.1071}},{"type":"Feature","geometry":{"type":"Point","coordinates":[-85.0,34.4]},"properties":{"region":3,"fire_occurred":1,"prediction":0.0145}},{"type":"Feature","geometry":{"type":"Point","coordinates":[-85.0,34.5]},"properties":{"region":3,"fire_occurred":1,"prediction":0.0031}},{"type":"Feature","geometry":{"type":"Point","coordinates":[-84.8,32.0]},"properties":{"region":3,"fire_occurred":0,"prediction":0.1218}},{"type":"Feature","geometry":{"type":"Point","coordinates":[-84.8,34.7]},"properties":{"region":3,"fire_occurred":1,"prediction":0.0026}},{"type":"Feature","geometry":{"type":"Point","coordinates":[-84.8,35.2]},"properties":{"region":3,"fire_occurred":1,"prediction":0.0051}},{"type":"Feature","geometry":{"type":"Point","coordinates":[-84.7,31.6]},"properties":{"region":3,"fire_occurred":1,"prediction":0.0068}},{"type":"Feature","geometry":{"type":"Point","coordinates":[-84.7,32.0]},"properties":{"region":3,"fire_occurred":1,"prediction":0.0051}},{"type":"Feature","geometry":{"type":"Point","coordinates":[-84.6,31.6]},"properties":{"region":3,"fire_occurred":1,"prediction":0.0049}},{"type":"Feature","geometry":{"type":"Point","coordinates":[-84.4,38.0]},"properties":{"region":3,"fire_occurred":1,"prediction":0.002}},{"type":"Feature","geometry":{"type":"Point","coordinates":[-84.3,31.9]},"properties":{"region":3,"fire_occurred":0,"prediction":0.1095}},{"type":"Feature","geometry":{"type":"Point","coordinates":[-84.1,36.1]},"properties":{"region":3,"fire_occurred":1,"prediction":0.0132}},{"type":"Feature","geometry":{"type":"Point","coordinates":[-84.0,30.7]},"properties":{"region":3,"fire_occurred":0,"prediction":0.2012}},{"type":"Feature","geometry":{"type":"Point","coordinates":[-83.9,30.4]},"properties":{"region":3,"fire_occurred":0,"prediction":0.1071}},{"type":"Feature","geometry":{"type":"Point","coordinates":[-83.9,30.8]},"properties":{"region":3,"fire_occurred":1,"prediction":0.0871}},{"type":"Feature","geometry":{"type":"Point","coordinates":[-83.9,31.4]},"properties":{"region":3,"fire_occurred":0,"prediction":0.2145}},{"type":"Feature","geometry":{"type":"Point","coordinates":[-83.9,32.2]},"properties":{"region":3,"fire_occurred":1,"prediction":0.01}},{"type":"Feature","geometry":{"type":"Point","coordinates":[-83.9,35.9]},"properties":{"region":3,"fire_occurred":1,"prediction":0.0141}},{"type":"Feature","geometry":{"type":"Point","coordinates":[-83.8,38.6]},"properties":{"region":3,"fire_occurred":1,"prediction":0.0087}},{"type":"Feature","geometry":{"type":"Point","coordinates":[-83.6,32.8]},"properties":{"region":3,"fire_occurred":0,"prediction":0.1054}},{"type":"Feature","geometry":{"type":"Point","coordinates":[-83.4,36.1]},"properties":{"region":3,"fire_occurred":1,"prediction":0.1172}},{"type":"Feature","geometry":{"type":"Point","coordinates":[-83.3,30.0]},"properties":{"region":3,"fire_occurred":0,"prediction":0.1664}},{"type":"Feature","geometry":{"type":"Point","coordinates":[-83.3,30.5]},"properties":{"region":3,"fire_occurred":0,"prediction":0.2176}},{"type":"Feature","geometry":{"type":"Point","coordinates":[-83.2,30.4]},"properties":{"region":3,"fire_occurred":1,"prediction":0.0105}},{"type":"Feature","geometry":{"type":"Point","coordinates":[-83.2,35.9]},"properties":{"region":3,"fire_occurred":1,"prediction":0.0028}},{"type":"Feature","geometry":{"type":"Point","coordinates":[-82.7,34.4]},"properties":{"region":3,"fire_occurred":1,"prediction":0.2109}},{"type":"Feature","geometry":{"type":"Point","coordinates":[-82.5,31.8]},"properties":{"region":3,"fire_occurred":1,"prediction":0.0149}},{"type":"Feature","geometry":{"type":"Point","coordinates":[-82.4,31.5]},"properties":{"region":3,"fire_occurred":1,"prediction":0.0341}},{"type":"Feature","geometry":{"type":"Point","coordinates":[-82.4,36.4]},"properties":{"region":3,"fire_occurred":1,"prediction":0.0026}},{"type":"Feature","geometry":{"type":"Point","coordinates":[-82.3,32.0]},"properties":{"region":3,"fire_occurred":1,"prediction":0.0099}},{"type":"Feature","geometry":{"type":"Point","coordinates":[-82.3,39.0]},"properties":{"region":3,"fire_occurred":1,"prediction":0.0025}},{"type":"Feature","geometry":{"type":"Point","coordinates":[-82.2,37.8]},"properties":{"region":3,"fire_occurred":0,"prediction":0.2148}},{"type":"Feature","geometry":{"type":"Point","coordinates":[-82.1,34.9]},"properties":{"region":3,"fire_occurred":1,"prediction":0.006}},{"type":"Feature","geometry":{"type":"Point","coordinates":[-81.9,32.2]},"properties":{"region":3,"fire_occurred":1,"prediction":0.0041}},{"type":"Feature","geometry":{"type":"Point","coordinates":[-81.9,34.4]},"properties":{"region":3,"fire_occurred":1,"prediction":0.0196}},{"type":"Feature","geometry":{"type":"Point","coordinates":[-81.8,31.9]},"properties":{"region":3,"fire_occurred":1,"prediction":0.0096}},{"type":"Feature","geometry":{"type":"Point","coordinates":[-81.8,32.0]},"properties":{"region":3,"fire_occurred":0,"prediction":0.1363}},{"type":"Feature","geometry":{"type":"Point","coordinates":[-81.8,35.7]},"properties":{"region":3,"fire_occurred":1,"prediction":0.0057}},{"type":"Feature","geometry":{"type":"Point","coordinates":[-81.7,31.9]},"properties":{"region":3,"fire_occurred":1,"prediction":0.0097}},{"type":"Feature","geometry":{"type":"Point","coordinates":[-81.7,41.4]},"properties":{"region":3,"fire_occurred":0,"prediction":0.3826}},{"type":"Feature","geometry":{"type":"Point","coordinates":[-81.6,32.0]},"properties":{"region":3,"fire_occurred":1,"prediction":0.0274}},{"type":"Feature","geometry":{"type":"Point","coordinates":[-81.5,32.1]},"properties":{"region":3,"fire_occurred":0,"prediction":0.1879}},{"type":"Feature","geometry":{"type":"Point","coordinates":[-81.5,37.3]},"properties":{"region":3,"fire_occurred":1,"prediction":0.005}},{"type":"Feature","geometry":{"type":"Point","coordinates":[-81.0,35.7]},"properties":{"region":3,"fire_occurred":0,"prediction":0.1339}},{"type":"Feature","geometry":{"type":"Point","coordinates":[-80.2,32.9]},"properties":{"region":3,"fire_occurred":1,"prediction":0.0046}},{"type":"Feature","geometry":{"type":"Point","coordinates":[-80.2,42.8]},"properties":{"region":3,"fire_occurred":1,"prediction":0.0213}},{"type":"Feature","geometry":{"type":"Point","coordinates":[-80.1,42.8]},"properties":{"region":3,"fire_occurred":1,"prediction":0.0587}},{"type":"Feature","geometry":{"type":"Point","coordinates":[-80.0,33.0]},"properties":{"region":3,"fire_occurred":0,"prediction":0.1027}},{"type":"Feature","geometry":{"type":"Point","coordinates":[-79.9,33.0]},"properties":{"region":3,"fire_occurred":0,"prediction":0.3252}},{"type":"Feature","geometry":{"type":"Point","coordinates":[-79.7,33.1]},"properties":{"region":3,"fire_occurred":1,"prediction":0.0055}},{"type":"Feature","geometry":{"type":"Point","coordinates":[-79.4,36.5]},"properties":{"region":3,"fire_occurred":0,"prediction":0.1074}},{"type":"Feature","geometry":{"type":"Point","coordinates":[-79.2,35.0]},"properties":{"region":3,"fire_occurred":1,"prediction":0.0242}},{"type":"Feature","geometry":{"type":"Point","coordinates":[-79.2,35.1]},"properties":{"region":3,"fire_occurred":1,"prediction":0.044}},{"type":"Feature","geometry":{"type":"Point","coordinates":[-79.1,35.1]},"properties":{"region":3,"fire_occurred":1,"prediction":0.0715}},{"type":"Feature","geometry":{"type":"Point","coordinates":[-77.5,41.1]},"properties":{"region":3,"fire_occurred":0,"prediction":0.1485}},{"type":"Feature","geometry":{"type":"Point","coordinates":[-76.8,40.2]},"properties":{"region":3,"fire_occurred":0,"prediction":0.2059}},{"type":"Feature","geometry":{"type":"Point","coordinates":[-76.6,37.1]},"properties":{"region":3,"fire_occurred":1,"prediction":0.0328}},{"type":"Feature","geometry":{"type":"Point","coordinates":[-76.1,40.9]},"properties":{"region":3,"fire_occurred":0,"prediction":0.1326}},{"type":"Feature","geometry":{"type":"Point","coordinates":[-76.1,41.5]},"properties":{"region":3,"fire_occurred":0,"prediction":0.2177}},{"type":"Feature","geometry":{"type":"Point","coordinates":[-75.9,41.1]},"properties":{"region":3,"fire_occurred":0,"prediction":0.3476}},{"type":"Feature","geometry":{"type":"Point","coordinates":[-74.5,40.0]},"properties":{"region":3,"fire_occurred":1,"prediction":0.0073}},{"type":"Feature","geometry":{"type":"Point","coordinates":[-73.2,42.7]},"properties":{"region":3,"fire_occurred":1,"prediction":0.0088}},{"type":"Feature","geometry":{"type":"Point","coordinates":[-72.7,-38.6]},"properties":{"region":3,"fire_occurred":1,"prediction":0.0245}},{"type":"Feature","geometry":{"type":"Point","coordinates":[-72.6,-38.6]},"properties":{"region":3,"fire_occurred":1,"prediction":0.0366}},{"type":"Feature","geometry":{"type":"Point","coordinates":[-72.6,-37.7]},"properties":{"region":3,"fire_occurred":0,"prediction":0.1188}},{"type":"Feature","geometry":{"type":"Point","coordinates":[-72.4,-36.8]},"properties":{"region":3,"fire_occurred":0,"prediction":0.1015}},{"type":"Feature","geometry":{"type":"Point","coordinates":[-72.3,-36.8]},"properties":{"region":3,"fire_occurred":0,"prediction":0.1165}},{"type":"Feature","geometry":{"type":"Point","coordinates":[-72.3,-36.3]},"properties":{"region":3,"fire_occurred":0,"prediction":0.1944}},{"type":"Feature","geometry":{"type":"Point","coordinates":[-72.3,-36.2]},"properties":{"region":3,"fire_occurred":0,"prediction":0.1104}},{"type":"Feature","geometry":{"type":"Point","coordinates":[-72.2,-36.6]},"properties":{"region":3,"fire_occurred":0,"prediction":0.1447}},{"type":"Feature","geometry":{"type":"Point","coordinates":[-72.2,-36.3]},"properties":{"region":3,"fire_occurred":0,"prediction":0.1676}},{"type":"Feature","geometry":{"type":"Point","coordinates":[-72.1,-37.1]},"properties":{"region":3,"fire_occurred":0,"prediction":0.1007}},{"type":"Feature","geometry":{"type":"Point","coordinates":[-72.1,-37.0]},"properties":{"region":3,"fire_occurred":0,"prediction":0.2327}},{"type":"Feature","geometry":{"type":"Point","coordinates":[-72.1,-36.6]},"properties":{"region":3,"fire_occurred":0,"prediction":0.1106}},{"type":"Feature","geometry":{"type":"Point","coordinates":[-72.1,-36.3]},"properties":{"region":3,"fire_occurred":0,"prediction":0.2522}},{"type":"Feature","geometry":{"type":"Point","coordinates":[-72.0,-37.1]},"properties":{"region":3,"fire_occurred":0,"prediction":0.2259}},{"type":"Feature","geometry":{"type":"Point","coordinates":[-72.0,-37.0]},"properties":{"region":3,"fire_occurred":0,"prediction":0.1543}},{"type":"Feature","geometry":{"type":"Point","coordinates":[-72.0,-36.3]},"properties":{"region":3,"fire_occurred":0,"prediction":0.1314}},{"type":"Feature","geometry":{"type":"Point","coordinates":[-72.0,-36.2]},"properties":{"region":3,"fire_occurred":0,"prediction":0.115}},{"type":"Feature","geometry":{"type":"Point","coordinates":[-72.0,-35.9]},"properties":{"region":3,"fire_occurred":0,"prediction":0.1323}},{"type":"Feature","geometry":{"type":"Point","coordinates":[-71.9,-37.5]},"properties":{"region":3,"fire_occurred":0,"prediction":0.1128}},{"type":"Feature","geometry":{"type":"Point","coordinates":[-71.9,-36.7]},"properties":{"region":3,"fire_occurred":0,"prediction":0.2498}},{"type":"Feature","geometry":{"type":"Point","coordinates":[-71.9,-36.5]},"properties":{"region":3,"fire_occurred":0,"prediction":0.3152}},{"type":"Feature","geometry":{"type":"Point","coordinates":[-71.9,-36.4]},"properties":{"region":3,"fire_occurred":0,"prediction":0.1225}},{"type":"Feature","geometry":{"type":"Point","coordinates":[-71.8,-37.3]},"properties":{"region":3,"fire_occurred":0,"prediction":0.2287}},{"type":"Feature","geometry":{"type":"Point","coordinates":[-71.8,-36.8]},"properties":{"region":3,"fire_occurred":1,"prediction":0.0683}},{"type":"Feature","geometry":{"type":"Point","coordinates":[-71.8,-36.5]},"properties":{"region":3,"fire_occurred":0,"prediction":0.1165}},{"type":"Feature","geometry":{"type":"Point","coordinates":[-71.8,-36.4]},"properties":{"region":3,"fire_occurred":0,"prediction":0.1504}},{"type":"Feature","geometry":{"type":"Point","coordinates":[-71.8,-36.3]},"properties":{"region":3,"fire_occurred":0,"prediction":0.1109}},{"type":"Feature","geometry":{"type":"Point","coordinates":[-71.8,7.8]},"properties":{"region":3,"fire_occurred":1,"prediction":0.0096}},{"type":"Feature","geometry":{"type":"Point","coordinates":[-71.8,7.9]},"properties":{"region":3,"fire_occurred":1,"prediction":0.0044}},{"type":"Feature","geometry":{"type":"Point","coordinates":[-71.7,-37.6]},"properties":{"region":3,"fire_occurred":0,"prediction":0.1112}},{"type":"Feature","geometry":{"type":"Point","coordinates":[-71.7,-36.8]},"properties":{"region":3,"fire_occurred":0,"prediction":0.2122}},{"type":"Feature","geometry":{"type":"Point","coordinates":[-71.7,-36.2]},"properties":{"region":3,"fire_occurred":0,"prediction":0.1791}},{"type":"Feature","geometry":{"type":"Point","coordinates":[-71.6,-35.7]},"properties":{"region":3,"fire_occurred":0,"prediction":0.1362}},{"type":"Feature","geometry":{"type":"Point","coordinates":[-71.5,41.6]},"properties":{"region":3,"fire_occurred":0,"prediction":0.1514}},{"type":"Feature","geometry":{"type":"Point","coordinates":[-71.4,-36.9]},"properties":{"region":3,"fire_occurred":1,"prediction":0.2212}},{"type":"Feature","geometry":{"type":"Point","coordinates":[-71.3,-34.7]},"properties":{"region":3,"fire_occurred":0,"prediction":0.1192}},{"type":"Feature","geometry":{"type":"Point","coordinates":[-71.2,7.7]},"properties":{"region":3,"fire_occurred":1,"prediction":0.0019}},{"type":"Feature","geometry":{"type":"Point","coordinates":[-71.0,-32.9]},"properties":{"region":3,"fire_occurred":0,"prediction":0.2727}},{"type":"Feature","geometry":{"type":"Point","coordinates":[-70.5,-34.2]},"properties":{"region":3,"fire_occurred":0,"prediction":0.4226}},{"type":"Feature","geometry":{"type":"Point","coordinates":[-64.2,-17.0]},"properties":{"region":3,"fire_occurred":1,"prediction":0.025}},{"type":"Feature","geometry":{"type":"Point","coordinates":[-64.0,-25.4]},"properties":{"region":3,"fire_occurred":1,"prediction":0.0121}},{"type":"Feature","geometry":{"type":"Point","coordinates":[-63.9,-26.3]},"properties":{"region":3,"fire_occurred":0,"prediction":0.1328}},{"type":"Feature","geometry":{"type":"Point","coordinates":[-63.4,-25.5]},"properties":{"region":3,"fire_occurred":0,"prediction":0.1829}},{"type":"Feature","geometry":{"type":"Point","coordinates":[-62.9,-24.8]},"properties":{"region":3,"fire_occurred":0,"prediction":0.1374}},{"type":"Feature","geometry":{"type":"Point","coordinates":[-62.8,-24.9]},"properties":{"region":3,"fire_occurred":0,"prediction":0.1027}},{"type":"Feature","geometry":{"type":"Point","coordinates":[-62.7,-29.8]},"properties":{"region":3,"fire_occurred":0,"prediction":0.1236}},{"type":"Feature","geometry":{"type":"Point","coordinates":[-62.4,-31.5]},"properties":{"region":3,"fire_occurred":1,"prediction":0.0072}},{"type":"Feature","geometry":{"type":"Point","coordinates":[-62.2,-39.6]},"properties":{"region":3,"fire_occurred":0,"prediction":0.1049}},{"type":"Feature","geometry":{"type":"Point","coordinates":[-62.1,-21.6]},"properties":{"region":3,"fire_occurred":1,"prediction":0.0079}},{"type":"Feature","geometry":{"type":"Point","coordinates":[-61.9,-22.3]},"properties":{"region":3,"fire_occurred":0,"prediction":0.1153}},{"type":"Feature","geometry":{"type":"Point","coordinates":[-61.7,-34.2]},"properties":{"region":3,"fire_occurred":1,"prediction":0.0022}},{"type":"Feature","geometry":{"type":"Point","coordinates":[-61.6,-28.1]},"properties":{"region":3,"fire_occurred":0,"prediction":0.1587}},{"type":"Feature","geometry":{"type":"Point","coordinates":[-61.5,-35.3]},"properties":{"region":3,"fire_occurred":1,"prediction":0.0009}},{"type":"Feature","geometry":{"type":"Point","coordinates":[-61.4,-31.5]},"properties":{"region":3,"fire_occurred":1,"prediction":0.0044}},{"type":"Feature","geometry":{"type":"Point","coordinates":[-61.4,-29.7]},"properties":{"region":3,"fire_occurred":0,"prediction":0.1308}},{"type":"Feature","geometry":{"type":"Point","coordinates":[-61.3,-30.2]},"properties":{"region":3,"fire_occurred":0,"prediction":0.173}},{"type":"Feature","geometry":{"type":"Point","coordinates":[-61.3,-29.7]},"properties":{"region":3,"fire_occurred":0,"prediction":0.126}},{"type":"Feature","geometry":{"type":"Point","coordinates":[-61.2,-29.5]},"properties":{"region":3,"fire_occurred":0,"prediction":0.1371}},{"type":"Feature","geometry":{"type":"Point","coordinates":[-61.2,-29.2]},"properties":{"region":3,"fire_occurred":0,"prediction":0.1026}},{"type":"Feature","geometry":{"type":"Point","coordinates":[-61.2,-21.8]},"properties":{"region":3,"fire_occurred":0,"prediction":0.1629}},{"type":"Feature","geometry":{"type":"Point","coordinates":[-61.1,-29.6]},"properties":{"region":3,"fire_occurred":0,"prediction":0.1074}},{"type":"Feature","geometry":{"type":"Point","coordinates":[-61.0,-29.1]},"properties":{"region":3,"fire_occurred":0,"prediction":0.1606}},{"type":"Feature","geometry":{"type":"Point","coordinates":[-61.0,-28.8]},"properties":{"region":3,"fire_occurred":1,"prediction":0.0834}},{"type":"Feature","geometry":{"type":"Point","coordinates":[-61.0,-28.1]},"properties":{"region":3,"fire_occurred":0,"prediction":0.1268}},{"type":"Feature","geometry":{"type":"Point","coordinates":[-60.9,-29.6]},"properties":{"region":3,"fire_occurred":0,"prediction":0.1253}},{"type":"Feature","geometry":{"type":"Point","coordinates":[-60.9,-29.5]},"properties":{"region":3,"fire_occurred":0,"prediction":0.1061}},{"type":"Feature","geometry":{"type":"Point","coordinates":[-60.9,-29.3]},"properties":{"region":3,"fire_occurred":1,"prediction":0.0454}},{"type":"Feature","geometry":{"type":"Point","coordinates":[-60.9,-29.1]},"properties":{"region":3,"fire_occurred":0,"prediction":0.1205}},{"type":"Feature","geometry":{"type":"Point","coordinates":[-60.9,-23.7]},"properties":{"region":3,"fire_occurred":1,"prediction":0.0719}},{"type":"Feature","geometry":{"type":"Point","coordinates":[-60.8,-34.4]},"properties":{"region":3,"fire_occurred":1,"prediction":0.0028}},{"type":"Feature","geometry":{"type":"Point","coordinates":[-60.7,-34.9]},"properties":{"region":3,"fire_occurred":1,"prediction":0.0014}},{"type":"Feature","geometry":{"type":"Point","coordinates":[-60.7,-29.2]},"properties":{"region":3,"fire_occurred":1,"prediction":0.0351}},{"type":"Feature","geometry":{"type":"Point","coordinates":[-60.4,-36.7]},"properties":{"region":3,"fire_occurred":1,"prediction":0.002}},{"type":"Feature","geometry":{"type":"Point","coordinates":[-60.4,-33.1]},"properties":{"region":3,"fire_occurred":1,"prediction":0.0162}},{"type":"Feature","geometry":{"type":"Point","coordinates":[-60.4,-33.0]},"properties":{"region":3,"fire_occurred":1,"prediction":0.0107}},{"type":"Feature","geometry":{"type":"Point","coordinates":[-60.4,-32.9]},"properties":{"region":3,"fire_occurred":1,"prediction":0.2157}},{"type":"Feature","geometry":{"type":"Point","coordinates":[-60.3,-33.3]},"properties":{"region":3,"fire_occurred":0,"prediction":0.1267}},{"type":"Feature","geometry":{"type":"Point","coordinates":[-60.2,-33.4]},"properties":{"region":3,"fire_occurred":0,"prediction":0.3706}},{"type":"Feature","geometry":{"type":"Point","coordinates":[-60.2,-30.8]},"properties":{"region":3,"fire_occurred":1,"prediction":0.0417}},{"type":"Feature","geometry":{"type":"Point","coordinates":[-60.2,-30.7]},"properties":{"region":3,"fire_occurred":0,"prediction":0.1063}},{"type":"Feature","geometry":{"type":"Point","coordinates":[-60.1,-33.3]},"properties":{"region":3,"fire_occurred":1,"prediction":0.0091}},{"type":"Feature","geometry":{"type":"Point","coordinates":[-60.1,-30.4]},"properties":{"region":3,"fire_occurred":1,"prediction":0.0168}},{"type":"Feature","geometry":{"type":"Point","coordinates":[-59.6,-33.4]},"properties":{"region":3,"fire_occurred":1,"prediction":0.6206}},{"type":"Feature","geometry":{"type":"Point","coordinates":[-59.5,-33.8]},"properties":{"region":3,"fire_occurred":1,"prediction":0.0415}},{"type":"Feature","geometry":{"type":"Point","coordinates":[-59.5,-33.7]},"properties":{"region":3,"fire_occurred":0,"prediction":0.1933}},{"type":"Feature","geometry":{"type":"Point","coordinates":[-59.5,-33.6]},"properties":{"region":3,"fire_occurred":0,"prediction":0.2497}},{"type":"Feature","geometry":{"type":"Point","coordinates":[-59.5,-33.5]},"properties":{"region":3,"fire_occurred":0,"prediction":0.1587}},{"type":"Feature","geometry":{"type":"Point","coordinates":[-59.5,-33.4]},"properties":{"region":3,"fire_occurred":1,"prediction":0.4904}},{"type":"Feature","geometry":{"type":"Point","coordinates":[-59.4,-33.9]},"properties":{"region":3,"fire_occurred":1,"prediction":0.0082}},{"type":"Feature","geometry":{"type":"Point","coordinates":[-59.4,-33.8]},"properties":{"region":3,"fire_occurred":1,"prediction":0.3165}},{"type":"Feature","geometry":{"type":"Point","coordinates":[-59.4,-33.7]},"properties":{"region":3,"fire_occurred":1,"prediction":0.7007}},{"type":"Feature","geometry":{"type":"Point","coordinates":[-59.3,-33.9]},"properties":{"region":3,"fire_occurred":1,"prediction":0.1479}},{"type":"Feature","geometry":{"type":"Point","coordinates":[-59.3,-33.7]},"properties":{"region":3,"fire_occurred":1,"prediction":0.5077}},{"type":"Feature","geometry":{"type":"Point","coordinates":[-59.1,-33.8]},"properties":{"region":3,"fire_occurred":0,"prediction":0.1766}},{"type":"Feature","geometry":{"type":"Point","coordinates":[-59.0,-35.2]},"properties":{"region":3,"fire_occurred":1,"prediction":0.008}},{"type":"Feature","geometry":{"type":"Point","coordinates":[-59.0,-33.8]},"properties":{"region":3,"fire_occurred":1,"prediction":0.4533}},{"type":"Feature","geometry":{"type":"Point","coordinates":[-59.0,-33.7]},"properties":{"region":3,"fire_occurred":0,"prediction":0.1105}},{"type":"Feature","geometry":{"type":"Point","coordinates":[-58.7,-33.6]},"properties":{"region":3,"fire_occurred":0,"prediction":0.1867}},{"type":"Feature","geometry":{"type":"Point","coordinates":[-58.3,-32.0]},"properties":{"region":3,"fire_occurred":0,"prediction":0.2446}},{"type":"Feature","geometry":{"type":"Point","coordinates":[-58.2,-30.6]},"properties":{"region":3,"fire_occurred":1,"prediction":0.0024}},{"type":"Feature","geometry":{"type":"Point","coordinates":[-58.1,-31.4]},"properties":{"region":3,"fire_occurred":1,"prediction":0.0528}},{"type":"Feature","geometry":{"type":"Point","coordinates":[-58.1,-28.6]},"properties":{"region":3,"fire_occurred":0,"prediction":0.1207}},{"type":"Feature","geometry":{"type":"Point","coordinates":[-58.0,-30.3]},"properties":{"region":3,"fire_occurred":1,"prediction":0.0025}},{"type":"Feature","geometry":{"type":"Point","coordinates":[-58.0,-28.4]},"properties":{"region":3,"fire_occurred":1,"prediction":0.0007}},{"type":"Feature","geometry":{"type":"Point","coordinates":[-57.6,-28.9]},"properties":{"region":3,"fire_occurred":1,"prediction":0.0004}},{"type":"Feature","geometry":{"type":"Point","coordinates":[-57.6,-27.5]},"properties":{"region":3,"fire_occurred":1,"prediction":0.0103}},{"type":"Feature","geometry":{"type":"Point","coordinates":[-57.3,-30.0]},"properties":{"region":3,"fire_occurred":1,"prediction":0.0029}},{"type":"Feature","geometry":{"type":"Point","coordinates":[-57.1,-26.5]},"properties":{"region":3,"fire_occurred":1,"prediction":0.0012}},{"type":"Feature","geometry":{"type":"Point","coordinates":[-56.4,-29.5]},"properties":{"region":3,"fire_occurred":1,"prediction":0.0032}},{"type":"Feature","geometry":{"type":"Point","coordinates":[-56.3,-29.1]},"properties":{"region":3,"fire_occurred":1,"prediction":0.0013}},{"type":"Feature","geometry":{"type":"Point","coordinates":[-55.8,-29.0]},"properties":{"region":3,"fire_occurred":1,"prediction":0.0019}},{"type":"Feature","geometry":{"type":"Point","coordinates":[-54.6,-26.6]},"properties":{"region":3,"fire_occurred":1,"prediction":0.0039}},{"type":"Feature","geometry":{"type":"Point","coordinates":[-54.6,-21.3]},"properties":{"region":3,"fire_occurred":1,"prediction":0.0187}},{"type":"Feature","geometry":{"type":"Point","coordinates":[-54.3,-21.3]},"properties":{"region":3,"fire_occurred":1,"prediction":0.0033}},{"type":"Feature","geometry":{"type":"Point","coordinates":[-54.2,-31.3]},"properties":{"region":3,"fire_occurred":1,"prediction":0.0558}},{"type":"Feature","geometry":{"type":"Point","coordinates":[-53.7,-33.1]},"properties":{"region":3,"fire_occurred":1,"prediction":0.0106}},{"type":"Feature","geometry":{"type":"Point","coordinates":[-53.4,-29.7]},"properties":{"region":3,"fire_occurred":0,"prediction":0.1541}},{"type":"Feature","geometry":{"type":"Point","coordinates":[-53.3,-31.2]},"properties":{"region":3,"fire_occurred":0,"prediction":0.1158}},{"type":"Feature","geometry":{"type":"Point","coordinates":[-53.3,-25.9]},"properties":{"region":3,"fire_occurred":1,"prediction":0.0048}},{"type":"Feature","geometry":{"type":"Point","coordinates":[-53.2,-22.2]},"properties":{"region":3,"fire_occurred":1,"prediction":0.0033}},{"type":"Feature","geometry":{"type":"Point","coordinates":[-53.1,-22.3]},"properties":{"region":3,"fire_occurred":1,"prediction":0.003}},{"type":"Feature","geometry":{"type":"Point","coordinates":[-53.0,-30.8]},"properties":{"region":3,"fire_occurred":0,"prediction":0.1331}},{"type":"Feature","geometry":{"type":"Point","coordinates":[-53.0,-29.8]},"properties":{"region":3,"fire_occurred":0,"prediction":0.1333}},{"type":"Feature","geometry":{"type":"Point","coordinates":[-52.9,-23.5]},"properties":{"region":3,"fire_occurred":1,"prediction":0.001}},{"type":"Feature","geometry":{"type":"Point","coordinates":[-52.7,-25.4]},"properties":{"region":3,"fire_occurred":1,"prediction":0.0102}},{"type":"Feature","geometry":{"type":"Point","coordinates":[-52.6,-30.8]},"properties":{"region":3,"fire_occurred":1,"prediction":0.0453}},{"type":"Feature","geometry":{"type":"Point","coordinates":[-52.2,-31.6]},"properties":{"region":3,"fire_occurred":0,"prediction":0.1141}},{"type":"Feature","geometry":{"type":"Point","coordinates":[-52.2,-30.7]},"properties":{"region":3,"fire_occurred":1,"prediction":0.0233}},{"type":"Feature","geometry":{"type":"Point","coordinates":[-52.0,-31.3]},"properties":{"region":3,"fire_occurred":0,"prediction":0.1149}},{"type":"Feature","geometry":{"type":"Point","coordinates":[-52.0,-26.9]},"properties":{"region":3,"fire_occurred":1,"prediction":0.0055}},{"type":"Feature","geometry":{"type":"Point","coordinates":[-52.0,-22.9]},"properties":{"region":3,"fire_occurred":1,"prediction":0.0047}},{"type":"Feature","geometry":{"type":"Point","coordinates":[-51.9,-31.3]},"properties":{"region":3,"fire_occurred":0,"prediction":0.1728}},{"type":"Feature","geometry":{"type":"Point","coordinates":[-51.7,-31.2]},"properties":{"region":3,"fire_occurred":0,"prediction":0.3178}},{"type":"Feature","geometry":{"type":"Point","coordinates":[-51.7,-31.1]},"properties":{"region":3,"fire_occurred":0,"prediction":0.104}},{"type":"Feature","geometry":{"type":"Point","coordinates":[-51.6,-31.1]},"properties":{"region":3,"fire_occurred":0,"prediction":0.1779}},{"type":"Feature","geometry":{"type":"Point","coordinates":[-51.6,-29.9]},"properties":{"region":3,"fire_occurred":0,"prediction":0.102}},{"type":"Feature","geometry":{"type":"Point","coordinates":[-51.6,-29.8]},"properties":{"region":3,"fire_occurred":0,"prediction":0.157}},{"type":"Feature","geometry":{"type":"Point","coordinates":[-50.8,-28.8]},"properties":{"region":3,"fire_occurred":0,"prediction":0.1308}},{"type":"Feature","geometry":{"type":"Point","coordinates":[-50.5,-30.2]},"properties":{"region":3,"fire_occurred":0,"prediction":0.1528}},{"type":"Feature","geometry":{"type":"Point","coordinates":[-49.8,-22.3]},"properties":{"region":3,"fire_occurred":1,"prediction":0.0076}},{"type":"Feature","geometry":{"type":"Point","coordinates":[-44.2,-22.6]},"properties":{"region":3,"fire_occurred":0,"prediction":0.1932}},{"type":"Feature","geometry":{"type":"Point","coordinates":[-6.9,40.1]},"properties":{"region":3,"fire_occurred":1,"prediction":0.0009}},{"type":"Feature","geometry":{"type":"Point","coordinates":[-6.0,35.0]},"properties":{"region":3,"fire_occurred":1,"prediction":0.0019}},{"type":"Feature","geometry":{"type":"Point","coordinates":[-5.9,35.2]},"properties":{"region":3,"fire_occurred":1,"prediction":0.0032}},{"type":"Feature","geometry":{"type":"Point","coordinates":[3.8,51.1]},"properties":{"region":3,"fire_occurred":0,"prediction":0.2556}},{"type":"Feature","geometry":{"type":"Point","coordinates":[4.6,52.4]},"properties":{"region":3,"fire_occurred":0,"prediction":0.322}},{"type":"Feature","geometry":{"type":"Point","coordinates":[4.8,43.4]},"properties":{"region":3,"fire_occurred":0,"prediction":0.1178}},{"type":"Feature","geometry":{"type":"Point","coordinates":[6.7,51.3]},"properties":{"region":3,"fire_occurred":0,"prediction":0.1238}},{"type":"Feature","geometry":{"type":"Point","coordinates":[6.7,51.4]},"properties":{"region":3,"fire_occurred":1,"prediction":0.1281}},{"type":"Feature","geometry":{"type":"Point","coordinates":[9.9,45.1]},"properties":{"region":3,"fire_occurred":0,"prediction":0.3103}},{"type":"Feature","geometry":{"type":"Point","coordinates":[10.4,52.1]},"properties":{"region":3,"fire_occurred":0,"prediction":0.2788}},{"type":"Feature","geometry":{"type":"Point","coordinates":[11.0,45.4]},"properties":{"region":3,"fire_occurred":0,"prediction":0.162}},{"type":"Feature","geometry":{"type":"Point","coordinates":[11.1,45.4]},"properties":{"region":3,"fire_occurred":0,"prediction":0.1153}},{"type":"Feature","geometry":{"type":"Point","coordinates":[12.3,53.6]},"properties":{"region":3,"fire_occurred":1,"prediction":0.0008}},{"type":"Feature","geometry":{"type":"Point","coordinates":[13.2,51.4]},"properties":{"region":3,"fire_occurred":1,"prediction":0.0011}},{"type":"Feature","geometry":{"type":"Point","coordinates":[14.3,48.2]},"properties":{"region":3,"fire_occurred":1,"prediction":0.4893}},{"type":"Feature","geometry":{"type":"Point","coordinates":[14.5,-14.5]},"properties":{"region":3,"fire_occurred":0,"prediction":0.107}},{"type":"Feature","geometry":{"type":"Point","coordinates":[14.8,-14.4]},"properties":{"region":3,"fire_occurred":0,"prediction":0.1692}},{"type":"Feature","geometry":{"type":"Point","coordinates":[15.7,-11.3]},"properties":{"region":3,"fire_occurred":0,"prediction":0.2127}},{"type":"Feature","geometry":{"type":"Point","coordinates":[15.7,-11.2]},"properties":{"region":3,"fire_occurred":0,"prediction":0.3643}},{"type":"Feature","geometry":{"type":"Point","coordinates":[15.7,-11.1]},"properties":{"region":3,"fire_occurred":0,"prediction":0.1186}},{"type":"Feature","geometry":{"type":"Point","coordinates":[15.8,-11.4]},"properties":{"region":3,"fire_occurred":0,"prediction":0.2896}},{"type":"Feature","geometry":{"type":"Point","coordinates":[15.8,-11.3]},"properties":{"region":3,"fire_occurred":0,"prediction":0.2156}},{"type":"Feature","geometry":{"type":"Point","coordinates":[15.8,-11.2]},"properties":{"region":3,"fire_occurred":0,"prediction":0.1547}},{"type":"Feature","geometry":{"type":"Point","coordinates":[15.9,-11.9]},"properties":{"region":3,"fire_occurred":0,"prediction":0.1071}},{"type":"Feature","geometry":{"type":"Point","coordinates":[15.9,-11.6]},"properties":{"region":3,"fire_occurred":0,"prediction":0.219}},{"type":"Feature","geometry":{"type":"Point","coordinates":[15.9,-11.5]},"properties":{"region":3,"fire_occurred":0,"prediction":0.5436}},{"type":"Feature","geometry":{"type":"Point","coordinates":[15.9,-11.4]},"properties":{"region":3,"fire_occurred":0,"prediction":0.2843}},{"type":"Feature","geometry":{"type":"Point","coordinates":[15.9,-11.3]},"properties":{"region":3,"fire_occurred":0,"prediction":0.2312}},{"type":"Feature","geometry":{"type":"Point","coordinates":[16.0,-11.6]},"properties":{"region":3,"fire_occurred":0,"prediction":0.2489}},{"type":"Feature","geometry":{"type":"Point","coordinates":[16.0,-11.4]},"properties":{"region":3,"fire_occurred":0,"prediction":0.1408}},{"type":"Feature","geometry":{"type":"Point","coordinates":[16.0,-11.3]},"properties":{"region":3,"fire_occurred":0,"prediction":0.2883}},{"type":"Feature","geometry":{"type":"Point","coordinates":[16.0,-10.6]},"properties":{"region":3,"fire_occurred":0,"prediction":0.1248}},{"type":"Feature","geometry":{"type":"Point","coordinates":[16.1,-12.7]},"properties":{"region":3,"fire_occurred":1,"prediction":0.0049}},{"type":"Feature","geometry":{"type":"Point","coordinates":[16.1,-12.6]},"properties":{"region":3,"fire_occurred":0,"prediction":0.1241}},{"type":"Feature","geometry":{"type":"Point","coordinates":[16.1,-9.6]},"properties":{"region":3,"fire_occurred":0,"prediction":0.16}},{"type":"Feature","geometry":{"type":"Point","coordinates":[16.2,-12.7]},"properties":{"region":3,"fire_occurred":1,"prediction":0.0099}},{"type":"Feature","geometry":{"type":"Point","coordinates":[16.2,-9.5]},"properties":{"region":3,"fire_occurred":0,"prediction":0.2013}},{"type":"Feature","geometry":{"type":"Point","coordinates":[16.3,-11.7]},"properties":{"region":3,"fire_occurred":0,"prediction":0.1985}},{"type":"Feature","geometry":{"type":"Point","coordinates":[16.3,-11.6]},"properties":{"region":3,"fire_occurred":0,"prediction":0.1075}},{"type":"Feature","geometry":{"type":"Point","coordinates":[16.3,-9.4]},"properties":{"region":3,"fire_occurred":0,"prediction":0.2045}},{"type":"Feature","geometry":{"type":"Point","coordinates":[16.4,-12.7]},"properties":{"region":3,"fire_occurred":0,"prediction":0.2666}},{"type":"Feature","geometry":{"type":"Point","coordinates":[16.5,-12.5]},"properties":{"region":3,"fire_occurred":0,"prediction":0.2077}},{"type":"Feature","geometry":{"type":"Point","coordinates":[16.5,-10.9]},"properties":{"region":3,"fire_occurred":0,"prediction":0.1941}},{"type":"Feature","geometry":{"type":"Point","coordinates":[16.6,-12.6]},"properties":{"region":3,"fire_occurred":0,"prediction":0.1736}},{"type":"Feature","geometry":{"type":"Point","coordinates":[16.6,-11.6]},"properties":{"region":3,"fire_occurred":0,"prediction":0.3233}},{"type":"Feature","geometry":{"type":"Point","coordinates":[16.7,-12.5]},"properties":{"region":3,"fire_occurred":0,"prediction":0.107}},{"type":"Feature","geometry":{"type":"Point","coordinates":[16.7,-12.4]},"properties":{"region":3,"fire_occurred":0,"prediction":0.3386}},{"type":"Feature","geometry":{"type":"Point","coordinates":[16.7,-12.3]},"properties":{"region":3,"fire_occurred":0,"prediction":0.3774}},{"type":"Feature","geometry":{"type":"Point","coordinates":[16.7,-12.2]},"properties":{"region":3,"fire_occurred":0,"prediction":0.2928}},{"type":"Feature","geometry":{"type":"Point","coordinates":[16.7,-12.1]},"properties":{"region":3,"fire_occurred":0,"prediction":0.2559}},{"type":"Feature","geometry":{"type":"Point","coordinates":[16.7,-12.0]},"properties":{"region":3,"fire_occurred":0,"prediction":0.1299}},{"type":"Feature","geometry":{"type":"Point","coordinates":[16.7,-11.9]},"properties":{"region":3,"fire_occurred":0,"prediction":0.1786}},{"type":"Feature","geometry":{"type":"Point","coordinates":[16.7,-11.8]},"properties":{"region":3,"fire_occurred":0,"prediction":0.2178}},{"type":"Feature","geometry":{"type":"Point","coordinates":[16.7,-9.5]},"properties":{"region":3,"fire_occurred":0,"prediction":0.2721}},{"type":"Feature","geometry":{"type":"Point","coordinates":[16.7,-9.3]},"properties":{"region":3,"fire_occurred":0,"prediction":0.1209}},{"type":"Feature","geometry":{"type":"Point","coordinates":[16.8,-12.2]},"properties":{"region":3,"fire_occurred":0,"prediction":0.1844}},{"type":"Feature","geometry":{"type":"Point","coordinates":[16.8,-12.1]},"properties":{"region":3,"fire_occurred":0,"prediction":0.1258}},{"type":"Feature","geometry":{"type":"Point","coordinates":[16.8,-11.9]},"properties":{"region":3,"fire_occurred":0,"prediction":0.2171}},{"type":"Feature","geometry":{"type":"Point","coordinates":[16.8,-11.4]},"properties":{"region":3,"fire_occurred":0,"prediction":0.2608}},{"type":"Feature","geometry":{"type":"Point","coordinates":[16.8,-10.8]},"properties":{"region":3,"fire_occurred":0,"prediction":0.124}},{"type":"Feature","geometry":{"type":"Point","coordinates":[16.8,-10.7]},"properties":{"region":3,"fire_occurred":0,"prediction":0.167}},{"type":"Feature","geometry":{"type":"Point","coordinates":[16.8,-9.6]},"properties":{"region":3,"fire_occurred":0,"prediction":0.2657}},{"type":"Feature","geometry":{"type":"Point","coordinates":[16.8,-9.5]},"properties":{"region":3,"fire_occurred":0,"prediction":0.2989}},{"type":"Feature","geometry":{"type":"Point","coordinates":[16.9,-11.9]},"properties":{"region":3,"fire_occurred":0,"prediction":0.1693}},{"type":"Feature","geometry":{"type":"Point","coordinates":[16.9,-11.8]},"properties":{"region":3,"fire_occurred":0,"prediction":0.1937}},{"type":"Feature","geometry":{"type":"Point","coordinates":[16.9,-10.7]},"properties":{"region":3,"fire_occurred":0,"prediction":0.2362}},{"type":"Feature","geometry":{"type":"Point","coordinates":[16.9,-10.3]},"properties":{"region":3,"fire_occurred":0,"prediction":0.1814}},{"type":"Feature","geometry":{"type":"Point","coordinates":[16.9,-9.5]},"properties":{"region":3,"fire_occurred":0,"prediction":0.2817}},{"type":"Feature","geometry":{"type":"Point","coordinates":[17.0,-13.6]},"properties":{"region":3,"fire_occurred":1,"prediction":0.0028}},{"type":"Feature","geometry":{"type":"Point","coordinates":[17.0,-12.4]},"properties":{"region":3,"fire_occurred":0,"prediction":0.198}},{"type":"Feature","geometry":{"type":"Point","coordinates":[17.0,-11.8]},"properties":{"region":3,"fire_occurred":0,"prediction":0.1687}},{"type":"Feature","geometry":{"type":"Point","coordinates":[17.0,-11.4]},"properties":{"region":3,"fire_occurred":0,"prediction":0.1918}},{"type":"Feature","geometry":{"type":"Point","coordinates":[17.0,-10.7]},"properties":{"region":3,"fire_occurred":0,"prediction":0.2434}},{"type":"Feature","geometry":{"type":"Point","coordinates":[17.0,-10.4]},"properties":{"region":3,"fire_occurred":0,"prediction":0.1486}},{"type":"Feature","geometry":{"type":"Point","coordinates":[17.0,-10.3]},"properties":{"region":3,"fire_occurred":0,"prediction":0.1706}},{"type":"Feature","geometry":{"type":"Point","coordinates":[17.1,-12.8]},"properties":{"region":3,"fire_occurred":0,"prediction":0.1548}},{"type":"Feature","geometry":{"type":"Point","coordinates":[17.1,-12.7]},"properties":{"region":3,"fire_occurred":0,"prediction":0.101}},{"type":"Feature","geometry":{"type":"Point","coordinates":[17.1,-12.6]},"properties":{"region":3,"fire_occurred":0,"prediction":0.1401}},{"type":"Feature","geometry":{"type":"Point","coordinates":[17.1,-12.5]},"properties":{"region":3,"fire_occurred":0,"prediction":0.3692}},{"type":"Feature","geometry":{"type":"Point","coordinates":[17.1,-11.6]},"properties":{"region":3,"fire_occurred":0,"prediction":0.1012}},{"type":"Feature","geometry":{"type":"Point","coordinates":[17.2,-12.7]},"properties":{"region":3,"fire_occurred":0,"prediction":0.1111}},{"type":"Feature","geometry":{"type":"Point","coordinates":[17.2,-12.6]},"properties":{"region":3,"fire_occurred":0,"prediction":0.1776}},{"type":"Feature","geometry":{"type":"Point","coordinates":[17.2,-12.5]},"properties":{"region":3,"fire_occurred":0,"prediction":0.1011}},{"type":"Feature","geometry":{"type":"Point","coordinates":[17.2,-9.6]},"properties":{"region":3,"fire_occurred":0,"prediction":0.1728}},{"type":"Feature","geometry":{"type":"Point","coordinates":[17.2,-9.4]},"properties":{"region":3,"fire_occurred":0,"prediction":0.1995}},{"type":"Feature","geometry":{"type":"Point","coordinates":[17.3,-12.5]},"properties":{"region":3,"fire_occurred":0,"prediction":0.1683}},{"type":"Feature","geometry":{"type":"Point","coordinates":[17.3,-12.4]},"properties":{"region":3,"fire_occurred":0,"prediction":0.1189}},{"type":"Feature","geometry":{"type":"Point","coordinates":[17.3,-9.4]},"properties":{"region":3,"fire_occurred":0,"prediction":0.154}},{"type":"Feature","geometry":{"type":"Point","coordinates":[17.3,-9.3]},"properties":{"region":3,"fire_occurred":0,"prediction":0.114}},{"type":"Feature","geometry":{"type":"Point","coordinates":[17.4,-11.8]},"properties":{"region":3,"fire_occurred":0,"prediction":0.1235}},{"type":"Feature","geometry":{"type":"Point","coordinates":[17.4,-10.7]},"properties":{"region":3,"fire_occurred":0,"prediction":0.2099}},{"type":"Feature","geometry":{"type":"Point","coordinates":[17.4,-10.6]},"properties":{"region":3,"fire_occurred":0,"prediction":0.2411}},{"type":"Feature","geometry":{"type":"Point","coordinates":[17.4,-9.8]},"properties":{"region":3,"fire_occurred":0,"prediction":0.1054}},{"type":"Feature","geometry":{"type":"Point","coordinates":[17.4,-9.7]},"properties":{"region":3,"fire_occurred":0,"prediction":0.2762}},{"type":"Feature","geometry":{"type":"Point","coordinates":[17.4,-9.5]},"properties":{"region":3,"fire_occurred":0,"prediction":0.2656}},{"type":"Feature","geometry":{"type":"Point","coordinates":[17.4,-9.4]},"properties":{"region":3,"fire_occurred":0,"prediction":0.2326}},{"type":"Feature","geometry":{"type":"Point","coordinates":[17.5,-10.4]},"properties":{"region":3,"fire_occurred":0,"prediction":0.2318}},{"type":"Feature","geometry":{"type":"Point","coordinates":[17.5,-9.8]},"properties":{"region":3,"fire_occurred":0,"prediction":0.1625}},{"type":"Feature","geometry":{"type":"Point","coordinates":[17.5,-9.7]},"properties":{"region":3,"fire_occurred":0,"prediction":0.2977}},{"type":"Feature","geometry":{"type":"Point","coordinates":[17.5,-9.5]},"properties":{"region":3,"fire_occurred":0,"prediction":0.2267}},{"type":"Feature","geometry":{"type":"Point","coordinates":[17.6,-11.0]},"properties":{"region":3,"fire_occurred":0,"prediction":0.2267}},{"type":"Feature","geometry":{"type":"Point","coordinates":[17.6,-10.6]},"properties":{"region":3,"fire_occurred":0,"prediction":0.2033}},{"type":"Feature","geometry":{"type":"Point","coordinates":[17.6,-10.5]},"properties":{"region":3,"fire_occurred":0,"prediction":0.1035}},{"type":"Feature","geometry":{"type":"Point","coordinates":[17.6,-9.7]},"properties":{"region":3,"fire_occurred":0,"prediction":0.1388}},{"type":"Feature","geometry":{"type":"Point","coordinates":[17.6,-9.1]},"properties":{"region":3,"fire_occurred":0,"prediction":0.1211}},{"type":"Feature","geometry":{"type":"Point","coordinates":[17.7,-12.1]},"properties":{"region":3,"fire_occurred":0,"prediction":0.215}},{"type":"Feature","geometry":{"type":"Point","coordinates":[17.7,-12.0]},"properties":{"region":3,"fire_occurred":0,"prediction":0.1678}},{"type":"Feature","geometry":{"type":"Point","coordinates":[17.7,-11.9]},"properties":{"region":3,"fire_occurred":0,"prediction":0.1056}},{"type":"Feature","geometry":{"type":"Point","coordinates":[17.7,-11.7]},"properties":{"region":3,"fire_occurred":0,"prediction":0.1414}},{"type":"Feature","geometry":{"type":"Point","coordinates":[17.7,-10.7]},"properties":{"region":3,"fire_occurred":0,"prediction":0.2305}},{"type":"Feature","geometry":{"type":"Point","coordinates":[17.7,-10.6]},"properties":{"region":3,"fire_occurred":0,"prediction":0.1465}},{"type":"Feature","geometry":{"type":"Point","coordinates":[17.7,-10.5]},"properties":{"region":3,"fire_occurred":0,"prediction":0.1285}},{"type":"Feature","geometry":{"type":"Point","coordinates":[17.7,-9.8]},"properties":{"region":3,"fire_occurred":1,"prediction":0.0093}},{"type":"Feature","geometry":{"type":"Point","coordinates":[17.8,-12.0]},"properties":{"region":3,"fire_occurred":0,"prediction":0.1267}},{"type":"Feature","geometry":{"type":"Point","coordinates":[17.8,-11.6]},"properties":{"region":3,"fire_occurred":0,"prediction":0.1054}},{"type":"Feature","geometry":{"type":"Point","coordinates":[17.8,-10.7]},"properties":{"region":3,"fire_occurred":0,"prediction":0.3521}},{"type":"Feature","geometry":{"type":"Point","coordinates":[17.8,-9.6]},"properties":{"region":3,"fire_occurred":0,"prediction":0.1946}},{"type":"Feature","geometry":{"type":"Point","coordinates":[17.9,-9.5]},"properties":{"region":3,"fire_occurred":0,"prediction":0.1186}},{"type":"Feature","geometry":{"type":"Point","coordinates":[18.0,-11.6]},"properties":{"region":3,"fire_occurred":0,"prediction":0.1002}},{"type":"Feature","geometry":{"type":"Point","coordinates":[18.2,-10.3]},"properties":{"region":3,"fire_occurred":0,"prediction":0.1392}},{"type":"Feature","geometry":{"type":"Point","coordinates":[18.4,-13.8]},"properties":{"region":3,"fire_occurred":1,"prediction":0.0035}},{"type":"Feature","geometry":{"type":"Point","coordinates":[19.5,-14.7]},"properties":{"region":3,"fire_occurred":1,"prediction":0.0012}},{"type":"Feature","geometry":{"type":"Point","coordinates":[19.5,-10.9]},"properties":{"region":3,"fire_occurred":0,"prediction":0.2054}},{"type":"Feature","geometry":{"type":"Point","coordinates":[19.6,-10.8]},"properties":{"region":3,"fire_occurred":0,"prediction":0.1891}},{"type":"Feature","geometry":{"type":"Point","coordinates":[19.6,-10.6]},"properties":{"region":3,"fire_occurred":1,"prediction":0.0091}},{"type":"Feature","geometry":{"type":"Point","coordinates":[19.6,52.5]},"properties":{"region":3,"fire_occurred":1,"prediction":0.0002}},{"type":"Feature","geometry":{"type":"Point","coordinates":[19.7,-10.4]},"properties":{"region":3,"fire_occurred":0,"prediction":0.1242}},{"type":"Feature","geometry":{"type":"Point","coordinates":[19.8,-11.2]},"properties":{"region":3,"fire_occurred":0,"prediction":0.1013}},{"type":"Feature","geometry":{"type":"Point","coordinates":[19.9,-11.8]},"properties":{"region":3,"fire_occurred":0,"prediction":0.2575}},{"type":"Feature","geometry":{"type":"Point","coordinates":[20.4,-11.7]},"properties":{"region":3,"fire_occurred":0,"prediction":0.267}},{"type":"Feature","geometry":{"type":"Point","coordinates":[20.6,-12.2]},"properties":{"region":3,"fire_occurred":1,"prediction":0.0029}},{"type":"Feature","geometry":{"type":"Point","coordinates":[20.7,-10.8]},"properties":{"region":3,"fire_occurred":1,"prediction":0.0057}},{"type":"Feature","geometry":{"type":"Point","coordinates":[21.5,-15.8]},"properties":{"region":3,"fire_occurred":0,"prediction":0.1375}},{"type":"Feature","geometry":{"type":"Point","coordinates":[21.8,-13.9]},"properties":{"region":3,"fire_occurred":0,"prediction":0.2315}},{"type":"Feature","geometry":{"type":"Point","coordinates":[21.8,46.8]},"properties":{"region":3,"fire_occurred":0,"prediction":0.2885}},{"type":"Feature","geometry":{"type":"Point","coordinates":[21.9,-14.0]},"properties":{"region":3,"fire_occurred":0,"prediction":0.1682}},{"type":"Feature","geometry":{"type":"Point","coordinates":[21.9,41.4]},"properties":{"region":3,"fire_occurred":0,"prediction":0.1588}},{"type":"Feature","geometry":{"type":"Point","coordinates":[22.0,-14.7]},"properties":{"region":3,"fire_occurred":0,"prediction":0.1563}},{"type":"Feature","geometry":{"type":"Point","coordinates":[22.1,-14.7]},"properties":{"region":3,"fire_occurred":0,"prediction":0.1194}},{"type":"Feature","geometry":{"type":"Point","coordinates":[22.1,-14.2]},"properties":{"region":3,"fire_occurred":0,"prediction":0.1038}},{"type":"Feature","geometry":{"type":"Point","coordinates":[22.1,-14.1]},"properties":{"region":3,"fire_occurred":0,"prediction":0.1222}},{"type":"Feature","geometry":{"type":"Point","coordinates":[22.3,-14.8]},"properties":{"region":3,"fire_occurred":0,"prediction":0.1415}},{"type":"Feature","geometry":{"type":"Point","coordinates":[22.3,-14.1]},"properties":{"region":3,"fire_occurred":0,"prediction":0.1331}},{"type":"Feature","geometry":{"type":"Point","coordinates":[22.4,-15.4]},"properties":{"region":3,"fire_occurred":0,"prediction":0.1277}},{"type":"Feature","geometry":{"type":"Point","coordinates":[22.8,-15.4]},"properties":{"region":3,"fire_occurred":0,"prediction":0.109}},{"type":"Feature","geometry":{"type":"Point","coordinates":[23.6,38.3]},"properties":{"region":3,"fire_occurred":0,"prediction":0.2386}},{"type":"Feature","geometry":{"type":"Point","coordinates":[24.0,-11.7]},"properties":{"region":3,"fire_occurred":0,"prediction":0.1697}},{"type":"Feature","geometry":{"type":"Point","coordinates":[24.1,-11.6]},"properties":{"region":3,"fire_occurred":1,"prediction":0.0062}},{"type":"Feature","geometry":{"type":"Point","coordinates":[24.6,-11.1]},"properties":{"region":3,"fire_occurred":1,"prediction":0.2617}},{"type":"Feature","geometry":{"type":"Point","coordinates":[24.8,-15.4]},"properties":{"region":3,"fire_occurred":0,"prediction":0.1087}},{"type":"Feature","geometry":{"type":"Point","coordinates":[25.0,-14.1]},"properties":{"region":3,"fire_occurred":1,"prediction":0.0207}},{"type":"Feature","geometry":{"type":"Point","coordinates":[25.0,-12.0]},"properties":{"region":3,"fire_occurred":1,"prediction":0.0009}},{"type":"Feature","geometry":{"type":"Point","coordinates":[25.1,-15.9]},"properties":{"region":3,"fire_occurred":0,"prediction":0.1584}},{"type":"Feature","geometry":{"type":"Point","coordinates":[25.1,-10.6]},"properties":{"region":3,"fire_occurred":0,"prediction":0.2619}},{"type":"Feature","geometry":{"type":"Point","coordinates":[25.1,-10.5]},"properties":{"region":3,"fire_occurred":0,"prediction":0.1136}},{"type":"Feature","geometry":{"type":"Point","coordinates":[25.2,-10.8]},"properties":{"region":3,"fire_occurred":1,"prediction":0.1921}},{"type":"Feature","geometry":{"type":"Point","coordinates":[25.3,-10.8]},"properties":{"region":3,"fire_occurred":0,"prediction":0.2875}},{"type":"Feature","geometry":{"type":"Point","coordinates":[25.4,-10.7]},"properties":{"region":3,"fire_occurred":0,"prediction":0.1645}},{"type":"Feature","geometry":{"type":"Point","coordinates":[25.5,-14.0]},"properties":{"region":3,"fire_occurred":1,"prediction":0.0463}},{"type":"Feature","geometry":{"type":"Point","coordinates":[25.5,-10.4]},"properties":{"region":3,"fire_occurred":1,"prediction":0.0109}},{"type":"Feature","geometry":{"type":"Point","coordinates":[25.6,-10.9]},"properties":{"region":3,"fire_occurred":0,"prediction":0.31}},{"type":"Feature","geometry":{"type":"Point","coordinates":[25.6,-10.3]},"properties":{"region":3,"fire_occurred":1,"prediction":0.311}},{"type":"Feature","geometry":{"type":"Point","coordinates":[25.7,-10.2]},"properties":{"region":3,"fire_occurred":1,"prediction":0.0988}},{"type":"Feature","geometry":{"type":"Point","coordinates":[25.8,-12.6]},"properties":{"region":3,"fire_occurred":0,"prediction":0.1344}},{"type":"Feature","geometry":{"type":"Point","coordinates":[25.8,-10.7]},"properties":{"region":3,"fire_occurred":1,"prediction":0.0064}},{"type":"Feature","geometry":{"type":"Point","coordinates":[25.9,-15.3]},"properties":{"region":3,"fire_occurred":0,"prediction":0.1182}},{"type":"Feature","geometry":{"type":"Point","coordinates":[26.0,-10.7]},"properties":{"region":3,"fire_occurred":0,"prediction":0.1171}},{"type":"Feature","geometry":{"type":"Point","coordinates":[26.1,-10.6]},"properties":{"region":3,"fire_occurred":0,"prediction":0.2236}},{"type":"Feature","geometry":{"type":"Point","coordinates":[26.1,-10.5]},"properties":{"region":3,"fire_occurred":0,"prediction":0.3208}},{"type":"Feature","geometry":{"type":"Point","coordinates":[26.2,-11.8]},"properties":{"region":3,"fire_occurred":1,"prediction":0.0014}},{"type":"Feature","geometry":{"type":"Point","coordinates":[26.3,-12.1]},"properties":{"region":3,"fire_occurred":1,"prediction":0.7793}},{"type":"Feature","geometry":{"type":"Point","coordinates":[26.3,-10.6]},"properties":{"region":3,"fire_occurred":0,"prediction":0.1839}},{"type":"Feature","geometry":{"type":"Point","coordinates":[26.4,-12.3]},"properties":{"region":3,"fire_occurred":1,"prediction":0.0162}},{"type":"Feature","geometry":{"type":"Point","coordinates":[26.4,-12.1]},"properties":{"region":3,"fire_occurred":1,"prediction":0.4207}},{"type":"Feature","geometry":{"type":"Point","coordinates":[26.4,-10.8]},"properties":{"region":3,"fire_occurred":1,"prediction":0.0163}},{"type":"Feature","geometry":{"type":"Point","coordinates":[26.5,-10.9]},"properties":{"region":3,"fire_occurred":0,"prediction":0.1363}},{"type":"Feature","geometry":{"type":"Point","coordinates":[26.5,-10.8]},"properties":{"region":3,"fire_occurred":1,"prediction":0.1576}},{"type":"Feature","geometry":{"type":"Point","coordinates":[26.5,-10.7]},"properties":{"region":3,"fire_occurred":1,"prediction":0.1448}},{"type":"Feature","geometry":{"type":"Point","coordinates":[26.5,-10.1]},"properties":{"region":3,"fire_occurred":0,"prediction":0.1792}},{"type":"Feature","geometry":{"type":"Point","coordinates":[26.6,-11.0]},"properties":{"region":3,"fire_occurred":0,"prediction":0.128}},{"type":"Feature","geometry":{"type":"Point","coordinates":[26.6,-10.9]},"properties":{"region":3,"fire_occurred":0,"prediction":0.2173}},{"type":"Feature","geometry":{"type":"Point","coordinates":[26.6,-10.8]},"properties":{"region":3,"fire_occurred":0,"prediction":0.1715}},{"type":"Feature","geometry":{"type":"Point","coordinates":[26.7,-12.3]},"properties":{"region":3,"fire_occurred":0,"prediction":0.1842}},{"type":"Feature","geometry":{"type":"Point","coordinates":[26.7,-10.8]},"properties":{"region":3,"fire_occurred":1,"prediction":0.5065}},{"type":"Feature","geometry":{"type":"Point","coordinates":[26.8,-12.3]},"properties":{"region":3,"fire_occurred":0,"prediction":0.179}},{"type":"Feature","geometry":{"type":"Point","coordinates":[26.8,-11.1]},"properties":{"region":3,"fire_occurred":0,"prediction":0.2572}},{"type":"Feature","geometry":{"type":"Point","coordinates":[26.8,-10.9]},"properties":{"region":3,"fire_occurred":0,"prediction":0.1766}},{"type":"Feature","geometry":{"type":"Point","coordinates":[26.8,-10.7]},"properties":{"region":3,"fire_occurred":1,"prediction":0.1072}},{"type":"Feature","geometry":{"type":"Point","coordinates":[26.8,-10.3]},"properties":{"region":3,"fire_occurred":0,"prediction":0.2201}},{"type":"Feature","geometry":{"type":"Point","coordinates":[26.8,-10.1]},"properties":{"region":3,"fire_occurred":0,"prediction":0.2845}},{"type":"Feature","geometry":{"type":"Point","coordinates":[26.8,62.8]},"properties":{"region":3,"fire_occurred":0,"prediction":0.1158}},{"type":"Feature","geometry":{"type":"Point","coordinates":[26.9,-11.1]},"properties":{"region":3,"fire_occurred":0,"prediction":0.1519}},{"type":"Feature","geometry":{"type":"Point","coordinates":[26.9,-11.0]},"properties":{"region":3,"fire_occurred":1,"prediction":0.048}},{"type":"Feature","geometry":{"type":"Point","coordinates":[26.9,-10.4]},"properties":{"region":3,"fire_occurred":0,"prediction":0.1692}},{"type":"Feature","geometry":{"type":"Point","coordinates":[26.9,-10.3]},"properties":{"region":3,"fire_occurred":1,"prediction":0.2015}},{"type":"Feature","geometry":{"type":"Point","coordinates":[26.9,-10.2]},"properties":{"region":3,"fire_occurred":0,"prediction":0.2345}},{"type":"Feature","geometry":{"type":"Point","coordinates":[26.9,-10.1]},"properties":{"region":3,"fire_occurred":0,"prediction":0.2881}},{"type":"Feature","geometry":{"type":"Point","coordinates":[27.0,-11.2]},"properties":{"region":3,"fire_occurred":0,"prediction":0.1964}},{"type":"Feature","geometry":{"type":"Point","coordinates":[27.0,-10.3]},"properties":{"region":3,"fire_occurred":0,"prediction":0.1668}},{"type":"Feature","geometry":{"type":"Point","coordinates":[27.0,-10.2]},"properties":{"region":3,"fire_occurred":0,"prediction":0.2694}},{"type":"Feature","geometry":{"type":"Point","coordinates":[27.0,-10.1]},"properties":{"region":3,"fire_occurred":1,"prediction":0.1047}},{"type":"Feature","geometry":{"type":"Point","coordinates":[27.0,-10.0]},"properties":{"region":3,"fire_occurred":0,"prediction":0.1811}},{"type":"Feature","geometry":{"type":"Point","coordinates":[27.0,-9.8]},"properties":{"region":3,"fire_occurred":0,"prediction":0.1175}},{"type":"Feature","geometry":{"type":"Point","coordinates":[27.0,-9.5]},"properties":{"region":3,"fire_occurred":0,"prediction":0.147}},{"type":"Feature","geometry":{"type":"Point","coordinates":[27.1,-11.2]},"properties":{"region":3,"fire_occurred":0,"prediction":0.1117}},{"type":"Feature","geometry":{"type":"Point","coordinates":[27.1,-11.1]},"properties":{"region":3,"fire_occurred":0,"prediction":0.1212}},{"type":"Feature","geometry":{"type":"Point","coordinates":[27.1,-10.4]},"properties":{"region":3,"fire_occurred":0,"prediction":0.2832}},{"type":"Feature","geometry":{"type":"Point","coordinates":[27.1,-10.2]},"properties":{"region":3,"fire_occurred":0,"prediction":0.1393}},{"type":"Feature","geometry":{"type":"Point","coordinates":[27.1,-10.1]},"properties":{"region":3,"fire_occurred":0,"prediction":0.2096}},{"type":"Feature","geometry":{"type":"Point","coordinates":[27.1,-10.0]},"properties":{"region":3,"fire_occurred":1,"prediction":0.2123}},{"type":"Feature","geometry":{"type":"Point","coordinates":[27.1,-9.9]},"properties":{"region":3,"fire_occurred":1,"prediction":0.1537}},{"type":"Feature","geometry":{"type":"Point","coordinates":[27.1,-9.8]},"properties":{"region":3,"fire_occurred":0,"prediction":0.1686}},{"type":"Feature","geometry":{"type":"Point","coordinates":[27.1,-9.7]},"properties":{"region":3,"fire_occurred":0,"prediction":0.1058}},{"type":"Feature","geometry":{"type":"Point","coordinates":[27.1,-9.6]},"properties":{"region":3,"fire_occurred":0,"prediction":0.1825}},{"type":"Feature","geometry":{"type":"Point","coordinates":[27.1,-9.5]},"properties":{"region":3,"fire_occurred":0,"prediction":0.1477}},{"type":"Feature","geometry":{"type":"Point","coordinates":[27.1,-9.4]},"properties":{"region":3,"fire_occurred":0,"prediction":0.197}},{"type":"Feature","geometry":{"type":"Point","coordinates":[27.2,-11.6]},"properties":{"region":3,"fire_occurred":0,"prediction":0.1099}},{"type":"Feature","geometry":{"type":"Point","coordinates":[27.2,-10.6]},"properties":{"region":3,"fire_occurred":0,"prediction":0.2006}},{"type":"Feature","geometry":{"type":"Point","coordinates":[27.2,-10.3]},"properties":{"region":3,"fire_occurred":1,"prediction":0.0956}},{"type":"Feature","geometry":{"type":"Point","coordinates":[27.2,-10.0]},"properties":{"region":3,"fire_occurred":1,"prediction":0.0858}},{"type":"Feature","geometry":{"type":"Point","coordinates":[27.2,-9.7]},"properties":{"region":3,"fire_occurred":0,"prediction":0.1534}},{"type":"Feature","geometry":{"type":"Point","coordinates":[27.2,-9.5]},"properties":{"region":3,"fire_occurred":1,"prediction":0.0159}},{"type":"Feature","geometry":{"type":"Point","coordinates":[27.2,-9.4]},"properties":{"region":3,"fire_occurred":1,"prediction":0.0777}},{"type":"Feature","geometry":{"type":"Point","coordinates":[27.3,-15.4]},"properties":{"region":3,"fire_occurred":1,"prediction":0.0051}},{"type":"Feature","geometry":{"type":"Point","coordinates":[27.3,-14.5]},"properties":{"region":3,"fire_occurred":1,"prediction":0.0797}},{"type":"Feature","geometry":{"type":"Point","coordinates":[27.3,-11.7]},"properties":{"region":3,"fire_occurred":0,"prediction":0.1226}},{"type":"Feature","geometry":{"type":"Point","coordinates":[27.3,-10.7]},"properties":{"region":3,"fire_occurred":1,"prediction":0.1818}},{"type":"Feature","geometry":{"type":"Point","coordinates":[27.3,-10.6]},"properties":{"region":3,"fire_occurred":1,"prediction":0.1365}},{"type":"Feature","geometry":{"type":"Point","coordinates":[27.3,-10.5]},"properties":{"region":3,"fire_occurred":0,"prediction":0.2657}},{"type":"Feature","geometry":{"type":"Point","coordinates":[27.3,-10.4]},"properties":{"region":3,"fire_occurred":1,"prediction":0.085}},{"type":"Feature","geometry":{"type":"Point","coordinates":[27.3,-10.3]},"properties":{"region":3,"fire_occurred":0,"prediction":0.1155}},{"type":"Feature","geometry":{"type":"Point","coordinates":[27.3,-10.2]},"properties":{"region":3,"fire_occurred":0,"prediction":0.2138}},{"type":"Feature","geometry":{"type":"Point","coordinates":[27.3,-10.1]},"properties":{"region":3,"fire_occurred":0,"prediction":0.1297}},{"type":"Feature","geometry":{"type":"Point","coordinates":[27.3,-10.0]},"properties":{"region":3,"fire_occurred":0,"prediction":0.181}},{"type":"Feature","geometry":{"type":"Point","coordinates":[27.3,-9.5]},"properties":{"region":3,"fire_occurred":1,"prediction":0.0143}},{"type":"Feature","geometry":{"type":"Point","coordinates":[27.3,-9.4]},"properties":{"region":3,"fire_occurred":1,"prediction":0.0655}},{"type":"Feature","geometry":{"type":"Point","coordinates":[27.4,-10.7]},"properties":{"region":3,"fire_occurred":0,"prediction":0.2051}},{"type":"Feature","geometry":{"type":"Point","coordinates":[27.4,-10.6]},"properties":{"region":3,"fire_occurred":1,"prediction":0.1278}},{"type":"Feature","geometry":{"type":"Point","coordinates":[27.4,-10.2]},"properties":{"region":3,"fire_occurred":1,"prediction":0.0085}},{"type":"Feature","geometry":{"type":"Point","coordinates":[27.5,-10.7]},"properties":{"region":3,"fire_occurred":0,"prediction":0.2698}},{"type":"Feature","geometry":{"type":"Point","coordinates":[27.6,-10.7]},"properties":{"region":3,"fire_occurred":1,"prediction":0.0987}},{"type":"Feature","geometry":{"type":"Point","coordinates":[27.6,-9.7]},"properties":{"region":3,"fire_occurred":1,"prediction":0.0045}},{"type":"Feature","geometry":{"type":"Point","coordinates":[27.6,-9.6]},"properties":{"region":3,"fire_occurred":1,"prediction":0.1272}},{"type":"Feature","geometry":{"type":"Point","coordinates":[27.6,-9.5]},"properties":{"region":3,"fire_occurred":1,"prediction":0.1879}},{"type":"Feature","geometry":{"type":"Point","coordinates":[27.6,-9.4]},"properties":{"region":3,"fire_occurred":0,"prediction":0.2033}},{"type":"Feature","geometry":{"type":"Point","coordinates":[27.6,-9.3]},"properties":{"region":3,"fire_occurred":1,"prediction":0.1424}},{"type":"Feature","geometry":{"type":"Point","coordinates":[27.6,62.9]},"properties":{"region":3,"fire_occurred":0,"prediction":0.1276}},{"type":"Feature","geometry":{"type":"Point","coordinates":[27.7,-12.3]},"properties":{"region":3,"fire_occurred":0,"prediction":0.1561}},{"type":"Feature","geometry":{"type":"Point","coordinates":[27.7,-10.0]},"properties":{"region":3,"fire_occurred":1,"prediction":0.0073}},{"type":"Feature","geometry":{"type":"Point","coordinates":[27.7,-9.4]},"properties":{"region":3,"fire_occurred":0,"prediction":0.1367}},{"type":"Feature","geometry":{"type":"Point","coordinates":[27.8,-15.6]},"properties":{"region":3,"fire_occurred":1,"prediction":0.0739}},{"type":"Feature","geometry":{"type":"Point","coordinates":[27.8,-11.9]},"properties":{"region":3,"fire_occurred":0,"prediction":0.1203}},{"type":"Feature","geometry":{"type":"Point","coordinates":[27.8,-11.8]},"properties":{"region":3,"fire_occurred":0,"prediction":0.1271}},{"type":"Feature","geometry":{"type":"Point","coordinates":[27.8,-11.3]},"properties":{"region":3,"fire_occurred":1,"prediction":0.0746}},{"type":"Feature","geometry":{"type":"Point","coordinates":[27.8,-10.3]},"properties":{"region":3,"fire_occurred":0,"prediction":0.15}},{"type":"Feature","geometry":{"type":"Point","coordinates":[27.8,-9.8]},"properties":{"region":3,"fire_occurred":0,"prediction":0.1123}},{"type":"Feature","geometry":{"type":"Point","coordinates":[27.8,-9.7]},"properties":{"region":3,"fire_occurred":1,"prediction":0.0091}},{"type":"Feature","geometry":{"type":"Point","coordinates":[27.8,-9.4]},"properties":{"region":3,"fire_occurred":0,"prediction":0.1054}},{"type":"Feature","geometry":{"type":"Point","coordinates":[27.8,-9.3]},"properties":{"region":3,"fire_occurred":0,"prediction":0.1501}},{"type":"Feature","geometry":{"type":"Point","coordinates":[27.9,-9.4]},"properties":{"region":3,"fire_occurred":1,"prediction":0.0016}},{"type":"Feature","geometry":{"type":"Point","coordinates":[28.0,-31.6]},"properties":{"region":3,"fire_occurred":1,"prediction":0.0018}},{"type":"Feature","geometry":{"type":"Point","coordinates":[28.0,-15.0]},"properties":{"region":3,"fire_occurred":1,"prediction":0.0902}},{"type":"Feature","geometry":{"type":"Point","coordinates":[28.0,-12.6]},"properties":{"region":3,"fire_occurred":0,"prediction":0.1134}},{"type":"Feature","geometry":{"type":"Point","coordinates":[28.1,-15.4]},"properties":{"region":3,"fire_occurred":1,"prediction":0.0064}},{"type":"Feature","geometry":{"type":"Point","coordinates":[28.1,-8.1]},"properties":{"region":3,"fire_occurred":1,"prediction":0.0089}},{"type":"Feature","geometry":{"type":"Point","coordinates":[28.3,-14.5]},"properties":{"region":3,"fire_occurred":1,"prediction":0.0979}},{"type":"Feature","geometry":{"type":"Point","coordinates":[28.3,-13.3]},"properties":{"region":3,"fire_occurred":1,"prediction":0.0509}},{"type":"Feature","geometry":{"type":"Point","coordinates":[28.3,-9.2]},"properties":{"region":3,"fire_occurred":0,"prediction":0.1374}},{"type":"Feature","geometry":{"type":"Point","coordinates":[28.3,-8.5]},"properties":{"region":3,"fire_occurred":1,"prediction":0.0035}},{"type":"Feature","geometry":{"type":"Point","coordinates":[28.4,-10.1]},"properties":{"region":3,"fire_occurred":1,"prediction":0.0052}},{"type":"Feature","geometry":{"type":"Point","coordinates":[28.5,-10.1]},"properties":{"region":3,"fire_occurred":1,"prediction":0.0016}},{"type":"Feature","geometry":{"type":"Point","coordinates":[28.6,62.8]},"properties":{"region":3,"fire_occurred":0,"prediction":0.1781}},{"type":"Feature","geometry":{"type":"Point","coordinates":[28.7,62.8]},"properties":{"region":3,"fire_occurred":0,"prediction":0.1058}},{"type":"Feature","geometry":{"type":"Point","coordinates":[28.8,-12.3]},"properties":{"region":3,"fire_occurred":1,"prediction":0.0131}},{"type":"Feature","geometry":{"type":"Point","coordinates":[28.8,62.8]},"properties":{"region":3,"fire_occurred":0,"prediction":0.1409}},{"type":"Feature","geometry":{"type":"Point","coordinates":[29.0,-25.9]},"properties":{"region":3,"fire_occurred":1,"prediction":0.0272}},{"type":"Feature","geometry":{"type":"Point","coordinates":[29.0,-25.3]},"properties":{"region":3,"fire_occurred":1,"prediction":0.0018}},{"type":"Feature","geometry":{"type":"Point","coordinates":[29.1,-26.3]},"properties":{"region":3,"fire_occurred":1,"prediction":0.0164}},{"type":"Feature","geometry":{"type":"Point","coordinates":[29.1,-25.9]},"properties":{"region":3,"fire_occurred":1,"prediction":0.7045}},{"type":"Feature","geometry":{"type":"Point","coordinates":[29.2,-26.0]},"properties":{"region":3,"fire_occurred":0,"prediction":0.109}},{"type":"Feature","geometry":{"type":"Point","coordinates":[29.2,-12.2]},"properties":{"region":3,"fire_occurred":1,"prediction":0.0094}},{"type":"Feature","geometry":{"type":"Point","coordinates":[29.2,37.8]},"properties":{"region":3,"fire_occurred":0,"prediction":0.1942}},{"type":"Feature","geometry":{"type":"Point","coordinates":[29.2,38.6]},"properties":{"region":3,"fire_occurred":0,"prediction":0.2151}},{"type":"Feature","geometry":{"type":"Point","coordinates":[29.3,-26.1]},"properties":{"region":3,"fire_occurred":0,"prediction":0.1156}},{"type":"Feature","geometry":{"type":"Point","coordinates":[29.4,-25.9]},"properties":{"region":3,"fire_occurred":1,"prediction":0.6502}},{"type":"Feature","geometry":{"type":"Point","coordinates":[29.4,-15.0]},"properties":{"region":3,"fire_occurred":1,"prediction":0.0025}},{"type":"Feature","geometry":{"type":"Point","coordinates":[29.4,38.6]},"properties":{"region":3,"fire_occurred":0,"prediction":0.1069}},{"type":"Feature","geometry":{"type":"Point","coordinates":[29.5,-25.1]},"properties":{"region":3,"fire_occurred":1,"prediction":0.004}},{"type":"Feature","geometry":{"type":"Point","coordinates":[29.6,-31.4]},"properties":{"region":3,"fire_occurred":1,"prediction":0.0909}},{"type":"Feature","geometry":{"type":"Point","coordinates":[29.6,-25.8]},"properties":{"region":3,"fire_occurred":0,"prediction":0.293}},{"type":"Feature","geometry":{"type":"Point","coordinates":[29.6,62.8]},"properties":{"region":3,"fire_occurred":0,"prediction":0.1706}},{"type":"Feature","geometry":{"type":"Point","coordinates":[29.7,-30.0]},"properties":{"region":3,"fire_occurred":1,"prediction":0.0981}},{"type":"Feature","geometry":{"type":"Point","coordinates":[29.7,-29.9]},"properties":{"region":3,"fire_occurred":0,"prediction":0.1071}},{"type":"Feature","geometry":{"type":"Point","coordinates":[29.7,-29.8]},"properties":{"region":3,"fire_occurred":0,"prediction":0.1946}},{"type":"Feature","geometry":{"type":"Point","coordinates":[29.7,-12.1]},"properties":{"region":3,"fire_occurred":0,"prediction":0.1477}},{"type":"Feature","geometry":{"type":"Point","coordinates":[29.7,-12.0]},"properties":{"region":3,"fire_occurred":1,"prediction":0.0561}},{"type":"Feature","geometry":{"type":"Point","coordinates":[29.7,62.5]},"properties":{"region":3,"fire_occurred":0,"prediction":0.1466}},{"type":"Feature","geometry":{"type":"Point","coordinates":[29.8,-30.6]},"properties":{"region":3,"fire_occurred":0,"prediction":0.1629}},{"type":"Feature","geometry":{"type":"Point","coordinates":[29.8,-28.6]},"properties":{"region":3,"fire_occurred":1,"prediction":0.0013}},{"type":"Feature","geometry":{"type":"Point","coordinates":[29.9,-30.0]},"properties":{"region":3,"fire_occurred":0,"prediction":0.1512}},{"type":"Feature","geometry":{"type":"Point","coordinates":[29.9,-12.9]},"properties":{"region":3,"fire_occurred":1,"prediction":0.0041}},{"type":"Feature","geometry":{"type":"Point","coordinates":[29.9,61.8]},"properties":{"region":3,"fire_occurred":0,"prediction":0.1026}},{"type":"Feature","geometry":{"type":"Point","coordinates":[30.0,-30.2]},"properties":{"region":3,"fire_occurred":0,"prediction":0.1107}},{"type":"Feature","geometry":{"type":"Point","coordinates":[30.0,-30.1]},"properties":{"region":3,"fire_occurred":1,"prediction":0.0466}},{"type":"Feature","geometry":{"type":"Point","coordinates":[30.0,-27.8]},"properties":{"region":3,"fire_occurred":0,"prediction":0.1291}},{"type":"Feature","geometry":{"type":"Point","coordinates":[30.0,-12.2]},"properties":{"region":3,"fire_occurred":1,"prediction":0.0071}},{"type":"Feature","geometry":{"type":"Point","coordinates":[30.2,-29.5]},"properties":{"region":3,"fire_occurred":0,"prediction":0.2077}},{"type":"Feature","geometry":{"type":"Point","coordinates":[30.2,-17.8]},"properties":{"region":3,"fire_occurred":1,"prediction":0.0018}},{"type":"Feature","geometry":{"type":"Point","coordinates":[30.3,-29.9]},"properties":{"region":3,"fire_occurred":0,"prediction":0.1225}},{"type":"Feature","geometry":{"type":"Point","coordinates":[30.3,-29.6]},"properties":{"region":3,"fire_occurred":0,"prediction":0.1601}},{"type":"Feature","geometry":{"type":"Point","coordinates":[30.3,-29.5]},"properties":{"region":3,"fire_occurred":0,"prediction":0.1997}},{"type":"Feature","geometry":{"type":"Point","coordinates":[30.3,-11.1]},"properties":{"region":3,"fire_occurred":0,"prediction":0.1148}},{"type":"Feature","geometry":{"type":"Point","coordinates":[30.4,-30.0]},"properties":{"region":3,"fire_occurred":0,"prediction":0.1711}},{"type":"Feature","geometry":{"type":"Point","coordinates":[30.4,-29.9]},"properties":{"region":3,"fire_occurred":0,"prediction":0.1558}},{"type":"Feature","geometry":{"type":"Point","coordinates":[30.4,-29.4]},"properties":{"region":3,"fire_occurred":0,"prediction":0.2217}},{"type":"Feature","geometry":{"type":"Point","coordinates":[30.4,-29.3]},"properties":{"region":3,"fire_occurred":0,"prediction":0.2145}},{"type":"Feature","geometry":{"type":"Point","coordinates":[30.4,-29.2]},"properties":{"region":3,"fire_occurred":0,"prediction":0.1393}},{"type":"Feature","geometry":{"type":"Point","coordinates":[30.4,-26.9]},"properties":{"region":3,"fire_occurred":0,"prediction":0.1282}},{"type":"Feature","geometry":{"type":"Point","coordinates":[30.4,-26.8]},"properties":{"region":3,"fire_occurred":0,"prediction":0.1672}},{"type":"Feature","geometry":{"type":"Point","coordinates":[30.4,-26.3]},"properties":{"region":3,"fire_occurred":0,"prediction":0.1391}},{"type":"Feature","geometry":{"type":"Point","coordinates":[30.5,-29.5]},"properties":{"region":3,"fire_occurred":0,"prediction":0.1388}},{"type":"Feature","geometry":{"type":"Point","coordinates":[30.5,-29.3]},"properties":{"region":3,"fire_occurred":0,"prediction":0.1709}},{"type":"Feature","geometry":{"type":"Point","coordinates":[30.5,-29.2]},"properties":{"region":3,"fire_occurred":0,"prediction":0.1434}},{"type":"Feature","geometry":{"type":"Point","coordinates":[30.5,-29.1]},"properties":{"region":3,"fire_occurred":0,"prediction":0.13}},{"type":"Feature","geometry":{"type":"Point","coordinates":[30.5,-25.9]},"properties":{"region":3,"fire_occurred":1,"prediction":0.0122}},{"type":"Feature","geometry":{"type":"Point","coordinates":[30.6,-29.5]},"properties":{"region":3,"fire_occurred":0,"prediction":0.1245}},{"type":"Feature","geometry":{"type":"Point","coordinates":[30.6,-29.4]},"properties":{"region":3,"fire_occurred":0,"prediction":0.1315}},{"type":"Feature","geometry":{"type":"Point","coordinates":[30.6,-29.3]},"properties":{"region":3,"fire_occurred":0,"prediction":0.1851}},{"type":"Feature","geometry":{"type":"Point","coordinates":[30.6,-29.1]},"properties":{"region":3,"fire_occurred":0,"prediction":0.1302}},{"type":"Feature","geometry":{"type":"Point","coordinates":[30.6,48.1]},"properties":{"region":3,"fire_occurred":1,"prediction":0.2528}},{"type":"Feature","geometry":{"type":"Point","coordinates":[30.7,-29.4]},"properties":{"region":3,"fire_occurred":0,"prediction":0.1208}},{"type":"Feature","geometry":{"type":"Point","coordinates":[30.7,-29.2]},"properties":{"region":3,"fire_occurred":0,"prediction":0.1399}},{"type":"Feature","geometry":{"type":"Point","coordinates":[30.7,-29.1]},"properties":{"region":3,"fire_occurred":0,"prediction":0.2219}},{"type":"Feature","geometry":{"type":"Point","coordinates":[30.7,-29.0]},"properties":{"region":3,"fire_occurred":0,"prediction":0.18}},{"type":"Feature","geometry":{"type":"Point","coordinates":[30.7,-27.7]},"properties":{"region":3,"fire_occurred":0,"prediction":0.123}},{"type":"Feature","geometry":{"type":"Point","coordinates":[30.7,-27.4]},"properties":{"region":3,"fire_occurred":0,"prediction":0.1047}},{"type":"Feature","geometry":{"type":"Point","coordinates":[30.8,-29.1]},"properties":{"region":3,"fire_occurred":0,"prediction":0.1952}},{"type":"Feature","geometry":{"type":"Point","coordinates":[30.8,-29.0]},"properties":{"region":3,"fire_occurred":0,"prediction":0.2138}},{"type":"Feature","geometry":{"type":"Point","coordinates":[30.8,-25.7]},"properties":{"region":3,"fire_occurred":0,"prediction":0.1466}},{"type":"Feature","geometry":{"type":"Point","coordinates":[30.8,-17.5]},"properties":{"region":3,"fire_occurred":1,"prediction":0.0004}},{"type":"Feature","geometry":{"type":"Point","coordinates":[30.9,-29.1]},"properties":{"region":3,"fire_occurred":0,"prediction":0.1337}},{"type":"Feature","geometry":{"type":"Point","coordinates":[30.9,-28.7]},"properties":{"region":3,"fire_occurred":1,"prediction":0.013}},{"type":"Feature","geometry":{"type":"Point","coordinates":[30.9,-26.9]},"properties":{"region":3,"fire_occurred":0,"prediction":0.103}},{"type":"Feature","geometry":{"type":"Point","coordinates":[30.9,-26.5]},"properties":{"region":3,"fire_occurred":0,"prediction":0.1201}},{"type":"Feature","geometry":{"type":"Point","coordinates":[30.9,-26.4]},"properties":{"region":3,"fire_occurred":0,"prediction":0.1368}},{"type":"Feature","geometry":{"type":"Point","coordinates":[30.9,-26.0]},"properties":{"region":3,"fire_occurred":1,"prediction":0.052}},{"type":"Feature","geometry":{"type":"Point","coordinates":[30.9,-25.9]},"properties":{"region":3,"fire_occurred":0,"prediction":0.1185}},{"type":"Feature","geometry":{"type":"Point","coordinates":[30.9,-25.2]},"properties":{"region":3,"fire_occurred":0,"prediction":0.1127}},{"type":"Feature","geometry":{"type":"Point","coordinates":[30.9,-17.4]},"properties":{"region":3,"fire_occurred":1,"prediction":0.0031}},{"type":"Feature","geometry":{"type":"Point","coordinates":[31.0,-28.8]},"properties":{"region":3,"fire_occurred":1,"prediction":0.0275}},{"type":"Feature","geometry":{"type":"Point","coordinates":[31.0,-26.5]},"properties":{"region":3,"fire_occurred":0,"prediction":0.1599}},{"type":"Feature","geometry":{"type":"Point","coordinates":[31.0,-25.9]},"properties":{"region":3,"fire_occurred":0,"prediction":0.149}},{"type":"Feature","geometry":{"type":"Point","coordinates":[31.0,-25.0]},"properties":{"region":3,"fire_occurred":1,"prediction":0.0839}},{"type":"Feature","geometry":{"type":"Point","coordinates":[31.0,-12.2]},"properties":{"region":3,"fire_occurred":1,"prediction":0.0028}},{"type":"Feature","geometry":{"type":"Point","coordinates":[31.1,-27.1]},"properties":{"region":3,"fire_occurred":0,"prediction":0.116}},{"type":"Feature","geometry":{"type":"Point","coordinates":[31.1,-27.0]},"properties":{"region":3,"fire_occurred":1,"prediction":0.026}},{"type":"Feature","geometry":{"type":"Point","coordinates":[31.1,-26.0]},"properties":{"region":3,"fire_occurred":0,"prediction":0.1176}},{"type":"Feature","geometry":{"type":"Point","coordinates":[31.1,-24.4]},"properties":{"region":3,"fire_occurred":0,"prediction":0.1548}},{"type":"Feature","geometry":{"type":"Point","coordinates":[31.2,-29.5]},"properties":{"region":3,"fire_occurred":1,"prediction":0.0052}},{"type":"Feature","geometry":{"type":"Point","coordinates":[31.2,-29.2]},"properties":{"region":3,"fire_occurred":0,"prediction":0.1163}},{"type":"Feature","geometry":{"type":"Point","coordinates":[31.2,-29.0]},"properties":{"region":3,"fire_occurred":0,"prediction":0.1451}},{"type":"Feature","geometry":{"type":"Point","coordinates":[31.2,-27.2]},"properties":{"region":3,"fire_occurred":0,"prediction":0.1219}},{"type":"Feature","geometry":{"type":"Point","coordinates":[31.2,-27.1]},"properties":{"region":3,"fire_occurred":0,"prediction":0.1796}},{"type":"Feature","geometry":{"type":"Point","coordinates":[31.2,-26.0]},"properties":{"region":3,"fire_occurred":0,"prediction":0.1169}},{"type":"Feature","geometry":{"type":"Point","coordinates":[31.2,-25.8]},"properties":{"region":3,"fire_occurred":0,"prediction":0.1164}},{"type":"Feature","geometry":{"type":"Point","coordinates":[31.3,-29.0]},"properties":{"region":3,"fire_occurred":0,"prediction":0.1319}},{"type":"Feature","geometry":{"type":"Point","coordinates":[31.3,-28.6]},"properties":{"region":3,"fire_occurred":0,"prediction":0.1818}},{"type":"Feature","geometry":{"type":"Point","coordinates":[31.3,-27.7]},"properties":{"region":3,"fire_occurred":1,"prediction":0.0066}},{"type":"Feature","geometry":{"type":"Point","coordinates":[31.3,-17.8]},"properties":{"region":3,"fire_occurred":0,"prediction":0.1158}},{"type":"Feature","geometry":{"type":"Point","coordinates":[31.3,-8.8]},"properties":{"region":3,"fire_occurred":1,"prediction":0.0009}},{"type":"Feature","geometry":{"type":"Point","coordinates":[31.4,-25.1]},"properties":{"region":3,"fire_occurred":0,"prediction":0.1228}},{"type":"Feature","geometry":{"type":"Point","coordinates":[31.4,-23.4]},"properties":{"region":3,"fire_occurred":0,"prediction":0.2468}},{"type":"Feature","geometry":{"type":"Point","coordinates":[31.4,-17.8]},"properties":{"region":3,"fire_occurred":1,"prediction":0.0114}},{"type":"Feature","geometry":{"type":"Point","coordinates":[31.4,-17.7]},"properties":{"region":3,"fire_occurred":0,"prediction":0.1036}},{"type":"Feature","geometry":{"type":"Point","coordinates":[31.5,-25.1]},"properties":{"region":3,"fire_occurred":0,"prediction":0.1458}},{"type":"Feature","geometry":{"type":"Point","coordinates":[31.5,-24.8]},"properties":{"region":3,"fire_occurred":0,"prediction":0.1267}},{"type":"Feature","geometry":{"type":"Point","coordinates":[31.5,-24.7]},"properties":{"region":3,"fire_occurred":0,"prediction":0.1226}},{"type":"Feature","geometry":{"type":"Point","coordinates":[31.6,-24.8]},"properties":{"region":3,"fire_occurred":0,"prediction":0.1416}},{"type":"Feature","geometry":{"type":"Point","coordinates":[31.6,-24.2]},"properties":{"region":3,"fire_occurred":1,"prediction":0.0038}},{"type":"Feature","geometry":{"type":"Point","coordinates":[31.7,-26.2]},"properties":{"region":3,"fire_occurred":1,"prediction":0.0097}},{"type":"Feature","geometry":{"type":"Point","coordinates":[31.7,-26.1]},"properties":{"region":3,"fire_occurred":1,"prediction":0.1036}},{"type":"Feature","geometry":{"type":"Point","coordinates":[31.7,-25.3]},"properties":{"region":3,"fire_occurred":1,"prediction":0.0772}},{"type":"Feature","geometry":{"type":"Point","coordinates":[31.7,-24.5]},"properties":{"region":3,"fire_occurred":1,"prediction":0.3519}},{"type":"Feature","geometry":{"type":"Point","coordinates":[31.7,-24.4]},"properties":{"region":3,"fire_occurred":0,"prediction":0.3112}},{"type":"Feature","geometry":{"type":"Point","coordinates":[31.7,-24.2]},"properties":{"region":3,"fire_occurred":1,"prediction":0.1926}},{"type":"Feature","geometry":{"type":"Point","coordinates":[31.8,-28.9]},"properties":{"region":3,"fire_occurred":0,"prediction":0.1066}},{"type":"Feature","geometry":{"type":"Point","coordinates":[31.8,-26.2]},"properties":{"region":3,"fire_occurred":1,"prediction":0.0055}},{"type":"Feature","geometry":{"type":"Point","coordinates":[31.8,-26.1]},"properties":{"region":3,"fire_occurred":0,"prediction":0.1121}},{"type":"Feature","geometry":{"type":"Point","coordinates":[31.8,-25.4]},"properties":{"region":3,"fire_occurred":1,"prediction":0.167}},{"type":"Feature","geometry":{"type":"Point","coordinates":[31.8,-25.3]},"properties":{"region":3,"fire_occurred":1,"prediction":0.0075}},{"type":"Feature","geometry":{"type":"Point","coordinates":[31.8,-25.0]},"properties":{"region":3,"fire_occurred":0,"prediction":0.21}},{"type":"Feature","geometry":{"type":"Point","coordinates":[31.8,-24.9]},"properties":{"region":3,"fire_occurred":0,"prediction":0.1918}},{"type":"Feature","geometry":{"type":"Point","coordinates":[31.8,-24.8]},"properties":{"region":3,"fire_occurred":0,"prediction":0.2545}},{"type":"Feature","geometry":{"type":"Point","coordinates":[31.8,-24.7]},"properties":{"region":3,"fire_occurred":0,"prediction":0.1645}},{"type":"Feature","geometry":{"type":"Point","coordinates":[31.8,-24.6]},"properties":{"region":3,"fire_occurred":0,"prediction":0.1631}},{"type":"Feature","geometry":{"type":"Point","coordinates":[31.8,-24.5]},"properties":{"region":3,"fire_occurred":0,"prediction":0.2588}},{"type":"Feature","geometry":{"type":"Point","coordinates":[31.8,-24.4]},"properties":{"region":3,"fire_occurred":0,"prediction":0.3425}},{"type":"Feature","geometry":{"type":"Point","coordinates":[31.9,-26.9]},"properties":{"region":3,"fire_occurred":0,"prediction":0.112}},{"type":"Feature","geometry":{"type":"Point","coordinates":[31.9,-26.8]},"properties":{"region":3,"fire_occurred":0,"prediction":0.1579}},{"type":"Feature","geometry":{"type":"Point","coordinates":[31.9,-25.8]},"properties":{"region":3,"fire_occurred":0,"prediction":0.1204}},{"type":"Feature","geometry":{"type":"Point","coordinates":[31.9,-25.7]},"properties":{"region":3,"fire_occurred":1,"prediction":0.0794}},{"type":"Feature","geometry":{"type":"Point","coordinates":[31.9,-25.4]},"properties":{"region":3,"fire_occurred":0,"prediction":0.1185}},{"type":"Feature","geometry":{"type":"Point","coordinates":[31.9,-25.3]},"properties":{"region":3,"fire_occurred":0,"prediction":0.125}},{"type":"Feature","geometry":{"type":"Point","coordinates":[31.9,-25.2]},"properties":{"region":3,"fire_occurred":0,"prediction":0.1571}},{"type":"Feature","geometry":{"type":"Point","coordinates":[31.9,-25.1]},"properties":{"region":3,"fire_occurred":0,"prediction":0.3399}},{"type":"Feature","geometry":{"type":"Point","coordinates":[31.9,-25.0]},"properties":{"region":3,"fire_occurred":0,"prediction":0.2128}},{"type":"Feature","geometry":{"type":"Point","coordinates":[31.9,-24.9]},"properties":{"region":3,"fire_occurred":0,"prediction":0.2118}},{"type":"Feature","geometry":{"type":"Point","coordinates":[31.9,-24.8]},"properties":{"region":3,"fire_occurred":1,"prediction":0.0176}},{"type":"Feature","geometry":{"type":"Point","coordinates":[31.9,-24.7]},"properties":{"region":3,"fire_occurred":1,"prediction":0.0259}},{"type":"Feature","geometry":{"type":"Point","coordinates":[32.0,-25.6]},"properties":{"region":3,"fire_occurred":0,"prediction":0.1251}},{"type":"Feature","geometry":{"type":"Point","coordinates":[32.0,-16.2]},"properties":{"region":3,"fire_occurred":1,"prediction":0.0027}},{"type":"Feature","geometry":{"type":"Point","coordinates":[32.3,-8.3]},"properties":{"region":3,"fire_occurred":1,"prediction":0.0052}},{"type":"Feature","geometry":{"type":"Point","coordinates":[32.6,41.1]},"properties":{"region":3,"fire_occurred":0,"prediction":0.1766}},{"type":"Feature","geometry":{"type":"Point","coordinates":[32.7,-15.2]},"properties":{"region":3,"fire_occurred":0,"prediction":0.1373}},{"type":"Feature","geometry":{"type":"Point","coordinates":[32.7,-15.1]},"properties":{"region":3,"fire_occurred":0,"prediction":0.1134}},{"type":"Feature","geometry":{"type":"Point","coordinates":[32.7,50.9]},"properties":{"region":3,"fire_occurred":1,"prediction":0.0003}},{"type":"Feature","geometry":{"type":"Point","coordinates":[32.8,-15.4]},"properties":{"region":3,"fire_occurred":0,"prediction":0.1287}},{"type":"Feature","geometry":{"type":"Point","coordinates":[32.8,-15.3]},"properties":{"region":3,"fire_occurred":0,"prediction":0.1119}},{"type":"Feature","geometry":{"type":"Point","coordinates":[32.8,-15.2]},"properties":{"region":3,"fire_occurred":0,"prediction":0.1086}},{"type":"Feature","geometry":{"type":"Point","coordinates":[32.8,50.9]},"properties":{"region":3,"fire_occurred":1,"prediction":0.0002}},{"type":"Feature","geometry":{"type":"Point","coordinates":[32.9,-15.4]},"properties":{"region":3,"fire_occurred":0,"prediction":0.1023}},{"type":"Feature","geometry":{"type":"Point","coordinates":[33.1,-16.9]},"properties":{"region":3,"fire_occurred":1,"prediction":0.0034}},{"type":"Feature","geometry":{"type":"Point","coordinates":[33.3,47.8]},"properties":{"region":3,"fire_occurred":1,"prediction":0.1505}},{"type":"Feature","geometry":{"type":"Point","coordinates":[33.4,47.8]},"properties":{"region":3,"fire_occurred":1,"prediction":0.425}},{"type":"Feature","geometry":{"type":"Point","coordinates":[33.5,-17.1]},"properties":{"region":3,"fire_occurred":1,"prediction":0.1881}},{"type":"Feature","geometry":{"type":"Point","coordinates":[33.6,-17.0]},"properties":{"region":3,"fire_occurred":1,"prediction":0.0156}},{"type":"Feature","geometry":{"type":"Point","coordinates":[33.6,-7.2]},"properties":{"region":3,"fire_occurred":1,"prediction":0.0242}},{"type":"Feature","geometry":{"type":"Point","coordinates":[33.7,-7.2]},"properties":{"region":3,"fire_occurred":1,"prediction":0.0317}},{"type":"Feature","geometry":{"type":"Point","coordinates":[33.8,-16.9]},"properties":{"region":3,"fire_occurred":1,"prediction":0.0096}},{"type":"Feature","geometry":{"type":"Point","coordinates":[33.9,-17.8]},"properties":{"region":3,"fire_occurred":1,"prediction":0.0064}},{"type":"Feature","geometry":{"type":"Point","coordinates":[33.9,-7.1]},"properties":{"region":3,"fire_occurred":1,"prediction":0.0025}},{"type":"Feature","geometry":{"type":"Point","coordinates":[33.9,50.5]},"properties":{"region":3,"fire_occurred":1,"prediction":0.0005}},{"type":"Feature","geometry":{"type":"Point","coordinates":[34.1,-6.7]},"properties":{"region":3,"fire_occurred":1,"prediction":0.0002}},{"type":"Feature","geometry":{"type":"Point","coordinates":[34.2,-8.3]},"properties":{"region":3,"fire_occurred":1,"prediction":0.062}},{"type":"Feature","geometry":{"type":"Point","coordinates":[34.2,-6.2]},"properties":{"region":3,"fire_occurred":1,"prediction":0.0008}},{"type":"Feature","geometry":{"type":"Point","coordinates":[34.3,-18.2]},"properties":{"region":3,"fire_occurred":1,"prediction":0.0066}},{"type":"Feature","geometry":{"type":"Point","coordinates":[34.3,-6.5]},"properties":{"region":3,"fire_occurred":1,"prediction":0.0013}},{"type":"Feature","geometry":{"type":"Point","coordinates":[34.3,-6.4]},"properties":{"region":3,"fire_occurred":1,"prediction":0.0003}},{"type":"Feature","geometry":{"type":"Point","coordinates":[34.4,-9.3]},"properties":{"region":3,"fire_occurred":1,"prediction":0.0081}},{"type":"Feature","geometry":{"type":"Point","coordinates":[34.4,-8.1]},"properties":{"region":3,"fire_occurred":1,"prediction":0.0026}},{"type":"Feature","geometry":{"type":"Point","coordinates":[34.4,-6.4]},"properties":{"region":3,"fire_occurred":1,"prediction":0.0028}},{"type":"Feature","geometry":{"type":"Point","coordinates":[34.6,-6.7]},"properties":{"region":3,"fire_occurred":1,"prediction":0.0064}},{"type":"Feature","geometry":{"type":"Point","coordinates":[34.9,-7.6]},"properties":{"region":3,"fire_occurred":0,"prediction":0.1087}},{"type":"Feature","geometry":{"type":"Point","coordinates":[34.9,-6.9]},"properties":{"region":3,"fire_occurred":1,"prediction":0.0021}},{"type":"Feature","geometry":{"type":"Point","coordinates":[34.9,-6.8]},"properties":{"region":3,"fire_occurred":1,"prediction":0.0879}},{"type":"Feature","geometry":{"type":"Point","coordinates":[34.9,48.4]},"properties":{"region":3,"fire_occurred":0,"prediction":0.1597}},{"type":"Feature","geometry":{"type":"Point","coordinates":[35.2,46.7]},"properties":{"region":3,"fire_occurred":1,"prediction":0.0004}},{"type":"Feature","geometry":{"type":"Point","coordinates":[35.4,52.3]},"properties":{"region":3,"fire_occurred":1,"prediction":0.0001}},{"type":"Feature","geometry":{"type":"Point","coordinates":[35.6,-15.0]},"properties":{"region":3,"fire_occurred":1,"prediction":0.0006}},{"type":"Feature","geometry":{"type":"Point","coordinates":[37.0,36.1]},"properties":{"region":3,"fire_occurred":1,"prediction":0.0057}},{"type":"Feature","geometry":{"type":"Point","coordinates":[37.1,36.4]},"properties":{"region":3,"fire_occurred":1,"prediction":0.1307}},{"type":"Feature","geometry":{"type":"Point","coordinates":[37.2,36.4]},"properties":{"region":3,"fire_occurred":0,"prediction":0.2074}},{"type":"Feature","geometry":{"type":"Point","coordinates":[37.3,37.1]},"properties":{"region":3,"fire_occurred":1,"prediction":0.122}},{"type":"Feature","geometry":{"type":"Point","coordinates":[37.5,47.0]},"properties":{"region":3,"fire_occurred":1,"prediction":0.0397}},{"type":"Feature","geometry":{"type":"Point","coordinates":[37.5,47.1]},"properties":{"region":3,"fire_occurred":1,"prediction":0.293}},{"type":"Feature","geometry":{"type":"Point","coordinates":[37.6,47.1]},"properties":{"region":3,"fire_occurred":1,"prediction":0.0004}},{"type":"Feature","geometry":{"type":"Point","coordinates":[37.7,48.1]},"properties":{"region":3,"fire_occurred":1,"prediction":0.184}},{"type":"Feature","geometry":{"type":"Point","coordinates":[37.7,54.1]},"properties":{"region":3,"fire_occurred":0,"prediction":0.1345}},{"type":"Feature","geometry":{"type":"Point","coordinates":[37.7,55.5]},"properties":{"region":3,"fire_occurred":1,"prediction":0.0006}},{"type":"Feature","geometry":{"type":"Point","coordinates":[37.9,51.1]},"properties":{"region":3,"fire_occurred":1,"prediction":0.065}},{"type":"Feature","geometry":{"type":"Point","coordinates":[38.8,50.8]},"properties":{"region":3,"fire_occurred":1,"prediction":0.0015}},{"type":"Feature","geometry":{"type":"Point","coordinates":[39.5,52.5]},"properties":{"region":3,"fire_occurred":1,"prediction":0.6426}},{"type":"Feature","geometry":{"type":"Point","coordinates":[39.6,52.5]},"properties":{"region":3,"fire_occurred":1,"prediction":0.5616}},{"type":"Feature","geometry":{"type":"Point","coordinates":[39.7,38.6]},"properties":{"region":3,"fire_occurred":1,"prediction":0.1831}},{"type":"Feature","geometry":{"type":"Point","coordinates":[39.9,49.6]},"properties":{"region":3,"fire_occurred":1,"prediction":0.0022}},{"type":"Feature","geometry":{"type":"Point","coordinates":[40.7,51.9]},"properties":{"region":3,"fire_occurred":1,"prediction":0.0002}},{"type":"Feature","geometry":{"type":"Point","coordinates":[42.0,45.1]},"properties":{"region":3,"fire_occurred":0,"prediction":0.1379}},{"type":"Feature","geometry":{"type":"Point","coordinates":[42.5,53.4]},"properties":{"region":3,"fire_occurred":1,"prediction":0.0006}},{"type":"Feature","geometry":{"type":"Point","coordinates":[42.7,48.4]},"properties":{"region":3,"fire_occurred":0,"prediction":0.2848}},{"type":"Feature","geometry":{"type":"Point","coordinates":[42.8,48.4]},"properties":{"region":3,"fire_occurred":0,"prediction":0.1519}},{"type":"Feature","geometry":{"type":"Point","coordinates":[43.0,55.1]},"properties":{"region":3,"fire_occurred":1,"prediction":0.0014}},{"type":"Feature","geometry":{"type":"Point","coordinates":[43.2,48.1]},"properties":{"region":3,"fire_occurred":1,"prediction":0.0005}},{"type":"Feature","geometry":{"type":"Point","coordinates":[43.2,57.1]},"properties":{"region":3,"fire_occurred":1,"prediction":0.0122}},{"type":"Feature","geometry":{"type":"Point","coordinates":[43.9,49.4]},"properties":{"region":3,"fire_occurred":1,"prediction":0.0008}},{"type":"Feature","geometry":{"type":"Point","coordinates":[43.9,53.9]},"properties":{"region":3,"fire_occurred":1,"prediction":0.0011}},{"type":"Feature","geometry":{"type":"Point","coordinates":[44.0,52.7]},"properties":{"region":3,"fire_occurred":1,"prediction":0.0029}},{"type":"Feature","geometry":{"type":"Point","coordinates":[44.4,48.5]},"properties":{"region":3,"fire_occurred":1,"prediction":0.0012}},{"type":"Feature","geometry":{"type":"Point","coordinates":[44.6,53.2]},"properties":{"region":3,"fire_occurred":1,"prediction":0.0019}},{"type":"Feature","geometry":{"type":"Point","coordinates":[44.8,53.5]},"properties":{"region":3,"fire_occurred":1,"prediction":0.0009}},{"type":"Feature","geometry":{"type":"Point","coordinates":[44.9,53.2]},"properties":{"region":3,"fire_occurred":1,"prediction":0.0024}},{"type":"Feature","geometry":{"type":"Point","coordinates":[45.0,37.7]},"properties":{"region":3,"fire_occurred":1,"prediction":0.0493}},{"type":"Feature","geometry":{"type":"Point","coordinates":[45.0,38.8]},"properties":{"region":3,"fire_occurred":0,"prediction":0.1301}},{"type":"Feature","geometry":{"type":"Point","coordinates":[45.1,41.7]},"properties":{"region":3,"fire_occurred":1,"prediction":0.0006}},{"type":"Feature","geometry":{"type":"Point","coordinates":[45.1,51.8]},"properties":{"region":3,"fire_occurred":1,"prediction":0.0039}},{"type":"Feature","geometry":{"type":"Point","coordinates":[45.2,54.3]},"properties":{"region":3,"fire_occurred":1,"prediction":0.0009}},{"type":"Feature","geometry":{"type":"Point","coordinates":[45.5,55.6]},"properties":{"region":3,"fire_occurred":1,"prediction":0.0007}},{"type":"Feature","geometry":{"type":"Point","coordinates":[45.7,54.4]},"properties":{"region":3,"fire_occurred":1,"prediction":0.0007}},{"type":"Feature","geometry":{"type":"Point","coordinates":[45.7,54.5]},"properties":{"region":3,"fire_occurred":1,"prediction":0.0019}},{"type":"Feature","geometry":{"type":"Point","coordinates":[45.8,42.6]},"properties":{"region":3,"fire_occurred":1,"prediction":0.0018}},{"type":"Feature","geometry":{"type":"Point","coordinates":[46.1,41.4]},"properties":{"region":3,"fire_occurred":0,"prediction":0.1158}},{"type":"Feature","geometry":{"type":"Point","coordinates":[46.1,55.0]},"properties":{"region":3,"fire_occurred":1,"prediction":0.0046}},{"type":"Feature","geometry":{"type":"Point","coordinates":[46.2,51.4]},"properties":{"region":3,"fire_occurred":1,"prediction":0.0035}},{"type":"Feature","geometry":{"type":"Point","coordinates":[46.5,54.5]},"properties":{"region":3,"fire_occurred":1,"prediction":0.004}},{"type":"Feature","geometry":{"type":"Point","coordinates":[46.6,54.4]},"properties":{"region":3,"fire_occurred":1,"prediction":0.003}},{"type":"Feature","geometry":{"type":"Point","coordinates":[46.9,37.8]},"properties":{"region":3,"fire_occurred":0,"prediction":0.1145}},{"type":"Feature","geometry":{"type":"Point","coordinates":[46.9,37.9]},"properties":{"region":3,"fire_occurred":0,"prediction":0.116}},{"type":"Feature","geometry":{"type":"Point","coordinates":[47.0,54.3]},"properties":{"region":3,"fire_occurred":1,"prediction":0.0101}},{"type":"Feature","geometry":{"type":"Point","coordinates":[47.1,54.0]},"properties":{"region":3,"fire_occurred":1,"prediction":0.0123}},{"type":"Feature","geometry":{"type":"Point","coordinates":[47.1,55.6]},"properties":{"region":3,"fire_occurred":1,"prediction":0.0013}},{"type":"Feature","geometry":{"type":"Point","coordinates":[47.2,52.1]},"properties":{"region":3,"fire_occurred":1,"prediction":0.001}},{"type":"Feature","geometry":{"type":"Point","coordinates":[47.5,52.9]},"properties":{"region":3,"fire_occurred":1,"prediction":0.0101}},{"type":"Feature","geometry":{"type":"Point","coordinates":[47.7,56.4]},"properties":{"region":3,"fire_occurred":1,"prediction":0.0136}},{"type":"Feature","geometry":{"type":"Point","coordinates":[48.0,56.0]},"properties":{"region":3,"fire_occurred":1,"prediction":0.0053}},{"type":"Feature","geometry":{"type":"Point","coordinates":[48.5,54.7]},"properties":{"region":3,"fire_occurred":1,"prediction":0.0028}},{"type":"Feature","geometry":{"type":"Point","coordinates":[48.7,57.2]},"properties":{"region":3,"fire_occurred":1,"prediction":0.0029}},{"type":"Feature","geometry":{"type":"Point","coordinates":[48.8,57.2]},"properties":{"region":3,"fire_occurred":1,"prediction":0.0014}},{"type":"Feature","geometry":{"type":"Point","coordinates":[49.9,53.9]},"properties":{"region":3,"fire_occurred":1,"prediction":0.0036}},{"type":"Feature","geometry":{"type":"Point","coordinates":[51.3,32.4]},"properties":{"region":3,"fire_occurred":0,"prediction":0.6175}},{"type":"Feature","geometry":{"type":"Point","coordinates":[51.4,32.2]},"properties":{"region":3,"fire_occurred":1,"prediction":0.9188}},{"type":"Feature","geometry":{"type":"Point","coordinates":[52.7,51.5]},"properties":{"region":3,"fire_occurred":1,"prediction":0.9077}},{"type":"Feature","geometry":{"type":"Point","coordinates":[53.7,51.8]},"properties":{"region":3,"fire_occurred":1,"prediction":0.3307}},{"type":"Feature","geometry":{"type":"Point","coordinates":[53.8,51.8]},"properties":{"region":3,"fire_occurred":1,"prediction":0.9192}},{"type":"Feature","geometry":{"type":"Point","coordinates":[56.6,58.1]},"properties":{"region":3,"fire_occurred":0,"prediction":0.1564}},{"type":"Feature","geometry":{"type":"Point","coordinates":[56.6,58.3]},"properties":{"region":3,"fire_occurred":0,"prediction":0.1692}},{"type":"Feature","geometry":{"type":"Point","coordinates":[56.8,59.1]},"properties":{"region":3,"fire_occurred":0,"prediction":0.1033}},{"type":"Feature","geometry":{"type":"Point","coordinates":[57.1,50.3]},"properties":{"region":3,"fire_occurred":1,"prediction":0.8885}},{"type":"Feature","geometry":{"type":"Point","coordinates":[58.3,51.2]},"properties":{"region":3,"fire_occurred":1,"prediction":0.0046}},{"type":"Feature","geometry":{"type":"Point","coordinates":[58.3,59.8]},"properties":{"region":3,"fire_occurred":0,"prediction":0.1018}},{"type":"Feature","geometry":{"type":"Point","coordinates":[58.3,60.2]},"properties":{"region":3,"fire_occurred":0,"prediction":0.1004}},{"type":"Feature","geometry":{"type":"Point","coordinates":[58.5,54.2]},"properties":{"region":3,"fire_occurred":1,"prediction":0.1011}},{"type":"Feature","geometry":{"type":"Point","coordinates":[58.7,59.9]},"properties":{"region":3,"fire_occurred":0,"prediction":0.1428}},{"type":"Feature","geometry":{"type":"Point","coordinates":[58.8,59.9]},"properties":{"region":3,"fire_occurred":0,"prediction":0.1255}},{"type":"Feature","geometry":{"type":"Point","coordinates":[58.9,60.9]},"properties":{"region":3,"fire_occurred":0,"prediction":0.1641}},{"type":"Feature","geometry":{"type":"Point","coordinates":[59.0,53.4]},"properties":{"region":3,"fire_occurred":1,"prediction":0.9125}},{"type":"Feature","geometry":{"type":"Point","coordinates":[59.0,53.5]},"properties":{"region":3,"fire_occurred":1,"prediction":0.0046}},{"type":"Feature","geometry":{"type":"Point","coordinates":[59.3,52.4]},"properties":{"region":3,"fire_occurred":1,"prediction":0.0072}},{"type":"Feature","geometry":{"type":"Point","coordinates":[59.4,52.2]},"properties":{"region":3,"fire_occurred":1,"prediction":0.0461}},{"type":"Feature","geometry":{"type":"Point","coordinates":[59.4,52.3]},"properties":{"region":3,"fire_occurred":0,"prediction":0.1003}},{"type":"Feature","geometry":{"type":"Point","coordinates":[59.5,52.3]},"properties":{"region":3,"fire_occurred":0,"prediction":0.1039}},{"type":"Feature","geometry":{"type":"Point","coordinates":[59.5,53.6]},"properties":{"region":3,"fire_occurred":1,"prediction":0.1233}},{"type":"Feature","geometry":{"type":"Point","coordinates":[59.8,56.8]},"properties":{"region":3,"fire_occurred":0,"prediction":0.137}},{"type":"Feature","geometry":{"type":"Point","coordinates":[59.9,56.8]},"properties":{"region":3,"fire_occurred":0,"prediction":0.1452}},{"type":"Feature","geometry":{"type":"Point","coordinates":[60.0,57.9]},"properties":{"region":3,"fire_occurred":1,"prediction":0.9002}},{"type":"Feature","geometry":{"type":"Point","coordinates":[60.1,56.7]},"properties":{"region":3,"fire_occurred":1,"prediction":0.003}},{"type":"Feature","geometry":{"type":"Point","coordinates":[60.6,56.6]},"properties":{"region":3,"fire_occurred":1,"prediction":0.0072}},{"type":"Feature","geometry":{"type":"Point","coordinates":[60.6,56.8]},"properties":{"region":3,"fire_occurred":1,"prediction":0.0074}},{"type":"Feature","geometry":{"type":"Point","coordinates":[60.8,56.4]},"properties":{"region":3,"fire_occurred":0,"prediction":0.1508}},{"type":"Feature","geometry":{"type":"Point","coordinates":[61.4,53.1]},"properties":{"region":3,"fire_occurred":1,"prediction":0.011}},{"type":"Feature","geometry":{"type":"Point","coordinates":[61.4,55.2]},"properties":{"region":3,"fire_occurred":1,"prediction":0.6767}},{"type":"Feature","geometry":{"type":"Point","coordinates":[61.4,57.0]},"properties":{"region":3,"fire_occurred":0,"prediction":0.109}},{"type":"Feature","geometry":{"type":"Point","coordinates":[61.5,51.6]},"properties":{"region":3,"fire_occurred":0,"prediction":0.114}},{"type":"Feature","geometry":{"type":"Point","coordinates":[61.5,57.1]},"properties":{"region":3,"fire_occurred":0,"prediction":0.3973}},{"type":"Feature","geometry":{"type":"Point","coordinates":[61.6,57.1]},"properties":{"region":3,"fire_occurred":0,"prediction":0.4886}},{"type":"Feature","geometry":{"type":"Point","coordinates":[61.6,57.2]},"properties":{"region":3,"fire_occurred":1,"prediction":0.1137}},{"type":"Feature","geometry":{"type":"Point","coordinates":[61.7,57.1]},"properties":{"region":3,"fire_occurred":1,"prediction":0.0057}},{"type":"Feature","geometry":{"type":"Point","coordinates":[61.7,57.2]},"properties":{"region":3,"fire_occurred":1,"prediction":0.0081}},{"type":"Feature","geometry":{"type":"Point","coordinates":[61.7,57.6]},"properties":{"region":3,"fire_occurred":1,"prediction":0.0069}},{"type":"Feature","geometry":{"type":"Point","coordinates":[61.9,56.8]},"properties":{"region":3,"fire_occurred":1,"prediction":0.0051}},{"type":"Feature","geometry":{"type":"Point","coordinates":[62.0,56.7]},"properties":{"region":3,"fire_occurred":1,"prediction":0.0266}},{"type":"Feature","geometry":{"type":"Point","coordinates":[62.1,56.7]},"properties":{"region":3,"fire_occurred":1,"prediction":0.017}},{"type":"Feature","geometry":{"type":"Point","coordinates":[62.2,51.6]},"properties":{"region":3,"fire_occurred":1,"prediction":0.0084}},{"type":"Feature","geometry":{"type":"Point","coordinates":[62.2,56.4]},"properties":{"region":3,"fire_occurred":1,"prediction":0.0357}},{"type":"Feature","geometry":{"type":"Point","coordinates":[62.3,55.3]},"properties":{"region":3,"fire_occurred":1,"prediction":0.0078}},{"type":"Feature","geometry":{"type":"Point","coordinates":[62.3,56.3]},"properties":{"region":3,"fire_occurred":0,"prediction":0.1644}},{"type":"Feature","geometry":{"type":"Point","coordinates":[62.3,56.4]},"properties":{"region":3,"fire_occurred":0,"prediction":0.3222}},{"type":"Feature","geometry":{"type":"Point","coordinates":[62.4,55.3]},"properties":{"region":3,"fire_occurred":1,"prediction":0.0054}},{"type":"Feature","geometry":{"type":"Point","coordinates":[62.4,56.4]},"properties":{"region":3,"fire_occurred":0,"prediction":0.212}},{"type":"Feature","geometry":{"type":"Point","coordinates":[62.4,56.5]},"properties":{"region":3,"fire_occurred":0,"prediction":0.252}},{"type":"Feature","geometry":{"type":"Point","coordinates":[62.5,56.5]},"properties":{"region":3,"fire_occurred":1,"prediction":0.1055}},{"type":"Feature","geometry":{"type":"Point","coordinates":[62.5,56.6]},"properties":{"region":3,"fire_occurred":1,"prediction":0.0044}},{"type":"Feature","geometry":{"type":"Point","coordinates":[62.6,53.9]},"properties":{"region":3,"fire_occurred":1,"prediction":0.0109}},{"type":"Feature","geometry":{"type":"Point","coordinates":[62.6,56.5]},"properties":{"region":3,"fire_occurred":1,"prediction":0.0593}},{"type":"Feature","geometry":{"type":"Point","coordinates":[62.7,56.5]},"properties":{"region":3,"fire_occurred":1,"prediction":0.0254}},{"type":"Feature","geometry":{"type":"Point","coordinates":[62.7,56.6]},"properties":{"region":3,"fire_occurred":1,"prediction":0.0469}},{"type":"Feature","geometry":{"type":"Point","coordinates":[62.8,51.4]},"properties":{"region":3,"fire_occurred":1,"prediction":0.0014}},{"type":"Feature","geometry":{"type":"Point","coordinates":[62.8,52.6]},"properties":{"region":3,"fire_occurred":1,"prediction":0.0022}},{"type":"Feature","geometry":{"type":"Point","coordinates":[63.4,58.1]},"properties":{"region":3,"fire_occurred":0,"prediction":0.1261}},{"type":"Feature","geometry":{"type":"Point","coordinates":[63.6,58.0]},"properties":{"region":3,"fire_occurred":1,"prediction":0.0921}},{"type":"Feature","geometry":{"type":"Point","coordinates":[63.8,56.4]},"properties":{"region":3,"fire_occurred":1,"prediction":0.2231}},{"type":"Feature","geometry":{"type":"Point","coordinates":[63.9,56.3]},"properties":{"region":3,"fire_occurred":0,"prediction":0.1526}},{"type":"Feature","geometry":{"type":"Point","coordinates":[63.9,56.4]},"properties":{"region":3,"fire_occurred":0,"prediction":0.1148}},{"type":"Feature","geometry":{"type":"Point","coordinates":[64.0,56.4]},"properties":{"region":3,"fire_occurred":1,"prediction":0.0481}},{"type":"Feature","geometry":{"type":"Point","coordinates":[64.0,56.5]},"properties":{"region":3,"fire_occurred":0,"prediction":0.1126}},{"type":"Feature","geometry":{"type":"Point","coordinates":[64.1,56.5]},"properties":{"region":3,"fire_occurred":1,"prediction":0.1439}},{"type":"Feature","geometry":{"type":"Point","coordinates":[64.2,56.4]},"properties":{"region":3,"fire_occurred":0,"prediction":0.1027}},{"type":"Feature","geometry":{"type":"Point","coordinates":[64.2,56.5]},"properties":{"region":3,"fire_occurred":0,"prediction":0.1384}},{"type":"Feature","geometry":{"type":"Point","coordinates":[64.3,56.4]},"properties":{"region":3,"fire_occurred":0,"prediction":0.1213}},{"type":"Feature","geometry":{"type":"Point","coordinates":[64.4,55.2]},"properties":{"region":3,"fire_occurred":1,"prediction":0.0039}},{"type":"Feature","geometry":{"type":"Point","coordinates":[64.5,57.5]},"properties":{"region":3,"fire_occurred":1,"prediction":0.0084}},{"type":"Feature","geometry":{"type":"Point","coordinates":[65.2,58.0]},"properties":{"region":3,"fire_occurred":1,"prediction":0.0041}},{"type":"Feature","geometry":{"type":"Point","coordinates":[65.5,57.7]},"properties":{"region":3,"fire_occurred":0,"prediction":0.1833}},{"type":"Feature","geometry":{"type":"Point","coordinates":[65.5,57.8]},"properties":{"region":3,"fire_occurred":1,"prediction":0.0022}},{"type":"Feature","geometry":{"type":"Point","coordinates":[65.5,57.9]},"properties":{"region":3,"fire_occurred":1,"prediction":0.0298}},{"type":"Feature","geometry":{"type":"Point","coordinates":[65.5,58.2]},"properties":{"region":3,"fire_occurred":0,"prediction":0.1195}},{"type":"Feature","geometry":{"type":"Point","coordinates":[65.6,54.8]},"properties":{"region":3,"fire_occurred":1,"prediction":0.0012}},{"type":"Feature","geometry":{"type":"Point","coordinates":[65.6,57.8]},"properties":{"region":3,"fire_occurred":1,"prediction":0.0872}},{"type":"Feature","geometry":{"type":"Point","coordinates":[65.6,57.9]},"properties":{"region":3,"fire_occurred":1,"prediction":0.0546}},{"type":"Feature","geometry":{"type":"Point","coordinates":[65.7,54.8]},"properties":{"region":3,"fire_occurred":1,"prediction":0.0013}},{"type":"Feature","geometry":{"type":"Point","coordinates":[65.7,57.0]},"properties":{"region":3,"fire_occurred":1,"prediction":0.0501}},{"type":"Feature","geometry":{"type":"Point","coordinates":[65.8,54.8]},"properties":{"region":3,"fire_occurred":1,"prediction":0.0021}},{"type":"Feature","geometry":{"type":"Point","coordinates":[65.8,57.2]},"properties":{"region":3,"fire_occurred":0,"prediction":0.1525}},{"type":"Feature","geometry":{"type":"Point","coordinates":[65.9,56.5]},"properties":{"region":3,"fire_occurred":0,"prediction":0.1005}},{"type":"Feature","geometry":{"type":"Point","coordinates":[65.9,56.9]},"properties":{"region":3,"fire_occurred":1,"prediction":0.0107}},{"type":"Feature","geometry":{"type":"Point","coordinates":[65.9,57.2]},"properties":{"region":3,"fire_occurred":0,"prediction":0.1036}},{"type":"Feature","geometry":{"type":"Point","coordinates":[66.0,53.9]},"properties":{"region":3,"fire_occurred":1,"prediction":0.0075}},{"type":"Feature","geometry":{"type":"Point","coordinates":[66.3,54.9]},"properties":{"region":3,"fire_occurred":1,"prediction":0.0012}},{"type":"Feature","geometry":{"type":"Point","coordinates":[66.3,57.1]},"properties":{"region":3,"fire_occurred":0,"prediction":0.1067}},{"type":"Feature","geometry":{"type":"Point","coordinates":[66.4,56.6]},"properties":{"region":3,"fire_occurred":1,"prediction":0.0027}},{"type":"Feature","geometry":{"type":"Point","coordinates":[66.7,52.0]},"properties":{"region":3,"fire_occurred":1,"prediction":0.0078}},{"type":"Feature","geometry":{"type":"Point","coordinates":[66.7,58.2]},"properties":{"region":3,"fire_occurred":0,"prediction":0.1316}},{"type":"Feature","geometry":{"type":"Point","coordinates":[66.8,57.8]},"properties":{"region":3,"fire_occurred":0,"prediction":0.1499}},{"type":"Feature","geometry":{"type":"Point","coordinates":[66.8,58.2]},"properties":{"region":3,"fire_occurred":0,"prediction":0.154}},{"type":"Feature","geometry":{"type":"Point","coordinates":[66.9,55.9]},"properties":{"region":3,"fire_occurred":0,"prediction":0.2489}},{"type":"Feature","geometry":{"type":"Point","coordinates":[66.9,57.8]},"properties":{"region":3,"fire_occurred":1,"prediction":0.1608}},{"type":"Feature","geometry":{"type":"Point","coordinates":[67.0,55.9]},"properties":{"region":3,"fire_occurred":0,"prediction":0.2005}},{"type":"Feature","geometry":{"type":"Point","coordinates":[67.0,57.6]},"properties":{"region":3,"fire_occurred":1,"prediction":0.0485}},{"type":"Feature","geometry":{"type":"Point","coordinates":[67.0,57.8]},"properties":{"region":3,"fire_occurred":1,"prediction":0.114}},{"type":"Feature","geometry":{"type":"Point","coordinates":[67.0,58.0]},"properties":{"region":3,"fire_occurred":0,"prediction":0.1169}},{"type":"Feature","geometry":{"type":"Point","coordinates":[67.0,58.5]},"properties":{"region":3,"fire_occurred":0,"prediction":0.106}},{"type":"Feature","geometry":{"type":"Point","coordinates":[67.1,52.9]},"properties":{"region":3,"fire_occurred":1,"prediction":0.0318}},{"type":"Feature","geometry":{"type":"Point","coordinates":[67.1,55.9]},"properties":{"region":3,"fire_occurred":0,"prediction":0.1231}},{"type":"Feature","geometry":{"type":"Point","coordinates":[67.1,57.6]},"properties":{"region":3,"fire_occurred":0,"prediction":0.1174}},{"type":"Feature","geometry":{"type":"Point","coordinates":[67.1,57.8]},"properties":{"region":3,"fire_occurred":1,"prediction":0.0359}},{"type":"Feature","geometry":{"type":"Point","coordinates":[67.2,39.4]},"properties":{"region":3,"fire_occurred":1,"prediction":0.0671}},{"type":"Feature","geometry":{"type":"Point","coordinates":[67.2,51.3]},"properties":{"region":3,"fire_occurred":1,"prediction":0.0036}},{"type":"Feature","geometry":{"type":"Point","coordinates":[67.3,52.9]},"properties":{"region":3,"fire_occurred":1,"prediction":0.022}},{"type":"Feature","geometry":{"type":"Point","coordinates":[67.3,54.2]},"properties":{"region":3,"fire_occurred":1,"prediction":0.0099}},{"type":"Feature","geometry":{"type":"Point","coordinates":[67.4,52.6]},"properties":{"region":3,"fire_occurred":1,"prediction":0.0186}},{"type":"Feature","geometry":{"type":"Point","coordinates":[67.4,52.7]},"properties":{"region":3,"fire_occurred":1,"prediction":0.0511}},{"type":"Feature","geometry":{"type":"Point","coordinates":[67.4,56.0]},"properties":{"region":3,"fire_occurred":0,"prediction":0.101}},{"type":"Feature","geometry":{"type":"Point","coordinates":[67.4,58.2]},"properties":{"region":3,"fire_occurred":0,"prediction":0.1307}},{"type":"Feature","geometry":{"type":"Point","coordinates":[67.6,53.7]},"properties":{"region":3,"fire_occurred":0,"prediction":0.1007}},{"type":"Feature","geometry":{"type":"Point","coordinates":[67.6,55.2]},"properties":{"region":3,"fire_occurred":1,"prediction":0.0032}},{"type":"Feature","geometry":{"type":"Point","coordinates":[67.6,57.5]},"properties":{"region":3,"fire_occurred":1,"prediction":0.0253}},{"type":"Feature","geometry":{"type":"Point","coordinates":[67.6,57.6]},"properties":{"region":3,"fire_occurred":1,"prediction":0.0021}},{"type":"Feature","geometry":{"type":"Point","coordinates":[67.7,57.0]},"properties":{"region":3,"fire_occurred":0,"prediction":0.4185}},{"type":"Feature","geometry":{"type":"Point","coordinates":[67.7,57.1]},"properties":{"region":3,"fire_occurred":1,"prediction":0.1632}},{"type":"Feature","geometry":{"type":"Point","coordinates":[67.7,57.2]},"properties":{"region":3,"fire_occurred":1,"prediction":0.125}},{"type":"Feature","geometry":{"type":"Point","coordinates":[67.7,57.3]},"properties":{"region":3,"fire_occurred":1,"prediction":0.16}},{"type":"Feature","geometry":{"type":"Point","coordinates":[67.7,57.5]},"properties":{"region":3,"fire_occurred":1,"prediction":0.2608}},{"type":"Feature","geometry":{"type":"Point","coordinates":[67.7,57.6]},"properties":{"region":3,"fire_occurred":1,"prediction":0.143}},{"type":"Feature","geometry":{"type":"Point","coordinates":[67.7,58.0]},"properties":{"region":3,"fire_occurred":0,"prediction":0.178}},{"type":"Feature","geometry":{"type":"Point","coordinates":[67.8,56.1]},"properties":{"region":3,"fire_occurred":1,"prediction":0.0174}},{"type":"Feature","geometry":{"type":"Point","coordinates":[67.8,57.0]},"properties":{"region":3,"fire_occurred":0,"prediction":0.3326}},{"type":"Feature","geometry":{"type":"Point","coordinates":[67.8,57.1]},"properties":{"region":3,"fire_occurred":1,"prediction":0.2593}},{"type":"Feature","geometry":{"type":"Point","coordinates":[67.8,57.2]},"properties":{"region":3,"fire_occurred":1,"prediction":0.0829}},{"type":"Feature","geometry":{"type":"Point","coordinates":[67.8,57.3]},"properties":{"region":3,"fire_occurred":1,"prediction":0.3587}},{"type":"Feature","geometry":{"type":"Point","coordinates":[67.8,57.4]},"properties":{"region":3,"fire_occurred":0,"prediction":0.1318}},{"type":"Feature","geometry":{"type":"Point","coordinates":[67.8,57.5]},"properties":{"region":3,"fire_occurred":0,"prediction":0.1543}},{"type":"Feature","geometry":{"type":"Point","coordinates":[67.8,57.6]},"properties":{"region":3,"fire_occurred":0,"prediction":0.2662}},{"type":"Feature","geometry":{"type":"Point","coordinates":[67.9,56.1]},"properties":{"region":3,"fire_occurred":1,"prediction":0.0072}},{"type":"Feature","geometry":{"type":"Point","coordinates":[67.9,57.0]},"properties":{"region":3,"fire_occurred":0,"prediction":0.2101}},{"type":"Feature","geometry":{"type":"Point","coordinates":[67.9,57.1]},"properties":{"region":3,"fire_occurred":0,"prediction":0.2803}},{"type":"Feature","geometry":{"type":"Point","coordinates":[67.9,57.2]},"properties":{"region":3,"fire_occurred":1,"prediction":0.0335}},{"type":"Feature","geometry":{"type":"Point","coordinates":[67.9,57.3]},"properties":{"region":3,"fire_occurred":1,"prediction":0.1957}},{"type":"Feature","geometry":{"type":"Point","coordinates":[67.9,57.5]},"properties":{"region":3,"fire_occurred":0,"prediction":0.1399}},{"type":"Feature","geometry":{"type":"Point","coordinates":[68.0,56.1]},"properties":{"region":3,"fire_occurred":1,"prediction":0.01}},{"type":"Feature","geometry":{"type":"Point","coordinates":[68.0,56.2]},"properties":{"region":3,"fire_occurred":1,"prediction":0.0081}},{"type":"Feature","geometry":{"type":"Point","coordinates":[68.0,57.0]},"properties":{"region":3,"fire_occurred":0,"prediction":0.4712}},{"type":"Feature","geometry":{"type":"Point","coordinates":[68.0,57.1]},"properties":{"region":3,"fire_occurred":0,"prediction":0.5393}},{"type":"Feature","geometry":{"type":"Point","coordinates":[68.0,57.2]},"properties":{"region":3,"fire_occurred":1,"prediction":0.0361}},{"type":"Feature","geometry":{"type":"Point","coordinates":[68.0,57.3]},"properties":{"region":3,"fire_occurred":1,"prediction":0.026}},{"type":"Feature","geometry":{"type":"Point","coordinates":[68.0,57.5]},"properties":{"region":3,"fire_occurred":0,"prediction":0.4053}},{"type":"Feature","geometry":{"type":"Point","coordinates":[68.0,57.6]},"properties":{"region":3,"fire_occurred":0,"prediction":0.2048}},{"type":"Feature","geometry":{"type":"Point","coordinates":[68.1,56.1]},"properties":{"region":3,"fire_occurred":1,"prediction":0.0176}},{"type":"Feature","geometry":{"type":"Point","coordinates":[68.1,56.8]},"properties":{"region":3,"fire_occurred":1,"prediction":0.1172}},{"type":"Feature","geometry":{"type":"Point","coordinates":[68.1,57.0]},"properties":{"region":3,"fire_occurred":0,"prediction":0.1754}},{"type":"Feature","geometry":{"type":"Point","coordinates":[68.1,57.1]},"properties":{"region":3,"fire_occurred":0,"prediction":0.4339}},{"type":"Feature","geometry":{"type":"Point","coordinates":[68.1,57.2]},"properties":{"region":3,"fire_occurred":1,"prediction":0.0041}},{"type":"Feature","geometry":{"type":"Point","coordinates":[68.1,57.3]},"properties":{"region":3,"fire_occurred":1,"prediction":0.0024}},{"type":"Feature","geometry":{"type":"Point","coordinates":[68.1,57.5]},"properties":{"region":3,"fire_occurred":0,"prediction":0.2845}},{"type":"Feature","geometry":{"type":"Point","coordinates":[68.1,57.6]},"properties":{"region":3,"fire_occurred":0,"prediction":0.2288}},{"type":"Feature","geometry":{"type":"Point","coordinates":[68.2,56.8]},"properties":{"region":3,"fire_occurred":1,"prediction":0.1318}},{"type":"Feature","geometry":{"type":"Point","coordinates":[68.2,57.0]},"properties":{"region":3,"fire_occurred":0,"prediction":0.1568}},{"type":"Feature","geometry":{"type":"Point","coordinates":[68.2,57.1]},"properties":{"region":3,"fire_occurred":0,"prediction":0.5013}},{"type":"Feature","geometry":{"type":"Point","coordinates":[68.2,57.2]},"properties":{"region":3,"fire_occurred":1,"prediction":0.0747}},{"type":"Feature","geometry":{"type":"Point","coordinates":[68.2,57.3]},"properties":{"region":3,"fire_occurred":1,"prediction":0.0035}},{"type":"Feature","geometry":{"type":"Point","coordinates":[68.2,57.6]},"properties":{"region":3,"fire_occurred":0,"prediction":0.4312}},{"type":"Feature","geometry":{"type":"Point","coordinates":[68.2,57.7]},"properties":{"region":3,"fire_occurred":0,"prediction":0.1228}},{"type":"Feature","geometry":{"type":"Point","coordinates":[68.3,56.8]},"properties":{"region":3,"fire_occurred":0,"prediction":0.1594}},{"type":"Feature","geometry":{"type":"Point","coordinates":[68.3,57.0]},"properties":{"region":3,"fire_occurred":0,"prediction":0.1835}},{"type":"Feature","geometry":{"type":"Point","coordinates":[68.3,57.1]},"properties":{"region":3,"fire_occurred":1,"prediction":0.1536}},{"type":"Feature","geometry":{"type":"Point","coordinates":[68.4,53.9]},"properties":{"region":3,"fire_occurred":0,"prediction":0.1171}},{"type":"Feature","geometry":{"type":"Point","coordinates":[68.4,56.0]},"properties":{"region":3,"fire_occurred":0,"prediction":0.1251}},{"type":"Feature","geometry":{"type":"Point","coordinates":[68.4,56.8]},"properties":{"region":3,"fire_occurred":0,"prediction":0.1072}},{"type":"Feature","geometry":{"type":"Point","coordinates":[68.4,57.0]},"properties":{"region":3,"fire_occurred":0,"prediction":0.2912}},{"type":"Feature","geometry":{"type":"Point","coordinates":[68.4,57.1]},"properties":{"region":3,"fire_occurred":1,"prediction":0.2079}},{"type":"Feature","geometry":{"type":"Point","coordinates":[68.4,57.5]},"properties":{"region":3,"fire_occurred":0,"prediction":0.128}},{"type":"Feature","geometry":{"type":"Point","coordinates":[68.4,58.5]},"properties":{"region":3,"fire_occurred":0,"prediction":0.1143}},{"type":"Feature","geometry":{"type":"Point","coordinates":[68.5,56.0]},"properties":{"region":3,"fire_occurred":0,"prediction":0.1136}},{"type":"Feature","geometry":{"type":"Point","coordinates":[68.5,56.1]},"properties":{"region":3,"fire_occurred":0,"prediction":0.1157}},{"type":"Feature","geometry":{"type":"Point","coordinates":[68.5,57.0]},"properties":{"region":3,"fire_occurred":0,"prediction":0.2407}},{"type":"Feature","geometry":{"type":"Point","coordinates":[68.5,57.1]},"properties":{"region":3,"fire_occurred":1,"prediction":0.2396}},{"type":"Feature","geometry":{"type":"Point","coordinates":[68.5,57.2]},"properties":{"region":3,"fire_occurred":1,"prediction":0.0436}},{"type":"Feature","geometry":{"type":"Point","coordinates":[68.5,57.3]},"properties":{"region":3,"fire_occurred":0,"prediction":0.1932}},{"type":"Feature","geometry":{"type":"Point","coordinates":[68.5,57.5]},"properties":{"region":3,"fire_occurred":1,"prediction":0.4956}},{"type":"Feature","geometry":{"type":"Point","coordinates":[68.5,58.5]},"properties":{"region":3,"fire_occurred":0,"prediction":0.2078}},{"type":"Feature","geometry":{"type":"Point","coordinates":[68.6,57.1]},"properties":{"region":3,"fire_occurred":0,"prediction":0.1671}},{"type":"Feature","geometry":{"type":"Point","coordinates":[68.6,57.2]},"properties":{"region":3,"fire_occurred":1,"prediction":0.0447}},{"type":"Feature","geometry":{"type":"Point","coordinates":[68.6,57.5]},"properties":{"region":3,"fire_occurred":1,"prediction":0.4129}},{"type":"Feature","geometry":{"type":"Point","coordinates":[68.6,57.6]},"properties":{"region":3,"fire_occurred":0,"prediction":0.3779}},{"type":"Feature","geometry":{"type":"Point","coordinates":[68.6,58.5]},"properties":{"region":3,"fire_occurred":0,"prediction":0.105}},{"type":"Feature","geometry":{"type":"Point","coordinates":[68.7,56.1]},"properties":{"region":3,"fire_occurred":0,"prediction":0.255}},{"type":"Feature","geometry":{"type":"Point","coordinates":[68.7,57.0]},"properties":{"region":3,"fire_occurred":0,"prediction":0.1449}},{"type":"Feature","geometry":{"type":"Point","coordinates":[68.7,57.1]},"properties":{"region":3,"fire_occurred":1,"prediction":0.111}},{"type":"Feature","geometry":{"type":"Point","coordinates":[68.7,57.5]},"properties":{"region":3,"fire_occurred":0,"prediction":0.3983}},{"type":"Feature","geometry":{"type":"Point","coordinates":[68.7,57.6]},"properties":{"region":3,"fire_occurred":0,"prediction":0.4696}},{"type":"Feature","geometry":{"type":"Point","coordinates":[68.8,54.7]},"properties":{"region":3,"fire_occurred":1,"prediction":0.0267}},{"type":"Feature","geometry":{"type":"Point","coordinates":[68.8,56.1]},"properties":{"region":3,"fire_occurred":0,"prediction":0.2751}},{"type":"Feature","geometry":{"type":"Point","coordinates":[68.8,57.4]},"properties":{"region":3,"fire_occurred":1,"prediction":0.0968}},{"type":"Feature","geometry":{"type":"Point","coordinates":[68.8,57.5]},"properties":{"region":3,"fire_occurred":0,"prediction":0.5012}},{"type":"Feature","geometry":{"type":"Point","coordinates":[68.8,57.6]},"properties":{"region":3,"fire_occurred":0,"prediction":0.3543}},{"type":"Feature","geometry":{"type":"Point","coordinates":[68.8,57.7]},"properties":{"region":3,"fire_occurred":0,"prediction":0.2602}},{"type":"Feature","geometry":{"type":"Point","coordinates":[68.9,56.1]},"properties":{"region":3,"fire_occurred":0,"prediction":0.1293}},{"type":"Feature","geometry":{"type":"Point","coordinates":[68.9,57.4]},"properties":{"region":3,"fire_occurred":1,"prediction":0.5023}},{"type":"Feature","geometry":{"type":"Point","coordinates":[68.9,57.5]},"properties":{"region":3,"fire_occurred":1,"prediction":0.4341}},{"type":"Feature","geometry":{"type":"Point","coordinates":[68.9,57.6]},"properties":{"region":3,"fire_occurred":0,"prediction":0.306}},{"type":"Feature","geometry":{"type":"Point","coordinates":[68.9,57.7]},"properties":{"region":3,"fire_occurred":0,"prediction":0.34}},{"type":"Feature","geometry":{"type":"Point","coordinates":[69.0,57.4]},"properties":{"region":3,"fire_occurred":0,"prediction":0.2415}},{"type":"Feature","geometry":{"type":"Point","coordinates":[69.0,57.5]},"properties":{"region":3,"fire_occurred":1,"prediction":0.03}},{"type":"Feature","geometry":{"type":"Point","coordinates":[69.0,57.6]},"properties":{"region":3,"fire_occurred":0,"prediction":0.26}},{"type":"Feature","geometry":{"type":"Point","coordinates":[69.0,57.7]},"properties":{"region":3,"fire_occurred":0,"prediction":0.2681}},{"type":"Feature","geometry":{"type":"Point","coordinates":[69.0,57.8]},"properties":{"region":3,"fire_occurred":0,"prediction":0.218}},{"type":"Feature","geometry":{"type":"Point","coordinates":[69.1,51.2]},"properties":{"region":3,"fire_occurred":1,"prediction":0.005}},{"type":"Feature","geometry":{"type":"Point","coordinates":[69.1,57.1]},"properties":{"region":3,"fire_occurred":0,"prediction":0.1458}},{"type":"Feature","geometry":{"type":"Point","coordinates":[69.1,57.2]},"properties":{"region":3,"fire_occurred":1,"prediction":0.0347}},{"type":"Feature","geometry":{"type":"Point","coordinates":[69.1,57.4]},"properties":{"region":3,"fire_occurred":0,"prediction":0.1048}},{"type":"Feature","geometry":{"type":"Point","coordinates":[69.2,52.1]},"properties":{"region":3,"fire_occurred":0,"prediction":0.1032}},{"type":"Feature","geometry":{"type":"Point","coordinates":[69.2,57.1]},"properties":{"region":3,"fire_occurred":0,"prediction":0.1621}},{"type":"Feature","geometry":{"type":"Point","coordinates":[69.2,57.2]},"properties":{"region":3,"fire_occurred":1,"prediction":0.282}},{"type":"Feature","geometry":{"type":"Point","coordinates":[69.3,52.2]},"properties":{"region":3,"fire_occurred":0,"prediction":0.1051}},{"type":"Feature","geometry":{"type":"Point","coordinates":[69.3,53.9]},"properties":{"region":3,"fire_occurred":0,"prediction":0.1995}},{"type":"Feature","geometry":{"type":"Point","coordinates":[69.3,57.1]},"properties":{"region":3,"fire_occurred":0,"prediction":0.1583}},{"type":"Feature","geometry":{"type":"Point","coordinates":[69.3,57.2]},"properties":{"region":3,"fire_occurred":0,"prediction":0.41}},{"type":"Feature","geometry":{"type":"Point","coordinates":[69.4,57.1]},"properties":{"region":3,"fire_occurred":0,"prediction":0.143}},{"type":"Feature","geometry":{"type":"Point","coordinates":[69.4,57.2]},"properties":{"region":3,"fire_occurred":0,"prediction":0.1345}},{"type":"Feature","geometry":{"type":"Point","coordinates":[69.5,40.8]},"properties":{"region":3,"fire_occurred":1,"prediction":0.8321}},{"type":"Feature","geometry":{"type":"Point","coordinates":[69.5,56.0]},"properties":{"region":3,"fire_occurred":0,"prediction":0.406}},{"type":"Feature","geometry":{"type":"Point","coordinates":[69.6,56.0]},"properties":{"region":3,"fire_occurred":0,"prediction":0.3209}},{"type":"Feature","geometry":{"type":"Point","coordinates":[69.6,57.3]},"properties":{"region":3,"fire_occurred":0,"prediction":0.1314}},{"type":"Feature","geometry":{"type":"Point","coordinates":[69.8,55.2]},"properties":{"region":3,"fire_occurred":0,"prediction":0.1261}},{"type":"Feature","geometry":{"type":"Point","coordinates":[69.8,55.7]},"properties":{"region":3,"fire_occurred":0,"prediction":0.1124}},{"type":"Feature","geometry":{"type":"Point","coordinates":[69.8,55.9]},"properties":{"region":3,"fire_occurred":0,"prediction":0.1395}},{"type":"Feature","geometry":{"type":"Point","coordinates":[69.8,56.0]},"properties":{"region":3,"fire_occurred":0,"prediction":0.1365}},{"type":"Feature","geometry":{"type":"Point","coordinates":[69.9,55.7]},"properties":{"region":3,"fire_occurred":0,"prediction":0.1062}},{"type":"Feature","geometry":{"type":"Point","coordinates":[69.9,55.9]},"properties":{"region":3,"fire_occurred":0,"prediction":0.1369}},{"type":"Feature","geometry":{"type":"Point","coordinates":[70.0,55.8]},"properties":{"region":3,"fire_occurred":0,"prediction":0.1338}},{"type":"Feature","geometry":{"type":"Point","coordinates":[70.3,54.2]},"properties":{"region":3,"fire_occurred":0,"prediction":0.1115}},{"type":"Feature","geometry":{"type":"Point","coordinates":[70.3,55.3]},"properties":{"region":3,"fire_occurred":0,"prediction":0.1509}},{"type":"Feature","geometry":{"type":"Point","coordinates":[70.3,56.7]},"properties":{"region":3,"fire_occurred":0,"prediction":0.1843}},{"type":"Feature","geometry":{"type":"Point","coordinates":[70.4,56.6]},"properties":{"region":3,"fire_occurred":0,"prediction":0.1687}},{"type":"Feature","geometry":{"type":"Point","coordinates":[70.5,39.8]},"properties":{"region":3,"fire_occurred":0,"prediction":0.2861}},{"type":"Feature","geometry":{"type":"Point","coordinates":[70.5,50.9]},"properties":{"region":3,"fire_occurred":1,"prediction":0.0034}},{"type":"Feature","geometry":{"type":"Point","coordinates":[70.5,51.0]},"properties":{"region":3,"fire_occurred":1,"prediction":0.0072}},{"type":"Feature","geometry":{"type":"Point","coordinates":[70.6,54.0]},"properties":{"region":3,"fire_occurred":1,"prediction":0.031}},{"type":"Feature","geometry":{"type":"Point","coordinates":[70.6,54.2]},"properties":{"region":3,"fire_occurred":0,"prediction":0.1295}},{"type":"Feature","geometry":{"type":"Point","coordinates":[70.6,56.6]},"properties":{"region":3,"fire_occurred":0,"prediction":0.1974}},{"type":"Feature","geometry":{"type":"Point","coordinates":[70.6,56.7]},"properties":{"region":3,"fire_occurred":0,"prediction":0.501}},{"type":"Feature","geometry":{"type":"Point","coordinates":[70.7,51.0]},"properties":{"region":3,"fire_occurred":1,"prediction":0.0059}},{"type":"Feature","geometry":{"type":"Point","coordinates":[70.7,53.2]},"properties":{"region":3,"fire_occurred":1,"prediction":0.0027}},{"type":"Feature","geometry":{"type":"Point","coordinates":[70.7,54.2]},"properties":{"region":3,"fire_occurred":0,"prediction":0.1456}},{"type":"Feature","geometry":{"type":"Point","coordinates":[70.7,56.4]},"properties":{"region":3,"fire_occurred":0,"prediction":0.2357}},{"type":"Feature","geometry":{"type":"Point","coordinates":[70.7,56.6]},"properties":{"region":3,"fire_occurred":0,"prediction":0.3532}},{"type":"Feature","geometry":{"type":"Point","coordinates":[70.7,56.7]},"properties":{"region":3,"fire_occurred":0,"prediction":0.6096}},{"type":"Feature","geometry":{"type":"Point","coordinates":[70.7,56.9]},"properties":{"region":3,"fire_occurred":0,"prediction":0.2733}},{"type":"Feature","geometry":{"type":"Point","coordinates":[70.8,54.7]},"properties":{"region":3,"fire_occurred":0,"prediction":0.172}},{"type":"Feature","geometry":{"type":"Point","coordinates":[70.8,56.2]},"properties":{"region":3,"fire_occurred":1,"prediction":0.0074}},{"type":"Feature","geometry":{"type":"Point","coordinates":[70.8,56.5]},"properties":{"region":3,"fire_occurred":0,"prediction":0.1888}},{"type":"Feature","geometry":{"type":"Point","coordinates":[70.8,56.6]},"properties":{"region":3,"fire_occurred":0,"prediction":0.2087}},{"type":"Feature","geometry":{"type":"Point","coordinates":[70.8,56.7]},"properties":{"region":3,"fire_occurred":0,"prediction":0.1706}},{"type":"Feature","geometry":{"type":"Point","coordinates":[70.8,56.8]},"properties":{"region":3,"fire_occurred":0,"prediction":0.1275}},{"type":"Feature","geometry":{"type":"Point","coordinates":[70.9,54.5]},"properties":{"region":3,"fire_occurred":0,"prediction":0.1414}},{"type":"Feature","geometry":{"type":"Point","coordinates":[70.9,56.3]},"properties":{"region":3,"fire_occurred":0,"prediction":0.1042}},{"type":"Feature","geometry":{"type":"Point","coordinates":[70.9,56.4]},"properties":{"region":3,"fire_occurred":0,"prediction":0.1328}},{"type":"Feature","geometry":{"type":"Point","coordinates":[70.9,56.5]},"properties":{"region":3,"fire_occurred":0,"prediction":0.2022}},{"type":"Feature","geometry":{"type":"Point","coordinates":[70.9,56.6]},"properties":{"region":3,"fire_occurred":0,"prediction":0.364}},{"type":"Feature","geometry":{"type":"Point","coordinates":[70.9,56.7]},"properties":{"region":3,"fire_occurred":0,"prediction":0.2781}},{"type":"Feature","geometry":{"type":"Point","coordinates":[70.9,56.9]},"properties":{"region":3,"fire_occurred":0,"prediction":0.151}},{"type":"Feature","geometry":{"type":"Point","coordinates":[71.0,54.4]},"properties":{"region":3,"fire_occurred":0,"prediction":0.1038}},{"type":"Feature","geometry":{"type":"Point","coordinates":[71.0,55.1]},"properties":{"region":3,"fire_occurred":0,"prediction":0.1117}},{"type":"Feature","geometry":{"type":"Point","coordinates":[71.0,55.5]},"properties":{"region":3,"fire_occurred":0,"prediction":0.1065}},{"type":"Feature","geometry":{"type":"Point","coordinates":[71.0,55.9]},"properties":{"region":3,"fire_occurred":0,"prediction":0.2164}},{"type":"Feature","geometry":{"type":"Point","coordinates":[71.0,56.3]},"properties":{"region":3,"fire_occurred":0,"prediction":0.2874}},{"type":"Feature","geometry":{"type":"Point","coordinates":[71.0,56.4]},"properties":{"region":3,"fire_occurred":0,"prediction":0.1332}},{"type":"Feature","geometry":{"type":"Point","coordinates":[71.0,56.5]},"properties":{"region":3,"fire_occurred":0,"prediction":0.2452}},{"type":"Feature","geometry":{"type":"Point","coordinates":[71.0,56.6]},"properties":{"region":3,"fire_occurred":0,"prediction":0.1932}},{"type":"Feature","geometry":{"type":"Point","coordinates":[71.0,56.9]},"properties":{"region":3,"fire_occurred":0,"prediction":0.3786}},{"type":"Feature","geometry":{"type":"Point","coordinates":[71.1,51.6]},"properties":{"region":3,"fire_occurred":1,"prediction":0.0058}},{"type":"Feature","geometry":{"type":"Point","coordinates":[71.1,54.6]},"properties":{"region":3,"fire_occurred":0,"prediction":0.1172}},{"type":"Feature","geometry":{"type":"Point","coordinates":[71.1,56.2]},"properties":{"region":3,"fire_occurred":0,"prediction":0.1121}},{"type":"Feature","geometry":{"type":"Point","coordinates":[71.1,56.3]},"properties":{"region":3,"fire_occurred":1,"prediction":0.3485}},{"type":"Feature","geometry":{"type":"Point","coordinates":[71.1,56.4]},"properties":{"region":3,"fire_occurred":0,"prediction":0.2119}},{"type":"Feature","geometry":{"type":"Point","coordinates":[71.1,56.6]},"properties":{"region":3,"fire_occurred":0,"prediction":0.1134}},{"type":"Feature","geometry":{"type":"Point","coordinates":[71.1,56.7]},"properties":{"region":3,"fire_occurred":0,"prediction":0.1515}},{"type":"Feature","geometry":{"type":"Point","coordinates":[71.1,56.8]},"properties":{"region":3,"fire_occurred":0,"prediction":0.1294}},{"type":"Feature","geometry":{"type":"Point","coordinates":[71.1,56.9]},"properties":{"region":3,"fire_occurred":1,"prediction":0.3135}},{"type":"Feature","geometry":{"type":"Point","coordinates":[71.2,55.2]},"properties":{"region":3,"fire_occurred":0,"prediction":0.1197}},{"type":"Feature","geometry":{"type":"Point","coordinates":[71.2,56.6]},"properties":{"region":3,"fire_occurred":0,"prediction":0.1825}},{"type":"Feature","geometry":{"type":"Point","coordinates":[71.2,56.9]},"properties":{"region":3,"fire_occurred":1,"prediction":0.0252}},{"type":"Feature","geometry":{"type":"Point","coordinates":[71.3,54.4]},"properties":{"region":3,"fire_occurred":0,"prediction":0.1064}},{"type":"Feature","geometry":{"type":"Point","coordinates":[71.3,55.2]},"properties":{"region":3,"fire_occurred":0,"prediction":0.1538}},{"type":"Feature","geometry":{"type":"Point","coordinates":[71.3,56.9]},"properties":{"region":3,"fire_occurred":1,"prediction":0.019}},{"type":"Feature","geometry":{"type":"Point","coordinates":[71.4,56.8]},"properties":{"region":3,"fire_occurred":0,"prediction":0.2434}},{"type":"Feature","geometry":{"type":"Point","coordinates":[71.4,56.9]},"properties":{"region":3,"fire_occurred":1,"prediction":0.105}},{"type":"Feature","geometry":{"type":"Point","coordinates":[71.5,55.4]},"properties":{"region":3,"fire_occurred":0,"prediction":0.1575}},{"type":"Feature","geometry":{"type":"Point","coordinates":[71.5,56.6]},"properties":{"region":3,"fire_occurred":0,"prediction":0.1402}},{"type":"Feature","geometry":{"type":"Point","coordinates":[71.5,56.7]},"properties":{"region":3,"fire_occurred":0,"prediction":0.1021}},{"type":"Feature","geometry":{"type":"Point","coordinates":[71.5,56.8]},"properties":{"region":3,"fire_occurred":0,"prediction":0.1159}},{"type":"Feature","geometry":{"type":"Point","coordinates":[71.6,55.4]},"properties":{"region":3,"fire_occurred":0,"prediction":0.1077}},{"type":"Feature","geometry":{"type":"Point","coordinates":[71.6,56.6]},"properties":{"region":3,"fire_occurred":0,"prediction":0.1328}},{"type":"Feature","geometry":{"type":"Point","coordinates":[71.7,54.0]},"properties":{"region":3,"fire_occurred":0,"prediction":0.111}},{"type":"Feature","geometry":{"type":"Point","coordinates":[71.7,56.2]},"properties":{"region":3,"fire_occurred":0,"prediction":0.1597}},{"type":"Feature","geometry":{"type":"Point","coordinates":[71.7,56.6]},"properties":{"region":3,"fire_occurred":0,"prediction":0.1069}},{"type":"Feature","geometry":{"type":"Point","coordinates":[71.7,56.7]},"properties":{"region":3,"fire_occurred":0,"prediction":0.1193}},{"type":"Feature","geometry":{"type":"Point","coordinates":[71.8,56.8]},"properties":{"region":3,"fire_occurred":0,"prediction":0.1281}},{"type":"Feature","geometry":{"type":"Point","coordinates":[71.8,56.9]},"properties":{"region":3,"fire_occurred":0,"prediction":0.1969}},{"type":"Feature","geometry":{"type":"Point","coordinates":[71.9,53.9]},"properties":{"region":3,"fire_occurred":1,"prediction":0.0015}},{"type":"Feature","geometry":{"type":"Point","coordinates":[71.9,56.8]},"properties":{"region":3,"fire_occurred":0,"prediction":0.2097}},{"type":"Feature","geometry":{"type":"Point","coordinates":[72.0,56.8]},"properties":{"region":3,"fire_occurred":0,"prediction":0.2179}},{"type":"Feature","geometry":{"type":"Point","coordinates":[72.1,54.2]},"properties":{"region":3,"fire_occurred":1,"prediction":0.0315}},{"type":"Feature","geometry":{"type":"Point","coordinates":[72.1,55.2]},"properties":{"region":3,"fire_occurred":0,"prediction":0.1377}},{"type":"Feature","geometry":{"type":"Point","coordinates":[72.2,54.2]},"properties":{"region":3,"fire_occurred":1,"prediction":0.0399}},{"type":"Feature","geometry":{"type":"Point","coordinates":[72.2,56.8]},"properties":{"region":3,"fire_occurred":0,"prediction":0.1411}},{"type":"Feature","geometry":{"type":"Point","coordinates":[72.3,55.1]},"properties":{"region":3,"fire_occurred":1,"prediction":0.0043}},{"type":"Feature","geometry":{"type":"Point","coordinates":[72.3,56.8]},"properties":{"region":3,"fire_occurred":1,"prediction":0.0068}},{"type":"Feature","geometry":{"type":"Point","coordinates":[72.4,54.2]},"properties":{"region":3,"fire_occurred":0,"prediction":0.1013}},{"type":"Feature","geometry":{"type":"Point","coordinates":[72.6,56.7]},"properties":{"region":3,"fire_occurred":0,"prediction":0.1868}},{"type":"Feature","geometry":{"type":"Point","coordinates":[72.7,54.3]},"properties":{"region":3,"fire_occurred":1,"prediction":0.0496}},{"type":"Feature","geometry":{"type":"Point","coordinates":[72.7,55.6]},"properties":{"region":3,"fire_occurred":0,"prediction":0.1653}},{"type":"Feature","geometry":{"type":"Point","coordinates":[72.7,55.7]},"properties":{"region":3,"fire_occurred":0,"prediction":0.1873}},{"type":"Feature","geometry":{"type":"Point","coordinates":[72.7,56.7]},"properties":{"region":3,"fire_occurred":1,"prediction":0.2767}},{"type":"Feature","geometry":{"type":"Point","coordinates":[72.7,56.8]},"properties":{"region":3,"fire_occurred":0,"prediction":0.2064}},{"type":"Feature","geometry":{"type":"Point","coordinates":[72.7,56.9]},"properties":{"region":3,"fire_occurred":0,"prediction":0.1805}},{"type":"Feature","geometry":{"type":"Point","coordinates":[72.8,55.7]},"properties":{"region":3,"fire_occurred":0,"prediction":0.1793}},{"type":"Feature","geometry":{"type":"Point","coordinates":[72.8,56.2]},"properties":{"region":3,"fire_occurred":0,"prediction":0.1617}},{"type":"Feature","geometry":{"type":"Point","coordinates":[72.9,55.2]},"properties":{"region":3,"fire_occurred":1,"prediction":0.0121}},{"type":"Feature","geometry":{"type":"Point","coordinates":[72.9,55.7]},"properties":{"region":3,"fire_occurred":0,"prediction":0.246}},{"type":"Feature","geometry":{"type":"Point","coordinates":[72.9,55.8]},"properties":{"region":3,"fire_occurred":1,"prediction":0.1944}},{"type":"Feature","geometry":{"type":"Point","coordinates":[73.0,50.0]},"properties":{"region":3,"fire_occurred":1,"prediction":0.8537}},{"type":"Feature","geometry":{"type":"Point","coordinates":[73.0,55.8]},"properties":{"region":3,"fire_occurred":0,"prediction":0.1053}},{"type":"Feature","geometry":{"type":"Point","coordinates":[73.0,56.2]},"properties":{"region":3,"fire_occurred":0,"prediction":0.1745}},{"type":"Feature","geometry":{"type":"Point","coordinates":[73.0,56.8]},"properties":{"region":3,"fire_occurred":0,"prediction":0.1081}},{"type":"Feature","geometry":{"type":"Point","coordinates":[73.0,56.9]},"properties":{"region":3,"fire_occurred":1,"prediction":0.3474}},{"type":"Feature","geometry":{"type":"Point","coordinates":[73.1,56.8]},"properties":{"region":3,"fire_occurred":1,"prediction":0.0102}},{"type":"Feature","geometry":{"type":"Point","coordinates":[73.1,56.9]},"properties":{"region":3,"fire_occurred":1,"prediction":0.0737}},{"type":"Feature","geometry":{"type":"Point","coordinates":[73.2,56.8]},"properties":{"region":3,"fire_occurred":1,"prediction":0.0107}},{"type":"Feature","geometry":{"type":"Point","coordinates":[73.2,56.9]},"properties":{"region":3,"fire_occurred":1,"prediction":0.0823}},{"type":"Feature","geometry":{"type":"Point","coordinates":[73.3,56.3]},"properties":{"region":3,"fire_occurred":1,"prediction":0.0146}},{"type":"Feature","geometry":{"type":"Point","coordinates":[73.3,56.9]},"properties":{"region":3,"fire_occurred":0,"prediction":0.1439}},{"type":"Feature","geometry":{"type":"Point","coordinates":[73.4,56.4]},"properties":{"region":3,"fire_occurred":1,"prediction":0.0116}},{"type":"Feature","geometry":{"type":"Point","coordinates":[73.5,55.2]},"properties":{"region":3,"fire_occurred":1,"prediction":0.009}},{"type":"Feature","geometry":{"type":"Point","coordinates":[73.5,56.2]},"properties":{"region":3,"fire_occurred":0,"prediction":0.2102}},{"type":"Feature","geometry":{"type":"Point","coordinates":[73.5,56.3]},"properties":{"region":3,"fire_occurred":0,"prediction":0.1412}},{"type":"Feature","geometry":{"type":"Point","coordinates":[73.5,56.4]},"properties":{"region":3,"fire_occurred":1,"prediction":0.0036}},{"type":"Feature","geometry":{"type":"Point","coordinates":[73.5,56.7]},"properties":{"region":3,"fire_occurred":0,"prediction":0.1559}},{"type":"Feature","geometry":{"type":"Point","coordinates":[73.6,55.4]},"properties":{"region":3,"fire_occurred":1,"prediction":0.0026}},{"type":"Feature","geometry":{"type":"Point","coordinates":[73.7,56.5]},"properties":{"region":3,"fire_occurred":0,"prediction":0.1214}},{"type":"Feature","geometry":{"type":"Point","coordinates":[73.7,56.6]},"properties":{"region":3,"fire_occurred":1,"prediction":0.1216}},{"type":"Feature","geometry":{"type":"Point","coordinates":[73.8,51.0]},"properties":{"region":3,"fire_occurred":1,"prediction":0.0033}},{"type":"Feature","geometry":{"type":"Point","coordinates":[73.8,56.3]},"properties":{"region":3,"fire_occurred":0,"prediction":0.3491}},{"type":"Feature","geometry":{"type":"Point","coordinates":[73.8,56.5]},"properties":{"region":3,"fire_occurred":0,"prediction":0.1862}},{"type":"Feature","geometry":{"type":"Point","coordinates":[73.8,56.6]},"properties":{"region":3,"fire_occurred":0,"prediction":0.1058}},{"type":"Feature","geometry":{"type":"Point","coordinates":[73.9,56.2]},"properties":{"region":3,"fire_occurred":0,"prediction":0.2676}},{"type":"Feature","geometry":{"type":"Point","coordinates":[73.9,56.5]},"properties":{"region":3,"fire_occurred":0,"prediction":0.1517}},{"type":"Feature","geometry":{"type":"Point","coordinates":[73.9,56.6]},"properties":{"region":3,"fire_occurred":0,"prediction":0.1478}},{"type":"Feature","geometry":{"type":"Point","coordinates":[74.0,56.2]},"properties":{"region":3,"fire_occurred":0,"prediction":0.1366}},{"type":"Feature","geometry":{"type":"Point","coordinates":[74.0,56.5]},"properties":{"region":3,"fire_occurred":0,"prediction":0.1469}},{"type":"Feature","geometry":{"type":"Point","coordinates":[74.1,55.4]},"properties":{"region":3,"fire_occurred":0,"prediction":0.1305}},{"type":"Feature","geometry":{"type":"Point","coordinates":[74.1,56.1]},"properties":{"region":3,"fire_occurred":0,"prediction":0.115}},{"type":"Feature","geometry":{"type":"Point","coordinates":[74.2,56.1]},"properties":{"region":3,"fire_occurred":0,"prediction":0.1262}},{"type":"Feature","geometry":{"type":"Point","coordinates":[74.2,56.3]},"properties":{"region":3,"fire_occurred":0,"prediction":0.1363}},{"type":"Feature","geometry":{"type":"Point","coordinates":[74.2,56.4]},"properties":{"region":3,"fire_occurred":0,"prediction":0.1963}},{"type":"Feature","geometry":{"type":"Point","coordinates":[74.3,50.1]},"properties":{"region":3,"fire_occurred":1,"prediction":0.0108}},{"type":"Feature","geometry":{"type":"Point","coordinates":[74.4,56.1]},"properties":{"region":3,"fire_occurred":0,"prediction":0.2266}},{"type":"Feature","geometry":{"type":"Point","coordinates":[74.5,55.6]},"properties":{"region":3,"fire_occurred":0,"prediction":0.1105}},{"type":"Feature","geometry":{"type":"Point","coordinates":[74.5,56.1]},"properties":{"region":3,"fire_occurred":0,"prediction":0.1221}},{"type":"Feature","geometry":{"type":"Point","coordinates":[74.6,42.9]},"properties":{"region":3,"fire_occurred":0,"prediction":0.1916}},{"type":"Feature","geometry":{"type":"Point","coordinates":[74.6,56.5]},"properties":{"region":3,"fire_occurred":1,"prediction":0.024}},{"type":"Feature","geometry":{"type":"Point","coordinates":[74.6,56.6]},"properties":{"region":3,"fire_occurred":0,"prediction":0.1915}},{"type":"Feature","geometry":{"type":"Point","coordinates":[74.7,56.3]},"properties":{"region":3,"fire_occurred":0,"prediction":0.449}},{"type":"Feature","geometry":{"type":"Point","coordinates":[74.7,56.5]},"properties":{"region":3,"fire_occurred":1,"prediction":0.1119}},{"type":"Feature","geometry":{"type":"Point","coordinates":[74.8,55.7]},"properties":{"region":3,"fire_occurred":0,"prediction":0.2757}},{"type":"Feature","geometry":{"type":"Point","coordinates":[74.9,55.8]},"properties":{"region":3,"fire_occurred":0,"prediction":0.2104}},{"type":"Feature","geometry":{"type":"Point","coordinates":[75.0,53.6]},"properties":{"region":3,"fire_occurred":1,"prediction":0.0241}},{"type":"Feature","geometry":{"type":"Point","coordinates":[75.0,55.8]},"properties":{"region":3,"fire_occurred":1,"prediction":0.2551}},{"type":"Feature","geometry":{"type":"Point","coordinates":[75.1,55.8]},"properties":{"region":3,"fire_occurred":1,"prediction":0.1747}},{"type":"Feature","geometry":{"type":"Point","coordinates":[75.2,53.5]},"properties":{"region":3,"fire_occurred":0,"prediction":0.1363}},{"type":"Feature","geometry":{"type":"Point","coordinates":[75.2,55.6]},"properties":{"region":3,"fire_occurred":0,"prediction":0.2872}},{"type":"Feature","geometry":{"type":"Point","coordinates":[75.2,55.8]},"properties":{"region":3,"fire_occurred":0,"prediction":0.1281}},{"type":"Feature","geometry":{"type":"Point","coordinates":[75.3,53.5]},"properties":{"region":3,"fire_occurred":1,"prediction":0.0034}},{"type":"Feature","geometry":{"type":"Point","coordinates":[75.3,55.6]},"properties":{"region":3,"fire_occurred":0,"prediction":0.1299}},{"type":"Feature","geometry":{"type":"Point","coordinates":[75.5,53.3]},"properties":{"region":3,"fire_occurred":1,"prediction":0.0129}},{"type":"Feature","geometry":{"type":"Point","coordinates":[75.8,55.5]},"properties":{"region":3,"fire_occurred":0,"prediction":0.1067}},{"type":"Feature","geometry":{"type":"Point","coordinates":[76.0,25.1]},"properties":{"region":3,"fire_occurred":1,"prediction":0.0091}},{"type":"Feature","geometry":{"type":"Point","coordinates":[76.0,25.3]},"properties":{"region":3,"fire_occurred":1,"prediction":0.0326}},{"type":"Feature","geometry":{"type":"Point","coordinates":[76.0,55.3]},"properties":{"region":3,"fire_occurred":0,"prediction":0.3033}},{"type":"Feature","geometry":{"type":"Point","coordinates":[76.0,56.3]},"properties":{"region":3,"fire_occurred":0,"prediction":0.1586}},{"type":"Feature","geometry":{"type":"Point","coordinates":[76.1,25.2]},"properties":{"region":3,"fire_occurred":1,"prediction":0.0895}},{"type":"Feature","geometry":{"type":"Point","coordinates":[76.1,55.3]},"properties":{"region":3,"fire_occurred":1,"prediction":0.2089}},{"type":"Feature","geometry":{"type":"Point","coordinates":[76.1,56.3]},"properties":{"region":3,"fire_occurred":1,"prediction":0.0974}},{"type":"Feature","geometry":{"type":"Point","coordinates":[76.2,55.3]},"properties":{"region":3,"fire_occurred":0,"prediction":0.2489}},{"type":"Feature","geometry":{"type":"Point","coordinates":[76.3,55.3]},"properties":{"region":3,"fire_occurred":0,"prediction":0.2895}},{"type":"Feature","geometry":{"type":"Point","coordinates":[76.3,56.6]},"properties":{"region":3,"fire_occurred":0,"prediction":0.1868}},{"type":"Feature","geometry":{"type":"Point","coordinates":[76.4,56.7]},"properties":{"region":3,"fire_occurred":0,"prediction":0.1147}},{"type":"Feature","geometry":{"type":"Point","coordinates":[76.5,52.1]},"properties":{"region":3,"fire_occurred":1,"prediction":0.003}},{"type":"Feature","geometry":{"type":"Point","coordinates":[76.5,55.3]},"properties":{"region":3,"fire_occurred":0,"prediction":0.1178}},{"type":"Feature","geometry":{"type":"Point","coordinates":[76.5,55.4]},"properties":{"region":3,"fire_occurred":0,"prediction":0.1159}},{"type":"Feature","geometry":{"type":"Point","coordinates":[76.5,56.1]},"properties":{"region":3,"fire_occurred":0,"prediction":0.1045}},{"type":"Feature","geometry":{"type":"Point","coordinates":[76.5,56.8]},"properties":{"region":3,"fire_occurred":0,"prediction":0.105}},{"type":"Feature","geometry":{"type":"Point","coordinates":[76.7,56.4]},"properties":{"region":3,"fire_occurred":1,"prediction":0.078}},{"type":"Feature","geometry":{"type":"Point","coordinates":[76.8,25.1]},"properties":{"region":3,"fire_occurred":1,"prediction":0.0392}},{"type":"Feature","geometry":{"type":"Point","coordinates":[76.8,52.1]},"properties":{"region":3,"fire_occurred":0,"prediction":0.1834}},{"type":"Feature","geometry":{"type":"Point","coordinates":[76.8,56.2]},"properties":{"region":3,"fire_occurred":0,"prediction":0.1277}},{"type":"Feature","geometry":{"type":"Point","coordinates":[76.9,52.1]},"properties":{"region":3,"fire_occurred":0,"prediction":0.1101}},{"type":"Feature","geometry":{"type":"Point","coordinates":[76.9,56.1]},"properties":{"region":3,"fire_occurred":1,"prediction":0.079}},{"type":"Feature","geometry":{"type":"Point","coordinates":[77.1,55.0]},"properties":{"region":3,"fire_occurred":0,"prediction":0.1101}},{"type":"Feature","geometry":{"type":"Point","coordinates":[77.4,55.8]},"properties":{"region":3,"fire_occurred":1,"prediction":0.0207}},{"type":"Feature","geometry":{"type":"Point","coordinates":[77.5,54.5]},"properties":{"region":3,"fire_occurred":0,"prediction":0.1387}},{"type":"Feature","geometry":{"type":"Point","coordinates":[77.9,25.5]},"properties":{"region":3,"fire_occurred":1,"prediction":0.0149}},{"type":"Feature","geometry":{"type":"Point","coordinates":[77.9,25.6]},"properties":{"region":3,"fire_occurred":1,"prediction":0.0141}},{"type":"Feature","geometry":{"type":"Point","coordinates":[77.9,25.7]},"properties":{"region":3,"fire_occurred":1,"prediction":0.0094}},{"type":"Feature","geometry":{"type":"Point","coordinates":[78.0,25.7]},"properties":{"region":3,"fire_occurred":1,"prediction":0.0222}},{"type":"Feature","geometry":{"type":"Point","coordinates":[78.1,25.5]},"properties":{"region":3,"fire_occurred":1,"prediction":0.0214}},{"type":"Feature","geometry":{"type":"Point","coordinates":[78.1,55.5]},"properties":{"region":3,"fire_occurred":0,"prediction":0.1851}},{"type":"Feature","geometry":{"type":"Point","coordinates":[78.2,25.6]},"properties":{"region":3,"fire_occurred":1,"prediction":0.0275}},{"type":"Feature","geometry":{"type":"Point","coordinates":[78.2,55.1]},"properties":{"region":3,"fire_occurred":0,"prediction":0.1133}},{"type":"Feature","geometry":{"type":"Point","coordinates":[78.4,55.2]},"properties":{"region":3,"fire_occurred":1,"prediction":0.076}},{"type":"Feature","geometry":{"type":"Point","coordinates":[78.5,24.7]},"properties":{"region":3,"fire_occurred":0,"prediction":0.2259}},{"type":"Feature","geometry":{"type":"Point","coordinates":[78.5,55.5]},"properties":{"region":3,"fire_occurred":0,"prediction":0.1426}},{"type":"Feature","geometry":{"type":"Point","coordinates":[78.7,25.7]},"properties":{"region":3,"fire_occurred":0,"prediction":0.1108}},{"type":"Feature","geometry":{"type":"Point","coordinates":[78.7,54.9]},"properties":{"region":3,"fire_occurred":0,"prediction":0.1199}},{"type":"Feature","geometry":{"type":"Point","coordinates":[78.7,55.5]},"properties":{"region":3,"fire_occurred":0,"prediction":0.1037}},{"type":"Feature","geometry":{"type":"Point","coordinates":[78.7,55.6]},"properties":{"region":3,"fire_occurred":0,"prediction":0.1456}},{"type":"Feature","geometry":{"type":"Point","coordinates":[78.8,55.4]},"properties":{"region":3,"fire_occurred":0,"prediction":0.1417}},{"type":"Feature","geometry":{"type":"Point","coordinates":[78.9,54.7]},"properties":{"region":3,"fire_occurred":1,"prediction":0.0424}},{"type":"Feature","geometry":{"type":"Point","coordinates":[78.9,55.4]},"properties":{"region":3,"fire_occurred":0,"prediction":0.1051}},{"type":"Feature","geometry":{"type":"Point","coordinates":[79.1,55.5]},"properties":{"region":3,"fire_occurred":1,"prediction":0.0691}},{"type":"Feature","geometry":{"type":"Point","coordinates":[79.2,55.6]},"properties":{"region":3,"fire_occurred":0,"prediction":0.1352}},{"type":"Feature","geometry":{"type":"Point","coordinates":[79.3,55.1]},"properties":{"region":3,"fire_occurred":0,"prediction":0.1577}},{"type":"Feature","geometry":{"type":"Point","coordinates":[79.3,55.4]},"properties":{"region":3,"fire_occurred":0,"prediction":0.1801}},{"type":"Feature","geometry":{"type":"Point","coordinates":[79.3,55.6]},"properties":{"region":3,"fire_occurred":0,"prediction":0.1801}},{"type":"Feature","geometry":{"type":"Point","coordinates":[79.4,55.4]},"properties":{"region":3,"fire_occurred":0,"prediction":0.1511}},{"type":"Feature","geometry":{"type":"Point","coordinates":[79.5,55.4]},"properties":{"region":3,"fire_occurred":0,"prediction":0.1629}},{"type":"Feature","geometry":{"type":"Point","coordinates":[79.5,55.5]},"properties":{"region":3,"fire_occurred":0,"prediction":0.1992}},{"type":"Feature","geometry":{"type":"Point","coordinates":[79.5,55.6]},"properties":{"region":3,"fire_occurred":0,"prediction":0.1041}},{"type":"Feature","geometry":{"type":"Point","coordinates":[79.6,29.2]},"properties":{"region":3,"fire_occurred":0,"prediction":0.1015}},{"type":"Feature","geometry":{"type":"Point","coordinates":[79.7,29.2]},"properties":{"region":3,"fire_occurred":0,"prediction":0.161}},{"type":"Feature","geometry":{"type":"Point","coordinates":[79.7,54.2]},"properties":{"region":3,"fire_occurred":0,"prediction":0.1624}},{"type":"Feature","geometry":{"type":"Point","coordinates":[79.7,54.3]},"properties":{"region":3,"fire_occurred":0,"prediction":0.1021}},{"type":"Feature","geometry":{"type":"Point","coordinates":[79.8,29.2]},"properties":{"region":3,"fire_occurred":0,"prediction":0.1055}},{"type":"Feature","geometry":{"type":"Point","coordinates":[79.8,54.3]},"properties":{"region":3,"fire_occurred":0,"prediction":0.1788}},{"type":"Feature","geometry":{"type":"Point","coordinates":[80.2,55.2]},"properties":{"region":3,"fire_occurred":0,"prediction":0.2185}},{"type":"Feature","geometry":{"type":"Point","coordinates":[80.3,54.8]},"properties":{"region":3,"fire_occurred":1,"prediction":0.0252}},{"type":"Feature","geometry":{"type":"Point","coordinates":[80.3,55.2]},"properties":{"region":3,"fire_occurred":1,"prediction":0.2228}},{"type":"Feature","geometry":{"type":"Point","coordinates":[80.3,55.3]},"properties":{"region":3,"fire_occurred":1,"prediction":0.0237}},{"type":"Feature","geometry":{"type":"Point","coordinates":[80.4,54.8]},"properties":{"region":3,"fire_occurred":1,"prediction":0.031}},{"type":"Feature","geometry":{"type":"Point","coordinates":[80.4,54.9]},"properties":{"region":3,"fire_occurred":1,"prediction":0.029}},{"type":"Feature","geometry":{"type":"Point","coordinates":[80.4,55.3]},"properties":{"region":3,"fire_occurred":1,"prediction":0.0053}},{"type":"Feature","geometry":{"type":"Point","coordinates":[80.4,55.4]},"properties":{"region":3,"fire_occurred":0,"prediction":0.1262}},{"type":"Feature","geometry":{"type":"Point","coordinates":[80.5,29.3]},"properties":{"region":3,"fire_occurred":0,"prediction":0.1399}},{"type":"Feature","geometry":{"type":"Point","coordinates":[80.5,55.0]},"properties":{"region":3,"fire_occurred":0,"prediction":0.1179}},{"type":"Feature","geometry":{"type":"Point","coordinates":[80.6,28.3]},"properties":{"region":3,"fire_occurred":0,"prediction":0.1042}},{"type":"Feature","geometry":{"type":"Point","coordinates":[80.6,54.8]},"properties":{"region":3,"fire_occurred":1,"prediction":0.0655}},{"type":"Feature","geometry":{"type":"Point","coordinates":[80.6,54.9]},"properties":{"region":3,"fire_occurred":0,"prediction":0.1168}},{"type":"Feature","geometry":{"type":"Point","coordinates":[80.7,28.1]},"properties":{"region":3,"fire_occurred":0,"prediction":0.187}},{"type":"Feature","geometry":{"type":"Point","coordinates":[80.7,28.2]},"properties":{"region":3,"fire_occurred":0,"prediction":0.1531}},{"type":"Feature","geometry":{"type":"Point","coordinates":[80.7,53.7]},"properties":{"region":3,"fire_occurred":1,"prediction":0.0157}},{"type":"Feature","geometry":{"type":"Point","coordinates":[80.7,55.3]},"properties":{"region":3,"fire_occurred":0,"prediction":0.1176}},{"type":"Feature","geometry":{"type":"Point","coordinates":[80.8,54.9]},"properties":{"region":3,"fire_occurred":0,"prediction":0.1335}},{"type":"Feature","geometry":{"type":"Point","coordinates":[80.9,28.3]},"properties":{"region":3,"fire_occurred":0,"prediction":0.1881}},{"type":"Feature","geometry":{"type":"Point","coordinates":[80.9,54.5]},"properties":{"region":3,"fire_occurred":0,"prediction":0.2115}},{"type":"Feature","geometry":{"type":"Point","coordinates":[80.9,54.8]},"properties":{"region":3,"fire_occurred":1,"prediction":0.0194}},{"type":"Feature","geometry":{"type":"Point","coordinates":[80.9,54.9]},"properties":{"region":3,"fire_occurred":0,"prediction":0.2481}},{"type":"Feature","geometry":{"type":"Point","coordinates":[81.0,28.2]},"properties":{"region":3,"fire_occurred":0,"prediction":0.1376}},{"type":"Feature","geometry":{"type":"Point","coordinates":[81.0,55.1]},"properties":{"region":3,"fire_occurred":1,"prediction":0.0099}},{"type":"Feature","geometry":{"type":"Point","coordinates":[81.1,28.8]},"properties":{"region":3,"fire_occurred":0,"prediction":0.1057}},{"type":"Feature","geometry":{"type":"Point","coordinates":[81.1,28.9]},"properties":{"region":3,"fire_occurred":0,"prediction":0.1646}},{"type":"Feature","geometry":{"type":"Point","coordinates":[81.2,50.6]},"properties":{"region":3,"fire_occurred":0,"prediction":0.1108}},{"type":"Feature","geometry":{"type":"Point","coordinates":[81.2,54.2]},"properties":{"region":3,"fire_occurred":0,"prediction":0.1422}},{"type":"Feature","geometry":{"type":"Point","coordinates":[81.2,54.3]},"properties":{"region":3,"fire_occurred":0,"prediction":0.1584}},{"type":"Feature","geometry":{"type":"Point","coordinates":[81.3,28.5]},"properties":{"region":3,"fire_occurred":0,"prediction":0.1067}},{"type":"Feature","geometry":{"type":"Point","coordinates":[81.3,28.8]},"properties":{"region":3,"fire_occurred":0,"prediction":0.1922}},{"type":"Feature","geometry":{"type":"Point","coordinates":[81.3,28.9]},"properties":{"region":3,"fire_occurred":0,"prediction":0.1181}},{"type":"Feature","geometry":{"type":"Point","coordinates":[81.3,54.2]},"properties":{"region":3,"fire_occurred":0,"prediction":0.139}},{"type":"Feature","geometry":{"type":"Point","coordinates":[81.3,54.3]},"properties":{"region":3,"fire_occurred":0,"prediction":0.1706}},{"type":"Feature","geometry":{"type":"Point","coordinates":[81.4,54.4]},"properties":{"region":3,"fire_occurred":0,"prediction":0.1371}},{"type":"Feature","geometry":{"type":"Point","coordinates":[81.4,54.5]},"properties":{"region":3,"fire_occurred":0,"prediction":0.1089}},{"type":"Feature","geometry":{"type":"Point","coordinates":[81.5,54.5]},"properties":{"region":3,"fire_occurred":0,"prediction":0.1402}},{"type":"Feature","geometry":{"type":"Point","coordinates":[81.6,55.1]},"properties":{"region":3,"fire_occurred":0,"prediction":0.1197}},{"type":"Feature","geometry":{"type":"Point","coordinates":[81.7,25.0]},"properties":{"region":3,"fire_occurred":1,"prediction":0.0043}},{"type":"Feature","geometry":{"type":"Point","coordinates":[81.8,55.1]},"properties":{"region":3,"fire_occurred":0,"prediction":0.181}},{"type":"Feature","geometry":{"type":"Point","coordinates":[81.9,24.6]},"properties":{"region":3,"fire_occurred":1,"prediction":0.0034}},{"type":"Feature","geometry":{"type":"Point","coordinates":[81.9,28.4]},"properties":{"region":3,"fire_occurred":0,"prediction":0.2281}},{"type":"Feature","geometry":{"type":"Point","coordinates":[81.9,28.5]},"properties":{"region":3,"fire_occurred":0,"prediction":0.1368}},{"type":"Feature","geometry":{"type":"Point","coordinates":[82.0,28.4]},"properties":{"region":3,"fire_occurred":0,"prediction":0.2581}},{"type":"Feature","geometry":{"type":"Point","coordinates":[82.0,28.5]},"properties":{"region":3,"fire_occurred":0,"prediction":0.1697}},{"type":"Feature","geometry":{"type":"Point","coordinates":[82.1,28.5]},"properties":{"region":3,"fire_occurred":0,"prediction":0.1555}},{"type":"Feature","geometry":{"type":"Point","coordinates":[82.2,28.2]},"properties":{"region":3,"fire_occurred":0,"prediction":0.1351}},{"type":"Feature","geometry":{"type":"Point","coordinates":[82.2,54.2]},"properties":{"region":3,"fire_occurred":0,"prediction":0.2019}},{"type":"Feature","geometry":{"type":"Point","coordinates":[82.3,52.4]},"properties":{"region":3,"fire_occurred":1,"prediction":0.0182}},{"type":"Feature","geometry":{"type":"Point","coordinates":[82.4,52.4]},"properties":{"region":3,"fire_occurred":1,"prediction":0.0048}},{"type":"Feature","geometry":{"type":"Point","coordinates":[82.4,55.8]},"properties":{"region":3,"fire_occurred":0,"prediction":0.1195}},{"type":"Feature","geometry":{"type":"Point","coordinates":[82.5,27.2]},"properties":{"region":3,"fire_occurred":0,"prediction":0.1805}},{"type":"Feature","geometry":{"type":"Point","coordinates":[82.7,54.5]},"properties":{"region":3,"fire_occurred":0,"prediction":0.1216}},{"type":"Feature","geometry":{"type":"Point","coordinates":[82.8,54.5]},"properties":{"region":3,"fire_occurred":0,"prediction":0.1304}},{"type":"Feature","geometry":{"type":"Point","coordinates":[82.9,54.2]},"properties":{"region":3,"fire_occurred":0,"prediction":0.183}},{"type":"Feature","geometry":{"type":"Point","coordinates":[83.0,28.0]},"properties":{"region":3,"fire_occurred":0,"prediction":0.1816}},{"type":"Feature","geometry":{"type":"Point","coordinates":[83.0,54.5]},"properties":{"region":3,"fire_occurred":0,"prediction":0.1061}},{"type":"Feature","geometry":{"type":"Point","coordinates":[83.0,56.0]},"properties":{"region":3,"fire_occurred":0,"prediction":0.1837}},{"type":"Feature","geometry":{"type":"Point","coordinates":[83.1,28.0]},"properties":{"region":3,"fire_occurred":0,"prediction":0.2555}},{"type":"Feature","geometry":{"type":"Point","coordinates":[83.1,56.0]},"properties":{"region":3,"fire_occurred":0,"prediction":0.19}},{"type":"Feature","geometry":{"type":"Point","coordinates":[83.2,25.1]},"properties":{"region":3,"fire_occurred":1,"prediction":0.0138}},{"type":"Feature","geometry":{"type":"Point","coordinates":[83.2,55.9]},"properties":{"region":3,"fire_occurred":0,"prediction":0.1957}},{"type":"Feature","geometry":{"type":"Point","coordinates":[83.2,56.0]},"properties":{"region":3,"fire_occurred":0,"prediction":0.1735}},{"type":"Feature","geometry":{"type":"Point","coordinates":[83.3,25.2]},"properties":{"region":3,"fire_occurred":1,"prediction":0.0527}},{"type":"Feature","geometry":{"type":"Point","coordinates":[83.3,54.4]},"properties":{"region":3,"fire_occurred":0,"prediction":0.183}},{"type":"Feature","geometry":{"type":"Point","coordinates":[83.5,50.3]},"properties":{"region":3,"fire_occurred":0,"prediction":0.1042}},{"type":"Feature","geometry":{"type":"Point","coordinates":[83.6,27.0]},"properties":{"region":3,"fire_occurred":0,"prediction":0.1047}},{"type":"Feature","geometry":{"type":"Point","coordinates":[83.6,27.3]},"properties":{"region":3,"fire_occurred":0,"prediction":0.1195}},{"type":"Feature","geometry":{"type":"Point","coordinates":[83.6,27.6]},"properties":{"region":3,"fire_occurred":0,"prediction":0.1203}},{"type":"Feature","geometry":{"type":"Point","coordinates":[83.6,54.2]},"properties":{"region":3,"fire_occurred":0,"prediction":0.2058}},{"type":"Feature","geometry":{"type":"Point","coordinates":[83.6,54.5]},"properties":{"region":3,"fire_occurred":1,"prediction":0.0077}},{"type":"Feature","geometry":{"type":"Point","coordinates":[83.6,55.3]},"properties":{"region":3,"fire_occurred":1,"prediction":0.0115}},{"type":"Feature","geometry":{"type":"Point","coordinates":[83.7,27.1]},"properties":{"region":3,"fire_occurred":0,"prediction":0.1969}},{"type":"Feature","geometry":{"type":"Point","coordinates":[83.7,54.1]},"properties":{"region":3,"fire_occurred":0,"prediction":0.1126}},{"type":"Feature","geometry":{"type":"Point","coordinates":[83.7,55.8]},"properties":{"region":3,"fire_occurred":0,"prediction":0.1008}},{"type":"Feature","geometry":{"type":"Point","coordinates":[83.8,27.2]},"properties":{"region":3,"fire_occurred":0,"prediction":0.1609}},{"type":"Feature","geometry":{"type":"Point","coordinates":[83.8,54.0]},"properties":{"region":3,"fire_occurred":1,"prediction":0.007}},{"type":"Feature","geometry":{"type":"Point","coordinates":[83.8,56.1]},"properties":{"region":3,"fire_occurred":0,"prediction":0.1465}},{"type":"Feature","geometry":{"type":"Point","coordinates":[83.9,27.3]},"properties":{"region":3,"fire_occurred":0,"prediction":0.1735}},{"type":"Feature","geometry":{"type":"Point","coordinates":[83.9,53.6]},"properties":{"region":3,"fire_occurred":1,"prediction":0.0323}},{"type":"Feature","geometry":{"type":"Point","coordinates":[83.9,54.0]},"properties":{"region":3,"fire_occurred":1,"prediction":0.0051}},{"type":"Feature","geometry":{"type":"Point","coordinates":[83.9,55.4]},"properties":{"region":3,"fire_occurred":1,"prediction":0.0209}},{"type":"Feature","geometry":{"type":"Point","coordinates":[84.0,27.3]},"properties":{"region":3,"fire_occurred":0,"prediction":0.2479}},{"type":"Feature","geometry":{"type":"Point","coordinates":[84.1,52.2]},"properties":{"region":3,"fire_occurred":0,"prediction":0.133}},{"type":"Feature","geometry":{"type":"Point","coordinates":[84.1,53.9]},"properties":{"region":3,"fire_occurred":1,"prediction":0.0092}},{"type":"Feature","geometry":{"type":"Point","coordinates":[84.2,53.3]},"properties":{"region":3,"fire_occurred":0,"prediction":0.1082}},{"type":"Feature","geometry":{"type":"Point","coordinates":[84.2,53.4]},"properties":{"region":3,"fire_occurred":0,"prediction":0.1307}},{"type":"Feature","geometry":{"type":"Point","coordinates":[84.2,53.8]},"properties":{"region":3,"fire_occurred":0,"prediction":0.2442}},{"type":"Feature","geometry":{"type":"Point","coordinates":[84.3,53.8]},"properties":{"region":3,"fire_occurred":0,"prediction":0.2492}},{"type":"Feature","geometry":{"type":"Point","coordinates":[84.5,53.4]},"properties":{"region":3,"fire_occurred":0,"prediction":0.1538}},{"type":"Feature","geometry":{"type":"Point","coordinates":[84.5,56.6]},"properties":{"region":3,"fire_occurred":0,"prediction":0.1013}},{"type":"Feature","geometry":{"type":"Point","coordinates":[84.6,53.5]},"properties":{"region":3,"fire_occurred":0,"prediction":0.2916}},{"type":"Feature","geometry":{"type":"Point","coordinates":[84.6,53.6]},"properties":{"region":3,"fire_occurred":0,"prediction":0.4315}},{"type":"Feature","geometry":{"type":"Point","coordinates":[84.6,56.5]},"properties":{"region":3,"fire_occurred":0,"prediction":0.3105}},{"type":"Feature","geometry":{"type":"Point","coordinates":[84.8,53.7]},"properties":{"region":3,"fire_occurred":0,"prediction":0.1115}},{"type":"Feature","geometry":{"type":"Point","coordinates":[85.0,27.0]},"properties":{"region":3,"fire_occurred":0,"prediction":0.1028}},{"type":"Feature","geometry":{"type":"Point","coordinates":[85.0,53.8]},"properties":{"region":3,"fire_occurred":0,"prediction":0.1134}},{"type":"Feature","geometry":{"type":"Point","coordinates":[85.0,55.6]},"properties":{"region":3,"fire_occurred":1,"prediction":0.0956}},{"type":"Feature","geometry":{"type":"Point","coordinates":[85.1,52.7]},"properties":{"region":3,"fire_occurred":0,"prediction":0.2553}},{"type":"Feature","geometry":{"type":"Point","coordinates":[85.1,55.8]},"properties":{"region":3,"fire_occurred":0,"prediction":0.1064}},{"type":"Feature","geometry":{"type":"Point","coordinates":[85.2,52.0]},"properties":{"region":3,"fire_occurred":1,"prediction":0.0106}},{"type":"Feature","geometry":{"type":"Point","coordinates":[85.2,52.7]},"properties":{"region":3,"fire_occurred":0,"prediction":0.1066}},{"type":"Feature","geometry":{"type":"Point","coordinates":[85.2,53.1]},"properties":{"region":3,"fire_occurred":0,"prediction":0.1003}},{"type":"Feature","geometry":{"type":"Point","coordinates":[85.2,53.2]},"properties":{"region":3,"fire_occurred":1,"prediction":0.0972}},{"type":"Feature","geometry":{"type":"Point","coordinates":[85.2,55.3]},"properties":{"region":3,"fire_occurred":1,"prediction":0.0172}},{"type":"Feature","geometry":{"type":"Point","coordinates":[85.4,55.3]},"properties":{"region":3,"fire_occurred":1,"prediction":0.0039}},{"type":"Feature","geometry":{"type":"Point","coordinates":[85.6,55.1]},"properties":{"region":3,"fire_occurred":1,"prediction":0.01}},{"type":"Feature","geometry":{"type":"Point","coordinates":[85.6,55.2]},"properties":{"region":3,"fire_occurred":1,"prediction":0.0135}},{"type":"Feature","geometry":{"type":"Point","coordinates":[85.8,52.9]},"properties":{"region":3,"fire_occurred":0,"prediction":0.1033}},{"type":"Feature","geometry":{"type":"Point","coordinates":[85.9,53.3]},"properties":{"region":3,"fire_occurred":0,"prediction":0.1014}},{"type":"Feature","geometry":{"type":"Point","coordinates":[86.1,54.2]},"properties":{"region":3,"fire_occurred":0,"prediction":0.2436}},{"type":"Feature","geometry":{"type":"Point","coordinates":[86.5,27.1]},"properties":{"region":3,"fire_occurred":1,"prediction":0.0601}},{"type":"Feature","geometry":{"type":"Point","coordinates":[86.6,27.1]},"properties":{"region":3,"fire_occurred":1,"prediction":0.012}},{"type":"Feature","geometry":{"type":"Point","coordinates":[86.9,55.7]},"properties":{"region":3,"fire_occurred":0,"prediction":0.1062}},{"type":"Feature","geometry":{"type":"Point","coordinates":[87.1,55.1]},"properties":{"region":3,"fire_occurred":0,"prediction":0.1007}},{"type":"Feature","geometry":{"type":"Point","coordinates":[87.1,55.3]},"properties":{"region":3,"fire_occurred":0,"prediction":0.1305}},{"type":"Feature","geometry":{"type":"Point","coordinates":[87.1,55.4]},"properties":{"region":3,"fire_occurred":0,"prediction":0.1034}},{"type":"Feature","geometry":{"type":"Point","coordinates":[87.1,55.5]},"properties":{"region":3,"fire_occurred":0,"prediction":0.1}},{"type":"Feature","geometry":{"type":"Point","coordinates":[87.1,55.7]},"properties":{"region":3,"fire_occurred":0,"prediction":0.1023}},{"type":"Feature","geometry":{"type":"Point","coordinates":[87.2,53.5]},"properties":{"region":3,"fire_occurred":0,"prediction":0.1107}},{"type":"Feature","geometry":{"type":"Point","coordinates":[87.2,53.8]},"properties":{"region":3,"fire_occurred":0,"prediction":0.1864}},{"type":"Feature","geometry":{"type":"Point","coordinates":[87.2,53.9]},"properties":{"region":3,"fire_occurred":0,"prediction":0.1067}},{"type":"Feature","geometry":{"type":"Point","coordinates":[87.2,55.3]},"properties":{"region":3,"fire_occurred":0,"prediction":0.1085}},{"type":"Feature","geometry":{"type":"Point","coordinates":[87.2,55.4]},"properties":{"region":3,"fire_occurred":0,"prediction":0.1141}},{"type":"Feature","geometry":{"type":"Point","coordinates":[87.2,55.5]},"properties":{"region":3,"fire_occurred":0,"prediction":0.1013}},{"type":"Feature","geometry":{"type":"Point","coordinates":[87.3,25.0]},"properties":{"region":3,"fire_occurred":0,"prediction":0.212}},{"type":"Feature","geometry":{"type":"Point","coordinates":[87.3,55.2]},"properties":{"region":3,"fire_occurred":0,"prediction":0.1059}},{"type":"Feature","geometry":{"type":"Point","coordinates":[87.3,55.3]},"properties":{"region":3,"fire_occurred":0,"prediction":0.1098}},{"type":"Feature","geometry":{"type":"Point","coordinates":[87.3,55.4]},"properties":{"region":3,"fire_occurred":0,"prediction":0.1103}},{"type":"Feature","geometry":{"type":"Point","coordinates":[87.4,55.1]},"properties":{"region":3,"fire_occurred":0,"prediction":0.1048}},{"type":"Feature","geometry":{"type":"Point","coordinates":[87.4,55.2]},"properties":{"region":3,"fire_occurred":0,"prediction":0.1185}},{"type":"Feature","geometry":{"type":"Point","coordinates":[87.4,55.3]},"properties":{"region":3,"fire_occurred":0,"prediction":0.1275}},{"type":"Feature","geometry":{"type":"Point","coordinates":[87.4,55.4]},"properties":{"region":3,"fire_occurred":0,"prediction":0.1125}},{"type":"Feature","geometry":{"type":"Point","coordinates":[87.4,55.6]},"properties":{"region":3,"fire_occurred":0,"prediction":0.1022}},{"type":"Feature","geometry":{"type":"Point","coordinates":[87.5,26.9]},"properties":{"region":3,"fire_occurred":1,"prediction":0.005}},{"type":"Feature","geometry":{"type":"Point","coordinates":[87.5,53.7]},"properties":{"region":3,"fire_occurred":0,"prediction":0.1049}},{"type":"Feature","geometry":{"type":"Point","coordinates":[87.5,55.1]},"properties":{"region":3,"fire_occurred":0,"prediction":0.1244}},{"type":"Feature","geometry":{"type":"Point","coordinates":[87.5,55.2]},"properties":{"region":3,"fire_occurred":0,"prediction":0.116}},{"type":"Feature","geometry":{"type":"Point","coordinates":[87.5,55.3]},"properties":{"region":3,"fire_occurred":0,"prediction":0.1262}},{"type":"Feature","geometry":{"type":"Point","coordinates":[87.5,55.4]},"properties":{"region":3,"fire_occurred":0,"prediction":0.1093}},{"type":"Feature","geometry":{"type":"Point","coordinates":[87.5,55.5]},"properties":{"region":3,"fire_occurred":0,"prediction":0.1037}},{"type":"Feature","geometry":{"type":"Point","coordinates":[87.6,54.3]},"properties":{"region":3,"fire_occurred":0,"prediction":0.1013}},{"type":"Feature","geometry":{"type":"Point","coordinates":[87.6,55.3]},"properties":{"region":3,"fire_occurred":0,"prediction":0.1116}},{"type":"Feature","geometry":{"type":"Point","coordinates":[87.8,54.0]},"properties":{"region":3,"fire_occurred":0,"prediction":0.1001}},{"type":"Feature","geometry":{"type":"Point","coordinates":[87.9,55.3]},"properties":{"region":3,"fire_occurred":0,"prediction":0.1191}},{"type":"Feature","geometry":{"type":"Point","coordinates":[88.0,55.3]},"properties":{"region":3,"fire_occurred":0,"prediction":0.1205}},{"type":"Feature","geometry":{"type":"Point","coordinates":[88.1,55.1]},"properties":{"region":3,"fire_occurred":0,"prediction":0.11}},{"type":"Feature","geometry":{"type":"Point","coordinates":[88.1,55.2]},"properties":{"region":3,"fire_occurred":0,"prediction":0.1112}},{"type":"Feature","geometry":{"type":"Point","coordinates":[88.2,55.1]},"properties":{"region":3,"fire_occurred":0,"prediction":0.1148}},{"type":"Feature","geometry":{"type":"Point","coordinates":[88.2,55.2]},"properties":{"region":3,"fire_occurred":0,"prediction":0.1237}},{"type":"Feature","geometry":{"type":"Point","coordinates":[88.3,55.1]},"properties":{"region":3,"fire_occurred":0,"prediction":0.122}},{"type":"Feature","geometry":{"type":"Point","coordinates":[88.3,55.2]},"properties":{"region":3,"fire_occurred":0,"prediction":0.1558}},{"type":"Feature","geometry":{"type":"Point","coordinates":[88.4,55.0]},"properties":{"region":3,"fire_occurred":0,"prediction":0.127}},{"type":"Feature","geometry":{"type":"Point","coordinates":[88.4,55.2]},"properties":{"region":3,"fire_occurred":0,"prediction":0.1098}},{"type":"Feature","geometry":{"type":"Point","coordinates":[88.5,55.0]},"properties":{"region":3,"fire_occurred":0,"prediction":0.1418}},{"type":"Feature","geometry":{"type":"Point","coordinates":[88.5,55.2]},"properties":{"region":3,"fire_occurred":0,"prediction":0.111}},{"type":"Feature","geometry":{"type":"Point","coordinates":[88.9,54.5]},"properties":{"region":3,"fire_occurred":0,"prediction":0.1433}},{"type":"Feature","geometry":{"type":"Point","coordinates":[98.2,24.8]},"properties":{"region":3,"fire_occurred":1,"prediction":0.0014}},{"type":"Feature","geometry":{"type":"Point","coordinates":[98.9,23.1]},"properties":{"region":3,"fire_occurred":1,"prediction":0.0038}},{"type":"Feature","geometry":{"type":"Point","coordinates":[99.1,22.1]},"properties":{"region":3,"fire_occurred":1,"prediction":0.0261}},{"type":"Feature","geometry":{"type":"Point","coordinates":[99.6,22.4]},"properties":{"region":3,"fire_occurred":1,"prediction":0.0036}},{"type":"Feature","geometry":{"type":"Point","coordinates":[99.8,22.6]},"properties":{"region":3,"fire_occurred":1,"prediction":0.002}},{"type":"Feature","geometry":{"type":"Point","coordinates":[100.3,22.8]},"properties":{"region":3,"fire_occurred":1,"prediction":0.008}},{"type":"Feature","geometry":{"type":"Point","coordinates":[100.4,22.4]},"properties":{"region":3,"fire_occurred":1,"prediction":0.0198}},{"type":"Feature","geometry":{"type":"Point","coordinates":[100.4,22.8]},"properties":{"region":3,"fire_occurred":1,"prediction":0.011}},{"type":"Feature","geometry":{"type":"Point","coordinates":[100.8,23.2]},"properties":{"region":3,"fire_occurred":1,"prediction":0.0203}},{"type":"Feature","geometry":{"type":"Point","coordinates":[100.9,23.3]},"properties":{"region":3,"fire_occurred":1,"prediction":0.0099}},{"type":"Feature","geometry":{"type":"Point","coordinates":[101.5,26.6]},"properties":{"region":3,"fire_occurred":0,"prediction":0.1034}},{"type":"Feature","geometry":{"type":"Point","coordinates":[101.6,26.5]},"properties":{"region":3,"fire_occurred":1,"prediction":0.8572}},{"type":"Feature","geometry":{"type":"Point","coordinates":[101.6,26.6]},"properties":{"region":3,"fire_occurred":1,"prediction":0.0817}},{"type":"Feature","geometry":{"type":"Point","coordinates":[102.0,26.0]},"properties":{"region":3,"fire_occurred":0,"prediction":0.1609}},{"type":"Feature","geometry":{"type":"Point","coordinates":[102.2,27.7]},"properties":{"region":3,"fire_occurred":1,"prediction":0.6392}},{"type":"Feature","geometry":{"type":"Point","coordinates":[103.8,20.8]},"properties":{"region":3,"fire_occurred":0,"prediction":0.2375}},{"type":"Feature","geometry":{"type":"Point","coordinates":[103.9,20.7]},"properties":{"region":3,"fire_occurred":0,"prediction":0.1986}},{"type":"Feature","geometry":{"type":"Point","coordinates":[103.9,20.8]},"properties":{"region":3,"fire_occurred":0,"prediction":0.1542}},{"type":"Feature","geometry":{"type":"Point","coordinates":[104.0,20.7]},"properties":{"region":3,"fire_occurred":0,"prediction":0.1028}},{"type":"Feature","geometry":{"type":"Point","coordinates":[104.1,20.8]},"properties":{"region":3,"fire_occurred":0,"prediction":0.1987}},{"type":"Feature","geometry":{"type":"Point","coordinates":[104.1,24.2]},"properties":{"region":3,"fire_occurred":0,"prediction":0.1037}},{"type":"Feature","geometry":{"type":"Point","coordinates":[104.2,20.5]},"properties":{"region":3,"fire_occurred":0,"prediction":0.14}},{"type":"Feature","geometry":{"type":"Point","coordinates":[104.2,20.7]},"properties":{"region":3,"fire_occurred":0,"prediction":0.1506}},{"type":"Feature","geometry":{"type":"Point","coordinates":[104.2,20.8]},"properties":{"region":3,"fire_occurred":0,"prediction":0.2529}},{"type":"Feature","geometry":{"type":"Point","coordinates":[104.4,20.4]},"properties":{"region":3,"fire_occurred":0,"prediction":0.1865}},{"type":"Feature","geometry":{"type":"Point","coordinates":[104.6,20.4]},"properties":{"region":3,"fire_occurred":0,"prediction":0.1961}},{"type":"Feature","geometry":{"type":"Point","coordinates":[104.6,20.5]},"properties":{"region":3,"fire_occurred":0,"prediction":0.1607}},{"type":"Feature","geometry":{"type":"Point","coordinates":[104.7,20.5]},"properties":{"region":3,"fire_occurred":0,"prediction":0.1581}},{"type":"Feature","geometry":{"type":"Point","coordinates":[104.9,25.1]},"properties":{"region":3,"fire_occurred":0,"prediction":0.1346}},{"type":"Feature","geometry":{"type":"Point","coordinates":[105.0,25.1]},"properties":{"region":3,"fire_occurred":0,"prediction":0.1711}},{"type":"Feature","geometry":{"type":"Point","coordinates":[105.3,24.3]},"properties":{"region":3,"fire_occurred":0,"prediction":0.1186}},{"type":"Feature","geometry":{"type":"Point","coordinates":[105.3,24.7]},"properties":{"region":3,"fire_occurred":0,"prediction":0.1486}},{"type":"Feature","geometry":{"type":"Point","coordinates":[105.6,21.0]},"properties":{"region":3,"fire_occurred":0,"prediction":0.1347}},{"type":"Feature","geometry":{"type":"Point","coordinates":[105.7,21.1]},"properties":{"region":3,"fire_occurred":0,"prediction":0.1003}},{"type":"Feature","geometry":{"type":"Point","coordinates":[105.8,20.6]},"properties":{"region":3,"fire_occurred":0,"prediction":0.1297}},{"type":"Feature","geometry":{"type":"Point","coordinates":[106.1,21.2]},"properties":{"region":3,"fire_occurred":0,"prediction":0.1832}},{"type":"Feature","geometry":{"type":"Point","coordinates":[106.3,23.6]},"properties":{"region":3,"fire_occurred":1,"prediction":0.0154}},{"type":"Feature","geometry":{"type":"Point","coordinates":[106.5,23.9]},"properties":{"region":3,"fire_occurred":1,"prediction":0.0217}},{"type":"Feature","geometry":{"type":"Point","coordinates":[108.2,22.1]},"properties":{"region":3,"fire_occurred":1,"prediction":0.0039}},{"type":"Feature","geometry":{"type":"Point","coordinates":[108.7,21.9]},"properties":{"region":3,"fire_occurred":1,"prediction":0.0032}},{"type":"Feature","geometry":{"type":"Point","coordinates":[109.1,24.0]},"properties":{"region":3,"fire_occurred":1,"prediction":0.0016}},{"type":"Feature","geometry":{"type":"Point","coordinates":[109.3,24.3]},"properties":{"region":3,"fire_occurred":1,"prediction":0.3064}},{"type":"Feature","geometry":{"type":"Point","coordinates":[109.3,29.4]},"properties":{"region":3,"fire_occurred":1,"prediction":0.002}},{"type":"Feature","geometry":{"type":"Point","coordinates":[109.7,23.5]},"properties":{"region":3,"fire_occurred":1,"prediction":0.004}},{"type":"Feature","geometry":{"type":"Point","coordinates":[110.9,22.8]},"properties":{"region":3,"fire_occurred":1,"prediction":0.003}},{"type":"Feature","geometry":{"type":"Point","coordinates":[110.9,23.3]},"properties":{"region":3,"fire_occurred":1,"prediction":0.0107}},{"type":"Feature","geometry":{"type":"Point","coordinates":[111.0,23.3]},"properties":{"region":3,"fire_occurred":1,"prediction":0.0038}},{"type":"Feature","geometry":{"type":"Point","coordinates":[111.3,23.3]},"properties":{"region":3,"fire_occurred":1,"prediction":0.0039}},{"type":"Feature","geometry":{"type":"Point","coordinates":[112.1,27.4]},"properties":{"region":3,"fire_occurred":1,"prediction":0.0042}},{"type":"Feature","geometry":{"type":"Point","coordinates":[112.2,23.6]},"properties":{"region":3,"fire_occurred":1,"prediction":0.0019}},{"type":"Feature","geometry":{"type":"Point","coordinates":[112.4,28.4]},"properties":{"region":3,"fire_occurred":1,"prediction":0.0083}},{"type":"Feature","geometry":{"type":"Point","coordinates":[112.9,26.7]},"properties":{"region":3,"fire_occurred":1,"prediction":0.0052}},{"type":"Feature","geometry":{"type":"Point","coordinates":[112.9,26.8]},"properties":{"region":3,"fire_occurred":1,"prediction":0.0041}},{"type":"Feature","geometry":{"type":"Point","coordinates":[113.0,26.8]},"properties":{"region":3,"fire_occurred":1,"prediction":0.0037}},{"type":"Feature","geometry":{"type":"Point","coordinates":[113.2,29.1]},"properties":{"region":3,"fire_occurred":1,"prediction":0.0003}},{"type":"Feature","geometry":{"type":"Point","coordinates":[115.6,28.2]},"properties":{"region":3,"fire_occurred":1,"prediction":0.0064}},{"type":"Feature","geometry":{"type":"Point","coordinates":[115.8,28.5]},"properties":{"region":3,"fire_occurred":1,"prediction":0.0181}},{"type":"Feature","geometry":{"type":"Point","coordinates":[117.8,28.3]},"properties":{"region":3,"fire_occurred":1,"prediction":0.0994}},{"type":"Feature","geometry":{"type":"Point","coordinates":[118.4,28.9]},"properties":{"region":3,"fire_occurred":1,"prediction":0.0056}},{"type":"Feature","geometry":{"type":"Point","coordinates":[118.5,28.9]},"properties":{"region":3,"fire_occurred":1,"prediction":0.0175}},{"type":"Feature","geometry":{"type":"Point","coordinates":[119.2,27.0]},"properties":{"region":3,"fire_occurred":1,"prediction":0.0532}},{"type":"Feature","geometry":{"type":"Point","coordinates":[119.3,28.0]},"properties":{"region":3,"fire_occurred":1,"prediction":0.0087}},{"type":"Feature","geometry":{"type":"Point","coordinates":[119.3,28.5]},"properties":{"region":3,"fire_occurred":1,"prediction":0.0048}},{"type":"Feature","geometry":{"type":"Point","coordinates":[119.3,28.6]},"properties":{"region":3,"fire_occurred":1,"prediction":0.0152}},{"type":"Feature","geometry":{"type":"Point","coordinates":[119.4,28.4]},"properties":{"region":3,"fire_occurred":1,"prediction":0.069}},{"type":"Feature","geometry":{"type":"Point","coordinates":[119.4,29.2]},"properties":{"region":3,"fire_occurred":1,"prediction":0.0396}},{"type":"Feature","geometry":{"type":"Point","coordinates":[119.5,26.1]},"properties":{"region":3,"fire_occurred":1,"prediction":0.0091}},{"type":"Feature","geometry":{"type":"Point","coordinates":[119.5,29.1]},"properties":{"region":3,"fire_occurred":1,"prediction":0.0053}},{"type":"Feature","geometry":{"type":"Point","coordinates":[119.5,29.6]},"properties":{"region":3,"fire_occurred":1,"prediction":0.007}},{"type":"Feature","geometry":{"type":"Point","coordinates":[119.6,27.0]},"properties":{"region":3,"fire_occurred":1,"prediction":0.0308}},{"type":"Feature","geometry":{"type":"Point","coordinates":[119.6,27.5]},"properties":{"region":3,"fire_occurred":1,"prediction":0.0729}},{"type":"Feature","geometry":{"type":"Point","coordinates":[119.7,28.8]},"properties":{"region":3,"fire_occurred":1,"prediction":0.0454}},{"type":"Feature","geometry":{"type":"Point","coordinates":[119.8,28.3]},"properties":{"region":3,"fire_occurred":1,"prediction":0.0467}},{"type":"Feature","geometry":{"type":"Point","coordinates":[119.8,28.9]},"properties":{"region":3,"fire_occurred":0,"prediction":0.1321}},{"type":"Feature","geometry":{"type":"Point","coordinates":[119.8,30.8]},"properties":{"region":3,"fire_occurred":1,"prediction":0.0213}},{"type":"Feature","geometry":{"type":"Point","coordinates":[119.9,27.8]},"properties":{"region":3,"fire_occurred":1,"prediction":0.0834}},{"type":"Feature","geometry":{"type":"Point","coordinates":[119.9,30.3]},"properties":{"region":3,"fire_occurred":1,"prediction":0.0261}},{"type":"Feature","geometry":{"type":"Point","coordinates":[119.9,30.4]},"properties":{"region":3,"fire_occurred":1,"prediction":0.0079}},{"type":"Feature","geometry":{"type":"Point","coordinates":[120.0,28.7]},"properties":{"region":3,"fire_occurred":0,"prediction":0.1331}},{"type":"Feature","geometry":{"type":"Point","coordinates":[120.3,29.1]},"properties":{"region":3,"fire_occurred":1,"prediction":0.0056}},{"type":"Feature","geometry":{"type":"Point","coordinates":[120.3,29.9]},"properties":{"region":3,"fire_occurred":1,"prediction":0.0073}},{"type":"Feature","geometry":{"type":"Point","coordinates":[120.5,31.6]},"properties":{"region":3,"fire_occurred":1,"prediction":0.011}},{"type":"Feature","geometry":{"type":"Point","coordinates":[121.0,32.0]},"properties":{"region":3,"fire_occurred":1,"prediction":0.028}},{"type":"Feature","geometry":{"type":"Point","coordinates":[121.2,28.7]},"properties":{"region":3,"fire_occurred":1,"prediction":0.0027}},{"type":"Feature","geometry":{"type":"Point","coordinates":[121.2,28.9]},"properties":{"region":3,"fire_occurred":1,"prediction":0.0027}},{"type":"Feature","geometry":{"type":"Point","coordinates":[121.3,29.0]},"properties":{"region":3,"fire_occurred":1,"prediction":0.0044}},{"type":"Feature","geometry":{"type":"Point","coordinates":[121.3,30.8]},"properties":{"region":3,"fire_occurred":1,"prediction":0.0383}},{"type":"Feature","geometry":{"type":"Point","coordinates":[121.4,29.3]},"properties":{"region":3,"fire_occurred":1,"prediction":0.0065}},{"type":"Feature","geometry":{"type":"Point","coordinates":[122.2,30.2]},"properties":{"region":3,"fire_occurred":1,"prediction":0.0062}},{"type":"Feature","geometry":{"type":"Point","coordinates":[135.0,34.7]},"properties":{"region":3,"fire_occurred":1,"prediction":0.007}},{"type":"Feature","geometry":{"type":"Point","coordinates":[140.0,35.3]},"properties":{"region":3,"fire_occurred":1,"prediction":0.0145}},{"type":"Feature","geometry":{"type":"Point","coordinates":[140.8,38.4]},"properties":{"region":3,"fire_occurred":1,"prediction":0.0176}},{"type":"Feature","geometry":{"type":"Point","coordinates":[140.9,38.4]},"properties":{"region":3,"fire_occurred":1,"prediction":0.0273}},{"type":"Feature","geometry":{"type":"Point","coordinates":[141.0,39.2]},"properties":{"region":3,"fire_occurred":1,"prediction":0.025}},{"type":"Feature","geometry":{"type":"Point","coordinates":[141.4,40.5]},"properties":{"region":3,"fire_occurred":0,"prediction":0.3077}},{"type":"Feature","geometry":{"type":"Point","coordinates":[141.5,40.5]},"properties":{"region":3,"fire_occurred":0,"prediction":0.2831}},{"type":"Feature","geometry":{"type":"Point","coordinates":[143.5,-36.1]},"properties":{"region":3,"fire_occurred":1,"prediction":0.0059}},{"type":"Feature","geometry":{"type":"Point","coordinates":[144.5,-36.1]},"properties":{"region":3,"fire_occurred":1,"prediction":0.0031}},{"type":"Feature","geometry":{"type":"Point","coordinates":[146.8,-41.7]},"properties":{"region":3,"fire_occurred":0,"prediction":0.1185}},{"type":"Feature","geometry":{"type":"Point","coordinates":[148.0,-35.7]},"properties":{"region":3,"fire_occurred":0,"prediction":0.2061}},{"type":"Feature","geometry":{"type":"Point","coordinates":[150.1,-29.2]},"properties":{"region":3,"fire_occurred":1,"prediction":0.002}},{"type":"Feature","geometry":{"type":"Point","coordinates":[150.1,-29.1]},"properties":{"region":3,"fire_occurred":1,"prediction":0.002}},{"type":"Feature","geometry":{"type":"Point","coordinates":[150.8,-34.5]},"properties":{"region":3,"fire_occurred":1,"prediction":0.7391}},{"type":"Feature","geometry":{"type":"Point","coordinates":[150.8,-27.2]},"properties":{"region":3,"fire_occurred":0,"prediction":0.1129}},{"type":"Feature","geometry":{"type":"Point","coordinates":[151.4,-28.9]},"properties":{"region":3,"fire_occurred":0,"prediction":0.1019}},{"type":"Feature","geometry":{"type":"Point","coordinates":[-147.1,64.7]},"properties":{"region":4,"fire_occurred":0,"prediction":0.1112}},{"type":"Feature","geometry":{"type":"Point","coordinates":[-145.1,64.0]},"properties":{"region":4,"fire_occurred":0,"prediction":0.2747}},{"type":"Feature","geometry":{"type":"Point","coordinates":[-102.3,52.7]},"properties":{"region":4,"fire_occurred":1,"prediction":0.0113}},{"type":"Feature","geometry":{"type":"Point","coordinates":[-101.3,53.8]},"properties":{"region":4,"fire_occurred":1,"prediction":0.0045}},{"type":"Feature","geometry":{"type":"Point","coordinates":[-100.4,51.6]},"properties":{"region":4,"fire_occurred":0,"prediction":0.1153}},{"type":"Feature","geometry":{"type":"Point","coordinates":[-99.7,51.9]},"properties":{"region":4,"fire_occurred":0,"prediction":0.1432}},{"type":"Feature","geometry":{"type":"Point","coordinates":[-99.3,51.4]},"properties":{"region":4,"fire_occurred":0,"prediction":0.2196}},{"type":"Feature","geometry":{"type":"Point","coordinates":[-99.2,51.4]},"properties":{"region":4,"fire_occurred":0,"prediction":0.1293}},{"type":"Feature","geometry":{"type":"Point","coordinates":[57.9,68.6]},"properties":{"region":4,"fire_occurred":0,"prediction":0.1209}},{"type":"Feature","geometry":{"type":"Point","coordinates":[59.9,54.8]},"properties":{"region":4,"fire_occurred":0,"prediction":0.1365}},{"type":"Feature","geometry":{"type":"Point","coordinates":[60.0,58.3]},"properties":{"region":4,"fire_occurred":0,"prediction":0.2761}},{"type":"Feature","geometry":{"type":"Point","coordinates":[60.4,55.7]},"properties":{"region":4,"fire_occurred":0,"prediction":0.1269}},{"type":"Feature","geometry":{"type":"Point","coordinates":[66.9,61.7]},"properties":{"region":4,"fire_occurred":0,"prediction":0.2397}},{"type":"Feature","geometry":{"type":"Point","coordinates":[68.1,58.4]},"properties":{"region":4,"fire_occurred":0,"prediction":0.1236}},{"type":"Feature","geometry":{"type":"Point","coordinates":[68.5,57.6]},"properties":{"region":4,"fire_occurred":0,"prediction":0.3826}},{"type":"Feature","geometry":{"type":"Point","coordinates":[68.6,57.0]},"properties":{"region":4,"fire_occurred":0,"prediction":0.1112}},{"type":"Feature","geometry":{"type":"Point","coordinates":[69.7,59.9]},"properties":{"region":4,"fire_occurred":0,"prediction":0.3156}},{"type":"Feature","geometry":{"type":"Point","coordinates":[69.8,59.9]},"properties":{"region":4,"fire_occurred":1,"prediction":0.338}},{"type":"Feature","geometry":{"type":"Point","coordinates":[69.8,60.0]},"properties":{"region":4,"fire_occurred":1,"prediction":0.1831}},{"type":"Feature","geometry":{"type":"Point","coordinates":[70.1,60.7]},"properties":{"region":4,"fire_occurred":1,"prediction":0.1003}},{"type":"Feature","geometry":{"type":"Point","coordinates":[70.1,61.0]},"properties":{"region":4,"fire_occurred":1,"prediction":0.0056}},{"type":"Feature","geometry":{"type":"Point","coordinates":[70.3,57.0]},"properties":{"region":4,"fire_occurred":0,"prediction":0.1056}},{"type":"Feature","geometry":{"type":"Point","coordinates":[70.4,57.0]},"properties":{"region":4,"fire_occurred":0,"prediction":0.2328}},{"type":"Feature","geometry":{"type":"Point","coordinates":[70.4,57.2]},"properties":{"region":4,"fire_occurred":1,"prediction":0.1571}},{"type":"Feature","geometry":{"type":"Point","coordinates":[70.4,61.4]},"properties":{"region":4,"fire_occurred":1,"prediction":0.0024}},{"type":"Feature","geometry":{"type":"Point","coordinates":[70.5,56.7]},"properties":{"region":4,"fire_occurred":0,"prediction":0.1102}},{"type":"Feature","geometry":{"type":"Point","coordinates":[70.5,57.3]},"properties":{"region":4,"fire_occurred":1,"prediction":0.1007}},{"type":"Feature","geometry":{"type":"Point","coordinates":[70.6,56.9]},"properties":{"region":4,"fire_occurred":0,"prediction":0.1527}},{"type":"Feature","geometry":{"type":"Point","coordinates":[70.7,56.5]},"properties":{"region":4,"fire_occurred":0,"prediction":0.104}},{"type":"Feature","geometry":{"type":"Point","coordinates":[70.7,57.0]},"properties":{"region":4,"fire_occurred":1,"prediction":0.6822}},{"type":"Feature","geometry":{"type":"Point","coordinates":[70.7,57.1]},"properties":{"region":4,"fire_occurred":0,"prediction":0.1876}},{"type":"Feature","geometry":{"type":"Point","coordinates":[70.7,57.3]},"properties":{"region":4,"fire_occurred":1,"prediction":0.0055}},{"type":"Feature","geometry":{"type":"Point","coordinates":[70.8,56.3]},"properties":{"region":4,"fire_occurred":0,"prediction":0.1175}},{"type":"Feature","geometry":{"type":"Point","coordinates":[70.8,56.4]},"properties":{"region":4,"fire_occurred":0,"prediction":0.1351}},{"type":"Feature","geometry":{"type":"Point","coordinates":[70.8,57.0]},"properties":{"region":4,"fire_occurred":0,"prediction":0.2412}},{"type":"Feature","geometry":{"type":"Point","coordinates":[70.8,57.1]},"properties":{"region":4,"fire_occurred":0,"prediction":0.1988}},{"type":"Feature","geometry":{"type":"Point","coordinates":[70.8,57.5]},"properties":{"region":4,"fire_occurred":1,"prediction":0.5413}},{"type":"Feature","geometry":{"type":"Point","coordinates":[70.8,57.7]},"properties":{"region":4,"fire_occurred":1,"prediction":0.0333}},{"type":"Feature","geometry":{"type":"Point","coordinates":[70.8,60.7]},"properties":{"region":4,"fire_occurred":1,"prediction":0.4737}},{"type":"Feature","geometry":{"type":"Point","coordinates":[70.9,57.2]},"properties":{"region":4,"fire_occurred":0,"prediction":0.1309}},{"type":"Feature","geometry":{"type":"Point","coordinates":[70.9,57.4]},"properties":{"region":4,"fire_occurred":0,"prediction":0.2098}},{"type":"Feature","geometry":{"type":"Point","coordinates":[70.9,57.7]},"properties":{"region":4,"fire_occurred":1,"prediction":0.033}},{"type":"Feature","geometry":{"type":"Point","coordinates":[70.9,66.1]},"properties":{"region":4,"fire_occurred":0,"prediction":0.2628}},{"type":"Feature","geometry":{"type":"Point","coordinates":[71.0,57.4]},"properties":{"region":4,"fire_occurred":0,"prediction":0.3469}},{"type":"Feature","geometry":{"type":"Point","coordinates":[71.0,66.1]},"properties":{"region":4,"fire_occurred":0,"prediction":0.3804}},{"type":"Feature","geometry":{"type":"Point","coordinates":[71.2,57.0]},"properties":{"region":4,"fire_occurred":1,"prediction":0.0244}},{"type":"Feature","geometry":{"type":"Point","coordinates":[71.3,57.0]},"properties":{"region":4,"fire_occurred":1,"prediction":0.0183}},{"type":"Feature","geometry":{"type":"Point","coordinates":[71.3,57.1]},"properties":{"region":4,"fire_occurred":1,"prediction":0.0034}},{"type":"Feature","geometry":{"type":"Point","coordinates":[71.4,57.0]},"properties":{"region":4,"fire_occurred":1,"prediction":0.03}},{"type":"Feature","geometry":{"type":"Point","coordinates":[71.5,57.0]},"properties":{"region":4,"fire_occurred":1,"prediction":0.0066}},{"type":"Feature","geometry":{"type":"Point","coordinates":[71.7,57.5]},"properties":{"region":4,"fire_occurred":1,"prediction":0.0045}},{"type":"Feature","geometry":{"type":"Point","coordinates":[71.7,59.7]},"properties":{"region":4,"fire_occurred":0,"prediction":0.4518}},{"type":"Feature","geometry":{"type":"Point","coordinates":[71.8,57.5]},"properties":{"region":4,"fire_occurred":0,"prediction":0.3183}},{"type":"Feature","geometry":{"type":"Point","coordinates":[71.8,59.0]},"properties":{"region":4,"fire_occurred":0,"prediction":0.2304}},{"type":"Feature","geometry":{"type":"Point","coordinates":[71.9,57.5]},"properties":{"region":4,"fire_occurred":0,"prediction":0.3552}},{"type":"Feature","geometry":{"type":"Point","coordinates":[72.0,56.1]},"properties":{"region":4,"fire_occurred":0,"prediction":0.1449}},{"type":"Feature","geometry":{"type":"Point","coordinates":[72.2,60.4]},"properties":{"region":4,"fire_occurred":1,"prediction":0.3875}},{"type":"Feature","geometry":{"type":"Point","coordinates":[72.5,56.3]},"properties":{"region":4,"fire_occurred":0,"prediction":0.1013}},{"type":"Feature","geometry":{"type":"Point","coordinates":[72.5,57.3]},"properties":{"region":4,"fire_occurred":0,"prediction":0.1944}},{"type":"Feature","geometry":{"type":"Point","coordinates":[72.6,56.9]},"properties":{"region":4,"fire_occurred":0,"prediction":0.1348}},{"type":"Feature","geometry":{"type":"Point","coordinates":[72.6,60.6]},"properties":{"region":4,"fire_occurred":1,"prediction":0.2147}},{"type":"Feature","geometry":{"type":"Point","coordinates":[72.8,60.6]},"properties":{"region":4,"fire_occurred":1,"prediction":0.0306}},{"type":"Feature","geometry":{"type":"Point","coordinates":[73.1,57.0]},"properties":{"region":4,"fire_occurred":1,"prediction":0.4583}},{"type":"Feature","geometry":{"type":"Point","coordinates":[73.1,57.1]},"properties":{"region":4,"fire_occurred":0,"prediction":0.3193}},{"type":"Feature","geometry":{"type":"Point","coordinates":[73.2,57.0]},"properties":{"region":4,"fire_occurred":1,"prediction":0.0756}},{"type":"Feature","geometry":{"type":"Point","coordinates":[73.3,57.2]},"properties":{"region":4,"fire_occurred":0,"prediction":0.2222}},{"type":"Feature","geometry":{"type":"Point","coordinates":[73.4,56.7]},"properties":{"region":4,"fire_occurred":0,"prediction":0.147}},{"type":"Feature","geometry":{"type":"Point","coordinates":[73.5,60.1]},"properties":{"region":4,"fire_occurred":1,"prediction":0.329}},{"type":"Feature","geometry":{"type":"Point","coordinates":[73.6,56.2]},"properties":{"region":4,"fire_occurred":0,"prediction":0.134}},{"type":"Feature","geometry":{"type":"Point","coordinates":[73.6,57.2]},"properties":{"region":4,"fire_occurred":1,"prediction":0.014}},{"type":"Feature","geometry":{"type":"Point","coordinates":[73.8,56.2]},"properties":{"region":4,"fire_occurred":0,"prediction":0.108}},{"type":"Feature","geometry":{"type":"Point","coordinates":[74.4,57.0]},"properties":{"region":4,"fire_occurred":0,"prediction":0.1033}},{"type":"Feature","geometry":{"type":"Point","coordinates":[74.6,56.0]},"properties":{"region":4,"fire_occurred":0,"prediction":0.1861}},{"type":"Feature","geometry":{"type":"Point","coordinates":[74.6,56.1]},"properties":{"region":4,"fire_occurred":0,"prediction":0.2321}},{"type":"Feature","geometry":{"type":"Point","coordinates":[75.0,56.4]},"properties":{"region":4,"fire_occurred":0,"prediction":0.1051}},{"type":"Feature","geometry":{"type":"Point","coordinates":[75.4,66.8]},"properties":{"region":4,"fire_occurred":0,"prediction":0.1799}},{"type":"Feature","geometry":{"type":"Point","coordinates":[75.5,56.3]},"properties":{"region":4,"fire_occurred":0,"prediction":0.139}},{"type":"Feature","geometry":{"type":"Point","coordinates":[75.5,56.8]},"properties":{"region":4,"fire_occurred":0,"prediction":0.1358}},{"type":"Feature","geometry":{"type":"Point","coordinates":[75.5,66.9]},"properties":{"region":4,"fire_occurred":0,"prediction":0.326}},{"type":"Feature","geometry":{"type":"Point","coordinates":[75.6,56.8]},"properties":{"region":4,"fire_occurred":0,"prediction":0.2317}},{"type":"Feature","geometry":{"type":"Point","coordinates":[75.6,56.9]},"properties":{"region":4,"fire_occurred":0,"prediction":0.1552}},{"type":"Feature","geometry":{"type":"Point","coordinates":[75.8,56.9]},"properties":{"region":4,"fire_occurred":1,"prediction":0.0133}},{"type":"Feature","geometry":{"type":"Point","coordinates":[75.8,57.0]},"properties":{"region":4,"fire_occurred":0,"prediction":0.156}},{"type":"Feature","geometry":{"type":"Point","coordinates":[75.9,56.0]},"properties":{"region":4,"fire_occurred":0,"prediction":0.1073}},{"type":"Feature","geometry":{"type":"Point","coordinates":[77.2,56.0]},"properties":{"region":4,"fire_occurred":1,"prediction":0.0618}},{"type":"Feature","geometry":{"type":"Point","coordinates":[77.2,56.1]},"properties":{"region":4,"fire_occurred":1,"prediction":0.0533}},{"type":"Feature","geometry":{"type":"Point","coordinates":[77.2,56.5]},"properties":{"region":4,"fire_occurred":1,"prediction":0.0825}},{"type":"Feature","geometry":{"type":"Point","coordinates":[77.2,66.1]},"properties":{"region":4,"fire_occurred":1,"prediction":0.02}},{"type":"Feature","geometry":{"type":"Point","coordinates":[77.2,66.2]},"properties":{"region":4,"fire_occurred":1,"prediction":0.1383}},{"type":"Feature","geometry":{"type":"Point","coordinates":[77.3,56.0]},"properties":{"region":4,"fire_occurred":1,"prediction":0.124}},{"type":"Feature","geometry":{"type":"Point","coordinates":[77.3,56.1]},"properties":{"region":4,"fire_occurred":1,"prediction":0.0114}},{"type":"Feature","geometry":{"type":"Point","coordinates":[77.3,56.4]},"properties":{"region":4,"fire_occurred":0,"prediction":0.1234}},{"type":"Feature","geometry":{"type":"Point","coordinates":[77.3,56.5]},"properties":{"region":4,"fire_occurred":0,"prediction":0.1389}},{"type":"Feature","geometry":{"type":"Point","coordinates":[77.4,56.5]},"properties":{"region":4,"fire_occurred":0,"prediction":0.1406}},{"type":"Feature","geometry":{"type":"Point","coordinates":[77.6,56.1]},"properties":{"region":4,"fire_occurred":0,"prediction":0.1227}},{"type":"Feature","geometry":{"type":"Point","coordinates":[77.6,66.5]},"properties":{"region":4,"fire_occurred":1,"prediction":0.0002}},{"type":"Feature","geometry":{"type":"Point","coordinates":[77.7,56.1]},"properties":{"region":4,"fire_occurred":1,"prediction":0.1415}},{"type":"Feature","geometry":{"type":"Point","coordinates":[77.7,56.2]},"properties":{"region":4,"fire_occurred":1,"prediction":0.0487}},{"type":"Feature","geometry":{"type":"Point","coordinates":[77.8,56.1]},"properties":{"region":4,"fire_occurred":1,"prediction":0.077}},{"type":"Feature","geometry":{"type":"Point","coordinates":[77.8,56.2]},"properties":{"region":4,"fire_occurred":1,"prediction":0.05}},{"type":"Feature","geometry":{"type":"Point","coordinates":[77.9,56.1]},"properties":{"region":4,"fire_occurred":1,"prediction":0.0031}},{"type":"Feature","geometry":{"type":"Point","coordinates":[77.9,56.2]},"properties":{"region":4,"fire_occurred":1,"prediction":0.0087}},{"type":"Feature","geometry":{"type":"Point","coordinates":[78.0,56.1]},"properties":{"region":4,"fire_occurred":1,"prediction":0.0036}},{"type":"Feature","geometry":{"type":"Point","coordinates":[78.0,56.2]},"properties":{"region":4,"fire_occurred":1,"prediction":0.006}},{"type":"Feature","geometry":{"type":"Point","coordinates":[78.1,56.1]},"properties":{"region":4,"fire_occurred":1,"prediction":0.0006}},{"type":"Feature","geometry":{"type":"Point","coordinates":[78.1,56.2]},"properties":{"region":4,"fire_occurred":1,"prediction":0.0005}},{"type":"Feature","geometry":{"type":"Point","coordinates":[78.2,56.1]},"properties":{"region":4,"fire_occurred":1,"prediction":0.0016}},{"type":"Feature","geometry":{"type":"Point","coordinates":[78.2,56.2]},"properties":{"region":4,"fire_occurred":1,"prediction":0.0011}},{"type":"Feature","geometry":{"type":"Point","coordinates":[78.3,56.6]},"properties":{"region":4,"fire_occurred":1,"prediction":0.0763}},{"type":"Feature","geometry":{"type":"Point","coordinates":[78.4,57.4]},"properties":{"region":4,"fire_occurred":0,"prediction":0.2496}},{"type":"Feature","geometry":{"type":"Point","coordinates":[78.7,66.2]},"properties":{"region":4,"fire_occurred":1,"prediction":0.1989}},{"type":"Feature","geometry":{"type":"Point","coordinates":[78.9,56.0]},"properties":{"region":4,"fire_occurred":0,"prediction":0.1745}},{"type":"Feature","geometry":{"type":"Point","coordinates":[79.3,57.2]},"properties":{"region":4,"fire_occurred":0,"prediction":0.1517}},{"type":"Feature","geometry":{"type":"Point","coordinates":[79.4,62.1]},"properties":{"region":4,"fire_occurred":0,"prediction":0.2265}},{"type":"Feature","geometry":{"type":"Point","coordinates":[79.9,68.5]},"properties":{"region":4,"fire_occurred":0,"prediction":0.2635}},{"type":"Feature","geometry":{"type":"Point","coordinates":[80.4,57.1]},"properties":{"region":4,"fire_occurred":0,"prediction":0.1106}},{"type":"Feature","geometry":{"type":"Point","coordinates":[80.5,57.1]},"properties":{"region":4,"fire_occurred":0,"prediction":0.1116}},{"type":"Feature","geometry":{"type":"Point","coordinates":[82.5,57.7]},"properties":{"region":4,"fire_occurred":0,"prediction":0.1327}},{"type":"Feature","geometry":{"type":"Point","coordinates":[82.6,58.3]},"properties":{"region":4,"fire_occurred":0,"prediction":0.1563}},{"type":"Feature","geometry":{"type":"Point","coordinates":[83.0,67.2]},"properties":{"region":4,"fire_occurred":0,"prediction":0.1318}},{"type":"Feature","geometry":{"type":"Point","coordinates":[83.1,48.0]},"properties":{"region":4,"fire_occurred":0,"prediction":0.1154}},{"type":"Feature","geometry":{"type":"Point","coordinates":[83.5,56.0]},"properties":{"region":4,"fire_occurred":0,"prediction":0.1436}},{"type":"Feature","geometry":{"type":"Point","coordinates":[83.5,56.1]},"properties":{"region":4,"fire_occurred":0,"prediction":0.153}},{"type":"Feature","geometry":{"type":"Point","coordinates":[83.5,56.2]},"properties":{"region":4,"fire_occurred":0,"prediction":0.1707}},{"type":"Feature","geometry":{"type":"Point","coordinates":[83.6,56.0]},"properties":{"region":4,"fire_occurred":0,"prediction":0.3732}},{"type":"Feature","geometry":{"type":"Point","coordinates":[83.6,56.1]},"properties":{"region":4,"fire_occurred":0,"prediction":0.1257}},{"type":"Feature","geometry":{"type":"Point","coordinates":[85.0,56.3]},"properties":{"region":4,"fire_occurred":0,"prediction":0.1016}},{"type":"Feature","geometry":{"type":"Point","coordinates":[85.3,56.5]},"properties":{"region":4,"fire_occurred":0,"prediction":0.1186}},{"type":"Feature","geometry":{"type":"Point","coordinates":[85.4,56.4]},"properties":{"region":4,"fire_occurred":0,"prediction":0.1092}},{"type":"Feature","geometry":{"type":"Point","coordinates":[85.6,57.5]},"properties":{"region":4,"fire_occurred":0,"prediction":0.1908}},{"type":"Feature","geometry":{"type":"Point","coordinates":[85.7,56.2]},"properties":{"region":4,"fire_occurred":0,"prediction":0.1624}},{"type":"Feature","geometry":{"type":"Point","coordinates":[85.8,56.2]},"properties":{"region":4,"fire_occurred":0,"prediction":0.195}},{"type":"Feature","geometry":{"type":"Point","coordinates":[88.8,56.4]},"properties":{"region":4,"fire_occurred":0,"prediction":0.1004}},{"type":"Feature","geometry":{"type":"Point","coordinates":[89.3,54.4]},"properties":{"region":4,"fire_occurred":0,"prediction":0.1224}},{"type":"Feature","geometry":{"type":"Point","coordinates":[89.3,56.5]},"properties":{"region":4,"fire_occurred":1,"prediction":0.0004}},{"type":"Feature","geometry":{"type":"Point","coordinates":[89.4,55.6]},"properties":{"region":4,"fire_occurred":1,"prediction":0.0057}},{"type":"Feature","geometry":{"type":"Point","coordinates":[90.3,57.2]},"properties":{"region":4,"fire_occurred":0,"prediction":0.1313}},{"type":"Feature","geometry":{"type":"Point","coordinates":[91.2,55.2]},"properties":{"region":4,"fire_occurred":1,"prediction":0.0031}},{"type":"Feature","geometry":{"type":"Point","coordinates":[91.2,55.4]},"properties":{"region":4,"fire_occurred":1,"prediction":0.0019}},{"type":"Feature","geometry":{"type":"Point","coordinates":[96.2,60.4]},"properties":{"region":4,"fire_occurred":1,"prediction":0.2413}},{"type":"Feature","geometry":{"type":"Point","coordinates":[96.4,60.4]},"properties":{"region":4,"fire_occurred":0,"prediction":0.1341}},{"type":"Feature","geometry":{"type":"Point","coordinates":[96.5,60.4]},"properties":{"region":4,"fire_occurred":1,"prediction":0.4352}},{"type":"Feature","geometry":{"type":"Point","coordinates":[97.3,60.8]},"properties":{"region":4,"fire_occurred":0,"prediction":0.2564}},{"type":"Feature","geometry":{"type":"Point","coordinates":[97.4,60.7]},"properties":{"region":4,"fire_occurred":1,"prediction":0.317}},{"type":"Feature","geometry":{"type":"Point","coordinates":[102.4,53.9]},"properties":{"region":4,"fire_occurred":1,"prediction":0.0002}},{"type":"Feature","geometry":{"type":"Point","coordinates":[102.4,54.0]},"properties":{"region":4,"fire_occurred":1,"prediction":0.0001}},{"type":"Feature","geometry":{"type":"Point","coordinates":[105.8,57.8]},"properties":{"region":4,"fire_occurred":0,"prediction":0.297}},{"type":"Feature","geometry":{"type":"Point","coordinates":[106.5,58.0]},"properties":{"region":4,"fire_occurred":0,"prediction":0.1678}},{"type":"Feature","geometry":{"type":"Point","coordinates":[107.5,58.4]},"properties":{"region":4,"fire_occurred":0,"prediction":0.2633}},{"type":"Feature","geometry":{"type":"Point","coordinates":[107.6,58.4]},"properties":{"region":4,"fire_occurred":0,"prediction":0.4}},{"type":"Feature","geometry":{"type":"Point","coordinates":[108.4,50.8]},"properties":{"region":4,"fire_occurred":1,"prediction":0.0087}},{"type":"Feature","geometry":{"type":"Point","coordinates":[109.9,50.5]},"properties":{"region":4,"fire_occurred":1,"prediction":0.0014}},{"type":"Feature","geometry":{"type":"Point","coordinates":[111.4,52.6]},"properties":{"region":4,"fire_occurred":0,"prediction":0.1426}},{"type":"Feature","geometry":{"type":"Point","coordinates":[112.1,60.9]},"properties":{"region":4,"fire_occurred":0,"prediction":0.4252}},{"type":"Feature","geometry":{"type":"Point","coordinates":[112.7,61.3]},"properties":{"region":4,"fire_occurred":0,"prediction":0.6834}},{"type":"Feature","geometry":{"type":"Point","coordinates":[112.8,61.3]},"properties":{"region":4,"fire_occurred":1,"prediction":0.8113}},{"type":"Feature","geometry":{"type":"Point","coordinates":[112.8,61.6]},"properties":{"region":4,"fire_occurred":1,"prediction":0.0001}},{"type":"Feature","geometry":{"type":"Point","coordinates":[112.9,61.6]},"properties":{"region":4,"fire_occurred":1,"prediction":0.0018}},{"type":"Feature","geometry":{"type":"Point","coordinates":[113.1,61.5]},"properties":{"region":4,"fire_occurred":0,"prediction":0.526}},{"type":"Feature","geometry":{"type":"Point","coordinates":[113.6,62.4]},"properties":{"region":4,"fire_occurred":0,"prediction":0.1769}},{"type":"Feature","geometry":{"type":"Point","coordinates":[115.1,51.8]},"properties":{"region":4,"fire_occurred":0,"prediction":0.2628}},{"type":"Feature","geometry":{"type":"Point","coordinates":[117.0,52.2]},"properties":{"region":4,"fire_occurred":1,"prediction":0.0099}},{"type":"Feature","geometry":{"type":"Point","coordinates":[117.7,63.1]},"properties":{"region":4,"fire_occurred":1,"prediction":0.0008}},{"type":"Feature","geometry":{"type":"Point","coordinates":[117.8,63.2]},"properties":{"region":4,"fire_occurred":1,"prediction":0.1987}},{"type":"Feature","geometry":{"type":"Point","coordinates":[117.8,63.3]},"properties":{"region":4,"fire_occurred":1,"prediction":0.004}},{"type":"Feature","geometry":{"type":"Point","coordinates":[117.9,63.2]},"properties":{"region":4,"fire_occurred":1,"prediction":0.013}},{"type":"Feature","geometry":{"type":"Point","coordinates":[117.9,63.3]},"properties":{"region":4,"fire_occurred":1,"prediction":0.0068}},{"type":"Feature","geometry":{"type":"Point","coordinates":[118.4,63.2]},"properties":{"region":4,"fire_occurred":0,"prediction":0.1093}},{"type":"Feature","geometry":{"type":"Point","coordinates":[118.4,63.6]},"properties":{"region":4,"fire_occurred":1,"prediction":0.0006}},{"type":"Feature","geometry":{"type":"Point","coordinates":[118.5,63.6]},"properties":{"region":4,"fire_occurred":1,"prediction":0.0013}},{"type":"Feature","geometry":{"type":"Point","coordinates":[118.6,63.3]},"properties":{"region":4,"fire_occurred":1,"prediction":0.0177}},{"type":"Feature","geometry":{"type":"Point","coordinates":[119.0,63.4]},"properties":{"region":4,"fire_occurred":1,"prediction":0.0193}},{"type":"Feature","geometry":{"type":"Point","coordinates":[119.0,63.5]},"properties":{"region":4,"fire_occurred":1,"prediction":0.0018}},{"type":"Feature","geometry":{"type":"Point","coordinates":[119.1,48.6]},"properties":{"region":4,"fire_occurred":0,"prediction":0.1462}},{"type":"Feature","geometry":{"type":"Point","coordinates":[119.1,63.4]},"properties":{"region":4,"fire_occurred":1,"prediction":0.0066}},{"type":"Feature","geometry":{"type":"Point","coordinates":[119.2,63.8]},"properties":{"region":4,"fire_occurred":1,"prediction":0.0453}},{"type":"Feature","geometry":{"type":"Point","coordinates":[119.2,63.9]},"properties":{"region":4,"fire_occurred":1,"prediction":0.0011}},{"type":"Feature","geometry":{"type":"Point","coordinates":[119.4,48.9]},"properties":{"region":4,"fire_occurred":0,"prediction":0.1686}},{"type":"Feature","geometry":{"type":"Point","coordinates":[119.5,48.9]},"properties":{"region":4,"fire_occurred":0,"prediction":0.1901}},{"type":"Feature","geometry":{"type":"Point","coordinates":[120.3,63.5]},"properties":{"region":4,"fire_occurred":1,"prediction":0.0864}},{"type":"Feature","geometry":{"type":"Point","coordinates":[120.3,63.6]},"properties":{"region":4,"fire_occurred":1,"prediction":0.0035}},{"type":"Feature","geometry":{"type":"Point","coordinates":[120.9,46.2]},"properties":{"region":4,"fire_occurred":0,"prediction":0.1179}},{"type":"Feature","geometry":{"type":"Point","coordinates":[121.1,62.8]},"properties":{"region":4,"fire_occurred":1,"prediction":0.0007}},{"type":"Feature","geometry":{"type":"Point","coordinates":[121.2,62.7]},"properties":{"region":4,"fire_occurred":1,"prediction":0.0002}},{"type":"Feature","geometry":{"type":"Point","coordinates":[122.1,63.8]},"properties":{"region":4,"fire_occurred":0,"prediction":0.1004}},{"type":"Feature","geometry":{"type":"Point","coordinates":[122.3,63.7]},"properties":{"region":4,"fire_occurred":0,"prediction":0.1052}},{"type":"Feature","geometry":{"type":"Point","coordinates":[122.6,63.8]},"properties":{"region":4,"fire_occurred":0,"prediction":0.1556}},{"type":"Feature","geometry":{"type":"Point","coordinates":[122.8,63.7]},"properties":{"region":4,"fire_occurred":0,"prediction":0.1976}},{"type":"Feature","geometry":{"type":"Point","coordinates":[122.9,63.5]},"properties":{"region":4,"fire_occurred":1,"prediction":0.0016}},{"type":"Feature","geometry":{"type":"Point","coordinates":[123.3,63.4]},"properties":{"region":4,"fire_occurred":0,"prediction":0.1227}},{"type":"Feature","geometry":{"type":"Point","coordinates":[124.4,61.9]},"properties":{"region":4,"fire_occurred":0,"prediction":0.1745}},{"type":"Feature","geometry":{"type":"Point","coordinates":[125.2,63.8]},"properties":{"region":4,"fire_occurred":0,"prediction":0.1333}},{"type":"Feature","geometry":{"type":"Point","coordinates":[126.3,63.7]},"properties":{"region":4,"fire_occurred":1,"prediction":0.0488}},{"type":"Feature","geometry":{"type":"Point","coordinates":[126.3,63.8]},"properties":{"region":4,"fire_occurred":0,"prediction":0.2526}},{"type":"Feature","geometry":{"type":"Point","coordinates":[126.4,62.1]},"properties":{"region":4,"fire_occurred":0,"prediction":0.1483}},{"type":"Feature","geometry":{"type":"Point","coordinates":[126.4,63.8]},"properties":{"region":4,"fire_occurred":0,"prediction":0.2525}},{"type":"Feature","geometry":{"type":"Point","coordinates":[126.5,63.7]},"properties":{"region":4,"fire_occurred":0,"prediction":0.2296}},{"type":"Feature","geometry":{"type":"Point","coordinates":[126.5,63.8]},"properties":{"region":4,"fire_occurred":0,"prediction":0.2392}},{"type":"Feature","geometry":{"type":"Point","coordinates":[126.6,63.8]},"properties":{"region":4,"fire_occurred":0,"prediction":0.27}},{"type":"Feature","geometry":{"type":"Point","coordinates":[127.3,63.7]},"properties":{"region":4,"fire_occurred":0,"prediction":0.2116}},{"type":"Feature","geometry":{"type":"Point","coordinates":[128.1,51.5]},"properties":{"region":4,"fire_occurred":1,"prediction":0.0136}},{"type":"Feature","geometry":{"type":"Point","coordinates":[128.3,61.4]},"properties":{"region":4,"fire_occurred":1,"prediction":0.0023}},{"type":"Feature","geometry":{"type":"Point","coordinates":[128.4,61.2]},"properties":{"region":4,"fire_occurred":1,"prediction":0.0164}},{"type":"Feature","geometry":{"type":"Point","coordinates":[128.6,61.3]},"properties":{"region":4,"fire_occurred":1,"prediction":0.0005}},{"type":"Feature","geometry":{"type":"Point","coordinates":[128.7,62.0]},"properties":{"region":4,"fire_occurred":0,"prediction":0.2556}},{"type":"Feature","geometry":{"type":"Point","coordinates":[129.4,61.6]},"properties":{"region":4,"fire_occurred":0,"prediction":0.1396}},{"type":"Feature","geometry":{"type":"Point","coordinates":[129.5,61.6]},"properties":{"region":4,"fire_occurred":0,"prediction":0.1016}},{"type":"Feature","geometry":{"type":"Point","coordinates":[129.5,61.8]},"properties":{"region":4,"fire_occurred":0,"prediction":0.1254}},{"type":"Feature","geometry":{"type":"Point","coordinates":[129.5,63.2]},"properties":{"region":4,"fire_occurred":1,"prediction":0.2273}},{"type":"Feature","geometry":{"type":"Point","coordinates":[129.6,61.7]},"properties":{"region":4,"fire_occurred":0,"prediction":0.1158}},{"type":"Feature","geometry":{"type":"Point","coordinates":[129.6,61.8]},"properties":{"region":4,"fire_occurred":1,"prediction":0.3635}},{"type":"Feature","geometry":{"type":"Point","coordinates":[129.6,63.1]},"properties":{"region":4,"fire_occurred":1,"prediction":0.1445}},{"type":"Feature","geometry":{"type":"Point","coordinates":[129.7,61.8]},"properties":{"region":4,"fire_occurred":0,"prediction":0.2528}},{"type":"Feature","geometry":{"type":"Point","coordinates":[129.7,62.6]},"properties":{"region":4,"fire_occurred":1,"prediction":0.7649}},{"type":"Feature","geometry":{"type":"Point","coordinates":[129.7,62.7]},"properties":{"region":4,"fire_occurred":1,"prediction":0.0621}},{"type":"Feature","geometry":{"type":"Point","coordinates":[129.7,63.1]},"properties":{"region":4,"fire_occurred":1,"prediction":0.0437}},{"type":"Feature","geometry":{"type":"Point","coordinates":[129.9,62.1]},"properties":{"region":4,"fire_occurred":0,"prediction":0.1945}},{"type":"Feature","geometry":{"type":"Point","coordinates":[130.0,62.4]},"properties":{"region":4,"fire_occurred":0,"prediction":0.1037}},{"type":"Feature","geometry":{"type":"Point","coordinates":[130.1,61.9]},"properties":{"region":4,"fire_occurred":1,"prediction":0.0002}},{"type":"Feature","geometry":{"type":"Point","coordinates":[130.2,67.0]},"properties":{"region":4,"fire_occurred":0,"prediction":0.1732}},{"type":"Feature","geometry":{"type":"Point","coordinates":[130.3,62.5]},"properties":{"region":4,"fire_occurred":0,"prediction":0.3276}},{"type":"Feature","geometry":{"type":"Point","coordinates":[130.3,67.0]},"properties":{"region":4,"fire_occurred":0,"prediction":0.1671}},{"type":"Feature","geometry":{"type":"Point","coordinates":[131.4,62.0]},"properties":{"region":4,"fire_occurred":1,"prediction":0.0243}},{"type":"Feature","geometry":{"type":"Point","coordinates":[131.5,62.0]},"properties":{"region":4,"fire_occurred":1,"prediction":0.0316}},{"type":"Feature","geometry":{"type":"Point","coordinates":[131.9,67.0]},"properties":{"region":4,"fire_occurred":1,"prediction":0.032}},{"type":"Feature","geometry":{"type":"Point","coordinates":[131.9,68.3]},"properties":{"region":4,"fire_occurred":1,"prediction":0.0016}},{"type":"Feature","geometry":{"type":"Point","coordinates":[132.0,66.6]},"properties":{"region":4,"fire_occurred":1,"prediction":0.0609}},{"type":"Feature","geometry":{"type":"Point","coordinates":[132.1,66.6]},"properties":{"region":4,"fire_occurred":1,"prediction":0.0165}},{"type":"Feature","geometry":{"type":"Point","coordinates":[132.6,65.6]},"properties":{"region":4,"fire_occurred":1,"prediction":0.0062}},{"type":"Feature","geometry":{"type":"Point","coordinates":[132.6,65.7]},"properties":{"region":4,"fire_occurred":1,"prediction":0.0375}},{"type":"Feature","geometry":{"type":"Point","coordinates":[133.1,63.0]},"properties":{"region":4,"fire_occurred":1,"prediction":0.0624}},{"type":"Feature","geometry":{"type":"Point","coordinates":[133.2,63.0]},"properties":{"region":4,"fire_occurred":1,"prediction":0.1617}},{"type":"Feature","geometry":{"type":"Point","coordinates":[133.3,66.2]},"properties":{"region":4,"fire_occurred":1,"prediction":0.0322}},{"type":"Feature","geometry":{"type":"Point","coordinates":[133.6,67.9]},"properties":{"region":4,"fire_occurred":1,"prediction":0.0678}},{"type":"Feature","geometry":{"type":"Point","coordinates":[134.4,62.7]},"properties":{"region":4,"fire_occurred":1,"prediction":0.005}},{"type":"Feature","geometry":{"type":"Point","coordinates":[134.6,63.0]},"properties":{"region":4,"fire_occurred":0,"prediction":0.182}},{"type":"Feature","geometry":{"type":"Point","coordinates":[134.8,62.7]},"properties":{"region":4,"fire_occurred":0,"prediction":0.1699}},{"type":"Feature","geometry":{"type":"Point","coordinates":[134.9,62.7]},"properties":{"region":4,"fire_occurred":1,"prediction":0.09}},{"type":"Feature","geometry":{"type":"Point","coordinates":[135.0,62.7]},"properties":{"region":4,"fire_occurred":1,"prediction":0.0161}},{"type":"Feature","geometry":{"type":"Point","coordinates":[135.0,62.8]},"properties":{"region":4,"fire_occurred":1,"prediction":0.003}},{"type":"Feature","geometry":{"type":"Point","coordinates":[135.2,60.9]},"properties":{"region":4,"fire_occurred":0,"prediction":0.2829}},{"type":"Feature","geometry":{"type":"Point","coordinates":[135.2,62.7]},"properties":{"region":4,"fire_occurred":1,"prediction":0.0123}},{"type":"Feature","geometry":{"type":"Point","coordinates":[135.2,62.8]},"properties":{"region":4,"fire_occurred":1,"prediction":0.0488}},{"type":"Feature","geometry":{"type":"Point","coordinates":[135.3,67.2]},"properties":{"region":4,"fire_occurred":1,"prediction":0.0109}},{"type":"Feature","geometry":{"type":"Point","coordinates":[135.8,67.2]},"properties":{"region":4,"fire_occurred":0,"prediction":0.1439}},{"type":"Feature","geometry":{"type":"Point","coordinates":[157.0,53.0]},"properties":{"region":4,"fire_occurred":0,"prediction":0.1558}},{"type":"Feature","geometry":{"type":"Point","coordinates":[157.1,52.9]},"properties":{"region":4,"fire_occurred":0,"prediction":0.1987}},{"type":"Feature","geometry":{"type":"Point","coordinates":[157.1,53.0]},"properties":{"region":4,"fire_occurred":0,"prediction":0.1007}},{"type":"Feature","geometry":{"type":"Point","coordinates":[157.2,52.9]},"properties":{"region":4,"fire_occurred":0,"prediction":0.1557}},{"type":"Feature","geometry":{"type":"Point","coordinates":[157.3,53.2]},"properties":{"region":4,"fire_occurred":0,"prediction":0.1467}},{"type":"Feature","geometry":{"type":"Point","coordinates":[157.4,53.2]},"properties":{"region":4,"fire_occurred":0,"prediction":0.1454}},{"type":"Feature","geometry":{"type":"Point","coordinates":[157.4,53.3]},"properties":{"region":4,"fire_occurred":0,"prediction":0.1231}},{"type":"Feature","geometry":{"type":"Point","coordinates":[157.5,53.2]},"properties":{"region":4,"fire_occurred":0,"prediction":0.1181}},{"type":"Feature","geometry":{"type":"Point","coordinates":[157.5,53.3]},"properties":{"region":4,"fire_occurred":0,"prediction":0.1507}},{"type":"Feature","geometry":{"type":"Point","coordinates":[157.6,53.2]},"properties":{"region":4,"fire_occurred":0,"prediction":0.1185}},{"type":"Feature","geometry":{"type":"Point","coordinates":[158.3,53.3]},"properties":{"region":4,"fire_occurred":0,"prediction":0.2306}},{"type":"Feature","geometry":{"type":"Point","coordinates":[161.3,56.6]},"properties":{"region":4,"fire_occurred":0,"prediction":0.1231}},{"type":"Feature","geometry":{"type":"Point","coordinates":[-68.1,-13.8]},"properties":{"region":5,"fire_occurred":1,"prediction":0.0246}},{"type":"Feature","geometry":{"type":"Point","coordinates":[98.2,39.8]},"properties":{"region":5,"fire_occurred":0,"prediction":0.2781}},{"type":"Feature","geometry":{"type":"Point","coordinates":[130.0,66.9]},"properties":{"region":5,"fire_occurred":0,"prediction":0.1868}},{"type":"Feature","geometry":{"type":"Point","coordinates":[130.1,66.9]},"properties":{"region":5,"fire_occurred":0,"prediction":0.122}},{"type":"Feature","geometry":{"type":"Point","coordinates":[130.2,66.9]},"properties":{"region":5,"fire_occurred":0,"prediction":0.1151}},{"type":"Feature","geometry":{"type":"Point","coordinates":[130.3,66.8]},"properties":{"region":5,"fire_occurred":0,"prediction":0.1024}},{"type":"Feature","geometry":{"type":"Point","coordinates":[130.4,66.8]},"properties":{"region":5,"fire_occurred":0,"prediction":0.1084}},{"type":"Feature","geometry":{"type":"Point","coordinates":[130.6,66.8]},"properties":{"region":5,"fire_occurred":0,"prediction":0.1119}},{"type":"Feature","geometry":{"type":"Point","coordinates":[130.7,66.8]},"properties":{"region":5,"fire_occurred":0,"prediction":0.1119}},{"type":"Feature","geometry":{"type":"Point","coordinates":[130.7,66.9]},"properties":{"region":5,"fire_occurred":0,"prediction":0.1254}},{"type":"Feature","geometry":{"type":"Point","coordinates":[130.8,66.8]},"properties":{"region":5,"fire_occurred":0,"prediction":0.1188}},{"type":"Feature","geometry":{"type":"Point","coordinates":[130.8,66.9]},"properties":{"region":5,"fire_occurred":0,"prediction":0.1074}},{"type":"Feature","geometry":{"type":"Point","coordinates":[139.4,68.3]},"properties":{"region":5,"fire_occurred":0,"prediction":0.1094}},{"type":"Feature","geometry":{"type":"Point","coordinates":[141.4,66.5]},"properties":{"region":5,"fire_occurred":0,"prediction":0.1002}},{"type":"Feature","geometry":{"type":"Point","coordinates":[141.4,66.6]},"properties":{"region":5,"fire_occurred":0,"prediction":0.1633}},{"type":"Feature","geometry":{"type":"Point","coordinates":[141.5,66.5]},"properties":{"region":5,"fire_occurred":0,"prediction":0.1749}},{"type":"Feature","geometry":{"type":"Point","coordinates":[150.0,63.4]},"properties":{"region":5,"fire_occurred":0,"prediction":0.1173}},{"type":"Feature","geometry":{"type":"Point","coordinates":[150.1,63.3]},"properties":{"region":5,"fire_occurred":0,"prediction":0.1639}},{"type":"Feature","geometry":{"type":"Point","coordinates":[150.2,63.3]},"properties":{"region":5,"fire_occurred":0,"prediction":0.1687}},{"type":"Feature","geometry":{"type":"Point","coordinates":[150.3,63.3]},"properties":{"region":5,"fire_occurred":0,"prediction":0.1743}},{"type":"Feature","geometry":{"type":"Point","coordinates":[171.0,68.1]},"properties":{"region":5,"fire_occurred":0,"prediction":0.1032}}]}