{"type":"FeatureCollection","features":[{"type":"Feature","geometry":{"type":"Point","coordinates":[-95.4,18.1]},"properties":{"region":1,"fire_occurred":1,"prediction":0.0008}},{"type":"Feature","geometry":{"type":"Point","coordinates":[-94.1,18.0]},"properties":{"region":1,"fire_occurred":0,"prediction":0.341}},{"type":"Feature","geometry":{"type":"Point","coordinates":[-93.2,17.8]},"properties":{"region":1,"fire_occurred":0,"prediction":0.3263}},{"type":"Feature","geometry":{"type":"Point","coordinates":[-93.2,17.9]},"properties":{"region":1,"fire_occurred":0,"prediction":0.1202}},{"type":"Feature","geometry":{"type":"Point","coordinates":[-92.5,17.8]},"properties":{"region":1,"fire_occurred":0,"prediction":0.1135}},{"type":"Feature","geometry":{"type":"Point","coordinates":[-86.9,14.1]},"properties":{"region":1,"fire_occurred":1,"prediction":0.002}},{"type":"Feature","geometry":{"type":"Point","coordinates":[-86.2,14.2]},"properties":{"region":1,"fire_occurred":1,"prediction":0.0276}},{"type":"Feature","geometry":{"type":"Point","coordinates":[-85.9,15.6]},"properties":{"region":1,"fire_occurred":1,"prediction":0.0011}},{"type":"Feature","geometry":{"type":"Point","coordinates":[-81.0,26.6]},"properties":{"region":1,"fire_occurred":1,"prediction":0.0019}},{"type":"Feature","geometry":{"type":"Point","coordinates":[-71.0,19.6]},"properties":{"region":1,"fire_occurred":1,"prediction":0.0046}},{"type":"Feature","geometry":{"type":"Point","coordinates":[-70.8,7.0]},"properties":{"region":1,"fire_occurred":1,"prediction":0.0058}},{"type":"Feature","geometry":{"type":"Point","coordinates":[-70.4,18.9]},"properties":{"region":1,"fire_occurred":1,"prediction":0.7017}},{"type":"Feature","geometry":{"type":"Point","coordinates":[-68.0,10.1]},"properties":{"region":1,"fire_occurred":1,"prediction":0.0029}},{"type":"Feature","geometry":{"type":"Point","coordinates":[-65.8,-13.7]},"properties":{"region":1,"fire_occurred":1,"prediction":0.0193}},{"type":"Feature","geometry":{"type":"Point","coordinates":[-65.8,7.9]},"properties":{"region":1,"fire_occurred":1,"prediction":0.0026}},{"type":"Feature","geometry":{"type":"Point","coordinates":[-65.2,-12.9]},"properties":{"region":1,"fire_occurred":1,"prediction":0.0061}},{"type":"Feature","geometry":{"type":"Point","coordinates":[-65.2,8.2]},"properties":{"region":1,"fire_occurred":1,"prediction":0.0046}},{"type":"Feature","geometry":{"type":"Point","coordinates":[-65.1,-9.8]},"properties":{"region":1,"fire_occurred":1,"prediction":0.0009}},{"type":"Feature","geometry":{"type":"Point","coordinates":[-65.0,9.2]},"properties":{"region":1,"fire_occurred":1,"prediction":0.0114}},{"type":"Feature","geometry":{"type":"Point","coordinates":[-64.7,8.3]},"properties":{"region":1,"fire_occurred":1,"prediction":0.003}},{"type":"Feature","geometry":{"type":"Point","coordinates":[-64.6,9.3]},"properties":{"region":1,"fire_occurred":1,"prediction":0.7965}},{"type":"Feature","geometry":{"type":"Point","coordinates":[-64.4,9.2]},"properties":{"region":1,"fire_occurred":0,"prediction":0.219}},{"type":"Feature","geometry":{"type":"Point","coordinates":[-64.3,9.2]},"properties":{"region":1,"fire_occurred":0,"prediction":0.1158}},{"type":"Feature","geometry":{"type":"Point","coordinates":[-64.2,-8.7]},"properties":{"region":1,"fire_occurred":1,"prediction":0.0019}},{"type":"Feature","geometry":{"type":"Point","coordinates":[-64.2,8.0]},"properties":{"region":1,"fire_occurred":1,"prediction":0.004}},{"type":"Feature","geometry":{"type":"Point","coordinates":[-64.1,8.0]},"properties":{"region":1,"fire_occurred":1,"prediction":0.003}},{"type":"Feature","geometry":{"type":"Point","coordinates":[-64.1,9.2]},"properties":{"region":1,"fire_occurred":0,"prediction":0.1679}},{"type":"Feature","geometry":{"type":"Point","coordinates":[-64.0,10.1]},"properties":{"region":1,"fire_occurred":1,"prediction":0.0081}},{"type":"Feature","geometry":{"type":"Point","coordinates":[-64.0,10.2]},"properties":{"region":1,"fire_occurred":1,"prediction":0.0163}},{"type":"Feature","geometry":{"type":"Point","coordinates":[-63.9,-9.1]},"properties":{"region":1,"fire_occurred":0,"prediction":0.1106}},{"type":"Feature","geometry":{"type":"Point","coordinates":[-63.9,10.1]},"properties":{"region":1,"fire_occurred":1,"prediction":0.0109}},{"type":"Feature","geometry":{"type":"Point","coordinates":[-63.8,8.4]},"properties":{"region":1,"fire_occurred":1,"prediction":0.0026}},{"type":"Feature","geometry":{"type":"Point","coordinates":[-63.8,9.6]},"properties":{"region":1,"fire_occurred":1,"prediction":0.9154}},{"type":"Feature","geometry":{"type":"Point","coordinates":[-63.7,9.5]},"properties":{"region":1,"fire_occurred":1,"prediction":0.8006}},{"type":"Feature","geometry":{"type":"Point","coordinates":[-63.7,9.6]},"properties":{"region":1,"fire_occurred":1,"prediction":0.8669}},{"type":"Feature","geometry":{"type":"Point","coordinates":[-63.6,-13.7]},"properties":{"region":1,"fire_occurred":1,"prediction":0.0099}},{"type":"Feature","geometry":{"type":"Point","coordinates":[-63.6,-9.4]},"properties":{"region":1,"fire_occurred":1,"prediction":0.002}},{"type":"Feature","geometry":{"type":"Point","coordinates":[-63.6,-9.2]},"properties":{"region":1,"fire_occurred":0,"prediction":0.1555}},{"type":"Feature","geometry":{"type":"Point","coordinates":[-63.6,9.6]},"properties":{"region":1,"fire_occurred":1,"prediction":0.912}},{"type":"Feature","geometry":{"type":"Point","coordinates":[-63.5,9.7]},"properties":{"region":1,"fire_occurred":1,"prediction":0.8964}},{"type":"Feature","geometry":{"type":"Point","coordinates":[-63.4,-9.4]},"properties":{"region":1,"fire_occurred":1,"prediction":0.0016}},{"type":"Feature","geometry":{"type":"Point","coordinates":[-63.3,9.2]},"properties":{"region":1,"fire_occurred":1,"prediction":0.0037}},{"type":"Feature","geometry":{"type":"Point","coordinates":[-63.3,9.7]},"properties":{"region":1,"fire_occurred":0,"prediction":0.4306}},{"type":"Feature","geometry":{"type":"Point","coordinates":[-63.2,8.6]},"properties":{"region":1,"fire_occurred":1,"prediction":0.6814}},{"type":"Feature","geometry":{"type":"Point","coordinates":[-63.2,9.9]},"properties":{"region":1,"fire_occurred":1,"prediction":0.335}},{"type":"Feature","geometry":{"type":"Point","coordinates":[-63.1,6.9]},"properties":{"region":1,"fire_occurred":1,"prediction":0.0028}},{"type":"Feature","geometry":{"type":"Point","coordinates":[-63.0,-17.6]},"properties":{"region":1,"fire_occurred":1,"prediction":0.0035}},{"type":"Feature","geometry":{"type":"Point","coordinates":[-63.0,7.8]},"properties":{"region":1,"fire_occurred":1,"prediction":0.0053}},{"type":"Feature","geometry":{"type":"Point","coordinates":[-62.9,-18.3]},"properties":{"region":1,"fire_occurred":0,"prediction":0.1259}},{"type":"Feature","geometry":{"type":"Point","coordinates":[-62.9,-12.0]},"properties":{"region":1,"fire_occurred":0,"prediction":0.127}},{"type":"Feature","geometry":{"type":"Point","coordinates":[-62.8,5.9]},"properties":{"region":1,"fire_occurred":1,"prediction":0.0301}},{"type":"Feature","geometry":{"type":"Point","coordinates":[-62.4,-17.9]},"properties":{"region":1,"fire_occurred":0,"prediction":0.1273}},{"type":"Feature","geometry":{"type":"Point","coordinates":[-62.3,-18.2]},"properties":{"region":1,"fire_occurred":0,"prediction":0.159}},{"type":"Feature","geometry":{"type":"Point","coordinates":[-62.3,-18.0]},"properties":{"region":1,"fire_occurred":1,"prediction":0.1621}},{"type":"Feature","geometry":{"type":"Point","coordinates":[-62.3,8.0]},"properties":{"region":1,"fire_occurred":1,"prediction":0.0012}},{"type":"Feature","geometry":{"type":"Point","coordinates":[-62.3,8.5]},"properties":{"region":1,"fire_occurred":1,"prediction":0.0013}},{"type":"Feature","geometry":{"type":"Point","coordinates":[-62.1,-10.5]},"properties":{"region":1,"fire_occurred":1,"prediction":0.0032}},{"type":"Feature","geometry":{"type":"Point","coordinates":[-62.0,-18.2]},"properties":{"region":1,"fire_occurred":1,"prediction":0.0035}},{"type":"Feature","geometry":{"type":"Point","coordinates":[-62.0,-11.2]},"properties":{"region":1,"fire_occurred":1,"prediction":0.0038}},{"type":"Feature","geometry":{"type":"Point","coordinates":[-62.0,-10.0]},"properties":{"region":1,"fire_occurred":1,"prediction":0.0906}},{"type":"Feature","geometry":{"type":"Point","coordinates":[-61.9,-17.7]},"properties":{"region":1,"fire_occurred":1,"prediction":0.0019}},{"type":"Feature","geometry":{"type":"Point","coordinates":[-61.9,-17.6]},"properties":{"region":1,"fire_occurred":1,"prediction":0.0361}},{"type":"Feature","geometry":{"type":"Point","coordinates":[-61.8,-18.1]},"properties":{"region":1,"fire_occurred":0,"prediction":0.1569}},{"type":"Feature","geometry":{"type":"Point","coordinates":[-61.8,-8.5]},"properties":{"region":1,"fire_occurred":1,"prediction":0.0022}},{"type":"Feature","geometry":{"type":"Point","coordinates":[-61.8,7.0]},"properties":{"region":1,"fire_occurred":1,"prediction":0.0009}},{"type":"Feature","geometry":{"type":"Point","coordinates":[-61.7,-17.9]},"properties":{"region":1,"fire_occurred":1,"prediction":0.0114}},{"type":"Feature","geometry":{"type":"Point","coordinates":[-61.6,-17.7]},"properties":{"region":1,"fire_occurred":0,"prediction":0.1629}},{"type":"Feature","geometry":{"type":"Point","coordinates":[-61.6,-13.0]},"properties":{"region":1,"fire_occurred":1,"prediction":0.0026}},{"type":"Feature","geometry":{"type":"Point","coordinates":[-61.6,-12.9]},"properties":{"region":1,"fire_occurred":1,"prediction":0.0051}},{"type":"Feature","geometry":{"type":"Point","coordinates":[-61.5,-17.3]},"properties":{"region":1,"fire_occurred":1,"prediction":0.0446}},{"type":"Feature","geometry":{"type":"Point","coordinates":[-61.5,-12.6]},"properties":{"region":1,"fire_occurred":1,"prediction":0.1962}},{"type":"Feature","geometry":{"type":"Point","coordinates":[-61.5,3.6]},"properties":{"region":1,"fire_occurred":1,"prediction":0.0005}},{"type":"Feature","geometry":{"type":"Point","coordinates":[-61.5,5.7]},"properties":{"region":1,"fire_occurred":1,"prediction":0.0032}},{"type":"Feature","geometry":{"type":"Point","coordinates":[-61.4,-17.9]},"properties":{"region":1,"fire_occurred":1,"prediction":0.0159}},{"type":"Feature","geometry":{"type":"Point","coordinates":[-61.3,-17.9]},"properties":{"region":1,"fire_occurred":1,"prediction":0.1509}},{"type":"Feature","geometry":{"type":"Point","coordinates":[-61.3,-17.4]},"properties":{"region":1,"fire_occurred":1,"prediction":0.0087}},{"type":"Feature","geometry":{"type":"Point","coordinates":[-61.3,-16.2]},"properties":{"region":1,"fire_occurred":0,"prediction":0.1216}},{"type":"Feature","geometry":{"type":"Point","coordinates":[-61.3,4.0]},"properties":{"region":1,"fire_occurred":1,"prediction":0.0015}},{"type":"Feature","geometry":{"type":"Point","coordinates":[-61.3,4.7]},"properties":{"region":1,"fire_occurred":1,"prediction":0.0045}},{"type":"Feature","geometry":{"type":"Point","coordinates":[-61.2,-17.7]},"properties":{"region":1,"fire_occurred":0,"prediction":0.1071}},{"type":"Feature","geometry":{"type":"Point","coordinates":[-61.1,-18.0]},"properties":{"region":1,"fire_occurred":1,"prediction":0.3765}},{"type":"Feature","geometry":{"type":"Point","coordinates":[-61.1,-17.9]},"properties":{"region":1,"fire_occurred":0,"prediction":0.1433}},{"type":"Feature","geometry":{"type":"Point","coordinates":[-61.1,-17.8]},"properties":{"region":1,"fire_occurred":0,"prediction":0.1161}},{"type":"Feature","geometry":{"type":"Point","coordinates":[-61.0,-18.0]},"properties":{"region":1,"fire_occurred":0,"prediction":0.1519}},{"type":"Feature","geometry":{"type":"Point","coordinates":[-61.0,-17.9]},"properties":{"region":1,"fire_occurred":0,"prediction":0.1557}},{"type":"Feature","geometry":{"type":"Point","coordinates":[-61.0,-16.3]},"properties":{"region":1,"fire_occurred":0,"prediction":0.1155}},{"type":"Feature","geometry":{"type":"Point","coordinates":[-61.0,-15.8]},"properties":{"region":1,"fire_occurred":1,"prediction":0.0088}},{"type":"Feature","geometry":{"type":"Point","coordinates":[-61.0,-15.5]},"properties":{"region":1,"fire_occurred":0,"prediction":0.221}},{"type":"Feature","geometry":{"type":"Point","coordinates":[-60.9,-17.9]},"properties":{"region":1,"fire_occurred":0,"prediction":0.1131}},{"type":"Feature","geometry":{"type":"Point","coordinates":[-60.9,-17.5]},"properties":{"region":1,"fire_occurred":1,"prediction":0.0577}},{"type":"Feature","geometry":{"type":"Point","coordinates":[-60.9,-17.4]},"properties":{"region":1,"fire_occurred":1,"prediction":0.0836}},{"type":"Feature","geometry":{"type":"Point","coordinates":[-60.8,-17.7]},"properties":{"region":1,"fire_occurred":0,"prediction":0.1466}},{"type":"Feature","geometry":{"type":"Point","coordinates":[-60.8,-17.4]},"properties":{"region":1,"fire_occurred":0,"prediction":0.1568}},{"type":"Feature","geometry":{"type":"Point","coordinates":[-60.8,-16.1]},"properties":{"region":1,"fire_occurred":0,"prediction":0.1416}},{"type":"Feature","geometry":{"type":"Point","coordinates":[-60.8,-15.5]},"properties":{"region":1,"fire_occurred":1,"prediction":0.1781}},{"type":"Feature","geometry":{"type":"Point","coordinates":[-60.7,-16.7]},"properties":{"region":1,"fire_occurred":1,"prediction":0.1402}},{"type":"Feature","geometry":{"type":"Point","coordinates":[-60.7,-16.1]},"properties":{"region":1,"fire_occurred":1,"prediction":0.0103}},{"type":"Feature","geometry":{"type":"Point","coordinates":[-60.7,-15.8]},"properties":{"region":1,"fire_occurred":1,"prediction":0.2082}},{"type":"Feature","geometry":{"type":"Point","coordinates":[-60.6,-16.7]},"properties":{"region":1,"fire_occurred":0,"prediction":0.1179}},{"type":"Feature","geometry":{"type":"Point","coordinates":[-60.6,-15.7]},"properties":{"region":1,"fire_occurred":0,"prediction":0.1263}},{"type":"Feature","geometry":{"type":"Point","coordinates":[-60.5,-17.6]},"properties":{"region":1,"fire_occurred":1,"prediction":0.0941}},{"type":"Feature","geometry":{"type":"Point","coordinates":[-60.5,-13.6]},"properties":{"region":1,"fire_occurred":0,"prediction":0.1099}},{"type":"Feature","geometry":{"type":"Point","coordinates":[-60.4,-17.7]},"properties":{"region":1,"fire_occurred":1,"prediction":0.1422}},{"type":"Feature","geometry":{"type":"Point","coordinates":[-60.4,-12.4]},"properties":{"region":1,"fire_occurred":1,"prediction":0.0042}},{"type":"Feature","geometry":{"type":"Point","coordinates":[-60.3,-16.4]},"properties":{"region":1,"fire_occurred":0,"prediction":0.1405}},{"type":"Feature","geometry":{"type":"Point","coordinates":[-60.3,-16.3]},"properties":{"region":1,"fire_occurred":0,"prediction":0.1428}},{"type":"Feature","geometry":{"type":"Point","coordinates":[-60.3,-13.7]},"properties":{"region":1,"fire_occurred":1,"prediction":0.1862}},{"type":"Feature","geometry":{"type":"Point","coordinates":[-60.0,-18.2]},"properties":{"region":1,"fire_occurred":0,"prediction":0.1568}},{"type":"Feature","geometry":{"type":"Point","coordinates":[-59.8,-21.0]},"properties":{"region":1,"fire_occurred":0,"prediction":0.1054}},{"type":"Feature","geometry":{"type":"Point","coordinates":[-59.8,-16.5]},"properties":{"region":1,"fire_occurred":0,"prediction":0.3413}},{"type":"Feature","geometry":{"type":"Point","coordinates":[-59.8,-13.9]},"properties":{"region":1,"fire_occurred":0,"prediction":0.1477}},{"type":"Feature","geometry":{"type":"Point","coordinates":[-59.7,-17.8]},"properties":{"region":1,"fire_occurred":0,"prediction":0.1656}},{"type":"Feature","geometry":{"type":"Point","coordinates":[-59.7,-13.9]},"properties":{"region":1,"fire_occurred":0,"prediction":0.1796}},{"type":"Feature","geometry":{"type":"Point","coordinates":[-59.7,-13.6]},"properties":{"region":1,"fire_occurred":0,"prediction":0.1057}},{"type":"Feature","geometry":{"type":"Point","coordinates":[-59.6,-14.0]},"properties":{"region":1,"fire_occurred":1,"prediction":0.0196}},{"type":"Feature","geometry":{"type":"Point","coordinates":[-59.3,-14.3]},"properties":{"region":1,"fire_occurred":0,"prediction":0.2123}},{"type":"Feature","geometry":{"type":"Point","coordinates":[-59.1,-18.5]},"properties":{"region":1,"fire_occurred":0,"prediction":0.1334}},{"type":"Feature","geometry":{"type":"Point","coordinates":[-59.1,-18.3]},"properties":{"region":1,"fire_occurred":1,"prediction":0.1658}},{"type":"Feature","geometry":{"type":"Point","coordinates":[-59.1,-14.5]},"properties":{"region":1,"fire_occurred":1,"prediction":0.0264}},{"type":"Feature","geometry":{"type":"Point","coordinates":[-59.0,-18.6]},"properties":{"region":1,"fire_occurred":0,"prediction":0.1121}},{"type":"Feature","geometry":{"type":"Point","coordinates":[-59.0,-18.5]},"properties":{"region":1,"fire_occurred":0,"prediction":0.2487}},{"type":"Feature","geometry":{"type":"Point","coordinates":[-59.0,-9.4]},"properties":{"region":1,"fire_occurred":1,"prediction":0.0017}},{"type":"Feature","geometry":{"type":"Point","coordinates":[-58.9,-14.3]},"properties":{"region":1,"fire_occurred":1,"prediction":0.0212}},{"type":"Feature","geometry":{"type":"Point","coordinates":[-58.6,-12.8]},"properties":{"region":1,"fire_occurred":0,"prediction":0.1663}},{"type":"Feature","geometry":{"type":"Point","coordinates":[-58.5,-18.6]},"properties":{"region":1,"fire_occurred":0,"prediction":0.1332}},{"type":"Feature","geometry":{"type":"Point","coordinates":[-58.5,-14.4]},"properties":{"region":1,"fire_occurred":1,"prediction":0.0165}},{"type":"Feature","geometry":{"type":"Point","coordinates":[-58.5,-14.2]},"properties":{"region":1,"fire_occurred":1,"prediction":0.0178}},{"type":"Feature","geometry":{"type":"Point","coordinates":[-58.4,-13.9]},"properties":{"region":1,"fire_occurred":1,"prediction":0.0042}},{"type":"Feature","geometry":{"type":"Point","coordinates":[-58.3,-18.7]},"properties":{"region":1,"fire_occurred":0,"prediction":0.1659}},{"type":"Feature","geometry":{"type":"Point","coordinates":[-58.2,-18.6]},"properties":{"region":1,"fire_occurred":0,"prediction":0.1391}},{"type":"Feature","geometry":{"type":"Point","coordinates":[-58.2,-13.0]},"properties":{"region":1,"fire_occurred":1,"prediction":0.1133}},{"type":"Feature","geometry":{"type":"Point","coordinates":[-58.2,-11.8]},"properties":{"region":1,"fire_occurred":1,"prediction":0.0206}},{"type":"Feature","geometry":{"type":"Point","coordinates":[-58.2,-11.6]},"properties":{"region":1,"fire_occurred":1,"prediction":0.004}},{"type":"Feature","geometry":{"type":"Point","coordinates":[-58.1,-22.2]},"properties":{"region":1,"fire_occurred":1,"prediction":0.0016}},{"type":"Feature","geometry":{"type":"Point","coordinates":[-58.1,-12.0]},"properties":{"region":1,"fire_occurred":1,"prediction":0.0342}},{"type":"Feature","geometry":{"type":"Point","coordinates":[-58.1,-11.5]},"properties":{"region":1,"fire_occurred":1,"prediction":0.0112}},{"type":"Feature","geometry":{"type":"Point","coordinates":[-58.0,-23.9]},"properties":{"region":1,"fire_occurred":1,"prediction":0.0199}},{"type":"Feature","geometry":{"type":"Point","coordinates":[-57.9,-22.4]},"properties":{"region":1,"fire_occurred":1,"prediction":0.0031}},{"type":"Feature","geometry":{"type":"Point","coordinates":[-57.8,-12.8]},"properties":{"region":1,"fire_occurred":1,"prediction":0.0108}},{"type":"Feature","geometry":{"type":"Point","coordinates":[-57.4,-22.6]},"properties":{"region":1,"fire_occurred":1,"prediction":0.0034}},{"type":"Feature","geometry":{"type":"Point","coordinates":[-57.4,-12.7]},"properties":{"region":1,"fire_occurred":1,"prediction":0.0014}},{"type":"Feature","geometry":{"type":"Point","coordinates":[-57.4,-11.8]},"properties":{"region":1,"fire_occurred":1,"prediction":0.0039}},{"type":"Feature","geometry":{"type":"Point","coordinates":[-57.3,-12.1]},"properties":{"region":1,"fire_occurred":1,"prediction":0.0014}},{"type":"Feature","geometry":{"type":"Point","coordinates":[-57.2,-12.3]},"properties":{"region":1,"fire_occurred":1,"prediction":0.0031}},{"type":"Feature","geometry":{"type":"Point","coordinates":[-57.1,-12.8]},"properties":{"region":1,"fire_occurred":1,"prediction":0.0016}},{"type":"Feature","geometry":{"type":"Point","coordinates":[-57.1,-12.3]},"properties":{"region":1,"fire_occurred":1,"prediction":0.0024}},{"type":"Feature","geometry":{"type":"Point","coordinates":[-57.0,-10.4]},"properties":{"region":1,"fire_occurred":1,"prediction":0.005}},{"type":"Feature","geometry":{"type":"Point","coordinates":[-56.9,-21.2]},"properties":{"region":1,"fire_occurred":1,"prediction":0.0024}},{"type":"Feature","geometry":{"type":"Point","coordinates":[-56.9,-13.3]},"properties":{"region":1,"fire_occurred":1,"prediction":0.005}},{"type":"Feature","geometry":{"type":"Point","coordinates":[-56.9,-13.1]},"properties":{"region":1,"fire_occurred":1,"prediction":0.0056}},{"type":"Feature","geometry":{"type":"Point","coordinates":[-56.9,-12.8]},"properties":{"region":1,"fire_occurred":1,"prediction":0.0018}},{"type":"Feature","geometry":{"type":"Point","coordinates":[-56.8,-23.0]},"properties":{"region":1,"fire_occurred":1,"prediction":0.0032}},{"type":"Feature","geometry":{"type":"Point","coordinates":[-56.7,-21.9]},"properties":{"region":1,"fire_occurred":1,"prediction":0.0016}},{"type":"Feature","geometry":{"type":"Point","coordinates":[-56.7,-13.0]},"properties":{"region":1,"fire_occurred":1,"prediction":0.0036}},{"type":"Feature","geometry":{"type":"Point","coordinates":[-56.7,-11.8]},"properties":{"region":1,"fire_occurred":1,"prediction":0.0026}},{"type":"Feature","geometry":{"type":"Point","coordinates":[-56.7,-11.5]},"properties":{"region":1,"fire_occurred":1,"prediction":0.0037}},{"type":"Feature","geometry":{"type":"Point","coordinates":[-56.6,-21.9]},"properties":{"region":1,"fire_occurred":1,"prediction":0.0031}},{"type":"Feature","geometry":{"type":"Point","coordinates":[-56.6,-13.5]},"properties":{"region":1,"fire_occurred":1,"prediction":0.0029}},{"type":"Feature","geometry":{"type":"Point","coordinates":[-56.6,-11.8]},"properties":{"region":1,"fire_occurred":1,"prediction":0.0016}},{"type":"Feature","geometry":{"type":"Point","coordinates":[-56.4,-12.4]},"properties":{"region":1,"fire_occurred":1,"prediction":0.0034}},{"type":"Feature","geometry":{"type":"Point","coordinates":[-56.4,-11.8]},"properties":{"region":1,"fire_occurred":1,"prediction":0.0051}},{"type":"Feature","geometry":{"type":"Point","coordinates":[-56.3,-22.2]},"properties":{"region":1,"fire_occurred":1,"prediction":0.0022}},{"type":"Feature","geometry":{"type":"Point","coordinates":[-56.2,-9.6]},"properties":{"region":1,"fire_occurred":1,"prediction":0.0107}},{"type":"Feature","geometry":{"type":"Point","coordinates":[-56.1,-11.8]},"properties":{"region":1,"fire_occurred":1,"prediction":0.002}},{"type":"Feature","geometry":{"type":"Point","coordinates":[-56.0,-20.6]},"properties":{"region":1,"fire_occurred":1,"prediction":0.0021}},{"type":"Feature","geometry":{"type":"Point","coordinates":[-56.0,-18.1]},"properties":{"region":1,"fire_occurred":1,"prediction":0.0012}},{"type":"Feature","geometry":{"type":"Point","coordinates":[45.0,-18.8]},"properties":{"region":1,"fire_occurred":1,"prediction":0.0181}},{"type":"Feature","geometry":{"type":"Point","coordinates":[45.2,-16.4]},"properties":{"region":1,"fire_occurred":1,"prediction":0.0129}},{"type":"Feature","geometry":{"type":"Point","coordinates":[45.3,-16.4]},"properties":{"region":1,"fire_occurred":1,"prediction":0.0035}},{"type":"Feature","geometry":{"type":"Point","coordinates":[45.5,-22.7]},"properties":{"region":1,"fire_occurred":1,"prediction":0.0006}},{"type":"Feature","geometry":{"type":"Point","coordinates":[45.6,-22.9]},"properties":{"region":1,"fire_occurred":1,"prediction":0.0045}},{"type":"Feature","geometry":{"type":"Point","coordinates":[76.6,15.1]},"properties":{"region":1,"fire_occurred":0,"prediction":0.1277}},{"type":"Feature","geometry":{"type":"Point","coordinates":[82.5,22.3]},"properties":{"region":1,"fire_occurred":1,"prediction":0.0263}},{"type":"Feature","geometry":{"type":"Point","coordinates":[86.2,22.7]},"properties":{"region":1,"fire_occurred":0,"prediction":0.1447}},{"type":"Feature","geometry":{"type":"Point","coordinates":[86.2,23.7]},"properties":{"region":1,"fire_occurred":0,"prediction":0.1705}},{"type":"Feature","geometry":{"type":"Point","coordinates":[86.3,23.7]},"properties":{"region":1,"fire_occurred":1,"prediction":0.1665}},{"type":"Feature","geometry":{"type":"Point","coordinates":[86.3,23.8]},"properties":{"region":1,"fire_occurred":0,"prediction":0.1938}},{"type":"Feature","geometry":{"type":"Point","coordinates":[88.1,22.5]},"properties":{"region":1,"fire_occurred":1,"prediction":0.0037}},{"type":"Feature","geometry":{"type":"Point","coordinates":[91.3,24.1]},"properties":{"region":1,"fire_occurred":1,"prediction":0.0185}},{"type":"Feature","geometry":{"type":"Point","coordinates":[91.3,24.2]},"properties":{"region":1,"fire_occurred":1,"prediction":0.0048}},{"type":"Feature","geometry":{"type":"Point","coordinates":[93.8,27.2]},"properties":{"region":1,"fire_occurred":1,"prediction":0.0001}},{"type":"Feature","geometry":{"type":"Point","coordinates":[97.1,21.9]},"properties":{"region":1,"fire_occurred":1,"prediction":0.0001}},{"type":"Feature","geometry":{"type":"Point","coordinates":[101.6,1.3]},"properties":{"region":1,"fire_occurred":1,"prediction":0.0692}},{"type":"Feature","geometry":{"type":"Point","coordinates":[102.2,1.3]},"properties":{"region":1,"fire_occurred":0,"prediction":0.1351}},{"type":"Feature","geometry":{"type":"Point","coordinates":[102.3,-0.3]},"properties":{"region":1,"fire_occurred":0,"prediction":0.1032}},{"type":"Feature","geometry":{"type":"Point","coordinates":[103.4,-1.1]},"properties":{"region":1,"fire_occurred":0,"prediction":0.1076}},{"type":"Feature","geometry":{"type":"Point","coordinates":[103.6,-1.4]},"properties":{"region":1,"fire_occurred":0,"prediction":0.1197}},{"type":"Feature","geometry":{"type":"Point","coordinates":[104.8,-4.3]},"properties":{"region":1,"fire_occurred":1,"prediction":0.0095}},{"type":"Feature","geometry":{"type":"Point","coordinates":[105.4,-4.6]},"properties":{"region":1,"fire_occurred":1,"prediction":0.0014}},{"type":"Feature","geometry":{"type":"Point","coordinates":[108.7,15.0]},"properties":{"region":1,"fire_occurred":1,"prediction":0.0066}},{"type":"Feature","geometry":{"type":"Point","coordinates":[112.2,-7.2]},"properties":{"region":1,"fire_occurred":1,"prediction":0.0071}},{"type":"Feature","geometry":{"type":"Point","coordinates":[115.5,-2.2]},"properties":{"region":1,"fire_occurred":0,"prediction":0.2359}},{"type":"Feature","geometry":{"type":"Point","coordinates":[118.2,-8.4]},"properties":{"region":1,"fire_occurred":0,"prediction":0.1188}},{"type":"Feature","geometry":{"type":"Point","coordinates":[121.3,-2.6]},"properties":{"region":1,"fire_occurred":0,"prediction":0.5254}},{"type":"Feature","geometry":{"type":"Point","coordinates":[122.4,-4.0]},"properties":{"region":1,"fire_occurred":0,"prediction":0.1141}},{"type":"Feature","geometry":{"type":"Point","coordinates":[122.4,-3.9]},"properties":{"region":1,"fire_occurred":0,"prediction":0.1876}},{"type":"Feature","geometry":{"type":"Point","coordinates":[125.8,-16.0]},"properties":{"region":1,"fire_occurred":0,"prediction":0.226}},{"type":"Feature","geometry":{"type":"Point","coordinates":[125.8,-15.6]},"properties":{"region":1,"fire_occurred":1,"prediction":0.0347}},{"type":"Feature","geometry":{"type":"Point","coordinates":[126.2,-14.5]},"properties":{"region":1,"fire_occurred":0,"prediction":0.1071}},{"type":"Feature","geometry":{"type":"Point","coordinates":[126.3,-14.5]},"properties":{"region":1,"fire_occurred":0,"prediction":0.1101}},{"type":"Feature","geometry":{"type":"Point","coordinates":[126.4,-14.2]},"properties":{"region":1,"fire_occurred":0,"prediction":0.1071}},{"type":"Feature","geometry":{"type":"Point","coordinates":[127.4,-14.3]},"properties":{"region":1,"fire_occurred":0,"prediction":0.2213}},{"type":"Feature","geometry":{"type":"Point","coordinates":[127.5,-14.2]},"properties":{"region":1,"fire_occurred":0,"prediction":0.1431}},{"type":"Feature","geometry":{"type":"Point","coordinates":[128.2,-15.7]},"properties":{"region":1,"fire_occurred":0,"prediction":0.1132}},{"type":"Feature","geometry":{"type":"Point","coordinates":[128.5,-15.7]},"properties":{"region":1,"fire_occurred":1,"prediction":0.0009}},{"type":"Feature","geometry":{"type":"Point","coordinates":[128.6,-15.7]},"properties":{"region":1,"fire_occurred":1,"prediction":0.0007}},{"type":"Feature","geometry":{"type":"Point","coordinates":[129.6,-14.4]},"properties":{"region":1,"fire_occurred":1,"prediction":0.1089}},{"type":"Feature","geometry":{"type":"Point","coordinates":[129.6,-14.3]},"properties":{"region":1,"fire_occurred":0,"prediction":0.1212}},{"type":"Feature","geometry":{"type":"Point","coordinates":[129.6,-14.2]},"properties":{"region":1,"fire_occurred":1,"prediction":0.0718}},{"type":"Feature","geometry":{"type":"Point","coordinates":[129.7,-14.5]},"properties":{"region":1,"fire_occurred":1,"prediction":0.0554}},{"type":"Feature","geometry":{"type":"Point","coordinates":[129.7,-14.4]},"properties":{"region":1,"fire_occurred":1,"prediction":0.1545}},{"type":"Feature","geometry":{"type":"Point","coordinates":[129.7,-14.1]},"properties":{"region":1,"fire_occurred":1,"prediction":0.1132}},{"type":"Feature","geometry":{"type":"Point","coordinates":[129.8,-14.4]},"properties":{"region":1,"fire_occurred":0,"prediction":0.1095}},{"type":"Feature","geometry":{"type":"Point","coordinates":[129.9,-14.5]},"properties":{"region":1,"fire_occurred":1,"prediction":0.0872}},{"type":"Feature","geometry":{"type":"Point","coordinates":[129.9,-14.4]},"properties":{"region":1,"fire_occurred":0,"prediction":0.1414}},{"type":"Feature","geometry":{"type":"Point","coordinates":[130.0,-14.5]},"properties":{"region":1,"fire_occurred":1,"prediction":0.0133}},{"type":"Feature","geometry":{"type":"Point","coordinates":[130.0,-14.4]},"properties":{"region":1,"fire_occurred":1,"prediction":0.1496}},{"type":"Feature","geometry":{"type":"Point","coordinates":[130.0,-14.2]},"properties":{"region":1,"fire_occurred":0,"prediction":0.1046}},{"type":"Feature","geometry":{"type":"Point","coordinates":[130.0,-14.1]},"properties":{"region":1,"fire_occurred":0,"prediction":0.1185}},{"type":"Feature","geometry":{"type":"Point","coordinates":[130.2,-14.2]},"properties":{"region":1,"fire_occurred":0,"prediction":0.1168}},{"type":"Feature","geometry":{"type":"Point","coordinates":[130.2,-13.2]},"properties":{"region":1,"fire_occurred":0,"prediction":0.1143}},{"type":"Feature","geometry":{"type":"Point","coordinates":[130.2,-13.1]},"properties":{"region":1,"fire_occurred":1,"prediction":0.1205}},{"type":"Feature","geometry":{"type":"Point","coordinates":[130.3,-14.0]},"properties":{"region":1,"fire_occurred":1,"prediction":0.0671}},{"type":"Feature","geometry":{"type":"Point","coordinates":[130.3,-13.9]},"properties":{"region":1,"fire_occurred":0,"prediction":0.133}},{"type":"Feature","geometry":{"type":"Point","coordinates":[130.5,-12.8]},"properties":{"region":1,"fire_occurred":0,"prediction":0.2099}},{"type":"Feature","geometry":{"type":"Point","coordinates":[130.6,-13.8]},"properties":{"region":1,"fire_occurred":1,"prediction":0.0129}},{"type":"Feature","geometry":{"type":"Point","coordinates":[130.7,-13.5]},"properties":{"region":1,"fire_occurred":0,"prediction":0.1226}},{"type":"Feature","geometry":{"type":"Point","coordinates":[130.7,-13.0]},"properties":{"region":1,"fire_occurred":0,"prediction":0.1011}},{"type":"Feature","geometry":{"type":"Point","coordinates":[130.7,-12.9]},"properties":{"region":1,"fire_occurred":0,"prediction":0.1608}},{"type":"Feature","geometry":{"type":"Point","coordinates":[130.7,-12.6]},"properties":{"region":1,"fire_occurred":0,"prediction":0.1081}},{"type":"Feature","geometry":{"type":"Point","coordinates":[130.8,-13.0]},"properties":{"region":1,"fire_occurred":0,"prediction":0.1705}},{"type":"Feature","geometry":{"type":"Point","coordinates":[130.8,-12.9]},"properties":{"region":1,"fire_occurred":0,"prediction":0.1715}},{"type":"Feature","geometry":{"type":"Point","coordinates":[130.9,-13.4]},"properties":{"region":1,"fire_occurred":0,"prediction":0.1937}},{"type":"Feature","geometry":{"type":"Point","coordinates":[130.9,-13.3]},"properties":{"region":1,"fire_occurred":0,"prediction":0.1705}},{"type":"Feature","geometry":{"type":"Point","coordinates":[130.9,-13.1]},"properties":{"region":1,"fire_occurred":0,"prediction":0.1343}},{"type":"Feature","geometry":{"type":"Point","coordinates":[130.9,-13.0]},"properties":{"region":1,"fire_occurred":0,"prediction":0.109}},{"type":"Feature","geometry":{"type":"Point","coordinates":[131.0,-14.9]},"properties":{"region":1,"fire_occurred":1,"prediction":0.0015}},{"type":"Feature","geometry":{"type":"Point","coordinates":[131.0,-13.5]},"properties":{"region":1,"fire_occurred":1,"prediction":0.1022}},{"type":"Feature","geometry":{"type":"Point","coordinates":[131.0,-13.4]},"properties":{"region":1,"fire_occurred":0,"prediction":0.1447}},{"type":"Feature","geometry":{"type":"Point","coordinates":[131.0,-13.3]},"properties":{"region":1,"fire_occurred":0,"prediction":0.1534}},{"type":"Feature","geometry":{"type":"Point","coordinates":[131.0,-13.2]},"properties":{"region":1,"fire_occurred":0,"prediction":0.1966}},{"type":"Feature","geometry":{"type":"Point","coordinates":[131.0,-13.1]},"properties":{"region":1,"fire_occurred":0,"prediction":0.1696}},{"type":"Feature","geometry":{"type":"Point","coordinates":[131.0,-13.0]},"properties":{"region":1,"fire_occurred":0,"prediction":0.1254}},{"type":"Feature","geometry":{"type":"Point","coordinates":[131.1,-13.5]},"properties":{"region":1,"fire_occurred":0,"prediction":0.1662}},{"type":"Feature","geometry":{"type":"Point","coordinates":[131.1,-13.4]},"properties":{"region":1,"fire_occurred":0,"prediction":0.167}},{"type":"Feature","geometry":{"type":"Point","coordinates":[131.1,-13.3]},"properties":{"region":1,"fire_occurred":0,"prediction":0.1547}},{"type":"Feature","geometry":{"type":"Point","coordinates":[131.1,-13.2]},"properties":{"region":1,"fire_occurred":0,"prediction":0.1309}},{"type":"Feature","geometry":{"type":"Point","coordinates":[131.1,-13.1]},"properties":{"region":1,"fire_occurred":0,"prediction":0.1525}},{"type":"Feature","geometry":{"type":"Point","coordinates":[131.1,-13.0]},"properties":{"region":1,"fire_occurred":0,"prediction":0.1931}},{"type":"Feature","geometry":{"type":"Point","coordinates":[131.2,-15.2]},"properties":{"region":1,"fire_occurred":1,"prediction":0.0249}},{"type":"Feature","geometry":{"type":"Point","coordinates":[131.2,-14.1]},"properties":{"region":1,"fire_occurred":1,"prediction":0.3037}},{"type":"Feature","geometry":{"type":"Point","coordinates":[131.2,-13.4]},"properties":{"region":1,"fire_occurred":0,"prediction":0.1337}},{"type":"Feature","geometry":{"type":"Point","coordinates":[131.2,-13.0]},"properties":{"region":1,"fire_occurred":0,"prediction":0.1417}},{"type":"Feature","geometry":{"type":"Point","coordinates":[131.3,-14.1]},"properties":{"region":1,"fire_occurred":0,"prediction":0.1843}},{"type":"Feature","geometry":{"type":"Point","coordinates":[131.3,-13.5]},"properties":{"region":1,"fire_occurred":0,"prediction":0.1513}},{"type":"Feature","geometry":{"type":"Point","coordinates":[131.3,-13.2]},"properties":{"region":1,"fire_occurred":0,"prediction":0.1206}},{"type":"Feature","geometry":{"type":"Point","coordinates":[131.3,-12.7]},"properties":{"region":1,"fire_occurred":0,"prediction":0.1207}},{"type":"Feature","geometry":{"type":"Point","coordinates":[131.4,-14.3]},"properties":{"region":1,"fire_occurred":1,"prediction":0.0948}},{"type":"Feature","geometry":{"type":"Point","coordinates":[131.4,-12.7]},"properties":{"region":1,"fire_occurred":1,"prediction":0.036}},{"type":"Feature","geometry":{"type":"Point","coordinates":[131.5,-12.9]},"properties":{"region":1,"fire_occurred":0,"prediction":0.1111}},{"type":"Feature","geometry":{"type":"Point","coordinates":[131.6,-14.4]},"properties":{"region":1,"fire_occurred":0,"prediction":0.2804}},{"type":"Feature","geometry":{"type":"Point","coordinates":[131.6,-13.0]},"properties":{"region":1,"fire_occurred":0,"prediction":0.1007}},{"type":"Feature","geometry":{"type":"Point","coordinates":[131.7,-15.7]},"properties":{"region":1,"fire_occurred":0,"prediction":0.166}},{"type":"Feature","geometry":{"type":"Point","coordinates":[131.7,-15.6]},"properties":{"region":1,"fire_occurred":0,"prediction":0.1228}},{"type":"Feature","geometry":{"type":"Point","coordinates":[131.7,-13.7]},"properties":{"region":1,"fire_occurred":1,"prediction":0.1148}},{"type":"Feature","geometry":{"type":"Point","coordinates":[131.7,-12.6]},"properties":{"region":1,"fire_occurred":0,"prediction":0.1186}},{"type":"Feature","geometry":{"type":"Point","coordinates":[131.8,-15.6]},"properties":{"region":1,"fire_occurred":0,"prediction":0.146}},{"type":"Feature","geometry":{"type":"Point","coordinates":[131.8,-13.0]},"properties":{"region":1,"fire_occurred":0,"prediction":0.1095}},{"type":"Feature","geometry":{"type":"Point","coordinates":[131.9,-15.9]},"properties":{"region":1,"fire_occurred":0,"prediction":0.2268}},{"type":"Feature","geometry":{"type":"Point","coordinates":[131.9,-15.8]},"properties":{"region":1,"fire_occurred":1,"prediction":0.3088}},{"type":"Feature","geometry":{"type":"Point","coordinates":[131.9,-15.7]},"properties":{"region":1,"fire_occurred":0,"prediction":0.1717}},{"type":"Feature","geometry":{"type":"Point","coordinates":[131.9,-14.4]},"properties":{"region":1,"fire_occurred":0,"prediction":0.2095}},{"type":"Feature","geometry":{"type":"Point","coordinates":[131.9,-13.8]},"properties":{"region":1,"fire_occurred":1,"prediction":0.0301}},{"type":"Feature","geometry":{"type":"Point","coordinates":[131.9,-13.2]},"properties":{"region":1,"fire_occurred":1,"prediction":0.0713}},{"type":"Feature","geometry":{"type":"Point","coordinates":[132.0,-13.9]},"properties":{"region":1,"fire_occurred":1,"prediction":0.097}},{"type":"Feature","geometry":{"type":"Point","coordinates":[132.0,-13.8]},"properties":{"region":1,"fire_occurred":1,"prediction":0.0245}},{"type":"Feature","geometry":{"type":"Point","coordinates":[132.0,-13.4]},"properties":{"region":1,"fire_occurred":1,"prediction":0.0289}},{"type":"Feature","geometry":{"type":"Point","coordinates":[132.0,-13.3]},"properties":{"region":1,"fire_occurred":1,"prediction":0.0239}},{"type":"Feature","geometry":{"type":"Point","coordinates":[132.0,-13.2]},"properties":{"region":1,"fire_occurred":1,"prediction":0.0369}},{"type":"Feature","geometry":{"type":"Point","coordinates":[132.0,-13.0]},"properties":{"region":1,"fire_occurred":0,"prediction":0.1026}},{"type":"Feature","geometry":{"type":"Point","coordinates":[132.1,-13.9]},"properties":{"region":1,"fire_occurred":0,"prediction":0.102}},{"type":"Feature","geometry":{"type":"Point","coordinates":[132.1,-13.1]},"properties":{"region":1,"fire_occurred":0,"prediction":0.1014}},{"type":"Feature","geometry":{"type":"Point","coordinates":[132.1,-13.0]},"properties":{"region":1,"fire_occurred":0,"prediction":0.1157}},{"type":"Feature","geometry":{"type":"Point","coordinates":[132.2,-14.5]},"properties":{"region":1,"fire_occurred":0,"prediction":0.2634}},{"type":"Feature","geometry":{"type":"Point","coordinates":[132.2,-13.0]},"properties":{"region":1,"fire_occurred":0,"prediction":0.153}},{"type":"Feature","geometry":{"type":"Point","coordinates":[132.2,-12.8]},"properties":{"region":1,"fire_occurred":0,"prediction":0.1014}},{"type":"Feature","geometry":{"type":"Point","coordinates":[132.3,-13.4]},"properties":{"region":1,"fire_occurred":1,"prediction":0.028}},{"type":"Feature","geometry":{"type":"Point","coordinates":[132.3,-13.1]},"properties":{"region":1,"fire_occurred":0,"prediction":0.1317}},{"type":"Feature","geometry":{"type":"Point","coordinates":[132.3,-13.0]},"properties":{"region":1,"fire_occurred":0,"prediction":0.1576}},{"type":"Feature","geometry":{"type":"Point","coordinates":[132.3,-12.8]},"properties":{"region":1,"fire_occurred":0,"prediction":0.1197}},{"type":"Feature","geometry":{"type":"Point","coordinates":[132.3,-12.6]},"properties":{"region":1,"fire_occurred":1,"prediction":0.0936}},{"type":"Feature","geometry":{"type":"Point","coordinates":[132.3,-12.5]},"properties":{"region":1,"fire_occurred":0,"prediction":0.1145}},{"type":"Feature","geometry":{"type":"Point","coordinates":[132.4,-14.3]},"properties":{"region":1,"fire_occurred":0,"prediction":0.1282}},{"type":"Feature","geometry":{"type":"Point","coordinates":[132.4,-13.2]},"properties":{"region":1,"fire_occurred":0,"prediction":0.1231}},{"type":"Feature","geometry":{"type":"Point","coordinates":[132.4,-13.1]},"properties":{"region":1,"fire_occurred":0,"prediction":0.1376}},{"type":"Feature","geometry":{"type":"Point","coordinates":[132.4,-12.5]},"properties":{"region":1,"fire_occurred":1,"prediction":0.077}},{"type":"Feature","geometry":{"type":"Point","coordinates":[132.5,-14.0]},"properties":{"region":1,"fire_occurred":1,"prediction":0.1188}},{"type":"Feature","geometry":{"type":"Point","coordinates":[132.5,-13.6]},"properties":{"region":1,"fire_occurred":1,"prediction":0.0281}},{"type":"Feature","geometry":{"type":"Point","coordinates":[132.5,-13.5]},"properties":{"region":1,"fire_occurred":0,"prediction":0.1182}},{"type":"Feature","geometry":{"type":"Point","coordinates":[132.5,-13.1]},"properties":{"region":1,"fire_occurred":0,"prediction":0.1647}},{"type":"Feature","geometry":{"type":"Point","coordinates":[132.6,-14.3]},"properties":{"region":1,"fire_occurred":0,"prediction":0.1397}},{"type":"Feature","geometry":{"type":"Point","coordinates":[132.6,-14.1]},"properties":{"region":1,"fire_occurred":0,"prediction":0.1291}},{"type":"Feature","geometry":{"type":"Point","coordinates":[132.6,-14.0]},"properties":{"region":1,"fire_occurred":1,"prediction":0.1721}},{"type":"Feature","geometry":{"type":"Point","coordinates":[132.6,-13.6]},"properties":{"region":1,"fire_occurred":1,"prediction":0.1016}},{"type":"Feature","geometry":{"type":"Point","coordinates":[132.6,-13.5]},"properties":{"region":1,"fire_occurred":1,"prediction":0.1288}},{"type":"Feature","geometry":{"type":"Point","coordinates":[132.6,-12.9]},"properties":{"region":1,"fire_occurred":0,"prediction":0.1044}},{"type":"Feature","geometry":{"type":"Point","coordinates":[132.6,-12.7]},"properties":{"region":1,"fire_occurred":0,"prediction":0.1016}},{"type":"Feature","geometry":{"type":"Point","coordinates":[132.7,-13.6]},"properties":{"region":1,"fire_occurred":0,"prediction":0.1131}},{"type":"Feature","geometry":{"type":"Point","coordinates":[132.7,-13.5]},"properties":{"region":1,"fire_occurred":1,"prediction":0.093}},{"type":"Feature","geometry":{"type":"Point","coordinates":[132.7,-13.4]},"properties":{"region":1,"fire_occurred":0,"prediction":0.1397}},{"type":"Feature","geometry":{"type":"Point","coordinates":[132.7,-13.0]},"properties":{"region":1,"fire_occurred":0,"prediction":0.1027}},{"type":"Feature","geometry":{"type":"Point","coordinates":[132.7,-12.9]},"properties":{"region":1,"fire_occurred":0,"prediction":0.1174}},{"type":"Feature","geometry":{"type":"Point","coordinates":[132.7,-12.8]},"properties":{"region":1,"fire_occurred":0,"prediction":0.1265}},{"type":"Feature","geometry":{"type":"Point","coordinates":[132.8,-14.4]},"properties":{"region":1,"fire_occurred":0,"prediction":0.1336}},{"type":"Feature","geometry":{"type":"Point","coordinates":[132.8,-13.8]},"properties":{"region":1,"fire_occurred":1,"prediction":0.0382}},{"type":"Feature","geometry":{"type":"Point","coordinates":[132.8,-13.5]},"properties":{"region":1,"fire_occurred":1,"prediction":0.0842}},{"type":"Feature","geometry":{"type":"Point","coordinates":[132.8,-13.3]},"properties":{"region":1,"fire_occurred":0,"prediction":0.1081}},{"type":"Feature","geometry":{"type":"Point","coordinates":[132.8,-12.8]},"properties":{"region":1,"fire_occurred":0,"prediction":0.1335}},{"type":"Feature","geometry":{"type":"Point","coordinates":[132.8,-12.7]},"properties":{"region":1,"fire_occurred":1,"prediction":0.0407}},{"type":"Feature","geometry":{"type":"Point","coordinates":[132.9,-14.6]},"properties":{"region":1,"fire_occurred":0,"prediction":0.239}},{"type":"Feature","geometry":{"type":"Point","coordinates":[132.9,-14.5]},"properties":{"region":1,"fire_occurred":0,"prediction":0.1272}},{"type":"Feature","geometry":{"type":"Point","coordinates":[132.9,-14.4]},"properties":{"region":1,"fire_occurred":0,"prediction":0.1243}},{"type":"Feature","geometry":{"type":"Point","coordinates":[132.9,-13.7]},"properties":{"region":1,"fire_occurred":0,"prediction":0.134}},{"type":"Feature","geometry":{"type":"Point","coordinates":[132.9,-13.6]},"properties":{"region":1,"fire_occurred":0,"prediction":0.2206}},{"type":"Feature","geometry":{"type":"Point","coordinates":[132.9,-13.4]},"properties":{"region":1,"fire_occurred":1,"prediction":0.1381}},{"type":"Feature","geometry":{"type":"Point","coordinates":[132.9,-12.9]},"properties":{"region":1,"fire_occurred":0,"prediction":0.1175}},{"type":"Feature","geometry":{"type":"Point","coordinates":[132.9,-12.8]},"properties":{"region":1,"fire_occurred":0,"prediction":0.1193}},{"type":"Feature","geometry":{"type":"Point","coordinates":[132.9,-12.7]},"properties":{"region":1,"fire_occurred":0,"prediction":0.1379}},{"type":"Feature","geometry":{"type":"Point","coordinates":[133.0,-14.6]},"properties":{"region":1,"fire_occurred":0,"prediction":0.2865}},{"type":"Feature","geometry":{"type":"Point","coordinates":[133.0,-14.5]},"properties":{"region":1,"fire_occurred":0,"prediction":0.3703}},{"type":"Feature","geometry":{"type":"Point","coordinates":[133.0,-14.3]},"properties":{"region":1,"fire_occurred":0,"prediction":0.199}},{"type":"Feature","geometry":{"type":"Point","coordinates":[133.0,-13.8]},"properties":{"region":1,"fire_occurred":0,"prediction":0.1118}},{"type":"Feature","geometry":{"type":"Point","coordinates":[133.0,-13.6]},"properties":{"region":1,"fire_occurred":0,"prediction":0.1224}},{"type":"Feature","geometry":{"type":"Point","coordinates":[133.0,-12.9]},"properties":{"region":1,"fire_occurred":0,"prediction":0.1087}},{"type":"Feature","geometry":{"type":"Point","coordinates":[133.0,-12.4]},"properties":{"region":1,"fire_occurred":0,"prediction":0.1132}},{"type":"Feature","geometry":{"type":"Point","coordinates":[133.1,-14.7]},"properties":{"region":1,"fire_occurred":1,"prediction":0.1913}},{"type":"Feature","geometry":{"type":"Point","coordinates":[133.1,-14.6]},"properties":{"region":1,"fire_occurred":1,"prediction":0.0148}},{"type":"Feature","geometry":{"type":"Point","coordinates":[133.1,-14.5]},"properties":{"region":1,"fire_occurred":0,"prediction":0.3138}},{"type":"Feature","geometry":{"type":"Point","coordinates":[133.1,-14.3]},"properties":{"region":1,"fire_occurred":0,"prediction":0.1388}},{"type":"Feature","geometry":{"type":"Point","coordinates":[133.1,-12.4]},"properties":{"region":1,"fire_occurred":0,"prediction":0.2211}},{"type":"Feature","geometry":{"type":"Point","coordinates":[133.1,-12.3]},"properties":{"region":1,"fire_occurred":0,"prediction":0.1271}},{"type":"Feature","geometry":{"type":"Point","coordinates":[133.1,-12.2]},"properties":{"region":1,"fire_occurred":1,"prediction":0.1665}},{"type":"Feature","geometry":{"type":"Point","coordinates":[133.2,-15.0]},"properties":{"region":1,"fire_occurred":0,"prediction":0.1081}},{"type":"Feature","geometry":{"type":"Point","coordinates":[133.2,-14.6]},"properties":{"region":1,"fire_occurred":1,"prediction":0.1681}},{"type":"Feature","geometry":{"type":"Point","coordinates":[133.2,-14.5]},"properties":{"region":1,"fire_occurred":1,"prediction":0.187}},{"type":"Feature","geometry":{"type":"Point","coordinates":[133.2,-14.3]},"properties":{"region":1,"fire_occurred":0,"prediction":0.1091}},{"type":"Feature","geometry":{"type":"Point","coordinates":[133.2,-12.5]},"properties":{"region":1,"fire_occurred":0,"prediction":0.1561}},{"type":"Feature","geometry":{"type":"Point","coordinates":[133.2,-12.4]},"properties":{"region":1,"fire_occurred":0,"prediction":0.1099}},{"type":"Feature","geometry":{"type":"Point","coordinates":[133.2,-11.9]},"properties":{"region":1,"fire_occurred":0,"prediction":0.126}},{"type":"Feature","geometry":{"type":"Point","coordinates":[133.3,-14.9]},"properties":{"region":1,"fire_occurred":0,"prediction":0.1292}},{"type":"Feature","geometry":{"type":"Point","coordinates":[133.3,-14.6]},"properties":{"region":1,"fire_occurred":0,"prediction":0.262}},{"type":"Feature","geometry":{"type":"Point","coordinates":[133.3,-14.5]},"properties":{"region":1,"fire_occurred":0,"prediction":0.1291}},{"type":"Feature","geometry":{"type":"Point","coordinates":[133.3,-14.4]},"properties":{"region":1,"fire_occurred":0,"prediction":0.1157}},{"type":"Feature","geometry":{"type":"Point","coordinates":[133.3,-13.9]},"properties":{"region":1,"fire_occurred":0,"prediction":0.1022}},{"type":"Feature","geometry":{"type":"Point","coordinates":[133.3,-13.8]},"properties":{"region":1,"fire_occurred":0,"prediction":0.1069}},{"type":"Feature","geometry":{"type":"Point","coordinates":[133.3,-12.4]},"properties":{"region":1,"fire_occurred":0,"prediction":0.1111}},{"type":"Feature","geometry":{"type":"Point","coordinates":[133.3,-11.9]},"properties":{"region":1,"fire_occurred":1,"prediction":0.1611}},{"type":"Feature","geometry":{"type":"Point","coordinates":[133.4,-14.4]},"properties":{"region":1,"fire_occurred":1,"prediction":0.0132}},{"type":"Feature","geometry":{"type":"Point","coordinates":[133.4,-13.9]},"properties":{"region":1,"fire_occurred":0,"prediction":0.1054}},{"type":"Feature","geometry":{"type":"Point","coordinates":[133.6,-14.2]},"properties":{"region":1,"fire_occurred":0,"prediction":0.1622}},{"type":"Feature","geometry":{"type":"Point","coordinates":[133.6,-12.2]},"properties":{"region":1,"fire_occurred":0,"prediction":0.1178}},{"type":"Feature","geometry":{"type":"Point","coordinates":[133.7,-13.7]},"properties":{"region":1,"fire_occurred":1,"prediction":0.0203}},{"type":"Feature","geometry":{"type":"Point","coordinates":[133.7,-12.2]},"properties":{"region":1,"fire_occurred":1,"prediction":0.0217}},{"type":"Feature","geometry":{"type":"Point","coordinates":[133.7,-12.1]},"properties":{"region":1,"fire_occurred":0,"prediction":0.105}},{"type":"Feature","geometry":{"type":"Point","coordinates":[133.8,-13.1]},"properties":{"region":1,"fire_occurred":1,"prediction":0.0237}},{"type":"Feature","geometry":{"type":"Point","coordinates":[133.8,-12.8]},"properties":{"region":1,"fire_occurred":1,"prediction":0.1009}},{"type":"Feature","geometry":{"type":"Point","coordinates":[133.8,-12.2]},"properties":{"region":1,"fire_occurred":0,"prediction":0.1217}},{"type":"Feature","geometry":{"type":"Point","coordinates":[133.8,-12.1]},"properties":{"region":1,"fire_occurred":1,"prediction":0.1832}},{"type":"Feature","geometry":{"type":"Point","coordinates":[133.8,-12.0]},"properties":{"region":1,"fire_occurred":1,"prediction":0.1227}},{"type":"Feature","geometry":{"type":"Point","coordinates":[133.9,-14.1]},"properties":{"region":1,"fire_occurred":0,"prediction":0.1031}},{"type":"Feature","geometry":{"type":"Point","coordinates":[133.9,-14.0]},"properties":{"region":1,"fire_occurred":0,"prediction":0.1135}},{"type":"Feature","geometry":{"type":"Point","coordinates":[133.9,-13.9]},"properties":{"region":1,"fire_occurred":1,"prediction":0.0935}},{"type":"Feature","geometry":{"type":"Point","coordinates":[133.9,-13.1]},"properties":{"region":1,"fire_occurred":0,"prediction":0.107}},{"type":"Feature","geometry":{"type":"Point","coordinates":[133.9,-13.0]},"properties":{"region":1,"fire_occurred":0,"prediction":0.1021}},{"type":"Feature","geometry":{"type":"Point","coordinates":[134.0,-14.0]},"properties":{"region":1,"fire_occurred":0,"prediction":0.1152}},{"type":"Feature","geometry":{"type":"Point","coordinates":[134.0,-13.9]},"properties":{"region":1,"fire_occurred":1,"prediction":0.1031}},{"type":"Feature","geometry":{"type":"Point","coordinates":[134.0,-13.2]},"properties":{"region":1,"fire_occurred":0,"prediction":0.1065}},{"type":"Feature","geometry":{"type":"Point","coordinates":[134.0,-13.0]},"properties":{"region":1,"fire_occurred":0,"prediction":0.1394}},{"type":"Feature","geometry":{"type":"Point","coordinates":[134.0,-12.8]},"properties":{"region":1,"fire_occurred":0,"prediction":0.1194}},{"type":"Feature","geometry":{"type":"Point","coordinates":[134.0,-12.6]},"properties":{"region":1,"fire_occurred":1,"prediction":0.0276}},{"type":"Feature","geometry":{"type":"Point","coordinates":[134.0,-12.1]},"properties":{"region":1,"fire_occurred":0,"prediction":0.1253}},{"type":"Feature","geometry":{"type":"Point","coordinates":[134.1,-13.2]},"properties":{"region":1,"fire_occurred":0,"prediction":0.1108}},{"type":"Feature","geometry":{"type":"Point","coordinates":[134.1,-12.8]},"properties":{"region":1,"fire_occurred":0,"prediction":0.1736}},{"type":"Feature","geometry":{"type":"Point","coordinates":[134.2,-13.7]},"properties":{"region":1,"fire_occurred":1,"prediction":0.0167}},{"type":"Feature","geometry":{"type":"Point","coordinates":[134.2,-13.3]},"properties":{"region":1,"fire_occurred":0,"prediction":0.1016}},{"type":"Feature","geometry":{"type":"Point","coordinates":[134.2,-12.8]},"properties":{"region":1,"fire_occurred":0,"prediction":0.1805}},{"type":"Feature","geometry":{"type":"Point","coordinates":[134.3,-13.1]},"properties":{"region":1,"fire_occurred":0,"prediction":0.1279}},{"type":"Feature","geometry":{"type":"Point","coordinates":[134.3,-12.9]},"properties":{"region":1,"fire_occurred":0,"prediction":0.1569}},{"type":"Feature","geometry":{"type":"Point","coordinates":[134.3,-12.8]},"properties":{"region":1,"fire_occurred":0,"prediction":0.1496}},{"type":"Feature","geometry":{"type":"Point","coordinates":[134.4,-13.0]},"properties":{"region":1,"fire_occurred":0,"prediction":0.129}},{"type":"Feature","geometry":{"type":"Point","coordinates":[134.5,-15.2]},"properties":{"region":1,"fire_occurred":0,"prediction":0.1124}},{"type":"Feature","geometry":{"type":"Point","coordinates":[134.5,-15.1]},"properties":{"region":1,"fire_occurred":0,"prediction":0.1229}},{"type":"Feature","geometry":{"type":"Point","coordinates":[134.5,-12.5]},"properties":{"region":1,"fire_occurred":0,"prediction":0.1304}},{"type":"Feature","geometry":{"type":"Point","coordinates":[134.6,-15.4]},"properties":{"region":1,"fire_occurred":1,"prediction":0.1118}},{"type":"Feature","geometry":{"type":"Point","coordinates":[134.6,-15.3]},"properties":{"region":1,"fire_occurred":0,"prediction":0.1361}},{"type":"Feature","geometry":{"type":"Point","coordinates":[134.6,-15.2]},"properties":{"region":1,"fire_occurred":0,"prediction":0.1423}},{"type":"Feature","geometry":{"type":"Point","coordinates":[134.6,-14.8]},"properties":{"region":1,"fire_occurred":0,"prediction":0.1123}},{"type":"Feature","geometry":{"type":"Point","coordinates":[134.6,-12.9]},"properties":{"region":1,"fire_occurred":0,"prediction":0.1354}},{"type":"Feature","geometry":{"type":"Point","coordinates":[134.6,-12.8]},"properties":{"region":1,"fire_occurred":0,"prediction":0.1294}},{"type":"Feature","geometry":{"type":"Point","coordinates":[134.6,-12.7]},"properties":{"region":1,"fire_occurred":0,"prediction":0.172}},{"type":"Feature","geometry":{"type":"Point","coordinates":[134.6,-12.5]},"properties":{"region":1,"fire_occurred":0,"prediction":0.1701}},{"type":"Feature","geometry":{"type":"Point","coordinates":[134.7,-15.4]},"properties":{"region":1,"fire_occurred":0,"prediction":0.2068}},{"type":"Feature","geometry":{"type":"Point","coordinates":[134.7,-12.9]},"properties":{"region":1,"fire_occurred":0,"prediction":0.1011}},{"type":"Feature","geometry":{"type":"Point","coordinates":[134.7,-12.8]},"properties":{"region":1,"fire_occurred":0,"prediction":0.2093}},{"type":"Feature","geometry":{"type":"Point","coordinates":[134.8,-15.3]},"properties":{"region":1,"fire_occurred":1,"prediction":0.1263}},{"type":"Feature","geometry":{"type":"Point","coordinates":[134.8,-12.4]},"properties":{"region":1,"fire_occurred":0,"prediction":0.1486}},{"type":"Feature","geometry":{"type":"Point","coordinates":[134.9,-12.4]},"properties":{"region":1,"fire_occurred":1,"prediction":0.0353}},{"type":"Feature","geometry":{"type":"Point","coordinates":[136.2,-16.0]},"properties":{"region":1,"fire_occurred":1,"prediction":0.0168}},{"type":"Feature","geometry":{"type":"Point","coordinates":[136.3,-15.9]},"properties":{"region":1,"fire_occurred":1,"prediction":0.0062}},{"type":"Feature","geometry":{"type":"Point","coordinates":[136.4,-16.6]},"properties":{"region":1,"fire_occurred":0,"prediction":0.1437}},{"type":"Feature","geometry":{"type":"Point","coordinates":[136.4,-16.4]},"properties":{"region":1,"fire_occurred":0,"prediction":0.1832}},{"type":"Feature","geometry":{"type":"Point","coordinates":[136.4,-16.3]},"properties":{"region":1,"fire_occurred":0,"prediction":0.2004}},{"type":"Feature","geometry":{"type":"Point","coordinates":[136.4,-2.3]},"properties":{"region":1,"fire_occurred":1,"prediction":0.0042}},{"type":"Feature","geometry":{"type":"Point","coordinates":[136.5,-16.5]},"properties":{"region":1,"fire_occurred":1,"prediction":0.1423}},{"type":"Feature","geometry":{"type":"Point","coordinates":[136.5,-16.4]},"properties":{"region":1,"fire_occurred":0,"prediction":0.1234}},{"type":"Feature","geometry":{"type":"Point","coordinates":[136.5,-16.3]},"properties":{"region":1,"fire_occurred":1,"prediction":0.0879}},{"type":"Feature","geometry":{"type":"Point","coordinates":[136.5,-16.0]},"properties":{"region":1,"fire_occurred":0,"prediction":0.1193}},{"type":"Feature","geometry":{"type":"Point","coordinates":[136.6,-16.5]},"properties":{"region":1,"fire_occurred":1,"prediction":0.0112}},{"type":"Feature","geometry":{"type":"Point","coordinates":[136.6,-16.1]},"properties":{"region":1,"fire_occurred":0,"prediction":0.1388}},{"type":"Feature","geometry":{"type":"Point","coordinates":[136.8,-16.3]},"properties":{"region":1,"fire_occurred":0,"prediction":0.1029}},{"type":"Feature","geometry":{"type":"Point","coordinates":[136.9,-16.7]},"properties":{"region":1,"fire_occurred":1,"prediction":0.0104}},{"type":"Feature","geometry":{"type":"Point","coordinates":[137.7,-16.7]},"properties":{"region":1,"fire_occurred":1,"prediction":0.0041}},{"type":"Feature","geometry":{"type":"Point","coordinates":[137.8,-16.7]},"properties":{"region":1,"fire_occurred":1,"prediction":0.1044}},{"type":"Feature","geometry":{"type":"Point","coordinates":[138.6,-3.7]},"properties":{"region":1,"fire_occurred":1,"prediction":0.0174}},{"type":"Feature","geometry":{"type":"Point","coordinates":[138.7,-3.8]},"properties":{"region":1,"fire_occurred":1,"prediction":0.0123}},{"type":"Feature","geometry":{"type":"Point","coordinates":[138.8,-17.0]},"properties":{"region":1,"fire_occurred":1,"prediction":0.0069}},{"type":"Feature","geometry":{"type":"Point","coordinates":[140.5,-7.5]},"properties":{"region":1,"fire_occurred":1,"prediction":0.0007}},{"type":"Feature","geometry":{"type":"Point","coordinates":[140.6,-2.7]},"properties":{"region":1,"fire_occurred":1,"prediction":0.0062}},{"type":"Feature","geometry":{"type":"Point","coordinates":[142.3,-5.4]},"properties":{"region":1,"fire_occurred":1,"prediction":0.0073}},{"type":"Feature","geometry":{"type":"Point","coordinates":[142.3,-5.3]},"properties":{"region":1,"fire_occurred":1,"prediction":0.026}},{"type":"Feature","geometry":{"type":"Point","coordinates":[142.9,-15.9]},"properties":{"region":1,"fire_occurred":0,"prediction":0.1012}},{"type":"Feature","geometry":{"type":"Point","coordinates":[143.0,-15.9]},"properties":{"region":1,"fire_occurred":0,"prediction":0.113}},{"type":"Feature","geometry":{"type":"Point","coordinates":[143.1,-15.9]},"properties":{"region":1,"fire_occurred":0,"prediction":0.1134}},{"type":"Feature","geometry":{"type":"Point","coordinates":[143.4,-4.5]},"properties":{"region":1,"fire_occurred":1,"prediction":0.0172}},{"type":"Feature","geometry":{"type":"Point","coordinates":[143.5,-15.9]},"properties":{"region":1,"fire_occurred":1,"prediction":0.0062}},{"type":"Feature","geometry":{"type":"Point","coordinates":[143.5,-4.1]},"properties":{"region":1,"fire_occurred":1,"prediction":0.0254}},{"type":"Feature","geometry":{"type":"Point","coordinates":[144.1,-16.3]},"properties":{"region":1,"fire_occurred":0,"prediction":0.107}},{"type":"Feature","geometry":{"type":"Point","coordinates":[144.2,-16.1]},"properties":{"region":1,"fire_occurred":0,"prediction":0.1075}},{"type":"Feature","geometry":{"type":"Point","coordinates":[144.7,-16.9]},"properties":{"region":1,"fire_occurred":1,"prediction":0.0199}},{"type":"Feature","geometry":{"type":"Point","coordinates":[144.9,-16.8]},"properties":{"region":1,"fire_occurred":0,"prediction":0.1151}},{"type":"Feature","geometry":{"type":"Point","coordinates":[144.9,-16.0]},"properties":{"region":1,"fire_occurred":0,"prediction":0.109}},{"type":"Feature","geometry":{"type":"Point","coordinates":[145.8,-6.0]},"properties":{"region":1,"fire_occurred":1,"prediction":0.1871}},{"type":"Feature","geometry":{"type":"Point","coordinates":[145.9,-6.1]},"properties":{"region":1,"fire_occurred":0,"prediction":0.125}},{"type":"Feature","geometry":{"type":"Point","coordinates":[146.0,-6.3]},"properties":{"region":1,"fire_occurred":0,"prediction":0.1017}},{"type":"Feature","geometry":{"type":"Point","coordinates":[146.0,-6.2]},"properties":{"region":1,"fire_occurred":0,"prediction":0.2357}},{"type":"Feature","geometry":{"type":"Point","coordinates":[146.0,-6.1]},"properties":{"region":1,"fire_occurred":0,"prediction":0.1023}},{"type":"Feature","geometry":{"type":"Point","coordinates":[146.2,-6.5]},"properties":{"region":1,"fire_occurred":0,"prediction":0.1777}},{"type":"Feature","geometry":{"type":"Point","coordinates":[146.3,-6.6]},"properties":{"region":1,"fire_occurred":0,"prediction":0.1265}},{"type":"Feature","geometry":{"type":"Point","coordinates":[165.2,-20.9]},"properties":{"region":1,"fire_occurred":1,"prediction":0.0011}},{"type":"Feature","geometry":{"type":"Point","coordinates":[-116.7,43.3]},"properties":{"region":2,"fire_occurred":1,"prediction":0.0005}},{"type":"Feature","geometry":{"type":"Point","coordinates":[-116.5,33.5]},"properties":{"region":2,"fire_occurred":1,"prediction":0.0021}},{"type":"Feature","geometry":{"type":"Point","coordinates":[-115.8,31.7]},"properties":{"region":2,"fire_occurred":1,"prediction":0.6211}},{"type":"Feature","geometry":{"type":"Point","coordinates":[-115.7,31.6]},"properties":{"region":2,"fire_occurred":1,"prediction":0.1324}},{"type":"Feature","geometry":{"type":"Point","coordinates":[-115.7,31.7]},"properties":{"region":2,"fire_occurred":1,"prediction":0.1366}},{"type":"Feature","geometry":{"type":"Point","coordinates":[-115.6,32.8]},"properties":{"region":2,"fire_occurred":1,"prediction":0.0046}},{"type":"Feature","geometry":{"type":"Point","coordinates":[-115.5,31.3]},"properties":{"region":2,"fire_occurred":1,"prediction":0.0958}},{"type":"Feature","geometry":{"type":"Point","coordinates":[-115.2,32.5]},"properties":{"region":2,"fire_occurred":1,"prediction":0.0386}},{"type":"Feature","geometry":{"type":"Point","coordinates":[-115.2,32.6]},"properties":{"region":2,"fire_occurred":1,"prediction":0.0085}},{"type":"Feature","geometry":{"type":"Point","coordinates":[-114.9,32.6]},"properties":{"region":2,"fire_occurred":0,"prediction":0.1017}},{"type":"Feature","geometry":{"type":"Point","coordinates":[-114.4,38.2]},"properties":{"region":2,"fire_occurred":0,"prediction":0.1474}},{"type":"Feature","geometry":{"type":"Point","coordinates":[-114.0,41.9]},"properties":{"region":2,"fire_occurred":0,"prediction":0.1115}},{"type":"Feature","geometry":{"type":"Point","coordinates":[-114.0,42.1]},"properties":{"region":2,"fire_occurred":0,"prediction":0.1147}},{"type":"Feature","geometry":{"type":"Point","coordinates":[-113.0,32.0]},"properties":{"region":2,"fire_occurred":1,"prediction":0.0026}},{"type":"Feature","geometry":{"type":"Point","coordinates":[-112.7,37.6]},"properties":{"region":2,"fire_occurred":0,"prediction":0.1115}},{"type":"Feature","geometry":{"type":"Point","coordinates":[-111.9,34.7]},"properties":{"region":2,"fire_occurred":1,"prediction":0.0064}},{"type":"Feature","geometry":{"type":"Point","coordinates":[-111.9,35.4]},"properties":{"region":2,"fire_occurred":0,"prediction":0.7758}},{"type":"Feature","geometry":{"type":"Point","coordinates":[-111.9,35.5]},"properties":{"region":2,"fire_occurred":1,"prediction":0.7419}},{"type":"Feature","geometry":{"type":"Point","coordinates":[-111.8,35.5]},"properties":{"region":2,"fire_occurred":1,"prediction":0.7192}},{"type":"Feature","geometry":{"type":"Point","coordinates":[-111.2,33.1]},"properties":{"region":2,"fire_occurred":0,"prediction":0.2958}},{"type":"Feature","geometry":{"type":"Point","coordinates":[-111.2,33.2]},"properties":{"region":2,"fire_occurred":0,"prediction":0.1585}},{"type":"Feature","geometry":{"type":"Point","coordinates":[-111.1,33.1]},"properties":{"region":2,"fire_occurred":0,"prediction":0.3419}},{"type":"Feature","geometry":{"type":"Point","coordinates":[-111.1,33.2]},"properties":{"region":2,"fire_occurred":0,"prediction":0.3533}},{"type":"Feature","geometry":{"type":"Point","coordinates":[-111.1,33.3]},"properties":{"region":2,"fire_occurred":0,"prediction":0.7091}},{"type":"Feature","geometry":{"type":"Point","coordinates":[-111.0,33.2]},"properties":{"region":2,"fire_occurred":0,"prediction":0.6712}},{"type":"Feature","geometry":{"type":"Point","coordinates":[-111.0,33.3]},"properties":{"region":2,"fire_occurred":1,"prediction":0.6316}},{"type":"Feature","geometry":{"type":"Point","coordinates":[-111.0,39.7]},"properties":{"region":2,"fire_occurred":1,"prediction":0.6276}},{"type":"Feature","geometry":{"type":"Point","coordinates":[-110.9,33.2]},"properties":{"region":2,"fire_occurred":1,"prediction":0.5882}},{"type":"Feature","geometry":{"type":"Point","coordinates":[-110.9,33.3]},"properties":{"region":2,"fire_occurred":1,"prediction":0.5988}},{"type":"Feature","geometry":{"type":"Point","coordinates":[-110.9,39.7]},"properties":{"region":2,"fire_occurred":1,"prediction":0.6158}},{"type":"Feature","geometry":{"type":"Point","coordinates":[-110.8,31.4]},"properties":{"region":2,"fire_occurred":0,"prediction":0.4436}},{"type":"Feature","geometry":{"type":"Point","coordinates":[-110.8,33.1]},"properties":{"region":2,"fire_occurred":0,"prediction":0.1384}},{"type":"Feature","geometry":{"type":"Point","coordinates":[-110.8,33.2]},"properties":{"region":2,"fire_occurred":1,"prediction":0.3368}},{"type":"Feature","geometry":{"type":"Point","coordinates":[-110.7,33.1]},"properties":{"region":2,"fire_occurred":0,"prediction":0.1325}},{"type":"Feature","geometry":{"type":"Point","coordinates":[-110.7,33.2]},"properties":{"region":2,"fire_occurred":0,"prediction":0.3864}},{"type":"Feature","geometry":{"type":"Point","coordinates":[-110.7,33.3]},"properties":{"region":2,"fire_occurred":0,"prediction":0.4962}},{"type":"Feature","geometry":{"type":"Point","coordinates":[-110.6,33.1]},"properties":{"region":2,"fire_occurred":0,"prediction":0.2607}},{"type":"Feature","geometry":{"type":"Point","coordinates":[-110.6,33.2]},"properties":{"region":2,"fire_occurred":0,"prediction":0.1165}},{"type":"Feature","geometry":{"type":"Point","coordinates":[-110.6,33.3]},"properties":{"region":2,"fire_occurred":0,"prediction":0.1484}},{"type":"Feature","geometry":{"type":"Point","coordinates":[-110.3,32.8]},"properties":{"region":2,"fire_occurred":1,"prediction":0.5914}},{"type":"Feature","geometry":{"type":"Point","coordinates":[-110.3,36.6]},"properties":{"region":2,"fire_occurred":0,"prediction":0.2398}},{"type":"Feature","geometry":{"type":"Point","coordinates":[-110.2,32.8]},"properties":{"region":2,"fire_occurred":1,"prediction":0.5314}},{"type":"Feature","geometry":{"type":"Point","coordinates":[-110.2,32.9]},"properties":{"region":2,"fire_occurred":1,"prediction":0.0042}},{"type":"Feature","geometry":{"type":"Point","coordinates":[-109.4,38.4]},"properties":{"region":2,"fire_occurred":1,"prediction":0.4479}},{"type":"Feature","geometry":{"type":"Point","coordinates":[-109.3,28.6]},"properties":{"region":2,"fire_occurred":0,"prediction":0.2307}},{"type":"Feature","geometry":{"type":"Point","coordinates":[-109.3,38.4]},"properties":{"region":2,"fire_occurred":1,"prediction":0.0743}},{"type":"Feature","geometry":{"type":"Point","coordinates":[-109.2,33.3]},"properties":{"region":2,"fire_occurred":0,"prediction":0.4251}},{"type":"Feature","geometry":{"type":"Point","coordinates":[-108.9,32.9]},"properties":{"region":2,"fire_occurred":0,"prediction":0.1654}},{"type":"Feature","geometry":{"type":"Point","coordinates":[-108.9,39.8]},"properties":{"region":2,"fire_occurred":0,"prediction":0.1089}},{"type":"Feature","geometry":{"type":"Point","coordinates":[-108.7,27.0]},"properties":{"region":2,"fire_occurred":0,"prediction":0.144}},{"type":"Feature","geometry":{"type":"Point","coordinates":[-108.7,33.2]},"properties":{"region":2,"fire_occurred":0,"prediction":0.1376}},{"type":"Feature","geometry":{"type":"Point","coordinates":[-108.6,33.1]},"properties":{"region":2,"fire_occurred":1,"prediction":0.5099}},{"type":"Feature","geometry":{"type":"Point","coordinates":[-108.6,33.2]},"properties":{"region":2,"fire_occurred":1,"prediction":0.3526}},{"type":"Feature","geometry":{"type":"Point","coordinates":[-108.6,33.3]},"properties":{"region":2,"fire_occurred":1,"prediction":0.0017}},{"type":"Feature","geometry":{"type":"Point","coordinates":[-108.5,28.3]},"properties":{"region":2,"fire_occurred":1,"prediction":0.2356}},{"type":"Feature","geometry":{"type":"Point","coordinates":[-108.5,28.4]},"properties":{"region":2,"fire_occurred":1,"prediction":0.2399}},{"type":"Feature","geometry":{"type":"Point","coordinates":[-108.5,33.1]},"properties":{"region":2,"fire_occurred":1,"prediction":0.3408}},{"type":"Feature","geometry":{"type":"Point","coordinates":[-108.5,33.2]},"properties":{"region":2,"fire_occurred":1,"prediction":0.1323}},{"type":"Feature","geometry":{"type":"Point","coordinates":[-108.4,28.3]},"properties":{"region":2,"fire_occurred":1,"prediction":0.0824}},{"type":"Feature","geometry":{"type":"Point","coordinates":[-108.4,30.3]},"properties":{"region":2,"fire_occurred":1,"prediction":0.4902}},{"type":"Feature","geometry":{"type":"Point","coordinates":[-108.4,33.1]},"properties":{"region":2,"fire_occurred":1,"prediction":0.4032}},{"type":"Feature","geometry":{"type":"Point","coordinates":[-108.4,33.2]},"properties":{"region":2,"fire_occurred":0,"prediction":0.1537}},{"type":"Feature","geometry":{"type":"Point","coordinates":[-108.3,28.0]},"properties":{"region":2,"fire_occurred":1,"prediction":0.0113}},{"type":"Feature","geometry":{"type":"Point","coordinates":[-108.3,30.3]},"properties":{"region":2,"fire_occurred":0,"prediction":0.3048}},{"type":"Feature","geometry":{"type":"Point","coordinates":[-108.2,25.8]},"properties":{"region":2,"fire_occurred":1,"prediction":0.0217}},{"type":"Feature","geometry":{"type":"Point","coordinates":[-108.2,27.6]},"properties":{"region":2,"fire_occurred":0,"prediction":0.1547}},{"type":"Feature","geometry":{"type":"Point","coordinates":[-108.2,28.1]},"properties":{"region":2,"fire_occurred":1,"prediction":0.0054}},{"type":"Feature","geometry":{"type":"Point","coordinates":[-108.1,27.2]},"properties":{"region":2,"fire_occurred":1,"prediction":0.0084}},{"type":"Feature","geometry":{"type":"Point","coordinates":[-108.1,27.6]},"properties":{"region":2,"fire_occurred":1,"prediction":0.1267}},{"type":"Feature","geometry":{"type":"Point","coordinates":[-108.1,27.7]},"properties":{"region":2,"fire_occurred":0,"prediction":0.1765}},{"type":"Feature","geometry":{"type":"Point","coordinates":[-108.1,28.4]},"properties":{"region":2,"fire_occurred":0,"prediction":0.1493}},{"type":"Feature","geometry":{"type":"Point","coordinates":[-107.9,27.9]},"properties":{"region":2,"fire_occurred":1,"prediction":0.2535}},{"type":"Feature","geometry":{"type":"Point","coordinates":[-107.7,25.7]},"properties":{"region":2,"fire_occurred":0,"prediction":0.102}},{"type":"Feature","geometry":{"type":"Point","coordinates":[-107.7,26.4]},"properties":{"region":2,"fire_occurred":1,"prediction":0.0285}},{"type":"Feature","geometry":{"type":"Point","coordinates":[-107.7,27.7]},"properties":{"region":2,"fire_occurred":1,"prediction":0.0023}},{"type":"Feature","geometry":{"type":"Point","coordinates":[-107.7,27.8]},"properties":{"region":2,"fire_occurred":1,"prediction":0.0033}},{"type":"Feature","geometry":{"type":"Point","coordinates":[-107.7,27.9]},"properties":{"region":2,"fire_occurred":0,"prediction":0.2874}},{"type":"Feature","geometry":{"type":"Point","coordinates":[-107.6,26.5]},"properties":{"region":2,"fire_occurred":1,"prediction":0.0092}},{"type":"Feature","geometry":{"type":"Point","coordinates":[-107.6,26.8]},"properties":{"region":2,"fire_occurred":1,"prediction":0.0285}},{"type":"Feature","geometry":{"type":"Point","coordinates":[-107.5,26.1]},"properties":{"region":2,"fire_occurred":1,"prediction":0.0359}},{"type":"Feature","geometry":{"type":"Point","coordinates":[-107.5,26.5]},"properties":{"region":2,"fire_occurred":1,"prediction":0.0842}},{"type":"Feature","geometry":{"type":"Point","coordinates":[-107.5,26.8]},"properties":{"region":2,"fire_occurred":1,"prediction":0.0268}},{"type":"Feature","geometry":{"type":"Point","coordinates":[-107.5,26.9]},"properties":{"region":2,"fire_occurred":1,"prediction":0.0098}},{"type":"Feature","geometry":{"type":"Point","coordinates":[-107.5,27.9]},"properties":{"region":2,"fire_occurred":1,"prediction":0.2695}},{"type":"Feature","geometry":{"type":"Point","coordinates":[-107.5,28.0]},"properties":{"region":2,"fire_occurred":1,"prediction":0.3659}},{"type":"Feature","geometry":{"type":"Point","coordinates":[-107.4,26.4]},"properties":{"region":2,"fire_occurred":1,"prediction":0.057}},{"type":"Feature","geometry":{"type":"Point","coordinates":[-107.4,26.5]},"properties":{"region":2,"fire_occurred":1,"prediction":0.0444}},{"type":"Feature","geometry":{"type":"Point","coordinates":[-107.4,26.7]},"properties":{"region":2,"fire_occurred":1,"prediction":0.0335}},{"type":"Feature","geometry":{"type":"Point","coordinates":[-107.4,26.8]},"properties":{"region":2,"fire_occurred":1,"prediction":0.012}},{"type":"Feature","geometry":{"type":"Point","coordinates":[-107.4,26.9]},"properties":{"region":2,"fire_occurred":1,"prediction":0.0238}},{"type":"Feature","geometry":{"type":"Point","coordinates":[-107.4,27.0]},"properties":{"region":2,"fire_occurred":1,"prediction":0.0125}},{"type":"Feature","geometry":{"type":"Point","coordinates":[-107.4,27.9]},"properties":{"region":2,"fire_occurred":1,"prediction":0.174}},{"type":"Feature","geometry":{"type":"Point","coordinates":[-107.4,28.0]},"properties":{"region":2,"fire_occurred":1,"prediction":0.1823}},{"type":"Feature","geometry":{"type":"Point","coordinates":[-107.3,25.2]},"properties":{"region":2,"fire_occurred":0,"prediction":0.1254}},{"type":"Feature","geometry":{"type":"Point","coordinates":[-107.3,26.3]},"properties":{"region":2,"fire_occurred":1,"prediction":0.0592}},{"type":"Feature","geometry":{"type":"Point","coordinates":[-107.3,26.4]},"properties":{"region":2,"fire_occurred":1,"prediction":0.0179}},{"type":"Feature","geometry":{"type":"Point","coordinates":[-107.3,26.5]},"properties":{"region":2,"fire_occurred":1,"prediction":0.0166}},{"type":"Feature","geometry":{"type":"Point","coordinates":[-107.3,26.7]},"properties":{"region":2,"fire_occurred":1,"prediction":0.0746}},{"type":"Feature","geometry":{"type":"Point","coordinates":[-107.3,26.8]},"properties":{"region":2,"fire_occurred":1,"prediction":0.0667}},{"type":"Feature","geometry":{"type":"Point","coordinates":[-107.2,26.2]},"properties":{"region":2,"fire_occurred":1,"prediction":0.0742}},{"type":"Feature","geometry":{"type":"Point","coordinates":[-107.2,26.3]},"properties":{"region":2,"fire_occurred":1,"prediction":0.0141}},{"type":"Feature","geometry":{"type":"Point","coordinates":[-107.2,26.9]},"properties":{"region":2,"fire_occurred":1,"prediction":0.0178}},{"type":"Feature","geometry":{"type":"Point","coordinates":[-107.2,27.1]},"properties":{"region":2,"fire_occurred":1,"prediction":0.0053}},{"type":"Feature","geometry":{"type":"Point","coordinates":[-107.1,26.0]},"properties":{"region":2,"fire_occurred":1,"prediction":0.0972}},{"type":"Feature","geometry":{"type":"Point","coordinates":[-107.1,26.1]},"properties":{"region":2,"fire_occurred":1,"prediction":0.0538}},{"type":"Feature","geometry":{"type":"Point","coordinates":[-107.1,26.2]},"properties":{"region":2,"fire_occurred":1,"prediction":0.0437}},{"type":"Feature","geometry":{"type":"Point","coordinates":[-107.1,26.5]},"properties":{"region":2,"fire_occurred":1,"prediction":0.091}},{"type":"Feature","geometry":{"type":"Point","coordinates":[-107.1,26.6]},"properties":{"region":2,"fire_occurred":1,"prediction":0.0811}},{"type":"Feature","geometry":{"type":"Point","coordinates":[-107.1,27.0]},"properties":{"region":2,"fire_occurred":1,"prediction":0.1983}},{"type":"Feature","geometry":{"type":"Point","coordinates":[-107.1,27.1]},"properties":{"region":2,"fire_occurred":1,"prediction":0.041}},{"type":"Feature","geometry":{"type":"Point","coordinates":[-107.0,25.8]},"properties":{"region":2,"fire_occurred":1,"prediction":0.0033}},{"type":"Feature","geometry":{"type":"Point","coordinates":[-107.0,26.1]},"properties":{"region":2,"fire_occurred":1,"prediction":0.147}},{"type":"Feature","geometry":{"type":"Point","coordinates":[-107.0,26.2]},"properties":{"region":2,"fire_occurred":1,"prediction":0.085}},{"type":"Feature","geometry":{"type":"Point","coordinates":[-107.0,26.3]},"properties":{"region":2,"fire_occurred":1,"prediction":0.1047}},{"type":"Feature","geometry":{"type":"Point","coordinates":[-107.0,26.4]},"properties":{"region":2,"fire_occurred":1,"prediction":0.1932}},{"type":"Feature","geometry":{"type":"Point","coordinates":[-107.0,26.6]},"properties":{"region":2,"fire_occurred":1,"prediction":0.0298}},{"type":"Feature","geometry":{"type":"Point","coordinates":[-106.9,25.4]},"properties":{"region":2,"fire_occurred":1,"prediction":0.0131}},{"type":"Feature","geometry":{"type":"Point","coordinates":[-106.9,26.0]},"properties":{"region":2,"fire_occurred":1,"prediction":0.0165}},{"type":"Feature","geometry":{"type":"Point","coordinates":[-106.9,26.2]},"properties":{"region":2,"fire_occurred":1,"prediction":0.1888}},{"type":"Feature","geometry":{"type":"Point","coordinates":[-106.9,26.3]},"properties":{"region":2,"fire_occurred":1,"prediction":0.2219}},{"type":"Feature","geometry":{"type":"Point","coordinates":[-106.8,25.9]},"properties":{"region":2,"fire_occurred":1,"prediction":0.0223}},{"type":"Feature","geometry":{"type":"Point","coordinates":[-106.8,26.0]},"properties":{"region":2,"fire_occurred":1,"prediction":0.1485}},{"type":"Feature","geometry":{"type":"Point","coordinates":[-106.8,26.1]},"properties":{"region":2,"fire_occurred":1,"prediction":0.0972}},{"type":"Feature","geometry":{"type":"Point","coordinates":[-106.8,26.2]},"properties":{"region":2,"fire_occurred":1,"prediction":0.0917}},{"type":"Feature","geometry":{"type":"Point","coordinates":[-106.8,26.3]},"properties":{"region":2,"fire_occurred":1,"prediction":0.01}},{"type":"Feature","geometry":{"type":"Point","coordinates":[-106.8,26.4]},"properties":{"region":2,"fire_occurred":1,"prediction":0.2314}},{"type":"Feature","geometry":{"type":"Point","coordinates":[-106.8,26.5]},"properties":{"region":2,"fire_occurred":1,"prediction":0.0421}},{"type":"Feature","geometry":{"type":"Point","coordinates":[-106.7,25.7]},"properties":{"region":2,"fire_occurred":1,"prediction":0.0372}},{"type":"Feature","geometry":{"type":"Point","coordinates":[-106.7,25.8]},"properties":{"region":2,"fire_occurred":1,"prediction":0.0862}},{"type":"Feature","geometry":{"type":"Point","coordinates":[-106.7,25.9]},"properties":{"region":2,"fire_occurred":1,"prediction":0.0733}},{"type":"Feature","geometry":{"type":"Point","coordinates":[-106.7,26.0]},"properties":{"region":2,"fire_occurred":1,"prediction":0.0434}},{"type":"Feature","geometry":{"type":"Point","coordinates":[-106.7,26.1]},"properties":{"region":2,"fire_occurred":1,"prediction":0.1563}},{"type":"Feature","geometry":{"type":"Point","coordinates":[-106.7,26.2]},"properties":{"region":2,"fire_occurred":1,"prediction":0.0089}},{"type":"Feature","geometry":{"type":"Point","coordinates":[-106.7,26.4]},"properties":{"region":2,"fire_occurred":1,"prediction":0.1396}},{"type":"Feature","geometry":{"type":"Point","coordinates":[-106.7,26.5]},"properties":{"region":2,"fire_occurred":1,"prediction":0.0816}},{"type":"Feature","geometry":{"type":"Point","coordinates":[-106.7,26.6]},"properties":{"region":2,"fire_occurred":1,"prediction":0.057}},{"type":"Feature","geometry":{"type":"Point","coordinates":[-106.6,25.5]},"properties":{"region":2,"fire_occurred":1,"prediction":0.0144}},{"type":"Feature","geometry":{"type":"Point","coordinates":[-106.6,25.8]},"properties":{"region":2,"fire_occurred":1,"prediction":0.2115}},{"type":"Feature","geometry":{"type":"Point","coordinates":[-106.6,26.4]},"properties":{"region":2,"fire_occurred":1,"prediction":0.0865}},{"type":"Feature","geometry":{"type":"Point","coordinates":[-106.5,25.2]},"properties":{"region":2,"fire_occurred":1,"prediction":0.0117}},{"type":"Feature","geometry":{"type":"Point","coordinates":[-106.5,25.6]},"properties":{"region":2,"fire_occurred":1,"prediction":0.0974}},{"type":"Feature","geometry":{"type":"Point","coordinates":[-106.5,25.8]},"properties":{"region":2,"fire_occurred":1,"prediction":0.0033}},{"type":"Feature","geometry":{"type":"Point","coordinates":[-106.5,26.2]},"properties":{"region":2,"fire_occurred":1,"prediction":0.008}},{"type":"Feature","geometry":{"type":"Point","coordinates":[-106.5,26.3]},"properties":{"region":2,"fire_occurred":1,"prediction":0.0073}},{"type":"Feature","geometry":{"type":"Point","coordinates":[-106.4,25.8]},"properties":{"region":2,"fire_occurred":1,"prediction":0.011}},{"type":"Feature","geometry":{"type":"Point","coordinates":[-106.4,45.8]},"properties":{"region":2,"fire_occurred":1,"prediction":0.001}},{"type":"Feature","geometry":{"type":"Point","coordinates":[-106.3,25.8]},"properties":{"region":2,"fire_occurred":1,"prediction":0.1044}},{"type":"Feature","geometry":{"type":"Point","coordinates":[-106.3,36.4]},"properties":{"region":2,"fire_occurred":1,"prediction":0.2491}},{"type":"Feature","geometry":{"type":"Point","coordinates":[-106.3,36.5]},"properties":{"region":2,"fire_occurred":1,"prediction":0.0017}},{"type":"Feature","geometry":{"type":"Point","coordinates":[-104.8,38.7]},"properties":{"region":2,"fire_occurred":0,"prediction":0.1499}},{"type":"Feature","geometry":{"type":"Point","coordinates":[-101.9,31.7]},"properties":{"region":2,"fire_occurred":0,"prediction":0.2311}},{"type":"Feature","geometry":{"type":"Point","coordinates":[-101.8,31.6]},"properties":{"region":2,"fire_occurred":0,"prediction":0.228}},{"type":"Feature","geometry":{"type":"Point","coordinates":[-101.8,32.2]},"properties":{"region":2,"fire_occurred":0,"prediction":0.2502}},{"type":"Feature","geometry":{"type":"Point","coordinates":[-101.5,26.8]},"properties":{"region":2,"fire_occurred":0,"prediction":0.4365}},{"type":"Feature","geometry":{"type":"Point","coordinates":[-99.4,24.8]},"properties":{"region":2,"fire_occurred":0,"prediction":0.1072}},{"type":"Feature","geometry":{"type":"Point","coordinates":[-99.2,30.2]},"properties":{"region":2,"fire_occurred":0,"prediction":0.1257}},{"type":"Feature","geometry":{"type":"Point","coordinates":[-96.2,18.4]},"properties":{"region":2,"fire_occurred":1,"prediction":0.0117}},{"type":"Feature","geometry":{"type":"Point","coordinates":[-96.2,18.5]},"properties":{"region":2,"fire_occurred":1,"prediction":0.1701}},{"type":"Feature","geometry":{"type":"Point","coordinates":[-80.6,-4.8]},"properties":{"region":2,"fire_occurred":1,"prediction":0.0234}},{"type":"Feature","geometry":{"type":"Point","coordinates":[-77.8,-9.2]},"properties":{"region":2,"fire_occurred":1,"prediction":0.0045}},{"type":"Feature","geometry":{"type":"Point","coordinates":[-71.9,-15.8]},"properties":{"region":2,"fire_occurred":0,"prediction":0.1811}},{"type":"Feature","geometry":{"type":"Point","coordinates":[-69.5,-26.5]},"properties":{"region":2,"fire_occurred":0,"prediction":0.2208}},{"type":"Feature","geometry":{"type":"Point","coordinates":[-68.9,-22.4]},"properties":{"region":2,"fire_occurred":1,"prediction":0.1858}},{"type":"Feature","geometry":{"type":"Point","coordinates":[-68.5,-27.6]},"properties":{"region":2,"fire_occurred":1,"prediction":0.0045}},{"type":"Feature","geometry":{"type":"Point","coordinates":[-66.8,-29.4]},"properties":{"region":2,"fire_occurred":0,"prediction":0.1853}},{"type":"Feature","geometry":{"type":"Point","coordinates":[-66.6,-18.9]},"properties":{"region":2,"fire_occurred":1,"prediction":0.0061}},{"type":"Feature","geometry":{"type":"Point","coordinates":[-66.6,-16.8]},"properties":{"region":2,"fire_occurred":1,"prediction":0.0048}},{"type":"Feature","geometry":{"type":"Point","coordinates":[-66.0,-17.3]},"properties":{"region":2,"fire_occurred":1,"prediction":0.0143}},{"type":"Feature","geometry":{"type":"Point","coordinates":[-65.5,-27.5]},"properties":{"region":2,"fire_occurred":0,"prediction":0.1022}},{"type":"Feature","geometry":{"type":"Point","coordinates":[-64.3,-28.2]},"properties":{"region":2,"fire_occurred":0,"prediction":0.1228}},{"type":"Feature","geometry":{"type":"Point","coordinates":[-64.2,-27.7]},"properties":{"region":2,"fire_occurred":1,"prediction":0.0369}},{"type":"Feature","geometry":{"type":"Point","coordinates":[-64.2,-27.5]},"properties":{"region":2,"fire_occurred":0,"prediction":0.2013}},{"type":"Feature","geometry":{"type":"Point","coordinates":[-64.1,-27.8]},"properties":{"region":2,"fire_occurred":1,"prediction":0.0099}},{"type":"Feature","geometry":{"type":"Point","coordinates":[-64.1,-26.8]},"properties":{"region":2,"fire_occurred":0,"prediction":0.1054}},{"type":"Feature","geometry":{"type":"Point","coordinates":[-64.0,-27.9]},"properties":{"region":2,"fire_occurred":0,"prediction":0.1936}},{"type":"Feature","geometry":{"type":"Point","coordinates":[-64.0,-27.6]},"properties":{"region":2,"fire_occurred":0,"prediction":0.1131}},{"type":"Feature","geometry":{"type":"Point","coordinates":[-63.9,-26.6]},"properties":{"region":2,"fire_occurred":0,"prediction":0.1268}},{"type":"Feature","geometry":{"type":"Point","coordinates":[-63.9,-26.3]},"properties":{"region":2,"fire_occurred":0,"prediction":0.1078}},{"type":"Feature","geometry":{"type":"Point","coordinates":[-63.2,-17.1]},"properties":{"region":2,"fire_occurred":1,"prediction":0.0039}},{"type":"Feature","geometry":{"type":"Point","coordinates":[-63.1,-27.1]},"properties":{"region":2,"fire_occurred":0,"prediction":0.1427}},{"type":"Feature","geometry":{"type":"Point","coordinates":[-63.0,-28.0]},"properties":{"region":2,"fire_occurred":0,"prediction":0.1003}},{"type":"Feature","geometry":{"type":"Point","coordinates":[-63.0,-26.7]},"properties":{"region":2,"fire_occurred":0,"prediction":0.1519}},{"type":"Feature","geometry":{"type":"Point","coordinates":[-62.7,-27.6]},"properties":{"region":2,"fire_occurred":0,"prediction":0.1341}},{"type":"Feature","geometry":{"type":"Point","coordinates":[-62.7,-27.5]},"properties":{"region":2,"fire_occurred":1,"prediction":0.0584}},{"type":"Feature","geometry":{"type":"Point","coordinates":[-62.4,-26.2]},"properties":{"region":2,"fire_occurred":0,"prediction":0.1591}},{"type":"Feature","geometry":{"type":"Point","coordinates":[-62.0,-22.3]},"properties":{"region":2,"fire_occurred":0,"prediction":0.1129}},{"type":"Feature","geometry":{"type":"Point","coordinates":[-61.9,-22.3]},"properties":{"region":2,"fire_occurred":0,"prediction":0.1118}},{"type":"Feature","geometry":{"type":"Point","coordinates":[-61.9,-21.6]},"properties":{"region":2,"fire_occurred":0,"prediction":0.1451}},{"type":"Feature","geometry":{"type":"Point","coordinates":[-61.8,-22.7]},"properties":{"region":2,"fire_occurred":0,"prediction":0.1141}},{"type":"Feature","geometry":{"type":"Point","coordinates":[-61.8,-21.4]},"properties":{"region":2,"fire_occurred":0,"prediction":0.1277}},{"type":"Feature","geometry":{"type":"Point","coordinates":[-61.7,-22.2]},"properties":{"region":2,"fire_occurred":0,"prediction":0.1377}},{"type":"Feature","geometry":{"type":"Point","coordinates":[-61.7,-22.1]},"properties":{"region":2,"fire_occurred":0,"prediction":0.2536}},{"type":"Feature","geometry":{"type":"Point","coordinates":[-61.5,-21.4]},"properties":{"region":2,"fire_occurred":1,"prediction":0.0057}},{"type":"Feature","geometry":{"type":"Point","coordinates":[-61.4,-22.2]},"properties":{"region":2,"fire_occurred":0,"prediction":0.1145}},{"type":"Feature","geometry":{"type":"Point","coordinates":[-61.3,-21.2]},"properties":{"region":2,"fire_occurred":0,"prediction":0.11}},{"type":"Feature","geometry":{"type":"Point","coordinates":[-61.0,-21.5]},"properties":{"region":2,"fire_occurred":1,"prediction":0.2016}},{"type":"Feature","geometry":{"type":"Point","coordinates":[-60.7,-20.8]},"properties":{"region":2,"fire_occurred":0,"prediction":0.1013}},{"type":"Feature","geometry":{"type":"Point","coordinates":[-60.2,-21.4]},"properties":{"region":2,"fire_occurred":1,"prediction":0.0866}},{"type":"Feature","geometry":{"type":"Point","coordinates":[-60.2,-21.0]},"properties":{"region":2,"fire_occurred":0,"prediction":0.1242}},{"type":"Feature","geometry":{"type":"Point","coordinates":[-60.1,-23.0]},"properties":{"region":2,"fire_occurred":1,"prediction":0.0981}},{"type":"Feature","geometry":{"type":"Point","coordinates":[-60.1,-21.4]},"properties":{"region":2,"fire_occurred":1,"prediction":0.0045}},{"type":"Feature","geometry":{"type":"Point","coordinates":[-44.3,-12.5]},"properties":{"region":2,"fire_occurred":0,"prediction":0.101}},{"type":"Feature","geometry":{"type":"Point","coordinates":[-42.0,-11.2]},"properties":{"region":2,"fire_occurred":1,"prediction":0.0007}},{"type":"Feature","geometry":{"type":"Point","coordinates":[-41.4,-7.0]},"properties":{"region":2,"fire_occurred":1,"prediction":0.0007}},{"type":"Feature","geometry":{"type":"Point","coordinates":[-40.8,-9.6]},"properties":{"region":2,"fire_occurred":1,"prediction":0.0033}},{"type":"Feature","geometry":{"type":"Point","coordinates":[-40.4,-9.6]},"properties":{"region":2,"fire_occurred":0,"prediction":0.196}},{"type":"Feature","geometry":{"type":"Point","coordinates":[-40.4,-9.5]},"properties":{"region":2,"fire_occurred":0,"prediction":0.3816}},{"type":"Feature","geometry":{"type":"Point","coordinates":[-39.8,-8.5]},"properties":{"region":2,"fire_occurred":1,"prediction":0.0023}},{"type":"Feature","geometry":{"type":"Point","coordinates":[-39.1,-9.6]},"properties":{"region":2,"fire_occurred":1,"prediction":0.0004}},{"type":"Feature","geometry":{"type":"Point","coordinates":[-38.7,-8.8]},"properties":{"region":2,"fire_occurred":1,"prediction":0.0043}},{"type":"Feature","geometry":{"type":"Point","coordinates":[-37.6,-7.5]},"properties":{"region":2,"fire_occurred":1,"prediction":0.0059}},{"type":"Feature","geometry":{"type":"Point","coordinates":[-37.5,-11.0]},"properties":{"region":2,"fire_occurred":1,"prediction":0.0009}},{"type":"Feature","geometry":{"type":"Point","coordinates":[-37.2,-7.6]},"properties":{"region":2,"fire_occurred":1,"prediction":0.0006}},{"type":"Feature","geometry":{"type":"Point","coordinates":[-14.4,14.1]},"properties":{"region":2,"fire_occurred":1,"prediction":0.0007}},{"type":"Feature","geometry":{"type":"Point","coordinates":[-14.3,14.4]},"properties":{"region":2,"fire_occurred":1,"prediction":0.0006}},{"type":"Feature","geometry":{"type":"Point","coordinates":[-10.4,14.0]},"properties":{"region":2,"fire_occurred":1,"prediction":0.0286}},{"type":"Feature","geometry":{"type":"Point","coordinates":[-9.3,14.3]},"properties":{"region":2,"fire_occurred":1,"prediction":0.0005}},{"type":"Feature","geometry":{"type":"Point","coordinates":[-8.8,14.4]},"properties":{"region":2,"fire_occurred":1,"prediction":0.0006}},{"type":"Feature","geometry":{"type":"Point","coordinates":[-8.7,14.3]},"properties":{"region":2,"fire_occurred":1,"prediction":0.0005}},{"type":"Feature","geometry":{"type":"Point","coordinates":[-8.5,14.2]},"properties":{"region":2,"fire_occurred":1,"prediction":0.0137}},{"type":"Feature","geometry":{"type":"Point","coordinates":[-7.9,14.1]},"properties":{"region":2,"fire_occurred":1,"prediction":0.0032}},{"type":"Feature","geometry":{"type":"Point","coordinates":[-4.7,13.8]},"properties":{"region":2,"fire_occurred":0,"prediction":0.1465}},{"type":"Feature","geometry":{"type":"Point","coordinates":[-4.5,14.6]},"properties":{"region":2,"fire_occurred":1,"prediction":0.0475}},{"type":"Feature","geometry":{"type":"Point","coordinates":[-4.4,14.1]},"properties":{"region":2,"fire_occurred":1,"prediction":0.005}},{"type":"Feature","geometry":{"type":"Point","coordinates":[-4.4,14.2]},"properties":{"region":2,"fire_occurred":1,"prediction":0.0406}},{"type":"Feature","geometry":{"type":"Point","coordinates":[-0.6,38.6]},"properties":{"region":2,"fire_occurred":1,"prediction":0.0779}},{"type":"Feature","geometry":{"type":"Point","coordinates":[3.2,32.9]},"properties":{"region":2,"fire_occurred":1,"prediction":0.1347}},{"type":"Feature","geometry":{"type":"Point","coordinates":[6.0,31.6]},"properties":{"region":2,"fire_occurred":1,"prediction":0.6183}},{"type":"Feature","geometry":{"type":"Point","coordinates":[6.1,31.6]},"properties":{"region":2,"fire_occurred":1,"prediction":0.6291}},{"type":"Feature","geometry":{"type":"Point","coordinates":[6.2,31.6]},"properties":{"region":2,"fire_occurred":0,"prediction":0.1229}},{"type":"Feature","geometry":{"type":"Point","coordinates":[8.5,35.1]},"properties":{"region":2,"fire_occurred":1,"prediction":0.0017}},{"type":"Feature","geometry":{"type":"Point","coordinates":[12.2,26.5]},"properties":{"region":2,"fire_occurred":0,"prediction":0.247}},{"type":"Feature","geometry":{"type":"Point","coordinates":[13.0,-7.0]},"properties":{"region":2,"fire_occurred":1,"prediction":0.025}},{"type":"Feature","geometry":{"type":"Point","coordinates":[13.4,-15.9]},"properties":{"region":2,"fire_occurred":0,"prediction":0.1292}},{"type":"Feature","geometry":{"type":"Point","coordinates":[13.4,-6.4]},"properties":{"region":2,"fire_occurred":1,"prediction":0.0586}},{"type":"Feature","geometry":{"type":"Point","coordinates":[13.5,-13.8]},"properties":{"region":2,"fire_occurred":0,"prediction":0.1339}},{"type":"Feature","geometry":{"type":"Point","coordinates":[13.6,-7.0]},"properties":{"region":2,"fire_occurred":0,"prediction":0.135}},{"type":"Feature","geometry":{"type":"Point","coordinates":[13.6,-6.8]},"properties":{"region":2,"fire_occurred":0,"prediction":0.1235}},{"type":"Feature","geometry":{"type":"Point","coordinates":[13.6,-6.2]},"properties":{"region":2,"fire_occurred":1,"prediction":0.0777}},{"type":"Feature","geometry":{"type":"Point","coordinates":[13.7,-7.0]},"properties":{"region":2,"fire_occurred":1,"prediction":0.1346}},{"type":"Feature","geometry":{"type":"Point","coordinates":[13.7,-6.9]},"properties":{"region":2,"fire_occurred":1,"prediction":0.1264}},{"type":"Feature","geometry":{"type":"Point","coordinates":[13.7,-6.8]},"properties":{"region":2,"fire_occurred":1,"prediction":0.1244}},{"type":"Feature","geometry":{"type":"Point","coordinates":[13.7,-6.7]},"properties":{"region":2,"fire_occurred":0,"prediction":0.1342}},{"type":"Feature","geometry":{"type":"Point","coordinates":[13.7,-6.6]},"properties":{"region":2,"fire_occurred":0,"prediction":0.1373}},{"type":"Feature","geometry":{"type":"Point","coordinates":[13.8,-7.0]},"properties":{"region":2,"fire_occurred":1,"prediction":0.0625}},{"type":"Feature","geometry":{"type":"Point","coordinates":[13.8,-6.9]},"properties":{"region":2,"fire_occurred":0,"prediction":0.1414}},{"type":"Feature","geometry":{"type":"Point","coordinates":[13.8,-6.8]},"properties":{"region":2,"fire_occurred":0,"prediction":0.1743}},{"type":"Feature","geometry":{"type":"Point","coordinates":[13.8,-6.7]},"properties":{"region":2,"fire_occurred":1,"prediction":0.1521}},{"type":"Feature","geometry":{"type":"Point","coordinates":[13.8,-6.6]},"properties":{"region":2,"fire_occurred":1,"prediction":0.136}},{"type":"Feature","geometry":{"type":"Point","coordinates":[13.8,-6.5]},"properties":{"region":2,"fire_occurred":0,"prediction":0.1188}},{"type":"Feature","geometry":{"type":"Point","coordinates":[13.8,-6.4]},"properties":{"region":2,"fire_occurred":0,"prediction":0.1674}},{"type":"Feature","geometry":{"type":"Point","coordinates":[13.8,-6.3]},"properties":{"region":2,"fire_occurred":1,"prediction":0.0607}},{"type":"Feature","geometry":{"type":"Point","coordinates":[13.8,-6.1]},"properties":{"region":2,"fire_occurred":1,"prediction":0.1009}},{"type":"Feature","geometry":{"type":"Point","coordinates":[13.9,-13.3]},"properties":{"region":2,"fire_occurred":0,"prediction":0.1189}},{"type":"Feature","geometry":{"type":"Point","coordinates":[13.9,-7.0]},"properties":{"region":2,"fire_occurred":1,"prediction":0.1466}},{"type":"Feature","geometry":{"type":"Point","coordinates":[13.9,-6.9]},"properties":{"region":2,"fire_occurred":1,"prediction":0.1286}},{"type":"Feature","geometry":{"type":"Point","coordinates":[13.9,-6.8]},"properties":{"region":2,"fire_occurred":1,"prediction":0.1385}},{"type":"Feature","geometry":{"type":"Point","coordinates":[13.9,-6.7]},"properties":{"region":2,"fire_occurred":1,"prediction":0.1505}},{"type":"Feature","geometry":{"type":"Point","coordinates":[13.9,-6.6]},"properties":{"region":2,"fire_occurred":1,"prediction":0.1425}},{"type":"Feature","geometry":{"type":"Point","coordinates":[13.9,-6.5]},"properties":{"region":2,"fire_occurred":1,"prediction":0.1544}},{"type":"Feature","geometry":{"type":"Point","coordinates":[13.9,-6.4]},"properties":{"region":2,"fire_occurred":0,"prediction":0.1571}},{"type":"Feature","geometry":{"type":"Point","coordinates":[13.9,-6.3]},"properties":{"region":2,"fire_occurred":1,"prediction":0.0962}},{"type":"Feature","geometry":{"type":"Point","coordinates":[13.9,-6.1]},"properties":{"region":2,"fire_occurred":0,"prediction":0.1092}},{"type":"Feature","geometry":{"type":"Point","coordinates":[13.9,13.1]},"properties":{"region":2,"fire_occurred":0,"prediction":0.195}},{"type":"Feature","geometry":{"type":"Point","coordinates":[14.0,-8.7]},"properties":{"region":2,"fire_occurred":0,"prediction":0.1231}},{"type":"Feature","geometry":{"type":"Point","coordinates":[14.0,-7.7]},"properties":{"region":2,"fire_occurred":0,"prediction":0.1371}},{"type":"Feature","geometry":{"type":"Point","coordinates":[14.0,-7.4]},"properties":{"region":2,"fire_occurred":1,"prediction":0.1275}},{"type":"Feature","geometry":{"type":"Point","coordinates":[14.0,-7.3]},"properties":{"region":2,"fire_occurred":0,"prediction":0.1536}},{"type":"Feature","geometry":{"type":"Point","coordinates":[14.0,-7.2]},"properties":{"region":2,"fire_occurred":1,"prediction":0.1372}},{"type":"Feature","geometry":{"type":"Point","coordinates":[14.0,-7.1]},"properties":{"region":2,"fire_occurred":1,"prediction":0.1174}},{"type":"Feature","geometry":{"type":"Point","coordinates":[14.0,-7.0]},"properties":{"region":2,"fire_occurred":0,"prediction":0.1575}},{"type":"Feature","geometry":{"type":"Point","coordinates":[14.0,-6.9]},"properties":{"region":2,"fire_occurred":1,"prediction":0.2054}},{"type":"Feature","geometry":{"type":"Point","coordinates":[14.0,-6.8]},"properties":{"region":2,"fire_occurred":0,"prediction":0.1962}},{"type":"Feature","geometry":{"type":"Point","coordinates":[14.0,-6.7]},"properties":{"region":2,"fire_occurred":1,"prediction":0.1572}},{"type":"Feature","geometry":{"type":"Point","coordinates":[14.0,-6.6]},"properties":{"region":2,"fire_occurred":0,"prediction":0.1667}},{"type":"Feature","geometry":{"type":"Point","coordinates":[14.0,-6.5]},"properties":{"region":2,"fire_occurred":1,"prediction":0.0542}},{"type":"Feature","geometry":{"type":"Point","coordinates":[14.0,-6.2]},"properties":{"region":2,"fire_occurred":0,"prediction":0.1434}},{"type":"Feature","geometry":{"type":"Point","coordinates":[14.0,-6.1]},"properties":{"region":2,"fire_occurred":1,"prediction":0.1617}},{"type":"Feature","geometry":{"type":"Point","coordinates":[14.1,-12.4]},"properties":{"region":2,"fire_occurred":1,"prediction":0.0757}},{"type":"Feature","geometry":{"type":"Point","coordinates":[14.1,-9.3]},"properties":{"region":2,"fire_occurred":1,"prediction":0.0687}},{"type":"Feature","geometry":{"type":"Point","coordinates":[14.1,-7.9]},"properties":{"region":2,"fire_occurred":0,"prediction":0.1228}},{"type":"Feature","geometry":{"type":"Point","coordinates":[14.1,-7.8]},"properties":{"region":2,"fire_occurred":0,"prediction":0.1564}},{"type":"Feature","geometry":{"type":"Point","coordinates":[14.1,-7.7]},"properties":{"region":2,"fire_occurred":0,"prediction":0.138}},{"type":"Feature","geometry":{"type":"Point","coordinates":[14.1,-7.5]},"properties":{"region":2,"fire_occurred":0,"prediction":0.127}},{"type":"Feature","geometry":{"type":"Point","coordinates":[14.1,-7.4]},"properties":{"region":2,"fire_occurred":1,"prediction":0.1298}},{"type":"Feature","geometry":{"type":"Point","coordinates":[14.1,-7.3]},"properties":{"region":2,"fire_occurred":0,"prediction":0.1716}},{"type":"Feature","geometry":{"type":"Point","coordinates":[14.1,-7.2]},"properties":{"region":2,"fire_occurred":0,"prediction":0.1298}},{"type":"Feature","geometry":{"type":"Point","coordinates":[14.1,-7.1]},"properties":{"region":2,"fire_occurred":0,"prediction":0.1577}},{"type":"Feature","geometry":{"type":"Point","coordinates":[14.1,-7.0]},"properties":{"region":2,"fire_occurred":0,"prediction":0.1407}},{"type":"Feature","geometry":{"type":"Point","coordinates":[14.1,-6.9]},"properties":{"region":2,"fire_occurred":1,"prediction":0.1809}},{"type":"Feature","geometry":{"type":"Point","coordinates":[14.1,-6.8]},"properties":{"region":2,"fire_occurred":1,"prediction":0.1852}},{"type":"Feature","geometry":{"type":"Point","coordinates":[14.1,-6.7]},"properties":{"region":2,"fire_occurred":1,"prediction":0.1674}},{"type":"Feature","geometry":{"type":"Point","coordinates":[14.1,-6.6]},"properties":{"region":2,"fire_occurred":0,"prediction":0.1591}},{"type":"Feature","geometry":{"type":"Point","coordinates":[14.1,-6.5]},"properties":{"region":2,"fire_occurred":1,"prediction":0.161}},{"type":"Feature","geometry":{"type":"Point","coordinates":[14.1,-6.4]},"properties":{"region":2,"fire_occurred":1,"prediction":0.152}},{"type":"Feature","geometry":{"type":"Point","coordinates":[14.1,-6.3]},"properties":{"region":2,"fire_occurred":1,"prediction":0.1408}},{"type":"Feature","geometry":{"type":"Point","coordinates":[14.1,-6.2]},"properties":{"region":2,"fire_occurred":1,"prediction":0.202}},{"type":"Feature","geometry":{"type":"Point","coordinates":[14.2,-11.5]},"properties":{"region":2,"fire_occurred":0,"prediction":0.1451}},{"type":"Feature","geometry":{"type":"Point","coordinates":[14.2,-7.9]},"properties":{"region":2,"fire_occurred":0,"prediction":0.114}},{"type":"Feature","geometry":{"type":"Point","coordinates":[14.2,-7.8]},"properties":{"region":2,"fire_occurred":0,"prediction":0.1886}},{"type":"Feature","geometry":{"type":"Point","coordinates":[14.2,-7.7]},"properties":{"region":2,"fire_occurred":0,"prediction":0.1494}},{"type":"Feature","geometry":{"type":"Point","coordinates":[14.2,-7.6]},"properties":{"region":2,"fire_occurred":0,"prediction":0.1711}},{"type":"Feature","geometry":{"type":"Point","coordinates":[14.2,-7.4]},"properties":{"region":2,"fire_occurred":1,"prediction":0.1633}},{"type":"Feature","geometry":{"type":"Point","coordinates":[14.2,-7.3]},"properties":{"region":2,"fire_occurred":1,"prediction":0.1574}},{"type":"Feature","geometry":{"type":"Point","coordinates":[14.2,-7.2]},"properties":{"region":2,"fire_occurred":0,"prediction":0.136}},{"type":"Feature","geometry":{"type":"Point","coordinates":[14.2,-7.1]},"properties":{"region":2,"fire_occurred":0,"prediction":0.1528}},{"type":"Feature","geometry":{"type":"Point","coordinates":[14.2,-7.0]},"properties":{"region":2,"fire_occurred":0,"prediction":0.1728}},{"type":"Feature","geometry":{"type":"Point","coordinates":[14.2,-6.9]},"properties":{"region":2,"fire_occurred":1,"prediction":0.1785}},{"type":"Feature","geometry":{"type":"Point","coordinates":[14.2,-6.8]},"properties":{"region":2,"fire_occurred":0,"prediction":0.1589}},{"type":"Feature","geometry":{"type":"Point","coordinates":[14.2,-6.7]},"properties":{"region":2,"fire_occurred":1,"prediction":0.0713}},{"type":"Feature","geometry":{"type":"Point","coordinates":[14.2,-6.5]},"properties":{"region":2,"fire_occurred":0,"prediction":0.1558}},{"type":"Feature","geometry":{"type":"Point","coordinates":[14.2,-6.3]},"properties":{"region":2,"fire_occurred":1,"prediction":0.0757}},{"type":"Feature","geometry":{"type":"Point","coordinates":[14.2,13.1]},"properties":{"region":2,"fire_occurred":0,"prediction":0.1285}},{"type":"Feature","geometry":{"type":"Point","coordinates":[14.3,-12.0]},"properties":{"region":2,"fire_occurred":0,"prediction":0.1099}},{"type":"Feature","geometry":{"type":"Point","coordinates":[14.3,-11.1]},"properties":{"region":2,"fire_occurred":0,"prediction":0.1184}},{"type":"Feature","geometry":{"type":"Point","coordinates":[14.3,-10.1]},"properties":{"region":2,"fire_occurred":0,"prediction":0.1191}},{"type":"Feature","geometry":{"type":"Point","coordinates":[14.3,-9.2]},"properties":{"region":2,"fire_occurred":0,"prediction":0.1792}},{"type":"Feature","geometry":{"type":"Point","coordinates":[14.3,-8.0]},"properties":{"region":2,"fire_occurred":1,"prediction":0.0379}},{"type":"Feature","geometry":{"type":"Point","coordinates":[14.3,-7.8]},"properties":{"region":2,"fire_occurred":1,"prediction":0.2125}},{"type":"Feature","geometry":{"type":"Point","coordinates":[14.3,-7.7]},"properties":{"region":2,"fire_occurred":1,"prediction":0.1826}},{"type":"Feature","geometry":{"type":"Point","coordinates":[14.3,-7.6]},"properties":{"region":2,"fire_occurred":1,"prediction":0.1597}},{"type":"Feature","geometry":{"type":"Point","coordinates":[14.3,-7.5]},"properties":{"region":2,"fire_occurred":0,"prediction":0.2217}},{"type":"Feature","geometry":{"type":"Point","coordinates":[14.3,-7.4]},"properties":{"region":2,"fire_occurred":1,"prediction":0.1901}},{"type":"Feature","geometry":{"type":"Point","coordinates":[14.3,-7.3]},"properties":{"region":2,"fire_occurred":0,"prediction":0.1701}},{"type":"Feature","geometry":{"type":"Point","coordinates":[14.3,-7.2]},"properties":{"region":2,"fire_occurred":0,"prediction":0.1629}},{"type":"Feature","geometry":{"type":"Point","coordinates":[14.3,-7.1]},"properties":{"region":2,"fire_occurred":0,"prediction":0.1754}},{"type":"Feature","geometry":{"type":"Point","coordinates":[14.3,-7.0]},"properties":{"region":2,"fire_occurred":1,"prediction":0.1783}},{"type":"Feature","geometry":{"type":"Point","coordinates":[14.3,-6.9]},"properties":{"region":2,"fire_occurred":1,"prediction":0.1628}},{"type":"Feature","geometry":{"type":"Point","coordinates":[14.3,-6.8]},"properties":{"region":2,"fire_occurred":1,"prediction":0.1378}},{"type":"Feature","geometry":{"type":"Point","coordinates":[14.3,-6.7]},"properties":{"region":2,"fire_occurred":0,"prediction":0.1217}},{"type":"Feature","geometry":{"type":"Point","coordinates":[14.3,-6.6]},"properties":{"region":2,"fire_occurred":0,"prediction":0.1558}},{"type":"Feature","geometry":{"type":"Point","coordinates":[14.3,-6.5]},"properties":{"region":2,"fire_occurred":1,"prediction":0.1195}},{"type":"Feature","geometry":{"type":"Point","coordinates":[14.3,-6.4]},"properties":{"region":2,"fire_occurred":0,"prediction":0.1582}},{"type":"Feature","geometry":{"type":"Point","coordinates":[14.3,-6.3]},"properties":{"region":2,"fire_occurred":0,"prediction":0.2027}},{"type":"Feature","geometry":{"type":"Point","coordinates":[14.3,-6.2]},"properties":{"region":2,"fire_occurred":1,"prediction":0.0996}},{"type":"Feature","geometry":{"type":"Point","coordinates":[14.3,-6.1]},"properties":{"region":2,"fire_occurred":0,"prediction":0.1362}},{"type":"Feature","geometry":{"type":"Point","coordinates":[14.4,-12.4]},"properties":{"region":2,"fire_occurred":0,"prediction":0.1384}},{"type":"Feature","geometry":{"type":"Point","coordinates":[14.4,-12.3]},"properties":{"region":2,"fire_occurred":1,"prediction":0.0317}},{"type":"Feature","geometry":{"type":"Point","coordinates":[14.4,-12.1]},"properties":{"region":2,"fire_occurred":0,"prediction":0.1449}},{"type":"Feature","geometry":{"type":"Point","coordinates":[14.4,-12.0]},"properties":{"region":2,"fire_occurred":0,"prediction":0.1075}},{"type":"Feature","geometry":{"type":"Point","coordinates":[14.4,-11.8]},"properties":{"region":2,"fire_occurred":1,"prediction":0.0812}},{"type":"Feature","geometry":{"type":"Point","coordinates":[14.4,-11.7]},"properties":{"region":2,"fire_occurred":0,"prediction":0.1093}},{"type":"Feature","geometry":{"type":"Point","coordinates":[14.4,-11.6]},"properties":{"region":2,"fire_occurred":0,"prediction":0.1911}},{"type":"Feature","geometry":{"type":"Point","coordinates":[14.4,-11.5]},"properties":{"region":2,"fire_occurred":0,"prediction":0.1224}},{"type":"Feature","geometry":{"type":"Point","coordinates":[14.4,-9.8]},"properties":{"region":2,"fire_occurred":0,"prediction":0.1639}},{"type":"Feature","geometry":{"type":"Point","coordinates":[14.4,-8.2]},"properties":{"region":2,"fire_occurred":0,"prediction":0.1423}},{"type":"Feature","geometry":{"type":"Point","coordinates":[14.4,-8.0]},"properties":{"region":2,"fire_occurred":0,"prediction":0.1237}},{"type":"Feature","geometry":{"type":"Point","coordinates":[14.4,-7.9]},"properties":{"region":2,"fire_occurred":0,"prediction":0.1466}},{"type":"Feature","geometry":{"type":"Point","coordinates":[14.4,-7.8]},"properties":{"region":2,"fire_occurred":1,"prediction":0.1549}},{"type":"Feature","geometry":{"type":"Point","coordinates":[14.4,-7.7]},"properties":{"region":2,"fire_occurred":1,"prediction":0.204}},{"type":"Feature","geometry":{"type":"Point","coordinates":[14.4,-7.6]},"properties":{"region":2,"fire_occurred":1,"prediction":0.1998}},{"type":"Feature","geometry":{"type":"Point","coordinates":[14.4,-7.5]},"properties":{"region":2,"fire_occurred":0,"prediction":0.2705}},{"type":"Feature","geometry":{"type":"Point","coordinates":[14.4,-7.4]},"properties":{"region":2,"fire_occurred":0,"prediction":0.1165}},{"type":"Feature","geometry":{"type":"Point","coordinates":[14.4,-7.3]},"properties":{"region":2,"fire_occurred":0,"prediction":0.181}},{"type":"Feature","geometry":{"type":"Point","coordinates":[14.4,-7.2]},"properties":{"region":2,"fire_occurred":1,"prediction":0.1572}},{"type":"Feature","geometry":{"type":"Point","coordinates":[14.4,-7.1]},"properties":{"region":2,"fire_occurred":1,"prediction":0.1471}},{"type":"Feature","geometry":{"type":"Point","coordinates":[14.4,-7.0]},"properties":{"region":2,"fire_occurred":0,"prediction":0.2233}},{"type":"Feature","geometry":{"type":"Point","coordinates":[14.4,-6.9]},"properties":{"region":2,"fire_occurred":0,"prediction":0.2122}},{"type":"Feature","geometry":{"type":"Point","coordinates":[14.4,-6.8]},"properties":{"region":2,"fire_occurred":0,"prediction":0.1634}},{"type":"Feature","geometry":{"type":"Point","coordinates":[14.4,-6.7]},"properties":{"region":2,"fire_occurred":0,"prediction":0.1592}},{"type":"Feature","geometry":{"type":"Point","coordinates":[14.4,-6.6]},"properties":{"region":2,"fire_occurred":0,"prediction":0.2019}},{"type":"Feature","geometry":{"type":"Point","coordinates":[14.4,-6.5]},"properties":{"region":2,"fire_occurred":1,"prediction":0.1248}},{"type":"Feature","geometry":{"type":"Point","coordinates":[14.4,-6.3]},"properties":{"region":2,"fire_occurred":0,"prediction":0.1164}},{"type":"Feature","geometry":{"type":"Point","coordinates":[14.4,-6.2]},"properties":{"region":2,"fire_occurred":1,"prediction":0.1519}},{"type":"Feature","geometry":{"type":"Point","coordinates":[14.4,-6.1]},"properties":{"region":2,"fire_occurred":1,"prediction":0.2206}},{"type":"Feature","geometry":{"type":"Point","coordinates":[14.5,-12.7]},"properties":{"region":2,"fire_occurred":0,"prediction":0.1342}},{"type":"Feature","geometry":{"type":"Point","coordinates":[14.5,-12.6]},"properties":{"region":2,"fire_occurred":0,"prediction":0.1013}},{"type":"Feature","geometry":{"type":"Point","coordinates":[14.5,-12.5]},"properties":{"region":2,"fire_occurred":0,"prediction":0.1101}},{"type":"Feature","geometry":{"type":"Point","coordinates":[14.5,-12.4]},"properties":{"region":2,"fire_occurred":0,"prediction":0.1107}},{"type":"Feature","geometry":{"type":"Point","coordinates":[14.5,-12.3]},"properties":{"region":2,"fire_occurred":0,"prediction":0.1117}},{"type":"Feature","geometry":{"type":"Point","coordinates":[14.5,-12.2]},"properties":{"region":2,"fire_occurred":0,"prediction":0.1633}},{"type":"Feature","geometry":{"type":"Point","coordinates":[14.5,-12.1]},"properties":{"region":2,"fire_occurred":0,"prediction":0.2383}},{"type":"Feature","geometry":{"type":"Point","coordinates":[14.5,-12.0]},"properties":{"region":2,"fire_occurred":0,"prediction":0.1259}},{"type":"Feature","geometry":{"type":"Point","coordinates":[14.5,-11.8]},"properties":{"region":2,"fire_occurred":0,"prediction":0.2191}},{"type":"Feature","geometry":{"type":"Point","coordinates":[14.5,-11.7]},"properties":{"region":2,"fire_occurred":1,"prediction":0.0953}},{"type":"Feature","geometry":{"type":"Point","coordinates":[14.5,-11.6]},"properties":{"region":2,"fire_occurred":1,"prediction":0.1036}},{"type":"Feature","geometry":{"type":"Point","coordinates":[14.5,-11.5]},"properties":{"region":2,"fire_occurred":0,"prediction":0.1676}},{"type":"Feature","geometry":{"type":"Point","coordinates":[14.5,-11.4]},"properties":{"region":2,"fire_occurred":0,"prediction":0.1058}},{"type":"Feature","geometry":{"type":"Point","coordinates":[14.5,-11.3]},"properties":{"region":2,"fire_occurred":0,"prediction":0.256}},{"type":"Feature","geometry":{"type":"Point","coordinates":[14.5,-11.1]},"properties":{"region":2,"fire_occurred":0,"prediction":0.108}},{"type":"Feature","geometry":{"type":"Point","coordinates":[14.5,-10.9]},"properties":{"region":2,"fire_occurred":0,"prediction":0.1043}},{"type":"Feature","geometry":{"type":"Point","coordinates":[14.5,-10.6]},"properties":{"region":2,"fire_occurred":0,"prediction":0.1497}},{"type":"Feature","geometry":{"type":"Point","coordinates":[14.5,-9.9]},"properties":{"region":2,"fire_occurred":0,"prediction":0.1206}},{"type":"Feature","geometry":{"type":"Point","coordinates":[14.5,-9.8]},"properties":{"region":2,"fire_occurred":0,"prediction":0.1126}},{"type":"Feature","geometry":{"type":"Point","coordinates":[14.5,-9.7]},"properties":{"region":2,"fire_occurred":0,"prediction":0.1495}},{"type":"Feature","geometry":{"type":"Point","coordinates":[14.5,-9.6]},"properties":{"region":2,"fire_occurred":0,"prediction":0.228}},{"type":"Feature","geometry":{"type":"Point","coordinates":[14.5,-8.1]},"properties":{"region":2,"fire_occurred":0,"prediction":0.1141}},{"type":"Feature","geometry":{"type":"Point","coordinates":[14.5,-8.0]},"properties":{"region":2,"fire_occurred":0,"prediction":0.2053}},{"type":"Feature","geometry":{"type":"Point","coordinates":[14.5,-7.9]},"properties":{"region":2,"fire_occurred":0,"prediction":0.2465}},{"type":"Feature","geometry":{"type":"Point","coordinates":[14.5,-7.8]},"properties":{"region":2,"fire_occurred":0,"prediction":0.2481}},{"type":"Feature","geometry":{"type":"Point","coordinates":[14.5,-7.7]},"properties":{"region":2,"fire_occurred":1,"prediction":0.2148}},{"type":"Feature","geometry":{"type":"Point","coordinates":[14.5,-7.6]},"properties":{"region":2,"fire_occurred":1,"prediction":0.2003}},{"type":"Feature","geometry":{"type":"Point","coordinates":[14.5,-7.5]},"properties":{"region":2,"fire_occurred":0,"prediction":0.284}},{"type":"Feature","geometry":{"type":"Point","coordinates":[14.5,-7.4]},"properties":{"region":2,"fire_occurred":0,"prediction":0.1899}},{"type":"Feature","geometry":{"type":"Point","coordinates":[14.5,-7.3]},"properties":{"region":2,"fire_occurred":1,"prediction":0.2281}},{"type":"Feature","geometry":{"type":"Point","coordinates":[14.5,-7.2]},"properties":{"region":2,"fire_occurred":1,"prediction":0.2155}},{"type":"Feature","geometry":{"type":"Point","coordinates":[14.5,-7.1]},"properties":{"region":2,"fire_occurred":1,"prediction":0.2194}},{"type":"Feature","geometry":{"type":"Point","coordinates":[14.5,-7.0]},"properties":{"region":2,"fire_occurred":1,"prediction":0.2181}},{"type":"Feature","geometry":{"type":"Point","coordinates":[14.5,-6.9]},"properties":{"region":2,"fire_occurred":0,"prediction":0.228}},{"type":"Feature","geometry":{"type":"Point","coordinates":[14.5,-6.8]},"properties":{"region":2,"fire_occurred":1,"prediction":0.2173}},{"type":"Feature","geometry":{"type":"Point","coordinates":[14.5,-6.7]},"properties":{"region":2,"fire_occurred":0,"prediction":0.2015}},{"type":"Feature","geometry":{"type":"Point","coordinates":[14.5,-6.6]},"properties":{"region":2,"fire_occurred":0,"prediction":0.189}},{"type":"Feature","geometry":{"type":"Point","coordinates":[14.5,-6.5]},"properties":{"region":2,"fire_occurred":0,"prediction":0.1503}},{"type":"Feature","geometry":{"type":"Point","coordinates":[14.5,-6.4]},"properties":{"region":2,"fire_occurred":0,"prediction":0.1516}},{"type":"Feature","geometry":{"type":"Point","coordinates":[14.5,-6.3]},"properties":{"region":2,"fire_occurred":0,"prediction":0.2032}},{"type":"Feature","geometry":{"type":"Point","coordinates":[14.5,-6.2]},"properties":{"region":2,"fire_occurred":1,"prediction":0.2796}},{"type":"Feature","geometry":{"type":"Point","coordinates":[14.5,-6.1]},"properties":{"region":2,"fire_occurred":0,"prediction":0.1603}},{"type":"Feature","geometry":{"type":"Point","coordinates":[14.6,-12.6]},"properties":{"region":2,"fire_occurred":0,"prediction":0.2263}},{"type":"Feature","geometry":{"type":"Point","coordinates":[14.6,-12.5]},"properties":{"region":2,"fire_occurred":0,"prediction":0.2814}},{"type":"Feature","geometry":{"type":"Point","coordinates":[14.6,-12.3]},"properties":{"region":2,"fire_occurred":0,"prediction":0.1827}},{"type":"Feature","geometry":{"type":"Point","coordinates":[14.6,-12.2]},"properties":{"region":2,"fire_occurred":1,"prediction":0.1121}},{"type":"Feature","geometry":{"type":"Point","coordinates":[14.6,-12.1]},"properties":{"region":2,"fire_occurred":0,"prediction":0.2203}},{"type":"Feature","geometry":{"type":"Point","coordinates":[14.6,-12.0]},"properties":{"region":2,"fire_occurred":0,"prediction":0.1626}},{"type":"Feature","geometry":{"type":"Point","coordinates":[14.6,-11.9]},"properties":{"region":2,"fire_occurred":1,"prediction":0.0816}},{"type":"Feature","geometry":{"type":"Point","coordinates":[14.6,-11.8]},"properties":{"region":2,"fire_occurred":0,"prediction":0.3081}},{"type":"Feature","geometry":{"type":"Point","coordinates":[14.6,-11.7]},"properties":{"region":2,"fire_occurred":0,"prediction":0.1756}},{"type":"Feature","geometry":{"type":"Point","coordinates":[14.6,-11.6]},"properties":{"region":2,"fire_occurred":1,"prediction":0.1102}},{"type":"Feature","geometry":{"type":"Point","coordinates":[14.6,-11.5]},"properties":{"region":2,"fire_occurred":0,"prediction":0.2099}},{"type":"Feature","geometry":{"type":"Point","coordinates":[14.6,-11.4]},"properties":{"region":2,"fire_occurred":0,"prediction":0.2831}},{"type":"Feature","geometry":{"type":"Point","coordinates":[14.6,-11.3]},"properties":{"region":2,"fire_occurred":0,"prediction":0.1505}},{"type":"Feature","geometry":{"type":"Point","coordinates":[14.6,-10.7]},"properties":{"region":2,"fire_occurred":0,"prediction":0.1032}},{"type":"Feature","geometry":{"type":"Point","coordinates":[14.6,-10.6]},"properties":{"region":2,"fire_occurred":0,"prediction":0.1581}},{"type":"Feature","geometry":{"type":"Point","coordinates":[14.6,-10.5]},"properties":{"region":2,"fire_occurred":0,"prediction":0.1094}},{"type":"Feature","geometry":{"type":"Point","coordinates":[14.6,-10.1]},"properties":{"region":2,"fire_occurred":0,"prediction":0.1052}},{"type":"Feature","geometry":{"type":"Point","coordinates":[14.6,-9.8]},"properties":{"region":2,"fire_occurred":0,"prediction":0.4056}},{"type":"Feature","geometry":{"type":"Point","coordinates":[14.6,-9.7]},"properties":{"region":2,"fire_occurred":0,"prediction":0.1041}},{"type":"Feature","geometry":{"type":"Point","coordinates":[14.6,-9.6]},"properties":{"region":2,"fire_occurred":0,"prediction":0.16}},{"type":"Feature","geometry":{"type":"Point","coordinates":[14.6,-9.5]},"properties":{"region":2,"fire_occurred":1,"prediction":0.2852}},{"type":"Feature","geometry":{"type":"Point","coordinates":[14.6,-8.6]},"properties":{"region":2,"fire_occurred":0,"prediction":0.1811}},{"type":"Feature","geometry":{"type":"Point","coordinates":[14.6,-8.5]},"properties":{"region":2,"fire_occurred":1,"prediction":0.166}},{"type":"Feature","geometry":{"type":"Point","coordinates":[14.6,-8.2]},"properties":{"region":2,"fire_occurred":0,"prediction":0.102}},{"type":"Feature","geometry":{"type":"Point","coordinates":[14.6,-8.1]},"properties":{"region":2,"fire_occurred":0,"prediction":0.1165}},{"type":"Feature","geometry":{"type":"Point","coordinates":[14.6,-8.0]},"properties":{"region":2,"fire_occurred":0,"prediction":0.2095}},{"type":"Feature","geometry":{"type":"Point","coordinates":[14.6,-7.9]},"properties":{"region":2,"fire_occurred":1,"prediction":0.314}},{"type":"Feature","geometry":{"type":"Point","coordinates":[14.6,-7.8]},"properties":{"region":2,"fire_occurred":0,"prediction":0.1329}},{"type":"Feature","geometry":{"type":"Point","coordinates":[14.6,-7.7]},"properties":{"region":2,"fire_occurred":1,"prediction":0.2688}},{"type":"Feature","geometry":{"type":"Point","coordinates":[14.6,-7.6]},"properties":{"region":2,"fire_occurred":1,"prediction":0.1325}},{"type":"Feature","geometry":{"type":"Point","coordinates":[14.6,-7.5]},"properties":{"region":2,"fire_occurred":1,"prediction":0.2622}},{"type":"Feature","geometry":{"type":"Point","coordinates":[14.6,-7.4]},"properties":{"region":2,"fire_occurred":1,"prediction":0.2317}},{"type":"Feature","geometry":{"type":"Point","coordinates":[14.6,-7.3]},"properties":{"region":2,"fire_occurred":0,"prediction":0.2411}},{"type":"Feature","geometry":{"type":"Point","coordinates":[14.6,-7.2]},"properties":{"region":2,"fire_occurred":1,"prediction":0.3238}},{"type":"Feature","geometry":{"type":"Point","coordinates":[14.6,-7.1]},"properties":{"region":2,"fire_occurred":1,"prediction":0.3648}},{"type":"Feature","geometry":{"type":"Point","coordinates":[14.6,-7.0]},"properties":{"region":2,"fire_occurred":1,"prediction":0.2493}},{"type":"Feature","geometry":{"type":"Point","coordinates":[14.6,-6.9]},"properties":{"region":2,"fire_occurred":0,"prediction":0.1799}},{"type":"Feature","geometry":{"type":"Point","coordinates":[14.6,-6.8]},"properties":{"region":2,"fire_occurred":1,"prediction":0.1719}},{"type":"Feature","geometry":{"type":"Point","coordinates":[14.6,-6.7]},"properties":{"region":2,"fire_occurred":1,"prediction":0.1589}},{"type":"Feature","geometry":{"type":"Point","coordinates":[14.6,-6.6]},"properties":{"region":2,"fire_occurred":1,"prediction":0.1411}},{"type":"Feature","geometry":{"type":"Point","coordinates":[14.6,-6.5]},"properties":{"region":2,"fire_occurred":0,"prediction":0.1243}},{"type":"Feature","geometry":{"type":"Point","coordinates":[14.6,-6.4]},"properties":{"region":2,"fire_occurred":0,"prediction":0.1346}},{"type":"Feature","geometry":{"type":"Point","coordinates":[14.6,-6.3]},"properties":{"region":2,"fire_occurred":1,"prediction":0.1227}},{"type":"Feature","geometry":{"type":"Point","coordinates":[14.6,-6.2]},"properties":{"region":2,"fire_occurred":0,"prediction":0.1408}},{"type":"Feature","geometry":{"type":"Point","coordinates":[14.6,-6.1]},"properties":{"region":2,"fire_occurred":1,"prediction":0.2366}},{"type":"Feature","geometry":{"type":"Point","coordinates":[14.7,-13.0]},"properties":{"region":2,"fire_occurred":0,"prediction":0.1134}},{"type":"Feature","geometry":{"type":"Point","coordinates":[14.7,-12.8]},"properties":{"region":2,"fire_occurred":1,"prediction":0.1313}},{"type":"Feature","geometry":{"type":"Point","coordinates":[14.7,-12.6]},"properties":{"region":2,"fire_occurred":0,"prediction":0.3862}},{"type":"Feature","geometry":{"type":"Point","coordinates":[14.7,-12.3]},"properties":{"region":2,"fire_occurred":0,"prediction":0.1299}},{"type":"Feature","geometry":{"type":"Point","coordinates":[14.7,-12.2]},"properties":{"region":2,"fire_occurred":0,"prediction":0.2974}},{"type":"Feature","geometry":{"type":"Point","coordinates":[14.7,-12.1]},"properties":{"region":2,"fire_occurred":0,"prediction":0.3239}},{"type":"Feature","geometry":{"type":"Point","coordinates":[14.7,-12.0]},"properties":{"region":2,"fire_occurred":0,"prediction":0.3082}},{"type":"Feature","geometry":{"type":"Point","coordinates":[14.7,-11.9]},"properties":{"region":2,"fire_occurred":1,"prediction":0.203}},{"type":"Feature","geometry":{"type":"Point","coordinates":[14.7,-11.8]},"properties":{"region":2,"fire_occurred":0,"prediction":0.1668}},{"type":"Feature","geometry":{"type":"Point","coordinates":[14.7,-11.7]},"properties":{"region":2,"fire_occurred":0,"prediction":0.1953}},{"type":"Feature","geometry":{"type":"Point","coordinates":[14.7,-11.6]},"properties":{"region":2,"fire_occurred":0,"prediction":0.1691}},{"type":"Feature","geometry":{"type":"Point","coordinates":[14.7,-11.5]},"properties":{"region":2,"fire_occurred":0,"prediction":0.1515}},{"type":"Feature","geometry":{"type":"Point","coordinates":[14.7,-11.4]},"properties":{"region":2,"fire_occurred":0,"prediction":0.1287}},{"type":"Feature","geometry":{"type":"Point","coordinates":[14.7,-10.7]},"properties":{"region":2,"fire_occurred":0,"prediction":0.1161}},{"type":"Feature","geometry":{"type":"Point","coordinates":[14.7,-10.6]},"properties":{"region":2,"fire_occurred":1,"prediction":0.0955}},{"type":"Feature","geometry":{"type":"Point","coordinates":[14.7,-10.5]},"properties":{"region":2,"fire_occurred":0,"prediction":0.1853}},{"type":"Feature","geometry":{"type":"Point","coordinates":[14.7,-10.4]},"properties":{"region":2,"fire_occurred":0,"prediction":0.1634}},{"type":"Feature","geometry":{"type":"Point","coordinates":[14.7,-10.3]},"properties":{"region":2,"fire_occurred":0,"prediction":0.1316}},{"type":"Feature","geometry":{"type":"Point","coordinates":[14.7,-10.1]},"properties":{"region":2,"fire_occurred":1,"prediction":0.0428}},{"type":"Feature","geometry":{"type":"Point","coordinates":[14.7,-10.0]},"properties":{"region":2,"fire_occurred":1,"prediction":0.0789}},{"type":"Feature","geometry":{"type":"Point","coordinates":[14.7,-9.9]},"properties":{"region":2,"fire_occurred":0,"prediction":0.1174}},{"type":"Feature","geometry":{"type":"Point","coordinates":[14.7,-9.6]},"properties":{"region":2,"fire_occurred":0,"prediction":0.1787}},{"type":"Feature","geometry":{"type":"Point","coordinates":[14.7,-9.5]},"properties":{"region":2,"fire_occurred":1,"prediction":0.4537}},{"type":"Feature","geometry":{"type":"Point","coordinates":[14.7,-8.7]},"properties":{"region":2,"fire_occurred":1,"prediction":0.0869}},{"type":"Feature","geometry":{"type":"Point","coordinates":[14.7,-8.6]},"properties":{"region":2,"fire_occurred":0,"prediction":0.288}},{"type":"Feature","geometry":{"type":"Point","coordinates":[14.7,-8.5]},"properties":{"region":2,"fire_occurred":1,"prediction":0.1424}},{"type":"Feature","geometry":{"type":"Point","coordinates":[14.7,-8.4]},"properties":{"region":2,"fire_occurred":1,"prediction":0.1987}},{"type":"Feature","geometry":{"type":"Point","coordinates":[14.7,-8.3]},"properties":{"region":2,"fire_occurred":0,"prediction":0.1101}},{"type":"Feature","geometry":{"type":"Point","coordinates":[14.7,-8.2]},"properties":{"region":2,"fire_occurred":0,"prediction":0.2236}},{"type":"Feature","geometry":{"type":"Point","coordinates":[14.7,-8.1]},"properties":{"region":2,"fire_occurred":1,"prediction":0.265}},{"type":"Feature","geometry":{"type":"Point","coordinates":[14.7,-8.0]},"properties":{"region":2,"fire_occurred":0,"prediction":0.1493}},{"type":"Feature","geometry":{"type":"Point","coordinates":[14.7,-7.9]},"properties":{"region":2,"fire_occurred":0,"prediction":0.1383}},{"type":"Feature","geometry":{"type":"Point","coordinates":[14.7,-7.8]},"properties":{"region":2,"fire_occurred":0,"prediction":0.1028}},{"type":"Feature","geometry":{"type":"Point","coordinates":[14.7,-7.7]},"properties":{"region":2,"fire_occurred":0,"prediction":0.1819}},{"type":"Feature","geometry":{"type":"Point","coordinates":[14.7,-7.6]},"properties":{"region":2,"fire_occurred":0,"prediction":0.107}},{"type":"Feature","geometry":{"type":"Point","coordinates":[14.7,-7.4]},"properties":{"region":2,"fire_occurred":0,"prediction":0.1226}},{"type":"Feature","geometry":{"type":"Point","coordinates":[14.7,-7.3]},"properties":{"region":2,"fire_occurred":1,"prediction":0.2153}},{"type":"Feature","geometry":{"type":"Point","coordinates":[14.7,-7.2]},"properties":{"region":2,"fire_occurred":1,"prediction":0.3132}},{"type":"Feature","geometry":{"type":"Point","coordinates":[14.7,-7.1]},"properties":{"region":2,"fire_occurred":0,"prediction":0.3277}},{"type":"Feature","geometry":{"type":"Point","coordinates":[14.7,-7.0]},"properties":{"region":2,"fire_occurred":1,"prediction":0.205}},{"type":"Feature","geometry":{"type":"Point","coordinates":[14.7,-6.9]},"properties":{"region":2,"fire_occurred":1,"prediction":0.1841}},{"type":"Feature","geometry":{"type":"Point","coordinates":[14.7,-6.8]},"properties":{"region":2,"fire_occurred":1,"prediction":0.1689}},{"type":"Feature","geometry":{"type":"Point","coordinates":[14.7,-6.7]},"properties":{"region":2,"fire_occurred":1,"prediction":0.1871}},{"type":"Feature","geometry":{"type":"Point","coordinates":[14.7,-6.6]},"properties":{"region":2,"fire_occurred":1,"prediction":0.1654}},{"type":"Feature","geometry":{"type":"Point","coordinates":[14.7,-6.5]},"properties":{"region":2,"fire_occurred":0,"prediction":0.1783}},{"type":"Feature","geometry":{"type":"Point","coordinates":[14.7,-6.4]},"properties":{"region":2,"fire_occurred":1,"prediction":0.1946}},{"type":"Feature","geometry":{"type":"Point","coordinates":[14.7,-6.3]},"properties":{"region":2,"fire_occurred":1,"prediction":0.1936}},{"type":"Feature","geometry":{"type":"Point","coordinates":[14.7,-6.2]},"properties":{"region":2,"fire_occurred":0,"prediction":0.1897}},{"type":"Feature","geometry":{"type":"Point","coordinates":[14.7,-6.1]},"properties":{"region":2,"fire_occurred":0,"prediction":0.273}},{"type":"Feature","geometry":{"type":"Point","coordinates":[14.8,-13.0]},"properties":{"region":2,"fire_occurred":0,"prediction":0.1051}},{"type":"Feature","geometry":{"type":"Point","coordinates":[14.8,-12.8]},"properties":{"region":2,"fire_occurred":0,"prediction":0.1536}},{"type":"Feature","geometry":{"type":"Point","coordinates":[14.8,-12.7]},"properties":{"region":2,"fire_occurred":1,"prediction":0.2291}},{"type":"Feature","geometry":{"type":"Point","coordinates":[14.8,-12.6]},"properties":{"region":2,"fire_occurred":1,"prediction":0.5213}},{"type":"Feature","geometry":{"type":"Point","coordinates":[14.8,-12.3]},"properties":{"region":2,"fire_occurred":1,"prediction":0.1959}},{"type":"Feature","geometry":{"type":"Point","coordinates":[14.8,-12.2]},"properties":{"region":2,"fire_occurred":0,"prediction":0.5628}},{"type":"Feature","geometry":{"type":"Point","coordinates":[14.8,-12.1]},"properties":{"region":2,"fire_occurred":0,"prediction":0.2983}},{"type":"Feature","geometry":{"type":"Point","coordinates":[14.8,-12.0]},"properties":{"region":2,"fire_occurred":1,"prediction":0.3676}},{"type":"Feature","geometry":{"type":"Point","coordinates":[14.8,-11.9]},"properties":{"region":2,"fire_occurred":1,"prediction":0.2317}},{"type":"Feature","geometry":{"type":"Point","coordinates":[14.8,-11.8]},"properties":{"region":2,"fire_occurred":0,"prediction":0.1995}},{"type":"Feature","geometry":{"type":"Point","coordinates":[14.8,-11.1]},"properties":{"region":2,"fire_occurred":1,"prediction":0.0628}},{"type":"Feature","geometry":{"type":"Point","coordinates":[14.8,-10.6]},"properties":{"region":2,"fire_occurred":0,"prediction":0.1274}},{"type":"Feature","geometry":{"type":"Point","coordinates":[14.8,-10.5]},"properties":{"region":2,"fire_occurred":0,"prediction":0.14}},{"type":"Feature","geometry":{"type":"Point","coordinates":[14.8,-10.4]},"properties":{"region":2,"fire_occurred":1,"prediction":0.1713}},{"type":"Feature","geometry":{"type":"Point","coordinates":[14.8,-10.3]},"properties":{"region":2,"fire_occurred":0,"prediction":0.2339}},{"type":"Feature","geometry":{"type":"Point","coordinates":[14.8,-10.2]},"properties":{"region":2,"fire_occurred":1,"prediction":0.21}},{"type":"Feature","geometry":{"type":"Point","coordinates":[14.8,-10.1]},"properties":{"region":2,"fire_occurred":1,"prediction":0.131}},{"type":"Feature","geometry":{"type":"Point","coordinates":[14.8,-10.0]},"properties":{"region":2,"fire_occurred":0,"prediction":0.1072}},{"type":"Feature","geometry":{"type":"Point","coordinates":[14.8,-9.5]},"properties":{"region":2,"fire_occurred":0,"prediction":0.1369}},{"type":"Feature","geometry":{"type":"Point","coordinates":[14.8,-9.3]},"properties":{"region":2,"fire_occurred":0,"prediction":0.3313}},{"type":"Feature","geometry":{"type":"Point","coordinates":[14.8,-9.2]},"properties":{"region":2,"fire_occurred":1,"prediction":0.3451}},{"type":"Feature","geometry":{"type":"Point","coordinates":[14.8,-8.9]},"properties":{"region":2,"fire_occurred":0,"prediction":0.1792}},{"type":"Feature","geometry":{"type":"Point","coordinates":[14.8,-8.8]},"properties":{"region":2,"fire_occurred":0,"prediction":0.3238}},{"type":"Feature","geometry":{"type":"Point","coordinates":[14.8,-8.7]},"properties":{"region":2,"fire_occurred":1,"prediction":0.2309}},{"type":"Feature","geometry":{"type":"Point","coordinates":[14.8,-8.6]},"properties":{"region":2,"fire_occurred":0,"prediction":0.2172}},{"type":"Feature","geometry":{"type":"Point","coordinates":[14.8,-8.4]},"properties":{"region":2,"fire_occurred":0,"prediction":0.1229}},{"type":"Feature","geometry":{"type":"Point","coordinates":[14.8,-8.3]},"properties":{"region":2,"fire_occurred":0,"prediction":0.1791}},{"type":"Feature","geometry":{"type":"Point","coordinates":[14.8,-8.2]},"properties":{"region":2,"fire_occurred":0,"prediction":0.2488}},{"type":"Feature","geometry":{"type":"Point","coordinates":[14.8,-8.1]},"properties":{"region":2,"fire_occurred":0,"prediction":0.131}},{"type":"Feature","geometry":{"type":"Point","coordinates":[14.8,-8.0]},"properties":{"region":2,"fire_occurred":1,"prediction":0.0561}},{"type":"Feature","geometry":{"type":"Point","coordinates":[14.8,-7.8]},"properties":{"region":2,"fire_occurred":0,"prediction":0.1683}},{"type":"Feature","geometry":{"type":"Point","coordinates":[14.8,-7.7]},"properties":{"region":2,"fire_occurred":1,"prediction":0.1203}},{"type":"Feature","geometry":{"type":"Point","coordinates":[14.8,-7.6]},"properties":{"region":2,"fire_occurred":0,"prediction":0.1118}},{"type":"Feature","geometry":{"type":"Point","coordinates":[14.8,-7.5]},"properties":{"region":2,"fire_occurred":0,"prediction":0.1667}},{"type":"Feature","geometry":{"type":"Point","coordinates":[14.8,-7.4]},"properties":{"region":2,"fire_occurred":1,"prediction":0.2352}},{"type":"Feature","geometry":{"type":"Point","coordinates":[14.8,-7.3]},"properties":{"region":2,"fire_occurred":1,"prediction":0.2235}},{"type":"Feature","geometry":{"type":"Point","coordinates":[14.8,-7.2]},"properties":{"region":2,"fire_occurred":1,"prediction":0.3007}},{"type":"Feature","geometry":{"type":"Point","coordinates":[14.8,-7.1]},"properties":{"region":2,"fire_occurred":0,"prediction":0.1696}},{"type":"Feature","geometry":{"type":"Point","coordinates":[14.8,-7.0]},"properties":{"region":2,"fire_occurred":1,"prediction":0.1978}},{"type":"Feature","geometry":{"type":"Point","coordinates":[14.8,-6.9]},"properties":{"region":2,"fire_occurred":1,"prediction":0.2693}},{"type":"Feature","geometry":{"type":"Point","coordinates":[14.8,-6.8]},"properties":{"region":2,"fire_occurred":0,"prediction":0.2058}},{"type":"Feature","geometry":{"type":"Point","coordinates":[14.8,-6.7]},"properties":{"region":2,"fire_occurred":1,"prediction":0.1579}},{"type":"Feature","geometry":{"type":"Point","coordinates":[14.8,-6.6]},"properties":{"region":2,"fire_occurred":1,"prediction":0.1984}},{"type":"Feature","geometry":{"type":"Point","coordinates":[14.8,-6.5]},"properties":{"region":2,"fire_occurred":1,"prediction":0.2315}},{"type":"Feature","geometry":{"type":"Point","coordinates":[14.8,-6.4]},"properties":{"region":2,"fire_occurred":1,"prediction":0.207}},{"type":"Feature","geometry":{"type":"Point","coordinates":[14.8,-6.3]},"properties":{"region":2,"fire_occurred":1,"prediction":0.1582}},{"type":"Feature","geometry":{"type":"Point","coordinates":[14.8,-6.2]},"properties":{"region":2,"fire_occurred":0,"prediction":0.1533}},{"type":"Feature","geometry":{"type":"Point","coordinates":[14.8,-6.1]},"properties":{"region":2,"fire_occurred":1,"prediction":0.1912}},{"type":"Feature","geometry":{"type":"Point","coordinates":[14.9,-13.0]},"properties":{"region":2,"fire_occurred":1,"prediction":0.0809}},{"type":"Feature","geometry":{"type":"Point","coordinates":[14.9,-12.9]},"properties":{"region":2,"fire_occurred":1,"prediction":0.0213}},{"type":"Feature","geometry":{"type":"Point","coordinates":[14.9,-12.6]},"properties":{"region":2,"fire_occurred":1,"prediction":0.3053}},{"type":"Feature","geometry":{"type":"Point","coordinates":[14.9,-12.3]},"properties":{"region":2,"fire_occurred":0,"prediction":0.331}},{"type":"Feature","geometry":{"type":"Point","coordinates":[14.9,-12.2]},"properties":{"region":2,"fire_occurred":0,"prediction":0.5018}},{"type":"Feature","geometry":{"type":"Point","coordinates":[14.9,-12.1]},"properties":{"region":2,"fire_occurred":1,"prediction":0.5844}},{"type":"Feature","geometry":{"type":"Point","coordinates":[14.9,-12.0]},"properties":{"region":2,"fire_occurred":1,"prediction":0.3811}},{"type":"Feature","geometry":{"type":"Point","coordinates":[14.9,-11.9]},"properties":{"region":2,"fire_occurred":0,"prediction":0.431}},{"type":"Feature","geometry":{"type":"Point","coordinates":[14.9,-11.8]},"properties":{"region":2,"fire_occurred":0,"prediction":0.2723}},{"type":"Feature","geometry":{"type":"Point","coordinates":[14.9,-11.7]},"properties":{"region":2,"fire_occurred":1,"prediction":0.163}},{"type":"Feature","geometry":{"type":"Point","coordinates":[14.9,-11.5]},"properties":{"region":2,"fire_occurred":1,"prediction":0.0398}},{"type":"Feature","geometry":{"type":"Point","coordinates":[14.9,-11.1]},"properties":{"region":2,"fire_occurred":0,"prediction":0.1068}},{"type":"Feature","geometry":{"type":"Point","coordinates":[14.9,-11.0]},"properties":{"region":2,"fire_occurred":0,"prediction":0.1331}},{"type":"Feature","geometry":{"type":"Point","coordinates":[14.9,-10.7]},"properties":{"region":2,"fire_occurred":0,"prediction":0.1796}},{"type":"Feature","geometry":{"type":"Point","coordinates":[14.9,-10.4]},"properties":{"region":2,"fire_occurred":1,"prediction":0.1002}},{"type":"Feature","geometry":{"type":"Point","coordinates":[14.9,-10.3]},"properties":{"region":2,"fire_occurred":0,"prediction":0.2218}},{"type":"Feature","geometry":{"type":"Point","coordinates":[14.9,-10.2]},"properties":{"region":2,"fire_occurred":0,"prediction":0.4122}},{"type":"Feature","geometry":{"type":"Point","coordinates":[14.9,-10.1]},"properties":{"region":2,"fire_occurred":0,"prediction":0.3393}},{"type":"Feature","geometry":{"type":"Point","coordinates":[14.9,-10.0]},"properties":{"region":2,"fire_occurred":1,"prediction":0.2922}},{"type":"Feature","geometry":{"type":"Point","coordinates":[14.9,-9.9]},"properties":{"region":2,"fire_occurred":0,"prediction":0.1403}},{"type":"Feature","geometry":{"type":"Point","coordinates":[14.9,-9.8]},"properties":{"region":2,"fire_occurred":1,"prediction":0.22}},{"type":"Feature","geometry":{"type":"Point","coordinates":[14.9,-9.7]},"properties":{"region":2,"fire_occurred":0,"prediction":0.2153}},{"type":"Feature","geometry":{"type":"Point","coordinates":[14.9,-9.6]},"properties":{"region":2,"fire_occurred":0,"prediction":0.2867}},{"type":"Feature","geometry":{"type":"Point","coordinates":[14.9,-9.5]},"properties":{"region":2,"fire_occurred":0,"prediction":0.3451}},{"type":"Feature","geometry":{"type":"Point","coordinates":[14.9,-9.4]},"properties":{"region":2,"fire_occurred":1,"prediction":0.1756}},{"type":"Feature","geometry":{"type":"Point","coordinates":[14.9,-9.3]},"properties":{"region":2,"fire_occurred":1,"prediction":0.2996}},{"type":"Feature","geometry":{"type":"Point","coordinates":[14.9,-9.2]},"properties":{"region":2,"fire_occurred":1,"prediction":0.4371}},{"type":"Feature","geometry":{"type":"Point","coordinates":[14.9,-9.1]},"properties":{"region":2,"fire_occurred":0,"prediction":0.2505}},{"type":"Feature","geometry":{"type":"Point","coordinates":[14.9,-9.0]},"properties":{"region":2,"fire_occurred":1,"prediction":0.3921}},{"type":"Feature","geometry":{"type":"Point","coordinates":[14.9,-8.9]},"properties":{"region":2,"fire_occurred":0,"prediction":0.2859}},{"type":"Feature","geometry":{"type":"Point","coordinates":[14.9,-8.8]},"properties":{"region":2,"fire_occurred":0,"prediction":0.2196}},{"type":"Feature","geometry":{"type":"Point","coordinates":[14.9,-8.7]},"properties":{"region":2,"fire_occurred":0,"prediction":0.2582}},{"type":"Feature","geometry":{"type":"Point","coordinates":[14.9,-8.6]},"properties":{"region":2,"fire_occurred":0,"prediction":0.2057}},{"type":"Feature","geometry":{"type":"Point","coordinates":[14.9,-8.5]},"properties":{"region":2,"fire_occurred":0,"prediction":0.128}},{"type":"Feature","geometry":{"type":"Point","coordinates":[14.9,-8.4]},"properties":{"region":2,"fire_occurred":1,"prediction":0.1384}},{"type":"Feature","geometry":{"type":"Point","coordinates":[14.9,-8.3]},"properties":{"region":2,"fire_occurred":0,"prediction":0.1945}},{"type":"Feature","geometry":{"type":"Point","coordinates":[14.9,-8.2]},"properties":{"region":2,"fire_occurred":0,"prediction":0.245}},{"type":"Feature","geometry":{"type":"Point","coordinates":[14.9,-8.1]},"properties":{"region":2,"fire_occurred":1,"prediction":0.1731}},{"type":"Feature","geometry":{"type":"Point","coordinates":[14.9,-8.0]},"properties":{"region":2,"fire_occurred":0,"prediction":0.156}},{"type":"Feature","geometry":{"type":"Point","coordinates":[14.9,-7.9]},"properties":{"region":2,"fire_occurred":0,"prediction":0.1789}},{"type":"Feature","geometry":{"type":"Point","coordinates":[14.9,-7.8]},"properties":{"region":2,"fire_occurred":0,"prediction":0.149}},{"type":"Feature","geometry":{"type":"Point","coordinates":[14.9,-7.7]},"properties":{"region":2,"fire_occurred":1,"prediction":0.1874}},{"type":"Feature","geometry":{"type":"Point","coordinates":[14.9,-7.6]},"properties":{"region":2,"fire_occurred":0,"prediction":0.2461}},{"type":"Feature","geometry":{"type":"Point","coordinates":[14.9,-7.5]},"properties":{"region":2,"fire_occurred":1,"prediction":0.3577}},{"type":"Feature","geometry":{"type":"Point","coordinates":[14.9,-7.4]},"properties":{"region":2,"fire_occurred":1,"prediction":0.2425}},{"type":"Feature","geometry":{"type":"Point","coordinates":[14.9,-7.3]},"properties":{"region":2,"fire_occurred":0,"prediction":0.3023}},{"type":"Feature","geometry":{"type":"Point","coordinates":[14.9,-7.2]},"properties":{"region":2,"fire_occurred":0,"prediction":0.1345}},{"type":"Feature","geometry":{"type":"Point","coordinates":[14.9,-7.1]},"properties":{"region":2,"fire_occurred":0,"prediction":0.2932}},{"type":"Feature","geometry":{"type":"Point","coordinates":[14.9,-7.0]},"properties":{"region":2,"fire_occurred":1,"prediction":0.1979}},{"type":"Feature","geometry":{"type":"Point","coordinates":[14.9,-6.9]},"properties":{"region":2,"fire_occurred":1,"prediction":0.3351}},{"type":"Feature","geometry":{"type":"Point","coordinates":[14.9,-6.8]},"properties":{"region":2,"fire_occurred":0,"prediction":0.3041}},{"type":"Feature","geometry":{"type":"Point","coordinates":[14.9,-6.7]},"properties":{"region":2,"fire_occurred":1,"prediction":0.286}},{"type":"Feature","geometry":{"type":"Point","coordinates":[14.9,-6.6]},"properties":{"region":2,"fire_occurred":0,"prediction":0.251}},{"type":"Feature","geometry":{"type":"Point","coordinates":[14.9,-6.5]},"properties":{"region":2,"fire_occurred":0,"prediction":0.2919}},{"type":"Feature","geometry":{"type":"Point","coordinates":[14.9,-6.4]},"properties":{"region":2,"fire_occurred":1,"prediction":0.266}},{"type":"Feature","geometry":{"type":"Point","coordinates":[14.9,-6.3]},"properties":{"region":2,"fire_occurred":1,"prediction":0.2404}},{"type":"Feature","geometry":{"type":"Point","coordinates":[14.9,-6.2]},"properties":{"region":2,"fire_occurred":0,"prediction":0.3453}},{"type":"Feature","geometry":{"type":"Point","coordinates":[14.9,-6.1]},"properties":{"region":2,"fire_occurred":1,"prediction":0.2672}},{"type":"Feature","geometry":{"type":"Point","coordinates":[15.0,-9.0]},"properties":{"region":2,"fire_occurred":1,"prediction":0.4511}},{"type":"Feature","geometry":{"type":"Point","coordinates":[15.0,-8.9]},"properties":{"region":2,"fire_occurred":0,"prediction":0.2694}},{"type":"Feature","geometry":{"type":"Point","coordinates":[15.0,-8.8]},"properties":{"region":2,"fire_occurred":0,"prediction":0.2423}},{"type":"Feature","geometry":{"type":"Point","coordinates":[15.0,-8.7]},"properties":{"region":2,"fire_occurred":0,"prediction":0.246}},{"type":"Feature","geometry":{"type":"Point","coordinates":[15.0,-8.6]},"properties":{"region":2,"fire_occurred":1,"prediction":0.1621}},{"type":"Feature","geometry":{"type":"Point","coordinates":[15.0,-8.5]},"properties":{"region":2,"fire_occurred":1,"prediction":0.2888}},{"type":"Feature","geometry":{"type":"Point","coordinates":[15.0,-8.4]},"properties":{"region":2,"fire_occurred":0,"prediction":0.2631}},{"type":"Feature","geometry":{"type":"Point","coordinates":[15.0,-8.1]},"properties":{"region":2,"fire_occurred":1,"prediction":0.0949}},{"type":"Feature","geometry":{"type":"Point","coordinates":[15.1,-9.0]},"properties":{"region":2,"fire_occurred":0,"prediction":0.3676}},{"type":"Feature","geometry":{"type":"Point","coordinates":[15.1,-8.9]},"properties":{"region":2,"fire_occurred":1,"prediction":0.2911}},{"type":"Feature","geometry":{"type":"Point","coordinates":[15.1,-8.8]},"properties":{"region":2,"fire_occurred":0,"prediction":0.2686}},{"type":"Feature","geometry":{"type":"Point","coordinates":[15.1,-8.7]},"properties":{"region":2,"fire_occurred":0,"prediction":0.2672}},{"type":"Feature","geometry":{"type":"Point","coordinates":[15.1,-8.6]},"properties":{"region":2,"fire_occurred":0,"prediction":0.1078}},{"type":"Feature","geometry":{"type":"Point","coordinates":[15.1,-8.1]},"properties":{"region":2,"fire_occurred":0,"prediction":0.102}},{"type":"Feature","geometry":{"type":"Point","coordinates":[15.2,-9.0]},"properties":{"region":2,"fire_occurred":1,"prediction":0.3704}},{"type":"Feature","geometry":{"type":"Point","coordinates":[15.2,-8.9]},"properties":{"region":2,"fire_occurred":1,"prediction":0.2476}},{"type":"Feature","geometry":{"type":"Point","coordinates":[15.2,-8.8]},"properties":{"region":2,"fire_occurred":0,"prediction":0.3205}},{"type":"Feature","geometry":{"type":"Point","coordinates":[15.2,-8.7]},"properties":{"region":2,"fire_occurred":0,"prediction":0.2276}},{"type":"Feature","geometry":{"type":"Point","coordinates":[15.2,-8.6]},"properties":{"region":2,"fire_occurred":0,"prediction":0.1184}},{"type":"Feature","geometry":{"type":"Point","coordinates":[15.2,-8.5]},"properties":{"region":2,"fire_occurred":0,"prediction":0.1332}},{"type":"Feature","geometry":{"type":"Point","coordinates":[15.2,-8.4]},"properties":{"region":2,"fire_occurred":0,"prediction":0.1012}},{"type":"Feature","geometry":{"type":"Point","coordinates":[15.2,-8.2]},"properties":{"region":2,"fire_occurred":0,"prediction":0.2332}},{"type":"Feature","geometry":{"type":"Point","coordinates":[15.2,-8.1]},"properties":{"region":2,"fire_occurred":0,"prediction":0.299}},{"type":"Feature","geometry":{"type":"Point","coordinates":[15.3,-9.0]},"properties":{"region":2,"fire_occurred":1,"prediction":0.386}},{"type":"Feature","geometry":{"type":"Point","coordinates":[15.3,-8.9]},"properties":{"region":2,"fire_occurred":1,"prediction":0.2946}},{"type":"Feature","geometry":{"type":"Point","coordinates":[15.3,-8.8]},"properties":{"region":2,"fire_occurred":0,"prediction":0.29}},{"type":"Feature","geometry":{"type":"Point","coordinates":[15.3,-8.7]},"properties":{"region":2,"fire_occurred":1,"prediction":0.3182}},{"type":"Feature","geometry":{"type":"Point","coordinates":[15.3,-8.6]},"properties":{"region":2,"fire_occurred":1,"prediction":0.3834}},{"type":"Feature","geometry":{"type":"Point","coordinates":[15.3,-8.5]},"properties":{"region":2,"fire_occurred":0,"prediction":0.3559}},{"type":"Feature","geometry":{"type":"Point","coordinates":[15.3,-8.4]},"properties":{"region":2,"fire_occurred":0,"prediction":0.322}},{"type":"Feature","geometry":{"type":"Point","coordinates":[15.3,-8.3]},"properties":{"region":2,"fire_occurred":0,"prediction":0.2854}},{"type":"Feature","geometry":{"type":"Point","coordinates":[15.3,-8.2]},"properties":{"region":2,"fire_occurred":1,"prediction":0.2006}},{"type":"Feature","geometry":{"type":"Point","coordinates":[15.3,-8.1]},"properties":{"region":2,"fire_occurred":0,"prediction":0.1862}},{"type":"Feature","geometry":{"type":"Point","coordinates":[15.4,-9.0]},"properties":{"region":2,"fire_occurred":1,"prediction":0.436}},{"type":"Feature","geometry":{"type":"Point","coordinates":[15.4,-8.9]},"properties":{"region":2,"fire_occurred":1,"prediction":0.4698}},{"type":"Feature","geometry":{"type":"Point","coordinates":[15.4,-8.8]},"properties":{"region":2,"fire_occurred":0,"prediction":0.3931}},{"type":"Feature","geometry":{"type":"Point","coordinates":[15.4,-8.7]},"properties":{"region":2,"fire_occurred":0,"prediction":0.3404}},{"type":"Feature","geometry":{"type":"Point","coordinates":[15.4,-8.6]},"properties":{"region":2,"fire_occurred":0,"prediction":0.3857}},{"type":"Feature","geometry":{"type":"Point","coordinates":[15.4,-8.5]},"properties":{"region":2,"fire_occurred":0,"prediction":0.3327}},{"type":"Feature","geometry":{"type":"Point","coordinates":[15.4,-8.4]},"properties":{"region":2,"fire_occurred":0,"prediction":0.3039}},{"type":"Feature","geometry":{"type":"Point","coordinates":[15.4,-8.3]},"properties":{"region":2,"fire_occurred":0,"prediction":0.2832}},{"type":"Feature","geometry":{"type":"Point","coordinates":[15.4,-8.2]},"properties":{"region":2,"fire_occurred":0,"prediction":0.3039}},{"type":"Feature","geometry":{"type":"Point","coordinates":[15.4,-8.1]},"properties":{"region":2,"fire_occurred":0,"prediction":0.3308}},{"type":"Feature","geometry":{"type":"Point","coordinates":[15.5,-9.0]},"properties":{"region":2,"fire_occurred":0,"prediction":0.4345}},{"type":"Feature","geometry":{"type":"Point","coordinates":[15.5,-8.9]},"properties":{"region":2,"fire_occurred":0,"prediction":0.4332}},{"type":"Feature","geometry":{"type":"Point","coordinates":[15.5,-8.8]},"properties":{"region":2,"fire_occurred":1,"prediction":0.4549}},{"type":"Feature","geometry":{"type":"Point","coordinates":[15.5,-8.7]},"properties":{"region":2,"fire_occurred":0,"prediction":0.5153}},{"type":"Feature","geometry":{"type":"Point","coordinates":[15.5,-8.6]},"properties":{"region":2,"fire_occurred":0,"prediction":0.489}},{"type":"Feature","geometry":{"type":"Point","coordinates":[15.5,-8.5]},"properties":{"region":2,"fire_occurred":1,"prediction":0.3817}},{"type":"Feature","geometry":{"type":"Point","coordinates":[15.5,-8.4]},"properties":{"region":2,"fire_occurred":0,"prediction":0.3696}},{"type":"Feature","geometry":{"type":"Point","coordinates":[15.5,-8.3]},"properties":{"region":2,"fire_occurred":1,"prediction":0.4775}},{"type":"Feature","geometry":{"type":"Point","coordinates":[15.5,-8.2]},"properties":{"region":2,"fire_occurred":1,"prediction":0.2815}},{"type":"Feature","geometry":{"type":"Point","coordinates":[15.5,-8.1]},"properties":{"region":2,"fire_occurred":0,"prediction":0.3019}},{"type":"Feature","geometry":{"type":"Point","coordinates":[15.6,-9.0]},"properties":{"region":2,"fire_occurred":1,"prediction":0.4441}},{"type":"Feature","geometry":{"type":"Point","coordinates":[15.6,-8.9]},"properties":{"region":2,"fire_occurred":1,"prediction":0.4973}},{"type":"Feature","geometry":{"type":"Point","coordinates":[15.6,-8.8]},"properties":{"region":2,"fire_occurred":1,"prediction":0.3535}},{"type":"Feature","geometry":{"type":"Point","coordinates":[15.6,-8.7]},"properties":{"region":2,"fire_occurred":1,"prediction":0.4173}},{"type":"Feature","geometry":{"type":"Point","coordinates":[15.6,-8.6]},"properties":{"region":2,"fire_occurred":0,"prediction":0.4198}},{"type":"Feature","geometry":{"type":"Point","coordinates":[15.6,-8.5]},"properties":{"region":2,"fire_occurred":0,"prediction":0.3589}},{"type":"Feature","geometry":{"type":"Point","coordinates":[15.6,-8.4]},"properties":{"region":2,"fire_occurred":0,"prediction":0.284}},{"type":"Feature","geometry":{"type":"Point","coordinates":[15.6,-8.3]},"properties":{"region":2,"fire_occurred":0,"prediction":0.3128}},{"type":"Feature","geometry":{"type":"Point","coordinates":[15.6,-8.2]},"properties":{"region":2,"fire_occurred":0,"prediction":0.2577}},{"type":"Feature","geometry":{"type":"Point","coordinates":[15.6,-8.1]},"properties":{"region":2,"fire_occurred":0,"prediction":0.2654}},{"type":"Feature","geometry":{"type":"Point","coordinates":[15.7,-15.3]},"properties":{"region":2,"fire_occurred":0,"prediction":0.2197}},{"type":"Feature","geometry":{"type":"Point","coordinates":[15.7,-15.1]},"properties":{"region":2,"fire_occurred":0,"prediction":0.2001}},{"type":"Feature","geometry":{"type":"Point","coordinates":[15.7,-9.0]},"properties":{"region":2,"fire_occurred":0,"prediction":0.3958}},{"type":"Feature","geometry":{"type":"Point","coordinates":[15.7,-8.9]},"properties":{"region":2,"fire_occurred":0,"prediction":0.3902}},{"type":"Feature","geometry":{"type":"Point","coordinates":[15.7,-8.8]},"properties":{"region":2,"fire_occurred":1,"prediction":0.3214}},{"type":"Feature","geometry":{"type":"Point","coordinates":[15.7,-8.7]},"properties":{"region":2,"fire_occurred":0,"prediction":0.4886}},{"type":"Feature","geometry":{"type":"Point","coordinates":[15.7,-8.6]},"properties":{"region":2,"fire_occurred":0,"prediction":0.4404}},{"type":"Feature","geometry":{"type":"Point","coordinates":[15.7,-8.5]},"properties":{"region":2,"fire_occurred":1,"prediction":0.3432}},{"type":"Feature","geometry":{"type":"Point","coordinates":[15.7,-8.4]},"properties":{"region":2,"fire_occurred":0,"prediction":0.2719}},{"type":"Feature","geometry":{"type":"Point","coordinates":[15.7,-8.3]},"properties":{"region":2,"fire_occurred":0,"prediction":0.2632}},{"type":"Feature","geometry":{"type":"Point","coordinates":[15.7,-8.2]},"properties":{"region":2,"fire_occurred":1,"prediction":0.249}},{"type":"Feature","geometry":{"type":"Point","coordinates":[15.7,-8.1]},"properties":{"region":2,"fire_occurred":0,"prediction":0.3047}},{"type":"Feature","geometry":{"type":"Point","coordinates":[15.8,-9.0]},"properties":{"region":2,"fire_occurred":0,"prediction":0.3182}},{"type":"Feature","geometry":{"type":"Point","coordinates":[15.8,-8.9]},"properties":{"region":2,"fire_occurred":0,"prediction":0.2271}},{"type":"Feature","geometry":{"type":"Point","coordinates":[15.8,-8.8]},"properties":{"region":2,"fire_occurred":0,"prediction":0.284}},{"type":"Feature","geometry":{"type":"Point","coordinates":[15.8,-8.7]},"properties":{"region":2,"fire_occurred":0,"prediction":0.362}},{"type":"Feature","geometry":{"type":"Point","coordinates":[15.8,-8.6]},"properties":{"region":2,"fire_occurred":0,"prediction":0.2471}},{"type":"Feature","geometry":{"type":"Point","coordinates":[15.8,-8.5]},"properties":{"region":2,"fire_occurred":1,"prediction":0.2993}},{"type":"Feature","geometry":{"type":"Point","coordinates":[15.8,-8.4]},"properties":{"region":2,"fire_occurred":0,"prediction":0.2599}},{"type":"Feature","geometry":{"type":"Point","coordinates":[15.8,-8.3]},"properties":{"region":2,"fire_occurred":0,"prediction":0.2898}},{"type":"Feature","geometry":{"type":"Point","coordinates":[15.8,-8.2]},"properties":{"region":2,"fire_occurred":0,"prediction":0.2645}},{"type":"Feature","geometry":{"type":"Point","coordinates":[15.8,-8.1]},"properties":{"region":2,"fire_occurred":0,"prediction":0.31}},{"type":"Feature","geometry":{"type":"Point","coordinates":[15.9,-15.3]},"properties":{"region":2,"fire_occurred":0,"prediction":0.1499}},{"type":"Feature","geometry":{"type":"Point","coordinates":[15.9,-9.0]},"properties":{"region":2,"fire_occurred":0,"prediction":0.2881}},{"type":"Feature","geometry":{"type":"Point","coordinates":[15.9,-8.9]},"properties":{"region":2,"fire_occurred":1,"prediction":0.2398}},{"type":"Feature","geometry":{"type":"Point","coordinates":[15.9,-8.8]},"properties":{"region":2,"fire_occurred":0,"prediction":0.1886}},{"type":"Feature","geometry":{"type":"Point","coordinates":[15.9,-8.7]},"properties":{"region":2,"fire_occurred":0,"prediction":0.3082}},{"type":"Feature","geometry":{"type":"Point","coordinates":[15.9,-8.6]},"properties":{"region":2,"fire_occurred":0,"prediction":0.2884}},{"type":"Feature","geometry":{"type":"Point","coordinates":[15.9,-8.5]},"properties":{"region":2,"fire_occurred":0,"prediction":0.3013}},{"type":"Feature","geometry":{"type":"Point","coordinates":[15.9,-8.4]},"properties":{"region":2,"fire_occurred":0,"prediction":0.2623}},{"type":"Feature","geometry":{"type":"Point","coordinates":[15.9,-8.3]},"properties":{"region":2,"fire_occurred":1,"prediction":0.3185}},{"type":"Feature","geometry":{"type":"Point","coordinates":[15.9,-8.2]},"properties":{"region":2,"fire_occurred":0,"prediction":0.3438}},{"type":"Feature","geometry":{"type":"Point","coordinates":[15.9,-8.1]},"properties":{"region":2,"fire_occurred":0,"prediction":0.177}},{"type":"Feature","geometry":{"type":"Point","coordinates":[16.0,-15.4]},"properties":{"region":2,"fire_occurred":0,"prediction":0.1862}},{"type":"Feature","geometry":{"type":"Point","coordinates":[16.0,-15.2]},"properties":{"region":2,"fire_occurred":0,"prediction":0.1517}},{"type":"Feature","geometry":{"type":"Point","coordinates":[16.0,-15.0]},"properties":{"region":2,"fire_occurred":0,"prediction":0.1306}},{"type":"Feature","geometry":{"type":"Point","coordinates":[16.1,-15.2]},"properties":{"region":2,"fire_occurred":0,"prediction":0.1125}},{"type":"Feature","geometry":{"type":"Point","coordinates":[16.1,-14.1]},"properties":{"region":2,"fire_occurred":1,"prediction":0.1047}},{"type":"Feature","geometry":{"type":"Point","coordinates":[16.2,-20.3]},"properties":{"region":2,"fire_occurred":1,"prediction":0.0012}},{"type":"Feature","geometry":{"type":"Point","coordinates":[16.2,-15.2]},"properties":{"region":2,"fire_occurred":0,"prediction":0.1382}},{"type":"Feature","geometry":{"type":"Point","coordinates":[16.2,-14.6]},"properties":{"region":2,"fire_occurred":1,"prediction":0.0403}},{"type":"Feature","geometry":{"type":"Point","coordinates":[16.2,-14.4]},"properties":{"region":2,"fire_occurred":0,"prediction":0.1322}},{"type":"Feature","geometry":{"type":"Point","coordinates":[16.2,-14.2]},"properties":{"region":2,"fire_occurred":0,"prediction":0.1057}},{"type":"Feature","geometry":{"type":"Point","coordinates":[16.2,-14.1]},"properties":{"region":2,"fire_occurred":1,"prediction":0.1276}},{"type":"Feature","geometry":{"type":"Point","coordinates":[16.3,-15.4]},"properties":{"region":2,"fire_occurred":0,"prediction":0.1308}},{"type":"Feature","geometry":{"type":"Point","coordinates":[16.3,-15.3]},"properties":{"region":2,"fire_occurred":0,"prediction":0.1128}},{"type":"Feature","geometry":{"type":"Point","coordinates":[16.3,-14.6]},"properties":{"region":2,"fire_occurred":1,"prediction":0.073}},{"type":"Feature","geometry":{"type":"Point","coordinates":[16.3,-14.5]},"properties":{"region":2,"fire_occurred":0,"prediction":0.117}},{"type":"Feature","geometry":{"type":"Point","coordinates":[16.3,-14.4]},"properties":{"region":2,"fire_occurred":0,"prediction":0.1625}},{"type":"Feature","geometry":{"type":"Point","coordinates":[16.3,-14.3]},"properties":{"region":2,"fire_occurred":0,"prediction":0.102}},{"type":"Feature","geometry":{"type":"Point","coordinates":[16.3,-14.1]},"properties":{"region":2,"fire_occurred":1,"prediction":0.1418}},{"type":"Feature","geometry":{"type":"Point","coordinates":[16.4,-20.7]},"properties":{"region":2,"fire_occurred":1,"prediction":0.0022}},{"type":"Feature","geometry":{"type":"Point","coordinates":[16.4,-20.6]},"properties":{"region":2,"fire_occurred":1,"prediction":0.0511}},{"type":"Feature","geometry":{"type":"Point","coordinates":[16.4,-20.0]},"properties":{"region":2,"fire_occurred":1,"prediction":0.003}},{"type":"Feature","geometry":{"type":"Point","coordinates":[16.4,-15.0]},"properties":{"region":2,"fire_occurred":1,"prediction":0.0176}},{"type":"Feature","geometry":{"type":"Point","coordinates":[16.4,-14.7]},"properties":{"region":2,"fire_occurred":0,"prediction":0.14}},{"type":"Feature","geometry":{"type":"Point","coordinates":[16.4,-14.6]},"properties":{"region":2,"fire_occurred":1,"prediction":0.1461}},{"type":"Feature","geometry":{"type":"Point","coordinates":[16.4,-14.5]},"properties":{"region":2,"fire_occurred":0,"prediction":0.1111}},{"type":"Feature","geometry":{"type":"Point","coordinates":[16.4,-14.3]},"properties":{"region":2,"fire_occurred":0,"prediction":0.1641}},{"type":"Feature","geometry":{"type":"Point","coordinates":[16.4,-14.1]},"properties":{"region":2,"fire_occurred":0,"prediction":0.1287}},{"type":"Feature","geometry":{"type":"Point","coordinates":[16.5,-20.7]},"properties":{"region":2,"fire_occurred":1,"prediction":0.0018}},{"type":"Feature","geometry":{"type":"Point","coordinates":[16.5,-20.6]},"properties":{"region":2,"fire_occurred":1,"prediction":0.0034}},{"type":"Feature","geometry":{"type":"Point","coordinates":[16.5,-14.9]},"properties":{"region":2,"fire_occurred":0,"prediction":0.2441}},{"type":"Feature","geometry":{"type":"Point","coordinates":[16.5,-14.6]},"properties":{"region":2,"fire_occurred":0,"prediction":0.1188}},{"type":"Feature","geometry":{"type":"Point","coordinates":[16.5,-14.5]},"properties":{"region":2,"fire_occurred":1,"prediction":0.0309}},{"type":"Feature","geometry":{"type":"Point","coordinates":[16.6,-15.6]},"properties":{"region":2,"fire_occurred":0,"prediction":0.1173}},{"type":"Feature","geometry":{"type":"Point","coordinates":[16.6,-14.6]},"properties":{"region":2,"fire_occurred":0,"prediction":0.1217}},{"type":"Feature","geometry":{"type":"Point","coordinates":[16.6,-14.5]},"properties":{"region":2,"fire_occurred":1,"prediction":0.0298}},{"type":"Feature","geometry":{"type":"Point","coordinates":[16.7,-14.6]},"properties":{"region":2,"fire_occurred":1,"prediction":0.0397}},{"type":"Feature","geometry":{"type":"Point","coordinates":[16.7,-14.5]},"properties":{"region":2,"fire_occurred":1,"prediction":0.1726}},{"type":"Feature","geometry":{"type":"Point","coordinates":[16.7,-14.4]},"properties":{"region":2,"fire_occurred":0,"prediction":0.1203}},{"type":"Feature","geometry":{"type":"Point","coordinates":[16.8,-15.6]},"properties":{"region":2,"fire_occurred":0,"prediction":0.1041}},{"type":"Feature","geometry":{"type":"Point","coordinates":[16.8,-15.3]},"properties":{"region":2,"fire_occurred":0,"prediction":0.1346}},{"type":"Feature","geometry":{"type":"Point","coordinates":[16.8,-14.4]},"properties":{"region":2,"fire_occurred":1,"prediction":0.0286}},{"type":"Feature","geometry":{"type":"Point","coordinates":[16.8,-14.3]},"properties":{"region":2,"fire_occurred":0,"prediction":0.1106}},{"type":"Feature","geometry":{"type":"Point","coordinates":[16.9,-15.1]},"properties":{"region":2,"fire_occurred":1,"prediction":0.0488}},{"type":"Feature","geometry":{"type":"Point","coordinates":[16.9,-14.9]},"properties":{"region":2,"fire_occurred":1,"prediction":0.0224}},{"type":"Feature","geometry":{"type":"Point","coordinates":[16.9,-14.5]},"properties":{"region":2,"fire_occurred":0,"prediction":0.1008}},{"type":"Feature","geometry":{"type":"Point","coordinates":[16.9,-14.1]},"properties":{"region":2,"fire_occurred":0,"prediction":0.1093}},{"type":"Feature","geometry":{"type":"Point","coordinates":[17.0,-14.2]},"properties":{"region":2,"fire_occurred":1,"prediction":0.0273}},{"type":"Feature","geometry":{"type":"Point","coordinates":[17.1,-16.8]},"properties":{"region":2,"fire_occurred":1,"prediction":0.0205}},{"type":"Feature","geometry":{"type":"Point","coordinates":[17.1,-16.2]},"properties":{"region":2,"fire_occurred":1,"prediction":0.0041}},{"type":"Feature","geometry":{"type":"Point","coordinates":[17.1,-16.1]},"properties":{"region":2,"fire_occurred":1,"prediction":0.0094}},{"type":"Feature","geometry":{"type":"Point","coordinates":[17.1,-15.5]},"properties":{"region":2,"fire_occurred":0,"prediction":0.1546}},{"type":"Feature","geometry":{"type":"Point","coordinates":[17.1,-15.3]},"properties":{"region":2,"fire_occurred":0,"prediction":0.1234}},{"type":"Feature","geometry":{"type":"Point","coordinates":[17.1,-15.2]},"properties":{"region":2,"fire_occurred":1,"prediction":0.0784}},{"type":"Feature","geometry":{"type":"Point","coordinates":[17.1,-15.0]},"properties":{"region":2,"fire_occurred":1,"prediction":0.117}},{"type":"Feature","geometry":{"type":"Point","coordinates":[17.1,-14.9]},"properties":{"region":2,"fire_occurred":1,"prediction":0.0547}},{"type":"Feature","geometry":{"type":"Point","coordinates":[17.1,-14.3]},"properties":{"region":2,"fire_occurred":0,"prediction":0.1123}},{"type":"Feature","geometry":{"type":"Point","coordinates":[17.2,-15.5]},"properties":{"region":2,"fire_occurred":1,"prediction":0.1224}},{"type":"Feature","geometry":{"type":"Point","coordinates":[17.2,-15.4]},"properties":{"region":2,"fire_occurred":0,"prediction":0.1076}},{"type":"Feature","geometry":{"type":"Point","coordinates":[17.2,-15.1]},"properties":{"region":2,"fire_occurred":0,"prediction":0.1132}},{"type":"Feature","geometry":{"type":"Point","coordinates":[17.2,-14.7]},"properties":{"region":2,"fire_occurred":1,"prediction":0.0177}},{"type":"Feature","geometry":{"type":"Point","coordinates":[17.2,-14.5]},"properties":{"region":2,"fire_occurred":0,"prediction":0.109}},{"type":"Feature","geometry":{"type":"Point","coordinates":[17.2,-14.3]},"properties":{"region":2,"fire_occurred":0,"prediction":0.1107}},{"type":"Feature","geometry":{"type":"Point","coordinates":[17.3,-16.0]},"properties":{"region":2,"fire_occurred":1,"prediction":0.0357}},{"type":"Feature","geometry":{"type":"Point","coordinates":[17.3,-15.6]},"properties":{"region":2,"fire_occurred":0,"prediction":0.1005}},{"type":"Feature","geometry":{"type":"Point","coordinates":[17.3,-15.5]},"properties":{"region":2,"fire_occurred":0,"prediction":0.119}},{"type":"Feature","geometry":{"type":"Point","coordinates":[17.3,-15.4]},"properties":{"region":2,"fire_occurred":1,"prediction":0.0926}},{"type":"Feature","geometry":{"type":"Point","coordinates":[17.3,-15.2]},"properties":{"region":2,"fire_occurred":0,"prediction":0.17}},{"type":"Feature","geometry":{"type":"Point","coordinates":[17.3,-15.1]},"properties":{"region":2,"fire_occurred":0,"prediction":0.1042}},{"type":"Feature","geometry":{"type":"Point","coordinates":[17.3,-15.0]},"properties":{"region":2,"fire_occurred":1,"prediction":0.2566}},{"type":"Feature","geometry":{"type":"Point","coordinates":[17.3,-14.9]},"properties":{"region":2,"fire_occurred":0,"prediction":0.1482}},{"type":"Feature","geometry":{"type":"Point","coordinates":[17.3,-14.8]},"properties":{"region":2,"fire_occurred":0,"prediction":0.1344}},{"type":"Feature","geometry":{"type":"Point","coordinates":[17.3,-14.4]},"properties":{"region":2,"fire_occurred":1,"prediction":0.0838}},{"type":"Feature","geometry":{"type":"Point","coordinates":[17.4,-15.5]},"properties":{"region":2,"fire_occurred":1,"prediction":0.0512}},{"type":"Feature","geometry":{"type":"Point","coordinates":[17.4,-15.4]},"properties":{"region":2,"fire_occurred":1,"prediction":0.1334}},{"type":"Feature","geometry":{"type":"Point","coordinates":[17.4,-14.6]},"properties":{"region":2,"fire_occurred":1,"prediction":0.0484}},{"type":"Feature","geometry":{"type":"Point","coordinates":[17.4,-14.1]},"properties":{"region":2,"fire_occurred":1,"prediction":0.1074}},{"type":"Feature","geometry":{"type":"Point","coordinates":[17.5,-17.2]},"properties":{"region":2,"fire_occurred":1,"prediction":0.0048}},{"type":"Feature","geometry":{"type":"Point","coordinates":[17.5,-16.2]},"properties":{"region":2,"fire_occurred":1,"prediction":0.008}},{"type":"Feature","geometry":{"type":"Point","coordinates":[17.5,-16.1]},"properties":{"region":2,"fire_occurred":0,"prediction":0.1366}},{"type":"Feature","geometry":{"type":"Point","coordinates":[17.5,-15.4]},"properties":{"region":2,"fire_occurred":1,"prediction":0.0475}},{"type":"Feature","geometry":{"type":"Point","coordinates":[17.5,-15.0]},"properties":{"region":2,"fire_occurred":1,"prediction":0.0941}},{"type":"Feature","geometry":{"type":"Point","coordinates":[17.5,-14.1]},"properties":{"region":2,"fire_occurred":1,"prediction":0.0396}},{"type":"Feature","geometry":{"type":"Point","coordinates":[17.6,-23.5]},"properties":{"region":2,"fire_occurred":1,"prediction":0.0009}},{"type":"Feature","geometry":{"type":"Point","coordinates":[17.6,-16.7]},"properties":{"region":2,"fire_occurred":0,"prediction":0.1136}},{"type":"Feature","geometry":{"type":"Point","coordinates":[17.6,-16.4]},"properties":{"region":2,"fire_occurred":1,"prediction":0.0117}},{"type":"Feature","geometry":{"type":"Point","coordinates":[17.6,-14.7]},"properties":{"region":2,"fire_occurred":1,"prediction":0.0291}},{"type":"Feature","geometry":{"type":"Point","coordinates":[17.6,-14.6]},"properties":{"region":2,"fire_occurred":1,"prediction":0.0285}},{"type":"Feature","geometry":{"type":"Point","coordinates":[17.6,-14.1]},"properties":{"region":2,"fire_occurred":1,"prediction":0.0246}},{"type":"Feature","geometry":{"type":"Point","coordinates":[17.7,-15.3]},"properties":{"region":2,"fire_occurred":1,"prediction":0.0128}},{"type":"Feature","geometry":{"type":"Point","coordinates":[17.7,-15.2]},"properties":{"region":2,"fire_occurred":1,"prediction":0.0135}},{"type":"Feature","geometry":{"type":"Point","coordinates":[17.7,-14.9]},"properties":{"region":2,"fire_occurred":1,"prediction":0.0417}},{"type":"Feature","geometry":{"type":"Point","coordinates":[17.7,-14.2]},"properties":{"region":2,"fire_occurred":1,"prediction":0.0421}},{"type":"Feature","geometry":{"type":"Point","coordinates":[17.8,-17.1]},"properties":{"region":2,"fire_occurred":1,"prediction":0.0026}},{"type":"Feature","geometry":{"type":"Point","coordinates":[17.8,-17.0]},"properties":{"region":2,"fire_occurred":1,"prediction":0.004}},{"type":"Feature","geometry":{"type":"Point","coordinates":[17.8,-15.2]},"properties":{"region":2,"fire_occurred":1,"prediction":0.0192}},{"type":"Feature","geometry":{"type":"Point","coordinates":[17.9,-19.3]},"properties":{"region":2,"fire_occurred":0,"prediction":0.1293}},{"type":"Feature","geometry":{"type":"Point","coordinates":[17.9,-16.9]},"properties":{"region":2,"fire_occurred":1,"prediction":0.0093}},{"type":"Feature","geometry":{"type":"Point","coordinates":[17.9,-16.7]},"properties":{"region":2,"fire_occurred":1,"prediction":0.0541}},{"type":"Feature","geometry":{"type":"Point","coordinates":[17.9,-15.3]},"properties":{"region":2,"fire_occurred":1,"prediction":0.0742}},{"type":"Feature","geometry":{"type":"Point","coordinates":[17.9,-14.5]},"properties":{"region":2,"fire_occurred":1,"prediction":0.0215}},{"type":"Feature","geometry":{"type":"Point","coordinates":[18.0,-16.5]},"properties":{"region":2,"fire_occurred":1,"prediction":0.0085}},{"type":"Feature","geometry":{"type":"Point","coordinates":[18.0,-16.3]},"properties":{"region":2,"fire_occurred":1,"prediction":0.0141}},{"type":"Feature","geometry":{"type":"Point","coordinates":[18.0,-15.2]},"properties":{"region":2,"fire_occurred":1,"prediction":0.0341}},{"type":"Feature","geometry":{"type":"Point","coordinates":[18.1,-16.7]},"properties":{"region":2,"fire_occurred":1,"prediction":0.0081}},{"type":"Feature","geometry":{"type":"Point","coordinates":[18.1,-15.5]},"properties":{"region":2,"fire_occurred":1,"prediction":0.0064}},{"type":"Feature","geometry":{"type":"Point","coordinates":[18.2,-17.0]},"properties":{"region":2,"fire_occurred":1,"prediction":0.005}},{"type":"Feature","geometry":{"type":"Point","coordinates":[18.2,-16.7]},"properties":{"region":2,"fire_occurred":1,"prediction":0.0069}},{"type":"Feature","geometry":{"type":"Point","coordinates":[18.2,-16.6]},"properties":{"region":2,"fire_occurred":1,"prediction":0.0082}},{"type":"Feature","geometry":{"type":"Point","coordinates":[18.2,-15.4]},"properties":{"region":2,"fire_occurred":1,"prediction":0.0148}},{"type":"Feature","geometry":{"type":"Point","coordinates":[18.3,-16.7]},"properties":{"region":2,"fire_occurred":1,"prediction":0.0075}},{"type":"Feature","geometry":{"type":"Point","coordinates":[18.5,-17.1]},"properties":{"region":2,"fire_occurred":1,"prediction":0.0168}},{"type":"Feature","geometry":{"type":"Point","coordinates":[18.8,-17.0]},"properties":{"region":2,"fire_occurred":1,"prediction":0.0567}},{"type":"Feature","geometry":{"type":"Point","coordinates":[18.8,-16.3]},"properties":{"region":2,"fire_occurred":1,"prediction":0.0064}},{"type":"Feature","geometry":{"type":"Point","coordinates":[18.9,-15.3]},"properties":{"region":2,"fire_occurred":1,"prediction":0.0178}},{"type":"Feature","geometry":{"type":"Point","coordinates":[19.0,-16.4]},"properties":{"region":2,"fire_occurred":1,"prediction":0.0106}},{"type":"Feature","geometry":{"type":"Point","coordinates":[19.0,-16.1]},"properties":{"region":2,"fire_occurred":0,"prediction":0.1233}},{"type":"Feature","geometry":{"type":"Point","coordinates":[19.1,-16.1]},"properties":{"region":2,"fire_occurred":1,"prediction":0.0998}},{"type":"Feature","geometry":{"type":"Point","coordinates":[19.1,-15.9]},"properties":{"region":2,"fire_occurred":1,"prediction":0.0095}},{"type":"Feature","geometry":{"type":"Point","coordinates":[19.2,-15.5]},"properties":{"region":2,"fire_occurred":1,"prediction":0.0125}},{"type":"Feature","geometry":{"type":"Point","coordinates":[19.3,-15.5]},"properties":{"region":2,"fire_occurred":1,"prediction":0.0146}},{"type":"Feature","geometry":{"type":"Point","coordinates":[19.3,-15.4]},"properties":{"region":2,"fire_occurred":1,"prediction":0.0246}},{"type":"Feature","geometry":{"type":"Point","coordinates":[19.5,-16.9]},"properties":{"region":2,"fire_occurred":1,"prediction":0.0442}},{"type":"Feature","geometry":{"type":"Point","coordinates":[19.5,-16.3]},"properties":{"region":2,"fire_occurred":1,"prediction":0.0712}},{"type":"Feature","geometry":{"type":"Point","coordinates":[19.5,-15.9]},"properties":{"region":2,"fire_occurred":0,"prediction":0.157}},{"type":"Feature","geometry":{"type":"Point","coordinates":[19.5,-15.7]},"properties":{"region":2,"fire_occurred":1,"prediction":0.0422}},{"type":"Feature","geometry":{"type":"Point","coordinates":[19.5,-15.5]},"properties":{"region":2,"fire_occurred":1,"prediction":0.0834}},{"type":"Feature","geometry":{"type":"Point","coordinates":[19.5,-15.4]},"properties":{"region":2,"fire_occurred":1,"prediction":0.0734}},{"type":"Feature","geometry":{"type":"Point","coordinates":[19.6,-17.7]},"properties":{"region":2,"fire_occurred":1,"prediction":0.0269}},{"type":"Feature","geometry":{"type":"Point","coordinates":[19.6,-17.6]},"properties":{"region":2,"fire_occurred":1,"prediction":0.0081}},{"type":"Feature","geometry":{"type":"Point","coordinates":[19.6,-15.4]},"properties":{"region":2,"fire_occurred":1,"prediction":0.1718}},{"type":"Feature","geometry":{"type":"Point","coordinates":[19.7,-16.6]},"properties":{"region":2,"fire_occurred":1,"prediction":0.0631}},{"type":"Feature","geometry":{"type":"Point","coordinates":[19.7,-15.9]},"properties":{"region":2,"fire_occurred":0,"prediction":0.1646}},{"type":"Feature","geometry":{"type":"Point","coordinates":[19.7,-15.1]},"properties":{"region":2,"fire_occurred":0,"prediction":0.1342}},{"type":"Feature","geometry":{"type":"Point","coordinates":[19.7,28.9]},"properties":{"region":2,"fire_occurred":1,"prediction":0.8655}},{"type":"Feature","geometry":{"type":"Point","coordinates":[19.8,-17.5]},"properties":{"region":2,"fire_occurred":1,"prediction":0.0086}},{"type":"Feature","geometry":{"type":"Point","coordinates":[19.8,-16.0]},"properties":{"region":2,"fire_occurred":0,"prediction":0.1217}},{"type":"Feature","geometry":{"type":"Point","coordinates":[19.8,-15.7]},"properties":{"region":2,"fire_occurred":1,"prediction":0.0486}},{"type":"Feature","geometry":{"type":"Point","coordinates":[19.9,-16.9]},"properties":{"region":2,"fire_occurred":1,"prediction":0.0132}},{"type":"Feature","geometry":{"type":"Point","coordinates":[19.9,-16.5]},"properties":{"region":2,"fire_occurred":1,"prediction":0.0371}},{"type":"Feature","geometry":{"type":"Point","coordinates":[19.9,-16.2]},"properties":{"region":2,"fire_occurred":1,"prediction":0.0215}},{"type":"Feature","geometry":{"type":"Point","coordinates":[19.9,-16.1]},"properties":{"region":2,"fire_occurred":1,"prediction":0.0966}},{"type":"Feature","geometry":{"type":"Point","coordinates":[19.9,-15.7]},"properties":{"region":2,"fire_occurred":1,"prediction":0.0357}},{"type":"Feature","geometry":{"type":"Point","coordinates":[20.0,-17.4]},"properties":{"region":2,"fire_occurred":1,"prediction":0.0517}},{"type":"Feature","geometry":{"type":"Point","coordinates":[20.0,-16.9]},"properties":{"region":2,"fire_occurred":1,"prediction":0.049}},{"type":"Feature","geometry":{"type":"Point","coordinates":[20.0,-16.2]},"properties":{"region":2,"fire_occurred":0,"prediction":0.1202}},{"type":"Feature","geometry":{"type":"Point","coordinates":[20.0,-16.1]},"properties":{"region":2,"fire_occurred":0,"prediction":0.1001}},{"type":"Feature","geometry":{"type":"Point","coordinates":[20.1,-17.2]},"properties":{"region":2,"fire_occurred":1,"prediction":0.1202}},{"type":"Feature","geometry":{"type":"Point","coordinates":[20.1,-16.8]},"properties":{"region":2,"fire_occurred":0,"prediction":0.1147}},{"type":"Feature","geometry":{"type":"Point","coordinates":[20.1,-16.2]},"properties":{"region":2,"fire_occurred":0,"prediction":0.1152}},{"type":"Feature","geometry":{"type":"Point","coordinates":[20.1,-15.3]},"properties":{"region":2,"fire_occurred":0,"prediction":0.1335}},{"type":"Feature","geometry":{"type":"Point","coordinates":[20.2,-17.2]},"properties":{"region":2,"fire_occurred":1,"prediction":0.0079}},{"type":"Feature","geometry":{"type":"Point","coordinates":[20.2,-16.2]},"properties":{"region":2,"fire_occurred":1,"prediction":0.0216}},{"type":"Feature","geometry":{"type":"Point","coordinates":[20.3,-19.9]},"properties":{"region":2,"fire_occurred":1,"prediction":0.0856}},{"type":"Feature","geometry":{"type":"Point","coordinates":[20.3,-19.8]},"properties":{"region":2,"fire_occurred":0,"prediction":0.1031}},{"type":"Feature","geometry":{"type":"Point","coordinates":[20.3,-16.2]},"properties":{"region":2,"fire_occurred":1,"prediction":0.029}},{"type":"Feature","geometry":{"type":"Point","coordinates":[20.3,-16.0]},"properties":{"region":2,"fire_occurred":0,"prediction":0.1399}},{"type":"Feature","geometry":{"type":"Point","coordinates":[20.3,-15.5]},"properties":{"region":2,"fire_occurred":1,"prediction":0.0426}},{"type":"Feature","geometry":{"type":"Point","coordinates":[20.4,-16.2]},"properties":{"region":2,"fire_occurred":1,"prediction":0.0789}},{"type":"Feature","geometry":{"type":"Point","coordinates":[20.4,-15.8]},"properties":{"region":2,"fire_occurred":1,"prediction":0.0077}},{"type":"Feature","geometry":{"type":"Point","coordinates":[20.4,-15.5]},"properties":{"region":2,"fire_occurred":0,"prediction":0.1118}},{"type":"Feature","geometry":{"type":"Point","coordinates":[20.5,-20.0]},"properties":{"region":2,"fire_occurred":1,"prediction":0.0054}},{"type":"Feature","geometry":{"type":"Point","coordinates":[20.5,-19.9]},"properties":{"region":2,"fire_occurred":1,"prediction":0.0047}},{"type":"Feature","geometry":{"type":"Point","coordinates":[20.5,-17.8]},"properties":{"region":2,"fire_occurred":1,"prediction":0.0102}},{"type":"Feature","geometry":{"type":"Point","coordinates":[20.5,-16.4]},"properties":{"region":2,"fire_occurred":1,"prediction":0.0374}},{"type":"Feature","geometry":{"type":"Point","coordinates":[20.5,-16.1]},"properties":{"region":2,"fire_occurred":0,"prediction":0.1437}},{"type":"Feature","geometry":{"type":"Point","coordinates":[20.5,-15.9]},"properties":{"region":2,"fire_occurred":1,"prediction":0.0099}},{"type":"Feature","geometry":{"type":"Point","coordinates":[20.5,-15.7]},"properties":{"region":2,"fire_occurred":0,"prediction":0.148}},{"type":"Feature","geometry":{"type":"Point","coordinates":[20.5,-15.4]},"properties":{"region":2,"fire_occurred":1,"prediction":0.0254}},{"type":"Feature","geometry":{"type":"Point","coordinates":[20.6,-16.1]},"properties":{"region":2,"fire_occurred":1,"prediction":0.067}},{"type":"Feature","geometry":{"type":"Point","coordinates":[20.7,-20.0]},"properties":{"region":2,"fire_occurred":1,"prediction":0.1853}},{"type":"Feature","geometry":{"type":"Point","coordinates":[20.7,-19.8]},"properties":{"region":2,"fire_occurred":0,"prediction":0.1012}},{"type":"Feature","geometry":{"type":"Point","coordinates":[20.7,-19.7]},"properties":{"region":2,"fire_occurred":0,"prediction":0.2076}},{"type":"Feature","geometry":{"type":"Point","coordinates":[20.7,-19.1]},"properties":{"region":2,"fire_occurred":1,"prediction":0.0197}},{"type":"Feature","geometry":{"type":"Point","coordinates":[20.7,-15.5]},"properties":{"region":2,"fire_occurred":1,"prediction":0.0161}},{"type":"Feature","geometry":{"type":"Point","coordinates":[20.7,-15.4]},"properties":{"region":2,"fire_occurred":1,"prediction":0.0828}},{"type":"Feature","geometry":{"type":"Point","coordinates":[20.7,29.0]},"properties":{"region":2,"fire_occurred":0,"prediction":0.2129}},{"type":"Feature","geometry":{"type":"Point","coordinates":[20.8,-17.7]},"properties":{"region":2,"fire_occurred":1,"prediction":0.005}},{"type":"Feature","geometry":{"type":"Point","coordinates":[20.8,-16.8]},"properties":{"region":2,"fire_occurred":1,"prediction":0.0073}},{"type":"Feature","geometry":{"type":"Point","coordinates":[20.8,-15.5]},"properties":{"region":2,"fire_occurred":1,"prediction":0.014}},{"type":"Feature","geometry":{"type":"Point","coordinates":[20.8,-15.4]},"properties":{"region":2,"fire_occurred":0,"prediction":0.1149}},{"type":"Feature","geometry":{"type":"Point","coordinates":[20.9,-18.8]},"properties":{"region":2,"fire_occurred":0,"prediction":0.1281}},{"type":"Feature","geometry":{"type":"Point","coordinates":[20.9,-16.2]},"properties":{"region":2,"fire_occurred":0,"prediction":0.1367}},{"type":"Feature","geometry":{"type":"Point","coordinates":[20.9,28.9]},"properties":{"region":2,"fire_occurred":1,"prediction":0.7217}},{"type":"Feature","geometry":{"type":"Point","coordinates":[21.1,-15.6]},"properties":{"region":2,"fire_occurred":1,"prediction":0.0127}},{"type":"Feature","geometry":{"type":"Point","coordinates":[21.1,-15.5]},"properties":{"region":2,"fire_occurred":1,"prediction":0.027}},{"type":"Feature","geometry":{"type":"Point","coordinates":[21.3,-23.4]},"properties":{"region":2,"fire_occurred":1,"prediction":0.0004}},{"type":"Feature","geometry":{"type":"Point","coordinates":[21.3,-17.0]},"properties":{"region":2,"fire_occurred":0,"prediction":0.1138}},{"type":"Feature","geometry":{"type":"Point","coordinates":[21.4,-17.0]},"properties":{"region":2,"fire_occurred":1,"prediction":0.1357}},{"type":"Feature","geometry":{"type":"Point","coordinates":[21.4,-16.9]},"properties":{"region":2,"fire_occurred":0,"prediction":0.1048}},{"type":"Feature","geometry":{"type":"Point","coordinates":[21.4,-15.5]},"properties":{"region":2,"fire_occurred":0,"prediction":0.1279}},{"type":"Feature","geometry":{"type":"Point","coordinates":[21.5,-17.0]},"properties":{"region":2,"fire_occurred":1,"prediction":0.0527}},{"type":"Feature","geometry":{"type":"Point","coordinates":[21.5,-16.7]},"properties":{"region":2,"fire_occurred":0,"prediction":0.1854}},{"type":"Feature","geometry":{"type":"Point","coordinates":[21.5,-16.3]},"properties":{"region":2,"fire_occurred":1,"prediction":0.0188}},{"type":"Feature","geometry":{"type":"Point","coordinates":[21.5,-15.5]},"properties":{"region":2,"fire_occurred":1,"prediction":0.0625}},{"type":"Feature","geometry":{"type":"Point","coordinates":[21.5,-15.2]},"properties":{"region":2,"fire_occurred":1,"prediction":0.1285}},{"type":"Feature","geometry":{"type":"Point","coordinates":[21.6,-18.4]},"properties":{"region":2,"fire_occurred":1,"prediction":0.0097}},{"type":"Feature","geometry":{"type":"Point","coordinates":[21.6,-16.3]},"properties":{"region":2,"fire_occurred":0,"prediction":0.1018}},{"type":"Feature","geometry":{"type":"Point","coordinates":[21.6,-15.3]},"properties":{"region":2,"fire_occurred":0,"prediction":0.101}},{"type":"Feature","geometry":{"type":"Point","coordinates":[21.6,-15.2]},"properties":{"region":2,"fire_occurred":0,"prediction":0.1197}},{"type":"Feature","geometry":{"type":"Point","coordinates":[21.7,-16.6]},"properties":{"region":2,"fire_occurred":0,"prediction":0.155}},{"type":"Feature","geometry":{"type":"Point","coordinates":[21.7,-16.5]},"properties":{"region":2,"fire_occurred":0,"prediction":0.1121}},{"type":"Feature","geometry":{"type":"Point","coordinates":[21.7,-15.9]},"properties":{"region":2,"fire_occurred":0,"prediction":0.137}},{"type":"Feature","geometry":{"type":"Point","coordinates":[21.7,-15.4]},"properties":{"region":2,"fire_occurred":1,"prediction":0.0276}},{"type":"Feature","geometry":{"type":"Point","coordinates":[21.7,-15.2]},"properties":{"region":2,"fire_occurred":0,"prediction":0.118}},{"type":"Feature","geometry":{"type":"Point","coordinates":[21.7,-15.1]},"properties":{"region":2,"fire_occurred":0,"prediction":0.1069}},{"type":"Feature","geometry":{"type":"Point","coordinates":[21.8,-18.3]},"properties":{"region":2,"fire_occurred":1,"prediction":0.0745}},{"type":"Feature","geometry":{"type":"Point","coordinates":[21.8,-18.1]},"properties":{"region":2,"fire_occurred":0,"prediction":0.1148}},{"type":"Feature","geometry":{"type":"Point","coordinates":[21.8,-18.0]},"properties":{"region":2,"fire_occurred":0,"prediction":0.1128}},{"type":"Feature","geometry":{"type":"Point","coordinates":[21.8,-16.5]},"properties":{"region":2,"fire_occurred":0,"prediction":0.1867}},{"type":"Feature","geometry":{"type":"Point","coordinates":[21.8,-16.3]},"properties":{"region":2,"fire_occurred":1,"prediction":0.0655}},{"type":"Feature","geometry":{"type":"Point","coordinates":[21.8,-16.0]},"properties":{"region":2,"fire_occurred":0,"prediction":0.1475}},{"type":"Feature","geometry":{"type":"Point","coordinates":[21.8,-15.9]},"properties":{"region":2,"fire_occurred":0,"prediction":0.1069}},{"type":"Feature","geometry":{"type":"Point","coordinates":[21.8,-15.6]},"properties":{"region":2,"fire_occurred":1,"prediction":0.0568}},{"type":"Feature","geometry":{"type":"Point","coordinates":[21.9,-17.1]},"properties":{"region":2,"fire_occurred":0,"prediction":0.1288}},{"type":"Feature","geometry":{"type":"Point","coordinates":[21.9,-17.0]},"properties":{"region":2,"fire_occurred":0,"prediction":0.2028}},{"type":"Feature","geometry":{"type":"Point","coordinates":[21.9,-16.3]},"properties":{"region":2,"fire_occurred":1,"prediction":0.1157}},{"type":"Feature","geometry":{"type":"Point","coordinates":[21.9,-16.1]},"properties":{"region":2,"fire_occurred":0,"prediction":0.1758}},{"type":"Feature","geometry":{"type":"Point","coordinates":[21.9,-16.0]},"properties":{"region":2,"fire_occurred":1,"prediction":0.1348}},{"type":"Feature","geometry":{"type":"Point","coordinates":[21.9,-15.9]},"properties":{"region":2,"fire_occurred":0,"prediction":0.2057}},{"type":"Feature","geometry":{"type":"Point","coordinates":[21.9,-15.8]},"properties":{"region":2,"fire_occurred":0,"prediction":0.1448}},{"type":"Feature","geometry":{"type":"Point","coordinates":[21.9,-15.3]},"properties":{"region":2,"fire_occurred":1,"prediction":0.0952}},{"type":"Feature","geometry":{"type":"Point","coordinates":[21.9,-15.2]},"properties":{"region":2,"fire_occurred":0,"prediction":0.1305}},{"type":"Feature","geometry":{"type":"Point","coordinates":[21.9,-15.1]},"properties":{"region":2,"fire_occurred":0,"prediction":0.1293}},{"type":"Feature","geometry":{"type":"Point","coordinates":[22.0,-15.4]},"properties":{"region":2,"fire_occurred":1,"prediction":0.0988}},{"type":"Feature","geometry":{"type":"Point","coordinates":[22.0,-15.2]},"properties":{"region":2,"fire_occurred":1,"prediction":0.0405}},{"type":"Feature","geometry":{"type":"Point","coordinates":[22.0,-15.1]},"properties":{"region":2,"fire_occurred":0,"prediction":0.1053}},{"type":"Feature","geometry":{"type":"Point","coordinates":[22.1,-18.4]},"properties":{"region":2,"fire_occurred":1,"prediction":0.012}},{"type":"Feature","geometry":{"type":"Point","coordinates":[22.1,-17.9]},"properties":{"region":2,"fire_occurred":1,"prediction":0.156}},{"type":"Feature","geometry":{"type":"Point","coordinates":[22.1,-17.1]},"properties":{"region":2,"fire_occurred":0,"prediction":0.1231}},{"type":"Feature","geometry":{"type":"Point","coordinates":[22.1,-17.0]},"properties":{"region":2,"fire_occurred":0,"prediction":0.1136}},{"type":"Feature","geometry":{"type":"Point","coordinates":[22.1,-16.3]},"properties":{"region":2,"fire_occurred":1,"prediction":0.0291}},{"type":"Feature","geometry":{"type":"Point","coordinates":[22.1,-15.4]},"properties":{"region":2,"fire_occurred":0,"prediction":0.1208}},{"type":"Feature","geometry":{"type":"Point","coordinates":[22.1,-15.1]},"properties":{"region":2,"fire_occurred":0,"prediction":0.1141}},{"type":"Feature","geometry":{"type":"Point","coordinates":[22.2,-19.8]},"properties":{"region":2,"fire_occurred":1,"prediction":0.0564}},{"type":"Feature","geometry":{"type":"Point","coordinates":[22.2,-19.6]},"properties":{"region":2,"fire_occurred":1,"prediction":0.0386}},{"type":"Feature","geometry":{"type":"Point","coordinates":[22.2,-19.5]},"properties":{"region":2,"fire_occurred":1,"prediction":0.0055}},{"type":"Feature","geometry":{"type":"Point","coordinates":[22.2,-17.1]},"properties":{"region":2,"fire_occurred":1,"prediction":0.0603}},{"type":"Feature","geometry":{"type":"Point","coordinates":[22.2,-16.9]},"properties":{"region":2,"fire_occurred":0,"prediction":0.1335}},{"type":"Feature","geometry":{"type":"Point","coordinates":[22.2,-16.5]},"properties":{"region":2,"fire_occurred":0,"prediction":0.1683}},{"type":"Feature","geometry":{"type":"Point","coordinates":[22.2,-16.4]},"properties":{"region":2,"fire_occurred":1,"prediction":0.1757}},{"type":"Feature","geometry":{"type":"Point","coordinates":[22.2,-15.9]},"properties":{"region":2,"fire_occurred":0,"prediction":0.1288}},{"type":"Feature","geometry":{"type":"Point","coordinates":[22.2,-15.7]},"properties":{"region":2,"fire_occurred":0,"prediction":0.1277}},{"type":"Feature","geometry":{"type":"Point","coordinates":[22.3,-18.1]},"properties":{"region":2,"fire_occurred":1,"prediction":0.0237}},{"type":"Feature","geometry":{"type":"Point","coordinates":[22.3,-17.3]},"properties":{"region":2,"fire_occurred":0,"prediction":0.1145}},{"type":"Feature","geometry":{"type":"Point","coordinates":[22.3,-17.2]},"properties":{"region":2,"fire_occurred":0,"prediction":0.1368}},{"type":"Feature","geometry":{"type":"Point","coordinates":[22.3,-17.1]},"properties":{"region":2,"fire_occurred":1,"prediction":0.1797}},{"type":"Feature","geometry":{"type":"Point","coordinates":[22.3,-17.0]},"properties":{"region":2,"fire_occurred":0,"prediction":0.156}},{"type":"Feature","geometry":{"type":"Point","coordinates":[22.3,-16.4]},"properties":{"region":2,"fire_occurred":0,"prediction":0.1484}},{"type":"Feature","geometry":{"type":"Point","coordinates":[22.3,-15.3]},"properties":{"region":2,"fire_occurred":0,"prediction":0.1093}},{"type":"Feature","geometry":{"type":"Point","coordinates":[22.3,27.9]},"properties":{"region":2,"fire_occurred":1,"prediction":0.8019}},{"type":"Feature","geometry":{"type":"Point","coordinates":[22.4,-18.1]},"properties":{"region":2,"fire_occurred":1,"prediction":0.0244}},{"type":"Feature","geometry":{"type":"Point","coordinates":[22.4,-18.0]},"properties":{"region":2,"fire_occurred":0,"prediction":0.1682}},{"type":"Feature","geometry":{"type":"Point","coordinates":[22.4,-17.1]},"properties":{"region":2,"fire_occurred":0,"prediction":0.1589}},{"type":"Feature","geometry":{"type":"Point","coordinates":[22.4,-17.0]},"properties":{"region":2,"fire_occurred":0,"prediction":0.1107}},{"type":"Feature","geometry":{"type":"Point","coordinates":[22.4,-16.5]},"properties":{"region":2,"fire_occurred":0,"prediction":0.1258}},{"type":"Feature","geometry":{"type":"Point","coordinates":[22.4,-16.4]},"properties":{"region":2,"fire_occurred":0,"prediction":0.1536}},{"type":"Feature","geometry":{"type":"Point","coordinates":[22.4,-16.2]},"properties":{"region":2,"fire_occurred":1,"prediction":0.1001}},{"type":"Feature","geometry":{"type":"Point","coordinates":[22.4,27.6]},"properties":{"region":2,"fire_occurred":1,"prediction":0.6625}},{"type":"Feature","geometry":{"type":"Point","coordinates":[22.4,27.8]},"properties":{"region":2,"fire_occurred":1,"prediction":0.1025}},{"type":"Feature","geometry":{"type":"Point","coordinates":[22.5,-20.6]},"properties":{"region":2,"fire_occurred":1,"prediction":0.0422}},{"type":"Feature","geometry":{"type":"Point","coordinates":[22.5,-18.0]},"properties":{"region":2,"fire_occurred":0,"prediction":0.1423}},{"type":"Feature","geometry":{"type":"Point","coordinates":[22.5,-17.9]},"properties":{"region":2,"fire_occurred":0,"prediction":0.1124}},{"type":"Feature","geometry":{"type":"Point","coordinates":[22.5,-17.1]},"properties":{"region":2,"fire_occurred":0,"prediction":0.1149}},{"type":"Feature","geometry":{"type":"Point","coordinates":[22.5,-16.7]},"properties":{"region":2,"fire_occurred":0,"prediction":0.2189}},{"type":"Feature","geometry":{"type":"Point","coordinates":[22.5,-16.6]},"properties":{"region":2,"fire_occurred":0,"prediction":0.1626}},{"type":"Feature","geometry":{"type":"Point","coordinates":[22.5,-16.5]},"properties":{"region":2,"fire_occurred":0,"prediction":0.1553}},{"type":"Feature","geometry":{"type":"Point","coordinates":[22.5,-16.3]},"properties":{"region":2,"fire_occurred":1,"prediction":0.0896}},{"type":"Feature","geometry":{"type":"Point","coordinates":[22.5,-16.1]},"properties":{"region":2,"fire_occurred":1,"prediction":0.0546}},{"type":"Feature","geometry":{"type":"Point","coordinates":[22.5,-15.5]},"properties":{"region":2,"fire_occurred":0,"prediction":0.1443}},{"type":"Feature","geometry":{"type":"Point","coordinates":[22.5,27.6]},"properties":{"region":2,"fire_occurred":1,"prediction":0.6004}},{"type":"Feature","geometry":{"type":"Point","coordinates":[22.6,-20.6]},"properties":{"region":2,"fire_occurred":1,"prediction":0.217}},{"type":"Feature","geometry":{"type":"Point","coordinates":[22.6,-20.5]},"properties":{"region":2,"fire_occurred":0,"prediction":0.1114}},{"type":"Feature","geometry":{"type":"Point","coordinates":[22.6,-17.3]},"properties":{"region":2,"fire_occurred":1,"prediction":0.0837}},{"type":"Feature","geometry":{"type":"Point","coordinates":[22.6,-16.8]},"properties":{"region":2,"fire_occurred":0,"prediction":0.1354}},{"type":"Feature","geometry":{"type":"Point","coordinates":[22.6,-16.6]},"properties":{"region":2,"fire_occurred":0,"prediction":0.1213}},{"type":"Feature","geometry":{"type":"Point","coordinates":[22.6,-16.5]},"properties":{"region":2,"fire_occurred":0,"prediction":0.2815}},{"type":"Feature","geometry":{"type":"Point","coordinates":[22.6,-16.3]},"properties":{"region":2,"fire_occurred":0,"prediction":0.1594}},{"type":"Feature","geometry":{"type":"Point","coordinates":[22.7,-20.6]},"properties":{"region":2,"fire_occurred":1,"prediction":0.1927}},{"type":"Feature","geometry":{"type":"Point","coordinates":[22.7,-20.5]},"properties":{"region":2,"fire_occurred":0,"prediction":0.1285}},{"type":"Feature","geometry":{"type":"Point","coordinates":[22.7,-17.9]},"properties":{"region":2,"fire_occurred":1,"prediction":0.1478}},{"type":"Feature","geometry":{"type":"Point","coordinates":[22.7,-17.4]},"properties":{"region":2,"fire_occurred":0,"prediction":0.1176}},{"type":"Feature","geometry":{"type":"Point","coordinates":[22.7,-17.3]},"properties":{"region":2,"fire_occurred":0,"prediction":0.1182}},{"type":"Feature","geometry":{"type":"Point","coordinates":[22.7,-17.0]},"properties":{"region":2,"fire_occurred":0,"prediction":0.1325}},{"type":"Feature","geometry":{"type":"Point","coordinates":[22.7,-16.6]},"properties":{"region":2,"fire_occurred":0,"prediction":0.1984}},{"type":"Feature","geometry":{"type":"Point","coordinates":[22.7,-16.5]},"properties":{"region":2,"fire_occurred":0,"prediction":0.3622}},{"type":"Feature","geometry":{"type":"Point","coordinates":[22.7,-16.4]},"properties":{"region":2,"fire_occurred":0,"prediction":0.1039}},{"type":"Feature","geometry":{"type":"Point","coordinates":[22.7,-15.4]},"properties":{"region":2,"fire_occurred":1,"prediction":0.0142}},{"type":"Feature","geometry":{"type":"Point","coordinates":[22.7,-15.3]},"properties":{"region":2,"fire_occurred":0,"prediction":0.159}},{"type":"Feature","geometry":{"type":"Point","coordinates":[22.7,-15.2]},"properties":{"region":2,"fire_occurred":0,"prediction":0.12}},{"type":"Feature","geometry":{"type":"Point","coordinates":[22.7,-15.1]},"properties":{"region":2,"fire_occurred":0,"prediction":0.1218}},{"type":"Feature","geometry":{"type":"Point","coordinates":[22.8,-29.7]},"properties":{"region":2,"fire_occurred":0,"prediction":0.1101}},{"type":"Feature","geometry":{"type":"Point","coordinates":[22.8,-20.5]},"properties":{"region":2,"fire_occurred":0,"prediction":0.1478}},{"type":"Feature","geometry":{"type":"Point","coordinates":[22.8,-20.4]},"properties":{"region":2,"fire_occurred":0,"prediction":0.2267}},{"type":"Feature","geometry":{"type":"Point","coordinates":[22.8,-18.9]},"properties":{"region":2,"fire_occurred":1,"prediction":0.0112}},{"type":"Feature","geometry":{"type":"Point","coordinates":[22.8,-18.8]},"properties":{"region":2,"fire_occurred":1,"prediction":0.0139}},{"type":"Feature","geometry":{"type":"Point","coordinates":[22.8,-18.0]},"properties":{"region":2,"fire_occurred":0,"prediction":0.115}},{"type":"Feature","geometry":{"type":"Point","coordinates":[22.8,-17.9]},"properties":{"region":2,"fire_occurred":0,"prediction":0.1347}},{"type":"Feature","geometry":{"type":"Point","coordinates":[22.8,-17.2]},"properties":{"region":2,"fire_occurred":0,"prediction":0.1902}},{"type":"Feature","geometry":{"type":"Point","coordinates":[22.8,-17.1]},"properties":{"region":2,"fire_occurred":1,"prediction":0.067}},{"type":"Feature","geometry":{"type":"Point","coordinates":[22.8,-17.0]},"properties":{"region":2,"fire_occurred":1,"prediction":0.189}},{"type":"Feature","geometry":{"type":"Point","coordinates":[22.8,-16.9]},"properties":{"region":2,"fire_occurred":0,"prediction":0.203}},{"type":"Feature","geometry":{"type":"Point","coordinates":[22.8,-16.7]},"properties":{"region":2,"fire_occurred":0,"prediction":0.1275}},{"type":"Feature","geometry":{"type":"Point","coordinates":[22.8,-16.6]},"properties":{"region":2,"fire_occurred":0,"prediction":0.1548}},{"type":"Feature","geometry":{"type":"Point","coordinates":[22.8,-16.5]},"properties":{"region":2,"fire_occurred":0,"prediction":0.212}},{"type":"Feature","geometry":{"type":"Point","coordinates":[22.8,-15.7]},"properties":{"region":2,"fire_occurred":0,"prediction":0.1399}},{"type":"Feature","geometry":{"type":"Point","coordinates":[22.8,-15.4]},"properties":{"region":2,"fire_occurred":0,"prediction":0.1232}},{"type":"Feature","geometry":{"type":"Point","coordinates":[22.8,-15.3]},"properties":{"region":2,"fire_occurred":0,"prediction":0.1368}},{"type":"Feature","geometry":{"type":"Point","coordinates":[22.9,-29.6]},"properties":{"region":2,"fire_occurred":0,"prediction":0.1019}},{"type":"Feature","geometry":{"type":"Point","coordinates":[22.9,-17.1]},"properties":{"region":2,"fire_occurred":1,"prediction":0.093}},{"type":"Feature","geometry":{"type":"Point","coordinates":[22.9,-16.9]},"properties":{"region":2,"fire_occurred":1,"prediction":0.1328}},{"type":"Feature","geometry":{"type":"Point","coordinates":[22.9,-16.7]},"properties":{"region":2,"fire_occurred":0,"prediction":0.1607}},{"type":"Feature","geometry":{"type":"Point","coordinates":[22.9,-16.6]},"properties":{"region":2,"fire_occurred":0,"prediction":0.2561}},{"type":"Feature","geometry":{"type":"Point","coordinates":[22.9,-16.5]},"properties":{"region":2,"fire_occurred":0,"prediction":0.2598}},{"type":"Feature","geometry":{"type":"Point","coordinates":[22.9,-15.8]},"properties":{"region":2,"fire_occurred":1,"prediction":0.0363}},{"type":"Feature","geometry":{"type":"Point","coordinates":[23.0,-17.0]},"properties":{"region":2,"fire_occurred":0,"prediction":0.1183}},{"type":"Feature","geometry":{"type":"Point","coordinates":[23.0,-16.8]},"properties":{"region":2,"fire_occurred":0,"prediction":0.1051}},{"type":"Feature","geometry":{"type":"Point","coordinates":[23.0,-16.6]},"properties":{"region":2,"fire_occurred":1,"prediction":0.1028}},{"type":"Feature","geometry":{"type":"Point","coordinates":[23.0,-16.5]},"properties":{"region":2,"fire_occurred":1,"prediction":0.275}},{"type":"Feature","geometry":{"type":"Point","coordinates":[23.0,-16.3]},"properties":{"region":2,"fire_occurred":0,"prediction":0.1745}},{"type":"Feature","geometry":{"type":"Point","coordinates":[23.0,-16.2]},"properties":{"region":2,"fire_occurred":0,"prediction":0.2475}},{"type":"Feature","geometry":{"type":"Point","coordinates":[23.0,-15.8]},"properties":{"region":2,"fire_occurred":0,"prediction":0.179}},{"type":"Feature","geometry":{"type":"Point","coordinates":[23.1,-20.1]},"properties":{"region":2,"fire_occurred":0,"prediction":0.1414}},{"type":"Feature","geometry":{"type":"Point","coordinates":[23.1,-17.9]},"properties":{"region":2,"fire_occurred":0,"prediction":0.1227}},{"type":"Feature","geometry":{"type":"Point","coordinates":[23.1,-17.8]},"properties":{"region":2,"fire_occurred":1,"prediction":0.1289}},{"type":"Feature","geometry":{"type":"Point","coordinates":[23.1,-17.1]},"properties":{"region":2,"fire_occurred":0,"prediction":0.1338}},{"type":"Feature","geometry":{"type":"Point","coordinates":[23.1,-16.9]},"properties":{"region":2,"fire_occurred":0,"prediction":0.1487}},{"type":"Feature","geometry":{"type":"Point","coordinates":[23.1,-16.7]},"properties":{"region":2,"fire_occurred":0,"prediction":0.1643}},{"type":"Feature","geometry":{"type":"Point","coordinates":[23.1,-16.6]},"properties":{"region":2,"fire_occurred":0,"prediction":0.196}},{"type":"Feature","geometry":{"type":"Point","coordinates":[23.1,-16.5]},"properties":{"region":2,"fire_occurred":0,"prediction":0.2643}},{"type":"Feature","geometry":{"type":"Point","coordinates":[23.1,-16.2]},"properties":{"region":2,"fire_occurred":0,"prediction":0.1513}},{"type":"Feature","geometry":{"type":"Point","coordinates":[23.2,-17.6]},"properties":{"region":2,"fire_occurred":1,"prediction":0.0184}},{"type":"Feature","geometry":{"type":"Point","coordinates":[23.2,-17.0]},"properties":{"region":2,"fire_occurred":0,"prediction":0.2042}},{"type":"Feature","geometry":{"type":"Point","coordinates":[23.2,-16.9]},"properties":{"region":2,"fire_occurred":0,"prediction":0.2211}},{"type":"Feature","geometry":{"type":"Point","coordinates":[23.2,-16.7]},"properties":{"region":2,"fire_occurred":0,"prediction":0.1436}},{"type":"Feature","geometry":{"type":"Point","coordinates":[23.2,-16.6]},"properties":{"region":2,"fire_occurred":0,"prediction":0.2527}},{"type":"Feature","geometry":{"type":"Point","coordinates":[23.2,-16.5]},"properties":{"region":2,"fire_occurred":0,"prediction":0.1653}},{"type":"Feature","geometry":{"type":"Point","coordinates":[23.2,-16.3]},"properties":{"region":2,"fire_occurred":0,"prediction":0.1106}},{"type":"Feature","geometry":{"type":"Point","coordinates":[23.3,-17.8]},"properties":{"region":2,"fire_occurred":1,"prediction":0.0723}},{"type":"Feature","geometry":{"type":"Point","coordinates":[23.3,-17.7]},"properties":{"region":2,"fire_occurred":1,"prediction":0.0726}},{"type":"Feature","geometry":{"type":"Point","coordinates":[23.3,-17.6]},"properties":{"region":2,"fire_occurred":1,"prediction":0.0295}},{"type":"Feature","geometry":{"type":"Point","coordinates":[23.3,-17.2]},"properties":{"region":2,"fire_occurred":0,"prediction":0.1147}},{"type":"Feature","geometry":{"type":"Point","coordinates":[23.3,-17.1]},"properties":{"region":2,"fire_occurred":0,"prediction":0.1648}},{"type":"Feature","geometry":{"type":"Point","coordinates":[23.3,-17.0]},"properties":{"region":2,"fire_occurred":0,"prediction":0.206}},{"type":"Feature","geometry":{"type":"Point","coordinates":[23.3,-16.9]},"properties":{"region":2,"fire_occurred":0,"prediction":0.1773}},{"type":"Feature","geometry":{"type":"Point","coordinates":[23.3,-16.8]},"properties":{"region":2,"fire_occurred":0,"prediction":0.253}},{"type":"Feature","geometry":{"type":"Point","coordinates":[23.3,-16.7]},"properties":{"region":2,"fire_occurred":0,"prediction":0.2842}},{"type":"Feature","geometry":{"type":"Point","coordinates":[23.3,-16.6]},"properties":{"region":2,"fire_occurred":1,"prediction":0.3082}},{"type":"Feature","geometry":{"type":"Point","coordinates":[23.3,-16.5]},"properties":{"region":2,"fire_occurred":0,"prediction":0.2842}},{"type":"Feature","geometry":{"type":"Point","coordinates":[23.3,-16.4]},"properties":{"region":2,"fire_occurred":0,"prediction":0.1283}},{"type":"Feature","geometry":{"type":"Point","coordinates":[23.3,-16.3]},"properties":{"region":2,"fire_occurred":0,"prediction":0.1326}},{"type":"Feature","geometry":{"type":"Point","coordinates":[23.3,-16.2]},"properties":{"region":2,"fire_occurred":0,"prediction":0.1626}},{"type":"Feature","geometry":{"type":"Point","coordinates":[23.4,-27.5]},"properties":{"region":2,"fire_occurred":0,"prediction":0.1098}},{"type":"Feature","geometry":{"type":"Point","coordinates":[23.4,-17.0]},"properties":{"region":2,"fire_occurred":0,"prediction":0.1437}},{"type":"Feature","geometry":{"type":"Point","coordinates":[23.4,-16.9]},"properties":{"region":2,"fire_occurred":0,"prediction":0.131}},{"type":"Feature","geometry":{"type":"Point","coordinates":[23.4,-16.8]},"properties":{"region":2,"fire_occurred":0,"prediction":0.2164}},{"type":"Feature","geometry":{"type":"Point","coordinates":[23.4,-16.7]},"properties":{"region":2,"fire_occurred":1,"prediction":0.1488}},{"type":"Feature","geometry":{"type":"Point","coordinates":[23.4,-16.6]},"properties":{"region":2,"fire_occurred":0,"prediction":0.2071}},{"type":"Feature","geometry":{"type":"Point","coordinates":[23.4,-16.4]},"properties":{"region":2,"fire_occurred":1,"prediction":0.1929}},{"type":"Feature","geometry":{"type":"Point","coordinates":[23.4,-16.3]},"properties":{"region":2,"fire_occurred":0,"prediction":0.2157}},{"type":"Feature","geometry":{"type":"Point","coordinates":[23.5,-17.4]},"properties":{"region":2,"fire_occurred":1,"prediction":0.1407}},{"type":"Feature","geometry":{"type":"Point","coordinates":[23.5,-17.3]},"properties":{"region":2,"fire_occurred":0,"prediction":0.1079}},{"type":"Feature","geometry":{"type":"Point","coordinates":[23.5,-17.0]},"properties":{"region":2,"fire_occurred":0,"prediction":0.1098}},{"type":"Feature","geometry":{"type":"Point","coordinates":[23.5,-16.9]},"properties":{"region":2,"fire_occurred":0,"prediction":0.1745}},{"type":"Feature","geometry":{"type":"Point","coordinates":[23.5,-16.8]},"properties":{"region":2,"fire_occurred":0,"prediction":0.186}},{"type":"Feature","geometry":{"type":"Point","coordinates":[23.5,-16.7]},"properties":{"region":2,"fire_occurred":1,"prediction":0.0173}},{"type":"Feature","geometry":{"type":"Point","coordinates":[23.5,-16.5]},"properties":{"region":2,"fire_occurred":0,"prediction":0.1439}},{"type":"Feature","geometry":{"type":"Point","coordinates":[23.5,-16.4]},"properties":{"region":2,"fire_occurred":0,"prediction":0.1259}},{"type":"Feature","geometry":{"type":"Point","coordinates":[23.5,-16.3]},"properties":{"region":2,"fire_occurred":0,"prediction":0.1036}},{"type":"Feature","geometry":{"type":"Point","coordinates":[23.6,-18.4]},"properties":{"region":2,"fire_occurred":1,"prediction":0.1094}},{"type":"Feature","geometry":{"type":"Point","coordinates":[23.6,-17.3]},"properties":{"region":2,"fire_occurred":0,"prediction":0.109}},{"type":"Feature","geometry":{"type":"Point","coordinates":[23.6,-17.2]},"properties":{"region":2,"fire_occurred":1,"prediction":0.1338}},{"type":"Feature","geometry":{"type":"Point","coordinates":[23.6,-17.0]},"properties":{"region":2,"fire_occurred":0,"prediction":0.1617}},{"type":"Feature","geometry":{"type":"Point","coordinates":[23.6,-16.9]},"properties":{"region":2,"fire_occurred":0,"prediction":0.1583}},{"type":"Feature","geometry":{"type":"Point","coordinates":[23.7,-29.2]},"properties":{"region":2,"fire_occurred":0,"prediction":0.1105}},{"type":"Feature","geometry":{"type":"Point","coordinates":[23.7,-18.4]},"properties":{"region":2,"fire_occurred":0,"prediction":0.1468}},{"type":"Feature","geometry":{"type":"Point","coordinates":[23.7,-17.7]},"properties":{"region":2,"fire_occurred":0,"prediction":0.1005}},{"type":"Feature","geometry":{"type":"Point","coordinates":[23.7,-17.3]},"properties":{"region":2,"fire_occurred":0,"prediction":0.1027}},{"type":"Feature","geometry":{"type":"Point","coordinates":[23.7,-17.2]},"properties":{"region":2,"fire_occurred":0,"prediction":0.1066}},{"type":"Feature","geometry":{"type":"Point","coordinates":[23.7,-16.9]},"properties":{"region":2,"fire_occurred":0,"prediction":0.1686}},{"type":"Feature","geometry":{"type":"Point","coordinates":[23.7,-16.8]},"properties":{"region":2,"fire_occurred":1,"prediction":0.1117}},{"type":"Feature","geometry":{"type":"Point","coordinates":[23.8,-17.2]},"properties":{"region":2,"fire_occurred":0,"prediction":0.1113}},{"type":"Feature","geometry":{"type":"Point","coordinates":[23.8,-16.9]},"properties":{"region":2,"fire_occurred":1,"prediction":0.0765}},{"type":"Feature","geometry":{"type":"Point","coordinates":[23.8,-16.8]},"properties":{"region":2,"fire_occurred":0,"prediction":0.1738}},{"type":"Feature","geometry":{"type":"Point","coordinates":[23.8,-16.7]},"properties":{"region":2,"fire_occurred":0,"prediction":0.1994}},{"type":"Feature","geometry":{"type":"Point","coordinates":[23.8,-16.5]},"properties":{"region":2,"fire_occurred":0,"prediction":0.1284}},{"type":"Feature","geometry":{"type":"Point","coordinates":[23.8,-15.9]},"properties":{"region":2,"fire_occurred":0,"prediction":0.1411}},{"type":"Feature","geometry":{"type":"Point","coordinates":[23.8,-15.6]},"properties":{"region":2,"fire_occurred":0,"prediction":0.1373}},{"type":"Feature","geometry":{"type":"Point","coordinates":[23.9,-17.3]},"properties":{"region":2,"fire_occurred":0,"prediction":0.1253}},{"type":"Feature","geometry":{"type":"Point","coordinates":[23.9,-17.2]},"properties":{"region":2,"fire_occurred":0,"prediction":0.1967}},{"type":"Feature","geometry":{"type":"Point","coordinates":[23.9,-16.9]},"properties":{"region":2,"fire_occurred":0,"prediction":0.1348}},{"type":"Feature","geometry":{"type":"Point","coordinates":[23.9,-16.8]},"properties":{"region":2,"fire_occurred":0,"prediction":0.1508}},{"type":"Feature","geometry":{"type":"Point","coordinates":[23.9,-16.1]},"properties":{"region":2,"fire_occurred":0,"prediction":0.1031}},{"type":"Feature","geometry":{"type":"Point","coordinates":[23.9,-16.0]},"properties":{"region":2,"fire_occurred":0,"prediction":0.1011}},{"type":"Feature","geometry":{"type":"Point","coordinates":[23.9,-15.6]},"properties":{"region":2,"fire_occurred":0,"prediction":0.1144}},{"type":"Feature","geometry":{"type":"Point","coordinates":[23.9,-15.5]},"properties":{"region":2,"fire_occurred":0,"prediction":0.1288}},{"type":"Feature","geometry":{"type":"Point","coordinates":[24.0,-28.9]},"properties":{"region":2,"fire_occurred":1,"prediction":0.0772}},{"type":"Feature","geometry":{"type":"Point","coordinates":[24.0,-18.2]},"properties":{"region":2,"fire_occurred":1,"prediction":0.1184}},{"type":"Feature","geometry":{"type":"Point","coordinates":[24.0,-17.5]},"properties":{"region":2,"fire_occurred":1,"prediction":0.0918}},{"type":"Feature","geometry":{"type":"Point","coordinates":[24.0,-16.8]},"properties":{"region":2,"fire_occurred":0,"prediction":0.1824}},{"type":"Feature","geometry":{"type":"Point","coordinates":[24.0,-16.2]},"properties":{"region":2,"fire_occurred":0,"prediction":0.101}},{"type":"Feature","geometry":{"type":"Point","coordinates":[24.0,-16.0]},"properties":{"region":2,"fire_occurred":0,"prediction":0.1369}},{"type":"Feature","geometry":{"type":"Point","coordinates":[24.0,-15.9]},"properties":{"region":2,"fire_occurred":0,"prediction":0.1077}},{"type":"Feature","geometry":{"type":"Point","coordinates":[24.0,-15.7]},"properties":{"region":2,"fire_occurred":0,"prediction":0.1445}},{"type":"Feature","geometry":{"type":"Point","coordinates":[24.0,-15.6]},"properties":{"region":2,"fire_occurred":0,"prediction":0.132}},{"type":"Feature","geometry":{"type":"Point","coordinates":[24.0,-15.5]},"properties":{"region":2,"fire_occurred":0,"prediction":0.1405}},{"type":"Feature","geometry":{"type":"Point","coordinates":[24.0,-15.3]},"properties":{"region":2,"fire_occurred":0,"prediction":0.1315}},{"type":"Feature","geometry":{"type":"Point","coordinates":[24.1,-23.0]},"properties":{"region":2,"fire_occurred":1,"prediction":0.0003}},{"type":"Feature","geometry":{"type":"Point","coordinates":[24.1,-17.6]},"properties":{"region":2,"fire_occurred":0,"prediction":0.1451}},{"type":"Feature","geometry":{"type":"Point","coordinates":[24.1,-17.2]},"properties":{"region":2,"fire_occurred":0,"prediction":0.1823}},{"type":"Feature","geometry":{"type":"Point","coordinates":[24.1,-17.1]},"properties":{"region":2,"fire_occurred":0,"prediction":0.1739}},{"type":"Feature","geometry":{"type":"Point","coordinates":[24.1,-15.8]},"properties":{"region":2,"fire_occurred":0,"prediction":0.145}},{"type":"Feature","geometry":{"type":"Point","coordinates":[24.1,-15.7]},"properties":{"region":2,"fire_occurred":1,"prediction":0.138}},{"type":"Feature","geometry":{"type":"Point","coordinates":[24.1,-15.6]},"properties":{"region":2,"fire_occurred":0,"prediction":0.174}},{"type":"Feature","geometry":{"type":"Point","coordinates":[24.2,-23.1]},"properties":{"region":2,"fire_occurred":1,"prediction":0.003}},{"type":"Feature","geometry":{"type":"Point","coordinates":[24.2,-17.5]},"properties":{"region":2,"fire_occurred":0,"prediction":0.1291}},{"type":"Feature","geometry":{"type":"Point","coordinates":[24.2,-17.4]},"properties":{"region":2,"fire_occurred":0,"prediction":0.1259}},{"type":"Feature","geometry":{"type":"Point","coordinates":[24.2,-17.3]},"properties":{"region":2,"fire_occurred":1,"prediction":0.1192}},{"type":"Feature","geometry":{"type":"Point","coordinates":[24.2,-17.2]},"properties":{"region":2,"fire_occurred":0,"prediction":0.2015}},{"type":"Feature","geometry":{"type":"Point","coordinates":[24.2,-17.0]},"properties":{"region":2,"fire_occurred":0,"prediction":0.1112}},{"type":"Feature","geometry":{"type":"Point","coordinates":[24.2,-16.3]},"properties":{"region":2,"fire_occurred":0,"prediction":0.1135}},{"type":"Feature","geometry":{"type":"Point","coordinates":[24.2,-16.2]},"properties":{"region":2,"fire_occurred":0,"prediction":0.149}},{"type":"Feature","geometry":{"type":"Point","coordinates":[24.2,-15.6]},"properties":{"region":2,"fire_occurred":0,"prediction":0.1024}},{"type":"Feature","geometry":{"type":"Point","coordinates":[24.3,-17.4]},"properties":{"region":2,"fire_occurred":1,"prediction":0.0461}},{"type":"Feature","geometry":{"type":"Point","coordinates":[24.3,-17.3]},"properties":{"region":2,"fire_occurred":0,"prediction":0.1255}},{"type":"Feature","geometry":{"type":"Point","coordinates":[24.3,-17.2]},"properties":{"region":2,"fire_occurred":0,"prediction":0.1736}},{"type":"Feature","geometry":{"type":"Point","coordinates":[24.3,-17.1]},"properties":{"region":2,"fire_occurred":0,"prediction":0.1763}},{"type":"Feature","geometry":{"type":"Point","coordinates":[24.3,-17.0]},"properties":{"region":2,"fire_occurred":0,"prediction":0.2804}},{"type":"Feature","geometry":{"type":"Point","coordinates":[24.3,-15.9]},"properties":{"region":2,"fire_occurred":0,"prediction":0.1548}},{"type":"Feature","geometry":{"type":"Point","coordinates":[24.3,-15.8]},"properties":{"region":2,"fire_occurred":0,"prediction":0.1139}},{"type":"Feature","geometry":{"type":"Point","coordinates":[24.3,-15.7]},"properties":{"region":2,"fire_occurred":0,"prediction":0.1545}},{"type":"Feature","geometry":{"type":"Point","coordinates":[24.3,-15.6]},"properties":{"region":2,"fire_occurred":0,"prediction":0.1067}},{"type":"Feature","geometry":{"type":"Point","coordinates":[24.3,-15.5]},"properties":{"region":2,"fire_occurred":0,"prediction":0.1199}},{"type":"Feature","geometry":{"type":"Point","coordinates":[24.4,-17.4]},"properties":{"region":2,"fire_occurred":0,"prediction":0.121}},{"type":"Feature","geometry":{"type":"Point","coordinates":[24.4,-17.3]},"properties":{"region":2,"fire_occurred":0,"prediction":0.1191}},{"type":"Feature","geometry":{"type":"Point","coordinates":[24.4,-17.2]},"properties":{"region":2,"fire_occurred":0,"prediction":0.146}},{"type":"Feature","geometry":{"type":"Point","coordinates":[24.4,-17.0]},"properties":{"region":2,"fire_occurred":0,"prediction":0.1386}},{"type":"Feature","geometry":{"type":"Point","coordinates":[24.4,-16.4]},"properties":{"region":2,"fire_occurred":0,"prediction":0.1086}},{"type":"Feature","geometry":{"type":"Point","coordinates":[24.4,-16.0]},"properties":{"region":2,"fire_occurred":0,"prediction":0.1332}},{"type":"Feature","geometry":{"type":"Point","coordinates":[24.4,-15.9]},"properties":{"region":2,"fire_occurred":0,"prediction":0.1308}},{"type":"Feature","geometry":{"type":"Point","coordinates":[24.4,-15.8]},"properties":{"region":2,"fire_occurred":1,"prediction":0.0746}},{"type":"Feature","geometry":{"type":"Point","coordinates":[24.4,-15.5]},"properties":{"region":2,"fire_occurred":0,"prediction":0.1276}},{"type":"Feature","geometry":{"type":"Point","coordinates":[24.4,-15.4]},"properties":{"region":2,"fire_occurred":0,"prediction":0.1276}},{"type":"Feature","geometry":{"type":"Point","coordinates":[24.4,-15.3]},"properties":{"region":2,"fire_occurred":0,"prediction":0.1534}},{"type":"Feature","geometry":{"type":"Point","coordinates":[24.4,-15.2]},"properties":{"region":2,"fire_occurred":0,"prediction":0.1046}},{"type":"Feature","geometry":{"type":"Point","coordinates":[24.5,-29.1]},"properties":{"region":2,"fire_occurred":1,"prediction":0.033}},{"type":"Feature","geometry":{"type":"Point","coordinates":[24.5,-28.8]},"properties":{"region":2,"fire_occurred":0,"prediction":0.1014}},{"type":"Feature","geometry":{"type":"Point","coordinates":[24.5,-28.0]},"properties":{"region":2,"fire_occurred":0,"prediction":0.1227}},{"type":"Feature","geometry":{"type":"Point","coordinates":[24.5,-17.4]},"properties":{"region":2,"fire_occurred":1,"prediction":0.1153}},{"type":"Feature","geometry":{"type":"Point","coordinates":[24.5,-17.3]},"properties":{"region":2,"fire_occurred":1,"prediction":0.1136}},{"type":"Feature","geometry":{"type":"Point","coordinates":[24.5,-17.1]},"properties":{"region":2,"fire_occurred":0,"prediction":0.1089}},{"type":"Feature","geometry":{"type":"Point","coordinates":[24.5,-17.0]},"properties":{"region":2,"fire_occurred":0,"prediction":0.1552}},{"type":"Feature","geometry":{"type":"Point","coordinates":[24.5,-16.9]},"properties":{"region":2,"fire_occurred":0,"prediction":0.1169}},{"type":"Feature","geometry":{"type":"Point","coordinates":[24.5,-16.2]},"properties":{"region":2,"fire_occurred":0,"prediction":0.1198}},{"type":"Feature","geometry":{"type":"Point","coordinates":[24.5,-15.9]},"properties":{"region":2,"fire_occurred":0,"prediction":0.122}},{"type":"Feature","geometry":{"type":"Point","coordinates":[24.5,-15.8]},"properties":{"region":2,"fire_occurred":0,"prediction":0.1708}},{"type":"Feature","geometry":{"type":"Point","coordinates":[24.5,-15.7]},"properties":{"region":2,"fire_occurred":0,"prediction":0.1461}},{"type":"Feature","geometry":{"type":"Point","coordinates":[24.5,-15.5]},"properties":{"region":2,"fire_occurred":1,"prediction":0.0881}},{"type":"Feature","geometry":{"type":"Point","coordinates":[24.5,-15.4]},"properties":{"region":2,"fire_occurred":0,"prediction":0.1373}},{"type":"Feature","geometry":{"type":"Point","coordinates":[24.5,-15.3]},"properties":{"region":2,"fire_occurred":0,"prediction":0.1226}},{"type":"Feature","geometry":{"type":"Point","coordinates":[24.6,-28.7]},"properties":{"region":2,"fire_occurred":1,"prediction":0.1211}},{"type":"Feature","geometry":{"type":"Point","coordinates":[24.6,-28.2]},"properties":{"region":2,"fire_occurred":0,"prediction":0.1023}},{"type":"Feature","geometry":{"type":"Point","coordinates":[24.6,-27.9]},"properties":{"region":2,"fire_occurred":0,"prediction":0.1553}},{"type":"Feature","geometry":{"type":"Point","coordinates":[24.6,-27.8]},"properties":{"region":2,"fire_occurred":0,"prediction":0.1231}},{"type":"Feature","geometry":{"type":"Point","coordinates":[24.6,-27.7]},"properties":{"region":2,"fire_occurred":0,"prediction":0.1035}},{"type":"Feature","geometry":{"type":"Point","coordinates":[24.6,-27.5]},"properties":{"region":2,"fire_occurred":1,"prediction":0.0628}},{"type":"Feature","geometry":{"type":"Point","coordinates":[24.6,-17.4]},"properties":{"region":2,"fire_occurred":0,"prediction":0.1061}},{"type":"Feature","geometry":{"type":"Point","coordinates":[24.6,-17.3]},"properties":{"region":2,"fire_occurred":1,"prediction":0.1397}},{"type":"Feature","geometry":{"type":"Point","coordinates":[24.6,-17.2]},"properties":{"region":2,"fire_occurred":0,"prediction":0.2039}},{"type":"Feature","geometry":{"type":"Point","coordinates":[24.6,-17.1]},"properties":{"region":2,"fire_occurred":0,"prediction":0.1564}},{"type":"Feature","geometry":{"type":"Point","coordinates":[24.6,-17.0]},"properties":{"region":2,"fire_occurred":0,"prediction":0.1253}},{"type":"Feature","geometry":{"type":"Point","coordinates":[24.6,-16.0]},"properties":{"region":2,"fire_occurred":0,"prediction":0.1811}},{"type":"Feature","geometry":{"type":"Point","coordinates":[24.6,-15.9]},"properties":{"region":2,"fire_occurred":0,"prediction":0.1725}},{"type":"Feature","geometry":{"type":"Point","coordinates":[24.6,-15.8]},"properties":{"region":2,"fire_occurred":0,"prediction":0.167}},{"type":"Feature","geometry":{"type":"Point","coordinates":[24.6,-15.7]},"properties":{"region":2,"fire_occurred":0,"prediction":0.1594}},{"type":"Feature","geometry":{"type":"Point","coordinates":[24.6,-15.6]},"properties":{"region":2,"fire_occurred":0,"prediction":0.1536}},{"type":"Feature","geometry":{"type":"Point","coordinates":[24.6,-15.5]},"properties":{"region":2,"fire_occurred":1,"prediction":0.1205}},{"type":"Feature","geometry":{"type":"Point","coordinates":[24.6,-15.4]},"properties":{"region":2,"fire_occurred":0,"prediction":0.1522}},{"type":"Feature","geometry":{"type":"Point","coordinates":[24.6,-15.3]},"properties":{"region":2,"fire_occurred":0,"prediction":0.1868}},{"type":"Feature","geometry":{"type":"Point","coordinates":[24.6,-15.1]},"properties":{"region":2,"fire_occurred":0,"prediction":0.1128}},{"type":"Feature","geometry":{"type":"Point","coordinates":[24.7,-27.5]},"properties":{"region":2,"fire_occurred":0,"prediction":0.187}},{"type":"Feature","geometry":{"type":"Point","coordinates":[24.7,-17.3]},"properties":{"region":2,"fire_occurred":0,"prediction":0.1964}},{"type":"Feature","geometry":{"type":"Point","coordinates":[24.7,-17.2]},"properties":{"region":2,"fire_occurred":0,"prediction":0.1784}},{"type":"Feature","geometry":{"type":"Point","coordinates":[24.7,-17.1]},"properties":{"region":2,"fire_occurred":0,"prediction":0.1481}},{"type":"Feature","geometry":{"type":"Point","coordinates":[24.7,-17.0]},"properties":{"region":2,"fire_occurred":1,"prediction":0.1099}},{"type":"Feature","geometry":{"type":"Point","coordinates":[24.7,-16.1]},"properties":{"region":2,"fire_occurred":0,"prediction":0.221}},{"type":"Feature","geometry":{"type":"Point","coordinates":[24.7,-16.0]},"properties":{"region":2,"fire_occurred":0,"prediction":0.1788}},{"type":"Feature","geometry":{"type":"Point","coordinates":[24.7,-15.9]},"properties":{"region":2,"fire_occurred":0,"prediction":0.1269}},{"type":"Feature","geometry":{"type":"Point","coordinates":[24.7,-15.8]},"properties":{"region":2,"fire_occurred":0,"prediction":0.159}},{"type":"Feature","geometry":{"type":"Point","coordinates":[24.7,-15.7]},"properties":{"region":2,"fire_occurred":0,"prediction":0.1041}},{"type":"Feature","geometry":{"type":"Point","coordinates":[24.7,-15.4]},"properties":{"region":2,"fire_occurred":0,"prediction":0.1959}},{"type":"Feature","geometry":{"type":"Point","coordinates":[24.7,-15.3]},"properties":{"region":2,"fire_occurred":0,"prediction":0.1569}},{"type":"Feature","geometry":{"type":"Point","coordinates":[24.7,-15.2]},"properties":{"region":2,"fire_occurred":0,"prediction":0.1359}},{"type":"Feature","geometry":{"type":"Point","coordinates":[24.7,-15.1]},"properties":{"region":2,"fire_occurred":0,"prediction":0.1229}},{"type":"Feature","geometry":{"type":"Point","coordinates":[24.8,-28.0]},"properties":{"region":2,"fire_occurred":0,"prediction":0.1321}},{"type":"Feature","geometry":{"type":"Point","coordinates":[24.8,-17.3]},"properties":{"region":2,"fire_occurred":0,"prediction":0.1714}},{"type":"Feature","geometry":{"type":"Point","coordinates":[24.8,-17.2]},"properties":{"region":2,"fire_occurred":0,"prediction":0.1481}},{"type":"Feature","geometry":{"type":"Point","coordinates":[24.8,-16.9]},"properties":{"region":2,"fire_occurred":0,"prediction":0.1186}},{"type":"Feature","geometry":{"type":"Point","coordinates":[24.8,-16.8]},"properties":{"region":2,"fire_occurred":0,"prediction":0.2089}},{"type":"Feature","geometry":{"type":"Point","coordinates":[24.8,-16.7]},"properties":{"region":2,"fire_occurred":0,"prediction":0.1079}},{"type":"Feature","geometry":{"type":"Point","coordinates":[24.8,-16.6]},"properties":{"region":2,"fire_occurred":0,"prediction":0.199}},{"type":"Feature","geometry":{"type":"Point","coordinates":[24.8,-16.2]},"properties":{"region":2,"fire_occurred":0,"prediction":0.138}},{"type":"Feature","geometry":{"type":"Point","coordinates":[24.8,-16.1]},"properties":{"region":2,"fire_occurred":0,"prediction":0.252}},{"type":"Feature","geometry":{"type":"Point","coordinates":[24.8,-16.0]},"properties":{"region":2,"fire_occurred":0,"prediction":0.1819}},{"type":"Feature","geometry":{"type":"Point","coordinates":[24.8,-15.9]},"properties":{"region":2,"fire_occurred":0,"prediction":0.1038}},{"type":"Feature","geometry":{"type":"Point","coordinates":[24.8,-15.7]},"properties":{"region":2,"fire_occurred":0,"prediction":0.1418}},{"type":"Feature","geometry":{"type":"Point","coordinates":[24.8,-15.5]},"properties":{"region":2,"fire_occurred":0,"prediction":0.1102}},{"type":"Feature","geometry":{"type":"Point","coordinates":[24.8,-15.3]},"properties":{"region":2,"fire_occurred":0,"prediction":0.1337}},{"type":"Feature","geometry":{"type":"Point","coordinates":[24.8,-15.2]},"properties":{"region":2,"fire_occurred":0,"prediction":0.1914}},{"type":"Feature","geometry":{"type":"Point","coordinates":[24.9,-16.7]},"properties":{"region":2,"fire_occurred":0,"prediction":0.1632}},{"type":"Feature","geometry":{"type":"Point","coordinates":[24.9,-16.3]},"properties":{"region":2,"fire_occurred":0,"prediction":0.1283}},{"type":"Feature","geometry":{"type":"Point","coordinates":[24.9,-16.2]},"properties":{"region":2,"fire_occurred":0,"prediction":0.1785}},{"type":"Feature","geometry":{"type":"Point","coordinates":[24.9,-16.1]},"properties":{"region":2,"fire_occurred":0,"prediction":0.1316}},{"type":"Feature","geometry":{"type":"Point","coordinates":[24.9,-16.0]},"properties":{"region":2,"fire_occurred":0,"prediction":0.1839}},{"type":"Feature","geometry":{"type":"Point","coordinates":[24.9,-15.9]},"properties":{"region":2,"fire_occurred":0,"prediction":0.1715}},{"type":"Feature","geometry":{"type":"Point","coordinates":[24.9,-15.7]},"properties":{"region":2,"fire_occurred":0,"prediction":0.1796}},{"type":"Feature","geometry":{"type":"Point","coordinates":[24.9,-15.6]},"properties":{"region":2,"fire_occurred":0,"prediction":0.147}},{"type":"Feature","geometry":{"type":"Point","coordinates":[24.9,-15.4]},"properties":{"region":2,"fire_occurred":0,"prediction":0.1251}},{"type":"Feature","geometry":{"type":"Point","coordinates":[24.9,-15.3]},"properties":{"region":2,"fire_occurred":0,"prediction":0.1024}},{"type":"Feature","geometry":{"type":"Point","coordinates":[24.9,-15.2]},"properties":{"region":2,"fire_occurred":0,"prediction":0.1574}},{"type":"Feature","geometry":{"type":"Point","coordinates":[24.9,-15.1]},"properties":{"region":2,"fire_occurred":0,"prediction":0.1175}},{"type":"Feature","geometry":{"type":"Point","coordinates":[25.0,-17.5]},"properties":{"region":2,"fire_occurred":1,"prediction":0.028}},{"type":"Feature","geometry":{"type":"Point","coordinates":[25.0,-17.4]},"properties":{"region":2,"fire_occurred":1,"prediction":0.0529}},{"type":"Feature","geometry":{"type":"Point","coordinates":[25.0,-17.0]},"properties":{"region":2,"fire_occurred":0,"prediction":0.1342}},{"type":"Feature","geometry":{"type":"Point","coordinates":[25.0,-16.8]},"properties":{"region":2,"fire_occurred":0,"prediction":0.111}},{"type":"Feature","geometry":{"type":"Point","coordinates":[25.0,-16.7]},"properties":{"region":2,"fire_occurred":0,"prediction":0.1574}},{"type":"Feature","geometry":{"type":"Point","coordinates":[25.0,-16.6]},"properties":{"region":2,"fire_occurred":1,"prediction":0.1316}},{"type":"Feature","geometry":{"type":"Point","coordinates":[25.0,-16.5]},"properties":{"region":2,"fire_occurred":0,"prediction":0.1328}},{"type":"Feature","geometry":{"type":"Point","coordinates":[25.0,-16.4]},"properties":{"region":2,"fire_occurred":0,"prediction":0.1086}},{"type":"Feature","geometry":{"type":"Point","coordinates":[25.0,-16.3]},"properties":{"region":2,"fire_occurred":0,"prediction":0.1697}},{"type":"Feature","geometry":{"type":"Point","coordinates":[25.0,-16.2]},"properties":{"region":2,"fire_occurred":0,"prediction":0.2104}},{"type":"Feature","geometry":{"type":"Point","coordinates":[25.0,-16.1]},"properties":{"region":2,"fire_occurred":0,"prediction":0.2038}},{"type":"Feature","geometry":{"type":"Point","coordinates":[25.0,-16.0]},"properties":{"region":2,"fire_occurred":0,"prediction":0.1518}},{"type":"Feature","geometry":{"type":"Point","coordinates":[25.0,-15.9]},"properties":{"region":2,"fire_occurred":0,"prediction":0.1607}},{"type":"Feature","geometry":{"type":"Point","coordinates":[25.0,-15.8]},"properties":{"region":2,"fire_occurred":0,"prediction":0.1332}},{"type":"Feature","geometry":{"type":"Point","coordinates":[25.0,-15.7]},"properties":{"region":2,"fire_occurred":0,"prediction":0.2077}},{"type":"Feature","geometry":{"type":"Point","coordinates":[25.0,-15.6]},"properties":{"region":2,"fire_occurred":0,"prediction":0.2021}},{"type":"Feature","geometry":{"type":"Point","coordinates":[25.0,-15.5]},"properties":{"region":2,"fire_occurred":0,"prediction":0.1242}},{"type":"Feature","geometry":{"type":"Point","coordinates":[25.0,-15.4]},"properties":{"region":2,"fire_occurred":0,"prediction":0.1653}},{"type":"Feature","geometry":{"type":"Point","coordinates":[25.0,-15.3]},"properties":{"region":2,"fire_occurred":0,"prediction":0.1532}},{"type":"Feature","geometry":{"type":"Point","coordinates":[25.0,-15.2]},"properties":{"region":2,"fire_occurred":0,"prediction":0.207}},{"type":"Feature","geometry":{"type":"Point","coordinates":[25.0,-15.1]},"properties":{"region":2,"fire_occurred":0,"prediction":0.2055}},{"type":"Feature","geometry":{"type":"Point","coordinates":[25.1,-18.0]},"properties":{"region":2,"fire_occurred":0,"prediction":0.1095}},{"type":"Feature","geometry":{"type":"Point","coordinates":[25.1,-17.4]},"properties":{"region":2,"fire_occurred":1,"prediction":0.1049}},{"type":"Feature","geometry":{"type":"Point","coordinates":[25.1,-16.6]},"properties":{"region":2,"fire_occurred":0,"prediction":0.104}},{"type":"Feature","geometry":{"type":"Point","coordinates":[25.1,-16.5]},"properties":{"region":2,"fire_occurred":0,"prediction":0.1335}},{"type":"Feature","geometry":{"type":"Point","coordinates":[25.1,-16.4]},"properties":{"region":2,"fire_occurred":0,"prediction":0.1244}},{"type":"Feature","geometry":{"type":"Point","coordinates":[25.1,-16.3]},"properties":{"region":2,"fire_occurred":1,"prediction":0.1531}},{"type":"Feature","geometry":{"type":"Point","coordinates":[25.1,-16.2]},"properties":{"region":2,"fire_occurred":0,"prediction":0.179}},{"type":"Feature","geometry":{"type":"Point","coordinates":[25.1,-16.1]},"properties":{"region":2,"fire_occurred":0,"prediction":0.2365}},{"type":"Feature","geometry":{"type":"Point","coordinates":[25.1,-16.0]},"properties":{"region":2,"fire_occurred":0,"prediction":0.2108}},{"type":"Feature","geometry":{"type":"Point","coordinates":[25.1,-15.9]},"properties":{"region":2,"fire_occurred":0,"prediction":0.1411}},{"type":"Feature","geometry":{"type":"Point","coordinates":[25.1,-15.8]},"properties":{"region":2,"fire_occurred":0,"prediction":0.1709}},{"type":"Feature","geometry":{"type":"Point","coordinates":[25.1,-15.7]},"properties":{"region":2,"fire_occurred":0,"prediction":0.1422}},{"type":"Feature","geometry":{"type":"Point","coordinates":[25.1,-15.6]},"properties":{"region":2,"fire_occurred":0,"prediction":0.1647}},{"type":"Feature","geometry":{"type":"Point","coordinates":[25.1,-15.5]},"properties":{"region":2,"fire_occurred":0,"prediction":0.1583}},{"type":"Feature","geometry":{"type":"Point","coordinates":[25.1,-15.4]},"properties":{"region":2,"fire_occurred":0,"prediction":0.2512}},{"type":"Feature","geometry":{"type":"Point","coordinates":[25.1,-15.3]},"properties":{"region":2,"fire_occurred":0,"prediction":0.2154}},{"type":"Feature","geometry":{"type":"Point","coordinates":[25.1,-15.2]},"properties":{"region":2,"fire_occurred":0,"prediction":0.1767}},{"type":"Feature","geometry":{"type":"Point","coordinates":[25.1,-15.1]},"properties":{"region":2,"fire_occurred":0,"prediction":0.1828}},{"type":"Feature","geometry":{"type":"Point","coordinates":[25.2,-17.7]},"properties":{"region":2,"fire_occurred":1,"prediction":0.0186}},{"type":"Feature","geometry":{"type":"Point","coordinates":[25.2,-17.0]},"properties":{"region":2,"fire_occurred":0,"prediction":0.1509}},{"type":"Feature","geometry":{"type":"Point","coordinates":[25.2,-16.9]},"properties":{"region":2,"fire_occurred":0,"prediction":0.1272}},{"type":"Feature","geometry":{"type":"Point","coordinates":[25.2,-16.6]},"properties":{"region":2,"fire_occurred":0,"prediction":0.1419}},{"type":"Feature","geometry":{"type":"Point","coordinates":[25.2,-16.4]},"properties":{"region":2,"fire_occurred":0,"prediction":0.1608}},{"type":"Feature","geometry":{"type":"Point","coordinates":[25.2,-16.3]},"properties":{"region":2,"fire_occurred":0,"prediction":0.1127}},{"type":"Feature","geometry":{"type":"Point","coordinates":[25.2,-16.2]},"properties":{"region":2,"fire_occurred":0,"prediction":0.1828}},{"type":"Feature","geometry":{"type":"Point","coordinates":[25.2,-16.1]},"properties":{"region":2,"fire_occurred":0,"prediction":0.1516}},{"type":"Feature","geometry":{"type":"Point","coordinates":[25.2,-16.0]},"properties":{"region":2,"fire_occurred":0,"prediction":0.1961}},{"type":"Feature","geometry":{"type":"Point","coordinates":[25.2,-15.9]},"properties":{"region":2,"fire_occurred":0,"prediction":0.159}},{"type":"Feature","geometry":{"type":"Point","coordinates":[25.2,-15.8]},"properties":{"region":2,"fire_occurred":0,"prediction":0.1563}},{"type":"Feature","geometry":{"type":"Point","coordinates":[25.2,-15.7]},"properties":{"region":2,"fire_occurred":0,"prediction":0.1401}},{"type":"Feature","geometry":{"type":"Point","coordinates":[25.2,-15.6]},"properties":{"region":2,"fire_occurred":0,"prediction":0.2136}},{"type":"Feature","geometry":{"type":"Point","coordinates":[25.2,-15.5]},"properties":{"region":2,"fire_occurred":0,"prediction":0.1553}},{"type":"Feature","geometry":{"type":"Point","coordinates":[25.2,-15.4]},"properties":{"region":2,"fire_occurred":0,"prediction":0.2243}},{"type":"Feature","geometry":{"type":"Point","coordinates":[25.2,-15.3]},"properties":{"region":2,"fire_occurred":0,"prediction":0.2503}},{"type":"Feature","geometry":{"type":"Point","coordinates":[25.2,-15.2]},"properties":{"region":2,"fire_occurred":0,"prediction":0.188}},{"type":"Feature","geometry":{"type":"Point","coordinates":[25.2,-15.1]},"properties":{"region":2,"fire_occurred":0,"prediction":0.1958}},{"type":"Feature","geometry":{"type":"Point","coordinates":[25.3,-17.8]},"properties":{"region":2,"fire_occurred":0,"prediction":0.11}},{"type":"Feature","geometry":{"type":"Point","coordinates":[25.3,-17.4]},"properties":{"region":2,"fire_occurred":0,"prediction":0.1891}},{"type":"Feature","geometry":{"type":"Point","coordinates":[25.3,-17.3]},"properties":{"region":2,"fire_occurred":0,"prediction":0.2}},{"type":"Feature","geometry":{"type":"Point","coordinates":[25.3,-17.2]},"properties":{"region":2,"fire_occurred":0,"prediction":0.1}},{"type":"Feature","geometry":{"type":"Point","coordinates":[25.3,-17.1]},"properties":{"region":2,"fire_occurred":1,"prediction":0.1063}},{"type":"Feature","geometry":{"type":"Point","coordinates":[25.3,-17.0]},"properties":{"region":2,"fire_occurred":0,"prediction":0.1121}},{"type":"Feature","geometry":{"type":"Point","coordinates":[25.3,-16.5]},"properties":{"region":2,"fire_occurred":0,"prediction":0.1409}},{"type":"Feature","geometry":{"type":"Point","coordinates":[25.3,-16.3]},"properties":{"region":2,"fire_occurred":0,"prediction":0.1334}},{"type":"Feature","geometry":{"type":"Point","coordinates":[25.3,-16.2]},"properties":{"region":2,"fire_occurred":0,"prediction":0.1357}},{"type":"Feature","geometry":{"type":"Point","coordinates":[25.3,-16.0]},"properties":{"region":2,"fire_occurred":0,"prediction":0.1309}},{"type":"Feature","geometry":{"type":"Point","coordinates":[25.3,-15.8]},"properties":{"region":2,"fire_occurred":0,"prediction":0.16}},{"type":"Feature","geometry":{"type":"Point","coordinates":[25.3,-15.7]},"properties":{"region":2,"fire_occurred":0,"prediction":0.104}},{"type":"Feature","geometry":{"type":"Point","coordinates":[25.3,-15.6]},"properties":{"region":2,"fire_occurred":1,"prediction":0.1459}},{"type":"Feature","geometry":{"type":"Point","coordinates":[25.3,-15.5]},"properties":{"region":2,"fire_occurred":0,"prediction":0.1691}},{"type":"Feature","geometry":{"type":"Point","coordinates":[25.3,-15.4]},"properties":{"region":2,"fire_occurred":0,"prediction":0.2241}},{"type":"Feature","geometry":{"type":"Point","coordinates":[25.3,-15.3]},"properties":{"region":2,"fire_occurred":0,"prediction":0.2052}},{"type":"Feature","geometry":{"type":"Point","coordinates":[25.3,-15.2]},"properties":{"region":2,"fire_occurred":0,"prediction":0.1772}},{"type":"Feature","geometry":{"type":"Point","coordinates":[25.3,-15.1]},"properties":{"region":2,"fire_occurred":0,"prediction":0.114}},{"type":"Feature","geometry":{"type":"Point","coordinates":[25.4,-17.8]},"properties":{"region":2,"fire_occurred":0,"prediction":0.1071}},{"type":"Feature","geometry":{"type":"Point","coordinates":[25.4,-17.4]},"properties":{"region":2,"fire_occurred":0,"prediction":0.1214}},{"type":"Feature","geometry":{"type":"Point","coordinates":[25.4,-17.2]},"properties":{"region":2,"fire_occurred":0,"prediction":0.1866}},{"type":"Feature","geometry":{"type":"Point","coordinates":[25.4,-17.1]},"properties":{"region":2,"fire_occurred":0,"prediction":0.1978}},{"type":"Feature","geometry":{"type":"Point","coordinates":[25.4,-17.0]},"properties":{"region":2,"fire_occurred":0,"prediction":0.14}},{"type":"Feature","geometry":{"type":"Point","coordinates":[25.4,-16.9]},"properties":{"region":2,"fire_occurred":0,"prediction":0.139}},{"type":"Feature","geometry":{"type":"Point","coordinates":[25.4,-16.7]},"properties":{"region":2,"fire_occurred":0,"prediction":0.1172}},{"type":"Feature","geometry":{"type":"Point","coordinates":[25.4,-16.6]},"properties":{"region":2,"fire_occurred":0,"prediction":0.1237}},{"type":"Feature","geometry":{"type":"Point","coordinates":[25.4,-16.5]},"properties":{"region":2,"fire_occurred":0,"prediction":0.1222}},{"type":"Feature","geometry":{"type":"Point","coordinates":[25.4,-15.9]},"properties":{"region":2,"fire_occurred":1,"prediction":0.0523}},{"type":"Feature","geometry":{"type":"Point","coordinates":[25.4,-15.5]},"properties":{"region":2,"fire_occurred":0,"prediction":0.2597}},{"type":"Feature","geometry":{"type":"Point","coordinates":[25.4,-15.4]},"properties":{"region":2,"fire_occurred":0,"prediction":0.2089}},{"type":"Feature","geometry":{"type":"Point","coordinates":[25.4,-15.3]},"properties":{"region":2,"fire_occurred":0,"prediction":0.2065}},{"type":"Feature","geometry":{"type":"Point","coordinates":[25.4,-15.2]},"properties":{"region":2,"fire_occurred":1,"prediction":0.1887}},{"type":"Feature","geometry":{"type":"Point","coordinates":[25.4,-15.1]},"properties":{"region":2,"fire_occurred":0,"prediction":0.1902}},{"type":"Feature","geometry":{"type":"Point","coordinates":[25.5,-27.7]},"properties":{"region":2,"fire_occurred":1,"prediction":0.0621}},{"type":"Feature","geometry":{"type":"Point","coordinates":[25.5,-17.6]},"properties":{"region":2,"fire_occurred":1,"prediction":0.0877}},{"type":"Feature","geometry":{"type":"Point","coordinates":[25.5,-16.9]},"properties":{"region":2,"fire_occurred":0,"prediction":0.1065}},{"type":"Feature","geometry":{"type":"Point","coordinates":[25.5,-16.8]},"properties":{"region":2,"fire_occurred":0,"prediction":0.1252}},{"type":"Feature","geometry":{"type":"Point","coordinates":[25.5,-16.7]},"properties":{"region":2,"fire_occurred":0,"prediction":0.1072}},{"type":"Feature","geometry":{"type":"Point","coordinates":[25.5,-15.6]},"properties":{"region":2,"fire_occurred":0,"prediction":0.1381}},{"type":"Feature","geometry":{"type":"Point","coordinates":[25.5,-15.5]},"properties":{"region":2,"fire_occurred":0,"prediction":0.1823}},{"type":"Feature","geometry":{"type":"Point","coordinates":[25.5,-15.4]},"properties":{"region":2,"fire_occurred":0,"prediction":0.1384}},{"type":"Feature","geometry":{"type":"Point","coordinates":[25.5,-15.3]},"properties":{"region":2,"fire_occurred":0,"prediction":0.1707}},{"type":"Feature","geometry":{"type":"Point","coordinates":[25.5,-15.2]},"properties":{"region":2,"fire_occurred":1,"prediction":0.17}},{"type":"Feature","geometry":{"type":"Point","coordinates":[25.5,-15.1]},"properties":{"region":2,"fire_occurred":1,"prediction":0.1582}},{"type":"Feature","geometry":{"type":"Point","coordinates":[25.6,-27.7]},"properties":{"region":2,"fire_occurred":1,"prediction":0.0118}},{"type":"Feature","geometry":{"type":"Point","coordinates":[25.6,-17.1]},"properties":{"region":2,"fire_occurred":0,"prediction":0.1555}},{"type":"Feature","geometry":{"type":"Point","coordinates":[25.6,-16.9]},"properties":{"region":2,"fire_occurred":0,"prediction":0.1058}},{"type":"Feature","geometry":{"type":"Point","coordinates":[25.6,-16.8]},"properties":{"region":2,"fire_occurred":0,"prediction":0.2353}},{"type":"Feature","geometry":{"type":"Point","coordinates":[25.6,-16.7]},"properties":{"region":2,"fire_occurred":0,"prediction":0.1364}},{"type":"Feature","geometry":{"type":"Point","coordinates":[25.6,-16.5]},"properties":{"region":2,"fire_occurred":1,"prediction":0.0525}},{"type":"Feature","geometry":{"type":"Point","coordinates":[25.6,-16.3]},"properties":{"region":2,"fire_occurred":1,"prediction":0.0525}},{"type":"Feature","geometry":{"type":"Point","coordinates":[25.6,-15.7]},"properties":{"region":2,"fire_occurred":0,"prediction":0.146}},{"type":"Feature","geometry":{"type":"Point","coordinates":[25.6,-15.6]},"properties":{"region":2,"fire_occurred":0,"prediction":0.1138}},{"type":"Feature","geometry":{"type":"Point","coordinates":[25.6,-15.3]},"properties":{"region":2,"fire_occurred":0,"prediction":0.1829}},{"type":"Feature","geometry":{"type":"Point","coordinates":[25.7,-18.7]},"properties":{"region":2,"fire_occurred":1,"prediction":0.0113}},{"type":"Feature","geometry":{"type":"Point","coordinates":[25.7,-17.9]},"properties":{"region":2,"fire_occurred":1,"prediction":0.0404}},{"type":"Feature","geometry":{"type":"Point","coordinates":[25.7,-17.0]},"properties":{"region":2,"fire_occurred":0,"prediction":0.1098}},{"type":"Feature","geometry":{"type":"Point","coordinates":[25.7,-16.9]},"properties":{"region":2,"fire_occurred":1,"prediction":0.1822}},{"type":"Feature","geometry":{"type":"Point","coordinates":[25.7,-16.8]},"properties":{"region":2,"fire_occurred":0,"prediction":0.3465}},{"type":"Feature","geometry":{"type":"Point","coordinates":[25.7,-16.0]},"properties":{"region":2,"fire_occurred":0,"prediction":0.1549}},{"type":"Feature","geometry":{"type":"Point","coordinates":[25.7,-15.9]},"properties":{"region":2,"fire_occurred":0,"prediction":0.1219}},{"type":"Feature","geometry":{"type":"Point","coordinates":[25.7,-15.8]},"properties":{"region":2,"fire_occurred":0,"prediction":0.1283}},{"type":"Feature","geometry":{"type":"Point","coordinates":[25.7,-15.4]},"properties":{"region":2,"fire_occurred":0,"prediction":0.1328}},{"type":"Feature","geometry":{"type":"Point","coordinates":[25.7,-15.3]},"properties":{"region":2,"fire_occurred":0,"prediction":0.154}},{"type":"Feature","geometry":{"type":"Point","coordinates":[25.8,-18.8]},"properties":{"region":2,"fire_occurred":1,"prediction":0.0103}},{"type":"Feature","geometry":{"type":"Point","coordinates":[25.8,-18.7]},"properties":{"region":2,"fire_occurred":1,"prediction":0.041}},{"type":"Feature","geometry":{"type":"Point","coordinates":[25.8,-17.6]},"properties":{"region":2,"fire_occurred":1,"prediction":0.0143}},{"type":"Feature","geometry":{"type":"Point","coordinates":[25.8,-17.5]},"properties":{"region":2,"fire_occurred":1,"prediction":0.0859}},{"type":"Feature","geometry":{"type":"Point","coordinates":[25.8,-17.4]},"properties":{"region":2,"fire_occurred":1,"prediction":0.0134}},{"type":"Feature","geometry":{"type":"Point","coordinates":[25.8,-16.9]},"properties":{"region":2,"fire_occurred":0,"prediction":0.2163}},{"type":"Feature","geometry":{"type":"Point","coordinates":[25.8,-16.8]},"properties":{"region":2,"fire_occurred":0,"prediction":0.2015}},{"type":"Feature","geometry":{"type":"Point","coordinates":[25.8,-16.6]},"properties":{"region":2,"fire_occurred":0,"prediction":0.1039}},{"type":"Feature","geometry":{"type":"Point","coordinates":[25.8,-16.5]},"properties":{"region":2,"fire_occurred":0,"prediction":0.138}},{"type":"Feature","geometry":{"type":"Point","coordinates":[25.8,-16.0]},"properties":{"region":2,"fire_occurred":0,"prediction":0.1383}},{"type":"Feature","geometry":{"type":"Point","coordinates":[25.8,-15.9]},"properties":{"region":2,"fire_occurred":0,"prediction":0.1923}},{"type":"Feature","geometry":{"type":"Point","coordinates":[25.8,-15.8]},"properties":{"region":2,"fire_occurred":0,"prediction":0.139}},{"type":"Feature","geometry":{"type":"Point","coordinates":[25.8,-15.7]},"properties":{"region":2,"fire_occurred":0,"prediction":0.1809}},{"type":"Feature","geometry":{"type":"Point","coordinates":[25.8,-15.6]},"properties":{"region":2,"fire_occurred":0,"prediction":0.2032}},{"type":"Feature","geometry":{"type":"Point","coordinates":[25.8,-15.4]},"properties":{"region":2,"fire_occurred":0,"prediction":0.1088}},{"type":"Feature","geometry":{"type":"Point","coordinates":[25.9,-16.8]},"properties":{"region":2,"fire_occurred":1,"prediction":0.0991}},{"type":"Feature","geometry":{"type":"Point","coordinates":[25.9,-16.7]},"properties":{"region":2,"fire_occurred":1,"prediction":0.1071}},{"type":"Feature","geometry":{"type":"Point","coordinates":[25.9,-16.6]},"properties":{"region":2,"fire_occurred":1,"prediction":0.0198}},{"type":"Feature","geometry":{"type":"Point","coordinates":[25.9,-16.5]},"properties":{"region":2,"fire_occurred":0,"prediction":0.136}},{"type":"Feature","geometry":{"type":"Point","coordinates":[25.9,-16.3]},"properties":{"region":2,"fire_occurred":0,"prediction":0.2131}},{"type":"Feature","geometry":{"type":"Point","coordinates":[25.9,-16.2]},"properties":{"region":2,"fire_occurred":0,"prediction":0.1123}},{"type":"Feature","geometry":{"type":"Point","coordinates":[25.9,-16.1]},"properties":{"region":2,"fire_occurred":0,"prediction":0.1418}},{"type":"Feature","geometry":{"type":"Point","coordinates":[25.9,-16.0]},"properties":{"region":2,"fire_occurred":0,"prediction":0.2094}},{"type":"Feature","geometry":{"type":"Point","coordinates":[25.9,-15.4]},"properties":{"region":2,"fire_occurred":0,"prediction":0.155}},{"type":"Feature","geometry":{"type":"Point","coordinates":[25.9,-15.3]},"properties":{"region":2,"fire_occurred":1,"prediction":0.0837}},{"type":"Feature","geometry":{"type":"Point","coordinates":[25.9,-15.2]},"properties":{"region":2,"fire_occurred":0,"prediction":0.1203}},{"type":"Feature","geometry":{"type":"Point","coordinates":[25.9,-15.1]},"properties":{"region":2,"fire_occurred":0,"prediction":0.1291}},{"type":"Feature","geometry":{"type":"Point","coordinates":[26.0,-17.4]},"properties":{"region":2,"fire_occurred":1,"prediction":0.0094}},{"type":"Feature","geometry":{"type":"Point","coordinates":[26.0,-16.8]},"properties":{"region":2,"fire_occurred":1,"prediction":0.0686}},{"type":"Feature","geometry":{"type":"Point","coordinates":[26.0,-16.7]},"properties":{"region":2,"fire_occurred":0,"prediction":0.1653}},{"type":"Feature","geometry":{"type":"Point","coordinates":[26.0,-16.5]},"properties":{"region":2,"fire_occurred":0,"prediction":0.1768}},{"type":"Feature","geometry":{"type":"Point","coordinates":[26.0,-16.4]},"properties":{"region":2,"fire_occurred":1,"prediction":0.2833}},{"type":"Feature","geometry":{"type":"Point","coordinates":[26.0,-16.3]},"properties":{"region":2,"fire_occurred":0,"prediction":0.1788}},{"type":"Feature","geometry":{"type":"Point","coordinates":[26.0,-16.2]},"properties":{"region":2,"fire_occurred":0,"prediction":0.1581}},{"type":"Feature","geometry":{"type":"Point","coordinates":[26.0,-16.0]},"properties":{"region":2,"fire_occurred":0,"prediction":0.1557}},{"type":"Feature","geometry":{"type":"Point","coordinates":[26.0,-15.9]},"properties":{"region":2,"fire_occurred":0,"prediction":0.2404}},{"type":"Feature","geometry":{"type":"Point","coordinates":[26.0,-15.8]},"properties":{"region":2,"fire_occurred":1,"prediction":0.2005}},{"type":"Feature","geometry":{"type":"Point","coordinates":[26.0,-15.7]},"properties":{"region":2,"fire_occurred":0,"prediction":0.1735}},{"type":"Feature","geometry":{"type":"Point","coordinates":[26.0,-15.4]},"properties":{"region":2,"fire_occurred":0,"prediction":0.2754}},{"type":"Feature","geometry":{"type":"Point","coordinates":[26.0,-15.3]},"properties":{"region":2,"fire_occurred":0,"prediction":0.1271}},{"type":"Feature","geometry":{"type":"Point","coordinates":[26.0,-15.1]},"properties":{"region":2,"fire_occurred":0,"prediction":0.1874}},{"type":"Feature","geometry":{"type":"Point","coordinates":[26.1,-24.9]},"properties":{"region":2,"fire_occurred":0,"prediction":0.1162}},{"type":"Feature","geometry":{"type":"Point","coordinates":[26.1,-16.4]},"properties":{"region":2,"fire_occurred":0,"prediction":0.2249}},{"type":"Feature","geometry":{"type":"Point","coordinates":[26.1,-16.3]},"properties":{"region":2,"fire_occurred":0,"prediction":0.2935}},{"type":"Feature","geometry":{"type":"Point","coordinates":[26.1,-16.2]},"properties":{"region":2,"fire_occurred":0,"prediction":0.4015}},{"type":"Feature","geometry":{"type":"Point","coordinates":[26.1,-16.1]},"properties":{"region":2,"fire_occurred":0,"prediction":0.2525}},{"type":"Feature","geometry":{"type":"Point","coordinates":[26.1,-15.8]},"properties":{"region":2,"fire_occurred":1,"prediction":0.0702}},{"type":"Feature","geometry":{"type":"Point","coordinates":[26.1,-15.7]},"properties":{"region":2,"fire_occurred":0,"prediction":0.19}},{"type":"Feature","geometry":{"type":"Point","coordinates":[26.1,-15.6]},"properties":{"region":2,"fire_occurred":1,"prediction":0.1141}},{"type":"Feature","geometry":{"type":"Point","coordinates":[26.1,-15.2]},"properties":{"region":2,"fire_occurred":0,"prediction":0.1121}},{"type":"Feature","geometry":{"type":"Point","coordinates":[26.1,-15.1]},"properties":{"region":2,"fire_occurred":1,"prediction":0.2816}},{"type":"Feature","geometry":{"type":"Point","coordinates":[26.2,-29.2]},"properties":{"region":2,"fire_occurred":1,"prediction":0.0327}},{"type":"Feature","geometry":{"type":"Point","coordinates":[26.2,-16.3]},"properties":{"region":2,"fire_occurred":1,"prediction":0.1804}},{"type":"Feature","geometry":{"type":"Point","coordinates":[26.2,-16.1]},"properties":{"region":2,"fire_occurred":0,"prediction":0.225}},{"type":"Feature","geometry":{"type":"Point","coordinates":[26.2,-16.0]},"properties":{"region":2,"fire_occurred":0,"prediction":0.1134}},{"type":"Feature","geometry":{"type":"Point","coordinates":[26.2,-15.8]},"properties":{"region":2,"fire_occurred":0,"prediction":0.1382}},{"type":"Feature","geometry":{"type":"Point","coordinates":[26.2,-15.7]},"properties":{"region":2,"fire_occurred":1,"prediction":0.2039}},{"type":"Feature","geometry":{"type":"Point","coordinates":[26.2,-15.2]},"properties":{"region":2,"fire_occurred":0,"prediction":0.2412}},{"type":"Feature","geometry":{"type":"Point","coordinates":[26.2,-15.1]},"properties":{"region":2,"fire_occurred":0,"prediction":0.2046}},{"type":"Feature","geometry":{"type":"Point","coordinates":[26.3,-31.4]},"properties":{"region":2,"fire_occurred":1,"prediction":0.0015}},{"type":"Feature","geometry":{"type":"Point","coordinates":[26.3,-16.1]},"properties":{"region":2,"fire_occurred":0,"prediction":0.1765}},{"type":"Feature","geometry":{"type":"Point","coordinates":[26.3,-16.0]},"properties":{"region":2,"fire_occurred":0,"prediction":0.264}},{"type":"Feature","geometry":{"type":"Point","coordinates":[26.3,-15.7]},"properties":{"region":2,"fire_occurred":0,"prediction":0.2318}},{"type":"Feature","geometry":{"type":"Point","coordinates":[26.3,-15.6]},"properties":{"region":2,"fire_occurred":0,"prediction":0.2573}},{"type":"Feature","geometry":{"type":"Point","coordinates":[26.3,-15.5]},"properties":{"region":2,"fire_occurred":0,"prediction":0.1064}},{"type":"Feature","geometry":{"type":"Point","coordinates":[26.3,-15.2]},"properties":{"region":2,"fire_occurred":0,"prediction":0.1337}},{"type":"Feature","geometry":{"type":"Point","coordinates":[26.3,-15.1]},"properties":{"region":2,"fire_occurred":0,"prediction":0.1849}},{"type":"Feature","geometry":{"type":"Point","coordinates":[26.4,-16.1]},"properties":{"region":2,"fire_occurred":0,"prediction":0.1858}},{"type":"Feature","geometry":{"type":"Point","coordinates":[26.4,-16.0]},"properties":{"region":2,"fire_occurred":0,"prediction":0.2355}},{"type":"Feature","geometry":{"type":"Point","coordinates":[26.4,-15.7]},"properties":{"region":2,"fire_occurred":0,"prediction":0.1119}},{"type":"Feature","geometry":{"type":"Point","coordinates":[26.4,-15.6]},"properties":{"region":2,"fire_occurred":0,"prediction":0.1933}},{"type":"Feature","geometry":{"type":"Point","coordinates":[26.4,-15.5]},"properties":{"region":2,"fire_occurred":0,"prediction":0.2585}},{"type":"Feature","geometry":{"type":"Point","coordinates":[26.5,-18.5]},"properties":{"region":2,"fire_occurred":0,"prediction":0.2965}},{"type":"Feature","geometry":{"type":"Point","coordinates":[26.5,-15.6]},"properties":{"region":2,"fire_occurred":0,"prediction":0.1518}},{"type":"Feature","geometry":{"type":"Point","coordinates":[26.5,-15.5]},"properties":{"region":2,"fire_occurred":1,"prediction":0.211}},{"type":"Feature","geometry":{"type":"Point","coordinates":[26.5,-15.4]},"properties":{"region":2,"fire_occurred":1,"prediction":0.2113}},{"type":"Feature","geometry":{"type":"Point","coordinates":[26.5,-15.1]},"properties":{"region":2,"fire_occurred":0,"prediction":0.1655}},{"type":"Feature","geometry":{"type":"Point","coordinates":[26.6,-16.0]},"properties":{"region":2,"fire_occurred":0,"prediction":0.27}},{"type":"Feature","geometry":{"type":"Point","coordinates":[26.6,-15.8]},"properties":{"region":2,"fire_occurred":0,"prediction":0.1974}},{"type":"Feature","geometry":{"type":"Point","coordinates":[26.6,-15.6]},"properties":{"region":2,"fire_occurred":0,"prediction":0.2251}},{"type":"Feature","geometry":{"type":"Point","coordinates":[26.6,-15.5]},"properties":{"region":2,"fire_occurred":1,"prediction":0.3054}},{"type":"Feature","geometry":{"type":"Point","coordinates":[26.6,-15.4]},"properties":{"region":2,"fire_occurred":1,"prediction":0.1761}},{"type":"Feature","geometry":{"type":"Point","coordinates":[26.6,-15.2]},"properties":{"region":2,"fire_occurred":1,"prediction":0.0396}},{"type":"Feature","geometry":{"type":"Point","coordinates":[26.7,-25.4]},"properties":{"region":2,"fire_occurred":1,"prediction":0.0117}},{"type":"Feature","geometry":{"type":"Point","coordinates":[26.7,-16.1]},"properties":{"region":2,"fire_occurred":0,"prediction":0.1239}},{"type":"Feature","geometry":{"type":"Point","coordinates":[26.7,-16.0]},"properties":{"region":2,"fire_occurred":0,"prediction":0.2352}},{"type":"Feature","geometry":{"type":"Point","coordinates":[26.7,-15.8]},"properties":{"region":2,"fire_occurred":0,"prediction":0.1314}},{"type":"Feature","geometry":{"type":"Point","coordinates":[26.7,-15.6]},"properties":{"region":2,"fire_occurred":0,"prediction":0.2559}},{"type":"Feature","geometry":{"type":"Point","coordinates":[26.7,-15.5]},"properties":{"region":2,"fire_occurred":0,"prediction":0.286}},{"type":"Feature","geometry":{"type":"Point","coordinates":[26.7,-15.4]},"properties":{"region":2,"fire_occurred":0,"prediction":0.1171}},{"type":"Feature","geometry":{"type":"Point","coordinates":[26.7,14.0]},"properties":{"region":2,"fire_occurred":1,"prediction":0.001}},{"type":"Feature","geometry":{"type":"Point","coordinates":[26.8,-29.2]},"properties":{"region":2,"fire_occurred":1,"prediction":0.0322}},{"type":"Feature","geometry":{"type":"Point","coordinates":[26.8,-25.4]},"properties":{"region":2,"fire_occurred":1,"prediction":0.0163}},{"type":"Feature","geometry":{"type":"Point","coordinates":[26.8,-17.1]},"properties":{"region":2,"fire_occurred":0,"prediction":0.1029}},{"type":"Feature","geometry":{"type":"Point","coordinates":[26.8,-16.2]},"properties":{"region":2,"fire_occurred":0,"prediction":0.1763}},{"type":"Feature","geometry":{"type":"Point","coordinates":[26.8,-15.8]},"properties":{"region":2,"fire_occurred":0,"prediction":0.2504}},{"type":"Feature","geometry":{"type":"Point","coordinates":[26.8,-15.6]},"properties":{"region":2,"fire_occurred":0,"prediction":0.1556}},{"type":"Feature","geometry":{"type":"Point","coordinates":[26.8,-15.4]},"properties":{"region":2,"fire_occurred":0,"prediction":0.1218}},{"type":"Feature","geometry":{"type":"Point","coordinates":[26.8,-15.2]},"properties":{"region":2,"fire_occurred":0,"prediction":0.1496}},{"type":"Feature","geometry":{"type":"Point","coordinates":[26.8,-15.1]},"properties":{"region":2,"fire_occurred":0,"prediction":0.1464}},{"type":"Feature","geometry":{"type":"Point","coordinates":[26.9,-16.9]},"properties":{"region":2,"fire_occurred":0,"prediction":0.144}},{"type":"Feature","geometry":{"type":"Point","coordinates":[26.9,-15.9]},"properties":{"region":2,"fire_occurred":0,"prediction":0.1035}},{"type":"Feature","geometry":{"type":"Point","coordinates":[26.9,-15.6]},"properties":{"region":2,"fire_occurred":0,"prediction":0.1321}},{"type":"Feature","geometry":{"type":"Point","coordinates":[26.9,-15.4]},"properties":{"region":2,"fire_occurred":0,"prediction":0.1247}},{"type":"Feature","geometry":{"type":"Point","coordinates":[26.9,-15.3]},"properties":{"region":2,"fire_occurred":0,"prediction":0.1454}},{"type":"Feature","geometry":{"type":"Point","coordinates":[26.9,-15.2]},"properties":{"region":2,"fire_occurred":0,"prediction":0.2099}},{"type":"Feature","geometry":{"type":"Point","coordinates":[26.9,-15.1]},"properties":{"region":2,"fire_occurred":0,"prediction":0.1846}},{"type":"Feature","geometry":{"type":"Point","coordinates":[27.0,-25.5]},"properties":{"region":2,"fire_occurred":0,"prediction":0.1794}},{"type":"Feature","geometry":{"type":"Point","coordinates":[27.0,-25.0]},"properties":{"region":2,"fire_occurred":1,"prediction":0.0505}},{"type":"Feature","geometry":{"type":"Point","coordinates":[27.0,-16.9]},"properties":{"region":2,"fire_occurred":0,"prediction":0.102}},{"type":"Feature","geometry":{"type":"Point","coordinates":[27.0,-16.8]},"properties":{"region":2,"fire_occurred":0,"prediction":0.1076}},{"type":"Feature","geometry":{"type":"Point","coordinates":[27.1,-29.6]},"properties":{"region":2,"fire_occurred":1,"prediction":0.004}},{"type":"Feature","geometry":{"type":"Point","coordinates":[27.1,-25.7]},"properties":{"region":2,"fire_occurred":0,"prediction":0.1005}},{"type":"Feature","geometry":{"type":"Point","coordinates":[27.1,-25.6]},"properties":{"region":2,"fire_occurred":1,"prediction":0.0686}},{"type":"Feature","geometry":{"type":"Point","coordinates":[27.1,-25.5]},"properties":{"region":2,"fire_occurred":1,"prediction":0.1114}},{"type":"Feature","geometry":{"type":"Point","coordinates":[27.1,-25.0]},"properties":{"region":2,"fire_occurred":1,"prediction":0.061}},{"type":"Feature","geometry":{"type":"Point","coordinates":[27.1,-23.0]},"properties":{"region":2,"fire_occurred":1,"prediction":0.011}},{"type":"Feature","geometry":{"type":"Point","coordinates":[27.2,-29.6]},"properties":{"region":2,"fire_occurred":1,"prediction":0.0032}},{"type":"Feature","geometry":{"type":"Point","coordinates":[27.2,-29.5]},"properties":{"region":2,"fire_occurred":1,"prediction":0.0027}},{"type":"Feature","geometry":{"type":"Point","coordinates":[27.2,-25.7]},"properties":{"region":2,"fire_occurred":1,"prediction":0.4599}},{"type":"Feature","geometry":{"type":"Point","coordinates":[27.2,-25.6]},"properties":{"region":2,"fire_occurred":0,"prediction":0.1363}},{"type":"Feature","geometry":{"type":"Point","coordinates":[27.2,-16.1]},"properties":{"region":2,"fire_occurred":0,"prediction":0.1362}},{"type":"Feature","geometry":{"type":"Point","coordinates":[27.3,-28.1]},"properties":{"region":2,"fire_occurred":1,"prediction":0.004}},{"type":"Feature","geometry":{"type":"Point","coordinates":[27.3,-26.5]},"properties":{"region":2,"fire_occurred":0,"prediction":0.1177}},{"type":"Feature","geometry":{"type":"Point","coordinates":[27.3,-25.8]},"properties":{"region":2,"fire_occurred":0,"prediction":0.222}},{"type":"Feature","geometry":{"type":"Point","coordinates":[27.3,-25.2]},"properties":{"region":2,"fire_occurred":1,"prediction":0.0323}},{"type":"Feature","geometry":{"type":"Point","coordinates":[27.4,-28.1]},"properties":{"region":2,"fire_occurred":1,"prediction":0.0064}},{"type":"Feature","geometry":{"type":"Point","coordinates":[27.4,-26.5]},"properties":{"region":2,"fire_occurred":1,"prediction":0.0193}},{"type":"Feature","geometry":{"type":"Point","coordinates":[27.4,-26.0]},"properties":{"region":2,"fire_occurred":1,"prediction":0.0528}},{"type":"Feature","geometry":{"type":"Point","coordinates":[27.4,-25.8]},"properties":{"region":2,"fire_occurred":1,"prediction":0.4114}},{"type":"Feature","geometry":{"type":"Point","coordinates":[27.4,-25.2]},"properties":{"region":2,"fire_occurred":1,"prediction":0.0604}},{"type":"Feature","geometry":{"type":"Point","coordinates":[27.5,-26.4]},"properties":{"region":2,"fire_occurred":1,"prediction":0.0969}},{"type":"Feature","geometry":{"type":"Point","coordinates":[27.5,-26.3]},"properties":{"region":2,"fire_occurred":1,"prediction":0.0849}},{"type":"Feature","geometry":{"type":"Point","coordinates":[27.5,-26.0]},"properties":{"region":2,"fire_occurred":1,"prediction":0.1081}},{"type":"Feature","geometry":{"type":"Point","coordinates":[27.5,-25.6]},"properties":{"region":2,"fire_occurred":0,"prediction":0.1232}},{"type":"Feature","geometry":{"type":"Point","coordinates":[27.5,-18.9]},"properties":{"region":2,"fire_occurred":1,"prediction":0.0043}},{"type":"Feature","geometry":{"type":"Point","coordinates":[27.6,-26.0]},"properties":{"region":2,"fire_occurred":0,"prediction":0.1047}},{"type":"Feature","geometry":{"type":"Point","coordinates":[27.6,-25.8]},"properties":{"region":2,"fire_occurred":0,"prediction":0.1213}},{"type":"Feature","geometry":{"type":"Point","coordinates":[27.6,-25.7]},"properties":{"region":2,"fire_occurred":0,"prediction":0.1305}},{"type":"Feature","geometry":{"type":"Point","coordinates":[27.6,-23.4]},"properties":{"region":2,"fire_occurred":0,"prediction":0.1181}},{"type":"Feature","geometry":{"type":"Point","coordinates":[27.7,-28.6]},"properties":{"region":2,"fire_occurred":1,"prediction":0.0032}},{"type":"Feature","geometry":{"type":"Point","coordinates":[27.7,-26.6]},"properties":{"region":2,"fire_occurred":1,"prediction":0.068}},{"type":"Feature","geometry":{"type":"Point","coordinates":[27.7,-25.7]},"properties":{"region":2,"fire_occurred":0,"prediction":0.124}},{"type":"Feature","geometry":{"type":"Point","coordinates":[27.7,-17.9]},"properties":{"region":2,"fire_occurred":0,"prediction":0.1541}},{"type":"Feature","geometry":{"type":"Point","coordinates":[27.7,-17.8]},"properties":{"region":2,"fire_occurred":0,"prediction":0.102}},{"type":"Feature","geometry":{"type":"Point","coordinates":[27.8,-26.7]},"properties":{"region":2,"fire_occurred":0,"prediction":0.1338}},{"type":"Feature","geometry":{"type":"Point","coordinates":[27.8,-26.4]},"properties":{"region":2,"fire_occurred":1,"prediction":0.0999}},{"type":"Feature","geometry":{"type":"Point","coordinates":[27.8,-26.3]},"properties":{"region":2,"fire_occurred":0,"prediction":0.1023}},{"type":"Feature","geometry":{"type":"Point","coordinates":[27.8,-26.1]},"properties":{"region":2,"fire_occurred":1,"prediction":0.0839}},{"type":"Feature","geometry":{"type":"Point","coordinates":[27.8,-25.7]},"properties":{"region":2,"fire_occurred":0,"prediction":0.1374}},{"type":"Feature","geometry":{"type":"Point","coordinates":[27.8,-17.8]},"properties":{"region":2,"fire_occurred":0,"prediction":0.1405}},{"type":"Feature","geometry":{"type":"Point","coordinates":[27.9,-26.8]},"properties":{"region":2,"fire_occurred":1,"prediction":0.1022}},{"type":"Feature","geometry":{"type":"Point","coordinates":[27.9,-26.6]},"properties":{"region":2,"fire_occurred":1,"prediction":0.1051}},{"type":"Feature","geometry":{"type":"Point","coordinates":[27.9,-26.4]},"properties":{"region":2,"fire_occurred":0,"prediction":0.1506}},{"type":"Feature","geometry":{"type":"Point","coordinates":[27.9,-26.0]},"properties":{"region":2,"fire_occurred":0,"prediction":0.1035}},{"type":"Feature","geometry":{"type":"Point","coordinates":[27.9,-25.9]},"properties":{"region":2,"fire_occurred":0,"prediction":0.1328}},{"type":"Feature","geometry":{"type":"Point","coordinates":[27.9,-25.8]},"properties":{"region":2,"fire_occurred":0,"prediction":0.1194}},{"type":"Feature","geometry":{"type":"Point","coordinates":[27.9,-17.9]},"properties":{"region":2,"fire_occurred":0,"prediction":0.1367}},{"type":"Feature","geometry":{"type":"Point","coordinates":[27.9,-17.7]},"properties":{"region":2,"fire_occurred":0,"prediction":0.1074}},{"type":"Feature","geometry":{"type":"Point","coordinates":[28.0,-26.6]},"properties":{"region":2,"fire_occurred":1,"prediction":0.0255}},{"type":"Feature","geometry":{"type":"Point","coordinates":[28.0,-26.5]},"properties":{"region":2,"fire_occurred":0,"prediction":0.1245}},{"type":"Feature","geometry":{"type":"Point","coordinates":[28.0,-26.4]},"properties":{"region":2,"fire_occurred":1,"prediction":0.1428}},{"type":"Feature","geometry":{"type":"Point","coordinates":[28.0,-26.0]},"properties":{"region":2,"fire_occurred":0,"prediction":0.1088}},{"type":"Feature","geometry":{"type":"Point","coordinates":[28.0,-25.8]},"properties":{"region":2,"fire_occurred":0,"prediction":0.114}},{"type":"Feature","geometry":{"type":"Point","coordinates":[28.0,-25.7]},"properties":{"region":2,"fire_occurred":1,"prediction":0.0904}},{"type":"Feature","geometry":{"type":"Point","coordinates":[28.1,-26.4]},"properties":{"region":2,"fire_occurred":1,"prediction":0.04}},{"type":"Feature","geometry":{"type":"Point","coordinates":[28.1,-26.3]},"properties":{"region":2,"fire_occurred":1,"prediction":0.1093}},{"type":"Feature","geometry":{"type":"Point","coordinates":[28.1,-26.2]},"properties":{"region":2,"fire_occurred":0,"prediction":0.1041}},{"type":"Feature","geometry":{"type":"Point","coordinates":[28.1,-26.1]},"properties":{"region":2,"fire_occurred":0,"prediction":0.1066}},{"type":"Feature","geometry":{"type":"Point","coordinates":[28.1,-26.0]},"properties":{"region":2,"fire_occurred":0,"prediction":0.1118}},{"type":"Feature","geometry":{"type":"Point","coordinates":[28.1,-25.7]},"properties":{"region":2,"fire_occurred":0,"prediction":0.1032}},{"type":"Feature","geometry":{"type":"Point","coordinates":[28.2,-26.6]},"properties":{"region":2,"fire_occurred":1,"prediction":0.0549}},{"type":"Feature","geometry":{"type":"Point","coordinates":[28.2,-26.4]},"properties":{"region":2,"fire_occurred":0,"prediction":0.134}},{"type":"Feature","geometry":{"type":"Point","coordinates":[28.2,-26.3]},"properties":{"region":2,"fire_occurred":0,"prediction":0.1062}},{"type":"Feature","geometry":{"type":"Point","coordinates":[28.2,-26.1]},"properties":{"region":2,"fire_occurred":0,"prediction":0.1782}},{"type":"Feature","geometry":{"type":"Point","coordinates":[28.2,-25.7]},"properties":{"region":2,"fire_occurred":0,"prediction":0.1081}},{"type":"Feature","geometry":{"type":"Point","coordinates":[28.2,-25.1]},"properties":{"region":2,"fire_occurred":1,"prediction":0.0829}},{"type":"Feature","geometry":{"type":"Point","coordinates":[28.2,-17.3]},"properties":{"region":2,"fire_occurred":0,"prediction":0.1097}},{"type":"Feature","geometry":{"type":"Point","coordinates":[28.3,-26.4]},"properties":{"region":2,"fire_occurred":1,"prediction":0.1101}},{"type":"Feature","geometry":{"type":"Point","coordinates":[28.3,-26.3]},"properties":{"region":2,"fire_occurred":0,"prediction":0.1395}},{"type":"Feature","geometry":{"type":"Point","coordinates":[28.3,-26.1]},"properties":{"region":2,"fire_occurred":0,"prediction":0.1525}},{"type":"Feature","geometry":{"type":"Point","coordinates":[28.3,-26.0]},"properties":{"region":2,"fire_occurred":1,"prediction":0.0219}},{"type":"Feature","geometry":{"type":"Point","coordinates":[28.3,-25.8]},"properties":{"region":2,"fire_occurred":0,"prediction":0.1617}},{"type":"Feature","geometry":{"type":"Point","coordinates":[28.3,-25.7]},"properties":{"region":2,"fire_occurred":0,"prediction":0.1174}},{"type":"Feature","geometry":{"type":"Point","coordinates":[28.3,-16.3]},"properties":{"region":2,"fire_occurred":1,"prediction":0.0084}},{"type":"Feature","geometry":{"type":"Point","coordinates":[28.4,-27.8]},"properties":{"region":2,"fire_occurred":1,"prediction":0.0017}},{"type":"Feature","geometry":{"type":"Point","coordinates":[28.4,-26.5]},"properties":{"region":2,"fire_occurred":0,"prediction":0.1113}},{"type":"Feature","geometry":{"type":"Point","coordinates":[28.4,-26.4]},"properties":{"region":2,"fire_occurred":1,"prediction":0.0907}},{"type":"Feature","geometry":{"type":"Point","coordinates":[28.4,-26.2]},"properties":{"region":2,"fire_occurred":0,"prediction":0.122}},{"type":"Feature","geometry":{"type":"Point","coordinates":[28.4,-26.1]},"properties":{"region":2,"fire_occurred":0,"prediction":0.1283}},{"type":"Feature","geometry":{"type":"Point","coordinates":[28.4,-25.8]},"properties":{"region":2,"fire_occurred":0,"prediction":0.1141}},{"type":"Feature","geometry":{"type":"Point","coordinates":[28.4,-25.7]},"properties":{"region":2,"fire_occurred":0,"prediction":0.1136}},{"type":"Feature","geometry":{"type":"Point","coordinates":[28.5,-26.3]},"properties":{"region":2,"fire_occurred":1,"prediction":0.0906}},{"type":"Feature","geometry":{"type":"Point","coordinates":[28.6,-26.2]},"properties":{"region":2,"fire_occurred":1,"prediction":0.1106}},{"type":"Feature","geometry":{"type":"Point","coordinates":[28.6,-25.5]},"properties":{"region":2,"fire_occurred":0,"prediction":0.1065}},{"type":"Feature","geometry":{"type":"Point","coordinates":[28.7,-26.8]},"properties":{"region":2,"fire_occurred":1,"prediction":0.0214}},{"type":"Feature","geometry":{"type":"Point","coordinates":[28.7,-25.2]},"properties":{"region":2,"fire_occurred":1,"prediction":0.0127}},{"type":"Feature","geometry":{"type":"Point","coordinates":[28.7,-16.3]},"properties":{"region":2,"fire_occurred":0,"prediction":0.1345}},{"type":"Feature","geometry":{"type":"Point","coordinates":[28.8,-26.0]},"properties":{"region":2,"fire_occurred":1,"prediction":0.0438}},{"type":"Feature","geometry":{"type":"Point","coordinates":[28.8,-25.6]},"properties":{"region":2,"fire_occurred":0,"prediction":0.1216}},{"type":"Feature","geometry":{"type":"Point","coordinates":[28.8,-25.2]},"properties":{"region":2,"fire_occurred":1,"prediction":0.0158}},{"type":"Feature","geometry":{"type":"Point","coordinates":[28.8,-24.2]},"properties":{"region":2,"fire_occurred":1,"prediction":0.0083}},{"type":"Feature","geometry":{"type":"Point","coordinates":[28.8,-24.0]},"properties":{"region":2,"fire_occurred":1,"prediction":0.0629}},{"type":"Feature","geometry":{"type":"Point","coordinates":[28.8,-23.9]},"properties":{"region":2,"fire_occurred":1,"prediction":0.0857}},{"type":"Feature","geometry":{"type":"Point","coordinates":[28.9,-26.1]},"properties":{"region":2,"fire_occurred":1,"prediction":0.0781}},{"type":"Feature","geometry":{"type":"Point","coordinates":[28.9,-16.4]},"properties":{"region":2,"fire_occurred":0,"prediction":0.1029}},{"type":"Feature","geometry":{"type":"Point","coordinates":[29.0,-16.8]},"properties":{"region":2,"fire_occurred":0,"prediction":0.1275}},{"type":"Feature","geometry":{"type":"Point","coordinates":[29.0,-16.5]},"properties":{"region":2,"fire_occurred":0,"prediction":0.1787}},{"type":"Feature","geometry":{"type":"Point","coordinates":[29.1,-16.7]},"properties":{"region":2,"fire_occurred":0,"prediction":0.1922}},{"type":"Feature","geometry":{"type":"Point","coordinates":[29.1,-16.5]},"properties":{"region":2,"fire_occurred":0,"prediction":0.1617}},{"type":"Feature","geometry":{"type":"Point","coordinates":[29.1,-16.3]},"properties":{"region":2,"fire_occurred":0,"prediction":0.1788}},{"type":"Feature","geometry":{"type":"Point","coordinates":[29.2,-24.4]},"properties":{"region":2,"fire_occurred":0,"prediction":0.119}},{"type":"Feature","geometry":{"type":"Point","coordinates":[29.2,-18.5]},"properties":{"region":2,"fire_occurred":1,"prediction":0.0237}},{"type":"Feature","geometry":{"type":"Point","coordinates":[29.2,-16.7]},"properties":{"region":2,"fire_occurred":0,"prediction":0.2198}},{"type":"Feature","geometry":{"type":"Point","coordinates":[29.2,-16.6]},"properties":{"region":2,"fire_occurred":0,"prediction":0.162}},{"type":"Feature","geometry":{"type":"Point","coordinates":[29.2,-16.5]},"properties":{"region":2,"fire_occurred":0,"prediction":0.2302}},{"type":"Feature","geometry":{"type":"Point","coordinates":[29.3,-16.5]},"properties":{"region":2,"fire_occurred":0,"prediction":0.15}},{"type":"Feature","geometry":{"type":"Point","coordinates":[29.6,-20.0]},"properties":{"region":2,"fire_occurred":1,"prediction":0.0134}},{"type":"Feature","geometry":{"type":"Point","coordinates":[29.6,-18.3]},"properties":{"region":2,"fire_occurred":0,"prediction":0.1474}},{"type":"Feature","geometry":{"type":"Point","coordinates":[29.7,-19.5]},"properties":{"region":2,"fire_occurred":0,"prediction":0.1546}},{"type":"Feature","geometry":{"type":"Point","coordinates":[29.7,-19.1]},"properties":{"region":2,"fire_occurred":0,"prediction":0.1557}},{"type":"Feature","geometry":{"type":"Point","coordinates":[29.7,-18.3]},"properties":{"region":2,"fire_occurred":0,"prediction":0.1191}},{"type":"Feature","geometry":{"type":"Point","coordinates":[29.7,-16.1]},"properties":{"region":2,"fire_occurred":0,"prediction":0.1007}},{"type":"Feature","geometry":{"type":"Point","coordinates":[29.7,10.4]},"properties":{"region":2,"fire_occurred":1,"prediction":0.0004}},{"type":"Feature","geometry":{"type":"Point","coordinates":[29.8,-19.5]},"properties":{"region":2,"fire_occurred":0,"prediction":0.1311}},{"type":"Feature","geometry":{"type":"Point","coordinates":[29.8,-18.2]},"properties":{"region":2,"fire_occurred":0,"prediction":0.1872}},{"type":"Feature","geometry":{"type":"Point","coordinates":[29.9,-19.0]},"properties":{"region":2,"fire_occurred":0,"prediction":0.1139}},{"type":"Feature","geometry":{"type":"Point","coordinates":[29.9,-18.1]},"properties":{"region":2,"fire_occurred":0,"prediction":0.1359}},{"type":"Feature","geometry":{"type":"Point","coordinates":[30.1,-25.0]},"properties":{"region":2,"fire_occurred":0,"prediction":0.1127}},{"type":"Feature","geometry":{"type":"Point","coordinates":[30.1,-24.9]},"properties":{"region":2,"fire_occurred":1,"prediction":0.3628}},{"type":"Feature","geometry":{"type":"Point","coordinates":[30.1,-24.8]},"properties":{"region":2,"fire_occurred":1,"prediction":0.5087}},{"type":"Feature","geometry":{"type":"Point","coordinates":[30.1,-24.6]},"properties":{"region":2,"fire_occurred":0,"prediction":0.141}},{"type":"Feature","geometry":{"type":"Point","coordinates":[30.1,-18.2]},"properties":{"region":2,"fire_occurred":0,"prediction":0.1279}},{"type":"Feature","geometry":{"type":"Point","coordinates":[30.1,-18.1]},"properties":{"region":2,"fire_occurred":1,"prediction":0.1323}},{"type":"Feature","geometry":{"type":"Point","coordinates":[30.2,-24.8]},"properties":{"region":2,"fire_occurred":1,"prediction":0.1181}},{"type":"Feature","geometry":{"type":"Point","coordinates":[30.2,-18.2]},"properties":{"region":2,"fire_occurred":0,"prediction":0.1283}},{"type":"Feature","geometry":{"type":"Point","coordinates":[30.3,-18.3]},"properties":{"region":2,"fire_occurred":0,"prediction":0.1032}},{"type":"Feature","geometry":{"type":"Point","coordinates":[30.3,-18.1]},"properties":{"region":2,"fire_occurred":0,"prediction":0.1018}},{"type":"Feature","geometry":{"type":"Point","coordinates":[30.5,-25.0]},"properties":{"region":2,"fire_occurred":0,"prediction":0.1167}},{"type":"Feature","geometry":{"type":"Point","coordinates":[30.5,10.9]},"properties":{"region":2,"fire_occurred":1,"prediction":0.0003}},{"type":"Feature","geometry":{"type":"Point","coordinates":[30.6,-25.0]},"properties":{"region":2,"fire_occurred":0,"prediction":0.1443}},{"type":"Feature","geometry":{"type":"Point","coordinates":[30.7,-24.8]},"properties":{"region":2,"fire_occurred":1,"prediction":0.2136}},{"type":"Feature","geometry":{"type":"Point","coordinates":[30.7,-24.7]},"properties":{"region":2,"fire_occurred":0,"prediction":0.1286}},{"type":"Feature","geometry":{"type":"Point","coordinates":[30.7,-19.2]},"properties":{"region":2,"fire_occurred":1,"prediction":0.0062}},{"type":"Feature","geometry":{"type":"Point","coordinates":[30.8,-25.0]},"properties":{"region":2,"fire_occurred":0,"prediction":0.1204}},{"type":"Feature","geometry":{"type":"Point","coordinates":[30.8,-24.9]},"properties":{"region":2,"fire_occurred":0,"prediction":0.1007}},{"type":"Feature","geometry":{"type":"Point","coordinates":[30.8,-24.8]},"properties":{"region":2,"fire_occurred":0,"prediction":0.1539}},{"type":"Feature","geometry":{"type":"Point","coordinates":[30.8,-19.6]},"properties":{"region":2,"fire_occurred":1,"prediction":0.0032}},{"type":"Feature","geometry":{"type":"Point","coordinates":[30.8,-18.4]},"properties":{"region":2,"fire_occurred":1,"prediction":0.0383}},{"type":"Feature","geometry":{"type":"Point","coordinates":[30.9,-18.4]},"properties":{"region":2,"fire_occurred":1,"prediction":0.045}},{"type":"Feature","geometry":{"type":"Point","coordinates":[31.0,-16.0]},"properties":{"region":2,"fire_occurred":0,"prediction":0.1174}},{"type":"Feature","geometry":{"type":"Point","coordinates":[31.0,-15.5]},"properties":{"region":2,"fire_occurred":0,"prediction":0.1778}},{"type":"Feature","geometry":{"type":"Point","coordinates":[31.0,-15.0]},"properties":{"region":2,"fire_occurred":1,"prediction":0.1778}},{"type":"Feature","geometry":{"type":"Point","coordinates":[31.0,-14.9]},"properties":{"region":2,"fire_occurred":0,"prediction":0.1772}},{"type":"Feature","geometry":{"type":"Point","coordinates":[31.0,-14.7]},"properties":{"region":2,"fire_occurred":0,"prediction":0.1022}},{"type":"Feature","geometry":{"type":"Point","coordinates":[31.0,-14.6]},"properties":{"region":2,"fire_occurred":1,"prediction":0.1714}},{"type":"Feature","geometry":{"type":"Point","coordinates":[31.0,-14.4]},"properties":{"region":2,"fire_occurred":0,"prediction":0.1158}},{"type":"Feature","geometry":{"type":"Point","coordinates":[31.0,-14.3]},"properties":{"region":2,"fire_occurred":0,"prediction":0.1018}},{"type":"Feature","geometry":{"type":"Point","coordinates":[31.1,-15.6]},"properties":{"region":2,"fire_occurred":0,"prediction":0.1298}},{"type":"Feature","geometry":{"type":"Point","coordinates":[31.1,-14.9]},"properties":{"region":2,"fire_occurred":0,"prediction":0.1022}},{"type":"Feature","geometry":{"type":"Point","coordinates":[31.1,-14.4]},"properties":{"region":2,"fire_occurred":0,"prediction":0.1427}},{"type":"Feature","geometry":{"type":"Point","coordinates":[31.2,-16.0]},"properties":{"region":2,"fire_occurred":0,"prediction":0.1175}},{"type":"Feature","geometry":{"type":"Point","coordinates":[31.2,-14.3]},"properties":{"region":2,"fire_occurred":0,"prediction":0.1485}},{"type":"Feature","geometry":{"type":"Point","coordinates":[31.3,-14.3]},"properties":{"region":2,"fire_occurred":0,"prediction":0.293}},{"type":"Feature","geometry":{"type":"Point","coordinates":[31.3,-14.2]},"properties":{"region":2,"fire_occurred":0,"prediction":0.1015}},{"type":"Feature","geometry":{"type":"Point","coordinates":[31.3,31.0]},"properties":{"region":2,"fire_occurred":1,"prediction":0.002}},{"type":"Feature","geometry":{"type":"Point","coordinates":[31.4,-14.2]},"properties":{"region":2,"fire_occurred":0,"prediction":0.1083}},{"type":"Feature","geometry":{"type":"Point","coordinates":[31.4,-14.1]},"properties":{"region":2,"fire_occurred":1,"prediction":0.1325}},{"type":"Feature","geometry":{"type":"Point","coordinates":[31.5,-14.9]},"properties":{"region":2,"fire_occurred":0,"prediction":0.1693}},{"type":"Feature","geometry":{"type":"Point","coordinates":[31.5,-14.8]},"properties":{"region":2,"fire_occurred":0,"prediction":0.1304}},{"type":"Feature","geometry":{"type":"Point","coordinates":[31.5,-14.1]},"properties":{"region":2,"fire_occurred":0,"prediction":0.156}},{"type":"Feature","geometry":{"type":"Point","coordinates":[31.6,-14.7]},"properties":{"region":2,"fire_occurred":1,"prediction":0.3311}},{"type":"Feature","geometry":{"type":"Point","coordinates":[31.6,-14.6]},"properties":{"region":2,"fire_occurred":0,"prediction":0.2059}},{"type":"Feature","geometry":{"type":"Point","coordinates":[31.7,-21.1]},"properties":{"region":2,"fire_occurred":0,"prediction":0.1516}},{"type":"Feature","geometry":{"type":"Point","coordinates":[31.7,-14.7]},"properties":{"region":2,"fire_occurred":1,"prediction":0.041}},{"type":"Feature","geometry":{"type":"Point","coordinates":[31.7,-14.1]},"properties":{"region":2,"fire_occurred":0,"prediction":0.1593}},{"type":"Feature","geometry":{"type":"Point","coordinates":[31.8,-15.0]},"properties":{"region":2,"fire_occurred":0,"prediction":0.1155}},{"type":"Feature","geometry":{"type":"Point","coordinates":[31.8,-14.5]},"properties":{"region":2,"fire_occurred":0,"prediction":0.1142}},{"type":"Feature","geometry":{"type":"Point","coordinates":[31.8,-14.2]},"properties":{"region":2,"fire_occurred":0,"prediction":0.2678}},{"type":"Feature","geometry":{"type":"Point","coordinates":[31.8,-14.1]},"properties":{"region":2,"fire_occurred":0,"prediction":0.138}},{"type":"Feature","geometry":{"type":"Point","coordinates":[31.9,-14.2]},"properties":{"region":2,"fire_occurred":1,"prediction":0.1594}},{"type":"Feature","geometry":{"type":"Point","coordinates":[32.1,-16.0]},"properties":{"region":2,"fire_occurred":0,"prediction":0.1152}},{"type":"Feature","geometry":{"type":"Point","coordinates":[32.2,-16.0]},"properties":{"region":2,"fire_occurred":0,"prediction":0.2164}},{"type":"Feature","geometry":{"type":"Point","coordinates":[32.2,-15.9]},"properties":{"region":2,"fire_occurred":0,"prediction":0.1338}},{"type":"Feature","geometry":{"type":"Point","coordinates":[32.3,-16.0]},"properties":{"region":2,"fire_occurred":0,"prediction":0.1217}},{"type":"Feature","geometry":{"type":"Point","coordinates":[32.3,-15.8]},"properties":{"region":2,"fire_occurred":0,"prediction":0.115}},{"type":"Feature","geometry":{"type":"Point","coordinates":[32.3,-15.6]},"properties":{"region":2,"fire_occurred":1,"prediction":0.0114}},{"type":"Feature","geometry":{"type":"Point","coordinates":[32.3,-15.5]},"properties":{"region":2,"fire_occurred":0,"prediction":0.1878}},{"type":"Feature","geometry":{"type":"Point","coordinates":[32.4,-15.5]},"properties":{"region":2,"fire_occurred":0,"prediction":0.1825}},{"type":"Feature","geometry":{"type":"Point","coordinates":[32.4,-15.4]},"properties":{"region":2,"fire_occurred":0,"prediction":0.1503}},{"type":"Feature","geometry":{"type":"Point","coordinates":[32.4,-14.5]},"properties":{"region":2,"fire_occurred":0,"prediction":0.1004}},{"type":"Feature","geometry":{"type":"Point","coordinates":[32.5,-15.6]},"properties":{"region":2,"fire_occurred":0,"prediction":0.1168}},{"type":"Feature","geometry":{"type":"Point","coordinates":[32.5,-15.1]},"properties":{"region":2,"fire_occurred":0,"prediction":0.1392}},{"type":"Feature","geometry":{"type":"Point","coordinates":[32.5,-14.9]},"properties":{"region":2,"fire_occurred":0,"prediction":0.1342}},{"type":"Feature","geometry":{"type":"Point","coordinates":[32.5,-14.8]},"properties":{"region":2,"fire_occurred":0,"prediction":0.2018}},{"type":"Feature","geometry":{"type":"Point","coordinates":[32.5,15.1]},"properties":{"region":2,"fire_occurred":1,"prediction":0.0204}},{"type":"Feature","geometry":{"type":"Point","coordinates":[32.6,-15.4]},"properties":{"region":2,"fire_occurred":0,"prediction":0.106}},{"type":"Feature","geometry":{"type":"Point","coordinates":[32.6,-15.2]},"properties":{"region":2,"fire_occurred":0,"prediction":0.1648}},{"type":"Feature","geometry":{"type":"Point","coordinates":[32.6,-15.0]},"properties":{"region":2,"fire_occurred":0,"prediction":0.1231}},{"type":"Feature","geometry":{"type":"Point","coordinates":[32.6,-14.9]},"properties":{"region":2,"fire_occurred":0,"prediction":0.1426}},{"type":"Feature","geometry":{"type":"Point","coordinates":[32.6,-14.8]},"properties":{"region":2,"fire_occurred":1,"prediction":0.1115}},{"type":"Feature","geometry":{"type":"Point","coordinates":[32.6,-14.7]},"properties":{"region":2,"fire_occurred":0,"prediction":0.1348}},{"type":"Feature","geometry":{"type":"Point","coordinates":[32.7,-15.4]},"properties":{"region":2,"fire_occurred":0,"prediction":0.1422}},{"type":"Feature","geometry":{"type":"Point","coordinates":[32.7,-15.2]},"properties":{"region":2,"fire_occurred":0,"prediction":0.1787}},{"type":"Feature","geometry":{"type":"Point","coordinates":[32.7,-15.1]},"properties":{"region":2,"fire_occurred":1,"prediction":0.1596}},{"type":"Feature","geometry":{"type":"Point","coordinates":[32.7,-14.9]},"properties":{"region":2,"fire_occurred":0,"prediction":0.1705}},{"type":"Feature","geometry":{"type":"Point","coordinates":[32.7,-14.8]},"properties":{"region":2,"fire_occurred":0,"prediction":0.1595}},{"type":"Feature","geometry":{"type":"Point","coordinates":[32.8,-15.5]},"properties":{"region":2,"fire_occurred":1,"prediction":0.1545}},{"type":"Feature","geometry":{"type":"Point","coordinates":[32.8,-15.4]},"properties":{"region":2,"fire_occurred":0,"prediction":0.1207}},{"type":"Feature","geometry":{"type":"Point","coordinates":[32.8,-15.1]},"properties":{"region":2,"fire_occurred":0,"prediction":0.1391}},{"type":"Feature","geometry":{"type":"Point","coordinates":[32.9,-16.0]},"properties":{"region":2,"fire_occurred":0,"prediction":0.1789}},{"type":"Feature","geometry":{"type":"Point","coordinates":[32.9,-15.8]},"properties":{"region":2,"fire_occurred":0,"prediction":0.1015}},{"type":"Feature","geometry":{"type":"Point","coordinates":[32.9,-15.5]},"properties":{"region":2,"fire_occurred":1,"prediction":0.2024}},{"type":"Feature","geometry":{"type":"Point","coordinates":[32.9,-15.4]},"properties":{"region":2,"fire_occurred":1,"prediction":0.1418}},{"type":"Feature","geometry":{"type":"Point","coordinates":[32.9,-15.3]},"properties":{"region":2,"fire_occurred":0,"prediction":0.2012}},{"type":"Feature","geometry":{"type":"Point","coordinates":[32.9,-15.2]},"properties":{"region":2,"fire_occurred":0,"prediction":0.2895}},{"type":"Feature","geometry":{"type":"Point","coordinates":[32.9,-15.1]},"properties":{"region":2,"fire_occurred":0,"prediction":0.184}},{"type":"Feature","geometry":{"type":"Point","coordinates":[32.9,-15.0]},"properties":{"region":2,"fire_occurred":0,"prediction":0.2023}},{"type":"Feature","geometry":{"type":"Point","coordinates":[32.9,-14.9]},"properties":{"region":2,"fire_occurred":1,"prediction":0.0987}},{"type":"Feature","geometry":{"type":"Point","coordinates":[33.0,-16.0]},"properties":{"region":2,"fire_occurred":0,"prediction":0.131}},{"type":"Feature","geometry":{"type":"Point","coordinates":[33.0,-15.9]},"properties":{"region":2,"fire_occurred":0,"prediction":0.1275}},{"type":"Feature","geometry":{"type":"Point","coordinates":[33.0,-15.8]},"properties":{"region":2,"fire_occurred":0,"prediction":0.1065}},{"type":"Feature","geometry":{"type":"Point","coordinates":[33.0,-15.5]},"properties":{"region":2,"fire_occurred":0,"prediction":0.3178}},{"type":"Feature","geometry":{"type":"Point","coordinates":[33.0,-15.4]},"properties":{"region":2,"fire_occurred":0,"prediction":0.189}},{"type":"Feature","geometry":{"type":"Point","coordinates":[33.0,-15.3]},"properties":{"region":2,"fire_occurred":0,"prediction":0.1936}},{"type":"Feature","geometry":{"type":"Point","coordinates":[33.0,-15.2]},"properties":{"region":2,"fire_occurred":1,"prediction":0.2347}},{"type":"Feature","geometry":{"type":"Point","coordinates":[33.0,-15.1]},"properties":{"region":2,"fire_occurred":0,"prediction":0.1322}},{"type":"Feature","geometry":{"type":"Point","coordinates":[33.0,-15.0]},"properties":{"region":2,"fire_occurred":0,"prediction":0.1603}},{"type":"Feature","geometry":{"type":"Point","coordinates":[33.1,-15.3]},"properties":{"region":2,"fire_occurred":1,"prediction":0.1496}},{"type":"Feature","geometry":{"type":"Point","coordinates":[33.1,-15.2]},"properties":{"region":2,"fire_occurred":1,"prediction":0.2346}},{"type":"Feature","geometry":{"type":"Point","coordinates":[33.2,-20.6]},"properties":{"region":2,"fire_occurred":1,"prediction":0.0045}},{"type":"Feature","geometry":{"type":"Point","coordinates":[33.2,-15.4]},"properties":{"region":2,"fire_occurred":0,"prediction":0.1186}},{"type":"Feature","geometry":{"type":"Point","coordinates":[33.2,-15.2]},"properties":{"region":2,"fire_occurred":0,"prediction":0.1019}},{"type":"Feature","geometry":{"type":"Point","coordinates":[33.4,-15.9]},"properties":{"region":2,"fire_occurred":1,"prediction":0.0023}},{"type":"Feature","geometry":{"type":"Point","coordinates":[33.4,-15.5]},"properties":{"region":2,"fire_occurred":0,"prediction":0.1306}},{"type":"Feature","geometry":{"type":"Point","coordinates":[33.5,-15.8]},"properties":{"region":2,"fire_occurred":1,"prediction":0.0223}},{"type":"Feature","geometry":{"type":"Point","coordinates":[33.5,-14.3]},"properties":{"region":2,"fire_occurred":0,"prediction":0.2789}},{"type":"Feature","geometry":{"type":"Point","coordinates":[33.8,-15.8]},"properties":{"region":2,"fire_occurred":1,"prediction":0.0252}},{"type":"Feature","geometry":{"type":"Point","coordinates":[33.9,-14.5]},"properties":{"region":2,"fire_occurred":0,"prediction":0.1001}},{"type":"Feature","geometry":{"type":"Point","coordinates":[34.1,-16.5]},"properties":{"region":2,"fire_occurred":1,"prediction":0.0162}},{"type":"Feature","geometry":{"type":"Point","coordinates":[34.2,-16.9]},"properties":{"region":2,"fire_occurred":0,"prediction":0.1215}},{"type":"Feature","geometry":{"type":"Point","coordinates":[34.2,-16.5]},"properties":{"region":2,"fire_occurred":1,"prediction":0.0047}},{"type":"Feature","geometry":{"type":"Point","coordinates":[34.3,-20.6]},"properties":{"region":2,"fire_occurred":1,"prediction":0.0053}},{"type":"Feature","geometry":{"type":"Point","coordinates":[34.3,-20.4]},"properties":{"region":2,"fire_occurred":1,"prediction":0.0262}},{"type":"Feature","geometry":{"type":"Point","coordinates":[34.3,-16.9]},"properties":{"region":2,"fire_occurred":0,"prediction":0.1743}},{"type":"Feature","geometry":{"type":"Point","coordinates":[34.3,-16.7]},"properties":{"region":2,"fire_occurred":1,"prediction":0.0242}},{"type":"Feature","geometry":{"type":"Point","coordinates":[34.4,-20.4]},"properties":{"region":2,"fire_occurred":1,"prediction":0.0299}},{"type":"Feature","geometry":{"type":"Point","coordinates":[34.4,-16.7]},"properties":{"region":2,"fire_occurred":1,"prediction":0.0749}},{"type":"Feature","geometry":{"type":"Point","coordinates":[34.5,-15.1]},"properties":{"region":2,"fire_occurred":0,"prediction":0.1156}},{"type":"Feature","geometry":{"type":"Point","coordinates":[34.7,-20.7]},"properties":{"region":2,"fire_occurred":1,"prediction":0.0101}},{"type":"Feature","geometry":{"type":"Point","coordinates":[34.9,15.6]},"properties":{"region":2,"fire_occurred":1,"prediction":0.003}},{"type":"Feature","geometry":{"type":"Point","coordinates":[35.0,-15.1]},"properties":{"region":2,"fire_occurred":1,"prediction":0.0232}},{"type":"Feature","geometry":{"type":"Point","coordinates":[35.0,-6.8]},"properties":{"region":2,"fire_occurred":1,"prediction":0.0718}},{"type":"Feature","geometry":{"type":"Point","coordinates":[35.0,-1.7]},"properties":{"region":2,"fire_occurred":1,"prediction":0.0031}},{"type":"Feature","geometry":{"type":"Point","coordinates":[35.1,-1.5]},"properties":{"region":2,"fire_occurred":0,"prediction":0.1072}},{"type":"Feature","geometry":{"type":"Point","coordinates":[35.3,-17.0]},"properties":{"region":2,"fire_occurred":0,"prediction":0.1167}},{"type":"Feature","geometry":{"type":"Point","coordinates":[35.6,-15.1]},"properties":{"region":2,"fire_occurred":0,"prediction":0.1195}},{"type":"Feature","geometry":{"type":"Point","coordinates":[35.6,15.4]},"properties":{"region":2,"fire_occurred":1,"prediction":0.0012}},{"type":"Feature","geometry":{"type":"Point","coordinates":[35.6,31.7]},"properties":{"region":2,"fire_occurred":1,"prediction":0.0036}},{"type":"Feature","geometry":{"type":"Point","coordinates":[35.7,-15.1]},"properties":{"region":2,"fire_occurred":0,"prediction":0.18}},{"type":"Feature","geometry":{"type":"Point","coordinates":[35.7,6.3]},"properties":{"region":2,"fire_occurred":1,"prediction":0.0126}},{"type":"Feature","geometry":{"type":"Point","coordinates":[35.8,-15.1]},"properties":{"region":2,"fire_occurred":1,"prediction":0.2006}},{"type":"Feature","geometry":{"type":"Point","coordinates":[36.0,5.3]},"properties":{"region":2,"fire_occurred":1,"prediction":0.0064}},{"type":"Feature","geometry":{"type":"Point","coordinates":[36.1,-4.2]},"properties":{"region":2,"fire_occurred":1,"prediction":0.0111}},{"type":"Feature","geometry":{"type":"Point","coordinates":[36.2,-4.5]},"properties":{"region":2,"fire_occurred":0,"prediction":0.115}},{"type":"Feature","geometry":{"type":"Point","coordinates":[36.2,-4.3]},"properties":{"region":2,"fire_occurred":1,"prediction":0.0133}},{"type":"Feature","geometry":{"type":"Point","coordinates":[36.2,14.6]},"properties":{"region":2,"fire_occurred":1,"prediction":0.0565}},{"type":"Feature","geometry":{"type":"Point","coordinates":[36.5,14.5]},"properties":{"region":2,"fire_occurred":1,"prediction":0.0149}},{"type":"Feature","geometry":{"type":"Point","coordinates":[37.8,-4.1]},"properties":{"region":2,"fire_occurred":1,"prediction":0.0013}},{"type":"Feature","geometry":{"type":"Point","coordinates":[37.8,18.4]},"properties":{"region":2,"fire_occurred":0,"prediction":0.1045}},{"type":"Feature","geometry":{"type":"Point","coordinates":[38.0,37.4]},"properties":{"region":2,"fire_occurred":0,"prediction":0.1075}},{"type":"Feature","geometry":{"type":"Point","coordinates":[38.1,37.3]},"properties":{"region":2,"fire_occurred":0,"prediction":0.138}},{"type":"Feature","geometry":{"type":"Point","coordinates":[38.2,37.3]},"properties":{"region":2,"fire_occurred":0,"prediction":0.126}},{"type":"Feature","geometry":{"type":"Point","coordinates":[38.2,37.7]},"properties":{"region":2,"fire_occurred":0,"prediction":0.1376}},{"type":"Feature","geometry":{"type":"Point","coordinates":[38.3,37.3]},"properties":{"region":2,"fire_occurred":0,"prediction":0.1202}},{"type":"Feature","geometry":{"type":"Point","coordinates":[38.7,37.1]},"properties":{"region":2,"fire_occurred":0,"prediction":0.1441}},{"type":"Feature","geometry":{"type":"Point","coordinates":[38.8,1.1]},"properties":{"region":2,"fire_occurred":0,"prediction":0.152}},{"type":"Feature","geometry":{"type":"Point","coordinates":[38.8,36.7]},"properties":{"region":2,"fire_occurred":1,"prediction":0.0251}},{"type":"Feature","geometry":{"type":"Point","coordinates":[38.8,36.8]},"properties":{"region":2,"fire_occurred":1,"prediction":0.0217}},{"type":"Feature","geometry":{"type":"Point","coordinates":[38.8,37.1]},"properties":{"region":2,"fire_occurred":0,"prediction":0.1027}},{"type":"Feature","geometry":{"type":"Point","coordinates":[38.9,1.1]},"properties":{"region":2,"fire_occurred":0,"prediction":0.2883}},{"type":"Feature","geometry":{"type":"Point","coordinates":[38.9,36.7]},"properties":{"region":2,"fire_occurred":1,"prediction":0.0195}},{"type":"Feature","geometry":{"type":"Point","coordinates":[39.0,36.7]},"properties":{"region":2,"fire_occurred":1,"prediction":0.0531}},{"type":"Feature","geometry":{"type":"Point","coordinates":[39.1,36.8]},"properties":{"region":2,"fire_occurred":1,"prediction":0.2568}},{"type":"Feature","geometry":{"type":"Point","coordinates":[39.1,37.0]},"properties":{"region":2,"fire_occurred":0,"prediction":0.4008}},{"type":"Feature","geometry":{"type":"Point","coordinates":[39.1,37.3]},"properties":{"region":2,"fire_occurred":0,"prediction":0.1082}},{"type":"Feature","geometry":{"type":"Point","coordinates":[39.2,35.8]},"properties":{"region":2,"fire_occurred":1,"prediction":0.0097}},{"type":"Feature","geometry":{"type":"Point","coordinates":[39.2,36.7]},"properties":{"region":2,"fire_occurred":0,"prediction":0.1466}},{"type":"Feature","geometry":{"type":"Point","coordinates":[39.3,36.7]},"properties":{"region":2,"fire_occurred":0,"prediction":0.3543}},{"type":"Feature","geometry":{"type":"Point","coordinates":[39.4,36.7]},"properties":{"region":2,"fire_occurred":1,"prediction":0.108}},{"type":"Feature","geometry":{"type":"Point","coordinates":[39.4,36.8]},"properties":{"region":2,"fire_occurred":0,"prediction":0.1836}},{"type":"Feature","geometry":{"type":"Point","coordinates":[39.4,37.5]},"properties":{"region":2,"fire_occurred":0,"prediction":0.1084}},{"type":"Feature","geometry":{"type":"Point","coordinates":[39.5,36.8]},"properties":{"region":2,"fire_occurred":1,"prediction":0.1502}},{"type":"Feature","geometry":{"type":"Point","coordinates":[39.8,36.8]},"properties":{"region":2,"fire_occurred":0,"prediction":0.1158}},{"type":"Feature","geometry":{"type":"Point","coordinates":[40.0,36.9]},"properties":{"region":2,"fire_occurred":0,"prediction":0.1526}},{"type":"Feature","geometry":{"type":"Point","coordinates":[40.0,37.8]},"properties":{"region":2,"fire_occurred":0,"prediction":0.1111}},{"type":"Feature","geometry":{"type":"Point","coordinates":[40.1,36.8]},"properties":{"region":2,"fire_occurred":0,"prediction":0.1056}},{"type":"Feature","geometry":{"type":"Point","coordinates":[40.1,36.9]},"properties":{"region":2,"fire_occurred":0,"prediction":0.5386}},{"type":"Feature","geometry":{"type":"Point","coordinates":[40.1,37.0]},"properties":{"region":2,"fire_occurred":0,"prediction":0.1962}},{"type":"Feature","geometry":{"type":"Point","coordinates":[40.2,36.9]},"properties":{"region":2,"fire_occurred":0,"prediction":0.4858}},{"type":"Feature","geometry":{"type":"Point","coordinates":[40.2,37.2]},"properties":{"region":2,"fire_occurred":0,"prediction":0.1718}},{"type":"Feature","geometry":{"type":"Point","coordinates":[41.2,11.6]},"properties":{"region":2,"fire_occurred":0,"prediction":0.1023}},{"type":"Feature","geometry":{"type":"Point","coordinates":[41.8,36.4]},"properties":{"region":2,"fire_occurred":1,"prediction":0.0127}},{"type":"Feature","geometry":{"type":"Point","coordinates":[42.1,36.9]},"properties":{"region":2,"fire_occurred":1,"prediction":0.075}},{"type":"Feature","geometry":{"type":"Point","coordinates":[42.9,36.8]},"properties":{"region":2,"fire_occurred":0,"prediction":0.125}},{"type":"Feature","geometry":{"type":"Point","coordinates":[43.2,36.9]},"properties":{"region":2,"fire_occurred":0,"prediction":0.1075}},{"type":"Feature","geometry":{"type":"Point","coordinates":[43.3,36.7]},"properties":{"region":2,"fire_occurred":0,"prediction":0.2808}},{"type":"Feature","geometry":{"type":"Point","coordinates":[43.4,33.9]},"properties":{"region":2,"fire_occurred":1,"prediction":0.0025}},{"type":"Feature","geometry":{"type":"Point","coordinates":[43.5,32.4]},"properties":{"region":2,"fire_occurred":1,"prediction":0.0301}},{"type":"Feature","geometry":{"type":"Point","coordinates":[43.6,36.0]},"properties":{"region":2,"fire_occurred":1,"prediction":0.2494}},{"type":"Feature","geometry":{"type":"Point","coordinates":[43.7,35.9]},"properties":{"region":2,"fire_occurred":1,"prediction":0.8111}},{"type":"Feature","geometry":{"type":"Point","coordinates":[43.7,36.0]},"properties":{"region":2,"fire_occurred":0,"prediction":0.1641}},{"type":"Feature","geometry":{"type":"Point","coordinates":[43.8,34.8]},"properties":{"region":2,"fire_occurred":1,"prediction":0.0368}},{"type":"Feature","geometry":{"type":"Point","coordinates":[43.8,35.6]},"properties":{"region":2,"fire_occurred":1,"prediction":0.8804}},{"type":"Feature","geometry":{"type":"Point","coordinates":[43.9,35.6]},"properties":{"region":2,"fire_occurred":1,"prediction":0.9289}},{"type":"Feature","geometry":{"type":"Point","coordinates":[43.9,37.1]},"properties":{"region":2,"fire_occurred":1,"prediction":0.0311}},{"type":"Feature","geometry":{"type":"Point","coordinates":[44.0,-21.0]},"properties":{"region":2,"fire_occurred":1,"prediction":0.0485}},{"type":"Feature","geometry":{"type":"Point","coordinates":[44.0,35.6]},"properties":{"region":2,"fire_occurred":1,"prediction":0.8508}},{"type":"Feature","geometry":{"type":"Point","coordinates":[44.0,35.7]},"properties":{"region":2,"fire_occurred":1,"prediction":0.9647}},{"type":"Feature","geometry":{"type":"Point","coordinates":[44.1,-21.0]},"properties":{"region":2,"fire_occurred":1,"prediction":0.0171}},{"type":"Feature","geometry":{"type":"Point","coordinates":[44.1,35.4]},"properties":{"region":2,"fire_occurred":0,"prediction":0.2301}},{"type":"Feature","geometry":{"type":"Point","coordinates":[44.2,35.3]},"properties":{"region":2,"fire_occurred":1,"prediction":0.0873}},{"type":"Feature","geometry":{"type":"Point","coordinates":[44.2,35.4]},"properties":{"region":2,"fire_occurred":1,"prediction":0.8703}},{"type":"Feature","geometry":{"type":"Point","coordinates":[44.3,-22.8]},"properties":{"region":2,"fire_occurred":1,"prediction":0.0122}},{"type":"Feature","geometry":{"type":"Point","coordinates":[44.3,-21.7]},"properties":{"region":2,"fire_occurred":1,"prediction":0.0026}},{"type":"Feature","geometry":{"type":"Point","coordinates":[44.3,-21.6]},"properties":{"region":2,"fire_occurred":1,"prediction":0.0098}},{"type":"Feature","geometry":{"type":"Point","coordinates":[44.3,33.4]},"properties":{"region":2,"fire_occurred":1,"prediction":0.331}},{"type":"Feature","geometry":{"type":"Point","coordinates":[44.3,35.5]},"properties":{"region":2,"fire_occurred":1,"prediction":0.7541}},{"type":"Feature","geometry":{"type":"Point","coordinates":[44.7,-21.4]},"properties":{"region":2,"fire_occurred":1,"prediction":0.0121}},{"type":"Feature","geometry":{"type":"Point","coordinates":[44.8,-19.6]},"properties":{"region":2,"fire_occurred":1,"prediction":0.0145}},{"type":"Feature","geometry":{"type":"Point","coordinates":[45.0,33.0]},"properties":{"region":2,"fire_occurred":1,"prediction":0.0171}},{"type":"Feature","geometry":{"type":"Point","coordinates":[45.0,33.1]},"properties":{"region":2,"fire_occurred":1,"prediction":0.0337}},{"type":"Feature","geometry":{"type":"Point","coordinates":[45.1,34.3]},"properties":{"region":2,"fire_occurred":0,"prediction":0.1251}},{"type":"Feature","geometry":{"type":"Point","coordinates":[45.1,34.7]},"properties":{"region":2,"fire_occurred":1,"prediction":0.9809}},{"type":"Feature","geometry":{"type":"Point","coordinates":[45.2,34.3]},"properties":{"region":2,"fire_occurred":0,"prediction":0.141}},{"type":"Feature","geometry":{"type":"Point","coordinates":[45.4,35.5]},"properties":{"region":2,"fire_occurred":1,"prediction":0.0904}},{"type":"Feature","geometry":{"type":"Point","coordinates":[45.5,36.9]},"properties":{"region":2,"fire_occurred":1,"prediction":0.1172}},{"type":"Feature","geometry":{"type":"Point","coordinates":[45.6,32.3]},"properties":{"region":2,"fire_occurred":1,"prediction":0.023}},{"type":"Feature","geometry":{"type":"Point","coordinates":[45.6,32.4]},"properties":{"region":2,"fire_occurred":1,"prediction":0.1101}},{"type":"Feature","geometry":{"type":"Point","coordinates":[45.8,34.3]},"properties":{"region":2,"fire_occurred":1,"prediction":0.04}},{"type":"Feature","geometry":{"type":"Point","coordinates":[46.0,31.7]},"properties":{"region":2,"fire_occurred":1,"prediction":0.8514}},{"type":"Feature","geometry":{"type":"Point","coordinates":[46.1,32.3]},"properties":{"region":2,"fire_occurred":1,"prediction":0.0097}},{"type":"Feature","geometry":{"type":"Point","coordinates":[46.1,32.9]},"properties":{"region":2,"fire_occurred":1,"prediction":0.9709}},{"type":"Feature","geometry":{"type":"Point","coordinates":[46.1,38.1]},"properties":{"region":2,"fire_occurred":0,"prediction":0.1019}},{"type":"Feature","geometry":{"type":"Point","coordinates":[46.2,33.6]},"properties":{"region":2,"fire_occurred":1,"prediction":0.9096}},{"type":"Feature","geometry":{"type":"Point","coordinates":[46.2,33.7]},"properties":{"region":2,"fire_occurred":0,"prediction":0.6243}},{"type":"Feature","geometry":{"type":"Point","coordinates":[46.2,38.1]},"properties":{"region":2,"fire_occurred":1,"prediction":0.0533}},{"type":"Feature","geometry":{"type":"Point","coordinates":[46.4,38.0]},"properties":{"region":2,"fire_occurred":1,"prediction":0.0086}},{"type":"Feature","geometry":{"type":"Point","coordinates":[46.5,30.7]},"properties":{"region":2,"fire_occurred":1,"prediction":0.0053}},{"type":"Feature","geometry":{"type":"Point","coordinates":[46.6,30.8]},"properties":{"region":2,"fire_occurred":1,"prediction":0.0179}},{"type":"Feature","geometry":{"type":"Point","coordinates":[46.6,39.1]},"properties":{"region":2,"fire_occurred":1,"prediction":0.0276}},{"type":"Feature","geometry":{"type":"Point","coordinates":[46.7,24.6]},"properties":{"region":2,"fire_occurred":1,"prediction":0.0797}},{"type":"Feature","geometry":{"type":"Point","coordinates":[46.7,30.8]},"properties":{"region":2,"fire_occurred":1,"prediction":0.0237}},{"type":"Feature","geometry":{"type":"Point","coordinates":[46.8,33.4]},"properties":{"region":2,"fire_occurred":1,"prediction":0.0083}},{"type":"Feature","geometry":{"type":"Point","coordinates":[46.9,33.4]},"properties":{"region":2,"fire_occurred":1,"prediction":0.0096}},{"type":"Feature","geometry":{"type":"Point","coordinates":[46.9,39.3]},"properties":{"region":2,"fire_occurred":1,"prediction":0.0024}},{"type":"Feature","geometry":{"type":"Point","coordinates":[46.9,39.4]},"properties":{"region":2,"fire_occurred":1,"prediction":0.001}},{"type":"Feature","geometry":{"type":"Point","coordinates":[47.0,34.4]},"properties":{"region":2,"fire_occurred":1,"prediction":0.0081}},{"type":"Feature","geometry":{"type":"Point","coordinates":[47.0,38.4]},"properties":{"region":2,"fire_occurred":1,"prediction":0.019}},{"type":"Feature","geometry":{"type":"Point","coordinates":[47.0,39.3]},"properties":{"region":2,"fire_occurred":1,"prediction":0.0584}},{"type":"Feature","geometry":{"type":"Point","coordinates":[47.0,39.4]},"properties":{"region":2,"fire_occurred":1,"prediction":0.0561}},{"type":"Feature","geometry":{"type":"Point","coordinates":[47.1,39.5]},"properties":{"region":2,"fire_occurred":1,"prediction":0.0535}},{"type":"Feature","geometry":{"type":"Point","coordinates":[47.1,39.7]},"properties":{"region":2,"fire_occurred":1,"prediction":0.0707}},{"type":"Feature","geometry":{"type":"Point","coordinates":[47.2,31.0]},"properties":{"region":2,"fire_occurred":1,"prediction":0.9527}},{"type":"Feature","geometry":{"type":"Point","coordinates":[47.2,31.3]},"properties":{"region":2,"fire_occurred":0,"prediction":0.1215}},{"type":"Feature","geometry":{"type":"Point","coordinates":[47.2,32.2]},"properties":{"region":2,"fire_occurred":1,"prediction":0.2952}},{"type":"Feature","geometry":{"type":"Point","coordinates":[47.2,32.4]},"properties":{"region":2,"fire_occurred":1,"prediction":0.768}},{"type":"Feature","geometry":{"type":"Point","coordinates":[47.2,39.4]},"properties":{"region":2,"fire_occurred":0,"prediction":0.1073}},{"type":"Feature","geometry":{"type":"Point","coordinates":[47.2,39.5]},"properties":{"region":2,"fire_occurred":0,"prediction":0.2223}},{"type":"Feature","geometry":{"type":"Point","coordinates":[47.3,30.2]},"properties":{"region":2,"fire_occurred":1,"prediction":0.7651}},{"type":"Feature","geometry":{"type":"Point","coordinates":[47.3,30.5]},"properties":{"region":2,"fire_occurred":1,"prediction":0.9628}},{"type":"Feature","geometry":{"type":"Point","coordinates":[47.3,30.6]},"properties":{"region":2,"fire_occurred":1,"prediction":0.9518}},{"type":"Feature","geometry":{"type":"Point","coordinates":[47.3,30.7]},"properties":{"region":2,"fire_occurred":1,"prediction":0.8724}},{"type":"Feature","geometry":{"type":"Point","coordinates":[47.3,30.8]},"properties":{"region":2,"fire_occurred":1,"prediction":0.8144}},{"type":"Feature","geometry":{"type":"Point","coordinates":[47.3,31.0]},"properties":{"region":2,"fire_occurred":1,"prediction":0.203}},{"type":"Feature","geometry":{"type":"Point","coordinates":[47.3,32.5]},"properties":{"region":2,"fire_occurred":0,"prediction":0.1035}},{"type":"Feature","geometry":{"type":"Point","coordinates":[47.3,38.8]},"properties":{"region":2,"fire_occurred":1,"prediction":0.0008}},{"type":"Feature","geometry":{"type":"Point","coordinates":[47.4,31.4]},"properties":{"region":2,"fire_occurred":1,"prediction":0.0769}},{"type":"Feature","geometry":{"type":"Point","coordinates":[47.4,31.6]},"properties":{"region":2,"fire_occurred":1,"prediction":0.953}},{"type":"Feature","geometry":{"type":"Point","coordinates":[47.4,32.1]},"properties":{"region":2,"fire_occurred":1,"prediction":0.8739}},{"type":"Feature","geometry":{"type":"Point","coordinates":[47.4,33.1]},"properties":{"region":2,"fire_occurred":1,"prediction":0.0193}},{"type":"Feature","geometry":{"type":"Point","coordinates":[47.5,30.4]},"properties":{"region":2,"fire_occurred":1,"prediction":0.2381}},{"type":"Feature","geometry":{"type":"Point","coordinates":[47.5,30.5]},"properties":{"region":2,"fire_occurred":1,"prediction":0.4276}},{"type":"Feature","geometry":{"type":"Point","coordinates":[47.5,31.6]},"properties":{"region":2,"fire_occurred":1,"prediction":0.7515}},{"type":"Feature","geometry":{"type":"Point","coordinates":[47.5,32.1]},"properties":{"region":2,"fire_occurred":1,"prediction":0.797}},{"type":"Feature","geometry":{"type":"Point","coordinates":[47.5,39.7]},"properties":{"region":2,"fire_occurred":1,"prediction":0.0026}},{"type":"Feature","geometry":{"type":"Point","coordinates":[47.6,30.3]},"properties":{"region":2,"fire_occurred":0,"prediction":0.1021}},{"type":"Feature","geometry":{"type":"Point","coordinates":[47.6,30.4]},"properties":{"region":2,"fire_occurred":1,"prediction":0.8002}},{"type":"Feature","geometry":{"type":"Point","coordinates":[47.6,30.5]},"properties":{"region":2,"fire_occurred":1,"prediction":0.966}},{"type":"Feature","geometry":{"type":"Point","coordinates":[47.6,30.7]},"properties":{"region":2,"fire_occurred":0,"prediction":0.2425}},{"type":"Feature","geometry":{"type":"Point","coordinates":[47.6,31.0]},"properties":{"region":2,"fire_occurred":1,"prediction":0.5433}},{"type":"Feature","geometry":{"type":"Point","coordinates":[47.6,31.6]},"properties":{"region":2,"fire_occurred":1,"prediction":0.0567}},{"type":"Feature","geometry":{"type":"Point","coordinates":[47.7,30.2]},"properties":{"region":2,"fire_occurred":1,"prediction":0.2389}},{"type":"Feature","geometry":{"type":"Point","coordinates":[47.7,30.3]},"properties":{"region":2,"fire_occurred":1,"prediction":0.7583}},{"type":"Feature","geometry":{"type":"Point","coordinates":[47.7,30.4]},"properties":{"region":2,"fire_occurred":1,"prediction":0.0098}},{"type":"Feature","geometry":{"type":"Point","coordinates":[47.7,30.5]},"properties":{"region":2,"fire_occurred":1,"prediction":0.1227}},{"type":"Feature","geometry":{"type":"Point","coordinates":[47.7,31.0]},"properties":{"region":2,"fire_occurred":1,"prediction":0.7435}},{"type":"Feature","geometry":{"type":"Point","coordinates":[47.7,31.6]},"properties":{"region":2,"fire_occurred":1,"prediction":0.0471}},{"type":"Feature","geometry":{"type":"Point","coordinates":[47.7,32.3]},"properties":{"region":2,"fire_occurred":1,"prediction":0.509}},{"type":"Feature","geometry":{"type":"Point","coordinates":[47.7,39.6]},"properties":{"region":2,"fire_occurred":1,"prediction":0.0143}},{"type":"Feature","geometry":{"type":"Point","coordinates":[47.8,31.4]},"properties":{"region":2,"fire_occurred":1,"prediction":0.7914}},{"type":"Feature","geometry":{"type":"Point","coordinates":[47.8,31.6]},"properties":{"region":2,"fire_occurred":1,"prediction":0.0248}},{"type":"Feature","geometry":{"type":"Point","coordinates":[47.8,31.7]},"properties":{"region":2,"fire_occurred":1,"prediction":0.0864}},{"type":"Feature","geometry":{"type":"Point","coordinates":[48.0,30.9]},"properties":{"region":2,"fire_occurred":1,"prediction":0.6364}},{"type":"Feature","geometry":{"type":"Point","coordinates":[48.0,32.3]},"properties":{"region":2,"fire_occurred":1,"prediction":0.0445}},{"type":"Feature","geometry":{"type":"Point","coordinates":[48.1,30.9]},"properties":{"region":2,"fire_occurred":0,"prediction":0.6299}},{"type":"Feature","geometry":{"type":"Point","coordinates":[48.1,31.0]},"properties":{"region":2,"fire_occurred":1,"prediction":0.9504}},{"type":"Feature","geometry":{"type":"Point","coordinates":[48.1,31.2]},"properties":{"region":2,"fire_occurred":1,"prediction":0.6779}},{"type":"Feature","geometry":{"type":"Point","coordinates":[48.1,32.3]},"properties":{"region":2,"fire_occurred":0,"prediction":0.1301}},{"type":"Feature","geometry":{"type":"Point","coordinates":[48.2,30.7]},"properties":{"region":2,"fire_occurred":1,"prediction":0.8999}},{"type":"Feature","geometry":{"type":"Point","coordinates":[48.3,32.0]},"properties":{"region":2,"fire_occurred":1,"prediction":0.0469}},{"type":"Feature","geometry":{"type":"Point","coordinates":[48.4,30.9]},"properties":{"region":2,"fire_occurred":1,"prediction":0.2019}},{"type":"Feature","geometry":{"type":"Point","coordinates":[48.4,32.1]},"properties":{"region":2,"fire_occurred":0,"prediction":0.1086}},{"type":"Feature","geometry":{"type":"Point","coordinates":[48.5,30.9]},"properties":{"region":2,"fire_occurred":0,"prediction":0.107}},{"type":"Feature","geometry":{"type":"Point","coordinates":[48.5,31.6]},"properties":{"region":2,"fire_occurred":0,"prediction":0.1501}},{"type":"Feature","geometry":{"type":"Point","coordinates":[48.5,31.9]},"properties":{"region":2,"fire_occurred":0,"prediction":0.1018}},{"type":"Feature","geometry":{"type":"Point","coordinates":[48.5,32.2]},"properties":{"region":2,"fire_occurred":1,"prediction":0.0756}},{"type":"Feature","geometry":{"type":"Point","coordinates":[48.5,32.3]},"properties":{"region":2,"fire_occurred":1,"prediction":0.0386}},{"type":"Feature","geometry":{"type":"Point","coordinates":[48.6,33.5]},"properties":{"region":2,"fire_occurred":1,"prediction":0.0051}},{"type":"Feature","geometry":{"type":"Point","coordinates":[48.7,31.2]},"properties":{"region":2,"fire_occurred":1,"prediction":0.4708}},{"type":"Feature","geometry":{"type":"Point","coordinates":[48.8,30.9]},"properties":{"region":2,"fire_occurred":1,"prediction":0.5092}},{"type":"Feature","geometry":{"type":"Point","coordinates":[48.8,31.8]},"properties":{"region":2,"fire_occurred":1,"prediction":0.0362}},{"type":"Feature","geometry":{"type":"Point","coordinates":[48.9,31.2]},"properties":{"region":2,"fire_occurred":1,"prediction":0.7439}},{"type":"Feature","geometry":{"type":"Point","coordinates":[48.9,31.7]},"properties":{"region":2,"fire_occurred":1,"prediction":0.0767}},{"type":"Feature","geometry":{"type":"Point","coordinates":[49.0,32.1]},"properties":{"region":2,"fire_occurred":1,"prediction":0.2474}},{"type":"Feature","geometry":{"type":"Point","coordinates":[49.1,31.3]},"properties":{"region":2,"fire_occurred":1,"prediction":0.3448}},{"type":"Feature","geometry":{"type":"Point","coordinates":[49.3,25.6]},"properties":{"region":2,"fire_occurred":0,"prediction":0.1109}},{"type":"Feature","geometry":{"type":"Point","coordinates":[49.3,31.0]},"properties":{"region":2,"fire_occurred":1,"prediction":0.1984}},{"type":"Feature","geometry":{"type":"Point","coordinates":[49.3,31.1]},"properties":{"region":2,"fire_occurred":1,"prediction":0.8504}},{"type":"Feature","geometry":{"type":"Point","coordinates":[49.5,27.0]},"properties":{"region":2,"fire_occurred":0,"prediction":0.8236}},{"type":"Feature","geometry":{"type":"Point","coordinates":[49.5,30.7]},"properties":{"region":2,"fire_occurred":1,"prediction":0.212}},{"type":"Feature","geometry":{"type":"Point","coordinates":[49.8,30.3]},"properties":{"region":2,"fire_occurred":1,"prediction":0.492}},{"type":"Feature","geometry":{"type":"Point","coordinates":[49.8,30.7]},"properties":{"region":2,"fire_occurred":1,"prediction":0.0744}},{"type":"Feature","geometry":{"type":"Point","coordinates":[49.8,36.2]},"properties":{"region":2,"fire_occurred":0,"prediction":0.1094}},{"type":"Feature","geometry":{"type":"Point","coordinates":[49.9,30.5]},"properties":{"region":2,"fire_occurred":0,"prediction":0.2223}},{"type":"Feature","geometry":{"type":"Point","coordinates":[49.9,31.0]},"properties":{"region":2,"fire_occurred":1,"prediction":0.1988}},{"type":"Feature","geometry":{"type":"Point","coordinates":[50.2,35.2]},"properties":{"region":2,"fire_occurred":1,"prediction":0.0058}},{"type":"Feature","geometry":{"type":"Point","coordinates":[51.6,35.4]},"properties":{"region":2,"fire_occurred":1,"prediction":0.0196}},{"type":"Feature","geometry":{"type":"Point","coordinates":[52.1,27.7]},"properties":{"region":2,"fire_occurred":1,"prediction":0.6744}},{"type":"Feature","geometry":{"type":"Point","coordinates":[52.1,29.1]},"properties":{"region":2,"fire_occurred":1,"prediction":0.0093}},{"type":"Feature","geometry":{"type":"Point","coordinates":[52.4,28.8]},"properties":{"region":2,"fire_occurred":0,"prediction":0.118}},{"type":"Feature","geometry":{"type":"Point","coordinates":[52.6,27.4]},"properties":{"region":2,"fire_occurred":1,"prediction":0.3997}},{"type":"Feature","geometry":{"type":"Point","coordinates":[52.6,27.5]},"properties":{"region":2,"fire_occurred":1,"prediction":0.6933}},{"type":"Feature","geometry":{"type":"Point","coordinates":[53.3,46.0]},"properties":{"region":2,"fire_occurred":0,"prediction":0.1023}},{"type":"Feature","geometry":{"type":"Point","coordinates":[55.4,23.1]},"properties":{"region":2,"fire_occurred":1,"prediction":0.9762}},{"type":"Feature","geometry":{"type":"Point","coordinates":[55.8,28.3]},"properties":{"region":2,"fire_occurred":1,"prediction":0.0048}},{"type":"Feature","geometry":{"type":"Point","coordinates":[55.8,29.9]},"properties":{"region":2,"fire_occurred":0,"prediction":0.1979}},{"type":"Feature","geometry":{"type":"Point","coordinates":[57.3,48.2]},"properties":{"region":2,"fire_occurred":0,"prediction":0.1077}},{"type":"Feature","geometry":{"type":"Point","coordinates":[57.4,48.3]},"properties":{"region":2,"fire_occurred":0,"prediction":0.3042}},{"type":"Feature","geometry":{"type":"Point","coordinates":[59.7,43.4]},"properties":{"region":2,"fire_occurred":1,"prediction":0.0072}},{"type":"Feature","geometry":{"type":"Point","coordinates":[59.8,37.6]},"properties":{"region":2,"fire_occurred":1,"prediction":0.0092}},{"type":"Feature","geometry":{"type":"Point","coordinates":[59.8,43.4]},"properties":{"region":2,"fire_occurred":1,"prediction":0.0059}},{"type":"Feature","geometry":{"type":"Point","coordinates":[61.8,45.9]},"properties":{"region":2,"fire_occurred":1,"prediction":0.003}},{"type":"Feature","geometry":{"type":"Point","coordinates":[62.4,37.0]},"properties":{"region":2,"fire_occurred":1,"prediction":0.0349}},{"type":"Feature","geometry":{"type":"Point","coordinates":[64.9,50.3]},"properties":{"region":2,"fire_occurred":1,"prediction":0.0026}},{"type":"Feature","geometry":{"type":"Point","coordinates":[65.3,47.0]},"properties":{"region":2,"fire_occurred":1,"prediction":0.0021}},{"type":"Feature","geometry":{"type":"Point","coordinates":[65.4,47.0]},"properties":{"region":2,"fire_occurred":1,"prediction":0.0025}},{"type":"Feature","geometry":{"type":"Point","coordinates":[65.5,49.3]},"properties":{"region":2,"fire_occurred":1,"prediction":0.0604}},{"type":"Feature","geometry":{"type":"Point","coordinates":[65.6,49.3]},"properties":{"region":2,"fire_occurred":1,"prediction":0.082}},{"type":"Feature","geometry":{"type":"Point","coordinates":[65.6,49.5]},"properties":{"region":2,"fire_occurred":1,"prediction":0.0008}},{"type":"Feature","geometry":{"type":"Point","coordinates":[65.7,49.4]},"properties":{"region":2,"fire_occurred":1,"prediction":0.0158}},{"type":"Feature","geometry":{"type":"Point","coordinates":[65.8,50.5]},"properties":{"region":2,"fire_occurred":1,"prediction":0.1101}},{"type":"Feature","geometry":{"type":"Point","coordinates":[65.8,50.6]},"properties":{"region":2,"fire_occurred":1,"prediction":0.0048}},{"type":"Feature","geometry":{"type":"Point","coordinates":[66.2,50.4]},"properties":{"region":2,"fire_occurred":1,"prediction":0.0029}},{"type":"Feature","geometry":{"type":"Point","coordinates":[66.3,38.3]},"properties":{"region":2,"fire_occurred":0,"prediction":0.1011}},{"type":"Feature","geometry":{"type":"Point","coordinates":[66.3,50.4]},"properties":{"region":2,"fire_occurred":1,"prediction":0.1324}},{"type":"Feature","geometry":{"type":"Point","coordinates":[66.3,50.5]},"properties":{"region":2,"fire_occurred":0,"prediction":0.13}},{"type":"Feature","geometry":{"type":"Point","coordinates":[66.5,50.5]},"properties":{"region":2,"fire_occurred":0,"prediction":0.1346}},{"type":"Feature","geometry":{"type":"Point","coordinates":[67.5,41.0]},"properties":{"region":2,"fire_occurred":0,"prediction":0.1163}},{"type":"Feature","geometry":{"type":"Point","coordinates":[67.6,41.0]},"properties":{"region":2,"fire_occurred":0,"prediction":0.1043}},{"type":"Feature","geometry":{"type":"Point","coordinates":[67.6,41.1]},"properties":{"region":2,"fire_occurred":0,"prediction":0.1003}},{"type":"Feature","geometry":{"type":"Point","coordinates":[67.6,41.2]},"properties":{"region":2,"fire_occurred":0,"prediction":0.1014}},{"type":"Feature","geometry":{"type":"Point","coordinates":[67.7,28.4]},"properties":{"region":2,"fire_occurred":1,"prediction":0.0036}},{"type":"Feature","geometry":{"type":"Point","coordinates":[67.7,41.1]},"properties":{"region":2,"fire_occurred":0,"prediction":0.1067}},{"type":"Feature","geometry":{"type":"Point","coordinates":[67.7,41.2]},"properties":{"region":2,"fire_occurred":0,"prediction":0.1074}},{"type":"Feature","geometry":{"type":"Point","coordinates":[67.7,41.3]},"properties":{"region":2,"fire_occurred":0,"prediction":0.1197}},{"type":"Feature","geometry":{"type":"Point","coordinates":[67.8,41.1]},"properties":{"region":2,"fire_occurred":0,"prediction":0.1016}},{"type":"Feature","geometry":{"type":"Point","coordinates":[67.8,41.3]},"properties":{"region":2,"fire_occurred":0,"prediction":0.1148}},{"type":"Feature","geometry":{"type":"Point","coordinates":[67.8,41.4]},"properties":{"region":2,"fire_occurred":0,"prediction":0.1118}},{"type":"Feature","geometry":{"type":"Point","coordinates":[68.2,43.6]},"properties":{"region":2,"fire_occurred":0,"prediction":0.1152}},{"type":"Feature","geometry":{"type":"Point","coordinates":[69.3,37.3]},"properties":{"region":2,"fire_occurred":1,"prediction":0.0096}},{"type":"Feature","geometry":{"type":"Point","coordinates":[69.5,37.6]},"properties":{"region":2,"fire_occurred":1,"prediction":0.0087}},{"type":"Feature","geometry":{"type":"Point","coordinates":[69.5,37.7]},"properties":{"region":2,"fire_occurred":1,"prediction":0.0365}},{"type":"Feature","geometry":{"type":"Point","coordinates":[69.6,37.8]},"properties":{"region":2,"fire_occurred":1,"prediction":0.0122}},{"type":"Feature","geometry":{"type":"Point","coordinates":[70.1,47.9]},"properties":{"region":2,"fire_occurred":0,"prediction":0.1052}},{"type":"Feature","geometry":{"type":"Point","coordinates":[72.4,44.0]},"properties":{"region":2,"fire_occurred":0,"prediction":0.1001}},{"type":"Feature","geometry":{"type":"Point","coordinates":[74.2,45.9]},"properties":{"region":2,"fire_occurred":1,"prediction":0.1814}},{"type":"Feature","geometry":{"type":"Point","coordinates":[74.3,45.9]},"properties":{"region":2,"fire_occurred":1,"prediction":0.1275}},{"type":"Feature","geometry":{"type":"Point","coordinates":[75.0,45.0]},"properties":{"region":2,"fire_occurred":0,"prediction":0.101}},{"type":"Feature","geometry":{"type":"Point","coordinates":[75.2,39.7]},"properties":{"region":2,"fire_occurred":1,"prediction":0.0041}},{"type":"Feature","geometry":{"type":"Point","coordinates":[75.9,39.5]},"properties":{"region":2,"fire_occurred":1,"prediction":0.0018}},{"type":"Feature","geometry":{"type":"Point","coordinates":[75.9,39.6]},"properties":{"region":2,"fire_occurred":1,"prediction":0.0015}},{"type":"Feature","geometry":{"type":"Point","coordinates":[90.2,44.7]},"properties":{"region":2,"fire_occurred":0,"prediction":0.2379}},{"type":"Feature","geometry":{"type":"Point","coordinates":[105.8,37.9]},"properties":{"region":2,"fire_occurred":0,"prediction":0.111}},{"type":"Feature","geometry":{"type":"Point","coordinates":[106.1,37.9]},"properties":{"region":2,"fire_occurred":0,"prediction":0.1482}},{"type":"Feature","geometry":{"type":"Point","coordinates":[106.1,38.0]},"properties":{"region":2,"fire_occurred":0,"prediction":0.1111}},{"type":"Feature","geometry":{"type":"Point","coordinates":[106.2,37.7]},"properties":{"region":2,"fire_occurred":0,"prediction":0.1957}},{"type":"Feature","geometry":{"type":"Point","coordinates":[106.3,37.7]},"properties":{"region":2,"fire_occurred":0,"prediction":0.1582}},{"type":"Feature","geometry":{"type":"Point","coordinates":[106.3,38.0]},"properties":{"region":2,"fire_occurred":0,"prediction":0.1991}},{"type":"Feature","geometry":{"type":"Point","coordinates":[106.5,37.7]},"properties":{"region":2,"fire_occurred":0,"prediction":0.1351}},{"type":"Feature","geometry":{"type":"Point","coordinates":[106.8,38.1]},"properties":{"region":2,"fire_occurred":0,"prediction":0.1973}},{"type":"Feature","geometry":{"type":"Point","coordinates":[107.4,38.1]},"properties":{"region":2,"fire_occurred":0,"prediction":0.1189}},{"type":"Feature","geometry":{"type":"Point","coordinates":[109.7,40.6]},"properties":{"region":2,"fire_occurred":0,"prediction":0.1833}},{"type":"Feature","geometry":{"type":"Point","coordinates":[118.5,-22.4]},"properties":{"region":2,"fire_occurred":1,"prediction":0.0016}},{"type":"Feature","geometry":{"type":"Point","coordinates":[119.7,-22.7]},"properties":{"region":2,"fire_occurred":1,"prediction":0.0704}},{"type":"Feature","geometry":{"type":"Point","coordinates":[120.0,-22.9]},"properties":{"region":2,"fire_occurred":1,"prediction":0.0008}},{"type":"Feature","geometry":{"type":"Point","coordinates":[121.4,-30.9]},"properties":{"region":2,"fire_occurred":0,"prediction":0.1007}},{"type":"Feature","geometry":{"type":"Point","coordinates":[122.3,45.0]},"properties":{"region":2,"fire_occurred":1,"prediction":0.0007}},{"type":"Feature","geometry":{"type":"Point","coordinates":[122.8,-17.8]},"properties":{"region":2,"fire_occurred":1,"prediction":0.0317}},{"type":"Feature","geometry":{"type":"Point","coordinates":[122.8,45.5]},"properties":{"region":2,"fire_occurred":1,"prediction":0.0014}},{"type":"Feature","geometry":{"type":"Point","coordinates":[122.9,-17.8]},"properties":{"region":2,"fire_occurred":1,"prediction":0.0614}},{"type":"Feature","geometry":{"type":"Point","coordinates":[122.9,-17.7]},"properties":{"region":2,"fire_occurred":1,"prediction":0.0779}},{"type":"Feature","geometry":{"type":"Point","coordinates":[122.9,45.2]},"properties":{"region":2,"fire_occurred":1,"prediction":0.0094}},{"type":"Feature","geometry":{"type":"Point","coordinates":[123.0,46.6]},"properties":{"region":2,"fire_occurred":1,"prediction":0.01}},{"type":"Feature","geometry":{"type":"Point","coordinates":[123.1,44.3]},"properties":{"region":2,"fire_occurred":1,"prediction":0.0015}},{"type":"Feature","geometry":{"type":"Point","coordinates":[123.3,45.3]},"properties":{"region":2,"fire_occurred":1,"prediction":0.0007}},{"type":"Feature","geometry":{"type":"Point","coordinates":[123.5,46.3]},"properties":{"region":2,"fire_occurred":1,"prediction":0.0809}},{"type":"Feature","geometry":{"type":"Point","coordinates":[123.8,-18.1]},"properties":{"region":2,"fire_occurred":1,"prediction":0.0018}},{"type":"Feature","geometry":{"type":"Point","coordinates":[123.9,-18.1]},"properties":{"region":2,"fire_occurred":1,"prediction":0.0004}},{"type":"Feature","geometry":{"type":"Point","coordinates":[124.5,46.7]},"properties":{"region":2,"fire_occurred":1,"prediction":0.0064}},{"type":"Feature","geometry":{"type":"Point","coordinates":[127.5,-18.6]},"properties":{"region":2,"fire_occurred":1,"prediction":0.0016}},{"type":"Feature","geometry":{"type":"Point","coordinates":[127.8,-20.0]},"properties":{"region":2,"fire_occurred":0,"prediction":0.1027}},{"type":"Feature","geometry":{"type":"Point","coordinates":[131.8,-15.8]},"properties":{"region":2,"fire_occurred":0,"prediction":0.1396}},{"type":"Feature","geometry":{"type":"Point","coordinates":[131.8,-15.7]},"properties":{"region":2,"fire_occurred":0,"prediction":0.139}},{"type":"Feature","geometry":{"type":"Point","coordinates":[131.9,-15.6]},"properties":{"region":2,"fire_occurred":0,"prediction":0.1079}},{"type":"Feature","geometry":{"type":"Point","coordinates":[132.0,-15.8]},"properties":{"region":2,"fire_occurred":0,"prediction":0.1538}},{"type":"Feature","geometry":{"type":"Point","coordinates":[135.4,-15.2]},"properties":{"region":2,"fire_occurred":0,"prediction":0.1403}},{"type":"Feature","geometry":{"type":"Point","coordinates":[135.7,-16.2]},"properties":{"region":2,"fire_occurred":1,"prediction":0.0099}},{"type":"Feature","geometry":{"type":"Point","coordinates":[135.8,-16.3]},"properties":{"region":2,"fire_occurred":1,"prediction":0.0142}},{"type":"Feature","geometry":{"type":"Point","coordinates":[135.8,-16.2]},"properties":{"region":2,"fire_occurred":1,"prediction":0.0024}},{"type":"Feature","geometry":{"type":"Point","coordinates":[135.9,-16.2]},"properties":{"region":2,"fire_occurred":1,"prediction":0.004}},{"type":"Feature","geometry":{"type":"Point","coordinates":[136.3,-16.4]},"properties":{"region":2,"fire_occurred":0,"prediction":0.1661}},{"type":"Feature","geometry":{"type":"Point","coordinates":[136.3,-16.3]},"properties":{"region":2,"fire_occurred":0,"prediction":0.1199}},{"type":"Feature","geometry":{"type":"Point","coordinates":[138.1,-17.3]},"properties":{"region":2,"fire_occurred":1,"prediction":0.0062}},{"type":"Feature","geometry":{"type":"Point","coordinates":[139.4,-20.8]},"properties":{"region":2,"fire_occurred":1,"prediction":0.6398}},{"type":"Feature","geometry":{"type":"Point","coordinates":[140.9,-34.1]},"properties":{"region":2,"fire_occurred":0,"prediction":0.1506}},{"type":"Feature","geometry":{"type":"Point","coordinates":[145.7,-28.0]},"properties":{"region":2,"fire_occurred":0,"prediction":0.1128}},{"type":"Feature","geometry":{"type":"Point","coordinates":[145.9,-30.9]},"properties":{"region":2,"fire_occurred":0,"prediction":0.2112}},{"type":"Feature","geometry":{"type":"Point","coordinates":[146.5,-26.5]},"properties":{"region":2,"fire_occurred":1,"prediction":0.3939}},{"type":"Feature","geometry":{"type":"Point","coordinates":[146.5,-26.4]},"properties":{"region":2,"fire_occurred":0,"prediction":0.2165}},{"type":"Feature","geometry":{"type":"Point","coordinates":[147.4,-22.0]},"properties":{"region":2,"fire_occurred":0,"prediction":0.1221}},{"type":"Feature","geometry":{"type":"Point","coordinates":[148.4,-27.3]},"properties":{"region":2,"fire_occurred":0,"prediction":0.1664}},{"type":"Feature","geometry":{"type":"Point","coordinates":[148.4,-21.5]},"properties":{"region":2,"fire_occurred":0,"prediction":0.1413}},{"type":"Feature","geometry":{"type":"Point","coordinates":[149.2,-26.0]},"properties":{"region":2,"fire_occurred":1,"prediction":0.0023}},{"type":"Feature","geometry":{"type":"Point","coordinates":[-117.6,37.4]},"properties":{"region":3,"fire_occurred":0,"prediction":0.1999}},{"type":"Feature","geometry":{"type":"Point","coordinates":[-117.5,37.4]},"properties":{"region":3,"fire_occurred":0,"prediction":0.1749}},{"type":"Feature","geometry":{"type":"Point","coordinates":[-115.6,35.9]},"properties":{"region":3,"fire_occurred":0,"prediction":0.1238}},{"type":"Feature","geometry":{"type":"Point","coordinates":[-111.6,42.6]},"properties":{"region":3,"fire_occurred":0,"prediction":0.8436}},{"type":"Feature","geometry":{"type":"Point","coordinates":[-111.3,39.8]},"properties":{"region":3,"fire_occurred":1,"prediction":0.9268}},{"type":"Feature","geometry":{"type":"Point","coordinates":[-111.2,39.8]},"properties":{"region":3,"fire_occurred":1,"prediction":0.5598}},{"type":"Feature","geometry":{"type":"Point","coordinates":[-107.0,27.0]},"properties":{"region":3,"fire_occurred":1,"prediction":0.0027}},{"type":"Feature","geometry":{"type":"Point","coordinates":[-107.0,27.1]},"properties":{"region":3,"fire_occurred":1,"prediction":0.2024}},{"type":"Feature","geometry":{"type":"Point","coordinates":[-107.0,27.2]},"properties":{"region":3,"fire_occurred":1,"prediction":0.0029}},{"type":"Feature","geometry":{"type":"Point","coordinates":[-107.0,27.7]},"properties":{"region":3,"fire_occurred":1,"prediction":0.668}},{"type":"Feature","geometry":{"type":"Point","coordinates":[-107.0,27.8]},"properties":{"region":3,"fire_occurred":1,"prediction":0.0311}},{"type":"Feature","geometry":{"type":"Point","coordinates":[-106.9,44.0]},"properties":{"region":3,"fire_occurred":0,"prediction":0.1386}},{"type":"Feature","geometry":{"type":"Point","coordinates":[-106.4,26.2]},"properties":{"region":3,"fire_occurred":0,"prediction":0.1542}},{"type":"Feature","geometry":{"type":"Point","coordinates":[-103.2,51.0]},"properties":{"region":3,"fire_occurred":1,"prediction":0.0012}},{"type":"Feature","geometry":{"type":"Point","coordinates":[-99.6,31.5]},"properties":{"region":3,"fire_occurred":1,"prediction":0.0044}},{"type":"Feature","geometry":{"type":"Point","coordinates":[-97.3,50.0]},"properties":{"region":3,"fire_occurred":1,"prediction":0.0022}},{"type":"Feature","geometry":{"type":"Point","coordinates":[-97.1,49.6]},"properties":{"region":3,"fire_occurred":1,"prediction":0.0031}},{"type":"Feature","geometry":{"type":"Point","coordinates":[-96.7,49.4]},"properties":{"region":3,"fire_occurred":1,"prediction":0.0071}},{"type":"Feature","geometry":{"type":"Point","coordinates":[-96.6,28.6]},"properties":{"region":3,"fire_occurred":0,"prediction":0.1323}},{"type":"Feature","geometry":{"type":"Point","coordinates":[-96.3,49.0]},"properties":{"region":3,"fire_occurred":1,"prediction":0.0416}},{"type":"Feature","geometry":{"type":"Point","coordinates":[-95.4,51.4]},"properties":{"region":3,"fire_occurred":0,"prediction":0.1412}},{"type":"Feature","geometry":{"type":"Point","coordinates":[-95.1,31.9]},"properties":{"region":3,"fire_occurred":1,"prediction":0.0014}},{"type":"Feature","geometry":{"type":"Point","coordinates":[-94.9,29.7]},"properties":{"region":3,"fire_occurred":0,"prediction":0.1656}},{"type":"Feature","geometry":{"type":"Point","coordinates":[-94.7,36.3]},"properties":{"region":3,"fire_occurred":1,"prediction":0.0023}},{"type":"Feature","geometry":{"type":"Point","coordinates":[-94.5,35.9]},"properties":{"region":3,"fire_occurred":1,"prediction":0.0013}},{"type":"Feature","geometry":{"type":"Point","coordinates":[-94.5,37.0]},"properties":{"region":3,"fire_occurred":1,"prediction":0.0017}},{"type":"Feature","geometry":{"type":"Point","coordinates":[-94.4,37.6]},"properties":{"region":3,"fire_occurred":1,"prediction":0.001}},{"type":"Feature","geometry":{"type":"Point","coordinates":[-93.0,40.4]},"properties":{"region":3,"fire_occurred":1,"prediction":0.0003}},{"type":"Feature","geometry":{"type":"Point","coordinates":[-92.6,37.8]},"properties":{"region":3,"fire_occurred":1,"prediction":0.0207}},{"type":"Feature","geometry":{"type":"Point","coordinates":[-92.0,32.5]},"properties":{"region":3,"fire_occurred":1,"prediction":0.0044}},{"type":"Feature","geometry":{"type":"Point","coordinates":[-91.8,30.7]},"properties":{"region":3,"fire_occurred":1,"prediction":0.0051}},{"type":"Feature","geometry":{"type":"Point","coordinates":[-91.8,35.2]},"properties":{"region":3,"fire_occurred":1,"prediction":0.0016}},{"type":"Feature","geometry":{"type":"Point","coordinates":[-91.4,30.7]},"properties":{"region":3,"fire_occurred":1,"prediction":0.0027}},{"type":"Feature","geometry":{"type":"Point","coordinates":[-90.9,41.4]},"properties":{"region":3,"fire_occurred":1,"prediction":0.1087}},{"type":"Feature","geometry":{"type":"Point","coordinates":[-90.4,30.0]},"properties":{"region":3,"fire_occurred":0,"prediction":0.1369}},{"type":"Feature","geometry":{"type":"Point","coordinates":[-90.2,38.6]},"properties":{"region":3,"fire_occurred":1,"prediction":0.2206}},{"type":"Feature","geometry":{"type":"Point","coordinates":[-90.0,35.6]},"properties":{"region":3,"fire_occurred":1,"prediction":0.0063}},{"type":"Feature","geometry":{"type":"Point","coordinates":[-89.8,35.8]},"properties":{"region":3,"fire_occurred":1,"prediction":0.0025}},{"type":"Feature","geometry":{"type":"Point","coordinates":[-89.8,35.9]},"properties":{"region":3,"fire_occurred":1,"prediction":0.1463}},{"type":"Feature","geometry":{"type":"Point","coordinates":[-89.6,44.8]},"properties":{"region":3,"fire_occurred":0,"prediction":0.1294}},{"type":"Feature","geometry":{"type":"Point","coordinates":[-89.2,31.6]},"properties":{"region":3,"fire_occurred":0,"prediction":0.1034}},{"type":"Feature","geometry":{"type":"Point","coordinates":[-88.1,30.9]},"properties":{"region":3,"fire_occurred":0,"prediction":0.3678}},{"type":"Feature","geometry":{"type":"Point","coordinates":[-87.2,41.6]},"properties":{"region":3,"fire_occurred":1,"prediction":0.6107}},{"type":"Feature","geometry":{"type":"Point","coordinates":[-87.1,34.6]},"properties":{"region":3,"fire_occurred":0,"prediction":0.2681}},{"type":"Feature","geometry":{"type":"Point","coordinates":[-86.9,39.9]},"properties":{"region":3,"fire_occurred":0,"prediction":0.1029}},{"type":"Feature","geometry":{"type":"Point","coordinates":[-86.6,35.9]},"properties":{"region":3,"fire_occurred":0,"prediction":0.1021}},{"type":"Feature","geometry":{"type":"Point","coordinates":[-86.6,36.6]},"properties":{"region":3,"fire_occurred":0,"prediction":0.1138}},{"type":"Feature","geometry":{"type":"Point","coordinates":[-86.5,36.0]},"properties":{"region":3,"fire_occurred":0,"prediction":0.1259}},{"type":"Feature","geometry":{"type":"Point","coordinates":[-86.0,41.7]},"properties":{"region":3,"fire_occurred":0,"prediction":0.1487}},{"type":"Feature","geometry":{"type":"Point","coordinates":[-85.8,41.6]},"properties":{"region":3,"fire_occurred":0,"prediction":0.1602}},{"type":"Feature","geometry":{"type":"Point","coordinates":[-85.0,41.3]},"properties":{"region":3,"fire_occurred":0,"prediction":0.1121}},{"type":"Feature","geometry":{"type":"Point","coordinates":[-84.9,31.0]},"properties":{"region":3,"fire_occurred":0,"prediction":0.1}},{"type":"Feature","geometry":{"type":"Point","coordinates":[-84.3,31.9]},"properties":{"region":3,"fire_occurred":0,"prediction":0.1236}},{"type":"Feature","geometry":{"type":"Point","coordinates":[-83.8,41.6]},"properties":{"region":3,"fire_occurred":1,"prediction":0.002}},{"type":"Feature","geometry":{"type":"Point","coordinates":[-83.4,36.1]},"properties":{"region":3,"fire_occurred":0,"prediction":0.1213}},{"type":"Feature","geometry":{"type":"Point","coordinates":[-83.3,36.2]},"properties":{"region":3,"fire_occurred":0,"prediction":0.1106}},{"type":"Feature","geometry":{"type":"Point","coordinates":[-82.7,34.4]},"properties":{"region":3,"fire_occurred":0,"prediction":0.2205}},{"type":"Feature","geometry":{"type":"Point","coordinates":[-82.0,29.8]},"properties":{"region":3,"fire_occurred":1,"prediction":0.0008}},{"type":"Feature","geometry":{"type":"Point","coordinates":[-81.6,29.6]},"properties":{"region":3,"fire_occurred":1,"prediction":0.0001}},{"type":"Feature","geometry":{"type":"Point","coordinates":[-81.0,28.9]},"properties":{"region":3,"fire_occurred":1,"prediction":0.0001}},{"type":"Feature","geometry":{"type":"Point","coordinates":[-80.2,42.8]},"properties":{"region":3,"fire_occurred":0,"prediction":0.1612}},{"type":"Feature","geometry":{"type":"Point","coordinates":[-79.3,35.1]},"properties":{"region":3,"fire_occurred":1,"prediction":0.0062}},{"type":"Feature","geometry":{"type":"Point","coordinates":[-78.5,35.6]},"properties":{"region":3,"fire_occurred":1,"prediction":0.0032}},{"type":"Feature","geometry":{"type":"Point","coordinates":[-78.4,35.4]},"properties":{"region":3,"fire_occurred":1,"prediction":0.0016}},{"type":"Feature","geometry":{"type":"Point","coordinates":[-78.1,36.0]},"properties":{"region":3,"fire_occurred":0,"prediction":0.1346}},{"type":"Feature","geometry":{"type":"Point","coordinates":[-78.0,35.6]},"properties":{"region":3,"fire_occurred":1,"prediction":0.0027}},{"type":"Feature","geometry":{"type":"Point","coordinates":[-77.9,36.9]},"properties":{"region":3,"fire_occurred":1,"prediction":0.0005}},{"type":"Feature","geometry":{"type":"Point","coordinates":[-77.6,37.4]},"properties":{"region":3,"fire_occurred":1,"prediction":0.0004}},{"type":"Feature","geometry":{"type":"Point","coordinates":[-77.5,41.1]},"properties":{"region":3,"fire_occurred":1,"prediction":0.0591}},{"type":"Feature","geometry":{"type":"Point","coordinates":[-77.2,37.0]},"properties":{"region":3,"fire_occurred":1,"prediction":0.0013}},{"type":"Feature","geometry":{"type":"Point","coordinates":[-76.9,36.3]},"properties":{"region":3,"fire_occurred":1,"prediction":0.2127}},{"type":"Feature","geometry":{"type":"Point","coordinates":[-75.5,44.1]},"properties":{"region":3,"fire_occurred":1,"prediction":0.0035}},{"type":"Feature","geometry":{"type":"Point","coordinates":[-75.5,44.2]},"properties":{"region":3,"fire_occurred":1,"prediction":0.0034}},{"type":"Feature","geometry":{"type":"Point","coordinates":[-75.4,43.1]},"properties":{"region":3,"fire_occurred":1,"prediction":0.2079}},{"type":"Feature","geometry":{"type":"Point","coordinates":[-75.0,43.0]},"properties":{"region":3,"fire_occurred":1,"prediction":0.0093}},{"type":"Feature","geometry":{"type":"Point","coordinates":[-74.5,42.9]},"properties":{"region":3,"fire_occurred":1,"prediction":0.0321}},{"type":"Feature","geometry":{"type":"Point","coordinates":[-74.4,42.9]},"properties":{"region":3,"fire_occurred":1,"prediction":0.0101}},{"type":"Feature","geometry":{"type":"Point","coordinates":[-73.8,43.1]},"properties":{"region":3,"fire_occurred":1,"prediction":0.0038}},{"type":"Feature","geometry":{"type":"Point","coordinates":[-72.1,41.5]},"properties":{"region":3,"fire_occurred":1,"prediction":0.0176}},{"type":"Feature","geometry":{"type":"Point","coordinates":[-71.6,42.5]},"properties":{"region":3,"fire_occurred":0,"prediction":0.1147}},{"type":"Feature","geometry":{"type":"Point","coordinates":[-71.5,41.6]},"properties":{"region":3,"fire_occurred":0,"prediction":0.1526}},{"type":"Feature","geometry":{"type":"Point","coordinates":[-71.4,-36.9]},"properties":{"region":3,"fire_occurred":1,"prediction":0.1127}},{"type":"Feature","geometry":{"type":"Point","coordinates":[-71.2,43.0]},"properties":{"region":3,"fire_occurred":1,"prediction":0.0095}},{"type":"Feature","geometry":{"type":"Point","coordinates":[-71.0,-32.9]},"properties":{"region":3,"fire_occurred":1,"prediction":0.1854}},{"type":"Feature","geometry":{"type":"Point","coordinates":[-70.7,-32.8]},"properties":{"region":3,"fire_occurred":0,"prediction":0.1163}},{"type":"Feature","geometry":{"type":"Point","coordinates":[-70.5,-34.2]},"properties":{"region":3,"fire_occurred":0,"prediction":0.214}},{"type":"Feature","geometry":{"type":"Point","coordinates":[-68.5,49.5]},"properties":{"region":3,"fire_occurred":0,"prediction":0.1175}},{"type":"Feature","geometry":{"type":"Point","coordinates":[-67.9,-16.5]},"properties":{"region":3,"fire_occurred":0,"prediction":0.1472}},{"type":"Feature","geometry":{"type":"Point","coordinates":[-63.5,-21.7]},"properties":{"region":3,"fire_occurred":0,"prediction":0.119}},{"type":"Feature","geometry":{"type":"Point","coordinates":[-63.4,-21.7]},"properties":{"region":3,"fire_occurred":0,"prediction":0.2773}},{"type":"Feature","geometry":{"type":"Point","coordinates":[-63.4,-21.6]},"properties":{"region":3,"fire_occurred":0,"prediction":0.101}},{"type":"Feature","geometry":{"type":"Point","coordinates":[-63.3,-21.3]},"properties":{"region":3,"fire_occurred":0,"prediction":0.1098}},{"type":"Feature","geometry":{"type":"Point","coordinates":[-63.2,-34.8]},"properties":{"region":3,"fire_occurred":1,"prediction":0.0016}},{"type":"Feature","geometry":{"type":"Point","coordinates":[-63.0,-29.6]},"properties":{"region":3,"fire_occurred":1,"prediction":0.0039}},{"type":"Feature","geometry":{"type":"Point","coordinates":[-62.8,-27.5]},"properties":{"region":3,"fire_occurred":0,"prediction":0.101}},{"type":"Feature","geometry":{"type":"Point","coordinates":[-62.1,-28.7]},"properties":{"region":3,"fire_occurred":1,"prediction":0.0082}},{"type":"Feature","geometry":{"type":"Point","coordinates":[-61.5,-28.9]},"properties":{"region":3,"fire_occurred":1,"prediction":0.008}},{"type":"Feature","geometry":{"type":"Point","coordinates":[-61.3,-28.5]},"properties":{"region":3,"fire_occurred":1,"prediction":0.013}},{"type":"Feature","geometry":{"type":"Point","coordinates":[-61.2,-28.5]},"properties":{"region":3,"fire_occurred":1,"prediction":0.0132}},{"type":"Feature","geometry":{"type":"Point","coordinates":[-61.2,-21.8]},"properties":{"region":3,"fire_occurred":0,"prediction":0.1171}},{"type":"Feature","geometry":{"type":"Point","coordinates":[-61.1,-28.7]},"properties":{"region":3,"fire_occurred":1,"prediction":0.0286}},{"type":"Feature","geometry":{"type":"Point","coordinates":[-61.0,-29.2]},"properties":{"region":3,"fire_occurred":1,"prediction":0.0554}},{"type":"Feature","geometry":{"type":"Point","coordinates":[-60.9,-28.5]},"properties":{"region":3,"fire_occurred":0,"prediction":0.1314}},{"type":"Feature","geometry":{"type":"Point","coordinates":[-60.8,-28.8]},"properties":{"region":3,"fire_occurred":1,"prediction":0.0285}},{"type":"Feature","geometry":{"type":"Point","coordinates":[-60.7,-34.7]},"properties":{"region":3,"fire_occurred":1,"prediction":0.004}},{"type":"Feature","geometry":{"type":"Point","coordinates":[-60.5,-23.8]},"properties":{"region":3,"fire_occurred":1,"prediction":0.0817}},{"type":"Feature","geometry":{"type":"Point","coordinates":[-60.3,-33.2]},"properties":{"region":3,"fire_occurred":1,"prediction":0.1361}},{"type":"Feature","geometry":{"type":"Point","coordinates":[-60.2,-33.4]},"properties":{"region":3,"fire_occurred":0,"prediction":0.1711}},{"type":"Feature","geometry":{"type":"Point","coordinates":[-60.2,-33.2]},"properties":{"region":3,"fire_occurred":0,"prediction":0.1771}},{"type":"Feature","geometry":{"type":"Point","coordinates":[-60.1,-24.0]},"properties":{"region":3,"fire_occurred":1,"prediction":0.0551}},{"type":"Feature","geometry":{"type":"Point","coordinates":[-59.5,-33.6]},"properties":{"region":3,"fire_occurred":0,"prediction":0.1936}},{"type":"Feature","geometry":{"type":"Point","coordinates":[-59.4,-33.8]},"properties":{"region":3,"fire_occurred":0,"prediction":0.2493}},{"type":"Feature","geometry":{"type":"Point","coordinates":[-59.4,-33.7]},"properties":{"region":3,"fire_occurred":1,"prediction":0.0453}},{"type":"Feature","geometry":{"type":"Point","coordinates":[-58.5,-35.9]},"properties":{"region":3,"fire_occurred":1,"prediction":0.0007}},{"type":"Feature","geometry":{"type":"Point","coordinates":[-57.8,-29.1]},"properties":{"region":3,"fire_occurred":1,"prediction":0.0047}},{"type":"Feature","geometry":{"type":"Point","coordinates":[-57.7,-24.1]},"properties":{"region":3,"fire_occurred":0,"prediction":0.1182}},{"type":"Feature","geometry":{"type":"Point","coordinates":[-57.1,-28.9]},"properties":{"region":3,"fire_occurred":1,"prediction":0.0342}},{"type":"Feature","geometry":{"type":"Point","coordinates":[-57.1,-26.2]},"properties":{"region":3,"fire_occurred":1,"prediction":0.0088}},{"type":"Feature","geometry":{"type":"Point","coordinates":[-56.9,-26.4]},"properties":{"region":3,"fire_occurred":0,"prediction":0.1318}},{"type":"Feature","geometry":{"type":"Point","coordinates":[-56.8,-28.5]},"properties":{"region":3,"fire_occurred":1,"prediction":0.0081}},{"type":"Feature","geometry":{"type":"Point","coordinates":[-56.7,-26.3]},"properties":{"region":3,"fire_occurred":1,"prediction":0.02}},{"type":"Feature","geometry":{"type":"Point","coordinates":[-56.6,-29.0]},"properties":{"region":3,"fire_occurred":1,"prediction":0.0067}},{"type":"Feature","geometry":{"type":"Point","coordinates":[-56.6,-26.6]},"properties":{"region":3,"fire_occurred":0,"prediction":0.1158}},{"type":"Feature","geometry":{"type":"Point","coordinates":[-56.6,-26.2]},"properties":{"region":3,"fire_occurred":1,"prediction":0.0174}},{"type":"Feature","geometry":{"type":"Point","coordinates":[-56.4,-26.1]},"properties":{"region":3,"fire_occurred":1,"prediction":0.0116}},{"type":"Feature","geometry":{"type":"Point","coordinates":[-56.0,-25.5]},"properties":{"region":3,"fire_occurred":1,"prediction":0.0018}},{"type":"Feature","geometry":{"type":"Point","coordinates":[-55.9,-24.1]},"properties":{"region":3,"fire_occurred":1,"prediction":0.0035}},{"type":"Feature","geometry":{"type":"Point","coordinates":[-55.1,-25.6]},"properties":{"region":3,"fire_occurred":1,"prediction":0.0064}},{"type":"Feature","geometry":{"type":"Point","coordinates":[-54.2,-32.5]},"properties":{"region":3,"fire_occurred":1,"prediction":0.0015}},{"type":"Feature","geometry":{"type":"Point","coordinates":[-54.2,-25.2]},"properties":{"region":3,"fire_occurred":1,"prediction":0.0014}},{"type":"Feature","geometry":{"type":"Point","coordinates":[-54.0,-23.3]},"properties":{"region":3,"fire_occurred":1,"prediction":0.0014}},{"type":"Feature","geometry":{"type":"Point","coordinates":[-53.9,-26.7]},"properties":{"region":3,"fire_occurred":1,"prediction":0.0012}},{"type":"Feature","geometry":{"type":"Point","coordinates":[-52.4,-30.1]},"properties":{"region":3,"fire_occurred":1,"prediction":0.0017}},{"type":"Feature","geometry":{"type":"Point","coordinates":[-52.2,-25.4]},"properties":{"region":3,"fire_occurred":1,"prediction":0.0018}},{"type":"Feature","geometry":{"type":"Point","coordinates":[-52.1,-25.2]},"properties":{"region":3,"fire_occurred":1,"prediction":0.0031}},{"type":"Feature","geometry":{"type":"Point","coordinates":[-52.0,-26.3]},"properties":{"region":3,"fire_occurred":1,"prediction":0.0032}},{"type":"Feature","geometry":{"type":"Point","coordinates":[-51.3,-24.0]},"properties":{"region":3,"fire_occurred":1,"prediction":0.0014}},{"type":"Feature","geometry":{"type":"Point","coordinates":[-51.0,-25.2]},"properties":{"region":3,"fire_occurred":1,"prediction":0.0004}},{"type":"Feature","geometry":{"type":"Point","coordinates":[-50.8,-27.9]},"properties":{"region":3,"fire_occurred":1,"prediction":0.0118}},{"type":"Feature","geometry":{"type":"Point","coordinates":[-50.2,-27.7]},"properties":{"region":3,"fire_occurred":1,"prediction":0.0065}},{"type":"Feature","geometry":{"type":"Point","coordinates":[-50.1,-23.7]},"properties":{"region":3,"fire_occurred":1,"prediction":0.0129}},{"type":"Feature","geometry":{"type":"Point","coordinates":[-50.0,-23.7]},"properties":{"region":3,"fire_occurred":1,"prediction":0.0073}},{"type":"Feature","geometry":{"type":"Point","coordinates":[-45.6,-20.6]},"properties":{"region":3,"fire_occurred":1,"prediction":0.0061}},{"type":"Feature","geometry":{"type":"Point","coordinates":[-45.6,-20.5]},"properties":{"region":3,"fire_occurred":1,"prediction":0.0341}},{"type":"Feature","geometry":{"type":"Point","coordinates":[-43.8,-20.6]},"properties":{"region":3,"fire_occurred":0,"prediction":0.1103}},{"type":"Feature","geometry":{"type":"Point","coordinates":[-4.0,40.1]},"properties":{"region":3,"fire_occurred":1,"prediction":0.0008}},{"type":"Feature","geometry":{"type":"Point","coordinates":[-3.9,55.9]},"properties":{"region":3,"fire_occurred":1,"prediction":0.0003}},{"type":"Feature","geometry":{"type":"Point","coordinates":[-3.8,51.5]},"properties":{"region":3,"fire_occurred":0,"prediction":0.3283}},{"type":"Feature","geometry":{"type":"Point","coordinates":[-1.5,52.1]},"properties":{"region":3,"fire_occurred":1,"prediction":0.0007}},{"type":"Feature","geometry":{"type":"Point","coordinates":[-0.9,44.7]},"properties":{"region":3,"fire_occurred":1,"prediction":0.0455}},{"type":"Feature","geometry":{"type":"Point","coordinates":[-0.6,53.5]},"properties":{"region":3,"fire_occurred":1,"prediction":0.3004}},{"type":"Feature","geometry":{"type":"Point","coordinates":[0.5,46.8]},"properties":{"region":3,"fire_occurred":1,"prediction":0.0039}},{"type":"Feature","geometry":{"type":"Point","coordinates":[0.5,49.4]},"properties":{"region":3,"fire_occurred":1,"prediction":0.0651}},{"type":"Feature","geometry":{"type":"Point","coordinates":[2.5,48.6]},"properties":{"region":3,"fire_occurred":1,"prediction":0.0069}},{"type":"Feature","geometry":{"type":"Point","coordinates":[2.7,48.7]},"properties":{"region":3,"fire_occurred":1,"prediction":0.0055}},{"type":"Feature","geometry":{"type":"Point","coordinates":[3.7,51.1]},"properties":{"region":3,"fire_occurred":1,"prediction":0.1018}},{"type":"Feature","geometry":{"type":"Point","coordinates":[3.8,51.1]},"properties":{"region":3,"fire_occurred":1,"prediction":0.8831}},{"type":"Feature","geometry":{"type":"Point","coordinates":[4.6,52.4]},"properties":{"region":3,"fire_occurred":1,"prediction":0.5906}},{"type":"Feature","geometry":{"type":"Point","coordinates":[4.7,43.6]},"properties":{"region":3,"fire_occurred":0,"prediction":0.1415}},{"type":"Feature","geometry":{"type":"Point","coordinates":[4.7,52.1]},"properties":{"region":3,"fire_occurred":1,"prediction":0.0039}},{"type":"Feature","geometry":{"type":"Point","coordinates":[4.8,43.4]},"properties":{"region":3,"fire_occurred":1,"prediction":0.4405}},{"type":"Feature","geometry":{"type":"Point","coordinates":[4.9,43.4]},"properties":{"region":3,"fire_occurred":0,"prediction":0.4373}},{"type":"Feature","geometry":{"type":"Point","coordinates":[5.9,49.4]},"properties":{"region":3,"fire_occurred":0,"prediction":0.1123}},{"type":"Feature","geometry":{"type":"Point","coordinates":[5.9,49.5]},"properties":{"region":3,"fire_occurred":0,"prediction":0.2698}},{"type":"Feature","geometry":{"type":"Point","coordinates":[6.2,49.2]},"properties":{"region":3,"fire_occurred":1,"prediction":0.0333}},{"type":"Feature","geometry":{"type":"Point","coordinates":[6.6,51.3]},"properties":{"region":3,"fire_occurred":0,"prediction":0.2015}},{"type":"Feature","geometry":{"type":"Point","coordinates":[6.7,49.3]},"properties":{"region":3,"fire_occurred":0,"prediction":0.2868}},{"type":"Feature","geometry":{"type":"Point","coordinates":[6.7,51.3]},"properties":{"region":3,"fire_occurred":1,"prediction":0.7032}},{"type":"Feature","geometry":{"type":"Point","coordinates":[6.7,51.4]},"properties":{"region":3,"fire_occurred":1,"prediction":0.7055}},{"type":"Feature","geometry":{"type":"Point","coordinates":[6.8,49.2]},"properties":{"region":3,"fire_occurred":1,"prediction":0.3677}},{"type":"Feature","geometry":{"type":"Point","coordinates":[7.0,52.9]},"properties":{"region":3,"fire_occurred":0,"prediction":0.1104}},{"type":"Feature","geometry":{"type":"Point","coordinates":[7.5,44.9]},"properties":{"region":3,"fire_occurred":0,"prediction":0.2202}},{"type":"Feature","geometry":{"type":"Point","coordinates":[7.5,45.0]},"properties":{"region":3,"fire_occurred":0,"prediction":0.1435}},{"type":"Feature","geometry":{"type":"Point","coordinates":[7.6,45.0]},"properties":{"region":3,"fire_occurred":1,"prediction":0.0033}},{"type":"Feature","geometry":{"type":"Point","coordinates":[7.7,44.9]},"properties":{"region":3,"fire_occurred":0,"prediction":0.116}},{"type":"Feature","geometry":{"type":"Point","coordinates":[7.7,45.1]},"properties":{"region":3,"fire_occurred":0,"prediction":0.1561}},{"type":"Feature","geometry":{"type":"Point","coordinates":[8.3,48.9]},"properties":{"region":3,"fire_occurred":0,"prediction":0.1282}},{"type":"Feature","geometry":{"type":"Point","coordinates":[8.4,45.2]},"properties":{"region":3,"fire_occurred":0,"prediction":0.181}},{"type":"Feature","geometry":{"type":"Point","coordinates":[8.6,53.1]},"properties":{"region":3,"fire_occurred":0,"prediction":0.2648}},{"type":"Feature","geometry":{"type":"Point","coordinates":[8.7,45.2]},"properties":{"region":3,"fire_occurred":0,"prediction":0.2978}},{"type":"Feature","geometry":{"type":"Point","coordinates":[8.7,45.7]},"properties":{"region":3,"fire_occurred":0,"prediction":0.3213}},{"type":"Feature","geometry":{"type":"Point","coordinates":[8.8,44.8]},"properties":{"region":3,"fire_occurred":0,"prediction":0.4121}},{"type":"Feature","geometry":{"type":"Point","coordinates":[9.2,45.0]},"properties":{"region":3,"fire_occurred":0,"prediction":0.1403}},{"type":"Feature","geometry":{"type":"Point","coordinates":[9.2,45.3]},"properties":{"region":3,"fire_occurred":0,"prediction":0.1133}},{"type":"Feature","geometry":{"type":"Point","coordinates":[9.3,45.5]},"properties":{"region":3,"fire_occurred":0,"prediction":0.3864}},{"type":"Feature","geometry":{"type":"Point","coordinates":[9.4,45.0]},"properties":{"region":3,"fire_occurred":0,"prediction":0.1779}},{"type":"Feature","geometry":{"type":"Point","coordinates":[9.6,45.5]},"properties":{"region":3,"fire_occurred":0,"prediction":0.1061}},{"type":"Feature","geometry":{"type":"Point","coordinates":[9.9,45.1]},"properties":{"region":3,"fire_occurred":1,"prediction":0.6734}},{"type":"Feature","geometry":{"type":"Point","coordinates":[10.3,52.1]},"properties":{"region":3,"fire_occurred":1,"prediction":0.4097}},{"type":"Feature","geometry":{"type":"Point","coordinates":[10.4,45.4]},"properties":{"region":3,"fire_occurred":0,"prediction":0.3072}},{"type":"Feature","geometry":{"type":"Point","coordinates":[10.4,52.1]},"properties":{"region":3,"fire_occurred":1,"prediction":0.481}},{"type":"Feature","geometry":{"type":"Point","coordinates":[10.8,45.3]},"properties":{"region":3,"fire_occurred":0,"prediction":0.1771}},{"type":"Feature","geometry":{"type":"Point","coordinates":[10.9,45.4]},"properties":{"region":3,"fire_occurred":0,"prediction":0.298}},{"type":"Feature","geometry":{"type":"Point","coordinates":[11.0,45.3]},"properties":{"region":3,"fire_occurred":0,"prediction":0.1114}},{"type":"Feature","geometry":{"type":"Point","coordinates":[11.0,45.4]},"properties":{"region":3,"fire_occurred":0,"prediction":0.4002}},{"type":"Feature","geometry":{"type":"Point","coordinates":[11.1,45.4]},"properties":{"region":3,"fire_occurred":0,"prediction":0.3276}},{"type":"Feature","geometry":{"type":"Point","coordinates":[11.2,45.4]},"properties":{"region":3,"fire_occurred":0,"prediction":0.2557}},{"type":"Feature","geometry":{"type":"Point","coordinates":[11.3,45.4]},"properties":{"region":3,"fire_occurred":0,"prediction":0.1646}},{"type":"Feature","geometry":{"type":"Point","coordinates":[11.3,45.5]},"properties":{"region":3,"fire_occurred":0,"prediction":0.2513}},{"type":"Feature","geometry":{"type":"Point","coordinates":[11.4,45.6]},"properties":{"region":3,"fire_occurred":0,"prediction":0.1377}},{"type":"Feature","geometry":{"type":"Point","coordinates":[11.7,45.6]},"properties":{"region":3,"fire_occurred":0,"prediction":0.1146}},{"type":"Feature","geometry":{"type":"Point","coordinates":[11.7,45.7]},"properties":{"region":3,"fire_occurred":0,"prediction":0.1265}},{"type":"Feature","geometry":{"type":"Point","coordinates":[12.3,45.9]},"properties":{"region":3,"fire_occurred":0,"prediction":0.103}},{"type":"Feature","geometry":{"type":"Point","coordinates":[12.6,45.9]},"properties":{"region":3,"fire_occurred":0,"prediction":0.3204}},{"type":"Feature","geometry":{"type":"Point","coordinates":[14.3,-14.0]},"properties":{"region":3,"fire_occurred":0,"prediction":0.1446}},{"type":"Feature","geometry":{"type":"Point","coordinates":[14.3,48.2]},"properties":{"region":3,"fire_occurred":1,"prediction":0.629}},{"type":"Feature","geometry":{"type":"Point","coordinates":[14.4,-14.0]},"properties":{"region":3,"fire_occurred":0,"prediction":0.1327}},{"type":"Feature","geometry":{"type":"Point","coordinates":[14.6,-13.5]},"properties":{"region":3,"fire_occurred":1,"prediction":0.1398}},{"type":"Feature","geometry":{"type":"Point","coordinates":[14.7,-14.2]},"properties":{"region":3,"fire_occurred":0,"prediction":0.1238}},{"type":"Feature","geometry":{"type":"Point","coordinates":[14.7,-13.5]},"properties":{"region":3,"fire_occurred":1,"prediction":0.1166}},{"type":"Feature","geometry":{"type":"Point","coordinates":[14.7,-13.4]},"properties":{"region":3,"fire_occurred":1,"prediction":0.0122}},{"type":"Feature","geometry":{"type":"Point","coordinates":[14.8,-13.6]},"properties":{"region":3,"fire_occurred":1,"prediction":0.0128}},{"type":"Feature","geometry":{"type":"Point","coordinates":[14.8,-12.5]},"properties":{"region":3,"fire_occurred":0,"prediction":0.1043}},{"type":"Feature","geometry":{"type":"Point","coordinates":[14.9,-12.7]},"properties":{"region":3,"fire_occurred":0,"prediction":0.1203}},{"type":"Feature","geometry":{"type":"Point","coordinates":[14.9,-12.4]},"properties":{"region":3,"fire_occurred":0,"prediction":0.1142}},{"type":"Feature","geometry":{"type":"Point","coordinates":[15.0,-13.5]},"properties":{"region":3,"fire_occurred":0,"prediction":0.1037}},{"type":"Feature","geometry":{"type":"Point","coordinates":[15.0,-13.4]},"properties":{"region":3,"fire_occurred":1,"prediction":0.0197}},{"type":"Feature","geometry":{"type":"Point","coordinates":[15.0,-13.0]},"properties":{"region":3,"fire_occurred":1,"prediction":0.1329}},{"type":"Feature","geometry":{"type":"Point","coordinates":[15.0,-12.7]},"properties":{"region":3,"fire_occurred":0,"prediction":0.1249}},{"type":"Feature","geometry":{"type":"Point","coordinates":[15.0,-12.6]},"properties":{"region":3,"fire_occurred":0,"prediction":0.1679}},{"type":"Feature","geometry":{"type":"Point","coordinates":[15.0,-12.5]},"properties":{"region":3,"fire_occurred":0,"prediction":0.1274}},{"type":"Feature","geometry":{"type":"Point","coordinates":[15.0,-12.4]},"properties":{"region":3,"fire_occurred":1,"prediction":0.1612}},{"type":"Feature","geometry":{"type":"Point","coordinates":[15.0,-12.3]},"properties":{"region":3,"fire_occurred":1,"prediction":0.1812}},{"type":"Feature","geometry":{"type":"Point","coordinates":[15.0,-12.1]},"properties":{"region":3,"fire_occurred":0,"prediction":0.2352}},{"type":"Feature","geometry":{"type":"Point","coordinates":[15.0,-12.0]},"properties":{"region":3,"fire_occurred":1,"prediction":0.3356}},{"type":"Feature","geometry":{"type":"Point","coordinates":[15.0,-11.9]},"properties":{"region":3,"fire_occurred":0,"prediction":0.1705}},{"type":"Feature","geometry":{"type":"Point","coordinates":[15.0,-11.8]},"properties":{"region":3,"fire_occurred":0,"prediction":0.1438}},{"type":"Feature","geometry":{"type":"Point","coordinates":[15.0,-11.3]},"properties":{"region":3,"fire_occurred":0,"prediction":0.135}},{"type":"Feature","geometry":{"type":"Point","coordinates":[15.0,-11.2]},"properties":{"region":3,"fire_occurred":0,"prediction":0.1899}},{"type":"Feature","geometry":{"type":"Point","coordinates":[15.0,-11.1]},"properties":{"region":3,"fire_occurred":0,"prediction":0.1339}},{"type":"Feature","geometry":{"type":"Point","coordinates":[15.1,-13.5]},"properties":{"region":3,"fire_occurred":0,"prediction":0.1158}},{"type":"Feature","geometry":{"type":"Point","coordinates":[15.1,-12.7]},"properties":{"region":3,"fire_occurred":0,"prediction":0.1169}},{"type":"Feature","geometry":{"type":"Point","coordinates":[15.1,-12.6]},"properties":{"region":3,"fire_occurred":0,"prediction":0.1947}},{"type":"Feature","geometry":{"type":"Point","coordinates":[15.1,-12.5]},"properties":{"region":3,"fire_occurred":1,"prediction":0.3608}},{"type":"Feature","geometry":{"type":"Point","coordinates":[15.1,-12.4]},"properties":{"region":3,"fire_occurred":0,"prediction":0.1402}},{"type":"Feature","geometry":{"type":"Point","coordinates":[15.1,-12.3]},"properties":{"region":3,"fire_occurred":0,"prediction":0.1055}},{"type":"Feature","geometry":{"type":"Point","coordinates":[15.1,-12.2]},"properties":{"region":3,"fire_occurred":0,"prediction":0.107}},{"type":"Feature","geometry":{"type":"Point","coordinates":[15.1,-12.0]},"properties":{"region":3,"fire_occurred":0,"prediction":0.1205}},{"type":"Feature","geometry":{"type":"Point","coordinates":[15.1,-11.9]},"properties":{"region":3,"fire_occurred":0,"prediction":0.204}},{"type":"Feature","geometry":{"type":"Point","coordinates":[15.1,-11.7]},"properties":{"region":3,"fire_occurred":0,"prediction":0.1217}},{"type":"Feature","geometry":{"type":"Point","coordinates":[15.1,-11.6]},"properties":{"region":3,"fire_occurred":1,"prediction":0.1741}},{"type":"Feature","geometry":{"type":"Point","coordinates":[15.1,-11.4]},"properties":{"region":3,"fire_occurred":1,"prediction":0.1183}},{"type":"Feature","geometry":{"type":"Point","coordinates":[15.1,-11.3]},"properties":{"region":3,"fire_occurred":0,"prediction":0.1302}},{"type":"Feature","geometry":{"type":"Point","coordinates":[15.1,-11.2]},"properties":{"region":3,"fire_occurred":0,"prediction":0.1396}},{"type":"Feature","geometry":{"type":"Point","coordinates":[15.2,-13.2]},"properties":{"region":3,"fire_occurred":1,"prediction":0.0851}},{"type":"Feature","geometry":{"type":"Point","coordinates":[15.2,-13.0]},"properties":{"region":3,"fire_occurred":0,"prediction":0.1652}},{"type":"Feature","geometry":{"type":"Point","coordinates":[15.2,-12.8]},"properties":{"region":3,"fire_occurred":1,"prediction":0.0825}},{"type":"Feature","geometry":{"type":"Point","coordinates":[15.2,-12.6]},"properties":{"region":3,"fire_occurred":0,"prediction":0.1355}},{"type":"Feature","geometry":{"type":"Point","coordinates":[15.2,-12.5]},"properties":{"region":3,"fire_occurred":0,"prediction":0.1369}},{"type":"Feature","geometry":{"type":"Point","coordinates":[15.2,-12.3]},"properties":{"region":3,"fire_occurred":0,"prediction":0.1343}},{"type":"Feature","geometry":{"type":"Point","coordinates":[15.2,-11.8]},"properties":{"region":3,"fire_occurred":0,"prediction":0.1428}},{"type":"Feature","geometry":{"type":"Point","coordinates":[15.2,-11.7]},"properties":{"region":3,"fire_occurred":1,"prediction":0.0564}},{"type":"Feature","geometry":{"type":"Point","coordinates":[15.2,-11.6]},"properties":{"region":3,"fire_occurred":0,"prediction":0.1102}},{"type":"Feature","geometry":{"type":"Point","coordinates":[15.2,-11.4]},"properties":{"region":3,"fire_occurred":0,"prediction":0.2041}},{"type":"Feature","geometry":{"type":"Point","coordinates":[15.2,-11.3]},"properties":{"region":3,"fire_occurred":1,"prediction":0.1409}},{"type":"Feature","geometry":{"type":"Point","coordinates":[15.2,-11.1]},"properties":{"region":3,"fire_occurred":0,"prediction":0.1022}},{"type":"Feature","geometry":{"type":"Point","coordinates":[15.3,-13.4]},"properties":{"region":3,"fire_occurred":0,"prediction":0.1398}},{"type":"Feature","geometry":{"type":"Point","coordinates":[15.3,-12.8]},"properties":{"region":3,"fire_occurred":1,"prediction":0.2882}},{"type":"Feature","geometry":{"type":"Point","coordinates":[15.3,-12.7]},"properties":{"region":3,"fire_occurred":1,"prediction":0.1697}},{"type":"Feature","geometry":{"type":"Point","coordinates":[15.3,-12.6]},"properties":{"region":3,"fire_occurred":0,"prediction":0.1199}},{"type":"Feature","geometry":{"type":"Point","coordinates":[15.3,-12.5]},"properties":{"region":3,"fire_occurred":0,"prediction":0.1531}},{"type":"Feature","geometry":{"type":"Point","coordinates":[15.3,-12.3]},"properties":{"region":3,"fire_occurred":0,"prediction":0.1653}},{"type":"Feature","geometry":{"type":"Point","coordinates":[15.3,-12.2]},"properties":{"region":3,"fire_occurred":0,"prediction":0.2103}},{"type":"Feature","geometry":{"type":"Point","coordinates":[15.3,-12.1]},"properties":{"region":3,"fire_occurred":1,"prediction":0.1197}},{"type":"Feature","geometry":{"type":"Point","coordinates":[15.3,-11.8]},"properties":{"region":3,"fire_occurred":1,"prediction":0.062}},{"type":"Feature","geometry":{"type":"Point","coordinates":[15.3,-11.7]},"properties":{"region":3,"fire_occurred":0,"prediction":0.172}},{"type":"Feature","geometry":{"type":"Point","coordinates":[15.3,-11.6]},"properties":{"region":3,"fire_occurred":0,"prediction":0.1271}},{"type":"Feature","geometry":{"type":"Point","coordinates":[15.3,-11.4]},"properties":{"region":3,"fire_occurred":1,"prediction":0.1487}},{"type":"Feature","geometry":{"type":"Point","coordinates":[15.3,-11.3]},"properties":{"region":3,"fire_occurred":0,"prediction":0.1648}},{"type":"Feature","geometry":{"type":"Point","coordinates":[15.3,-11.1]},"properties":{"region":3,"fire_occurred":1,"prediction":0.035}},{"type":"Feature","geometry":{"type":"Point","coordinates":[15.4,-12.8]},"properties":{"region":3,"fire_occurred":0,"prediction":0.1566}},{"type":"Feature","geometry":{"type":"Point","coordinates":[15.4,-12.0]},"properties":{"region":3,"fire_occurred":0,"prediction":0.1008}},{"type":"Feature","geometry":{"type":"Point","coordinates":[15.4,-11.7]},"properties":{"region":3,"fire_occurred":0,"prediction":0.1298}},{"type":"Feature","geometry":{"type":"Point","coordinates":[15.4,-11.6]},"properties":{"region":3,"fire_occurred":0,"prediction":0.1094}},{"type":"Feature","geometry":{"type":"Point","coordinates":[15.4,-11.5]},"properties":{"region":3,"fire_occurred":0,"prediction":0.1567}},{"type":"Feature","geometry":{"type":"Point","coordinates":[15.4,-11.4]},"properties":{"region":3,"fire_occurred":0,"prediction":0.1772}},{"type":"Feature","geometry":{"type":"Point","coordinates":[15.4,-11.3]},"properties":{"region":3,"fire_occurred":0,"prediction":0.1448}},{"type":"Feature","geometry":{"type":"Point","coordinates":[15.4,-11.2]},"properties":{"region":3,"fire_occurred":0,"prediction":0.1735}},{"type":"Feature","geometry":{"type":"Point","coordinates":[15.4,-11.1]},"properties":{"region":3,"fire_occurred":1,"prediction":0.1366}},{"type":"Feature","geometry":{"type":"Point","coordinates":[15.5,-14.4]},"properties":{"region":3,"fire_occurred":1,"prediction":0.0319}},{"type":"Feature","geometry":{"type":"Point","coordinates":[15.5,-13.1]},"properties":{"region":3,"fire_occurred":0,"prediction":0.1059}},{"type":"Feature","geometry":{"type":"Point","coordinates":[15.5,-12.3]},"properties":{"region":3,"fire_occurred":0,"prediction":0.2335}},{"type":"Feature","geometry":{"type":"Point","coordinates":[15.5,-12.2]},"properties":{"region":3,"fire_occurred":0,"prediction":0.1641}},{"type":"Feature","geometry":{"type":"Point","coordinates":[15.5,-11.9]},"properties":{"region":3,"fire_occurred":0,"prediction":0.1396}},{"type":"Feature","geometry":{"type":"Point","coordinates":[15.5,-11.6]},"properties":{"region":3,"fire_occurred":0,"prediction":0.1196}},{"type":"Feature","geometry":{"type":"Point","coordinates":[15.5,-11.5]},"properties":{"region":3,"fire_occurred":0,"prediction":0.1361}},{"type":"Feature","geometry":{"type":"Point","coordinates":[15.5,-11.4]},"properties":{"region":3,"fire_occurred":0,"prediction":0.1253}},{"type":"Feature","geometry":{"type":"Point","coordinates":[15.5,-11.3]},"properties":{"region":3,"fire_occurred":0,"prediction":0.186}},{"type":"Feature","geometry":{"type":"Point","coordinates":[15.5,-11.2]},"properties":{"region":3,"fire_occurred":0,"prediction":0.1211}},{"type":"Feature","geometry":{"type":"Point","coordinates":[15.5,-11.1]},"properties":{"region":3,"fire_occurred":0,"prediction":0.1277}},{"type":"Feature","geometry":{"type":"Point","coordinates":[15.6,-13.6]},"properties":{"region":3,"fire_occurred":1,"prediction":0.0093}},{"type":"Feature","geometry":{"type":"Point","coordinates":[15.6,-13.5]},"properties":{"region":3,"fire_occurred":0,"prediction":0.2448}},{"type":"Feature","geometry":{"type":"Point","coordinates":[15.6,-13.4]},"properties":{"region":3,"fire_occurred":1,"prediction":0.2446}},{"type":"Feature","geometry":{"type":"Point","coordinates":[15.6,-12.4]},"properties":{"region":3,"fire_occurred":0,"prediction":0.1368}},{"type":"Feature","geometry":{"type":"Point","coordinates":[15.6,-12.3]},"properties":{"region":3,"fire_occurred":1,"prediction":0.1972}},{"type":"Feature","geometry":{"type":"Point","coordinates":[15.6,-12.2]},"properties":{"region":3,"fire_occurred":0,"prediction":0.1324}},{"type":"Feature","geometry":{"type":"Point","coordinates":[15.6,-11.6]},"properties":{"region":3,"fire_occurred":1,"prediction":0.113}},{"type":"Feature","geometry":{"type":"Point","coordinates":[15.6,-11.4]},"properties":{"region":3,"fire_occurred":0,"prediction":0.1065}},{"type":"Feature","geometry":{"type":"Point","coordinates":[15.6,-11.3]},"properties":{"region":3,"fire_occurred":0,"prediction":0.1973}},{"type":"Feature","geometry":{"type":"Point","coordinates":[15.6,-11.2]},"properties":{"region":3,"fire_occurred":1,"prediction":0.168}},{"type":"Feature","geometry":{"type":"Point","coordinates":[15.6,-11.1]},"properties":{"region":3,"fire_occurred":0,"prediction":0.1268}},{"type":"Feature","geometry":{"type":"Point","coordinates":[15.7,-13.6]},"properties":{"region":3,"fire_occurred":1,"prediction":0.0134}},{"type":"Feature","geometry":{"type":"Point","coordinates":[15.7,-12.9]},"properties":{"region":3,"fire_occurred":0,"prediction":0.1341}},{"type":"Feature","geometry":{"type":"Point","coordinates":[15.7,-12.4]},"properties":{"region":3,"fire_occurred":0,"prediction":0.1615}},{"type":"Feature","geometry":{"type":"Point","coordinates":[15.7,-12.3]},"properties":{"region":3,"fire_occurred":1,"prediction":0.0751}},{"type":"Feature","geometry":{"type":"Point","coordinates":[15.7,-12.2]},"properties":{"region":3,"fire_occurred":0,"prediction":0.1605}},{"type":"Feature","geometry":{"type":"Point","coordinates":[15.7,-11.5]},"properties":{"region":3,"fire_occurred":0,"prediction":0.1161}},{"type":"Feature","geometry":{"type":"Point","coordinates":[15.7,-11.4]},"properties":{"region":3,"fire_occurred":0,"prediction":0.1818}},{"type":"Feature","geometry":{"type":"Point","coordinates":[15.7,-11.3]},"properties":{"region":3,"fire_occurred":0,"prediction":0.3042}},{"type":"Feature","geometry":{"type":"Point","coordinates":[15.7,-11.2]},"properties":{"region":3,"fire_occurred":0,"prediction":0.2581}},{"type":"Feature","geometry":{"type":"Point","coordinates":[15.7,-11.1]},"properties":{"region":3,"fire_occurred":0,"prediction":0.2254}},{"type":"Feature","geometry":{"type":"Point","coordinates":[15.7,41.0]},"properties":{"region":3,"fire_occurred":0,"prediction":0.1319}},{"type":"Feature","geometry":{"type":"Point","coordinates":[15.8,-15.0]},"properties":{"region":3,"fire_occurred":0,"prediction":0.1498}},{"type":"Feature","geometry":{"type":"Point","coordinates":[15.8,-13.2]},"properties":{"region":3,"fire_occurred":0,"prediction":0.1044}},{"type":"Feature","geometry":{"type":"Point","coordinates":[15.8,-13.0]},"properties":{"region":3,"fire_occurred":0,"prediction":0.1339}},{"type":"Feature","geometry":{"type":"Point","coordinates":[15.8,-12.9]},"properties":{"region":3,"fire_occurred":0,"prediction":0.1476}},{"type":"Feature","geometry":{"type":"Point","coordinates":[15.8,-12.5]},"properties":{"region":3,"fire_occurred":1,"prediction":0.1654}},{"type":"Feature","geometry":{"type":"Point","coordinates":[15.8,-12.4]},"properties":{"region":3,"fire_occurred":0,"prediction":0.3582}},{"type":"Feature","geometry":{"type":"Point","coordinates":[15.8,-12.3]},"properties":{"region":3,"fire_occurred":0,"prediction":0.1088}},{"type":"Feature","geometry":{"type":"Point","coordinates":[15.8,-12.2]},"properties":{"region":3,"fire_occurred":1,"prediction":0.1513}},{"type":"Feature","geometry":{"type":"Point","coordinates":[15.8,-12.1]},"properties":{"region":3,"fire_occurred":0,"prediction":0.1089}},{"type":"Feature","geometry":{"type":"Point","coordinates":[15.8,-12.0]},"properties":{"region":3,"fire_occurred":0,"prediction":0.1312}},{"type":"Feature","geometry":{"type":"Point","coordinates":[15.8,-11.9]},"properties":{"region":3,"fire_occurred":0,"prediction":0.3215}},{"type":"Feature","geometry":{"type":"Point","coordinates":[15.8,-11.8]},"properties":{"region":3,"fire_occurred":0,"prediction":0.2954}},{"type":"Feature","geometry":{"type":"Point","coordinates":[15.8,-11.6]},"properties":{"region":3,"fire_occurred":0,"prediction":0.1898}},{"type":"Feature","geometry":{"type":"Point","coordinates":[15.8,-11.5]},"properties":{"region":3,"fire_occurred":1,"prediction":0.3074}},{"type":"Feature","geometry":{"type":"Point","coordinates":[15.8,-11.4]},"properties":{"region":3,"fire_occurred":0,"prediction":0.2426}},{"type":"Feature","geometry":{"type":"Point","coordinates":[15.8,-11.3]},"properties":{"region":3,"fire_occurred":1,"prediction":0.2883}},{"type":"Feature","geometry":{"type":"Point","coordinates":[15.8,-11.2]},"properties":{"region":3,"fire_occurred":0,"prediction":0.2787}},{"type":"Feature","geometry":{"type":"Point","coordinates":[15.8,-11.1]},"properties":{"region":3,"fire_occurred":1,"prediction":0.3265}},{"type":"Feature","geometry":{"type":"Point","coordinates":[15.9,-13.9]},"properties":{"region":3,"fire_occurred":0,"prediction":0.1461}},{"type":"Feature","geometry":{"type":"Point","coordinates":[15.9,-13.6]},"properties":{"region":3,"fire_occurred":0,"prediction":0.1539}},{"type":"Feature","geometry":{"type":"Point","coordinates":[15.9,-13.5]},"properties":{"region":3,"fire_occurred":0,"prediction":0.1409}},{"type":"Feature","geometry":{"type":"Point","coordinates":[15.9,-13.3]},"properties":{"region":3,"fire_occurred":0,"prediction":0.1339}},{"type":"Feature","geometry":{"type":"Point","coordinates":[15.9,-13.1]},"properties":{"region":3,"fire_occurred":0,"prediction":0.148}},{"type":"Feature","geometry":{"type":"Point","coordinates":[15.9,-12.9]},"properties":{"region":3,"fire_occurred":1,"prediction":0.0407}},{"type":"Feature","geometry":{"type":"Point","coordinates":[15.9,-12.8]},"properties":{"region":3,"fire_occurred":1,"prediction":0.1812}},{"type":"Feature","geometry":{"type":"Point","coordinates":[15.9,-12.6]},"properties":{"region":3,"fire_occurred":0,"prediction":0.1551}},{"type":"Feature","geometry":{"type":"Point","coordinates":[15.9,-12.5]},"properties":{"region":3,"fire_occurred":0,"prediction":0.1891}},{"type":"Feature","geometry":{"type":"Point","coordinates":[15.9,-12.4]},"properties":{"region":3,"fire_occurred":0,"prediction":0.1276}},{"type":"Feature","geometry":{"type":"Point","coordinates":[15.9,-12.3]},"properties":{"region":3,"fire_occurred":0,"prediction":0.1439}},{"type":"Feature","geometry":{"type":"Point","coordinates":[15.9,-12.2]},"properties":{"region":3,"fire_occurred":0,"prediction":0.1287}},{"type":"Feature","geometry":{"type":"Point","coordinates":[15.9,-12.1]},"properties":{"region":3,"fire_occurred":1,"prediction":0.1091}},{"type":"Feature","geometry":{"type":"Point","coordinates":[15.9,-12.0]},"properties":{"region":3,"fire_occurred":0,"prediction":0.1049}},{"type":"Feature","geometry":{"type":"Point","coordinates":[15.9,-11.9]},"properties":{"region":3,"fire_occurred":0,"prediction":0.2388}},{"type":"Feature","geometry":{"type":"Point","coordinates":[15.9,-11.8]},"properties":{"region":3,"fire_occurred":0,"prediction":0.2781}},{"type":"Feature","geometry":{"type":"Point","coordinates":[15.9,-11.7]},"properties":{"region":3,"fire_occurred":0,"prediction":0.2412}},{"type":"Feature","geometry":{"type":"Point","coordinates":[15.9,-11.6]},"properties":{"region":3,"fire_occurred":1,"prediction":0.2103}},{"type":"Feature","geometry":{"type":"Point","coordinates":[15.9,-11.5]},"properties":{"region":3,"fire_occurred":1,"prediction":0.2591}},{"type":"Feature","geometry":{"type":"Point","coordinates":[15.9,-11.4]},"properties":{"region":3,"fire_occurred":0,"prediction":0.3252}},{"type":"Feature","geometry":{"type":"Point","coordinates":[15.9,-11.3]},"properties":{"region":3,"fire_occurred":0,"prediction":0.361}},{"type":"Feature","geometry":{"type":"Point","coordinates":[15.9,-11.2]},"properties":{"region":3,"fire_occurred":0,"prediction":0.2937}},{"type":"Feature","geometry":{"type":"Point","coordinates":[15.9,-11.1]},"properties":{"region":3,"fire_occurred":0,"prediction":0.2045}},{"type":"Feature","geometry":{"type":"Point","coordinates":[16.0,-14.9]},"properties":{"region":3,"fire_occurred":0,"prediction":0.118}},{"type":"Feature","geometry":{"type":"Point","coordinates":[16.0,-14.7]},"properties":{"region":3,"fire_occurred":0,"prediction":0.1107}},{"type":"Feature","geometry":{"type":"Point","coordinates":[16.0,-14.0]},"properties":{"region":3,"fire_occurred":0,"prediction":0.1008}},{"type":"Feature","geometry":{"type":"Point","coordinates":[16.0,-13.8]},"properties":{"region":3,"fire_occurred":0,"prediction":0.12}},{"type":"Feature","geometry":{"type":"Point","coordinates":[16.0,-13.7]},"properties":{"region":3,"fire_occurred":1,"prediction":0.1054}},{"type":"Feature","geometry":{"type":"Point","coordinates":[16.0,-13.1]},"properties":{"region":3,"fire_occurred":0,"prediction":0.1155}},{"type":"Feature","geometry":{"type":"Point","coordinates":[16.0,-13.0]},"properties":{"region":3,"fire_occurred":0,"prediction":0.206}},{"type":"Feature","geometry":{"type":"Point","coordinates":[16.0,-12.9]},"properties":{"region":3,"fire_occurred":0,"prediction":0.1772}},{"type":"Feature","geometry":{"type":"Point","coordinates":[16.0,-12.8]},"properties":{"region":3,"fire_occurred":1,"prediction":0.2427}},{"type":"Feature","geometry":{"type":"Point","coordinates":[16.0,-12.7]},"properties":{"region":3,"fire_occurred":0,"prediction":0.3491}},{"type":"Feature","geometry":{"type":"Point","coordinates":[16.0,-12.6]},"properties":{"region":3,"fire_occurred":0,"prediction":0.2358}},{"type":"Feature","geometry":{"type":"Point","coordinates":[16.0,-12.4]},"properties":{"region":3,"fire_occurred":0,"prediction":0.1242}},{"type":"Feature","geometry":{"type":"Point","coordinates":[16.0,-12.2]},"properties":{"region":3,"fire_occurred":0,"prediction":0.144}},{"type":"Feature","geometry":{"type":"Point","coordinates":[16.0,-12.1]},"properties":{"region":3,"fire_occurred":0,"prediction":0.1145}},{"type":"Feature","geometry":{"type":"Point","coordinates":[16.0,-12.0]},"properties":{"region":3,"fire_occurred":1,"prediction":0.1568}},{"type":"Feature","geometry":{"type":"Point","coordinates":[16.0,-11.9]},"properties":{"region":3,"fire_occurred":0,"prediction":0.2328}},{"type":"Feature","geometry":{"type":"Point","coordinates":[16.0,-11.8]},"properties":{"region":3,"fire_occurred":0,"prediction":0.1799}},{"type":"Feature","geometry":{"type":"Point","coordinates":[16.0,-11.7]},"properties":{"region":3,"fire_occurred":0,"prediction":0.1626}},{"type":"Feature","geometry":{"type":"Point","coordinates":[16.0,-11.6]},"properties":{"region":3,"fire_occurred":0,"prediction":0.1475}},{"type":"Feature","geometry":{"type":"Point","coordinates":[16.0,-11.5]},"properties":{"region":3,"fire_occurred":0,"prediction":0.255}},{"type":"Feature","geometry":{"type":"Point","coordinates":[16.0,-11.4]},"properties":{"region":3,"fire_occurred":0,"prediction":0.2998}},{"type":"Feature","geometry":{"type":"Point","coordinates":[16.0,-11.3]},"properties":{"region":3,"fire_occurred":0,"prediction":0.3228}},{"type":"Feature","geometry":{"type":"Point","coordinates":[16.0,-11.2]},"properties":{"region":3,"fire_occurred":0,"prediction":0.2114}},{"type":"Feature","geometry":{"type":"Point","coordinates":[16.0,-11.1]},"properties":{"region":3,"fire_occurred":1,"prediction":0.2029}},{"type":"Feature","geometry":{"type":"Point","coordinates":[16.0,-11.0]},"properties":{"region":3,"fire_occurred":0,"prediction":0.3086}},{"type":"Feature","geometry":{"type":"Point","coordinates":[16.0,-10.9]},"properties":{"region":3,"fire_occurred":0,"prediction":0.2846}},{"type":"Feature","geometry":{"type":"Point","coordinates":[16.0,-10.8]},"properties":{"region":3,"fire_occurred":0,"prediction":0.1963}},{"type":"Feature","geometry":{"type":"Point","coordinates":[16.0,-10.7]},"properties":{"region":3,"fire_occurred":0,"prediction":0.2821}},{"type":"Feature","geometry":{"type":"Point","coordinates":[16.0,-10.6]},"properties":{"region":3,"fire_occurred":1,"prediction":0.2482}},{"type":"Feature","geometry":{"type":"Point","coordinates":[16.0,-10.5]},"properties":{"region":3,"fire_occurred":1,"prediction":0.4084}},{"type":"Feature","geometry":{"type":"Point","coordinates":[16.0,-10.4]},"properties":{"region":3,"fire_occurred":0,"prediction":0.3312}},{"type":"Feature","geometry":{"type":"Point","coordinates":[16.0,-10.3]},"properties":{"region":3,"fire_occurred":0,"prediction":0.1246}},{"type":"Feature","geometry":{"type":"Point","coordinates":[16.0,-10.2]},"properties":{"region":3,"fire_occurred":1,"prediction":0.214}},{"type":"Feature","geometry":{"type":"Point","coordinates":[16.0,-10.1]},"properties":{"region":3,"fire_occurred":1,"prediction":0.324}},{"type":"Feature","geometry":{"type":"Point","coordinates":[16.0,-10.0]},"properties":{"region":3,"fire_occurred":0,"prediction":0.1425}},{"type":"Feature","geometry":{"type":"Point","coordinates":[16.0,-9.9]},"properties":{"region":3,"fire_occurred":0,"prediction":0.2606}},{"type":"Feature","geometry":{"type":"Point","coordinates":[16.0,-9.8]},"properties":{"region":3,"fire_occurred":0,"prediction":0.2326}},{"type":"Feature","geometry":{"type":"Point","coordinates":[16.0,-9.7]},"properties":{"region":3,"fire_occurred":1,"prediction":0.3603}},{"type":"Feature","geometry":{"type":"Point","coordinates":[16.0,-9.6]},"properties":{"region":3,"fire_occurred":0,"prediction":0.3862}},{"type":"Feature","geometry":{"type":"Point","coordinates":[16.0,-9.5]},"properties":{"region":3,"fire_occurred":0,"prediction":0.4234}},{"type":"Feature","geometry":{"type":"Point","coordinates":[16.0,-9.4]},"properties":{"region":3,"fire_occurred":0,"prediction":0.3475}},{"type":"Feature","geometry":{"type":"Point","coordinates":[16.0,-9.3]},"properties":{"region":3,"fire_occurred":0,"prediction":0.3906}},{"type":"Feature","geometry":{"type":"Point","coordinates":[16.0,-9.2]},"properties":{"region":3,"fire_occurred":0,"prediction":0.4846}},{"type":"Feature","geometry":{"type":"Point","coordinates":[16.0,-9.1]},"properties":{"region":3,"fire_occurred":0,"prediction":0.4424}},{"type":"Feature","geometry":{"type":"Point","coordinates":[16.1,-14.0]},"properties":{"region":3,"fire_occurred":1,"prediction":0.097}},{"type":"Feature","geometry":{"type":"Point","coordinates":[16.1,-13.9]},"properties":{"region":3,"fire_occurred":0,"prediction":0.1376}},{"type":"Feature","geometry":{"type":"Point","coordinates":[16.1,-13.8]},"properties":{"region":3,"fire_occurred":0,"prediction":0.1497}},{"type":"Feature","geometry":{"type":"Point","coordinates":[16.1,-13.7]},"properties":{"region":3,"fire_occurred":1,"prediction":0.2196}},{"type":"Feature","geometry":{"type":"Point","coordinates":[16.1,-13.5]},"properties":{"region":3,"fire_occurred":0,"prediction":0.1277}},{"type":"Feature","geometry":{"type":"Point","coordinates":[16.1,-12.8]},"properties":{"region":3,"fire_occurred":0,"prediction":0.3441}},{"type":"Feature","geometry":{"type":"Point","coordinates":[16.1,-12.7]},"properties":{"region":3,"fire_occurred":1,"prediction":0.3134}},{"type":"Feature","geometry":{"type":"Point","coordinates":[16.1,-12.6]},"properties":{"region":3,"fire_occurred":0,"prediction":0.2866}},{"type":"Feature","geometry":{"type":"Point","coordinates":[16.1,-12.5]},"properties":{"region":3,"fire_occurred":0,"prediction":0.2825}},{"type":"Feature","geometry":{"type":"Point","coordinates":[16.1,-12.4]},"properties":{"region":3,"fire_occurred":1,"prediction":0.2298}},{"type":"Feature","geometry":{"type":"Point","coordinates":[16.1,-12.3]},"properties":{"region":3,"fire_occurred":0,"prediction":0.2033}},{"type":"Feature","geometry":{"type":"Point","coordinates":[16.1,-12.2]},"properties":{"region":3,"fire_occurred":0,"prediction":0.1735}},{"type":"Feature","geometry":{"type":"Point","coordinates":[16.1,-12.1]},"properties":{"region":3,"fire_occurred":0,"prediction":0.2168}},{"type":"Feature","geometry":{"type":"Point","coordinates":[16.1,-12.0]},"properties":{"region":3,"fire_occurred":1,"prediction":0.3137}},{"type":"Feature","geometry":{"type":"Point","coordinates":[16.1,-11.9]},"properties":{"region":3,"fire_occurred":0,"prediction":0.3319}},{"type":"Feature","geometry":{"type":"Point","coordinates":[16.1,-11.8]},"properties":{"region":3,"fire_occurred":0,"prediction":0.1665}},{"type":"Feature","geometry":{"type":"Point","coordinates":[16.1,-11.7]},"properties":{"region":3,"fire_occurred":0,"prediction":0.1517}},{"type":"Feature","geometry":{"type":"Point","coordinates":[16.1,-11.6]},"properties":{"region":3,"fire_occurred":0,"prediction":0.1018}},{"type":"Feature","geometry":{"type":"Point","coordinates":[16.1,-11.4]},"properties":{"region":3,"fire_occurred":0,"prediction":0.3266}},{"type":"Feature","geometry":{"type":"Point","coordinates":[16.1,-11.3]},"properties":{"region":3,"fire_occurred":0,"prediction":0.2909}},{"type":"Feature","geometry":{"type":"Point","coordinates":[16.1,-11.2]},"properties":{"region":3,"fire_occurred":0,"prediction":0.267}},{"type":"Feature","geometry":{"type":"Point","coordinates":[16.1,-11.1]},"properties":{"region":3,"fire_occurred":0,"prediction":0.221}},{"type":"Feature","geometry":{"type":"Point","coordinates":[16.1,-11.0]},"properties":{"region":3,"fire_occurred":0,"prediction":0.3092}},{"type":"Feature","geometry":{"type":"Point","coordinates":[16.1,-10.9]},"properties":{"region":3,"fire_occurred":0,"prediction":0.1964}},{"type":"Feature","geometry":{"type":"Point","coordinates":[16.1,-10.8]},"properties":{"region":3,"fire_occurred":0,"prediction":0.1052}},{"type":"Feature","geometry":{"type":"Point","coordinates":[16.1,-10.7]},"properties":{"region":3,"fire_occurred":0,"prediction":0.1779}},{"type":"Feature","geometry":{"type":"Point","coordinates":[16.1,-10.6]},"properties":{"region":3,"fire_occurred":0,"prediction":0.1313}},{"type":"Feature","geometry":{"type":"Point","coordinates":[16.1,-10.4]},"properties":{"region":3,"fire_occurred":1,"prediction":0.2388}},{"type":"Feature","geometry":{"type":"Point","coordinates":[16.1,-10.3]},"properties":{"region":3,"fire_occurred":0,"prediction":0.1143}},{"type":"Feature","geometry":{"type":"Point","coordinates":[16.1,-10.2]},"properties":{"region":3,"fire_occurred":0,"prediction":0.1379}},{"type":"Feature","geometry":{"type":"Point","coordinates":[16.1,-10.1]},"properties":{"region":3,"fire_occurred":0,"prediction":0.1132}},{"type":"Feature","geometry":{"type":"Point","coordinates":[16.1,-10.0]},"properties":{"region":3,"fire_occurred":0,"prediction":0.1295}},{"type":"Feature","geometry":{"type":"Point","coordinates":[16.1,-9.9]},"properties":{"region":3,"fire_occurred":0,"prediction":0.2606}},{"type":"Feature","geometry":{"type":"Point","coordinates":[16.1,-9.8]},"properties":{"region":3,"fire_occurred":0,"prediction":0.239}},{"type":"Feature","geometry":{"type":"Point","coordinates":[16.1,-9.7]},"properties":{"region":3,"fire_occurred":0,"prediction":0.5048}},{"type":"Feature","geometry":{"type":"Point","coordinates":[16.1,-9.6]},"properties":{"region":3,"fire_occurred":1,"prediction":0.3822}},{"type":"Feature","geometry":{"type":"Point","coordinates":[16.1,-9.5]},"properties":{"region":3,"fire_occurred":0,"prediction":0.3802}},{"type":"Feature","geometry":{"type":"Point","coordinates":[16.1,-9.4]},"properties":{"region":3,"fire_occurred":0,"prediction":0.4715}},{"type":"Feature","geometry":{"type":"Point","coordinates":[16.1,-9.3]},"properties":{"region":3,"fire_occurred":1,"prediction":0.5892}},{"type":"Feature","geometry":{"type":"Point","coordinates":[16.1,-9.2]},"properties":{"region":3,"fire_occurred":1,"prediction":0.4261}},{"type":"Feature","geometry":{"type":"Point","coordinates":[16.1,-9.1]},"properties":{"region":3,"fire_occurred":0,"prediction":0.3091}},{"type":"Feature","geometry":{"type":"Point","coordinates":[16.2,-13.7]},"properties":{"region":3,"fire_occurred":0,"prediction":0.1172}},{"type":"Feature","geometry":{"type":"Point","coordinates":[16.2,-13.1]},"properties":{"region":3,"fire_occurred":1,"prediction":0.2195}},{"type":"Feature","geometry":{"type":"Point","coordinates":[16.2,-13.0]},"properties":{"region":3,"fire_occurred":0,"prediction":0.1081}},{"type":"Feature","geometry":{"type":"Point","coordinates":[16.2,-12.8]},"properties":{"region":3,"fire_occurred":0,"prediction":0.348}},{"type":"Feature","geometry":{"type":"Point","coordinates":[16.2,-12.7]},"properties":{"region":3,"fire_occurred":0,"prediction":0.2994}},{"type":"Feature","geometry":{"type":"Point","coordinates":[16.2,-12.6]},"properties":{"region":3,"fire_occurred":0,"prediction":0.133}},{"type":"Feature","geometry":{"type":"Point","coordinates":[16.2,-12.5]},"properties":{"region":3,"fire_occurred":0,"prediction":0.2211}},{"type":"Feature","geometry":{"type":"Point","coordinates":[16.2,-12.4]},"properties":{"region":3,"fire_occurred":1,"prediction":0.4206}},{"type":"Feature","geometry":{"type":"Point","coordinates":[16.2,-12.3]},"properties":{"region":3,"fire_occurred":0,"prediction":0.2072}},{"type":"Feature","geometry":{"type":"Point","coordinates":[16.2,-12.2]},"properties":{"region":3,"fire_occurred":0,"prediction":0.1994}},{"type":"Feature","geometry":{"type":"Point","coordinates":[16.2,-12.1]},"properties":{"region":3,"fire_occurred":0,"prediction":0.1087}},{"type":"Feature","geometry":{"type":"Point","coordinates":[16.2,-12.0]},"properties":{"region":3,"fire_occurred":0,"prediction":0.2807}},{"type":"Feature","geometry":{"type":"Point","coordinates":[16.2,-11.9]},"properties":{"region":3,"fire_occurred":0,"prediction":0.4115}},{"type":"Feature","geometry":{"type":"Point","coordinates":[16.2,-11.8]},"properties":{"region":3,"fire_occurred":1,"prediction":0.2879}},{"type":"Feature","geometry":{"type":"Point","coordinates":[16.2,-11.7]},"properties":{"region":3,"fire_occurred":0,"prediction":0.2599}},{"type":"Feature","geometry":{"type":"Point","coordinates":[16.2,-11.6]},"properties":{"region":3,"fire_occurred":0,"prediction":0.1504}},{"type":"Feature","geometry":{"type":"Point","coordinates":[16.2,-11.5]},"properties":{"region":3,"fire_occurred":0,"prediction":0.1183}},{"type":"Feature","geometry":{"type":"Point","coordinates":[16.2,-11.4]},"properties":{"region":3,"fire_occurred":0,"prediction":0.1613}},{"type":"Feature","geometry":{"type":"Point","coordinates":[16.2,-11.3]},"properties":{"region":3,"fire_occurred":0,"prediction":0.1614}},{"type":"Feature","geometry":{"type":"Point","coordinates":[16.2,-11.2]},"properties":{"region":3,"fire_occurred":0,"prediction":0.1397}},{"type":"Feature","geometry":{"type":"Point","coordinates":[16.2,-11.1]},"properties":{"region":3,"fire_occurred":1,"prediction":0.2133}},{"type":"Feature","geometry":{"type":"Point","coordinates":[16.2,-11.0]},"properties":{"region":3,"fire_occurred":0,"prediction":0.1477}},{"type":"Feature","geometry":{"type":"Point","coordinates":[16.2,-10.4]},"properties":{"region":3,"fire_occurred":1,"prediction":0.4122}},{"type":"Feature","geometry":{"type":"Point","coordinates":[16.2,-10.3]},"properties":{"region":3,"fire_occurred":0,"prediction":0.16}},{"type":"Feature","geometry":{"type":"Point","coordinates":[16.2,-10.1]},"properties":{"region":3,"fire_occurred":0,"prediction":0.1332}},{"type":"Feature","geometry":{"type":"Point","coordinates":[16.2,-10.0]},"properties":{"region":3,"fire_occurred":0,"prediction":0.139}},{"type":"Feature","geometry":{"type":"Point","coordinates":[16.2,-9.9]},"properties":{"region":3,"fire_occurred":1,"prediction":0.3689}},{"type":"Feature","geometry":{"type":"Point","coordinates":[16.2,-9.8]},"properties":{"region":3,"fire_occurred":0,"prediction":0.298}},{"type":"Feature","geometry":{"type":"Point","coordinates":[16.2,-9.7]},"properties":{"region":3,"fire_occurred":1,"prediction":0.5451}},{"type":"Feature","geometry":{"type":"Point","coordinates":[16.2,-9.6]},"properties":{"region":3,"fire_occurred":1,"prediction":0.474}},{"type":"Feature","geometry":{"type":"Point","coordinates":[16.2,-9.5]},"properties":{"region":3,"fire_occurred":0,"prediction":0.252}},{"type":"Feature","geometry":{"type":"Point","coordinates":[16.2,-9.4]},"properties":{"region":3,"fire_occurred":0,"prediction":0.3628}},{"type":"Feature","geometry":{"type":"Point","coordinates":[16.2,-9.3]},"properties":{"region":3,"fire_occurred":0,"prediction":0.5764}},{"type":"Feature","geometry":{"type":"Point","coordinates":[16.2,-9.2]},"properties":{"region":3,"fire_occurred":0,"prediction":0.3361}},{"type":"Feature","geometry":{"type":"Point","coordinates":[16.2,-9.1]},"properties":{"region":3,"fire_occurred":0,"prediction":0.2519}},{"type":"Feature","geometry":{"type":"Point","coordinates":[16.3,-14.7]},"properties":{"region":3,"fire_occurred":0,"prediction":0.1092}},{"type":"Feature","geometry":{"type":"Point","coordinates":[16.3,-14.0]},"properties":{"region":3,"fire_occurred":1,"prediction":0.0294}},{"type":"Feature","geometry":{"type":"Point","coordinates":[16.3,-13.9]},"properties":{"region":3,"fire_occurred":1,"prediction":0.131}},{"type":"Feature","geometry":{"type":"Point","coordinates":[16.3,-13.7]},"properties":{"region":3,"fire_occurred":1,"prediction":0.1683}},{"type":"Feature","geometry":{"type":"Point","coordinates":[16.3,-13.3]},"properties":{"region":3,"fire_occurred":0,"prediction":0.1866}},{"type":"Feature","geometry":{"type":"Point","coordinates":[16.3,-13.2]},"properties":{"region":3,"fire_occurred":0,"prediction":0.1329}},{"type":"Feature","geometry":{"type":"Point","coordinates":[16.3,-13.0]},"properties":{"region":3,"fire_occurred":1,"prediction":0.102}},{"type":"Feature","geometry":{"type":"Point","coordinates":[16.3,-12.9]},"properties":{"region":3,"fire_occurred":0,"prediction":0.1693}},{"type":"Feature","geometry":{"type":"Point","coordinates":[16.3,-12.8]},"properties":{"region":3,"fire_occurred":0,"prediction":0.1899}},{"type":"Feature","geometry":{"type":"Point","coordinates":[16.3,-12.7]},"properties":{"region":3,"fire_occurred":1,"prediction":0.2552}},{"type":"Feature","geometry":{"type":"Point","coordinates":[16.3,-12.6]},"properties":{"region":3,"fire_occurred":0,"prediction":0.1947}},{"type":"Feature","geometry":{"type":"Point","coordinates":[16.3,-12.5]},"properties":{"region":3,"fire_occurred":1,"prediction":0.3029}},{"type":"Feature","geometry":{"type":"Point","coordinates":[16.3,-12.4]},"properties":{"region":3,"fire_occurred":1,"prediction":0.3565}},{"type":"Feature","geometry":{"type":"Point","coordinates":[16.3,-12.3]},"properties":{"region":3,"fire_occurred":0,"prediction":0.1825}},{"type":"Feature","geometry":{"type":"Point","coordinates":[16.3,-12.2]},"properties":{"region":3,"fire_occurred":0,"prediction":0.1735}},{"type":"Feature","geometry":{"type":"Point","coordinates":[16.3,-12.0]},"properties":{"region":3,"fire_occurred":0,"prediction":0.1144}},{"type":"Feature","geometry":{"type":"Point","coordinates":[16.3,-11.9]},"properties":{"region":3,"fire_occurred":1,"prediction":0.2147}},{"type":"Feature","geometry":{"type":"Point","coordinates":[16.3,-11.8]},"properties":{"region":3,"fire_occurred":1,"prediction":0.1215}},{"type":"Feature","geometry":{"type":"Point","coordinates":[16.3,-11.7]},"properties":{"region":3,"fire_occurred":0,"prediction":0.3144}},{"type":"Feature","geometry":{"type":"Point","coordinates":[16.3,-11.6]},"properties":{"region":3,"fire_occurred":0,"prediction":0.1601}},{"type":"Feature","geometry":{"type":"Point","coordinates":[16.3,-11.5]},"properties":{"region":3,"fire_occurred":0,"prediction":0.1836}},{"type":"Feature","geometry":{"type":"Point","coordinates":[16.3,-11.4]},"properties":{"region":3,"fire_occurred":1,"prediction":0.0893}},{"type":"Feature","geometry":{"type":"Point","coordinates":[16.3,-11.3]},"properties":{"region":3,"fire_occurred":0,"prediction":0.1801}},{"type":"Feature","geometry":{"type":"Point","coordinates":[16.3,-11.2]},"properties":{"region":3,"fire_occurred":0,"prediction":0.107}},{"type":"Feature","geometry":{"type":"Point","coordinates":[16.3,-10.9]},"properties":{"region":3,"fire_occurred":1,"prediction":0.1115}},{"type":"Feature","geometry":{"type":"Point","coordinates":[16.3,-10.8]},"properties":{"region":3,"fire_occurred":1,"prediction":0.0615}},{"type":"Feature","geometry":{"type":"Point","coordinates":[16.3,-10.6]},"properties":{"region":3,"fire_occurred":1,"prediction":0.2067}},{"type":"Feature","geometry":{"type":"Point","coordinates":[16.3,-10.5]},"properties":{"region":3,"fire_occurred":1,"prediction":0.3304}},{"type":"Feature","geometry":{"type":"Point","coordinates":[16.3,-10.4]},"properties":{"region":3,"fire_occurred":1,"prediction":0.4658}},{"type":"Feature","geometry":{"type":"Point","coordinates":[16.3,-10.3]},"properties":{"region":3,"fire_occurred":1,"prediction":0.49}},{"type":"Feature","geometry":{"type":"Point","coordinates":[16.3,-10.2]},"properties":{"region":3,"fire_occurred":0,"prediction":0.383}},{"type":"Feature","geometry":{"type":"Point","coordinates":[16.3,-10.1]},"properties":{"region":3,"fire_occurred":0,"prediction":0.1239}},{"type":"Feature","geometry":{"type":"Point","coordinates":[16.3,-10.0]},"properties":{"region":3,"fire_occurred":0,"prediction":0.2158}},{"type":"Feature","geometry":{"type":"Point","coordinates":[16.3,-9.9]},"properties":{"region":3,"fire_occurred":0,"prediction":0.3212}},{"type":"Feature","geometry":{"type":"Point","coordinates":[16.3,-9.8]},"properties":{"region":3,"fire_occurred":1,"prediction":0.31}},{"type":"Feature","geometry":{"type":"Point","coordinates":[16.3,-9.7]},"properties":{"region":3,"fire_occurred":1,"prediction":0.1912}},{"type":"Feature","geometry":{"type":"Point","coordinates":[16.3,-9.6]},"properties":{"region":3,"fire_occurred":0,"prediction":0.3015}},{"type":"Feature","geometry":{"type":"Point","coordinates":[16.3,-9.5]},"properties":{"region":3,"fire_occurred":0,"prediction":0.3486}},{"type":"Feature","geometry":{"type":"Point","coordinates":[16.3,-9.4]},"properties":{"region":3,"fire_occurred":1,"prediction":0.5378}},{"type":"Feature","geometry":{"type":"Point","coordinates":[16.3,-9.3]},"properties":{"region":3,"fire_occurred":0,"prediction":0.4754}},{"type":"Feature","geometry":{"type":"Point","coordinates":[16.3,-9.2]},"properties":{"region":3,"fire_occurred":0,"prediction":0.3352}},{"type":"Feature","geometry":{"type":"Point","coordinates":[16.3,-9.1]},"properties":{"region":3,"fire_occurred":0,"prediction":0.1107}},{"type":"Feature","geometry":{"type":"Point","coordinates":[16.4,-13.9]},"properties":{"region":3,"fire_occurred":1,"prediction":0.1424}},{"type":"Feature","geometry":{"type":"Point","coordinates":[16.4,-13.8]},"properties":{"region":3,"fire_occurred":0,"prediction":0.1761}},{"type":"Feature","geometry":{"type":"Point","coordinates":[16.4,-13.7]},"properties":{"region":3,"fire_occurred":0,"prediction":0.1792}},{"type":"Feature","geometry":{"type":"Point","coordinates":[16.4,-13.5]},"properties":{"region":3,"fire_occurred":0,"prediction":0.174}},{"type":"Feature","geometry":{"type":"Point","coordinates":[16.4,-13.4]},"properties":{"region":3,"fire_occurred":0,"prediction":0.2395}},{"type":"Feature","geometry":{"type":"Point","coordinates":[16.4,-13.0]},"properties":{"region":3,"fire_occurred":0,"prediction":0.1401}},{"type":"Feature","geometry":{"type":"Point","coordinates":[16.4,-12.9]},"properties":{"region":3,"fire_occurred":0,"prediction":0.1415}},{"type":"Feature","geometry":{"type":"Point","coordinates":[16.4,-12.8]},"properties":{"region":3,"fire_occurred":0,"prediction":0.1818}},{"type":"Feature","geometry":{"type":"Point","coordinates":[16.4,-12.7]},"properties":{"region":3,"fire_occurred":1,"prediction":0.2299}},{"type":"Feature","geometry":{"type":"Point","coordinates":[16.4,-12.6]},"properties":{"region":3,"fire_occurred":1,"prediction":0.2057}},{"type":"Feature","geometry":{"type":"Point","coordinates":[16.4,-12.5]},"properties":{"region":3,"fire_occurred":1,"prediction":0.2009}},{"type":"Feature","geometry":{"type":"Point","coordinates":[16.4,-12.4]},"properties":{"region":3,"fire_occurred":0,"prediction":0.1885}},{"type":"Feature","geometry":{"type":"Point","coordinates":[16.4,-12.3]},"properties":{"region":3,"fire_occurred":0,"prediction":0.1063}},{"type":"Feature","geometry":{"type":"Point","coordinates":[16.4,-12.2]},"properties":{"region":3,"fire_occurred":0,"prediction":0.2666}},{"type":"Feature","geometry":{"type":"Point","coordinates":[16.4,-12.1]},"properties":{"region":3,"fire_occurred":0,"prediction":0.1724}},{"type":"Feature","geometry":{"type":"Point","coordinates":[16.4,-12.0]},"properties":{"region":3,"fire_occurred":0,"prediction":0.1638}},{"type":"Feature","geometry":{"type":"Point","coordinates":[16.4,-11.8]},"properties":{"region":3,"fire_occurred":0,"prediction":0.1836}},{"type":"Feature","geometry":{"type":"Point","coordinates":[16.4,-11.7]},"properties":{"region":3,"fire_occurred":0,"prediction":0.2502}},{"type":"Feature","geometry":{"type":"Point","coordinates":[16.4,-11.6]},"properties":{"region":3,"fire_occurred":0,"prediction":0.2201}},{"type":"Feature","geometry":{"type":"Point","coordinates":[16.4,-11.5]},"properties":{"region":3,"fire_occurred":1,"prediction":0.2126}},{"type":"Feature","geometry":{"type":"Point","coordinates":[16.4,-11.4]},"properties":{"region":3,"fire_occurred":1,"prediction":0.145}},{"type":"Feature","geometry":{"type":"Point","coordinates":[16.4,-11.3]},"properties":{"region":3,"fire_occurred":0,"prediction":0.254}},{"type":"Feature","geometry":{"type":"Point","coordinates":[16.4,-10.9]},"properties":{"region":3,"fire_occurred":1,"prediction":0.4439}},{"type":"Feature","geometry":{"type":"Point","coordinates":[16.4,-10.8]},"properties":{"region":3,"fire_occurred":1,"prediction":0.279}},{"type":"Feature","geometry":{"type":"Point","coordinates":[16.4,-10.7]},"properties":{"region":3,"fire_occurred":1,"prediction":0.2125}},{"type":"Feature","geometry":{"type":"Point","coordinates":[16.4,-10.6]},"properties":{"region":3,"fire_occurred":1,"prediction":0.3846}},{"type":"Feature","geometry":{"type":"Point","coordinates":[16.4,-10.5]},"properties":{"region":3,"fire_occurred":1,"prediction":0.3455}},{"type":"Feature","geometry":{"type":"Point","coordinates":[16.4,-10.4]},"properties":{"region":3,"fire_occurred":1,"prediction":0.4023}},{"type":"Feature","geometry":{"type":"Point","coordinates":[16.4,-10.3]},"properties":{"region":3,"fire_occurred":0,"prediction":0.3134}},{"type":"Feature","geometry":{"type":"Point","coordinates":[16.4,-10.2]},"properties":{"region":3,"fire_occurred":0,"prediction":0.138}},{"type":"Feature","geometry":{"type":"Point","coordinates":[16.4,-10.1]},"properties":{"region":3,"fire_occurred":0,"prediction":0.1162}},{"type":"Feature","geometry":{"type":"Point","coordinates":[16.4,-10.0]},"properties":{"region":3,"fire_occurred":1,"prediction":0.2001}},{"type":"Feature","geometry":{"type":"Point","coordinates":[16.4,-9.9]},"properties":{"region":3,"fire_occurred":0,"prediction":0.1744}},{"type":"Feature","geometry":{"type":"Point","coordinates":[16.4,-9.8]},"properties":{"region":3,"fire_occurred":1,"prediction":0.5373}},{"type":"Feature","geometry":{"type":"Point","coordinates":[16.4,-9.7]},"properties":{"region":3,"fire_occurred":1,"prediction":0.2853}},{"type":"Feature","geometry":{"type":"Point","coordinates":[16.4,-9.6]},"properties":{"region":3,"fire_occurred":0,"prediction":0.2349}},{"type":"Feature","geometry":{"type":"Point","coordinates":[16.4,-9.5]},"properties":{"region":3,"fire_occurred":1,"prediction":0.3916}},{"type":"Feature","geometry":{"type":"Point","coordinates":[16.4,-9.4]},"properties":{"region":3,"fire_occurred":0,"prediction":0.42}},{"type":"Feature","geometry":{"type":"Point","coordinates":[16.4,-9.3]},"properties":{"region":3,"fire_occurred":0,"prediction":0.4159}},{"type":"Feature","geometry":{"type":"Point","coordinates":[16.4,-9.2]},"properties":{"region":3,"fire_occurred":0,"prediction":0.2582}},{"type":"Feature","geometry":{"type":"Point","coordinates":[16.4,-9.1]},"properties":{"region":3,"fire_occurred":0,"prediction":0.1339}},{"type":"Feature","geometry":{"type":"Point","coordinates":[16.5,-14.0]},"properties":{"region":3,"fire_occurred":1,"prediction":0.0513}},{"type":"Feature","geometry":{"type":"Point","coordinates":[16.5,-13.7]},"properties":{"region":3,"fire_occurred":0,"prediction":0.1318}},{"type":"Feature","geometry":{"type":"Point","coordinates":[16.5,-13.6]},"properties":{"region":3,"fire_occurred":1,"prediction":0.1588}},{"type":"Feature","geometry":{"type":"Point","coordinates":[16.5,-13.5]},"properties":{"region":3,"fire_occurred":1,"prediction":0.1098}},{"type":"Feature","geometry":{"type":"Point","coordinates":[16.5,-13.4]},"properties":{"region":3,"fire_occurred":1,"prediction":0.1844}},{"type":"Feature","geometry":{"type":"Point","coordinates":[16.5,-13.3]},"properties":{"region":3,"fire_occurred":1,"prediction":0.2801}},{"type":"Feature","geometry":{"type":"Point","coordinates":[16.5,-13.2]},"properties":{"region":3,"fire_occurred":0,"prediction":0.151}},{"type":"Feature","geometry":{"type":"Point","coordinates":[16.5,-13.1]},"properties":{"region":3,"fire_occurred":1,"prediction":0.2067}},{"type":"Feature","geometry":{"type":"Point","coordinates":[16.5,-13.0]},"properties":{"region":3,"fire_occurred":1,"prediction":0.21}},{"type":"Feature","geometry":{"type":"Point","coordinates":[16.5,-12.8]},"properties":{"region":3,"fire_occurred":0,"prediction":0.2333}},{"type":"Feature","geometry":{"type":"Point","coordinates":[16.5,-12.7]},"properties":{"region":3,"fire_occurred":0,"prediction":0.2182}},{"type":"Feature","geometry":{"type":"Point","coordinates":[16.5,-12.6]},"properties":{"region":3,"fire_occurred":0,"prediction":0.2735}},{"type":"Feature","geometry":{"type":"Point","coordinates":[16.5,-12.5]},"properties":{"region":3,"fire_occurred":0,"prediction":0.2615}},{"type":"Feature","geometry":{"type":"Point","coordinates":[16.5,-12.4]},"properties":{"region":3,"fire_occurred":0,"prediction":0.1836}},{"type":"Feature","geometry":{"type":"Point","coordinates":[16.5,-12.3]},"properties":{"region":3,"fire_occurred":1,"prediction":0.2567}},{"type":"Feature","geometry":{"type":"Point","coordinates":[16.5,-12.2]},"properties":{"region":3,"fire_occurred":0,"prediction":0.1899}},{"type":"Feature","geometry":{"type":"Point","coordinates":[16.5,-12.1]},"properties":{"region":3,"fire_occurred":1,"prediction":0.3216}},{"type":"Feature","geometry":{"type":"Point","coordinates":[16.5,-12.0]},"properties":{"region":3,"fire_occurred":0,"prediction":0.1662}},{"type":"Feature","geometry":{"type":"Point","coordinates":[16.5,-11.9]},"properties":{"region":3,"fire_occurred":0,"prediction":0.1364}},{"type":"Feature","geometry":{"type":"Point","coordinates":[16.5,-11.8]},"properties":{"region":3,"fire_occurred":0,"prediction":0.1968}},{"type":"Feature","geometry":{"type":"Point","coordinates":[16.5,-11.7]},"properties":{"region":3,"fire_occurred":0,"prediction":0.2102}},{"type":"Feature","geometry":{"type":"Point","coordinates":[16.5,-11.6]},"properties":{"region":3,"fire_occurred":0,"prediction":0.1508}},{"type":"Feature","geometry":{"type":"Point","coordinates":[16.5,-11.5]},"properties":{"region":3,"fire_occurred":0,"prediction":0.2193}},{"type":"Feature","geometry":{"type":"Point","coordinates":[16.5,-11.4]},"properties":{"region":3,"fire_occurred":0,"prediction":0.2203}},{"type":"Feature","geometry":{"type":"Point","coordinates":[16.5,-11.3]},"properties":{"region":3,"fire_occurred":0,"prediction":0.3229}},{"type":"Feature","geometry":{"type":"Point","coordinates":[16.5,-11.2]},"properties":{"region":3,"fire_occurred":0,"prediction":0.1395}},{"type":"Feature","geometry":{"type":"Point","coordinates":[16.5,-11.1]},"properties":{"region":3,"fire_occurred":0,"prediction":0.161}},{"type":"Feature","geometry":{"type":"Point","coordinates":[16.5,-11.0]},"properties":{"region":3,"fire_occurred":0,"prediction":0.1547}},{"type":"Feature","geometry":{"type":"Point","coordinates":[16.5,-10.9]},"properties":{"region":3,"fire_occurred":1,"prediction":0.342}},{"type":"Feature","geometry":{"type":"Point","coordinates":[16.5,-10.8]},"properties":{"region":3,"fire_occurred":1,"prediction":0.1598}},{"type":"Feature","geometry":{"type":"Point","coordinates":[16.5,-10.6]},"properties":{"region":3,"fire_occurred":1,"prediction":0.2628}},{"type":"Feature","geometry":{"type":"Point","coordinates":[16.5,-10.5]},"properties":{"region":3,"fire_occurred":1,"prediction":0.1527}},{"type":"Feature","geometry":{"type":"Point","coordinates":[16.5,-10.4]},"properties":{"region":3,"fire_occurred":1,"prediction":0.4225}},{"type":"Feature","geometry":{"type":"Point","coordinates":[16.5,-10.3]},"properties":{"region":3,"fire_occurred":1,"prediction":0.2882}},{"type":"Feature","geometry":{"type":"Point","coordinates":[16.5,-10.1]},"properties":{"region":3,"fire_occurred":0,"prediction":0.1081}},{"type":"Feature","geometry":{"type":"Point","coordinates":[16.5,-10.0]},"properties":{"region":3,"fire_occurred":1,"prediction":0.1866}},{"type":"Feature","geometry":{"type":"Point","coordinates":[16.5,-9.9]},"properties":{"region":3,"fire_occurred":0,"prediction":0.2022}},{"type":"Feature","geometry":{"type":"Point","coordinates":[16.5,-9.8]},"properties":{"region":3,"fire_occurred":1,"prediction":0.2386}},{"type":"Feature","geometry":{"type":"Point","coordinates":[16.5,-9.7]},"properties":{"region":3,"fire_occurred":0,"prediction":0.4209}},{"type":"Feature","geometry":{"type":"Point","coordinates":[16.5,-9.6]},"properties":{"region":3,"fire_occurred":1,"prediction":0.6544}},{"type":"Feature","geometry":{"type":"Point","coordinates":[16.5,-9.5]},"properties":{"region":3,"fire_occurred":0,"prediction":0.5196}},{"type":"Feature","geometry":{"type":"Point","coordinates":[16.5,-9.4]},"properties":{"region":3,"fire_occurred":0,"prediction":0.5075}},{"type":"Feature","geometry":{"type":"Point","coordinates":[16.5,-9.3]},"properties":{"region":3,"fire_occurred":0,"prediction":0.3602}},{"type":"Feature","geometry":{"type":"Point","coordinates":[16.5,-9.2]},"properties":{"region":3,"fire_occurred":0,"prediction":0.233}},{"type":"Feature","geometry":{"type":"Point","coordinates":[16.5,-9.1]},"properties":{"region":3,"fire_occurred":0,"prediction":0.4588}},{"type":"Feature","geometry":{"type":"Point","coordinates":[16.6,-14.0]},"properties":{"region":3,"fire_occurred":1,"prediction":0.1644}},{"type":"Feature","geometry":{"type":"Point","coordinates":[16.6,-13.9]},"properties":{"region":3,"fire_occurred":0,"prediction":0.1513}},{"type":"Feature","geometry":{"type":"Point","coordinates":[16.6,-13.8]},"properties":{"region":3,"fire_occurred":0,"prediction":0.1433}},{"type":"Feature","geometry":{"type":"Point","coordinates":[16.6,-13.7]},"properties":{"region":3,"fire_occurred":0,"prediction":0.1122}},{"type":"Feature","geometry":{"type":"Point","coordinates":[16.6,-13.6]},"properties":{"region":3,"fire_occurred":0,"prediction":0.1162}},{"type":"Feature","geometry":{"type":"Point","coordinates":[16.6,-13.4]},"properties":{"region":3,"fire_occurred":0,"prediction":0.1521}},{"type":"Feature","geometry":{"type":"Point","coordinates":[16.6,-13.3]},"properties":{"region":3,"fire_occurred":1,"prediction":0.1479}},{"type":"Feature","geometry":{"type":"Point","coordinates":[16.6,-13.1]},"properties":{"region":3,"fire_occurred":0,"prediction":0.1358}},{"type":"Feature","geometry":{"type":"Point","coordinates":[16.6,-13.0]},"properties":{"region":3,"fire_occurred":0,"prediction":0.1926}},{"type":"Feature","geometry":{"type":"Point","coordinates":[16.6,-12.8]},"properties":{"region":3,"fire_occurred":0,"prediction":0.1492}},{"type":"Feature","geometry":{"type":"Point","coordinates":[16.6,-12.7]},"properties":{"region":3,"fire_occurred":0,"prediction":0.2525}},{"type":"Feature","geometry":{"type":"Point","coordinates":[16.6,-12.6]},"properties":{"region":3,"fire_occurred":0,"prediction":0.4378}},{"type":"Feature","geometry":{"type":"Point","coordinates":[16.6,-12.5]},"properties":{"region":3,"fire_occurred":1,"prediction":0.2279}},{"type":"Feature","geometry":{"type":"Point","coordinates":[16.6,-12.4]},"properties":{"region":3,"fire_occurred":0,"prediction":0.2774}},{"type":"Feature","geometry":{"type":"Point","coordinates":[16.6,-12.3]},"properties":{"region":3,"fire_occurred":0,"prediction":0.2846}},{"type":"Feature","geometry":{"type":"Point","coordinates":[16.6,-12.2]},"properties":{"region":3,"fire_occurred":1,"prediction":0.2072}},{"type":"Feature","geometry":{"type":"Point","coordinates":[16.6,-12.1]},"properties":{"region":3,"fire_occurred":0,"prediction":0.247}},{"type":"Feature","geometry":{"type":"Point","coordinates":[16.6,-12.0]},"properties":{"region":3,"fire_occurred":0,"prediction":0.3279}},{"type":"Feature","geometry":{"type":"Point","coordinates":[16.6,-11.9]},"properties":{"region":3,"fire_occurred":0,"prediction":0.2392}},{"type":"Feature","geometry":{"type":"Point","coordinates":[16.6,-11.8]},"properties":{"region":3,"fire_occurred":0,"prediction":0.2539}},{"type":"Feature","geometry":{"type":"Point","coordinates":[16.6,-11.7]},"properties":{"region":3,"fire_occurred":0,"prediction":0.2457}},{"type":"Feature","geometry":{"type":"Point","coordinates":[16.6,-11.6]},"properties":{"region":3,"fire_occurred":0,"prediction":0.223}},{"type":"Feature","geometry":{"type":"Point","coordinates":[16.6,-11.4]},"properties":{"region":3,"fire_occurred":1,"prediction":0.3185}},{"type":"Feature","geometry":{"type":"Point","coordinates":[16.6,-11.3]},"properties":{"region":3,"fire_occurred":0,"prediction":0.2527}},{"type":"Feature","geometry":{"type":"Point","coordinates":[16.6,-11.2]},"properties":{"region":3,"fire_occurred":0,"prediction":0.2217}},{"type":"Feature","geometry":{"type":"Point","coordinates":[16.6,-11.1]},"properties":{"region":3,"fire_occurred":1,"prediction":0.1125}},{"type":"Feature","geometry":{"type":"Point","coordinates":[16.6,-10.9]},"properties":{"region":3,"fire_occurred":1,"prediction":0.1563}},{"type":"Feature","geometry":{"type":"Point","coordinates":[16.6,-10.8]},"properties":{"region":3,"fire_occurred":1,"prediction":0.268}},{"type":"Feature","geometry":{"type":"Point","coordinates":[16.6,-10.7]},"properties":{"region":3,"fire_occurred":1,"prediction":0.1641}},{"type":"Feature","geometry":{"type":"Point","coordinates":[16.6,-10.6]},"properties":{"region":3,"fire_occurred":0,"prediction":0.2075}},{"type":"Feature","geometry":{"type":"Point","coordinates":[16.6,-10.4]},"properties":{"region":3,"fire_occurred":0,"prediction":0.302}},{"type":"Feature","geometry":{"type":"Point","coordinates":[16.6,-10.3]},"properties":{"region":3,"fire_occurred":1,"prediction":0.1245}},{"type":"Feature","geometry":{"type":"Point","coordinates":[16.6,-10.2]},"properties":{"region":3,"fire_occurred":0,"prediction":0.1719}},{"type":"Feature","geometry":{"type":"Point","coordinates":[16.6,-10.1]},"properties":{"region":3,"fire_occurred":0,"prediction":0.2377}},{"type":"Feature","geometry":{"type":"Point","coordinates":[16.6,-10.0]},"properties":{"region":3,"fire_occurred":1,"prediction":0.2}},{"type":"Feature","geometry":{"type":"Point","coordinates":[16.6,-9.9]},"properties":{"region":3,"fire_occurred":1,"prediction":0.2244}},{"type":"Feature","geometry":{"type":"Point","coordinates":[16.6,-9.8]},"properties":{"region":3,"fire_occurred":0,"prediction":0.1563}},{"type":"Feature","geometry":{"type":"Point","coordinates":[16.6,-9.7]},"properties":{"region":3,"fire_occurred":1,"prediction":0.2942}},{"type":"Feature","geometry":{"type":"Point","coordinates":[16.6,-9.6]},"properties":{"region":3,"fire_occurred":1,"prediction":0.6352}},{"type":"Feature","geometry":{"type":"Point","coordinates":[16.6,-9.5]},"properties":{"region":3,"fire_occurred":1,"prediction":0.7403}},{"type":"Feature","geometry":{"type":"Point","coordinates":[16.6,-9.4]},"properties":{"region":3,"fire_occurred":1,"prediction":0.5066}},{"type":"Feature","geometry":{"type":"Point","coordinates":[16.6,-9.3]},"properties":{"region":3,"fire_occurred":0,"prediction":0.2949}},{"type":"Feature","geometry":{"type":"Point","coordinates":[16.6,-9.2]},"properties":{"region":3,"fire_occurred":0,"prediction":0.6421}},{"type":"Feature","geometry":{"type":"Point","coordinates":[16.6,-9.1]},"properties":{"region":3,"fire_occurred":1,"prediction":0.6718}},{"type":"Feature","geometry":{"type":"Point","coordinates":[16.7,-13.9]},"properties":{"region":3,"fire_occurred":1,"prediction":0.0526}},{"type":"Feature","geometry":{"type":"Point","coordinates":[16.7,-13.8]},"properties":{"region":3,"fire_occurred":0,"prediction":0.1093}},{"type":"Feature","geometry":{"type":"Point","coordinates":[16.7,-13.7]},"properties":{"region":3,"fire_occurred":0,"prediction":0.2038}},{"type":"Feature","geometry":{"type":"Point","coordinates":[16.7,-13.6]},"properties":{"region":3,"fire_occurred":1,"prediction":0.0611}},{"type":"Feature","geometry":{"type":"Point","coordinates":[16.7,-13.4]},"properties":{"region":3,"fire_occurred":1,"prediction":0.0936}},{"type":"Feature","geometry":{"type":"Point","coordinates":[16.7,-13.2]},"properties":{"region":3,"fire_occurred":0,"prediction":0.149}},{"type":"Feature","geometry":{"type":"Point","coordinates":[16.7,-12.9]},"properties":{"region":3,"fire_occurred":0,"prediction":0.1503}},{"type":"Feature","geometry":{"type":"Point","coordinates":[16.7,-12.8]},"properties":{"region":3,"fire_occurred":0,"prediction":0.1028}},{"type":"Feature","geometry":{"type":"Point","coordinates":[16.7,-12.7]},"properties":{"region":3,"fire_occurred":0,"prediction":0.1278}},{"type":"Feature","geometry":{"type":"Point","coordinates":[16.7,-12.6]},"properties":{"region":3,"fire_occurred":0,"prediction":0.1139}},{"type":"Feature","geometry":{"type":"Point","coordinates":[16.7,-12.5]},"properties":{"region":3,"fire_occurred":0,"prediction":0.1856}},{"type":"Feature","geometry":{"type":"Point","coordinates":[16.7,-12.4]},"properties":{"region":3,"fire_occurred":0,"prediction":0.1628}},{"type":"Feature","geometry":{"type":"Point","coordinates":[16.7,-12.3]},"properties":{"region":3,"fire_occurred":0,"prediction":0.1324}},{"type":"Feature","geometry":{"type":"Point","coordinates":[16.7,-12.2]},"properties":{"region":3,"fire_occurred":1,"prediction":0.2323}},{"type":"Feature","geometry":{"type":"Point","coordinates":[16.7,-12.1]},"properties":{"region":3,"fire_occurred":1,"prediction":0.275}},{"type":"Feature","geometry":{"type":"Point","coordinates":[16.7,-12.0]},"properties":{"region":3,"fire_occurred":1,"prediction":0.2876}},{"type":"Feature","geometry":{"type":"Point","coordinates":[16.7,-11.9]},"properties":{"region":3,"fire_occurred":1,"prediction":0.2955}},{"type":"Feature","geometry":{"type":"Point","coordinates":[16.7,-11.8]},"properties":{"region":3,"fire_occurred":1,"prediction":0.2781}},{"type":"Feature","geometry":{"type":"Point","coordinates":[16.7,-11.7]},"properties":{"region":3,"fire_occurred":0,"prediction":0.3031}},{"type":"Feature","geometry":{"type":"Point","coordinates":[16.7,-11.6]},"properties":{"region":3,"fire_occurred":1,"prediction":0.2169}},{"type":"Feature","geometry":{"type":"Point","coordinates":[16.7,-11.5]},"properties":{"region":3,"fire_occurred":0,"prediction":0.1491}},{"type":"Feature","geometry":{"type":"Point","coordinates":[16.7,-11.4]},"properties":{"region":3,"fire_occurred":0,"prediction":0.42}},{"type":"Feature","geometry":{"type":"Point","coordinates":[16.7,-11.2]},"properties":{"region":3,"fire_occurred":0,"prediction":0.1148}},{"type":"Feature","geometry":{"type":"Point","coordinates":[16.7,-11.1]},"properties":{"region":3,"fire_occurred":0,"prediction":0.1004}},{"type":"Feature","geometry":{"type":"Point","coordinates":[16.7,-10.8]},"properties":{"region":3,"fire_occurred":1,"prediction":0.2995}},{"type":"Feature","geometry":{"type":"Point","coordinates":[16.7,-10.7]},"properties":{"region":3,"fire_occurred":0,"prediction":0.4392}},{"type":"Feature","geometry":{"type":"Point","coordinates":[16.7,-10.6]},"properties":{"region":3,"fire_occurred":1,"prediction":0.301}},{"type":"Feature","geometry":{"type":"Point","coordinates":[16.7,-10.5]},"properties":{"region":3,"fire_occurred":1,"prediction":0.0804}},{"type":"Feature","geometry":{"type":"Point","coordinates":[16.7,-10.4]},"properties":{"region":3,"fire_occurred":0,"prediction":0.2833}},{"type":"Feature","geometry":{"type":"Point","coordinates":[16.7,-10.1]},"properties":{"region":3,"fire_occurred":1,"prediction":0.1377}},{"type":"Feature","geometry":{"type":"Point","coordinates":[16.7,-10.0]},"properties":{"region":3,"fire_occurred":0,"prediction":0.1071}},{"type":"Feature","geometry":{"type":"Point","coordinates":[16.7,-9.9]},"properties":{"region":3,"fire_occurred":0,"prediction":0.1261}},{"type":"Feature","geometry":{"type":"Point","coordinates":[16.7,-9.8]},"properties":{"region":3,"fire_occurred":1,"prediction":0.3042}},{"type":"Feature","geometry":{"type":"Point","coordinates":[16.7,-9.7]},"properties":{"region":3,"fire_occurred":0,"prediction":0.5752}},{"type":"Feature","geometry":{"type":"Point","coordinates":[16.7,-9.6]},"properties":{"region":3,"fire_occurred":1,"prediction":0.7065}},{"type":"Feature","geometry":{"type":"Point","coordinates":[16.7,-9.5]},"properties":{"region":3,"fire_occurred":1,"prediction":0.6158}},{"type":"Feature","geometry":{"type":"Point","coordinates":[16.7,-9.4]},"properties":{"region":3,"fire_occurred":1,"prediction":0.4613}},{"type":"Feature","geometry":{"type":"Point","coordinates":[16.7,-9.3]},"properties":{"region":3,"fire_occurred":0,"prediction":0.2328}},{"type":"Feature","geometry":{"type":"Point","coordinates":[16.7,-9.2]},"properties":{"region":3,"fire_occurred":1,"prediction":0.6745}},{"type":"Feature","geometry":{"type":"Point","coordinates":[16.7,-9.1]},"properties":{"region":3,"fire_occurred":1,"prediction":0.5732}},{"type":"Feature","geometry":{"type":"Point","coordinates":[16.8,-13.6]},"properties":{"region":3,"fire_occurred":1,"prediction":0.1523}},{"type":"Feature","geometry":{"type":"Point","coordinates":[16.8,-13.3]},"properties":{"region":3,"fire_occurred":1,"prediction":0.0815}},{"type":"Feature","geometry":{"type":"Point","coordinates":[16.8,-13.2]},"properties":{"region":3,"fire_occurred":1,"prediction":0.1853}},{"type":"Feature","geometry":{"type":"Point","coordinates":[16.8,-12.9]},"properties":{"region":3,"fire_occurred":0,"prediction":0.2058}},{"type":"Feature","geometry":{"type":"Point","coordinates":[16.8,-12.6]},"properties":{"region":3,"fire_occurred":1,"prediction":0.1122}},{"type":"Feature","geometry":{"type":"Point","coordinates":[16.8,-12.5]},"properties":{"region":3,"fire_occurred":0,"prediction":0.109}},{"type":"Feature","geometry":{"type":"Point","coordinates":[16.8,-12.4]},"properties":{"region":3,"fire_occurred":0,"prediction":0.2272}},{"type":"Feature","geometry":{"type":"Point","coordinates":[16.8,-12.3]},"properties":{"region":3,"fire_occurred":0,"prediction":0.2498}},{"type":"Feature","geometry":{"type":"Point","coordinates":[16.8,-12.2]},"properties":{"region":3,"fire_occurred":0,"prediction":0.2744}},{"type":"Feature","geometry":{"type":"Point","coordinates":[16.8,-12.1]},"properties":{"region":3,"fire_occurred":0,"prediction":0.2471}},{"type":"Feature","geometry":{"type":"Point","coordinates":[16.8,-12.0]},"properties":{"region":3,"fire_occurred":0,"prediction":0.208}},{"type":"Feature","geometry":{"type":"Point","coordinates":[16.8,-11.9]},"properties":{"region":3,"fire_occurred":0,"prediction":0.2988}},{"type":"Feature","geometry":{"type":"Point","coordinates":[16.8,-11.8]},"properties":{"region":3,"fire_occurred":1,"prediction":0.3596}},{"type":"Feature","geometry":{"type":"Point","coordinates":[16.8,-11.7]},"properties":{"region":3,"fire_occurred":0,"prediction":0.4011}},{"type":"Feature","geometry":{"type":"Point","coordinates":[16.8,-11.6]},"properties":{"region":3,"fire_occurred":0,"prediction":0.4074}},{"type":"Feature","geometry":{"type":"Point","coordinates":[16.8,-11.5]},"properties":{"region":3,"fire_occurred":1,"prediction":0.1291}},{"type":"Feature","geometry":{"type":"Point","coordinates":[16.8,-11.4]},"properties":{"region":3,"fire_occurred":0,"prediction":0.2876}},{"type":"Feature","geometry":{"type":"Point","coordinates":[16.8,-11.2]},"properties":{"region":3,"fire_occurred":0,"prediction":0.1399}},{"type":"Feature","geometry":{"type":"Point","coordinates":[16.8,-10.8]},"properties":{"region":3,"fire_occurred":1,"prediction":0.2588}},{"type":"Feature","geometry":{"type":"Point","coordinates":[16.8,-10.7]},"properties":{"region":3,"fire_occurred":1,"prediction":0.3501}},{"type":"Feature","geometry":{"type":"Point","coordinates":[16.8,-10.6]},"properties":{"region":3,"fire_occurred":0,"prediction":0.3369}},{"type":"Feature","geometry":{"type":"Point","coordinates":[16.8,-10.5]},"properties":{"region":3,"fire_occurred":1,"prediction":0.1122}},{"type":"Feature","geometry":{"type":"Point","coordinates":[16.8,-10.4]},"properties":{"region":3,"fire_occurred":0,"prediction":0.1836}},{"type":"Feature","geometry":{"type":"Point","coordinates":[16.8,-10.3]},"properties":{"region":3,"fire_occurred":0,"prediction":0.1743}},{"type":"Feature","geometry":{"type":"Point","coordinates":[16.8,-10.2]},"properties":{"region":3,"fire_occurred":0,"prediction":0.1625}},{"type":"Feature","geometry":{"type":"Point","coordinates":[16.8,-10.0]},"properties":{"region":3,"fire_occurred":0,"prediction":0.2453}},{"type":"Feature","geometry":{"type":"Point","coordinates":[16.8,-9.9]},"properties":{"region":3,"fire_occurred":1,"prediction":0.2249}},{"type":"Feature","geometry":{"type":"Point","coordinates":[16.8,-9.8]},"properties":{"region":3,"fire_occurred":0,"prediction":0.1151}},{"type":"Feature","geometry":{"type":"Point","coordinates":[16.8,-9.7]},"properties":{"region":3,"fire_occurred":0,"prediction":0.2003}},{"type":"Feature","geometry":{"type":"Point","coordinates":[16.8,-9.6]},"properties":{"region":3,"fire_occurred":1,"prediction":0.6422}},{"type":"Feature","geometry":{"type":"Point","coordinates":[16.8,-9.5]},"properties":{"region":3,"fire_occurred":1,"prediction":0.657}},{"type":"Feature","geometry":{"type":"Point","coordinates":[16.8,-9.4]},"properties":{"region":3,"fire_occurred":1,"prediction":0.6216}},{"type":"Feature","geometry":{"type":"Point","coordinates":[16.8,-9.3]},"properties":{"region":3,"fire_occurred":1,"prediction":0.3303}},{"type":"Feature","geometry":{"type":"Point","coordinates":[16.8,-9.2]},"properties":{"region":3,"fire_occurred":1,"prediction":0.5595}},{"type":"Feature","geometry":{"type":"Point","coordinates":[16.8,-9.1]},"properties":{"region":3,"fire_occurred":1,"prediction":0.6393}},{"type":"Feature","geometry":{"type":"Point","coordinates":[16.9,-14.0]},"properties":{"region":3,"fire_occurred":1,"prediction":0.0611}},{"type":"Feature","geometry":{"type":"Point","coordinates":[16.9,-13.9]},"properties":{"region":3,"fire_occurred":1,"prediction":0.1393}},{"type":"Feature","geometry":{"type":"Point","coordinates":[16.9,-13.8]},"properties":{"region":3,"fire_occurred":1,"prediction":0.0674}},{"type":"Feature","geometry":{"type":"Point","coordinates":[16.9,-13.3]},"properties":{"region":3,"fire_occurred":0,"prediction":0.1005}},{"type":"Feature","geometry":{"type":"Point","coordinates":[16.9,-13.2]},"properties":{"region":3,"fire_occurred":0,"prediction":0.1205}},{"type":"Feature","geometry":{"type":"Point","coordinates":[16.9,-12.7]},"properties":{"region":3,"fire_occurred":0,"prediction":0.1788}},{"type":"Feature","geometry":{"type":"Point","coordinates":[16.9,-12.6]},"properties":{"region":3,"fire_occurred":1,"prediction":0.0856}},{"type":"Feature","geometry":{"type":"Point","coordinates":[16.9,-12.5]},"properties":{"region":3,"fire_occurred":0,"prediction":0.2404}},{"type":"Feature","geometry":{"type":"Point","coordinates":[16.9,-12.4]},"properties":{"region":3,"fire_occurred":1,"prediction":0.1399}},{"type":"Feature","geometry":{"type":"Point","coordinates":[16.9,-12.3]},"properties":{"region":3,"fire_occurred":1,"prediction":0.3643}},{"type":"Feature","geometry":{"type":"Point","coordinates":[16.9,-12.2]},"properties":{"region":3,"fire_occurred":1,"prediction":0.2871}},{"type":"Feature","geometry":{"type":"Point","coordinates":[16.9,-12.1]},"properties":{"region":3,"fire_occurred":0,"prediction":0.1344}},{"type":"Feature","geometry":{"type":"Point","coordinates":[16.9,-12.0]},"properties":{"region":3,"fire_occurred":0,"prediction":0.1947}},{"type":"Feature","geometry":{"type":"Point","coordinates":[16.9,-11.9]},"properties":{"region":3,"fire_occurred":0,"prediction":0.2217}},{"type":"Feature","geometry":{"type":"Point","coordinates":[16.9,-11.8]},"properties":{"region":3,"fire_occurred":0,"prediction":0.251}},{"type":"Feature","geometry":{"type":"Point","coordinates":[16.9,-11.7]},"properties":{"region":3,"fire_occurred":0,"prediction":0.339}},{"type":"Feature","geometry":{"type":"Point","coordinates":[16.9,-11.6]},"properties":{"region":3,"fire_occurred":0,"prediction":0.3165}},{"type":"Feature","geometry":{"type":"Point","coordinates":[16.9,-11.5]},"properties":{"region":3,"fire_occurred":0,"prediction":0.2964}},{"type":"Feature","geometry":{"type":"Point","coordinates":[16.9,-11.4]},"properties":{"region":3,"fire_occurred":0,"prediction":0.4908}},{"type":"Feature","geometry":{"type":"Point","coordinates":[16.9,-11.2]},"properties":{"region":3,"fire_occurred":0,"prediction":0.1387}},{"type":"Feature","geometry":{"type":"Point","coordinates":[16.9,-11.1]},"properties":{"region":3,"fire_occurred":0,"prediction":0.1165}},{"type":"Feature","geometry":{"type":"Point","coordinates":[16.9,-10.9]},"properties":{"region":3,"fire_occurred":0,"prediction":0.1158}},{"type":"Feature","geometry":{"type":"Point","coordinates":[16.9,-10.8]},"properties":{"region":3,"fire_occurred":0,"prediction":0.194}},{"type":"Feature","geometry":{"type":"Point","coordinates":[16.9,-10.7]},"properties":{"region":3,"fire_occurred":0,"prediction":0.3812}},{"type":"Feature","geometry":{"type":"Point","coordinates":[16.9,-10.6]},"properties":{"region":3,"fire_occurred":0,"prediction":0.2287}},{"type":"Feature","geometry":{"type":"Point","coordinates":[16.9,-10.5]},"properties":{"region":3,"fire_occurred":1,"prediction":0.0772}},{"type":"Feature","geometry":{"type":"Point","coordinates":[16.9,-10.3]},"properties":{"region":3,"fire_occurred":1,"prediction":0.2343}},{"type":"Feature","geometry":{"type":"Point","coordinates":[16.9,-10.1]},"properties":{"region":3,"fire_occurred":0,"prediction":0.1008}},{"type":"Feature","geometry":{"type":"Point","coordinates":[16.9,-10.0]},"properties":{"region":3,"fire_occurred":0,"prediction":0.1233}},{"type":"Feature","geometry":{"type":"Point","coordinates":[16.9,-9.9]},"properties":{"region":3,"fire_occurred":0,"prediction":0.237}},{"type":"Feature","geometry":{"type":"Point","coordinates":[16.9,-9.7]},"properties":{"region":3,"fire_occurred":1,"prediction":0.389}},{"type":"Feature","geometry":{"type":"Point","coordinates":[16.9,-9.6]},"properties":{"region":3,"fire_occurred":1,"prediction":0.5456}},{"type":"Feature","geometry":{"type":"Point","coordinates":[16.9,-9.5]},"properties":{"region":3,"fire_occurred":1,"prediction":0.5835}},{"type":"Feature","geometry":{"type":"Point","coordinates":[16.9,-9.4]},"properties":{"region":3,"fire_occurred":1,"prediction":0.4738}},{"type":"Feature","geometry":{"type":"Point","coordinates":[16.9,-9.3]},"properties":{"region":3,"fire_occurred":1,"prediction":0.4402}},{"type":"Feature","geometry":{"type":"Point","coordinates":[16.9,-9.2]},"properties":{"region":3,"fire_occurred":0,"prediction":0.1165}},{"type":"Feature","geometry":{"type":"Point","coordinates":[16.9,-9.1]},"properties":{"region":3,"fire_occurred":0,"prediction":0.4135}},{"type":"Feature","geometry":{"type":"Point","coordinates":[17.0,-13.9]},"properties":{"region":3,"fire_occurred":1,"prediction":0.0845}},{"type":"Feature","geometry":{"type":"Point","coordinates":[17.0,-13.8]},"properties":{"region":3,"fire_occurred":0,"prediction":0.1028}},{"type":"Feature","geometry":{"type":"Point","coordinates":[17.0,-13.7]},"properties":{"region":3,"fire_occurred":1,"prediction":0.0875}},{"type":"Feature","geometry":{"type":"Point","coordinates":[17.0,-13.5]},"properties":{"region":3,"fire_occurred":0,"prediction":0.1344}},{"type":"Feature","geometry":{"type":"Point","coordinates":[17.0,-13.4]},"properties":{"region":3,"fire_occurred":0,"prediction":0.1054}},{"type":"Feature","geometry":{"type":"Point","coordinates":[17.0,-13.2]},"properties":{"region":3,"fire_occurred":1,"prediction":0.1299}},{"type":"Feature","geometry":{"type":"Point","coordinates":[17.0,-12.8]},"properties":{"region":3,"fire_occurred":0,"prediction":0.1174}},{"type":"Feature","geometry":{"type":"Point","coordinates":[17.0,-12.7]},"properties":{"region":3,"fire_occurred":0,"prediction":0.188}},{"type":"Feature","geometry":{"type":"Point","coordinates":[17.0,-12.6]},"properties":{"region":3,"fire_occurred":0,"prediction":0.1126}},{"type":"Feature","geometry":{"type":"Point","coordinates":[17.0,-12.5]},"properties":{"region":3,"fire_occurred":0,"prediction":0.2167}},{"type":"Feature","geometry":{"type":"Point","coordinates":[17.0,-12.4]},"properties":{"region":3,"fire_occurred":1,"prediction":0.2307}},{"type":"Feature","geometry":{"type":"Point","coordinates":[17.0,-12.3]},"properties":{"region":3,"fire_occurred":0,"prediction":0.1289}},{"type":"Feature","geometry":{"type":"Point","coordinates":[17.0,-12.2]},"properties":{"region":3,"fire_occurred":0,"prediction":0.1856}},{"type":"Feature","geometry":{"type":"Point","coordinates":[17.0,-12.1]},"properties":{"region":3,"fire_occurred":0,"prediction":0.1373}},{"type":"Feature","geometry":{"type":"Point","coordinates":[17.0,-11.9]},"properties":{"region":3,"fire_occurred":1,"prediction":0.1902}},{"type":"Feature","geometry":{"type":"Point","coordinates":[17.0,-11.8]},"properties":{"region":3,"fire_occurred":0,"prediction":0.2954}},{"type":"Feature","geometry":{"type":"Point","coordinates":[17.0,-11.7]},"properties":{"region":3,"fire_occurred":0,"prediction":0.372}},{"type":"Feature","geometry":{"type":"Point","coordinates":[17.0,-11.6]},"properties":{"region":3,"fire_occurred":0,"prediction":0.3332}},{"type":"Feature","geometry":{"type":"Point","coordinates":[17.0,-11.5]},"properties":{"region":3,"fire_occurred":1,"prediction":0.2147}},{"type":"Feature","geometry":{"type":"Point","coordinates":[17.0,-11.4]},"properties":{"region":3,"fire_occurred":0,"prediction":0.2283}},{"type":"Feature","geometry":{"type":"Point","coordinates":[17.0,-11.1]},"properties":{"region":3,"fire_occurred":1,"prediction":0.0966}},{"type":"Feature","geometry":{"type":"Point","coordinates":[17.0,-11.0]},"properties":{"region":3,"fire_occurred":0,"prediction":0.1382}},{"type":"Feature","geometry":{"type":"Point","coordinates":[17.0,-10.9]},"properties":{"region":3,"fire_occurred":1,"prediction":0.2484}},{"type":"Feature","geometry":{"type":"Point","coordinates":[17.0,-10.8]},"properties":{"region":3,"fire_occurred":1,"prediction":0.2558}},{"type":"Feature","geometry":{"type":"Point","coordinates":[17.0,-10.7]},"properties":{"region":3,"fire_occurred":1,"prediction":0.5041}},{"type":"Feature","geometry":{"type":"Point","coordinates":[17.0,-10.6]},"properties":{"region":3,"fire_occurred":1,"prediction":0.2098}},{"type":"Feature","geometry":{"type":"Point","coordinates":[17.0,-10.5]},"properties":{"region":3,"fire_occurred":1,"prediction":0.2974}},{"type":"Feature","geometry":{"type":"Point","coordinates":[17.0,-10.4]},"properties":{"region":3,"fire_occurred":0,"prediction":0.262}},{"type":"Feature","geometry":{"type":"Point","coordinates":[17.0,-10.3]},"properties":{"region":3,"fire_occurred":1,"prediction":0.2869}},{"type":"Feature","geometry":{"type":"Point","coordinates":[17.0,-10.2]},"properties":{"region":3,"fire_occurred":0,"prediction":0.1241}},{"type":"Feature","geometry":{"type":"Point","coordinates":[17.0,-10.1]},"properties":{"region":3,"fire_occurred":0,"prediction":0.1573}},{"type":"Feature","geometry":{"type":"Point","coordinates":[17.0,-9.9]},"properties":{"region":3,"fire_occurred":1,"prediction":0.126}},{"type":"Feature","geometry":{"type":"Point","coordinates":[17.0,-9.8]},"properties":{"region":3,"fire_occurred":0,"prediction":0.1767}},{"type":"Feature","geometry":{"type":"Point","coordinates":[17.0,-9.7]},"properties":{"region":3,"fire_occurred":1,"prediction":0.1352}},{"type":"Feature","geometry":{"type":"Point","coordinates":[17.0,-9.6]},"properties":{"region":3,"fire_occurred":1,"prediction":0.2277}},{"type":"Feature","geometry":{"type":"Point","coordinates":[17.0,-9.5]},"properties":{"region":3,"fire_occurred":1,"prediction":0.6847}},{"type":"Feature","geometry":{"type":"Point","coordinates":[17.0,-9.4]},"properties":{"region":3,"fire_occurred":1,"prediction":0.5585}},{"type":"Feature","geometry":{"type":"Point","coordinates":[17.0,-9.3]},"properties":{"region":3,"fire_occurred":0,"prediction":0.3886}},{"type":"Feature","geometry":{"type":"Point","coordinates":[17.0,-9.2]},"properties":{"region":3,"fire_occurred":0,"prediction":0.3149}},{"type":"Feature","geometry":{"type":"Point","coordinates":[17.0,-9.1]},"properties":{"region":3,"fire_occurred":0,"prediction":0.4853}},{"type":"Feature","geometry":{"type":"Point","coordinates":[17.1,-13.2]},"properties":{"region":3,"fire_occurred":0,"prediction":0.1207}},{"type":"Feature","geometry":{"type":"Point","coordinates":[17.1,-13.1]},"properties":{"region":3,"fire_occurred":1,"prediction":0.0599}},{"type":"Feature","geometry":{"type":"Point","coordinates":[17.1,-12.8]},"properties":{"region":3,"fire_occurred":0,"prediction":0.1193}},{"type":"Feature","geometry":{"type":"Point","coordinates":[17.1,-12.7]},"properties":{"region":3,"fire_occurred":0,"prediction":0.1282}},{"type":"Feature","geometry":{"type":"Point","coordinates":[17.1,-12.5]},"properties":{"region":3,"fire_occurred":1,"prediction":0.1836}},{"type":"Feature","geometry":{"type":"Point","coordinates":[17.1,-12.4]},"properties":{"region":3,"fire_occurred":0,"prediction":0.1884}},{"type":"Feature","geometry":{"type":"Point","coordinates":[17.1,-12.3]},"properties":{"region":3,"fire_occurred":0,"prediction":0.182}},{"type":"Feature","geometry":{"type":"Point","coordinates":[17.1,-12.2]},"properties":{"region":3,"fire_occurred":0,"prediction":0.1076}},{"type":"Feature","geometry":{"type":"Point","coordinates":[17.1,-12.0]},"properties":{"region":3,"fire_occurred":0,"prediction":0.1449}},{"type":"Feature","geometry":{"type":"Point","coordinates":[17.1,-11.9]},"properties":{"region":3,"fire_occurred":0,"prediction":0.1006}},{"type":"Feature","geometry":{"type":"Point","coordinates":[17.1,-11.8]},"properties":{"region":3,"fire_occurred":0,"prediction":0.2005}},{"type":"Feature","geometry":{"type":"Point","coordinates":[17.1,-11.7]},"properties":{"region":3,"fire_occurred":1,"prediction":0.2388}},{"type":"Feature","geometry":{"type":"Point","coordinates":[17.1,-11.6]},"properties":{"region":3,"fire_occurred":0,"prediction":0.1906}},{"type":"Feature","geometry":{"type":"Point","coordinates":[17.1,-11.5]},"properties":{"region":3,"fire_occurred":0,"prediction":0.238}},{"type":"Feature","geometry":{"type":"Point","coordinates":[17.1,-11.4]},"properties":{"region":3,"fire_occurred":1,"prediction":0.2624}},{"type":"Feature","geometry":{"type":"Point","coordinates":[17.1,-10.9]},"properties":{"region":3,"fire_occurred":1,"prediction":0.1791}},{"type":"Feature","geometry":{"type":"Point","coordinates":[17.1,-10.8]},"properties":{"region":3,"fire_occurred":1,"prediction":0.2886}},{"type":"Feature","geometry":{"type":"Point","coordinates":[17.1,-10.7]},"properties":{"region":3,"fire_occurred":0,"prediction":0.4035}},{"type":"Feature","geometry":{"type":"Point","coordinates":[17.1,-10.6]},"properties":{"region":3,"fire_occurred":0,"prediction":0.4937}},{"type":"Feature","geometry":{"type":"Point","coordinates":[17.1,-10.5]},"properties":{"region":3,"fire_occurred":0,"prediction":0.4874}},{"type":"Feature","geometry":{"type":"Point","coordinates":[17.1,-10.4]},"properties":{"region":3,"fire_occurred":0,"prediction":0.2103}},{"type":"Feature","geometry":{"type":"Point","coordinates":[17.1,-10.3]},"properties":{"region":3,"fire_occurred":1,"prediction":0.1271}},{"type":"Feature","geometry":{"type":"Point","coordinates":[17.1,-10.2]},"properties":{"region":3,"fire_occurred":1,"prediction":0.1784}},{"type":"Feature","geometry":{"type":"Point","coordinates":[17.1,-10.1]},"properties":{"region":3,"fire_occurred":0,"prediction":0.4896}},{"type":"Feature","geometry":{"type":"Point","coordinates":[17.1,-9.8]},"properties":{"region":3,"fire_occurred":0,"prediction":0.1177}},{"type":"Feature","geometry":{"type":"Point","coordinates":[17.1,-9.7]},"properties":{"region":3,"fire_occurred":1,"prediction":0.4177}},{"type":"Feature","geometry":{"type":"Point","coordinates":[17.1,-9.6]},"properties":{"region":3,"fire_occurred":1,"prediction":0.3063}},{"type":"Feature","geometry":{"type":"Point","coordinates":[17.1,-9.5]},"properties":{"region":3,"fire_occurred":1,"prediction":0.3976}},{"type":"Feature","geometry":{"type":"Point","coordinates":[17.1,-9.4]},"properties":{"region":3,"fire_occurred":1,"prediction":0.6012}},{"type":"Feature","geometry":{"type":"Point","coordinates":[17.1,-9.3]},"properties":{"region":3,"fire_occurred":1,"prediction":0.536}},{"type":"Feature","geometry":{"type":"Point","coordinates":[17.1,-9.2]},"properties":{"region":3,"fire_occurred":1,"prediction":0.5315}},{"type":"Feature","geometry":{"type":"Point","coordinates":[17.1,-9.1]},"properties":{"region":3,"fire_occurred":0,"prediction":0.2701}},{"type":"Feature","geometry":{"type":"Point","coordinates":[17.2,-14.0]},"properties":{"region":3,"fire_occurred":1,"prediction":0.1386}},{"type":"Feature","geometry":{"type":"Point","coordinates":[17.2,-13.4]},"properties":{"region":3,"fire_occurred":0,"prediction":0.167}},{"type":"Feature","geometry":{"type":"Point","coordinates":[17.2,-13.2]},"properties":{"region":3,"fire_occurred":0,"prediction":0.1057}},{"type":"Feature","geometry":{"type":"Point","coordinates":[17.2,-12.8]},"properties":{"region":3,"fire_occurred":0,"prediction":0.1086}},{"type":"Feature","geometry":{"type":"Point","coordinates":[17.2,-12.7]},"properties":{"region":3,"fire_occurred":0,"prediction":0.1384}},{"type":"Feature","geometry":{"type":"Point","coordinates":[17.2,-12.5]},"properties":{"region":3,"fire_occurred":0,"prediction":0.1902}},{"type":"Feature","geometry":{"type":"Point","coordinates":[17.2,-12.4]},"properties":{"region":3,"fire_occurred":0,"prediction":0.2058}},{"type":"Feature","geometry":{"type":"Point","coordinates":[17.2,-12.3]},"properties":{"region":3,"fire_occurred":1,"prediction":0.1963}},{"type":"Feature","geometry":{"type":"Point","coordinates":[17.2,-12.2]},"properties":{"region":3,"fire_occurred":0,"prediction":0.1619}},{"type":"Feature","geometry":{"type":"Point","coordinates":[17.2,-11.8]},"properties":{"region":3,"fire_occurred":0,"prediction":0.107}},{"type":"Feature","geometry":{"type":"Point","coordinates":[17.2,-11.7]},"properties":{"region":3,"fire_occurred":0,"prediction":0.2356}},{"type":"Feature","geometry":{"type":"Point","coordinates":[17.2,-11.6]},"properties":{"region":3,"fire_occurred":0,"prediction":0.1903}},{"type":"Feature","geometry":{"type":"Point","coordinates":[17.2,-11.5]},"properties":{"region":3,"fire_occurred":0,"prediction":0.2405}},{"type":"Feature","geometry":{"type":"Point","coordinates":[17.2,-11.4]},"properties":{"region":3,"fire_occurred":0,"prediction":0.1855}},{"type":"Feature","geometry":{"type":"Point","coordinates":[17.2,-11.1]},"properties":{"region":3,"fire_occurred":1,"prediction":0.1308}},{"type":"Feature","geometry":{"type":"Point","coordinates":[17.2,-11.0]},"properties":{"region":3,"fire_occurred":1,"prediction":0.0954}},{"type":"Feature","geometry":{"type":"Point","coordinates":[17.2,-10.9]},"properties":{"region":3,"fire_occurred":0,"prediction":0.2403}},{"type":"Feature","geometry":{"type":"Point","coordinates":[17.2,-10.8]},"properties":{"region":3,"fire_occurred":1,"prediction":0.198}},{"type":"Feature","geometry":{"type":"Point","coordinates":[17.2,-10.7]},"properties":{"region":3,"fire_occurred":0,"prediction":0.3142}},{"type":"Feature","geometry":{"type":"Point","coordinates":[17.2,-10.6]},"properties":{"region":3,"fire_occurred":0,"prediction":0.2759}},{"type":"Feature","geometry":{"type":"Point","coordinates":[17.2,-10.5]},"properties":{"region":3,"fire_occurred":1,"prediction":0.3625}},{"type":"Feature","geometry":{"type":"Point","coordinates":[17.2,-10.4]},"properties":{"region":3,"fire_occurred":0,"prediction":0.1134}},{"type":"Feature","geometry":{"type":"Point","coordinates":[17.2,-10.3]},"properties":{"region":3,"fire_occurred":0,"prediction":0.1479}},{"type":"Feature","geometry":{"type":"Point","coordinates":[17.2,-10.2]},"properties":{"region":3,"fire_occurred":0,"prediction":0.3179}},{"type":"Feature","geometry":{"type":"Point","coordinates":[17.2,-10.1]},"properties":{"region":3,"fire_occurred":1,"prediction":0.565}},{"type":"Feature","geometry":{"type":"Point","coordinates":[17.2,-10.0]},"properties":{"region":3,"fire_occurred":0,"prediction":0.1401}},{"type":"Feature","geometry":{"type":"Point","coordinates":[17.2,-9.9]},"properties":{"region":3,"fire_occurred":0,"prediction":0.1295}},{"type":"Feature","geometry":{"type":"Point","coordinates":[17.2,-9.8]},"properties":{"region":3,"fire_occurred":0,"prediction":0.3078}},{"type":"Feature","geometry":{"type":"Point","coordinates":[17.2,-9.7]},"properties":{"region":3,"fire_occurred":0,"prediction":0.2126}},{"type":"Feature","geometry":{"type":"Point","coordinates":[17.2,-9.6]},"properties":{"region":3,"fire_occurred":1,"prediction":0.5064}},{"type":"Feature","geometry":{"type":"Point","coordinates":[17.2,-9.5]},"properties":{"region":3,"fire_occurred":1,"prediction":0.6139}},{"type":"Feature","geometry":{"type":"Point","coordinates":[17.2,-9.4]},"properties":{"region":3,"fire_occurred":1,"prediction":0.6209}},{"type":"Feature","geometry":{"type":"Point","coordinates":[17.2,-9.3]},"properties":{"region":3,"fire_occurred":0,"prediction":0.4639}},{"type":"Feature","geometry":{"type":"Point","coordinates":[17.2,-9.2]},"properties":{"region":3,"fire_occurred":0,"prediction":0.5183}},{"type":"Feature","geometry":{"type":"Point","coordinates":[17.2,-9.1]},"properties":{"region":3,"fire_occurred":0,"prediction":0.5509}},{"type":"Feature","geometry":{"type":"Point","coordinates":[17.3,-14.5]},"properties":{"region":3,"fire_occurred":0,"prediction":0.1075}},{"type":"Feature","geometry":{"type":"Point","coordinates":[17.3,-13.4]},"properties":{"region":3,"fire_occurred":0,"prediction":0.1255}},{"type":"Feature","geometry":{"type":"Point","coordinates":[17.3,-13.2]},"properties":{"region":3,"fire_occurred":1,"prediction":0.0704}},{"type":"Feature","geometry":{"type":"Point","coordinates":[17.3,-13.1]},"properties":{"region":3,"fire_occurred":1,"prediction":0.0766}},{"type":"Feature","geometry":{"type":"Point","coordinates":[17.3,-13.0]},"properties":{"region":3,"fire_occurred":1,"prediction":0.0697}},{"type":"Feature","geometry":{"type":"Point","coordinates":[17.3,-12.8]},"properties":{"region":3,"fire_occurred":1,"prediction":0.1277}},{"type":"Feature","geometry":{"type":"Point","coordinates":[17.3,-12.7]},"properties":{"region":3,"fire_occurred":0,"prediction":0.1117}},{"type":"Feature","geometry":{"type":"Point","coordinates":[17.3,-12.4]},"properties":{"region":3,"fire_occurred":0,"prediction":0.1241}},{"type":"Feature","geometry":{"type":"Point","coordinates":[17.3,-12.1]},"properties":{"region":3,"fire_occurred":1,"prediction":0.0257}},{"type":"Feature","geometry":{"type":"Point","coordinates":[17.3,-11.7]},"properties":{"region":3,"fire_occurred":0,"prediction":0.166}},{"type":"Feature","geometry":{"type":"Point","coordinates":[17.3,-11.6]},"properties":{"region":3,"fire_occurred":0,"prediction":0.16}},{"type":"Feature","geometry":{"type":"Point","coordinates":[17.3,-11.5]},"properties":{"region":3,"fire_occurred":0,"prediction":0.1261}},{"type":"Feature","geometry":{"type":"Point","coordinates":[17.3,-11.4]},"properties":{"region":3,"fire_occurred":0,"prediction":0.104}},{"type":"Feature","geometry":{"type":"Point","coordinates":[17.3,-11.3]},"properties":{"region":3,"fire_occurred":0,"prediction":0.1873}},{"type":"Feature","geometry":{"type":"Point","coordinates":[17.3,-11.2]},"properties":{"region":3,"fire_occurred":1,"prediction":0.2063}},{"type":"Feature","geometry":{"type":"Point","coordinates":[17.3,-10.8]},"properties":{"region":3,"fire_occurred":1,"prediction":0.2227}},{"type":"Feature","geometry":{"type":"Point","coordinates":[17.3,-10.7]},"properties":{"region":3,"fire_occurred":1,"prediction":0.2862}},{"type":"Feature","geometry":{"type":"Point","coordinates":[17.3,-10.6]},"properties":{"region":3,"fire_occurred":1,"prediction":0.4064}},{"type":"Feature","geometry":{"type":"Point","coordinates":[17.3,-10.5]},"properties":{"region":3,"fire_occurred":0,"prediction":0.2171}},{"type":"Feature","geometry":{"type":"Point","coordinates":[17.3,-10.4]},"properties":{"region":3,"fire_occurred":1,"prediction":0.1698}},{"type":"Feature","geometry":{"type":"Point","coordinates":[17.3,-10.3]},"properties":{"region":3,"fire_occurred":0,"prediction":0.2029}},{"type":"Feature","geometry":{"type":"Point","coordinates":[17.3,-10.2]},"properties":{"region":3,"fire_occurred":1,"prediction":0.4036}},{"type":"Feature","geometry":{"type":"Point","coordinates":[17.3,-10.1]},"properties":{"region":3,"fire_occurred":1,"prediction":0.1899}},{"type":"Feature","geometry":{"type":"Point","coordinates":[17.3,-10.0]},"properties":{"region":3,"fire_occurred":1,"prediction":0.0836}},{"type":"Feature","geometry":{"type":"Point","coordinates":[17.3,-9.8]},"properties":{"region":3,"fire_occurred":1,"prediction":0.5493}},{"type":"Feature","geometry":{"type":"Point","coordinates":[17.3,-9.7]},"properties":{"region":3,"fire_occurred":1,"prediction":0.6428}},{"type":"Feature","geometry":{"type":"Point","coordinates":[17.3,-9.6]},"properties":{"region":3,"fire_occurred":0,"prediction":0.5955}},{"type":"Feature","geometry":{"type":"Point","coordinates":[17.3,-9.5]},"properties":{"region":3,"fire_occurred":1,"prediction":0.6536}},{"type":"Feature","geometry":{"type":"Point","coordinates":[17.3,-9.4]},"properties":{"region":3,"fire_occurred":1,"prediction":0.6236}},{"type":"Feature","geometry":{"type":"Point","coordinates":[17.3,-9.3]},"properties":{"region":3,"fire_occurred":0,"prediction":0.6679}},{"type":"Feature","geometry":{"type":"Point","coordinates":[17.3,-9.2]},"properties":{"region":3,"fire_occurred":0,"prediction":0.554}},{"type":"Feature","geometry":{"type":"Point","coordinates":[17.3,-9.1]},"properties":{"region":3,"fire_occurred":0,"prediction":0.3221}},{"type":"Feature","geometry":{"type":"Point","coordinates":[17.4,-13.8]},"properties":{"region":3,"fire_occurred":1,"prediction":0.0365}},{"type":"Feature","geometry":{"type":"Point","coordinates":[17.4,-13.7]},"properties":{"region":3,"fire_occurred":0,"prediction":0.1049}},{"type":"Feature","geometry":{"type":"Point","coordinates":[17.4,-13.5]},"properties":{"region":3,"fire_occurred":0,"prediction":0.1327}},{"type":"Feature","geometry":{"type":"Point","coordinates":[17.4,-13.3]},"properties":{"region":3,"fire_occurred":1,"prediction":0.0629}},{"type":"Feature","geometry":{"type":"Point","coordinates":[17.4,-13.2]},"properties":{"region":3,"fire_occurred":1,"prediction":0.1068}},{"type":"Feature","geometry":{"type":"Point","coordinates":[17.4,-13.1]},"properties":{"region":3,"fire_occurred":1,"prediction":0.0504}},{"type":"Feature","geometry":{"type":"Point","coordinates":[17.4,-12.7]},"properties":{"region":3,"fire_occurred":0,"prediction":0.1438}},{"type":"Feature","geometry":{"type":"Point","coordinates":[17.4,-12.6]},"properties":{"region":3,"fire_occurred":1,"prediction":0.1888}},{"type":"Feature","geometry":{"type":"Point","coordinates":[17.4,-12.5]},"properties":{"region":3,"fire_occurred":1,"prediction":0.1413}},{"type":"Feature","geometry":{"type":"Point","coordinates":[17.4,-12.3]},"properties":{"region":3,"fire_occurred":0,"prediction":0.1744}},{"type":"Feature","geometry":{"type":"Point","coordinates":[17.4,-12.2]},"properties":{"region":3,"fire_occurred":1,"prediction":0.061}},{"type":"Feature","geometry":{"type":"Point","coordinates":[17.4,-11.9]},"properties":{"region":3,"fire_occurred":0,"prediction":0.115}},{"type":"Feature","geometry":{"type":"Point","coordinates":[17.4,-11.7]},"properties":{"region":3,"fire_occurred":0,"prediction":0.1087}},{"type":"Feature","geometry":{"type":"Point","coordinates":[17.4,-11.6]},"properties":{"region":3,"fire_occurred":1,"prediction":0.196}},{"type":"Feature","geometry":{"type":"Point","coordinates":[17.4,-11.4]},"properties":{"region":3,"fire_occurred":0,"prediction":0.1013}},{"type":"Feature","geometry":{"type":"Point","coordinates":[17.4,-11.3]},"properties":{"region":3,"fire_occurred":0,"prediction":0.1106}},{"type":"Feature","geometry":{"type":"Point","coordinates":[17.4,-10.8]},"properties":{"region":3,"fire_occurred":0,"prediction":0.2895}},{"type":"Feature","geometry":{"type":"Point","coordinates":[17.4,-10.7]},"properties":{"region":3,"fire_occurred":1,"prediction":0.2824}},{"type":"Feature","geometry":{"type":"Point","coordinates":[17.4,-10.6]},"properties":{"region":3,"fire_occurred":0,"prediction":0.323}},{"type":"Feature","geometry":{"type":"Point","coordinates":[17.4,-10.5]},"properties":{"region":3,"fire_occurred":0,"prediction":0.1185}},{"type":"Feature","geometry":{"type":"Point","coordinates":[17.4,-10.4]},"properties":{"region":3,"fire_occurred":0,"prediction":0.1428}},{"type":"Feature","geometry":{"type":"Point","coordinates":[17.4,-10.2]},"properties":{"region":3,"fire_occurred":1,"prediction":0.2056}},{"type":"Feature","geometry":{"type":"Point","coordinates":[17.4,-10.1]},"properties":{"region":3,"fire_occurred":1,"prediction":0.2441}},{"type":"Feature","geometry":{"type":"Point","coordinates":[17.4,-10.0]},"properties":{"region":3,"fire_occurred":1,"prediction":0.0706}},{"type":"Feature","geometry":{"type":"Point","coordinates":[17.4,-9.9]},"properties":{"region":3,"fire_occurred":0,"prediction":0.1742}},{"type":"Feature","geometry":{"type":"Point","coordinates":[17.4,-9.8]},"properties":{"region":3,"fire_occurred":1,"prediction":0.6393}},{"type":"Feature","geometry":{"type":"Point","coordinates":[17.4,-9.7]},"properties":{"region":3,"fire_occurred":1,"prediction":0.6484}},{"type":"Feature","geometry":{"type":"Point","coordinates":[17.4,-9.6]},"properties":{"region":3,"fire_occurred":1,"prediction":0.7038}},{"type":"Feature","geometry":{"type":"Point","coordinates":[17.4,-9.5]},"properties":{"region":3,"fire_occurred":1,"prediction":0.5688}},{"type":"Feature","geometry":{"type":"Point","coordinates":[17.4,-9.4]},"properties":{"region":3,"fire_occurred":1,"prediction":0.6606}},{"type":"Feature","geometry":{"type":"Point","coordinates":[17.4,-9.3]},"properties":{"region":3,"fire_occurred":1,"prediction":0.6448}},{"type":"Feature","geometry":{"type":"Point","coordinates":[17.4,-9.2]},"properties":{"region":3,"fire_occurred":1,"prediction":0.4376}},{"type":"Feature","geometry":{"type":"Point","coordinates":[17.4,-9.1]},"properties":{"region":3,"fire_occurred":1,"prediction":0.597}},{"type":"Feature","geometry":{"type":"Point","coordinates":[17.5,-12.4]},"properties":{"region":3,"fire_occurred":0,"prediction":0.1136}},{"type":"Feature","geometry":{"type":"Point","coordinates":[17.5,-12.3]},"properties":{"region":3,"fire_occurred":1,"prediction":0.1714}},{"type":"Feature","geometry":{"type":"Point","coordinates":[17.5,-12.2]},"properties":{"region":3,"fire_occurred":1,"prediction":0.0482}},{"type":"Feature","geometry":{"type":"Point","coordinates":[17.5,-12.1]},"properties":{"region":3,"fire_occurred":0,"prediction":0.1691}},{"type":"Feature","geometry":{"type":"Point","coordinates":[17.5,-12.0]},"properties":{"region":3,"fire_occurred":0,"prediction":0.1613}},{"type":"Feature","geometry":{"type":"Point","coordinates":[17.5,-11.9]},"properties":{"region":3,"fire_occurred":0,"prediction":0.1284}},{"type":"Feature","geometry":{"type":"Point","coordinates":[17.5,-11.8]},"properties":{"region":3,"fire_occurred":0,"prediction":0.1739}},{"type":"Feature","geometry":{"type":"Point","coordinates":[17.5,-11.6]},"properties":{"region":3,"fire_occurred":1,"prediction":0.1144}},{"type":"Feature","geometry":{"type":"Point","coordinates":[17.5,-11.5]},"properties":{"region":3,"fire_occurred":0,"prediction":0.1498}},{"type":"Feature","geometry":{"type":"Point","coordinates":[17.5,-11.1]},"properties":{"region":3,"fire_occurred":0,"prediction":0.1035}},{"type":"Feature","geometry":{"type":"Point","coordinates":[17.5,-11.0]},"properties":{"region":3,"fire_occurred":1,"prediction":0.0948}},{"type":"Feature","geometry":{"type":"Point","coordinates":[17.5,-10.8]},"properties":{"region":3,"fire_occurred":1,"prediction":0.4284}},{"type":"Feature","geometry":{"type":"Point","coordinates":[17.5,-10.7]},"properties":{"region":3,"fire_occurred":1,"prediction":0.3094}},{"type":"Feature","geometry":{"type":"Point","coordinates":[17.5,-10.6]},"properties":{"region":3,"fire_occurred":1,"prediction":0.0516}},{"type":"Feature","geometry":{"type":"Point","coordinates":[17.5,-10.5]},"properties":{"region":3,"fire_occurred":0,"prediction":0.2635}},{"type":"Feature","geometry":{"type":"Point","coordinates":[17.5,-10.4]},"properties":{"region":3,"fire_occurred":1,"prediction":0.4012}},{"type":"Feature","geometry":{"type":"Point","coordinates":[17.5,-10.3]},"properties":{"region":3,"fire_occurred":0,"prediction":0.3741}},{"type":"Feature","geometry":{"type":"Point","coordinates":[17.5,-10.2]},"properties":{"region":3,"fire_occurred":1,"prediction":0.4781}},{"type":"Feature","geometry":{"type":"Point","coordinates":[17.5,-10.1]},"properties":{"region":3,"fire_occurred":1,"prediction":0.393}},{"type":"Feature","geometry":{"type":"Point","coordinates":[17.5,-10.0]},"properties":{"region":3,"fire_occurred":0,"prediction":0.1825}},{"type":"Feature","geometry":{"type":"Point","coordinates":[17.5,-9.9]},"properties":{"region":3,"fire_occurred":1,"prediction":0.5362}},{"type":"Feature","geometry":{"type":"Point","coordinates":[17.5,-9.8]},"properties":{"region":3,"fire_occurred":1,"prediction":0.578}},{"type":"Feature","geometry":{"type":"Point","coordinates":[17.5,-9.7]},"properties":{"region":3,"fire_occurred":1,"prediction":0.5983}},{"type":"Feature","geometry":{"type":"Point","coordinates":[17.5,-9.6]},"properties":{"region":3,"fire_occurred":1,"prediction":0.5945}},{"type":"Feature","geometry":{"type":"Point","coordinates":[17.5,-9.5]},"properties":{"region":3,"fire_occurred":0,"prediction":0.6396}},{"type":"Feature","geometry":{"type":"Point","coordinates":[17.5,-9.4]},"properties":{"region":3,"fire_occurred":1,"prediction":0.6596}},{"type":"Feature","geometry":{"type":"Point","coordinates":[17.5,-9.3]},"properties":{"region":3,"fire_occurred":1,"prediction":0.651}},{"type":"Feature","geometry":{"type":"Point","coordinates":[17.5,-9.2]},"properties":{"region":3,"fire_occurred":1,"prediction":0.4967}},{"type":"Feature","geometry":{"type":"Point","coordinates":[17.5,-9.1]},"properties":{"region":3,"fire_occurred":0,"prediction":0.5934}},{"type":"Feature","geometry":{"type":"Point","coordinates":[17.6,-12.8]},"properties":{"region":3,"fire_occurred":1,"prediction":0.0495}},{"type":"Feature","geometry":{"type":"Point","coordinates":[17.6,-12.7]},"properties":{"region":3,"fire_occurred":1,"prediction":0.0445}},{"type":"Feature","geometry":{"type":"Point","coordinates":[17.6,-12.6]},"properties":{"region":3,"fire_occurred":1,"prediction":0.0473}},{"type":"Feature","geometry":{"type":"Point","coordinates":[17.6,-12.5]},"properties":{"region":3,"fire_occurred":1,"prediction":0.0479}},{"type":"Feature","geometry":{"type":"Point","coordinates":[17.6,-12.4]},"properties":{"region":3,"fire_occurred":0,"prediction":0.1398}},{"type":"Feature","geometry":{"type":"Point","coordinates":[17.6,-12.3]},"properties":{"region":3,"fire_occurred":1,"prediction":0.0491}},{"type":"Feature","geometry":{"type":"Point","coordinates":[17.6,-12.1]},"properties":{"region":3,"fire_occurred":1,"prediction":0.1367}},{"type":"Feature","geometry":{"type":"Point","coordinates":[17.6,-11.9]},"properties":{"region":3,"fire_occurred":0,"prediction":0.1548}},{"type":"Feature","geometry":{"type":"Point","coordinates":[17.6,-11.8]},"properties":{"region":3,"fire_occurred":0,"prediction":0.3229}},{"type":"Feature","geometry":{"type":"Point","coordinates":[17.6,-11.7]},"properties":{"region":3,"fire_occurred":0,"prediction":0.3297}},{"type":"Feature","geometry":{"type":"Point","coordinates":[17.6,-11.6]},"properties":{"region":3,"fire_occurred":0,"prediction":0.2709}},{"type":"Feature","geometry":{"type":"Point","coordinates":[17.6,-11.5]},"properties":{"region":3,"fire_occurred":1,"prediction":0.1907}},{"type":"Feature","geometry":{"type":"Point","coordinates":[17.6,-11.4]},"properties":{"region":3,"fire_occurred":0,"prediction":0.1137}},{"type":"Feature","geometry":{"type":"Point","coordinates":[17.6,-11.3]},"properties":{"region":3,"fire_occurred":1,"prediction":0.0624}},{"type":"Feature","geometry":{"type":"Point","coordinates":[17.6,-11.1]},"properties":{"region":3,"fire_occurred":0,"prediction":0.2575}},{"type":"Feature","geometry":{"type":"Point","coordinates":[17.6,-11.0]},"properties":{"region":3,"fire_occurred":1,"prediction":0.3891}},{"type":"Feature","geometry":{"type":"Point","coordinates":[17.6,-10.9]},"properties":{"region":3,"fire_occurred":0,"prediction":0.345}},{"type":"Feature","geometry":{"type":"Point","coordinates":[17.6,-10.8]},"properties":{"region":3,"fire_occurred":1,"prediction":0.3404}},{"type":"Feature","geometry":{"type":"Point","coordinates":[17.6,-10.7]},"properties":{"region":3,"fire_occurred":1,"prediction":0.4176}},{"type":"Feature","geometry":{"type":"Point","coordinates":[17.6,-10.6]},"properties":{"region":3,"fire_occurred":1,"prediction":0.3767}},{"type":"Feature","geometry":{"type":"Point","coordinates":[17.6,-10.5]},"properties":{"region":3,"fire_occurred":1,"prediction":0.3354}},{"type":"Feature","geometry":{"type":"Point","coordinates":[17.6,-10.4]},"properties":{"region":3,"fire_occurred":1,"prediction":0.4912}},{"type":"Feature","geometry":{"type":"Point","coordinates":[17.6,-10.3]},"properties":{"region":3,"fire_occurred":1,"prediction":0.5196}},{"type":"Feature","geometry":{"type":"Point","coordinates":[17.6,-10.2]},"properties":{"region":3,"fire_occurred":1,"prediction":0.2956}},{"type":"Feature","geometry":{"type":"Point","coordinates":[17.6,-10.1]},"properties":{"region":3,"fire_occurred":1,"prediction":0.2924}},{"type":"Feature","geometry":{"type":"Point","coordinates":[17.6,-10.0]},"properties":{"region":3,"fire_occurred":0,"prediction":0.2095}},{"type":"Feature","geometry":{"type":"Point","coordinates":[17.6,-9.9]},"properties":{"region":3,"fire_occurred":1,"prediction":0.5835}},{"type":"Feature","geometry":{"type":"Point","coordinates":[17.6,-9.8]},"properties":{"region":3,"fire_occurred":0,"prediction":0.574}},{"type":"Feature","geometry":{"type":"Point","coordinates":[17.6,-9.7]},"properties":{"region":3,"fire_occurred":1,"prediction":0.5947}},{"type":"Feature","geometry":{"type":"Point","coordinates":[17.6,-9.6]},"properties":{"region":3,"fire_occurred":1,"prediction":0.5498}},{"type":"Feature","geometry":{"type":"Point","coordinates":[17.6,-9.5]},"properties":{"region":3,"fire_occurred":1,"prediction":0.582}},{"type":"Feature","geometry":{"type":"Point","coordinates":[17.6,-9.4]},"properties":{"region":3,"fire_occurred":0,"prediction":0.552}},{"type":"Feature","geometry":{"type":"Point","coordinates":[17.6,-9.3]},"properties":{"region":3,"fire_occurred":1,"prediction":0.5551}},{"type":"Feature","geometry":{"type":"Point","coordinates":[17.6,-9.2]},"properties":{"region":3,"fire_occurred":0,"prediction":0.6466}},{"type":"Feature","geometry":{"type":"Point","coordinates":[17.6,-9.1]},"properties":{"region":3,"fire_occurred":1,"prediction":0.6995}},{"type":"Feature","geometry":{"type":"Point","coordinates":[17.7,-12.6]},"properties":{"region":3,"fire_occurred":1,"prediction":0.0396}},{"type":"Feature","geometry":{"type":"Point","coordinates":[17.7,-12.4]},"properties":{"region":3,"fire_occurred":1,"prediction":0.0854}},{"type":"Feature","geometry":{"type":"Point","coordinates":[17.7,-12.3]},"properties":{"region":3,"fire_occurred":1,"prediction":0.0855}},{"type":"Feature","geometry":{"type":"Point","coordinates":[17.7,-12.1]},"properties":{"region":3,"fire_occurred":1,"prediction":0.2593}},{"type":"Feature","geometry":{"type":"Point","coordinates":[17.7,-12.0]},"properties":{"region":3,"fire_occurred":1,"prediction":0.1154}},{"type":"Feature","geometry":{"type":"Point","coordinates":[17.7,-11.9]},"properties":{"region":3,"fire_occurred":0,"prediction":0.1277}},{"type":"Feature","geometry":{"type":"Point","coordinates":[17.7,-11.8]},"properties":{"region":3,"fire_occurred":0,"prediction":0.2287}},{"type":"Feature","geometry":{"type":"Point","coordinates":[17.7,-11.7]},"properties":{"region":3,"fire_occurred":0,"prediction":0.3413}},{"type":"Feature","geometry":{"type":"Point","coordinates":[17.7,-11.6]},"properties":{"region":3,"fire_occurred":0,"prediction":0.3409}},{"type":"Feature","geometry":{"type":"Point","coordinates":[17.7,-11.5]},"properties":{"region":3,"fire_occurred":1,"prediction":0.1901}},{"type":"Feature","geometry":{"type":"Point","coordinates":[17.7,-11.4]},"properties":{"region":3,"fire_occurred":0,"prediction":0.1246}},{"type":"Feature","geometry":{"type":"Point","coordinates":[17.7,-11.3]},"properties":{"region":3,"fire_occurred":0,"prediction":0.162}},{"type":"Feature","geometry":{"type":"Point","coordinates":[17.7,-11.2]},"properties":{"region":3,"fire_occurred":0,"prediction":0.137}},{"type":"Feature","geometry":{"type":"Point","coordinates":[17.7,-11.1]},"properties":{"region":3,"fire_occurred":0,"prediction":0.3806}},{"type":"Feature","geometry":{"type":"Point","coordinates":[17.7,-11.0]},"properties":{"region":3,"fire_occurred":1,"prediction":0.2231}},{"type":"Feature","geometry":{"type":"Point","coordinates":[17.7,-10.9]},"properties":{"region":3,"fire_occurred":1,"prediction":0.2085}},{"type":"Feature","geometry":{"type":"Point","coordinates":[17.7,-10.8]},"properties":{"region":3,"fire_occurred":1,"prediction":0.2509}},{"type":"Feature","geometry":{"type":"Point","coordinates":[17.7,-10.7]},"properties":{"region":3,"fire_occurred":1,"prediction":0.3384}},{"type":"Feature","geometry":{"type":"Point","coordinates":[17.7,-10.6]},"properties":{"region":3,"fire_occurred":1,"prediction":0.4214}},{"type":"Feature","geometry":{"type":"Point","coordinates":[17.7,-10.5]},"properties":{"region":3,"fire_occurred":1,"prediction":0.4853}},{"type":"Feature","geometry":{"type":"Point","coordinates":[17.7,-10.4]},"properties":{"region":3,"fire_occurred":1,"prediction":0.4086}},{"type":"Feature","geometry":{"type":"Point","coordinates":[17.7,-10.3]},"properties":{"region":3,"fire_occurred":1,"prediction":0.2341}},{"type":"Feature","geometry":{"type":"Point","coordinates":[17.7,-10.2]},"properties":{"region":3,"fire_occurred":1,"prediction":0.0774}},{"type":"Feature","geometry":{"type":"Point","coordinates":[17.7,-10.1]},"properties":{"region":3,"fire_occurred":1,"prediction":0.1085}},{"type":"Feature","geometry":{"type":"Point","coordinates":[17.7,-10.0]},"properties":{"region":3,"fire_occurred":0,"prediction":0.1865}},{"type":"Feature","geometry":{"type":"Point","coordinates":[17.7,-9.9]},"properties":{"region":3,"fire_occurred":0,"prediction":0.5284}},{"type":"Feature","geometry":{"type":"Point","coordinates":[17.7,-9.8]},"properties":{"region":3,"fire_occurred":1,"prediction":0.4895}},{"type":"Feature","geometry":{"type":"Point","coordinates":[17.7,-9.7]},"properties":{"region":3,"fire_occurred":1,"prediction":0.5218}},{"type":"Feature","geometry":{"type":"Point","coordinates":[17.7,-9.6]},"properties":{"region":3,"fire_occurred":1,"prediction":0.4684}},{"type":"Feature","geometry":{"type":"Point","coordinates":[17.7,-9.5]},"properties":{"region":3,"fire_occurred":1,"prediction":0.5443}},{"type":"Feature","geometry":{"type":"Point","coordinates":[17.7,-9.4]},"properties":{"region":3,"fire_occurred":1,"prediction":0.5684}},{"type":"Feature","geometry":{"type":"Point","coordinates":[17.7,-9.3]},"properties":{"region":3,"fire_occurred":1,"prediction":0.5921}},{"type":"Feature","geometry":{"type":"Point","coordinates":[17.7,-9.2]},"properties":{"region":3,"fire_occurred":1,"prediction":0.5614}},{"type":"Feature","geometry":{"type":"Point","coordinates":[17.7,-9.1]},"properties":{"region":3,"fire_occurred":1,"prediction":0.6282}},{"type":"Feature","geometry":{"type":"Point","coordinates":[17.8,-12.1]},"properties":{"region":3,"fire_occurred":1,"prediction":0.2654}},{"type":"Feature","geometry":{"type":"Point","coordinates":[17.8,-12.0]},"properties":{"region":3,"fire_occurred":0,"prediction":0.1725}},{"type":"Feature","geometry":{"type":"Point","coordinates":[17.8,-11.9]},"properties":{"region":3,"fire_occurred":0,"prediction":0.1567}},{"type":"Feature","geometry":{"type":"Point","coordinates":[17.8,-11.8]},"properties":{"region":3,"fire_occurred":1,"prediction":0.2635}},{"type":"Feature","geometry":{"type":"Point","coordinates":[17.8,-11.7]},"properties":{"region":3,"fire_occurred":1,"prediction":0.3399}},{"type":"Feature","geometry":{"type":"Point","coordinates":[17.8,-11.6]},"properties":{"region":3,"fire_occurred":1,"prediction":0.3616}},{"type":"Feature","geometry":{"type":"Point","coordinates":[17.8,-11.5]},"properties":{"region":3,"fire_occurred":1,"prediction":0.1414}},{"type":"Feature","geometry":{"type":"Point","coordinates":[17.8,-11.4]},"properties":{"region":3,"fire_occurred":1,"prediction":0.1714}},{"type":"Feature","geometry":{"type":"Point","coordinates":[17.8,-11.1]},"properties":{"region":3,"fire_occurred":1,"prediction":0.1301}},{"type":"Feature","geometry":{"type":"Point","coordinates":[17.8,-11.0]},"properties":{"region":3,"fire_occurred":0,"prediction":0.1147}},{"type":"Feature","geometry":{"type":"Point","coordinates":[17.8,-10.9]},"properties":{"region":3,"fire_occurred":0,"prediction":0.4047}},{"type":"Feature","geometry":{"type":"Point","coordinates":[17.8,-10.8]},"properties":{"region":3,"fire_occurred":1,"prediction":0.4007}},{"type":"Feature","geometry":{"type":"Point","coordinates":[17.8,-10.7]},"properties":{"region":3,"fire_occurred":1,"prediction":0.3861}},{"type":"Feature","geometry":{"type":"Point","coordinates":[17.8,-10.6]},"properties":{"region":3,"fire_occurred":1,"prediction":0.3963}},{"type":"Feature","geometry":{"type":"Point","coordinates":[17.8,-10.5]},"properties":{"region":3,"fire_occurred":1,"prediction":0.2854}},{"type":"Feature","geometry":{"type":"Point","coordinates":[17.8,-10.4]},"properties":{"region":3,"fire_occurred":0,"prediction":0.1991}},{"type":"Feature","geometry":{"type":"Point","coordinates":[17.8,-10.2]},"properties":{"region":3,"fire_occurred":1,"prediction":0.2756}},{"type":"Feature","geometry":{"type":"Point","coordinates":[17.8,-10.1]},"properties":{"region":3,"fire_occurred":1,"prediction":0.0708}},{"type":"Feature","geometry":{"type":"Point","coordinates":[17.8,-10.0]},"properties":{"region":3,"fire_occurred":1,"prediction":0.0562}},{"type":"Feature","geometry":{"type":"Point","coordinates":[17.8,-9.9]},"properties":{"region":3,"fire_occurred":0,"prediction":0.3489}},{"type":"Feature","geometry":{"type":"Point","coordinates":[17.8,-9.8]},"properties":{"region":3,"fire_occurred":0,"prediction":0.4906}},{"type":"Feature","geometry":{"type":"Point","coordinates":[17.8,-9.7]},"properties":{"region":3,"fire_occurred":1,"prediction":0.6299}},{"type":"Feature","geometry":{"type":"Point","coordinates":[17.8,-9.6]},"properties":{"region":3,"fire_occurred":1,"prediction":0.5402}},{"type":"Feature","geometry":{"type":"Point","coordinates":[17.8,-9.5]},"properties":{"region":3,"fire_occurred":1,"prediction":0.5897}},{"type":"Feature","geometry":{"type":"Point","coordinates":[17.8,-9.4]},"properties":{"region":3,"fire_occurred":0,"prediction":0.5319}},{"type":"Feature","geometry":{"type":"Point","coordinates":[17.8,-9.3]},"properties":{"region":3,"fire_occurred":1,"prediction":0.5295}},{"type":"Feature","geometry":{"type":"Point","coordinates":[17.8,-9.2]},"properties":{"region":3,"fire_occurred":0,"prediction":0.5882}},{"type":"Feature","geometry":{"type":"Point","coordinates":[17.8,-9.1]},"properties":{"region":3,"fire_occurred":1,"prediction":0.6299}},{"type":"Feature","geometry":{"type":"Point","coordinates":[17.9,-13.6]},"properties":{"region":3,"fire_occurred":1,"prediction":0.0289}},{"type":"Feature","geometry":{"type":"Point","coordinates":[17.9,-13.0]},"properties":{"region":3,"fire_occurred":1,"prediction":0.0532}},{"type":"Feature","geometry":{"type":"Point","coordinates":[17.9,-12.5]},"properties":{"region":3,"fire_occurred":1,"prediction":0.025}},{"type":"Feature","geometry":{"type":"Point","coordinates":[17.9,-12.1]},"properties":{"region":3,"fire_occurred":1,"prediction":0.0428}},{"type":"Feature","geometry":{"type":"Point","coordinates":[17.9,-11.9]},"properties":{"region":3,"fire_occurred":0,"prediction":0.2384}},{"type":"Feature","geometry":{"type":"Point","coordinates":[17.9,-11.8]},"properties":{"region":3,"fire_occurred":1,"prediction":0.2317}},{"type":"Feature","geometry":{"type":"Point","coordinates":[17.9,-11.7]},"properties":{"region":3,"fire_occurred":0,"prediction":0.124}},{"type":"Feature","geometry":{"type":"Point","coordinates":[17.9,-11.6]},"properties":{"region":3,"fire_occurred":1,"prediction":0.293}},{"type":"Feature","geometry":{"type":"Point","coordinates":[17.9,-11.5]},"properties":{"region":3,"fire_occurred":1,"prediction":0.1096}},{"type":"Feature","geometry":{"type":"Point","coordinates":[17.9,-11.1]},"properties":{"region":3,"fire_occurred":1,"prediction":0.0586}},{"type":"Feature","geometry":{"type":"Point","coordinates":[17.9,-10.9]},"properties":{"region":3,"fire_occurred":0,"prediction":0.279}},{"type":"Feature","geometry":{"type":"Point","coordinates":[17.9,-10.8]},"properties":{"region":3,"fire_occurred":1,"prediction":0.2943}},{"type":"Feature","geometry":{"type":"Point","coordinates":[17.9,-10.7]},"properties":{"region":3,"fire_occurred":0,"prediction":0.3212}},{"type":"Feature","geometry":{"type":"Point","coordinates":[17.9,-10.6]},"properties":{"region":3,"fire_occurred":0,"prediction":0.2005}},{"type":"Feature","geometry":{"type":"Point","coordinates":[17.9,-10.5]},"properties":{"region":3,"fire_occurred":0,"prediction":0.1251}},{"type":"Feature","geometry":{"type":"Point","coordinates":[17.9,-10.3]},"properties":{"region":3,"fire_occurred":0,"prediction":0.2207}},{"type":"Feature","geometry":{"type":"Point","coordinates":[17.9,-10.2]},"properties":{"region":3,"fire_occurred":1,"prediction":0.1425}},{"type":"Feature","geometry":{"type":"Point","coordinates":[17.9,-9.9]},"properties":{"region":3,"fire_occurred":0,"prediction":0.1158}},{"type":"Feature","geometry":{"type":"Point","coordinates":[17.9,-9.8]},"properties":{"region":3,"fire_occurred":1,"prediction":0.6527}},{"type":"Feature","geometry":{"type":"Point","coordinates":[17.9,-9.7]},"properties":{"region":3,"fire_occurred":1,"prediction":0.4906}},{"type":"Feature","geometry":{"type":"Point","coordinates":[17.9,-9.6]},"properties":{"region":3,"fire_occurred":0,"prediction":0.6206}},{"type":"Feature","geometry":{"type":"Point","coordinates":[17.9,-9.5]},"properties":{"region":3,"fire_occurred":0,"prediction":0.602}},{"type":"Feature","geometry":{"type":"Point","coordinates":[17.9,-9.4]},"properties":{"region":3,"fire_occurred":0,"prediction":0.2818}},{"type":"Feature","geometry":{"type":"Point","coordinates":[17.9,-9.3]},"properties":{"region":3,"fire_occurred":0,"prediction":0.4872}},{"type":"Feature","geometry":{"type":"Point","coordinates":[17.9,-9.2]},"properties":{"region":3,"fire_occurred":1,"prediction":0.4552}},{"type":"Feature","geometry":{"type":"Point","coordinates":[17.9,-9.1]},"properties":{"region":3,"fire_occurred":1,"prediction":0.2486}},{"type":"Feature","geometry":{"type":"Point","coordinates":[17.9,40.3]},"properties":{"region":3,"fire_occurred":1,"prediction":0.0022}},{"type":"Feature","geometry":{"type":"Point","coordinates":[18.0,-14.9]},"properties":{"region":3,"fire_occurred":1,"prediction":0.0371}},{"type":"Feature","geometry":{"type":"Point","coordinates":[18.0,-14.0]},"properties":{"region":3,"fire_occurred":1,"prediction":0.0372}},{"type":"Feature","geometry":{"type":"Point","coordinates":[18.0,-13.6]},"properties":{"region":3,"fire_occurred":1,"prediction":0.0289}},{"type":"Feature","geometry":{"type":"Point","coordinates":[18.0,-12.8]},"properties":{"region":3,"fire_occurred":1,"prediction":0.0471}},{"type":"Feature","geometry":{"type":"Point","coordinates":[18.0,-12.7]},"properties":{"region":3,"fire_occurred":1,"prediction":0.0702}},{"type":"Feature","geometry":{"type":"Point","coordinates":[18.0,-12.6]},"properties":{"region":3,"fire_occurred":1,"prediction":0.0246}},{"type":"Feature","geometry":{"type":"Point","coordinates":[18.0,-12.2]},"properties":{"region":3,"fire_occurred":0,"prediction":0.1332}},{"type":"Feature","geometry":{"type":"Point","coordinates":[18.0,-12.1]},"properties":{"region":3,"fire_occurred":0,"prediction":0.1181}},{"type":"Feature","geometry":{"type":"Point","coordinates":[18.0,-11.9]},"properties":{"region":3,"fire_occurred":1,"prediction":0.0642}},{"type":"Feature","geometry":{"type":"Point","coordinates":[18.0,-11.8]},"properties":{"region":3,"fire_occurred":0,"prediction":0.1633}},{"type":"Feature","geometry":{"type":"Point","coordinates":[18.0,-11.7]},"properties":{"region":3,"fire_occurred":1,"prediction":0.1696}},{"type":"Feature","geometry":{"type":"Point","coordinates":[18.0,-11.6]},"properties":{"region":3,"fire_occurred":1,"prediction":0.2246}},{"type":"Feature","geometry":{"type":"Point","coordinates":[18.0,-11.5]},"properties":{"region":3,"fire_occurred":0,"prediction":0.1006}},{"type":"Feature","geometry":{"type":"Point","coordinates":[18.0,-11.2]},"properties":{"region":3,"fire_occurred":1,"prediction":0.0558}},{"type":"Feature","geometry":{"type":"Point","coordinates":[18.0,-10.9]},"properties":{"region":3,"fire_occurred":0,"prediction":0.1065}},{"type":"Feature","geometry":{"type":"Point","coordinates":[18.0,-10.8]},"properties":{"region":3,"fire_occurred":0,"prediction":0.1414}},{"type":"Feature","geometry":{"type":"Point","coordinates":[18.0,-10.7]},"properties":{"region":3,"fire_occurred":0,"prediction":0.1159}},{"type":"Feature","geometry":{"type":"Point","coordinates":[18.0,-10.6]},"properties":{"region":3,"fire_occurred":1,"prediction":0.0692}},{"type":"Feature","geometry":{"type":"Point","coordinates":[18.0,-10.4]},"properties":{"region":3,"fire_occurred":1,"prediction":0.0999}},{"type":"Feature","geometry":{"type":"Point","coordinates":[18.0,-10.3]},"properties":{"region":3,"fire_occurred":0,"prediction":0.1186}},{"type":"Feature","geometry":{"type":"Point","coordinates":[18.0,40.0]},"properties":{"region":3,"fire_occurred":1,"prediction":0.002}},{"type":"Feature","geometry":{"type":"Point","coordinates":[18.1,-13.1]},"properties":{"region":3,"fire_occurred":1,"prediction":0.0651}},{"type":"Feature","geometry":{"type":"Point","coordinates":[18.1,-12.2]},"properties":{"region":3,"fire_occurred":0,"prediction":0.1586}},{"type":"Feature","geometry":{"type":"Point","coordinates":[18.1,-12.1]},"properties":{"region":3,"fire_occurred":0,"prediction":0.1395}},{"type":"Feature","geometry":{"type":"Point","coordinates":[18.1,-12.0]},"properties":{"region":3,"fire_occurred":0,"prediction":0.114}},{"type":"Feature","geometry":{"type":"Point","coordinates":[18.1,-11.9]},"properties":{"region":3,"fire_occurred":0,"prediction":0.1123}},{"type":"Feature","geometry":{"type":"Point","coordinates":[18.1,-11.6]},"properties":{"region":3,"fire_occurred":1,"prediction":0.0937}},{"type":"Feature","geometry":{"type":"Point","coordinates":[18.1,-10.7]},"properties":{"region":3,"fire_occurred":1,"prediction":0.077}},{"type":"Feature","geometry":{"type":"Point","coordinates":[18.1,-10.5]},"properties":{"region":3,"fire_occurred":1,"prediction":0.1698}},{"type":"Feature","geometry":{"type":"Point","coordinates":[18.1,-10.4]},"properties":{"region":3,"fire_occurred":1,"prediction":0.2041}},{"type":"Feature","geometry":{"type":"Point","coordinates":[18.1,-10.2]},"properties":{"region":3,"fire_occurred":0,"prediction":0.1637}},{"type":"Feature","geometry":{"type":"Point","coordinates":[18.2,-12.2]},"properties":{"region":3,"fire_occurred":1,"prediction":0.1528}},{"type":"Feature","geometry":{"type":"Point","coordinates":[18.2,-11.6]},"properties":{"region":3,"fire_occurred":1,"prediction":0.0687}},{"type":"Feature","geometry":{"type":"Point","coordinates":[18.2,-10.8]},"properties":{"region":3,"fire_occurred":0,"prediction":0.1023}},{"type":"Feature","geometry":{"type":"Point","coordinates":[18.2,-10.5]},"properties":{"region":3,"fire_occurred":0,"prediction":0.1516}},{"type":"Feature","geometry":{"type":"Point","coordinates":[18.2,-10.4]},"properties":{"region":3,"fire_occurred":1,"prediction":0.2213}},{"type":"Feature","geometry":{"type":"Point","coordinates":[18.2,-10.3]},"properties":{"region":3,"fire_occurred":1,"prediction":0.1917}},{"type":"Feature","geometry":{"type":"Point","coordinates":[18.2,-10.2]},"properties":{"region":3,"fire_occurred":0,"prediction":0.1672}},{"type":"Feature","geometry":{"type":"Point","coordinates":[18.2,-10.1]},"properties":{"region":3,"fire_occurred":1,"prediction":0.192}},{"type":"Feature","geometry":{"type":"Point","coordinates":[18.3,-11.6]},"properties":{"region":3,"fire_occurred":0,"prediction":0.1667}},{"type":"Feature","geometry":{"type":"Point","coordinates":[18.3,-11.2]},"properties":{"region":3,"fire_occurred":1,"prediction":0.0754}},{"type":"Feature","geometry":{"type":"Point","coordinates":[18.3,-10.7]},"properties":{"region":3,"fire_occurred":1,"prediction":0.0104}},{"type":"Feature","geometry":{"type":"Point","coordinates":[18.3,-10.4]},"properties":{"region":3,"fire_occurred":0,"prediction":0.1123}},{"type":"Feature","geometry":{"type":"Point","coordinates":[18.3,-10.3]},"properties":{"region":3,"fire_occurred":1,"prediction":0.1207}},{"type":"Feature","geometry":{"type":"Point","coordinates":[18.3,-10.2]},"properties":{"region":3,"fire_occurred":1,"prediction":0.0689}},{"type":"Feature","geometry":{"type":"Point","coordinates":[18.3,-10.1]},"properties":{"region":3,"fire_occurred":1,"prediction":0.2991}},{"type":"Feature","geometry":{"type":"Point","coordinates":[18.4,-13.0]},"properties":{"region":3,"fire_occurred":0,"prediction":0.1035}},{"type":"Feature","geometry":{"type":"Point","coordinates":[18.4,-12.3]},"properties":{"region":3,"fire_occurred":1,"prediction":0.0424}},{"type":"Feature","geometry":{"type":"Point","coordinates":[18.4,-10.5]},"properties":{"region":3,"fire_occurred":0,"prediction":0.117}},{"type":"Feature","geometry":{"type":"Point","coordinates":[18.4,-10.4]},"properties":{"region":3,"fire_occurred":0,"prediction":0.1767}},{"type":"Feature","geometry":{"type":"Point","coordinates":[18.4,-10.3]},"properties":{"region":3,"fire_occurred":1,"prediction":0.3777}},{"type":"Feature","geometry":{"type":"Point","coordinates":[18.4,-10.2]},"properties":{"region":3,"fire_occurred":1,"prediction":0.3188}},{"type":"Feature","geometry":{"type":"Point","coordinates":[18.4,-10.1]},"properties":{"region":3,"fire_occurred":1,"prediction":0.3777}},{"type":"Feature","geometry":{"type":"Point","coordinates":[18.5,-14.6]},"properties":{"region":3,"fire_occurred":1,"prediction":0.0272}},{"type":"Feature","geometry":{"type":"Point","coordinates":[18.5,-14.1]},"properties":{"region":3,"fire_occurred":1,"prediction":0.0422}},{"type":"Feature","geometry":{"type":"Point","coordinates":[18.5,-13.3]},"properties":{"region":3,"fire_occurred":0,"prediction":0.1664}},{"type":"Feature","geometry":{"type":"Point","coordinates":[18.5,-13.2]},"properties":{"region":3,"fire_occurred":0,"prediction":0.116}},{"type":"Feature","geometry":{"type":"Point","coordinates":[18.5,-13.0]},"properties":{"region":3,"fire_occurred":0,"prediction":0.1082}},{"type":"Feature","geometry":{"type":"Point","coordinates":[18.5,-12.1]},"properties":{"region":3,"fire_occurred":1,"prediction":0.0229}},{"type":"Feature","geometry":{"type":"Point","coordinates":[18.5,-11.7]},"properties":{"region":3,"fire_occurred":1,"prediction":0.0325}},{"type":"Feature","geometry":{"type":"Point","coordinates":[18.5,-11.4]},"properties":{"region":3,"fire_occurred":0,"prediction":0.1171}},{"type":"Feature","geometry":{"type":"Point","coordinates":[18.5,-10.5]},"properties":{"region":3,"fire_occurred":1,"prediction":0.0605}},{"type":"Feature","geometry":{"type":"Point","coordinates":[18.5,-10.3]},"properties":{"region":3,"fire_occurred":0,"prediction":0.237}},{"type":"Feature","geometry":{"type":"Point","coordinates":[18.5,-10.2]},"properties":{"region":3,"fire_occurred":1,"prediction":0.2861}},{"type":"Feature","geometry":{"type":"Point","coordinates":[18.5,-10.1]},"properties":{"region":3,"fire_occurred":0,"prediction":0.4067}},{"type":"Feature","geometry":{"type":"Point","coordinates":[18.6,-14.0]},"properties":{"region":3,"fire_occurred":1,"prediction":0.0199}},{"type":"Feature","geometry":{"type":"Point","coordinates":[18.6,-13.9]},"properties":{"region":3,"fire_occurred":1,"prediction":0.0403}},{"type":"Feature","geometry":{"type":"Point","coordinates":[18.6,-10.2]},"properties":{"region":3,"fire_occurred":0,"prediction":0.2853}},{"type":"Feature","geometry":{"type":"Point","coordinates":[18.6,-10.1]},"properties":{"region":3,"fire_occurred":1,"prediction":0.341}},{"type":"Feature","geometry":{"type":"Point","coordinates":[18.7,-13.7]},"properties":{"region":3,"fire_occurred":1,"prediction":0.0167}},{"type":"Feature","geometry":{"type":"Point","coordinates":[18.7,-10.2]},"properties":{"region":3,"fire_occurred":1,"prediction":0.1047}},{"type":"Feature","geometry":{"type":"Point","coordinates":[18.7,-10.1]},"properties":{"region":3,"fire_occurred":0,"prediction":0.4189}},{"type":"Feature","geometry":{"type":"Point","coordinates":[18.8,-10.1]},"properties":{"region":3,"fire_occurred":1,"prediction":0.0708}},{"type":"Feature","geometry":{"type":"Point","coordinates":[18.9,-14.3]},"properties":{"region":3,"fire_occurred":1,"prediction":0.0319}},{"type":"Feature","geometry":{"type":"Point","coordinates":[18.9,-11.7]},"properties":{"region":3,"fire_occurred":1,"prediction":0.0258}},{"type":"Feature","geometry":{"type":"Point","coordinates":[19.0,-13.5]},"properties":{"region":3,"fire_occurred":1,"prediction":0.0246}},{"type":"Feature","geometry":{"type":"Point","coordinates":[19.0,-13.4]},"properties":{"region":3,"fire_occurred":1,"prediction":0.0731}},{"type":"Feature","geometry":{"type":"Point","coordinates":[19.1,-12.7]},"properties":{"region":3,"fire_occurred":1,"prediction":0.1252}},{"type":"Feature","geometry":{"type":"Point","coordinates":[19.1,-12.2]},"properties":{"region":3,"fire_occurred":0,"prediction":0.1506}},{"type":"Feature","geometry":{"type":"Point","coordinates":[19.1,-10.2]},"properties":{"region":3,"fire_occurred":1,"prediction":0.0371}},{"type":"Feature","geometry":{"type":"Point","coordinates":[19.2,-14.7]},"properties":{"region":3,"fire_occurred":1,"prediction":0.0485}},{"type":"Feature","geometry":{"type":"Point","coordinates":[19.2,-13.9]},"properties":{"region":3,"fire_occurred":1,"prediction":0.0179}},{"type":"Feature","geometry":{"type":"Point","coordinates":[19.2,-11.0]},"properties":{"region":3,"fire_occurred":1,"prediction":0.0392}},{"type":"Feature","geometry":{"type":"Point","coordinates":[19.2,-10.2]},"properties":{"region":3,"fire_occurred":1,"prediction":0.2289}},{"type":"Feature","geometry":{"type":"Point","coordinates":[19.2,-10.1]},"properties":{"region":3,"fire_occurred":1,"prediction":0.0893}},{"type":"Feature","geometry":{"type":"Point","coordinates":[19.3,-13.5]},"properties":{"region":3,"fire_occurred":1,"prediction":0.0349}},{"type":"Feature","geometry":{"type":"Point","coordinates":[19.3,-12.6]},"properties":{"region":3,"fire_occurred":0,"prediction":0.1368}},{"type":"Feature","geometry":{"type":"Point","coordinates":[19.3,-11.4]},"properties":{"region":3,"fire_occurred":1,"prediction":0.0274}},{"type":"Feature","geometry":{"type":"Point","coordinates":[19.3,-11.1]},"properties":{"region":3,"fire_occurred":1,"prediction":0.0857}},{"type":"Feature","geometry":{"type":"Point","coordinates":[19.3,-11.0]},"properties":{"region":3,"fire_occurred":0,"prediction":0.1357}},{"type":"Feature","geometry":{"type":"Point","coordinates":[19.3,-10.9]},"properties":{"region":3,"fire_occurred":1,"prediction":0.1296}},{"type":"Feature","geometry":{"type":"Point","coordinates":[19.3,-10.7]},"properties":{"region":3,"fire_occurred":0,"prediction":0.1538}},{"type":"Feature","geometry":{"type":"Point","coordinates":[19.3,-10.6]},"properties":{"region":3,"fire_occurred":0,"prediction":0.1484}},{"type":"Feature","geometry":{"type":"Point","coordinates":[19.3,-10.2]},"properties":{"region":3,"fire_occurred":0,"prediction":0.1945}},{"type":"Feature","geometry":{"type":"Point","coordinates":[19.4,-14.3]},"properties":{"region":3,"fire_occurred":1,"prediction":0.0405}},{"type":"Feature","geometry":{"type":"Point","coordinates":[19.4,-13.4]},"properties":{"region":3,"fire_occurred":1,"prediction":0.0276}},{"type":"Feature","geometry":{"type":"Point","coordinates":[19.4,-12.5]},"properties":{"region":3,"fire_occurred":0,"prediction":0.1085}},{"type":"Feature","geometry":{"type":"Point","coordinates":[19.4,-12.2]},"properties":{"region":3,"fire_occurred":1,"prediction":0.0457}},{"type":"Feature","geometry":{"type":"Point","coordinates":[19.4,-12.1]},"properties":{"region":3,"fire_occurred":1,"prediction":0.0232}},{"type":"Feature","geometry":{"type":"Point","coordinates":[19.4,-10.7]},"properties":{"region":3,"fire_occurred":0,"prediction":0.1151}},{"type":"Feature","geometry":{"type":"Point","coordinates":[19.4,-10.6]},"properties":{"region":3,"fire_occurred":0,"prediction":0.1116}},{"type":"Feature","geometry":{"type":"Point","coordinates":[19.5,-14.5]},"properties":{"region":3,"fire_occurred":1,"prediction":0.0185}},{"type":"Feature","geometry":{"type":"Point","coordinates":[19.5,-14.3]},"properties":{"region":3,"fire_occurred":1,"prediction":0.044}},{"type":"Feature","geometry":{"type":"Point","coordinates":[19.5,-14.2]},"properties":{"region":3,"fire_occurred":1,"prediction":0.042}},{"type":"Feature","geometry":{"type":"Point","coordinates":[19.5,-13.6]},"properties":{"region":3,"fire_occurred":1,"prediction":0.0405}},{"type":"Feature","geometry":{"type":"Point","coordinates":[19.5,-13.5]},"properties":{"region":3,"fire_occurred":1,"prediction":0.085}},{"type":"Feature","geometry":{"type":"Point","coordinates":[19.5,-13.2]},"properties":{"region":3,"fire_occurred":1,"prediction":0.0249}},{"type":"Feature","geometry":{"type":"Point","coordinates":[19.5,-12.4]},"properties":{"region":3,"fire_occurred":1,"prediction":0.2241}},{"type":"Feature","geometry":{"type":"Point","coordinates":[19.5,-11.5]},"properties":{"region":3,"fire_occurred":1,"prediction":0.0643}},{"type":"Feature","geometry":{"type":"Point","coordinates":[19.5,-11.0]},"properties":{"region":3,"fire_occurred":0,"prediction":0.1083}},{"type":"Feature","geometry":{"type":"Point","coordinates":[19.5,-10.9]},"properties":{"region":3,"fire_occurred":0,"prediction":0.1058}},{"type":"Feature","geometry":{"type":"Point","coordinates":[19.5,-10.6]},"properties":{"region":3,"fire_occurred":0,"prediction":0.1005}},{"type":"Feature","geometry":{"type":"Point","coordinates":[19.5,-10.5]},"properties":{"region":3,"fire_occurred":0,"prediction":0.1256}},{"type":"Feature","geometry":{"type":"Point","coordinates":[19.5,-10.1]},"properties":{"region":3,"fire_occurred":0,"prediction":0.1273}},{"type":"Feature","geometry":{"type":"Point","coordinates":[19.6,-13.2]},"properties":{"region":3,"fire_occurred":1,"prediction":0.0186}},{"type":"Feature","geometry":{"type":"Point","coordinates":[19.6,-12.3]},"properties":{"region":3,"fire_occurred":1,"prediction":0.022}},{"type":"Feature","geometry":{"type":"Point","coordinates":[19.6,-11.9]},"properties":{"region":3,"fire_occurred":1,"prediction":0.0846}},{"type":"Feature","geometry":{"type":"Point","coordinates":[19.6,-11.7]},"properties":{"region":3,"fire_occurred":0,"prediction":0.1186}},{"type":"Feature","geometry":{"type":"Point","coordinates":[19.6,-11.6]},"properties":{"region":3,"fire_occurred":0,"prediction":0.1342}},{"type":"Feature","geometry":{"type":"Point","coordinates":[19.6,-11.1]},"properties":{"region":3,"fire_occurred":0,"prediction":0.1123}},{"type":"Feature","geometry":{"type":"Point","coordinates":[19.6,-11.0]},"properties":{"region":3,"fire_occurred":0,"prediction":0.2077}},{"type":"Feature","geometry":{"type":"Point","coordinates":[19.6,-10.9]},"properties":{"region":3,"fire_occurred":0,"prediction":0.1629}},{"type":"Feature","geometry":{"type":"Point","coordinates":[19.6,-10.8]},"properties":{"region":3,"fire_occurred":0,"prediction":0.1331}},{"type":"Feature","geometry":{"type":"Point","coordinates":[19.6,-10.7]},"properties":{"region":3,"fire_occurred":0,"prediction":0.1231}},{"type":"Feature","geometry":{"type":"Point","coordinates":[19.6,-10.6]},"properties":{"region":3,"fire_occurred":1,"prediction":0.053}},{"type":"Feature","geometry":{"type":"Point","coordinates":[19.6,-10.5]},"properties":{"region":3,"fire_occurred":0,"prediction":0.1033}},{"type":"Feature","geometry":{"type":"Point","coordinates":[19.7,-12.0]},"properties":{"region":3,"fire_occurred":1,"prediction":0.0782}},{"type":"Feature","geometry":{"type":"Point","coordinates":[19.7,-11.9]},"properties":{"region":3,"fire_occurred":0,"prediction":0.1828}},{"type":"Feature","geometry":{"type":"Point","coordinates":[19.7,-11.7]},"properties":{"region":3,"fire_occurred":0,"prediction":0.149}},{"type":"Feature","geometry":{"type":"Point","coordinates":[19.7,-11.6]},"properties":{"region":3,"fire_occurred":0,"prediction":0.207}},{"type":"Feature","geometry":{"type":"Point","coordinates":[19.7,-11.1]},"properties":{"region":3,"fire_occurred":0,"prediction":0.1156}},{"type":"Feature","geometry":{"type":"Point","coordinates":[19.7,-11.0]},"properties":{"region":3,"fire_occurred":0,"prediction":0.111}},{"type":"Feature","geometry":{"type":"Point","coordinates":[19.7,-10.9]},"properties":{"region":3,"fire_occurred":0,"prediction":0.108}},{"type":"Feature","geometry":{"type":"Point","coordinates":[19.7,-10.4]},"properties":{"region":3,"fire_occurred":0,"prediction":0.2054}},{"type":"Feature","geometry":{"type":"Point","coordinates":[19.7,-10.3]},"properties":{"region":3,"fire_occurred":0,"prediction":0.1686}},{"type":"Feature","geometry":{"type":"Point","coordinates":[19.7,-10.2]},"properties":{"region":3,"fire_occurred":0,"prediction":0.1096}},{"type":"Feature","geometry":{"type":"Point","coordinates":[19.8,-13.8]},"properties":{"region":3,"fire_occurred":1,"prediction":0.0174}},{"type":"Feature","geometry":{"type":"Point","coordinates":[19.8,-13.5]},"properties":{"region":3,"fire_occurred":0,"prediction":0.1064}},{"type":"Feature","geometry":{"type":"Point","coordinates":[19.8,-12.4]},"properties":{"region":3,"fire_occurred":1,"prediction":0.0767}},{"type":"Feature","geometry":{"type":"Point","coordinates":[19.8,-12.1]},"properties":{"region":3,"fire_occurred":0,"prediction":0.1246}},{"type":"Feature","geometry":{"type":"Point","coordinates":[19.8,-12.0]},"properties":{"region":3,"fire_occurred":0,"prediction":0.1772}},{"type":"Feature","geometry":{"type":"Point","coordinates":[19.8,-11.9]},"properties":{"region":3,"fire_occurred":0,"prediction":0.1486}},{"type":"Feature","geometry":{"type":"Point","coordinates":[19.8,-11.8]},"properties":{"region":3,"fire_occurred":0,"prediction":0.1029}},{"type":"Feature","geometry":{"type":"Point","coordinates":[19.8,-11.7]},"properties":{"region":3,"fire_occurred":0,"prediction":0.1783}},{"type":"Feature","geometry":{"type":"Point","coordinates":[19.8,-11.1]},"properties":{"region":3,"fire_occurred":0,"prediction":0.1546}},{"type":"Feature","geometry":{"type":"Point","coordinates":[19.8,-10.7]},"properties":{"region":3,"fire_occurred":0,"prediction":0.1553}},{"type":"Feature","geometry":{"type":"Point","coordinates":[19.8,-10.4]},"properties":{"region":3,"fire_occurred":0,"prediction":0.1296}},{"type":"Feature","geometry":{"type":"Point","coordinates":[19.9,-12.8]},"properties":{"region":3,"fire_occurred":1,"prediction":0.0782}},{"type":"Feature","geometry":{"type":"Point","coordinates":[19.9,-12.5]},"properties":{"region":3,"fire_occurred":1,"prediction":0.1443}},{"type":"Feature","geometry":{"type":"Point","coordinates":[19.9,-12.4]},"properties":{"region":3,"fire_occurred":0,"prediction":0.155}},{"type":"Feature","geometry":{"type":"Point","coordinates":[19.9,-12.1]},"properties":{"region":3,"fire_occurred":0,"prediction":0.1225}},{"type":"Feature","geometry":{"type":"Point","coordinates":[19.9,-12.0]},"properties":{"region":3,"fire_occurred":1,"prediction":0.1495}},{"type":"Feature","geometry":{"type":"Point","coordinates":[19.9,-11.8]},"properties":{"region":3,"fire_occurred":0,"prediction":0.1839}},{"type":"Feature","geometry":{"type":"Point","coordinates":[19.9,-11.7]},"properties":{"region":3,"fire_occurred":0,"prediction":0.1419}},{"type":"Feature","geometry":{"type":"Point","coordinates":[19.9,-10.8]},"properties":{"region":3,"fire_occurred":0,"prediction":0.1505}},{"type":"Feature","geometry":{"type":"Point","coordinates":[19.9,-10.7]},"properties":{"region":3,"fire_occurred":0,"prediction":0.1443}},{"type":"Feature","geometry":{"type":"Point","coordinates":[19.9,-10.6]},"properties":{"region":3,"fire_occurred":0,"prediction":0.1325}},{"type":"Feature","geometry":{"type":"Point","coordinates":[19.9,-10.5]},"properties":{"region":3,"fire_occurred":1,"prediction":0.2282}},{"type":"Feature","geometry":{"type":"Point","coordinates":[19.9,-10.4]},"properties":{"region":3,"fire_occurred":0,"prediction":0.132}},{"type":"Feature","geometry":{"type":"Point","coordinates":[19.9,-10.2]},"properties":{"region":3,"fire_occurred":0,"prediction":0.1287}},{"type":"Feature","geometry":{"type":"Point","coordinates":[19.9,-10.1]},"properties":{"region":3,"fire_occurred":0,"prediction":0.1492}},{"type":"Feature","geometry":{"type":"Point","coordinates":[20.0,-14.9]},"properties":{"region":3,"fire_occurred":1,"prediction":0.0314}},{"type":"Feature","geometry":{"type":"Point","coordinates":[20.0,-14.2]},"properties":{"region":3,"fire_occurred":1,"prediction":0.0251}},{"type":"Feature","geometry":{"type":"Point","coordinates":[20.0,-12.5]},"properties":{"region":3,"fire_occurred":0,"prediction":0.2087}},{"type":"Feature","geometry":{"type":"Point","coordinates":[20.0,-12.2]},"properties":{"region":3,"fire_occurred":0,"prediction":0.1139}},{"type":"Feature","geometry":{"type":"Point","coordinates":[20.0,-12.1]},"properties":{"region":3,"fire_occurred":0,"prediction":0.1059}},{"type":"Feature","geometry":{"type":"Point","coordinates":[20.0,-11.9]},"properties":{"region":3,"fire_occurred":0,"prediction":0.118}},{"type":"Feature","geometry":{"type":"Point","coordinates":[20.0,-11.8]},"properties":{"region":3,"fire_occurred":0,"prediction":0.1337}},{"type":"Feature","geometry":{"type":"Point","coordinates":[20.0,-11.7]},"properties":{"region":3,"fire_occurred":0,"prediction":0.1916}},{"type":"Feature","geometry":{"type":"Point","coordinates":[20.0,-11.6]},"properties":{"region":3,"fire_occurred":0,"prediction":0.1907}},{"type":"Feature","geometry":{"type":"Point","coordinates":[20.0,-11.4]},"properties":{"region":3,"fire_occurred":1,"prediction":0.0848}},{"type":"Feature","geometry":{"type":"Point","coordinates":[20.0,-11.0]},"properties":{"region":3,"fire_occurred":0,"prediction":0.1331}},{"type":"Feature","geometry":{"type":"Point","coordinates":[20.0,-10.9]},"properties":{"region":3,"fire_occurred":0,"prediction":0.1617}},{"type":"Feature","geometry":{"type":"Point","coordinates":[20.0,-10.8]},"properties":{"region":3,"fire_occurred":0,"prediction":0.272}},{"type":"Feature","geometry":{"type":"Point","coordinates":[20.0,-10.7]},"properties":{"region":3,"fire_occurred":0,"prediction":0.2248}},{"type":"Feature","geometry":{"type":"Point","coordinates":[20.0,-10.6]},"properties":{"region":3,"fire_occurred":0,"prediction":0.1428}},{"type":"Feature","geometry":{"type":"Point","coordinates":[20.1,-11.7]},"properties":{"region":3,"fire_occurred":0,"prediction":0.1158}},{"type":"Feature","geometry":{"type":"Point","coordinates":[20.1,-11.6]},"properties":{"region":3,"fire_occurred":1,"prediction":0.0886}},{"type":"Feature","geometry":{"type":"Point","coordinates":[20.1,-11.5]},"properties":{"region":3,"fire_occurred":0,"prediction":0.2958}},{"type":"Feature","geometry":{"type":"Point","coordinates":[20.1,-11.4]},"properties":{"region":3,"fire_occurred":1,"prediction":0.1615}},{"type":"Feature","geometry":{"type":"Point","coordinates":[20.1,-11.3]},"properties":{"region":3,"fire_occurred":0,"prediction":0.1335}},{"type":"Feature","geometry":{"type":"Point","coordinates":[20.1,-11.2]},"properties":{"region":3,"fire_occurred":0,"prediction":0.1043}},{"type":"Feature","geometry":{"type":"Point","coordinates":[20.1,-11.1]},"properties":{"region":3,"fire_occurred":0,"prediction":0.1881}},{"type":"Feature","geometry":{"type":"Point","coordinates":[20.1,-11.0]},"properties":{"region":3,"fire_occurred":0,"prediction":0.1972}},{"type":"Feature","geometry":{"type":"Point","coordinates":[20.1,-10.9]},"properties":{"region":3,"fire_occurred":0,"prediction":0.2507}},{"type":"Feature","geometry":{"type":"Point","coordinates":[20.1,-10.8]},"properties":{"region":3,"fire_occurred":1,"prediction":0.2342}},{"type":"Feature","geometry":{"type":"Point","coordinates":[20.1,-10.7]},"properties":{"region":3,"fire_occurred":0,"prediction":0.1968}},{"type":"Feature","geometry":{"type":"Point","coordinates":[20.1,-10.6]},"properties":{"region":3,"fire_occurred":0,"prediction":0.1466}},{"type":"Feature","geometry":{"type":"Point","coordinates":[20.1,-10.5]},"properties":{"region":3,"fire_occurred":1,"prediction":0.1766}},{"type":"Feature","geometry":{"type":"Point","coordinates":[20.1,-10.4]},"properties":{"region":3,"fire_occurred":0,"prediction":0.1497}},{"type":"Feature","geometry":{"type":"Point","coordinates":[20.2,-16.0]},"properties":{"region":3,"fire_occurred":0,"prediction":0.1221}},{"type":"Feature","geometry":{"type":"Point","coordinates":[20.2,-12.7]},"properties":{"region":3,"fire_occurred":1,"prediction":0.0417}},{"type":"Feature","geometry":{"type":"Point","coordinates":[20.2,-12.0]},"properties":{"region":3,"fire_occurred":1,"prediction":0.0095}},{"type":"Feature","geometry":{"type":"Point","coordinates":[20.2,-11.8]},"properties":{"region":3,"fire_occurred":1,"prediction":0.0676}},{"type":"Feature","geometry":{"type":"Point","coordinates":[20.2,-11.5]},"properties":{"region":3,"fire_occurred":1,"prediction":0.0567}},{"type":"Feature","geometry":{"type":"Point","coordinates":[20.2,-11.4]},"properties":{"region":3,"fire_occurred":0,"prediction":0.1051}},{"type":"Feature","geometry":{"type":"Point","coordinates":[20.2,-11.2]},"properties":{"region":3,"fire_occurred":0,"prediction":0.2072}},{"type":"Feature","geometry":{"type":"Point","coordinates":[20.2,-11.1]},"properties":{"region":3,"fire_occurred":1,"prediction":0.2535}},{"type":"Feature","geometry":{"type":"Point","coordinates":[20.2,-11.0]},"properties":{"region":3,"fire_occurred":0,"prediction":0.1675}},{"type":"Feature","geometry":{"type":"Point","coordinates":[20.2,-10.9]},"properties":{"region":3,"fire_occurred":0,"prediction":0.2568}},{"type":"Feature","geometry":{"type":"Point","coordinates":[20.2,-10.8]},"properties":{"region":3,"fire_occurred":1,"prediction":0.2224}},{"type":"Feature","geometry":{"type":"Point","coordinates":[20.2,-10.4]},"properties":{"region":3,"fire_occurred":1,"prediction":0.0744}},{"type":"Feature","geometry":{"type":"Point","coordinates":[20.2,-10.3]},"properties":{"region":3,"fire_occurred":0,"prediction":0.1062}},{"type":"Feature","geometry":{"type":"Point","coordinates":[20.2,-10.2]},"properties":{"region":3,"fire_occurred":0,"prediction":0.1076}},{"type":"Feature","geometry":{"type":"Point","coordinates":[20.3,-12.7]},"properties":{"region":3,"fire_occurred":0,"prediction":0.2116}},{"type":"Feature","geometry":{"type":"Point","coordinates":[20.3,-11.8]},"properties":{"region":3,"fire_occurred":0,"prediction":0.1231}},{"type":"Feature","geometry":{"type":"Point","coordinates":[20.3,-11.7]},"properties":{"region":3,"fire_occurred":0,"prediction":0.1214}},{"type":"Feature","geometry":{"type":"Point","coordinates":[20.3,-11.6]},"properties":{"region":3,"fire_occurred":0,"prediction":0.1719}},{"type":"Feature","geometry":{"type":"Point","coordinates":[20.3,-11.4]},"properties":{"region":3,"fire_occurred":0,"prediction":0.1235}},{"type":"Feature","geometry":{"type":"Point","coordinates":[20.3,-11.3]},"properties":{"region":3,"fire_occurred":0,"prediction":0.1107}},{"type":"Feature","geometry":{"type":"Point","coordinates":[20.3,-11.2]},"properties":{"region":3,"fire_occurred":0,"prediction":0.1356}},{"type":"Feature","geometry":{"type":"Point","coordinates":[20.3,-11.0]},"properties":{"region":3,"fire_occurred":1,"prediction":0.0904}},{"type":"Feature","geometry":{"type":"Point","coordinates":[20.3,-10.9]},"properties":{"region":3,"fire_occurred":0,"prediction":0.1463}},{"type":"Feature","geometry":{"type":"Point","coordinates":[20.3,-10.8]},"properties":{"region":3,"fire_occurred":0,"prediction":0.1693}},{"type":"Feature","geometry":{"type":"Point","coordinates":[20.3,-10.6]},"properties":{"region":3,"fire_occurred":0,"prediction":0.1091}},{"type":"Feature","geometry":{"type":"Point","coordinates":[20.3,-10.2]},"properties":{"region":3,"fire_occurred":0,"prediction":0.1328}},{"type":"Feature","geometry":{"type":"Point","coordinates":[20.4,-12.8]},"properties":{"region":3,"fire_occurred":1,"prediction":0.087}},{"type":"Feature","geometry":{"type":"Point","coordinates":[20.4,-12.7]},"properties":{"region":3,"fire_occurred":0,"prediction":0.1642}},{"type":"Feature","geometry":{"type":"Point","coordinates":[20.4,-12.0]},"properties":{"region":3,"fire_occurred":1,"prediction":0.0338}},{"type":"Feature","geometry":{"type":"Point","coordinates":[20.4,-11.8]},"properties":{"region":3,"fire_occurred":0,"prediction":0.1372}},{"type":"Feature","geometry":{"type":"Point","coordinates":[20.4,-11.7]},"properties":{"region":3,"fire_occurred":0,"prediction":0.1276}},{"type":"Feature","geometry":{"type":"Point","coordinates":[20.4,-11.6]},"properties":{"region":3,"fire_occurred":0,"prediction":0.1686}},{"type":"Feature","geometry":{"type":"Point","coordinates":[20.4,-11.5]},"properties":{"region":3,"fire_occurred":0,"prediction":0.1121}},{"type":"Feature","geometry":{"type":"Point","coordinates":[20.4,-11.4]},"properties":{"region":3,"fire_occurred":1,"prediction":0.1801}},{"type":"Feature","geometry":{"type":"Point","coordinates":[20.4,-11.2]},"properties":{"region":3,"fire_occurred":0,"prediction":0.1215}},{"type":"Feature","geometry":{"type":"Point","coordinates":[20.4,-11.1]},"properties":{"region":3,"fire_occurred":1,"prediction":0.0842}},{"type":"Feature","geometry":{"type":"Point","coordinates":[20.4,-11.0]},"properties":{"region":3,"fire_occurred":0,"prediction":0.1129}},{"type":"Feature","geometry":{"type":"Point","coordinates":[20.4,-10.9]},"properties":{"region":3,"fire_occurred":1,"prediction":0.0238}},{"type":"Feature","geometry":{"type":"Point","coordinates":[20.4,-10.8]},"properties":{"region":3,"fire_occurred":0,"prediction":0.2572}},{"type":"Feature","geometry":{"type":"Point","coordinates":[20.4,-10.3]},"properties":{"region":3,"fire_occurred":0,"prediction":0.1367}},{"type":"Feature","geometry":{"type":"Point","coordinates":[20.4,-10.1]},"properties":{"region":3,"fire_occurred":1,"prediction":0.0704}},{"type":"Feature","geometry":{"type":"Point","coordinates":[20.5,-14.8]},"properties":{"region":3,"fire_occurred":1,"prediction":0.067}},{"type":"Feature","geometry":{"type":"Point","coordinates":[20.5,-14.3]},"properties":{"region":3,"fire_occurred":1,"prediction":0.0534}},{"type":"Feature","geometry":{"type":"Point","coordinates":[20.5,-13.9]},"properties":{"region":3,"fire_occurred":0,"prediction":0.1359}},{"type":"Feature","geometry":{"type":"Point","coordinates":[20.5,-13.3]},"properties":{"region":3,"fire_occurred":1,"prediction":0.0624}},{"type":"Feature","geometry":{"type":"Point","coordinates":[20.5,-12.7]},"properties":{"region":3,"fire_occurred":0,"prediction":0.1418}},{"type":"Feature","geometry":{"type":"Point","coordinates":[20.5,-12.0]},"properties":{"region":3,"fire_occurred":1,"prediction":0.0554}},{"type":"Feature","geometry":{"type":"Point","coordinates":[20.5,-11.8]},"properties":{"region":3,"fire_occurred":0,"prediction":0.2578}},{"type":"Feature","geometry":{"type":"Point","coordinates":[20.5,-11.7]},"properties":{"region":3,"fire_occurred":1,"prediction":0.2363}},{"type":"Feature","geometry":{"type":"Point","coordinates":[20.5,-11.6]},"properties":{"region":3,"fire_occurred":0,"prediction":0.2687}},{"type":"Feature","geometry":{"type":"Point","coordinates":[20.5,-11.4]},"properties":{"region":3,"fire_occurred":0,"prediction":0.1908}},{"type":"Feature","geometry":{"type":"Point","coordinates":[20.5,-11.3]},"properties":{"region":3,"fire_occurred":0,"prediction":0.2218}},{"type":"Feature","geometry":{"type":"Point","coordinates":[20.5,-11.2]},"properties":{"region":3,"fire_occurred":1,"prediction":0.0817}},{"type":"Feature","geometry":{"type":"Point","coordinates":[20.5,-11.1]},"properties":{"region":3,"fire_occurred":0,"prediction":0.1843}},{"type":"Feature","geometry":{"type":"Point","coordinates":[20.5,-11.0]},"properties":{"region":3,"fire_occurred":0,"prediction":0.1526}},{"type":"Feature","geometry":{"type":"Point","coordinates":[20.5,-10.9]},"properties":{"region":3,"fire_occurred":1,"prediction":0.0738}},{"type":"Feature","geometry":{"type":"Point","coordinates":[20.5,-10.8]},"properties":{"region":3,"fire_occurred":0,"prediction":0.1182}},{"type":"Feature","geometry":{"type":"Point","coordinates":[20.5,-10.7]},"properties":{"region":3,"fire_occurred":1,"prediction":0.0778}},{"type":"Feature","geometry":{"type":"Point","coordinates":[20.5,-10.6]},"properties":{"region":3,"fire_occurred":0,"prediction":0.1598}},{"type":"Feature","geometry":{"type":"Point","coordinates":[20.5,-10.3]},"properties":{"region":3,"fire_occurred":0,"prediction":0.1537}},{"type":"Feature","geometry":{"type":"Point","coordinates":[20.5,-10.2]},"properties":{"region":3,"fire_occurred":1,"prediction":0.0709}},{"type":"Feature","geometry":{"type":"Point","coordinates":[20.5,-10.1]},"properties":{"region":3,"fire_occurred":0,"prediction":0.1685}},{"type":"Feature","geometry":{"type":"Point","coordinates":[20.6,-13.9]},"properties":{"region":3,"fire_occurred":0,"prediction":0.1042}},{"type":"Feature","geometry":{"type":"Point","coordinates":[20.6,-12.5]},"properties":{"region":3,"fire_occurred":0,"prediction":0.1001}},{"type":"Feature","geometry":{"type":"Point","coordinates":[20.6,-12.4]},"properties":{"region":3,"fire_occurred":0,"prediction":0.1138}},{"type":"Feature","geometry":{"type":"Point","coordinates":[20.6,-11.9]},"properties":{"region":3,"fire_occurred":0,"prediction":0.201}},{"type":"Feature","geometry":{"type":"Point","coordinates":[20.6,-11.8]},"properties":{"region":3,"fire_occurred":0,"prediction":0.1229}},{"type":"Feature","geometry":{"type":"Point","coordinates":[20.6,-11.7]},"properties":{"region":3,"fire_occurred":0,"prediction":0.1667}},{"type":"Feature","geometry":{"type":"Point","coordinates":[20.6,-11.6]},"properties":{"region":3,"fire_occurred":0,"prediction":0.2811}},{"type":"Feature","geometry":{"type":"Point","coordinates":[20.6,-11.5]},"properties":{"region":3,"fire_occurred":0,"prediction":0.2547}},{"type":"Feature","geometry":{"type":"Point","coordinates":[20.6,-11.4]},"properties":{"region":3,"fire_occurred":0,"prediction":0.2522}},{"type":"Feature","geometry":{"type":"Point","coordinates":[20.6,-11.3]},"properties":{"region":3,"fire_occurred":0,"prediction":0.1838}},{"type":"Feature","geometry":{"type":"Point","coordinates":[20.6,-11.2]},"properties":{"region":3,"fire_occurred":1,"prediction":0.1806}},{"type":"Feature","geometry":{"type":"Point","coordinates":[20.6,-11.1]},"properties":{"region":3,"fire_occurred":0,"prediction":0.3208}},{"type":"Feature","geometry":{"type":"Point","coordinates":[20.6,-11.0]},"properties":{"region":3,"fire_occurred":1,"prediction":0.2181}},{"type":"Feature","geometry":{"type":"Point","coordinates":[20.6,-10.9]},"properties":{"region":3,"fire_occurred":1,"prediction":0.2244}},{"type":"Feature","geometry":{"type":"Point","coordinates":[20.6,-10.8]},"properties":{"region":3,"fire_occurred":0,"prediction":0.2569}},{"type":"Feature","geometry":{"type":"Point","coordinates":[20.6,-10.7]},"properties":{"region":3,"fire_occurred":0,"prediction":0.124}},{"type":"Feature","geometry":{"type":"Point","coordinates":[20.6,-10.6]},"properties":{"region":3,"fire_occurred":0,"prediction":0.1099}},{"type":"Feature","geometry":{"type":"Point","coordinates":[20.6,-10.1]},"properties":{"region":3,"fire_occurred":0,"prediction":0.201}},{"type":"Feature","geometry":{"type":"Point","coordinates":[20.7,-12.6]},"properties":{"region":3,"fire_occurred":1,"prediction":0.0773}},{"type":"Feature","geometry":{"type":"Point","coordinates":[20.7,-12.5]},"properties":{"region":3,"fire_occurred":0,"prediction":0.1133}},{"type":"Feature","geometry":{"type":"Point","coordinates":[20.7,-12.4]},"properties":{"region":3,"fire_occurred":0,"prediction":0.1492}},{"type":"Feature","geometry":{"type":"Point","coordinates":[20.7,-12.3]},"properties":{"region":3,"fire_occurred":0,"prediction":0.1137}},{"type":"Feature","geometry":{"type":"Point","coordinates":[20.7,-12.1]},"properties":{"region":3,"fire_occurred":0,"prediction":0.1033}},{"type":"Feature","geometry":{"type":"Point","coordinates":[20.7,-11.8]},"properties":{"region":3,"fire_occurred":0,"prediction":0.218}},{"type":"Feature","geometry":{"type":"Point","coordinates":[20.7,-11.7]},"properties":{"region":3,"fire_occurred":0,"prediction":0.2314}},{"type":"Feature","geometry":{"type":"Point","coordinates":[20.7,-11.6]},"properties":{"region":3,"fire_occurred":0,"prediction":0.2412}},{"type":"Feature","geometry":{"type":"Point","coordinates":[20.7,-11.5]},"properties":{"region":3,"fire_occurred":1,"prediction":0.0841}},{"type":"Feature","geometry":{"type":"Point","coordinates":[20.7,-11.4]},"properties":{"region":3,"fire_occurred":1,"prediction":0.1799}},{"type":"Feature","geometry":{"type":"Point","coordinates":[20.7,-11.3]},"properties":{"region":3,"fire_occurred":0,"prediction":0.2939}},{"type":"Feature","geometry":{"type":"Point","coordinates":[20.7,-11.2]},"properties":{"region":3,"fire_occurred":0,"prediction":0.1621}},{"type":"Feature","geometry":{"type":"Point","coordinates":[20.7,-11.1]},"properties":{"region":3,"fire_occurred":0,"prediction":0.157}},{"type":"Feature","geometry":{"type":"Point","coordinates":[20.7,-11.0]},"properties":{"region":3,"fire_occurred":0,"prediction":0.1598}},{"type":"Feature","geometry":{"type":"Point","coordinates":[20.7,-10.9]},"properties":{"region":3,"fire_occurred":0,"prediction":0.1493}},{"type":"Feature","geometry":{"type":"Point","coordinates":[20.7,-10.8]},"properties":{"region":3,"fire_occurred":1,"prediction":0.1563}},{"type":"Feature","geometry":{"type":"Point","coordinates":[20.7,-10.7]},"properties":{"region":3,"fire_occurred":0,"prediction":0.1843}},{"type":"Feature","geometry":{"type":"Point","coordinates":[20.7,-10.6]},"properties":{"region":3,"fire_occurred":0,"prediction":0.3896}},{"type":"Feature","geometry":{"type":"Point","coordinates":[20.7,-10.5]},"properties":{"region":3,"fire_occurred":0,"prediction":0.1789}},{"type":"Feature","geometry":{"type":"Point","coordinates":[20.8,-13.2]},"properties":{"region":3,"fire_occurred":1,"prediction":0.0471}},{"type":"Feature","geometry":{"type":"Point","coordinates":[20.8,-13.0]},"properties":{"region":3,"fire_occurred":0,"prediction":0.1626}},{"type":"Feature","geometry":{"type":"Point","coordinates":[20.8,-12.8]},"properties":{"region":3,"fire_occurred":1,"prediction":0.0855}},{"type":"Feature","geometry":{"type":"Point","coordinates":[20.8,-12.4]},"properties":{"region":3,"fire_occurred":0,"prediction":0.1405}},{"type":"Feature","geometry":{"type":"Point","coordinates":[20.8,-12.3]},"properties":{"region":3,"fire_occurred":1,"prediction":0.0623}},{"type":"Feature","geometry":{"type":"Point","coordinates":[20.8,-12.2]},"properties":{"region":3,"fire_occurred":1,"prediction":0.1281}},{"type":"Feature","geometry":{"type":"Point","coordinates":[20.8,-12.0]},"properties":{"region":3,"fire_occurred":0,"prediction":0.1128}},{"type":"Feature","geometry":{"type":"Point","coordinates":[20.8,-11.8]},"properties":{"region":3,"fire_occurred":0,"prediction":0.1164}},{"type":"Feature","geometry":{"type":"Point","coordinates":[20.8,-11.7]},"properties":{"region":3,"fire_occurred":1,"prediction":0.2819}},{"type":"Feature","geometry":{"type":"Point","coordinates":[20.8,-11.6]},"properties":{"region":3,"fire_occurred":1,"prediction":0.1715}},{"type":"Feature","geometry":{"type":"Point","coordinates":[20.8,-11.5]},"properties":{"region":3,"fire_occurred":0,"prediction":0.1249}},{"type":"Feature","geometry":{"type":"Point","coordinates":[20.8,-11.4]},"properties":{"region":3,"fire_occurred":1,"prediction":0.1909}},{"type":"Feature","geometry":{"type":"Point","coordinates":[20.8,-11.3]},"properties":{"region":3,"fire_occurred":0,"prediction":0.2782}},{"type":"Feature","geometry":{"type":"Point","coordinates":[20.8,-11.2]},"properties":{"region":3,"fire_occurred":0,"prediction":0.2401}},{"type":"Feature","geometry":{"type":"Point","coordinates":[20.8,-11.1]},"properties":{"region":3,"fire_occurred":0,"prediction":0.1091}},{"type":"Feature","geometry":{"type":"Point","coordinates":[20.8,-11.0]},"properties":{"region":3,"fire_occurred":0,"prediction":0.1481}},{"type":"Feature","geometry":{"type":"Point","coordinates":[20.8,-10.7]},"properties":{"region":3,"fire_occurred":0,"prediction":0.1123}},{"type":"Feature","geometry":{"type":"Point","coordinates":[20.8,-10.6]},"properties":{"region":3,"fire_occurred":0,"prediction":0.1305}},{"type":"Feature","geometry":{"type":"Point","coordinates":[20.8,-10.5]},"properties":{"region":3,"fire_occurred":0,"prediction":0.1726}},{"type":"Feature","geometry":{"type":"Point","coordinates":[20.8,-10.4]},"properties":{"region":3,"fire_occurred":0,"prediction":0.1357}},{"type":"Feature","geometry":{"type":"Point","coordinates":[20.8,-10.3]},"properties":{"region":3,"fire_occurred":0,"prediction":0.132}},{"type":"Feature","geometry":{"type":"Point","coordinates":[20.8,-10.1]},"properties":{"region":3,"fire_occurred":0,"prediction":0.1158}},{"type":"Feature","geometry":{"type":"Point","coordinates":[20.9,-13.4]},"properties":{"region":3,"fire_occurred":0,"prediction":0.1074}},{"type":"Feature","geometry":{"type":"Point","coordinates":[20.9,-12.8]},"properties":{"region":3,"fire_occurred":1,"prediction":0.1097}},{"type":"Feature","geometry":{"type":"Point","coordinates":[20.9,-12.7]},"properties":{"region":3,"fire_occurred":1,"prediction":0.1781}},{"type":"Feature","geometry":{"type":"Point","coordinates":[20.9,-12.5]},"properties":{"region":3,"fire_occurred":0,"prediction":0.1365}},{"type":"Feature","geometry":{"type":"Point","coordinates":[20.9,-12.4]},"properties":{"region":3,"fire_occurred":1,"prediction":0.1271}},{"type":"Feature","geometry":{"type":"Point","coordinates":[20.9,-12.3]},"properties":{"region":3,"fire_occurred":0,"prediction":0.1378}},{"type":"Feature","geometry":{"type":"Point","coordinates":[20.9,-11.9]},"properties":{"region":3,"fire_occurred":0,"prediction":0.1836}},{"type":"Feature","geometry":{"type":"Point","coordinates":[20.9,-11.8]},"properties":{"region":3,"fire_occurred":0,"prediction":0.1712}},{"type":"Feature","geometry":{"type":"Point","coordinates":[20.9,-11.7]},"properties":{"region":3,"fire_occurred":0,"prediction":0.1702}},{"type":"Feature","geometry":{"type":"Point","coordinates":[20.9,-11.6]},"properties":{"region":3,"fire_occurred":0,"prediction":0.2845}},{"type":"Feature","geometry":{"type":"Point","coordinates":[20.9,-11.4]},"properties":{"region":3,"fire_occurred":0,"prediction":0.1965}},{"type":"Feature","geometry":{"type":"Point","coordinates":[20.9,-11.3]},"properties":{"region":3,"fire_occurred":0,"prediction":0.1498}},{"type":"Feature","geometry":{"type":"Point","coordinates":[20.9,-11.2]},"properties":{"region":3,"fire_occurred":1,"prediction":0.1092}},{"type":"Feature","geometry":{"type":"Point","coordinates":[20.9,-11.1]},"properties":{"region":3,"fire_occurred":0,"prediction":0.1014}},{"type":"Feature","geometry":{"type":"Point","coordinates":[20.9,-11.0]},"properties":{"region":3,"fire_occurred":0,"prediction":0.1374}},{"type":"Feature","geometry":{"type":"Point","coordinates":[20.9,-10.8]},"properties":{"region":3,"fire_occurred":0,"prediction":0.1797}},{"type":"Feature","geometry":{"type":"Point","coordinates":[20.9,-10.7]},"properties":{"region":3,"fire_occurred":0,"prediction":0.2026}},{"type":"Feature","geometry":{"type":"Point","coordinates":[20.9,-10.6]},"properties":{"region":3,"fire_occurred":0,"prediction":0.1161}},{"type":"Feature","geometry":{"type":"Point","coordinates":[20.9,-10.5]},"properties":{"region":3,"fire_occurred":1,"prediction":0.28}},{"type":"Feature","geometry":{"type":"Point","coordinates":[20.9,-10.2]},"properties":{"region":3,"fire_occurred":0,"prediction":0.1088}},{"type":"Feature","geometry":{"type":"Point","coordinates":[20.9,44.6]},"properties":{"region":3,"fire_occurred":1,"prediction":0.0005}},{"type":"Feature","geometry":{"type":"Point","coordinates":[21.0,-13.2]},"properties":{"region":3,"fire_occurred":0,"prediction":0.1025}},{"type":"Feature","geometry":{"type":"Point","coordinates":[21.1,-15.3]},"properties":{"region":3,"fire_occurred":0,"prediction":0.1076}},{"type":"Feature","geometry":{"type":"Point","coordinates":[21.1,-13.6]},"properties":{"region":3,"fire_occurred":0,"prediction":0.1279}},{"type":"Feature","geometry":{"type":"Point","coordinates":[21.1,-13.5]},"properties":{"region":3,"fire_occurred":0,"prediction":0.1202}},{"type":"Feature","geometry":{"type":"Point","coordinates":[21.1,-13.4]},"properties":{"region":3,"fire_occurred":1,"prediction":0.0786}},{"type":"Feature","geometry":{"type":"Point","coordinates":[21.1,48.6]},"properties":{"region":3,"fire_occurred":1,"prediction":0.59}},{"type":"Feature","geometry":{"type":"Point","coordinates":[21.3,-13.2]},"properties":{"region":3,"fire_occurred":0,"prediction":0.1147}},{"type":"Feature","geometry":{"type":"Point","coordinates":[21.3,-13.1]},"properties":{"region":3,"fire_occurred":1,"prediction":0.2533}},{"type":"Feature","geometry":{"type":"Point","coordinates":[21.4,-13.6]},"properties":{"region":3,"fire_occurred":0,"prediction":0.1055}},{"type":"Feature","geometry":{"type":"Point","coordinates":[21.4,-13.5]},"properties":{"region":3,"fire_occurred":0,"prediction":0.1175}},{"type":"Feature","geometry":{"type":"Point","coordinates":[21.4,-13.2]},"properties":{"region":3,"fire_occurred":1,"prediction":0.1293}},{"type":"Feature","geometry":{"type":"Point","coordinates":[21.5,-13.4]},"properties":{"region":3,"fire_occurred":0,"prediction":0.1516}},{"type":"Feature","geometry":{"type":"Point","coordinates":[21.5,-13.3]},"properties":{"region":3,"fire_occurred":0,"prediction":0.1213}},{"type":"Feature","geometry":{"type":"Point","coordinates":[21.5,-13.1]},"properties":{"region":3,"fire_occurred":0,"prediction":0.1425}},{"type":"Feature","geometry":{"type":"Point","coordinates":[21.6,-14.3]},"properties":{"region":3,"fire_occurred":0,"prediction":0.1034}},{"type":"Feature","geometry":{"type":"Point","coordinates":[21.6,-13.7]},"properties":{"region":3,"fire_occurred":1,"prediction":0.0292}},{"type":"Feature","geometry":{"type":"Point","coordinates":[21.6,-13.2]},"properties":{"region":3,"fire_occurred":0,"prediction":0.18}},{"type":"Feature","geometry":{"type":"Point","coordinates":[21.6,-13.1]},"properties":{"region":3,"fire_occurred":0,"prediction":0.1737}},{"type":"Feature","geometry":{"type":"Point","coordinates":[21.7,-14.3]},"properties":{"region":3,"fire_occurred":0,"prediction":0.1344}},{"type":"Feature","geometry":{"type":"Point","coordinates":[21.7,-13.8]},"properties":{"region":3,"fire_occurred":0,"prediction":0.1839}},{"type":"Feature","geometry":{"type":"Point","coordinates":[21.7,-13.5]},"properties":{"region":3,"fire_occurred":0,"prediction":0.1022}},{"type":"Feature","geometry":{"type":"Point","coordinates":[21.7,-13.4]},"properties":{"region":3,"fire_occurred":0,"prediction":0.108}},{"type":"Feature","geometry":{"type":"Point","coordinates":[21.7,-13.3]},"properties":{"region":3,"fire_occurred":0,"prediction":0.1699}},{"type":"Feature","geometry":{"type":"Point","coordinates":[21.7,-13.2]},"properties":{"region":3,"fire_occurred":0,"prediction":0.1414}},{"type":"Feature","geometry":{"type":"Point","coordinates":[21.7,-13.1]},"properties":{"region":3,"fire_occurred":0,"prediction":0.162}},{"type":"Feature","geometry":{"type":"Point","coordinates":[21.8,-15.2]},"properties":{"region":3,"fire_occurred":0,"prediction":0.1221}},{"type":"Feature","geometry":{"type":"Point","coordinates":[21.8,-14.5]},"properties":{"region":3,"fire_occurred":0,"prediction":0.1204}},{"type":"Feature","geometry":{"type":"Point","coordinates":[21.8,-14.4]},"properties":{"region":3,"fire_occurred":0,"prediction":0.1137}},{"type":"Feature","geometry":{"type":"Point","coordinates":[21.8,-13.9]},"properties":{"region":3,"fire_occurred":0,"prediction":0.1303}},{"type":"Feature","geometry":{"type":"Point","coordinates":[21.8,-13.8]},"properties":{"region":3,"fire_occurred":0,"prediction":0.1135}},{"type":"Feature","geometry":{"type":"Point","coordinates":[21.8,-13.3]},"properties":{"region":3,"fire_occurred":0,"prediction":0.1104}},{"type":"Feature","geometry":{"type":"Point","coordinates":[21.8,-13.2]},"properties":{"region":3,"fire_occurred":0,"prediction":0.171}},{"type":"Feature","geometry":{"type":"Point","coordinates":[21.9,-14.4]},"properties":{"region":3,"fire_occurred":1,"prediction":0.1915}},{"type":"Feature","geometry":{"type":"Point","coordinates":[21.9,-14.0]},"properties":{"region":3,"fire_occurred":1,"prediction":0.1169}},{"type":"Feature","geometry":{"type":"Point","coordinates":[21.9,-13.9]},"properties":{"region":3,"fire_occurred":0,"prediction":0.1134}},{"type":"Feature","geometry":{"type":"Point","coordinates":[21.9,-13.6]},"properties":{"region":3,"fire_occurred":1,"prediction":0.1028}},{"type":"Feature","geometry":{"type":"Point","coordinates":[21.9,-13.3]},"properties":{"region":3,"fire_occurred":1,"prediction":0.0711}},{"type":"Feature","geometry":{"type":"Point","coordinates":[21.9,-13.2]},"properties":{"region":3,"fire_occurred":1,"prediction":0.0866}},{"type":"Feature","geometry":{"type":"Point","coordinates":[21.9,41.4]},"properties":{"region":3,"fire_occurred":1,"prediction":0.6639}},{"type":"Feature","geometry":{"type":"Point","coordinates":[22.0,-15.0]},"properties":{"region":3,"fire_occurred":1,"prediction":0.1208}},{"type":"Feature","geometry":{"type":"Point","coordinates":[22.0,-14.7]},"properties":{"region":3,"fire_occurred":1,"prediction":0.1356}},{"type":"Feature","geometry":{"type":"Point","coordinates":[22.0,-14.6]},"properties":{"region":3,"fire_occurred":0,"prediction":0.1593}},{"type":"Feature","geometry":{"type":"Point","coordinates":[22.0,-14.3]},"properties":{"region":3,"fire_occurred":0,"prediction":0.1599}},{"type":"Feature","geometry":{"type":"Point","coordinates":[22.1,-15.5]},"properties":{"region":3,"fire_occurred":0,"prediction":0.1256}},{"type":"Feature","geometry":{"type":"Point","coordinates":[22.1,-15.2]},"properties":{"region":3,"fire_occurred":0,"prediction":0.1123}},{"type":"Feature","geometry":{"type":"Point","coordinates":[22.1,-14.9]},"properties":{"region":3,"fire_occurred":0,"prediction":0.1222}},{"type":"Feature","geometry":{"type":"Point","coordinates":[22.1,-14.8]},"properties":{"region":3,"fire_occurred":1,"prediction":0.1436}},{"type":"Feature","geometry":{"type":"Point","coordinates":[22.1,-14.7]},"properties":{"region":3,"fire_occurred":1,"prediction":0.1156}},{"type":"Feature","geometry":{"type":"Point","coordinates":[22.1,-14.3]},"properties":{"region":3,"fire_occurred":0,"prediction":0.1656}},{"type":"Feature","geometry":{"type":"Point","coordinates":[22.1,-14.2]},"properties":{"region":3,"fire_occurred":0,"prediction":0.2799}},{"type":"Feature","geometry":{"type":"Point","coordinates":[22.2,-14.8]},"properties":{"region":3,"fire_occurred":0,"prediction":0.1024}},{"type":"Feature","geometry":{"type":"Point","coordinates":[22.2,-14.7]},"properties":{"region":3,"fire_occurred":0,"prediction":0.1177}},{"type":"Feature","geometry":{"type":"Point","coordinates":[22.2,-14.3]},"properties":{"region":3,"fire_occurred":0,"prediction":0.1306}},{"type":"Feature","geometry":{"type":"Point","coordinates":[22.3,-14.8]},"properties":{"region":3,"fire_occurred":0,"prediction":0.1622}},{"type":"Feature","geometry":{"type":"Point","coordinates":[22.3,-14.2]},"properties":{"region":3,"fire_occurred":0,"prediction":0.1632}},{"type":"Feature","geometry":{"type":"Point","coordinates":[22.4,-14.9]},"properties":{"region":3,"fire_occurred":0,"prediction":0.1192}},{"type":"Feature","geometry":{"type":"Point","coordinates":[22.4,-14.8]},"properties":{"region":3,"fire_occurred":0,"prediction":0.1277}},{"type":"Feature","geometry":{"type":"Point","coordinates":[22.4,-14.7]},"properties":{"region":3,"fire_occurred":0,"prediction":0.1175}},{"type":"Feature","geometry":{"type":"Point","coordinates":[22.4,-14.2]},"properties":{"region":3,"fire_occurred":0,"prediction":0.1286}},{"type":"Feature","geometry":{"type":"Point","coordinates":[22.5,-15.6]},"properties":{"region":3,"fire_occurred":0,"prediction":0.1086}},{"type":"Feature","geometry":{"type":"Point","coordinates":[22.5,-14.9]},"properties":{"region":3,"fire_occurred":0,"prediction":0.1272}},{"type":"Feature","geometry":{"type":"Point","coordinates":[22.6,-15.3]},"properties":{"region":3,"fire_occurred":0,"prediction":0.1259}},{"type":"Feature","geometry":{"type":"Point","coordinates":[22.6,-14.5]},"properties":{"region":3,"fire_occurred":0,"prediction":0.1101}},{"type":"Feature","geometry":{"type":"Point","coordinates":[22.6,-14.3]},"properties":{"region":3,"fire_occurred":0,"prediction":0.1099}},{"type":"Feature","geometry":{"type":"Point","coordinates":[22.6,-14.2]},"properties":{"region":3,"fire_occurred":0,"prediction":0.117}},{"type":"Feature","geometry":{"type":"Point","coordinates":[22.6,-14.1]},"properties":{"region":3,"fire_occurred":0,"prediction":0.1162}},{"type":"Feature","geometry":{"type":"Point","coordinates":[22.7,-14.4]},"properties":{"region":3,"fire_occurred":0,"prediction":0.1066}},{"type":"Feature","geometry":{"type":"Point","coordinates":[22.7,-14.3]},"properties":{"region":3,"fire_occurred":0,"prediction":0.1401}},{"type":"Feature","geometry":{"type":"Point","coordinates":[22.7,-14.2]},"properties":{"region":3,"fire_occurred":0,"prediction":0.1721}},{"type":"Feature","geometry":{"type":"Point","coordinates":[22.7,-14.1]},"properties":{"region":3,"fire_occurred":0,"prediction":0.1018}},{"type":"Feature","geometry":{"type":"Point","coordinates":[22.8,-14.6]},"properties":{"region":3,"fire_occurred":0,"prediction":0.1212}},{"type":"Feature","geometry":{"type":"Point","coordinates":[22.8,-14.3]},"properties":{"region":3,"fire_occurred":0,"prediction":0.1126}},{"type":"Feature","geometry":{"type":"Point","coordinates":[22.8,-14.2]},"properties":{"region":3,"fire_occurred":0,"prediction":0.1849}},{"type":"Feature","geometry":{"type":"Point","coordinates":[22.9,-14.7]},"properties":{"region":3,"fire_occurred":0,"prediction":0.1384}},{"type":"Feature","geometry":{"type":"Point","coordinates":[22.9,-14.6]},"properties":{"region":3,"fire_occurred":0,"prediction":0.2195}},{"type":"Feature","geometry":{"type":"Point","coordinates":[22.9,-14.5]},"properties":{"region":3,"fire_occurred":0,"prediction":0.1369}},{"type":"Feature","geometry":{"type":"Point","coordinates":[22.9,-14.2]},"properties":{"region":3,"fire_occurred":1,"prediction":0.0307}},{"type":"Feature","geometry":{"type":"Point","coordinates":[23.1,-15.1]},"properties":{"region":3,"fire_occurred":0,"prediction":0.1031}},{"type":"Feature","geometry":{"type":"Point","coordinates":[24.0,-12.1]},"properties":{"region":3,"fire_occurred":0,"prediction":0.105}},{"type":"Feature","geometry":{"type":"Point","coordinates":[24.0,-11.7]},"properties":{"region":3,"fire_occurred":0,"prediction":0.3454}},{"type":"Feature","geometry":{"type":"Point","coordinates":[24.0,-11.6]},"properties":{"region":3,"fire_occurred":0,"prediction":0.1739}},{"type":"Feature","geometry":{"type":"Point","coordinates":[24.0,-11.5]},"properties":{"region":3,"fire_occurred":0,"prediction":0.2331}},{"type":"Feature","geometry":{"type":"Point","coordinates":[24.0,-11.1]},"properties":{"region":3,"fire_occurred":0,"prediction":0.1103}},{"type":"Feature","geometry":{"type":"Point","coordinates":[24.1,-12.8]},"properties":{"region":3,"fire_occurred":0,"prediction":0.116}},{"type":"Feature","geometry":{"type":"Point","coordinates":[24.1,-12.1]},"properties":{"region":3,"fire_occurred":0,"prediction":0.1549}},{"type":"Feature","geometry":{"type":"Point","coordinates":[24.1,-11.8]},"properties":{"region":3,"fire_occurred":0,"prediction":0.2523}},{"type":"Feature","geometry":{"type":"Point","coordinates":[24.1,-11.7]},"properties":{"region":3,"fire_occurred":0,"prediction":0.1914}},{"type":"Feature","geometry":{"type":"Point","coordinates":[24.1,-11.6]},"properties":{"region":3,"fire_occurred":0,"prediction":0.2131}},{"type":"Feature","geometry":{"type":"Point","coordinates":[24.1,-11.5]},"properties":{"region":3,"fire_occurred":0,"prediction":0.3511}},{"type":"Feature","geometry":{"type":"Point","coordinates":[24.1,-11.4]},"properties":{"region":3,"fire_occurred":0,"prediction":0.2894}},{"type":"Feature","geometry":{"type":"Point","coordinates":[24.1,-11.3]},"properties":{"region":3,"fire_occurred":1,"prediction":0.0791}},{"type":"Feature","geometry":{"type":"Point","coordinates":[24.1,-11.2]},"properties":{"region":3,"fire_occurred":1,"prediction":0.2183}},{"type":"Feature","geometry":{"type":"Point","coordinates":[24.1,-11.1]},"properties":{"region":3,"fire_occurred":0,"prediction":0.1176}},{"type":"Feature","geometry":{"type":"Point","coordinates":[24.2,-12.8]},"properties":{"region":3,"fire_occurred":0,"prediction":0.1862}},{"type":"Feature","geometry":{"type":"Point","coordinates":[24.2,-12.4]},"properties":{"region":3,"fire_occurred":0,"prediction":0.1335}},{"type":"Feature","geometry":{"type":"Point","coordinates":[24.2,-12.3]},"properties":{"region":3,"fire_occurred":0,"prediction":0.1563}},{"type":"Feature","geometry":{"type":"Point","coordinates":[24.2,-11.9]},"properties":{"region":3,"fire_occurred":0,"prediction":0.2093}},{"type":"Feature","geometry":{"type":"Point","coordinates":[24.2,-11.8]},"properties":{"region":3,"fire_occurred":0,"prediction":0.3092}},{"type":"Feature","geometry":{"type":"Point","coordinates":[24.2,-11.7]},"properties":{"region":3,"fire_occurred":0,"prediction":0.1721}},{"type":"Feature","geometry":{"type":"Point","coordinates":[24.2,-11.5]},"properties":{"region":3,"fire_occurred":0,"prediction":0.1789}},{"type":"Feature","geometry":{"type":"Point","coordinates":[24.2,-11.4]},"properties":{"region":3,"fire_occurred":0,"prediction":0.2079}},{"type":"Feature","geometry":{"type":"Point","coordinates":[24.2,-11.1]},"properties":{"region":3,"fire_occurred":0,"prediction":0.1556}},{"type":"Feature","geometry":{"type":"Point","coordinates":[24.3,-12.4]},"properties":{"region":3,"fire_occurred":0,"prediction":0.1672}},{"type":"Feature","geometry":{"type":"Point","coordinates":[24.3,-11.8]},"properties":{"region":3,"fire_occurred":1,"prediction":0.3033}},{"type":"Feature","geometry":{"type":"Point","coordinates":[24.3,-11.7]},"properties":{"region":3,"fire_occurred":1,"prediction":0.1174}},{"type":"Feature","geometry":{"type":"Point","coordinates":[24.3,-11.6]},"properties":{"region":3,"fire_occurred":0,"prediction":0.1435}},{"type":"Feature","geometry":{"type":"Point","coordinates":[24.3,-11.5]},"properties":{"region":3,"fire_occurred":0,"prediction":0.1436}},{"type":"Feature","geometry":{"type":"Point","coordinates":[24.3,-11.3]},"properties":{"region":3,"fire_occurred":0,"prediction":0.1183}},{"type":"Feature","geometry":{"type":"Point","coordinates":[24.3,-11.2]},"properties":{"region":3,"fire_occurred":1,"prediction":0.0904}},{"type":"Feature","geometry":{"type":"Point","coordinates":[24.4,-12.6]},"properties":{"region":3,"fire_occurred":0,"prediction":0.1118}},{"type":"Feature","geometry":{"type":"Point","coordinates":[24.4,-12.1]},"properties":{"region":3,"fire_occurred":0,"prediction":0.1063}},{"type":"Feature","geometry":{"type":"Point","coordinates":[24.4,-11.8]},"properties":{"region":3,"fire_occurred":0,"prediction":0.1746}},{"type":"Feature","geometry":{"type":"Point","coordinates":[24.4,-11.7]},"properties":{"region":3,"fire_occurred":0,"prediction":0.2054}},{"type":"Feature","geometry":{"type":"Point","coordinates":[24.4,-11.6]},"properties":{"region":3,"fire_occurred":0,"prediction":0.1337}},{"type":"Feature","geometry":{"type":"Point","coordinates":[24.4,-11.4]},"properties":{"region":3,"fire_occurred":0,"prediction":0.1091}},{"type":"Feature","geometry":{"type":"Point","coordinates":[24.4,-11.1]},"properties":{"region":3,"fire_occurred":0,"prediction":0.1559}},{"type":"Feature","geometry":{"type":"Point","coordinates":[24.5,-11.7]},"properties":{"region":3,"fire_occurred":0,"prediction":0.1265}},{"type":"Feature","geometry":{"type":"Point","coordinates":[24.5,-11.6]},"properties":{"region":3,"fire_occurred":0,"prediction":0.1078}},{"type":"Feature","geometry":{"type":"Point","coordinates":[24.5,-11.4]},"properties":{"region":3,"fire_occurred":0,"prediction":0.2101}},{"type":"Feature","geometry":{"type":"Point","coordinates":[24.5,-11.2]},"properties":{"region":3,"fire_occurred":0,"prediction":0.1613}},{"type":"Feature","geometry":{"type":"Point","coordinates":[24.5,-11.1]},"properties":{"region":3,"fire_occurred":0,"prediction":0.2678}},{"type":"Feature","geometry":{"type":"Point","coordinates":[24.6,-11.9]},"properties":{"region":3,"fire_occurred":0,"prediction":0.1538}},{"type":"Feature","geometry":{"type":"Point","coordinates":[24.6,-11.8]},"properties":{"region":3,"fire_occurred":0,"prediction":0.111}},{"type":"Feature","geometry":{"type":"Point","coordinates":[24.6,-11.7]},"properties":{"region":3,"fire_occurred":0,"prediction":0.1543}},{"type":"Feature","geometry":{"type":"Point","coordinates":[24.6,-11.6]},"properties":{"region":3,"fire_occurred":0,"prediction":0.205}},{"type":"Feature","geometry":{"type":"Point","coordinates":[24.6,-11.5]},"properties":{"region":3,"fire_occurred":0,"prediction":0.2647}},{"type":"Feature","geometry":{"type":"Point","coordinates":[24.6,-11.4]},"properties":{"region":3,"fire_occurred":0,"prediction":0.3189}},{"type":"Feature","geometry":{"type":"Point","coordinates":[24.6,-11.3]},"properties":{"region":3,"fire_occurred":0,"prediction":0.2506}},{"type":"Feature","geometry":{"type":"Point","coordinates":[24.6,-11.2]},"properties":{"region":3,"fire_occurred":0,"prediction":0.2467}},{"type":"Feature","geometry":{"type":"Point","coordinates":[24.6,-11.1]},"properties":{"region":3,"fire_occurred":0,"prediction":0.4207}},{"type":"Feature","geometry":{"type":"Point","coordinates":[24.7,-12.2]},"properties":{"region":3,"fire_occurred":0,"prediction":0.1162}},{"type":"Feature","geometry":{"type":"Point","coordinates":[24.7,-11.8]},"properties":{"region":3,"fire_occurred":0,"prediction":0.3085}},{"type":"Feature","geometry":{"type":"Point","coordinates":[24.7,-11.7]},"properties":{"region":3,"fire_occurred":0,"prediction":0.1572}},{"type":"Feature","geometry":{"type":"Point","coordinates":[24.7,-11.6]},"properties":{"region":3,"fire_occurred":0,"prediction":0.1063}},{"type":"Feature","geometry":{"type":"Point","coordinates":[24.7,-11.5]},"properties":{"region":3,"fire_occurred":0,"prediction":0.1989}},{"type":"Feature","geometry":{"type":"Point","coordinates":[24.7,-11.4]},"properties":{"region":3,"fire_occurred":1,"prediction":0.3033}},{"type":"Feature","geometry":{"type":"Point","coordinates":[24.7,-11.3]},"properties":{"region":3,"fire_occurred":0,"prediction":0.1186}},{"type":"Feature","geometry":{"type":"Point","coordinates":[24.7,-11.1]},"properties":{"region":3,"fire_occurred":0,"prediction":0.1354}},{"type":"Feature","geometry":{"type":"Point","coordinates":[24.8,-12.1]},"properties":{"region":3,"fire_occurred":0,"prediction":0.1008}},{"type":"Feature","geometry":{"type":"Point","coordinates":[24.8,-12.0]},"properties":{"region":3,"fire_occurred":0,"prediction":0.1063}},{"type":"Feature","geometry":{"type":"Point","coordinates":[24.8,-11.9]},"properties":{"region":3,"fire_occurred":1,"prediction":0.1097}},{"type":"Feature","geometry":{"type":"Point","coordinates":[24.8,-11.8]},"properties":{"region":3,"fire_occurred":0,"prediction":0.214}},{"type":"Feature","geometry":{"type":"Point","coordinates":[24.8,-11.7]},"properties":{"region":3,"fire_occurred":0,"prediction":0.1184}},{"type":"Feature","geometry":{"type":"Point","coordinates":[24.8,-11.6]},"properties":{"region":3,"fire_occurred":0,"prediction":0.1992}},{"type":"Feature","geometry":{"type":"Point","coordinates":[24.8,-11.5]},"properties":{"region":3,"fire_occurred":0,"prediction":0.1244}},{"type":"Feature","geometry":{"type":"Point","coordinates":[24.8,-11.4]},"properties":{"region":3,"fire_occurred":0,"prediction":0.3414}},{"type":"Feature","geometry":{"type":"Point","coordinates":[24.8,-11.2]},"properties":{"region":3,"fire_occurred":0,"prediction":0.1036}},{"type":"Feature","geometry":{"type":"Point","coordinates":[24.8,-11.1]},"properties":{"region":3,"fire_occurred":0,"prediction":0.147}},{"type":"Feature","geometry":{"type":"Point","coordinates":[24.9,-15.8]},"properties":{"region":3,"fire_occurred":0,"prediction":0.1181}},{"type":"Feature","geometry":{"type":"Point","coordinates":[24.9,-12.1]},"properties":{"region":3,"fire_occurred":0,"prediction":0.1618}},{"type":"Feature","geometry":{"type":"Point","coordinates":[24.9,-12.0]},"properties":{"region":3,"fire_occurred":0,"prediction":0.1429}},{"type":"Feature","geometry":{"type":"Point","coordinates":[24.9,-11.9]},"properties":{"region":3,"fire_occurred":0,"prediction":0.229}},{"type":"Feature","geometry":{"type":"Point","coordinates":[24.9,-11.8]},"properties":{"region":3,"fire_occurred":0,"prediction":0.1896}},{"type":"Feature","geometry":{"type":"Point","coordinates":[24.9,-11.7]},"properties":{"region":3,"fire_occurred":0,"prediction":0.1236}},{"type":"Feature","geometry":{"type":"Point","coordinates":[24.9,-11.6]},"properties":{"region":3,"fire_occurred":0,"prediction":0.1549}},{"type":"Feature","geometry":{"type":"Point","coordinates":[24.9,-11.5]},"properties":{"region":3,"fire_occurred":0,"prediction":0.2714}},{"type":"Feature","geometry":{"type":"Point","coordinates":[24.9,-11.4]},"properties":{"region":3,"fire_occurred":0,"prediction":0.1945}},{"type":"Feature","geometry":{"type":"Point","coordinates":[24.9,-11.1]},"properties":{"region":3,"fire_occurred":0,"prediction":0.2083}},{"type":"Feature","geometry":{"type":"Point","coordinates":[25.0,-15.0]},"properties":{"region":3,"fire_occurred":0,"prediction":0.1754}},{"type":"Feature","geometry":{"type":"Point","coordinates":[25.0,-14.6]},"properties":{"region":3,"fire_occurred":1,"prediction":0.1156}},{"type":"Feature","geometry":{"type":"Point","coordinates":[25.0,-14.5]},"properties":{"region":3,"fire_occurred":0,"prediction":0.1022}},{"type":"Feature","geometry":{"type":"Point","coordinates":[25.0,-14.4]},"properties":{"region":3,"fire_occurred":0,"prediction":0.1567}},{"type":"Feature","geometry":{"type":"Point","coordinates":[25.0,-14.3]},"properties":{"region":3,"fire_occurred":0,"prediction":0.2187}},{"type":"Feature","geometry":{"type":"Point","coordinates":[25.0,-14.2]},"properties":{"region":3,"fire_occurred":1,"prediction":0.2592}},{"type":"Feature","geometry":{"type":"Point","coordinates":[25.0,-14.1]},"properties":{"region":3,"fire_occurred":0,"prediction":0.1937}},{"type":"Feature","geometry":{"type":"Point","coordinates":[25.0,-14.0]},"properties":{"region":3,"fire_occurred":0,"prediction":0.1964}},{"type":"Feature","geometry":{"type":"Point","coordinates":[25.0,-13.9]},"properties":{"region":3,"fire_occurred":0,"prediction":0.1315}},{"type":"Feature","geometry":{"type":"Point","coordinates":[25.0,-13.4]},"properties":{"region":3,"fire_occurred":0,"prediction":0.1088}},{"type":"Feature","geometry":{"type":"Point","coordinates":[25.0,-13.3]},"properties":{"region":3,"fire_occurred":0,"prediction":0.1568}},{"type":"Feature","geometry":{"type":"Point","coordinates":[25.0,-13.1]},"properties":{"region":3,"fire_occurred":0,"prediction":0.107}},{"type":"Feature","geometry":{"type":"Point","coordinates":[25.0,-12.0]},"properties":{"region":3,"fire_occurred":0,"prediction":0.1374}},{"type":"Feature","geometry":{"type":"Point","coordinates":[25.0,-11.9]},"properties":{"region":3,"fire_occurred":0,"prediction":0.1614}},{"type":"Feature","geometry":{"type":"Point","coordinates":[25.0,-11.8]},"properties":{"region":3,"fire_occurred":0,"prediction":0.2636}},{"type":"Feature","geometry":{"type":"Point","coordinates":[25.0,-11.7]},"properties":{"region":3,"fire_occurred":1,"prediction":0.3739}},{"type":"Feature","geometry":{"type":"Point","coordinates":[25.0,-11.6]},"properties":{"region":3,"fire_occurred":0,"prediction":0.2184}},{"type":"Feature","geometry":{"type":"Point","coordinates":[25.0,-11.5]},"properties":{"region":3,"fire_occurred":1,"prediction":0.3112}},{"type":"Feature","geometry":{"type":"Point","coordinates":[25.0,-11.4]},"properties":{"region":3,"fire_occurred":0,"prediction":0.4071}},{"type":"Feature","geometry":{"type":"Point","coordinates":[25.0,-11.2]},"properties":{"region":3,"fire_occurred":0,"prediction":0.1408}},{"type":"Feature","geometry":{"type":"Point","coordinates":[25.0,-11.1]},"properties":{"region":3,"fire_occurred":0,"prediction":0.214}},{"type":"Feature","geometry":{"type":"Point","coordinates":[25.0,-11.0]},"properties":{"region":3,"fire_occurred":0,"prediction":0.1806}},{"type":"Feature","geometry":{"type":"Point","coordinates":[25.0,-10.9]},"properties":{"region":3,"fire_occurred":0,"prediction":0.2159}},{"type":"Feature","geometry":{"type":"Point","coordinates":[25.0,-10.8]},"properties":{"region":3,"fire_occurred":0,"prediction":0.2472}},{"type":"Feature","geometry":{"type":"Point","coordinates":[25.0,-10.7]},"properties":{"region":3,"fire_occurred":0,"prediction":0.3092}},{"type":"Feature","geometry":{"type":"Point","coordinates":[25.0,-10.6]},"properties":{"region":3,"fire_occurred":0,"prediction":0.1998}},{"type":"Feature","geometry":{"type":"Point","coordinates":[25.0,-10.5]},"properties":{"region":3,"fire_occurred":0,"prediction":0.2325}},{"type":"Feature","geometry":{"type":"Point","coordinates":[25.0,-10.4]},"properties":{"region":3,"fire_occurred":0,"prediction":0.1742}},{"type":"Feature","geometry":{"type":"Point","coordinates":[25.0,-10.1]},"properties":{"region":3,"fire_occurred":1,"prediction":0.0751}},{"type":"Feature","geometry":{"type":"Point","coordinates":[25.1,-15.0]},"properties":{"region":3,"fire_occurred":0,"prediction":0.135}},{"type":"Feature","geometry":{"type":"Point","coordinates":[25.1,-14.6]},"properties":{"region":3,"fire_occurred":0,"prediction":0.1457}},{"type":"Feature","geometry":{"type":"Point","coordinates":[25.1,-14.5]},"properties":{"region":3,"fire_occurred":0,"prediction":0.1297}},{"type":"Feature","geometry":{"type":"Point","coordinates":[25.1,-14.4]},"properties":{"region":3,"fire_occurred":0,"prediction":0.2657}},{"type":"Feature","geometry":{"type":"Point","coordinates":[25.1,-14.3]},"properties":{"region":3,"fire_occurred":0,"prediction":0.2023}},{"type":"Feature","geometry":{"type":"Point","coordinates":[25.1,-14.2]},"properties":{"region":3,"fire_occurred":0,"prediction":0.1983}},{"type":"Feature","geometry":{"type":"Point","coordinates":[25.1,-14.1]},"properties":{"region":3,"fire_occurred":0,"prediction":0.1907}},{"type":"Feature","geometry":{"type":"Point","coordinates":[25.1,-14.0]},"properties":{"region":3,"fire_occurred":0,"prediction":0.1751}},{"type":"Feature","geometry":{"type":"Point","coordinates":[25.1,-13.9]},"properties":{"region":3,"fire_occurred":0,"prediction":0.164}},{"type":"Feature","geometry":{"type":"Point","coordinates":[25.1,-13.8]},"properties":{"region":3,"fire_occurred":0,"prediction":0.1956}},{"type":"Feature","geometry":{"type":"Point","coordinates":[25.1,-13.7]},"properties":{"region":3,"fire_occurred":0,"prediction":0.1238}},{"type":"Feature","geometry":{"type":"Point","coordinates":[25.1,-13.6]},"properties":{"region":3,"fire_occurred":0,"prediction":0.1193}},{"type":"Feature","geometry":{"type":"Point","coordinates":[25.1,-13.4]},"properties":{"region":3,"fire_occurred":0,"prediction":0.1153}},{"type":"Feature","geometry":{"type":"Point","coordinates":[25.1,-13.3]},"properties":{"region":3,"fire_occurred":0,"prediction":0.1745}},{"type":"Feature","geometry":{"type":"Point","coordinates":[25.1,-13.2]},"properties":{"region":3,"fire_occurred":0,"prediction":0.1307}},{"type":"Feature","geometry":{"type":"Point","coordinates":[25.1,-13.1]},"properties":{"region":3,"fire_occurred":0,"prediction":0.1018}},{"type":"Feature","geometry":{"type":"Point","coordinates":[25.1,-11.8]},"properties":{"region":3,"fire_occurred":0,"prediction":0.2627}},{"type":"Feature","geometry":{"type":"Point","coordinates":[25.1,-11.7]},"properties":{"region":3,"fire_occurred":0,"prediction":0.2279}},{"type":"Feature","geometry":{"type":"Point","coordinates":[25.1,-11.6]},"properties":{"region":3,"fire_occurred":0,"prediction":0.1695}},{"type":"Feature","geometry":{"type":"Point","coordinates":[25.1,-11.5]},"properties":{"region":3,"fire_occurred":0,"prediction":0.1591}},{"type":"Feature","geometry":{"type":"Point","coordinates":[25.1,-11.4]},"properties":{"region":3,"fire_occurred":0,"prediction":0.4105}},{"type":"Feature","geometry":{"type":"Point","coordinates":[25.1,-11.3]},"properties":{"region":3,"fire_occurred":0,"prediction":0.1254}},{"type":"Feature","geometry":{"type":"Point","coordinates":[25.1,-11.1]},"properties":{"region":3,"fire_occurred":0,"prediction":0.1686}},{"type":"Feature","geometry":{"type":"Point","coordinates":[25.1,-11.0]},"properties":{"region":3,"fire_occurred":0,"prediction":0.1953}},{"type":"Feature","geometry":{"type":"Point","coordinates":[25.1,-10.9]},"properties":{"region":3,"fire_occurred":0,"prediction":0.508}},{"type":"Feature","geometry":{"type":"Point","coordinates":[25.1,-10.8]},"properties":{"region":3,"fire_occurred":0,"prediction":0.1556}},{"type":"Feature","geometry":{"type":"Point","coordinates":[25.1,-10.7]},"properties":{"region":3,"fire_occurred":0,"prediction":0.3349}},{"type":"Feature","geometry":{"type":"Point","coordinates":[25.1,-10.6]},"properties":{"region":3,"fire_occurred":0,"prediction":0.379}},{"type":"Feature","geometry":{"type":"Point","coordinates":[25.1,-10.5]},"properties":{"region":3,"fire_occurred":0,"prediction":0.3642}},{"type":"Feature","geometry":{"type":"Point","coordinates":[25.1,-10.4]},"properties":{"region":3,"fire_occurred":0,"prediction":0.2756}},{"type":"Feature","geometry":{"type":"Point","coordinates":[25.1,-10.3]},"properties":{"region":3,"fire_occurred":0,"prediction":0.1069}},{"type":"Feature","geometry":{"type":"Point","coordinates":[25.2,-15.0]},"properties":{"region":3,"fire_occurred":0,"prediction":0.1447}},{"type":"Feature","geometry":{"type":"Point","coordinates":[25.2,-14.6]},"properties":{"region":3,"fire_occurred":0,"prediction":0.1245}},{"type":"Feature","geometry":{"type":"Point","coordinates":[25.2,-14.5]},"properties":{"region":3,"fire_occurred":0,"prediction":0.1025}},{"type":"Feature","geometry":{"type":"Point","coordinates":[25.2,-14.4]},"properties":{"region":3,"fire_occurred":0,"prediction":0.1119}},{"type":"Feature","geometry":{"type":"Point","coordinates":[25.2,-14.3]},"properties":{"region":3,"fire_occurred":0,"prediction":0.1859}},{"type":"Feature","geometry":{"type":"Point","coordinates":[25.2,-14.0]},"properties":{"region":3,"fire_occurred":0,"prediction":0.1308}},{"type":"Feature","geometry":{"type":"Point","coordinates":[25.2,-13.9]},"properties":{"region":3,"fire_occurred":0,"prediction":0.1584}},{"type":"Feature","geometry":{"type":"Point","coordinates":[25.2,-13.8]},"properties":{"region":3,"fire_occurred":0,"prediction":0.1804}},{"type":"Feature","geometry":{"type":"Point","coordinates":[25.2,-13.7]},"properties":{"region":3,"fire_occurred":0,"prediction":0.131}},{"type":"Feature","geometry":{"type":"Point","coordinates":[25.2,-13.6]},"properties":{"region":3,"fire_occurred":0,"prediction":0.1385}},{"type":"Feature","geometry":{"type":"Point","coordinates":[25.2,-13.4]},"properties":{"region":3,"fire_occurred":0,"prediction":0.1195}},{"type":"Feature","geometry":{"type":"Point","coordinates":[25.2,-13.3]},"properties":{"region":3,"fire_occurred":0,"prediction":0.1804}},{"type":"Feature","geometry":{"type":"Point","coordinates":[25.2,-13.2]},"properties":{"region":3,"fire_occurred":0,"prediction":0.1232}},{"type":"Feature","geometry":{"type":"Point","coordinates":[25.2,-13.1]},"properties":{"region":3,"fire_occurred":0,"prediction":0.1507}},{"type":"Feature","geometry":{"type":"Point","coordinates":[25.2,-13.0]},"properties":{"region":3,"fire_occurred":0,"prediction":0.144}},{"type":"Feature","geometry":{"type":"Point","coordinates":[25.2,-12.9]},"properties":{"region":3,"fire_occurred":0,"prediction":0.156}},{"type":"Feature","geometry":{"type":"Point","coordinates":[25.2,-11.8]},"properties":{"region":3,"fire_occurred":0,"prediction":0.1485}},{"type":"Feature","geometry":{"type":"Point","coordinates":[25.2,-11.7]},"properties":{"region":3,"fire_occurred":0,"prediction":0.2728}},{"type":"Feature","geometry":{"type":"Point","coordinates":[25.2,-11.6]},"properties":{"region":3,"fire_occurred":0,"prediction":0.2887}},{"type":"Feature","geometry":{"type":"Point","coordinates":[25.2,-11.4]},"properties":{"region":3,"fire_occurred":0,"prediction":0.1894}},{"type":"Feature","geometry":{"type":"Point","coordinates":[25.2,-11.3]},"properties":{"region":3,"fire_occurred":0,"prediction":0.2138}},{"type":"Feature","geometry":{"type":"Point","coordinates":[25.2,-11.1]},"properties":{"region":3,"fire_occurred":0,"prediction":0.1138}},{"type":"Feature","geometry":{"type":"Point","coordinates":[25.2,-11.0]},"properties":{"region":3,"fire_occurred":0,"prediction":0.2012}},{"type":"Feature","geometry":{"type":"Point","coordinates":[25.2,-10.9]},"properties":{"region":3,"fire_occurred":0,"prediction":0.5095}},{"type":"Feature","geometry":{"type":"Point","coordinates":[25.2,-10.8]},"properties":{"region":3,"fire_occurred":0,"prediction":0.4275}},{"type":"Feature","geometry":{"type":"Point","coordinates":[25.2,-10.7]},"properties":{"region":3,"fire_occurred":0,"prediction":0.36}},{"type":"Feature","geometry":{"type":"Point","coordinates":[25.2,-10.6]},"properties":{"region":3,"fire_occurred":1,"prediction":0.3572}},{"type":"Feature","geometry":{"type":"Point","coordinates":[25.2,-10.5]},"properties":{"region":3,"fire_occurred":0,"prediction":0.2642}},{"type":"Feature","geometry":{"type":"Point","coordinates":[25.2,-10.4]},"properties":{"region":3,"fire_occurred":0,"prediction":0.123}},{"type":"Feature","geometry":{"type":"Point","coordinates":[25.3,-15.9]},"properties":{"region":3,"fire_occurred":0,"prediction":0.1387}},{"type":"Feature","geometry":{"type":"Point","coordinates":[25.3,-14.9]},"properties":{"region":3,"fire_occurred":0,"prediction":0.1348}},{"type":"Feature","geometry":{"type":"Point","coordinates":[25.3,-14.7]},"properties":{"region":3,"fire_occurred":0,"prediction":0.1048}},{"type":"Feature","geometry":{"type":"Point","coordinates":[25.3,-14.5]},"properties":{"region":3,"fire_occurred":0,"prediction":0.1153}},{"type":"Feature","geometry":{"type":"Point","coordinates":[25.3,-14.4]},"properties":{"region":3,"fire_occurred":1,"prediction":0.1912}},{"type":"Feature","geometry":{"type":"Point","coordinates":[25.3,-14.1]},"properties":{"region":3,"fire_occurred":0,"prediction":0.1342}},{"type":"Feature","geometry":{"type":"Point","coordinates":[25.3,-14.0]},"properties":{"region":3,"fire_occurred":0,"prediction":0.117}},{"type":"Feature","geometry":{"type":"Point","coordinates":[25.3,-13.9]},"properties":{"region":3,"fire_occurred":0,"prediction":0.1637}},{"type":"Feature","geometry":{"type":"Point","coordinates":[25.3,-13.8]},"properties":{"region":3,"fire_occurred":0,"prediction":0.1338}},{"type":"Feature","geometry":{"type":"Point","coordinates":[25.3,-13.7]},"properties":{"region":3,"fire_occurred":0,"prediction":0.129}},{"type":"Feature","geometry":{"type":"Point","coordinates":[25.3,-13.6]},"properties":{"region":3,"fire_occurred":0,"prediction":0.1278}},{"type":"Feature","geometry":{"type":"Point","coordinates":[25.3,-13.5]},"properties":{"region":3,"fire_occurred":0,"prediction":0.126}},{"type":"Feature","geometry":{"type":"Point","coordinates":[25.3,-13.4]},"properties":{"region":3,"fire_occurred":0,"prediction":0.1536}},{"type":"Feature","geometry":{"type":"Point","coordinates":[25.3,-13.3]},"properties":{"region":3,"fire_occurred":0,"prediction":0.1514}},{"type":"Feature","geometry":{"type":"Point","coordinates":[25.3,-13.2]},"properties":{"region":3,"fire_occurred":0,"prediction":0.1856}},{"type":"Feature","geometry":{"type":"Point","coordinates":[25.3,-13.1]},"properties":{"region":3,"fire_occurred":0,"prediction":0.1149}},{"type":"Feature","geometry":{"type":"Point","coordinates":[25.3,-12.2]},"properties":{"region":3,"fire_occurred":0,"prediction":0.162}},{"type":"Feature","geometry":{"type":"Point","coordinates":[25.3,-11.4]},"properties":{"region":3,"fire_occurred":0,"prediction":0.1494}},{"type":"Feature","geometry":{"type":"Point","coordinates":[25.3,-11.3]},"properties":{"region":3,"fire_occurred":0,"prediction":0.15}},{"type":"Feature","geometry":{"type":"Point","coordinates":[25.3,-11.1]},"properties":{"region":3,"fire_occurred":0,"prediction":0.122}},{"type":"Feature","geometry":{"type":"Point","coordinates":[25.3,-11.0]},"properties":{"region":3,"fire_occurred":0,"prediction":0.3039}},{"type":"Feature","geometry":{"type":"Point","coordinates":[25.3,-10.9]},"properties":{"region":3,"fire_occurred":0,"prediction":0.4525}},{"type":"Feature","geometry":{"type":"Point","coordinates":[25.3,-10.8]},"properties":{"region":3,"fire_occurred":0,"prediction":0.3929}},{"type":"Feature","geometry":{"type":"Point","coordinates":[25.3,-10.7]},"properties":{"region":3,"fire_occurred":0,"prediction":0.3497}},{"type":"Feature","geometry":{"type":"Point","coordinates":[25.3,-10.6]},"properties":{"region":3,"fire_occurred":0,"prediction":0.2089}},{"type":"Feature","geometry":{"type":"Point","coordinates":[25.3,-10.4]},"properties":{"region":3,"fire_occurred":0,"prediction":0.1192}},{"type":"Feature","geometry":{"type":"Point","coordinates":[25.3,-10.3]},"properties":{"region":3,"fire_occurred":0,"prediction":0.1887}},{"type":"Feature","geometry":{"type":"Point","coordinates":[25.4,-15.8]},"properties":{"region":3,"fire_occurred":0,"prediction":0.1002}},{"type":"Feature","geometry":{"type":"Point","coordinates":[25.4,-15.0]},"properties":{"region":3,"fire_occurred":0,"prediction":0.1993}},{"type":"Feature","geometry":{"type":"Point","coordinates":[25.4,-14.7]},"properties":{"region":3,"fire_occurred":0,"prediction":0.1031}},{"type":"Feature","geometry":{"type":"Point","coordinates":[25.4,-14.5]},"properties":{"region":3,"fire_occurred":0,"prediction":0.1068}},{"type":"Feature","geometry":{"type":"Point","coordinates":[25.4,-14.4]},"properties":{"region":3,"fire_occurred":0,"prediction":0.1301}},{"type":"Feature","geometry":{"type":"Point","coordinates":[25.4,-14.3]},"properties":{"region":3,"fire_occurred":0,"prediction":0.1759}},{"type":"Feature","geometry":{"type":"Point","coordinates":[25.4,-14.1]},"properties":{"region":3,"fire_occurred":0,"prediction":0.1252}},{"type":"Feature","geometry":{"type":"Point","coordinates":[25.4,-14.0]},"properties":{"region":3,"fire_occurred":0,"prediction":0.1143}},{"type":"Feature","geometry":{"type":"Point","coordinates":[25.4,-13.9]},"properties":{"region":3,"fire_occurred":0,"prediction":0.1496}},{"type":"Feature","geometry":{"type":"Point","coordinates":[25.4,-13.8]},"properties":{"region":3,"fire_occurred":0,"prediction":0.1612}},{"type":"Feature","geometry":{"type":"Point","coordinates":[25.4,-13.7]},"properties":{"region":3,"fire_occurred":0,"prediction":0.1255}},{"type":"Feature","geometry":{"type":"Point","coordinates":[25.4,-13.6]},"properties":{"region":3,"fire_occurred":0,"prediction":0.1594}},{"type":"Feature","geometry":{"type":"Point","coordinates":[25.4,-13.5]},"properties":{"region":3,"fire_occurred":0,"prediction":0.1486}},{"type":"Feature","geometry":{"type":"Point","coordinates":[25.4,-13.2]},"properties":{"region":3,"fire_occurred":0,"prediction":0.1802}},{"type":"Feature","geometry":{"type":"Point","coordinates":[25.4,-13.1]},"properties":{"region":3,"fire_occurred":0,"prediction":0.1273}},{"type":"Feature","geometry":{"type":"Point","coordinates":[25.4,-13.0]},"properties":{"region":3,"fire_occurred":0,"prediction":0.2079}},{"type":"Feature","geometry":{"type":"Point","coordinates":[25.4,-12.9]},"properties":{"region":3,"fire_occurred":0,"prediction":0.1428}},{"type":"Feature","geometry":{"type":"Point","coordinates":[25.4,-12.6]},"properties":{"region":3,"fire_occurred":0,"prediction":0.1871}},{"type":"Feature","geometry":{"type":"Point","coordinates":[25.4,-12.0]},"properties":{"region":3,"fire_occurred":0,"prediction":0.1348}},{"type":"Feature","geometry":{"type":"Point","coordinates":[25.4,-11.5]},"properties":{"region":3,"fire_occurred":0,"prediction":0.1561}},{"type":"Feature","geometry":{"type":"Point","coordinates":[25.4,-11.4]},"properties":{"region":3,"fire_occurred":0,"prediction":0.1858}},{"type":"Feature","geometry":{"type":"Point","coordinates":[25.4,-11.2]},"properties":{"region":3,"fire_occurred":0,"prediction":0.1217}},{"type":"Feature","geometry":{"type":"Point","coordinates":[25.4,-11.0]},"properties":{"region":3,"fire_occurred":0,"prediction":0.1992}},{"type":"Feature","geometry":{"type":"Point","coordinates":[25.4,-10.9]},"properties":{"region":3,"fire_occurred":1,"prediction":0.345}},{"type":"Feature","geometry":{"type":"Point","coordinates":[25.4,-10.8]},"properties":{"region":3,"fire_occurred":0,"prediction":0.2165}},{"type":"Feature","geometry":{"type":"Point","coordinates":[25.4,-10.7]},"properties":{"region":3,"fire_occurred":0,"prediction":0.1923}},{"type":"Feature","geometry":{"type":"Point","coordinates":[25.4,-10.6]},"properties":{"region":3,"fire_occurred":0,"prediction":0.3212}},{"type":"Feature","geometry":{"type":"Point","coordinates":[25.4,-10.4]},"properties":{"region":3,"fire_occurred":0,"prediction":0.2486}},{"type":"Feature","geometry":{"type":"Point","coordinates":[25.4,-10.2]},"properties":{"region":3,"fire_occurred":0,"prediction":0.1279}},{"type":"Feature","geometry":{"type":"Point","coordinates":[25.4,-10.1]},"properties":{"region":3,"fire_occurred":0,"prediction":0.1059}},{"type":"Feature","geometry":{"type":"Point","coordinates":[25.5,-15.0]},"properties":{"region":3,"fire_occurred":0,"prediction":0.1738}},{"type":"Feature","geometry":{"type":"Point","coordinates":[25.5,-14.9]},"properties":{"region":3,"fire_occurred":0,"prediction":0.1834}},{"type":"Feature","geometry":{"type":"Point","coordinates":[25.5,-14.8]},"properties":{"region":3,"fire_occurred":1,"prediction":0.1811}},{"type":"Feature","geometry":{"type":"Point","coordinates":[25.5,-14.7]},"properties":{"region":3,"fire_occurred":0,"prediction":0.1108}},{"type":"Feature","geometry":{"type":"Point","coordinates":[25.5,-14.3]},"properties":{"region":3,"fire_occurred":0,"prediction":0.148}},{"type":"Feature","geometry":{"type":"Point","coordinates":[25.5,-14.2]},"properties":{"region":3,"fire_occurred":1,"prediction":0.1475}},{"type":"Feature","geometry":{"type":"Point","coordinates":[25.5,-14.1]},"properties":{"region":3,"fire_occurred":1,"prediction":0.1353}},{"type":"Feature","geometry":{"type":"Point","coordinates":[25.5,-14.0]},"properties":{"region":3,"fire_occurred":0,"prediction":0.1682}},{"type":"Feature","geometry":{"type":"Point","coordinates":[25.5,-13.9]},"properties":{"region":3,"fire_occurred":0,"prediction":0.2263}},{"type":"Feature","geometry":{"type":"Point","coordinates":[25.5,-13.8]},"properties":{"region":3,"fire_occurred":0,"prediction":0.1674}},{"type":"Feature","geometry":{"type":"Point","coordinates":[25.5,-13.7]},"properties":{"region":3,"fire_occurred":0,"prediction":0.1031}},{"type":"Feature","geometry":{"type":"Point","coordinates":[25.5,-13.5]},"properties":{"region":3,"fire_occurred":0,"prediction":0.1008}},{"type":"Feature","geometry":{"type":"Point","coordinates":[25.5,-13.0]},"properties":{"region":3,"fire_occurred":0,"prediction":0.1907}},{"type":"Feature","geometry":{"type":"Point","coordinates":[25.5,-12.6]},"properties":{"region":3,"fire_occurred":0,"prediction":0.1164}},{"type":"Feature","geometry":{"type":"Point","coordinates":[25.5,-12.2]},"properties":{"region":3,"fire_occurred":0,"prediction":0.1081}},{"type":"Feature","geometry":{"type":"Point","coordinates":[25.5,-12.0]},"properties":{"region":3,"fire_occurred":0,"prediction":0.3475}},{"type":"Feature","geometry":{"type":"Point","coordinates":[25.5,-11.9]},"properties":{"region":3,"fire_occurred":0,"prediction":0.3094}},{"type":"Feature","geometry":{"type":"Point","coordinates":[25.5,-11.7]},"properties":{"region":3,"fire_occurred":0,"prediction":0.1121}},{"type":"Feature","geometry":{"type":"Point","coordinates":[25.5,-11.6]},"properties":{"region":3,"fire_occurred":0,"prediction":0.1656}},{"type":"Feature","geometry":{"type":"Point","coordinates":[25.5,-11.5]},"properties":{"region":3,"fire_occurred":0,"prediction":0.169}},{"type":"Feature","geometry":{"type":"Point","coordinates":[25.5,-11.4]},"properties":{"region":3,"fire_occurred":0,"prediction":0.2308}},{"type":"Feature","geometry":{"type":"Point","coordinates":[25.5,-11.3]},"properties":{"region":3,"fire_occurred":1,"prediction":0.334}},{"type":"Feature","geometry":{"type":"Point","coordinates":[25.5,-11.2]},"properties":{"region":3,"fire_occurred":0,"prediction":0.1869}},{"type":"Feature","geometry":{"type":"Point","coordinates":[25.5,-11.1]},"properties":{"region":3,"fire_occurred":0,"prediction":0.1615}},{"type":"Feature","geometry":{"type":"Point","coordinates":[25.5,-11.0]},"properties":{"region":3,"fire_occurred":0,"prediction":0.243}},{"type":"Feature","geometry":{"type":"Point","coordinates":[25.5,-10.9]},"properties":{"region":3,"fire_occurred":0,"prediction":0.5479}},{"type":"Feature","geometry":{"type":"Point","coordinates":[25.5,-10.8]},"properties":{"region":3,"fire_occurred":0,"prediction":0.2748}},{"type":"Feature","geometry":{"type":"Point","coordinates":[25.5,-10.7]},"properties":{"region":3,"fire_occurred":0,"prediction":0.225}},{"type":"Feature","geometry":{"type":"Point","coordinates":[25.5,-10.6]},"properties":{"region":3,"fire_occurred":0,"prediction":0.3063}},{"type":"Feature","geometry":{"type":"Point","coordinates":[25.5,-10.4]},"properties":{"region":3,"fire_occurred":0,"prediction":0.3185}},{"type":"Feature","geometry":{"type":"Point","coordinates":[25.6,-15.4]},"properties":{"region":3,"fire_occurred":0,"prediction":0.1227}},{"type":"Feature","geometry":{"type":"Point","coordinates":[25.6,-15.2]},"properties":{"region":3,"fire_occurred":0,"prediction":0.1083}},{"type":"Feature","geometry":{"type":"Point","coordinates":[25.6,-15.0]},"properties":{"region":3,"fire_occurred":0,"prediction":0.1393}},{"type":"Feature","geometry":{"type":"Point","coordinates":[25.6,-14.9]},"properties":{"region":3,"fire_occurred":0,"prediction":0.1096}},{"type":"Feature","geometry":{"type":"Point","coordinates":[25.6,-14.8]},"properties":{"region":3,"fire_occurred":0,"prediction":0.1767}},{"type":"Feature","geometry":{"type":"Point","coordinates":[25.6,-14.7]},"properties":{"region":3,"fire_occurred":0,"prediction":0.1169}},{"type":"Feature","geometry":{"type":"Point","coordinates":[25.6,-14.5]},"properties":{"region":3,"fire_occurred":0,"prediction":0.1048}},{"type":"Feature","geometry":{"type":"Point","coordinates":[25.6,-14.4]},"properties":{"region":3,"fire_occurred":0,"prediction":0.1367}},{"type":"Feature","geometry":{"type":"Point","coordinates":[25.6,-14.3]},"properties":{"region":3,"fire_occurred":0,"prediction":0.1484}},{"type":"Feature","geometry":{"type":"Point","coordinates":[25.6,-14.1]},"properties":{"region":3,"fire_occurred":1,"prediction":0.2025}},{"type":"Feature","geometry":{"type":"Point","coordinates":[25.6,-14.0]},"properties":{"region":3,"fire_occurred":0,"prediction":0.1351}},{"type":"Feature","geometry":{"type":"Point","coordinates":[25.6,-13.9]},"properties":{"region":3,"fire_occurred":0,"prediction":0.3225}},{"type":"Feature","geometry":{"type":"Point","coordinates":[25.6,-13.8]},"properties":{"region":3,"fire_occurred":0,"prediction":0.1612}},{"type":"Feature","geometry":{"type":"Point","coordinates":[25.6,-13.7]},"properties":{"region":3,"fire_occurred":0,"prediction":0.1004}},{"type":"Feature","geometry":{"type":"Point","coordinates":[25.6,-13.2]},"properties":{"region":3,"fire_occurred":0,"prediction":0.1488}},{"type":"Feature","geometry":{"type":"Point","coordinates":[25.6,-13.1]},"properties":{"region":3,"fire_occurred":0,"prediction":0.1113}},{"type":"Feature","geometry":{"type":"Point","coordinates":[25.6,-13.0]},"properties":{"region":3,"fire_occurred":0,"prediction":0.1006}},{"type":"Feature","geometry":{"type":"Point","coordinates":[25.6,-12.4]},"properties":{"region":3,"fire_occurred":0,"prediction":0.1159}},{"type":"Feature","geometry":{"type":"Point","coordinates":[25.6,-12.3]},"properties":{"region":3,"fire_occurred":0,"prediction":0.1047}},{"type":"Feature","geometry":{"type":"Point","coordinates":[25.6,-12.2]},"properties":{"region":3,"fire_occurred":0,"prediction":0.1214}},{"type":"Feature","geometry":{"type":"Point","coordinates":[25.6,-12.0]},"properties":{"region":3,"fire_occurred":1,"prediction":0.1314}},{"type":"Feature","geometry":{"type":"Point","coordinates":[25.6,-11.9]},"properties":{"region":3,"fire_occurred":0,"prediction":0.4182}},{"type":"Feature","geometry":{"type":"Point","coordinates":[25.6,-11.8]},"properties":{"region":3,"fire_occurred":0,"prediction":0.2563}},{"type":"Feature","geometry":{"type":"Point","coordinates":[25.6,-11.7]},"properties":{"region":3,"fire_occurred":0,"prediction":0.123}},{"type":"Feature","geometry":{"type":"Point","coordinates":[25.6,-11.3]},"properties":{"region":3,"fire_occurred":0,"prediction":0.1186}},{"type":"Feature","geometry":{"type":"Point","coordinates":[25.6,-11.2]},"properties":{"region":3,"fire_occurred":0,"prediction":0.2694}},{"type":"Feature","geometry":{"type":"Point","coordinates":[25.6,-11.1]},"properties":{"region":3,"fire_occurred":1,"prediction":0.1635}},{"type":"Feature","geometry":{"type":"Point","coordinates":[25.6,-11.0]},"properties":{"region":3,"fire_occurred":1,"prediction":0.2739}},{"type":"Feature","geometry":{"type":"Point","coordinates":[25.6,-10.9]},"properties":{"region":3,"fire_occurred":0,"prediction":0.414}},{"type":"Feature","geometry":{"type":"Point","coordinates":[25.6,-10.8]},"properties":{"region":3,"fire_occurred":1,"prediction":0.4164}},{"type":"Feature","geometry":{"type":"Point","coordinates":[25.6,-10.7]},"properties":{"region":3,"fire_occurred":0,"prediction":0.304}},{"type":"Feature","geometry":{"type":"Point","coordinates":[25.6,-10.4]},"properties":{"region":3,"fire_occurred":0,"prediction":0.1425}},{"type":"Feature","geometry":{"type":"Point","coordinates":[25.6,-10.3]},"properties":{"region":3,"fire_occurred":0,"prediction":0.2002}},{"type":"Feature","geometry":{"type":"Point","coordinates":[25.6,-10.1]},"properties":{"region":3,"fire_occurred":0,"prediction":0.1478}},{"type":"Feature","geometry":{"type":"Point","coordinates":[25.7,-15.7]},"properties":{"region":3,"fire_occurred":0,"prediction":0.1029}},{"type":"Feature","geometry":{"type":"Point","coordinates":[25.7,-15.2]},"properties":{"region":3,"fire_occurred":0,"prediction":0.1009}},{"type":"Feature","geometry":{"type":"Point","coordinates":[25.7,-15.0]},"properties":{"region":3,"fire_occurred":0,"prediction":0.2145}},{"type":"Feature","geometry":{"type":"Point","coordinates":[25.7,-14.9]},"properties":{"region":3,"fire_occurred":1,"prediction":0.0931}},{"type":"Feature","geometry":{"type":"Point","coordinates":[25.7,-14.8]},"properties":{"region":3,"fire_occurred":0,"prediction":0.106}},{"type":"Feature","geometry":{"type":"Point","coordinates":[25.7,-14.5]},"properties":{"region":3,"fire_occurred":0,"prediction":0.1169}},{"type":"Feature","geometry":{"type":"Point","coordinates":[25.7,-14.0]},"properties":{"region":3,"fire_occurred":0,"prediction":0.1912}},{"type":"Feature","geometry":{"type":"Point","coordinates":[25.7,-13.9]},"properties":{"region":3,"fire_occurred":0,"prediction":0.1817}},{"type":"Feature","geometry":{"type":"Point","coordinates":[25.7,-13.4]},"properties":{"region":3,"fire_occurred":1,"prediction":0.0572}},{"type":"Feature","geometry":{"type":"Point","coordinates":[25.7,-13.3]},"properties":{"region":3,"fire_occurred":1,"prediction":0.1173}},{"type":"Feature","geometry":{"type":"Point","coordinates":[25.7,-12.4]},"properties":{"region":3,"fire_occurred":0,"prediction":0.1125}},{"type":"Feature","geometry":{"type":"Point","coordinates":[25.7,-11.7]},"properties":{"region":3,"fire_occurred":0,"prediction":0.167}},{"type":"Feature","geometry":{"type":"Point","coordinates":[25.7,-11.5]},"properties":{"region":3,"fire_occurred":0,"prediction":0.1544}},{"type":"Feature","geometry":{"type":"Point","coordinates":[25.7,-11.4]},"properties":{"region":3,"fire_occurred":0,"prediction":0.1063}},{"type":"Feature","geometry":{"type":"Point","coordinates":[25.7,-11.3]},"properties":{"region":3,"fire_occurred":0,"prediction":0.1014}},{"type":"Feature","geometry":{"type":"Point","coordinates":[25.7,-11.2]},"properties":{"region":3,"fire_occurred":0,"prediction":0.1496}},{"type":"Feature","geometry":{"type":"Point","coordinates":[25.7,-11.0]},"properties":{"region":3,"fire_occurred":0,"prediction":0.1915}},{"type":"Feature","geometry":{"type":"Point","coordinates":[25.7,-10.9]},"properties":{"region":3,"fire_occurred":0,"prediction":0.1691}},{"type":"Feature","geometry":{"type":"Point","coordinates":[25.7,-10.8]},"properties":{"region":3,"fire_occurred":0,"prediction":0.202}},{"type":"Feature","geometry":{"type":"Point","coordinates":[25.7,-10.5]},"properties":{"region":3,"fire_occurred":0,"prediction":0.1972}},{"type":"Feature","geometry":{"type":"Point","coordinates":[25.7,-10.4]},"properties":{"region":3,"fire_occurred":0,"prediction":0.3342}},{"type":"Feature","geometry":{"type":"Point","coordinates":[25.7,-10.3]},"properties":{"region":3,"fire_occurred":0,"prediction":0.1148}},{"type":"Feature","geometry":{"type":"Point","coordinates":[25.7,-10.2]},"properties":{"region":3,"fire_occurred":0,"prediction":0.4006}},{"type":"Feature","geometry":{"type":"Point","coordinates":[25.7,-10.1]},"properties":{"region":3,"fire_occurred":0,"prediction":0.3367}},{"type":"Feature","geometry":{"type":"Point","coordinates":[25.8,-15.2]},"properties":{"region":3,"fire_occurred":0,"prediction":0.1023}},{"type":"Feature","geometry":{"type":"Point","coordinates":[25.8,-15.1]},"properties":{"region":3,"fire_occurred":0,"prediction":0.1006}},{"type":"Feature","geometry":{"type":"Point","coordinates":[25.8,-15.0]},"properties":{"region":3,"fire_occurred":1,"prediction":0.2054}},{"type":"Feature","geometry":{"type":"Point","coordinates":[25.8,-14.7]},"properties":{"region":3,"fire_occurred":0,"prediction":0.1205}},{"type":"Feature","geometry":{"type":"Point","coordinates":[25.8,-14.5]},"properties":{"region":3,"fire_occurred":0,"prediction":0.1591}},{"type":"Feature","geometry":{"type":"Point","coordinates":[25.8,-14.1]},"properties":{"region":3,"fire_occurred":0,"prediction":0.1}},{"type":"Feature","geometry":{"type":"Point","coordinates":[25.8,-14.0]},"properties":{"region":3,"fire_occurred":0,"prediction":0.1684}},{"type":"Feature","geometry":{"type":"Point","coordinates":[25.8,-13.4]},"properties":{"region":3,"fire_occurred":1,"prediction":0.199}},{"type":"Feature","geometry":{"type":"Point","coordinates":[25.8,-13.1]},"properties":{"region":3,"fire_occurred":0,"prediction":0.1241}},{"type":"Feature","geometry":{"type":"Point","coordinates":[25.8,-12.9]},"properties":{"region":3,"fire_occurred":0,"prediction":0.1278}},{"type":"Feature","geometry":{"type":"Point","coordinates":[25.8,-12.6]},"properties":{"region":3,"fire_occurred":1,"prediction":0.1911}},{"type":"Feature","geometry":{"type":"Point","coordinates":[25.8,-12.5]},"properties":{"region":3,"fire_occurred":0,"prediction":0.1655}},{"type":"Feature","geometry":{"type":"Point","coordinates":[25.8,-12.4]},"properties":{"region":3,"fire_occurred":0,"prediction":0.3598}},{"type":"Feature","geometry":{"type":"Point","coordinates":[25.8,-12.1]},"properties":{"region":3,"fire_occurred":0,"prediction":0.1557}},{"type":"Feature","geometry":{"type":"Point","coordinates":[25.8,-11.5]},"properties":{"region":3,"fire_occurred":0,"prediction":0.162}},{"type":"Feature","geometry":{"type":"Point","coordinates":[25.8,-11.2]},"properties":{"region":3,"fire_occurred":0,"prediction":0.1288}},{"type":"Feature","geometry":{"type":"Point","coordinates":[25.8,-11.1]},"properties":{"region":3,"fire_occurred":0,"prediction":0.1758}},{"type":"Feature","geometry":{"type":"Point","coordinates":[25.8,-11.0]},"properties":{"region":3,"fire_occurred":0,"prediction":0.1636}},{"type":"Feature","geometry":{"type":"Point","coordinates":[25.8,-10.9]},"properties":{"region":3,"fire_occurred":0,"prediction":0.1606}},{"type":"Feature","geometry":{"type":"Point","coordinates":[25.8,-10.8]},"properties":{"region":3,"fire_occurred":1,"prediction":0.1903}},{"type":"Feature","geometry":{"type":"Point","coordinates":[25.8,-10.7]},"properties":{"region":3,"fire_occurred":0,"prediction":0.1123}},{"type":"Feature","geometry":{"type":"Point","coordinates":[25.8,-10.5]},"properties":{"region":3,"fire_occurred":0,"prediction":0.2722}},{"type":"Feature","geometry":{"type":"Point","coordinates":[25.8,-10.4]},"properties":{"region":3,"fire_occurred":0,"prediction":0.32}},{"type":"Feature","geometry":{"type":"Point","coordinates":[25.8,-10.3]},"properties":{"region":3,"fire_occurred":0,"prediction":0.2447}},{"type":"Feature","geometry":{"type":"Point","coordinates":[25.8,-10.2]},"properties":{"region":3,"fire_occurred":0,"prediction":0.4374}},{"type":"Feature","geometry":{"type":"Point","coordinates":[25.8,-10.1]},"properties":{"region":3,"fire_occurred":0,"prediction":0.4409}},{"type":"Feature","geometry":{"type":"Point","coordinates":[25.9,-15.0]},"properties":{"region":3,"fire_occurred":0,"prediction":0.1965}},{"type":"Feature","geometry":{"type":"Point","coordinates":[25.9,-14.8]},"properties":{"region":3,"fire_occurred":0,"prediction":0.1676}},{"type":"Feature","geometry":{"type":"Point","coordinates":[25.9,-14.6]},"properties":{"region":3,"fire_occurred":1,"prediction":0.0661}},{"type":"Feature","geometry":{"type":"Point","coordinates":[25.9,-14.4]},"properties":{"region":3,"fire_occurred":0,"prediction":0.1098}},{"type":"Feature","geometry":{"type":"Point","coordinates":[25.9,-14.3]},"properties":{"region":3,"fire_occurred":0,"prediction":0.1178}},{"type":"Feature","geometry":{"type":"Point","coordinates":[25.9,-14.2]},"properties":{"region":3,"fire_occurred":1,"prediction":0.0463}},{"type":"Feature","geometry":{"type":"Point","coordinates":[25.9,-13.9]},"properties":{"region":3,"fire_occurred":0,"prediction":0.2035}},{"type":"Feature","geometry":{"type":"Point","coordinates":[25.9,-13.8]},"properties":{"region":3,"fire_occurred":0,"prediction":0.113}},{"type":"Feature","geometry":{"type":"Point","coordinates":[25.9,-13.3]},"properties":{"region":3,"fire_occurred":0,"prediction":0.1666}},{"type":"Feature","geometry":{"type":"Point","coordinates":[25.9,-13.2]},"properties":{"region":3,"fire_occurred":0,"prediction":0.2221}},{"type":"Feature","geometry":{"type":"Point","coordinates":[25.9,-12.5]},"properties":{"region":3,"fire_occurred":0,"prediction":0.2393}},{"type":"Feature","geometry":{"type":"Point","coordinates":[25.9,-12.4]},"properties":{"region":3,"fire_occurred":0,"prediction":0.3154}},{"type":"Feature","geometry":{"type":"Point","coordinates":[25.9,-12.3]},"properties":{"region":3,"fire_occurred":0,"prediction":0.1159}},{"type":"Feature","geometry":{"type":"Point","coordinates":[25.9,-12.2]},"properties":{"region":3,"fire_occurred":0,"prediction":0.1265}},{"type":"Feature","geometry":{"type":"Point","coordinates":[25.9,-11.9]},"properties":{"region":3,"fire_occurred":0,"prediction":0.1768}},{"type":"Feature","geometry":{"type":"Point","coordinates":[25.9,-11.7]},"properties":{"region":3,"fire_occurred":0,"prediction":0.1395}},{"type":"Feature","geometry":{"type":"Point","coordinates":[25.9,-11.6]},"properties":{"region":3,"fire_occurred":1,"prediction":0.1898}},{"type":"Feature","geometry":{"type":"Point","coordinates":[25.9,-11.5]},"properties":{"region":3,"fire_occurred":1,"prediction":0.1335}},{"type":"Feature","geometry":{"type":"Point","coordinates":[25.9,-11.4]},"properties":{"region":3,"fire_occurred":0,"prediction":0.1117}},{"type":"Feature","geometry":{"type":"Point","coordinates":[25.9,-11.1]},"properties":{"region":3,"fire_occurred":0,"prediction":0.1601}},{"type":"Feature","geometry":{"type":"Point","coordinates":[25.9,-11.0]},"properties":{"region":3,"fire_occurred":0,"prediction":0.1068}},{"type":"Feature","geometry":{"type":"Point","coordinates":[25.9,-10.9]},"properties":{"region":3,"fire_occurred":1,"prediction":0.1537}},{"type":"Feature","geometry":{"type":"Point","coordinates":[25.9,-10.8]},"properties":{"region":3,"fire_occurred":1,"prediction":0.2696}},{"type":"Feature","geometry":{"type":"Point","coordinates":[25.9,-10.7]},"properties":{"region":3,"fire_occurred":0,"prediction":0.439}},{"type":"Feature","geometry":{"type":"Point","coordinates":[25.9,-10.6]},"properties":{"region":3,"fire_occurred":0,"prediction":0.1966}},{"type":"Feature","geometry":{"type":"Point","coordinates":[25.9,-10.5]},"properties":{"region":3,"fire_occurred":0,"prediction":0.2762}},{"type":"Feature","geometry":{"type":"Point","coordinates":[25.9,-10.4]},"properties":{"region":3,"fire_occurred":0,"prediction":0.2703}},{"type":"Feature","geometry":{"type":"Point","coordinates":[25.9,-10.3]},"properties":{"region":3,"fire_occurred":0,"prediction":0.329}},{"type":"Feature","geometry":{"type":"Point","coordinates":[25.9,-10.2]},"properties":{"region":3,"fire_occurred":0,"prediction":0.51}},{"type":"Feature","geometry":{"type":"Point","coordinates":[25.9,-10.1]},"properties":{"region":3,"fire_occurred":0,"prediction":0.4996}},{"type":"Feature","geometry":{"type":"Point","coordinates":[26.0,-15.0]},"properties":{"region":3,"fire_occurred":0,"prediction":0.1662}},{"type":"Feature","geometry":{"type":"Point","coordinates":[26.0,-14.9]},"properties":{"region":3,"fire_occurred":0,"prediction":0.103}},{"type":"Feature","geometry":{"type":"Point","coordinates":[26.0,-14.8]},"properties":{"region":3,"fire_occurred":0,"prediction":0.2418}},{"type":"Feature","geometry":{"type":"Point","coordinates":[26.0,-14.7]},"properties":{"region":3,"fire_occurred":1,"prediction":0.0461}},{"type":"Feature","geometry":{"type":"Point","coordinates":[26.0,-14.5]},"properties":{"region":3,"fire_occurred":1,"prediction":0.1094}},{"type":"Feature","geometry":{"type":"Point","coordinates":[26.0,-14.4]},"properties":{"region":3,"fire_occurred":0,"prediction":0.1169}},{"type":"Feature","geometry":{"type":"Point","coordinates":[26.0,-14.3]},"properties":{"region":3,"fire_occurred":0,"prediction":0.1149}},{"type":"Feature","geometry":{"type":"Point","coordinates":[26.0,-14.2]},"properties":{"region":3,"fire_occurred":0,"prediction":0.1444}},{"type":"Feature","geometry":{"type":"Point","coordinates":[26.0,-14.0]},"properties":{"region":3,"fire_occurred":0,"prediction":0.1727}},{"type":"Feature","geometry":{"type":"Point","coordinates":[26.0,-13.9]},"properties":{"region":3,"fire_occurred":0,"prediction":0.146}},{"type":"Feature","geometry":{"type":"Point","coordinates":[26.0,-13.8]},"properties":{"region":3,"fire_occurred":0,"prediction":0.121}},{"type":"Feature","geometry":{"type":"Point","coordinates":[26.0,-13.7]},"properties":{"region":3,"fire_occurred":0,"prediction":0.1053}},{"type":"Feature","geometry":{"type":"Point","coordinates":[26.0,-13.2]},"properties":{"region":3,"fire_occurred":0,"prediction":0.1215}},{"type":"Feature","geometry":{"type":"Point","coordinates":[26.0,-13.1]},"properties":{"region":3,"fire_occurred":0,"prediction":0.1219}},{"type":"Feature","geometry":{"type":"Point","coordinates":[26.0,-12.9]},"properties":{"region":3,"fire_occurred":0,"prediction":0.1749}},{"type":"Feature","geometry":{"type":"Point","coordinates":[26.0,-12.7]},"properties":{"region":3,"fire_occurred":1,"prediction":0.1343}},{"type":"Feature","geometry":{"type":"Point","coordinates":[26.0,-12.5]},"properties":{"region":3,"fire_occurred":0,"prediction":0.102}},{"type":"Feature","geometry":{"type":"Point","coordinates":[26.0,-12.4]},"properties":{"region":3,"fire_occurred":0,"prediction":0.1226}},{"type":"Feature","geometry":{"type":"Point","coordinates":[26.0,-12.3]},"properties":{"region":3,"fire_occurred":0,"prediction":0.1389}},{"type":"Feature","geometry":{"type":"Point","coordinates":[26.0,-12.2]},"properties":{"region":3,"fire_occurred":0,"prediction":0.1078}},{"type":"Feature","geometry":{"type":"Point","coordinates":[26.0,-12.1]},"properties":{"region":3,"fire_occurred":0,"prediction":0.1768}},{"type":"Feature","geometry":{"type":"Point","coordinates":[26.0,-12.0]},"properties":{"region":3,"fire_occurred":0,"prediction":0.1087}},{"type":"Feature","geometry":{"type":"Point","coordinates":[26.0,-11.9]},"properties":{"region":3,"fire_occurred":0,"prediction":0.1255}},{"type":"Feature","geometry":{"type":"Point","coordinates":[26.0,-11.8]},"properties":{"region":3,"fire_occurred":0,"prediction":0.1007}},{"type":"Feature","geometry":{"type":"Point","coordinates":[26.0,-11.7]},"properties":{"region":3,"fire_occurred":0,"prediction":0.2026}},{"type":"Feature","geometry":{"type":"Point","coordinates":[26.0,-11.6]},"properties":{"region":3,"fire_occurred":0,"prediction":0.2718}},{"type":"Feature","geometry":{"type":"Point","coordinates":[26.0,-11.5]},"properties":{"region":3,"fire_occurred":0,"prediction":0.1478}},{"type":"Feature","geometry":{"type":"Point","coordinates":[26.0,-11.4]},"properties":{"region":3,"fire_occurred":0,"prediction":0.1045}},{"type":"Feature","geometry":{"type":"Point","coordinates":[26.0,-11.3]},"properties":{"region":3,"fire_occurred":0,"prediction":0.101}},{"type":"Feature","geometry":{"type":"Point","coordinates":[26.0,-11.1]},"properties":{"region":3,"fire_occurred":0,"prediction":0.1079}},{"type":"Feature","geometry":{"type":"Point","coordinates":[26.0,-11.0]},"properties":{"region":3,"fire_occurred":0,"prediction":0.1223}},{"type":"Feature","geometry":{"type":"Point","coordinates":[26.0,-10.9]},"properties":{"region":3,"fire_occurred":0,"prediction":0.1881}},{"type":"Feature","geometry":{"type":"Point","coordinates":[26.0,-10.7]},"properties":{"region":3,"fire_occurred":0,"prediction":0.4084}},{"type":"Feature","geometry":{"type":"Point","coordinates":[26.0,-10.6]},"properties":{"region":3,"fire_occurred":0,"prediction":0.3552}},{"type":"Feature","geometry":{"type":"Point","coordinates":[26.0,-10.5]},"properties":{"region":3,"fire_occurred":0,"prediction":0.2948}},{"type":"Feature","geometry":{"type":"Point","coordinates":[26.0,-10.4]},"properties":{"region":3,"fire_occurred":0,"prediction":0.3553}},{"type":"Feature","geometry":{"type":"Point","coordinates":[26.0,-10.3]},"properties":{"region":3,"fire_occurred":0,"prediction":0.3868}},{"type":"Feature","geometry":{"type":"Point","coordinates":[26.0,-10.2]},"properties":{"region":3,"fire_occurred":0,"prediction":0.3319}},{"type":"Feature","geometry":{"type":"Point","coordinates":[26.0,-10.1]},"properties":{"region":3,"fire_occurred":0,"prediction":0.3479}},{"type":"Feature","geometry":{"type":"Point","coordinates":[26.1,-15.0]},"properties":{"region":3,"fire_occurred":0,"prediction":0.1025}},{"type":"Feature","geometry":{"type":"Point","coordinates":[26.1,-14.9]},"properties":{"region":3,"fire_occurred":0,"prediction":0.1488}},{"type":"Feature","geometry":{"type":"Point","coordinates":[26.1,-14.8]},"properties":{"region":3,"fire_occurred":0,"prediction":0.12}},{"type":"Feature","geometry":{"type":"Point","coordinates":[26.1,-14.7]},"properties":{"region":3,"fire_occurred":1,"prediction":0.1328}},{"type":"Feature","geometry":{"type":"Point","coordinates":[26.1,-14.5]},"properties":{"region":3,"fire_occurred":1,"prediction":0.1105}},{"type":"Feature","geometry":{"type":"Point","coordinates":[26.1,-14.1]},"properties":{"region":3,"fire_occurred":0,"prediction":0.2052}},{"type":"Feature","geometry":{"type":"Point","coordinates":[26.1,-14.0]},"properties":{"region":3,"fire_occurred":0,"prediction":0.1609}},{"type":"Feature","geometry":{"type":"Point","coordinates":[26.1,-12.9]},"properties":{"region":3,"fire_occurred":0,"prediction":0.1104}},{"type":"Feature","geometry":{"type":"Point","coordinates":[26.1,-12.8]},"properties":{"region":3,"fire_occurred":0,"prediction":0.138}},{"type":"Feature","geometry":{"type":"Point","coordinates":[26.1,-12.7]},"properties":{"region":3,"fire_occurred":0,"prediction":0.1868}},{"type":"Feature","geometry":{"type":"Point","coordinates":[26.1,-12.6]},"properties":{"region":3,"fire_occurred":0,"prediction":0.1434}},{"type":"Feature","geometry":{"type":"Point","coordinates":[26.1,-12.5]},"properties":{"region":3,"fire_occurred":0,"prediction":0.1344}},{"type":"Feature","geometry":{"type":"Point","coordinates":[26.1,-12.3]},"properties":{"region":3,"fire_occurred":0,"prediction":0.1149}},{"type":"Feature","geometry":{"type":"Point","coordinates":[26.1,-12.2]},"properties":{"region":3,"fire_occurred":0,"prediction":0.1521}},{"type":"Feature","geometry":{"type":"Point","coordinates":[26.1,-12.1]},"properties":{"region":3,"fire_occurred":0,"prediction":0.2613}},{"type":"Feature","geometry":{"type":"Point","coordinates":[26.1,-12.0]},"properties":{"region":3,"fire_occurred":0,"prediction":0.1142}},{"type":"Feature","geometry":{"type":"Point","coordinates":[26.1,-11.9]},"properties":{"region":3,"fire_occurred":0,"prediction":0.1535}},{"type":"Feature","geometry":{"type":"Point","coordinates":[26.1,-11.7]},"properties":{"region":3,"fire_occurred":0,"prediction":0.3003}},{"type":"Feature","geometry":{"type":"Point","coordinates":[26.1,-11.6]},"properties":{"region":3,"fire_occurred":0,"prediction":0.1512}},{"type":"Feature","geometry":{"type":"Point","coordinates":[26.1,-11.5]},"properties":{"region":3,"fire_occurred":0,"prediction":0.118}},{"type":"Feature","geometry":{"type":"Point","coordinates":[26.1,-11.4]},"properties":{"region":3,"fire_occurred":0,"prediction":0.1209}},{"type":"Feature","geometry":{"type":"Point","coordinates":[26.1,-11.3]},"properties":{"region":3,"fire_occurred":0,"prediction":0.2027}},{"type":"Feature","geometry":{"type":"Point","coordinates":[26.1,-11.2]},"properties":{"region":3,"fire_occurred":1,"prediction":0.1189}},{"type":"Feature","geometry":{"type":"Point","coordinates":[26.1,-11.1]},"properties":{"region":3,"fire_occurred":1,"prediction":0.146}},{"type":"Feature","geometry":{"type":"Point","coordinates":[26.1,-11.0]},"properties":{"region":3,"fire_occurred":0,"prediction":0.2902}},{"type":"Feature","geometry":{"type":"Point","coordinates":[26.1,-10.9]},"properties":{"region":3,"fire_occurred":0,"prediction":0.1322}},{"type":"Feature","geometry":{"type":"Point","coordinates":[26.1,-10.8]},"properties":{"region":3,"fire_occurred":0,"prediction":0.1584}},{"type":"Feature","geometry":{"type":"Point","coordinates":[26.1,-10.7]},"properties":{"region":3,"fire_occurred":0,"prediction":0.2652}},{"type":"Feature","geometry":{"type":"Point","coordinates":[26.1,-10.6]},"properties":{"region":3,"fire_occurred":0,"prediction":0.2003}},{"type":"Feature","geometry":{"type":"Point","coordinates":[26.1,-10.5]},"properties":{"region":3,"fire_occurred":0,"prediction":0.473}},{"type":"Feature","geometry":{"type":"Point","coordinates":[26.1,-10.4]},"properties":{"region":3,"fire_occurred":0,"prediction":0.2482}},{"type":"Feature","geometry":{"type":"Point","coordinates":[26.1,-10.3]},"properties":{"region":3,"fire_occurred":0,"prediction":0.159}},{"type":"Feature","geometry":{"type":"Point","coordinates":[26.1,-10.2]},"properties":{"region":3,"fire_occurred":0,"prediction":0.2909}},{"type":"Feature","geometry":{"type":"Point","coordinates":[26.1,-10.1]},"properties":{"region":3,"fire_occurred":0,"prediction":0.2032}},{"type":"Feature","geometry":{"type":"Point","coordinates":[26.2,-14.7]},"properties":{"region":3,"fire_occurred":0,"prediction":0.1088}},{"type":"Feature","geometry":{"type":"Point","coordinates":[26.2,-14.2]},"properties":{"region":3,"fire_occurred":1,"prediction":0.1633}},{"type":"Feature","geometry":{"type":"Point","coordinates":[26.2,-14.1]},"properties":{"region":3,"fire_occurred":0,"prediction":0.1855}},{"type":"Feature","geometry":{"type":"Point","coordinates":[26.2,-13.9]},"properties":{"region":3,"fire_occurred":0,"prediction":0.1642}},{"type":"Feature","geometry":{"type":"Point","coordinates":[26.2,-13.7]},"properties":{"region":3,"fire_occurred":0,"prediction":0.1458}},{"type":"Feature","geometry":{"type":"Point","coordinates":[26.2,-13.5]},"properties":{"region":3,"fire_occurred":0,"prediction":0.1296}},{"type":"Feature","geometry":{"type":"Point","coordinates":[26.2,-13.1]},"properties":{"region":3,"fire_occurred":0,"prediction":0.111}},{"type":"Feature","geometry":{"type":"Point","coordinates":[26.2,-13.0]},"properties":{"region":3,"fire_occurred":1,"prediction":0.0772}},{"type":"Feature","geometry":{"type":"Point","coordinates":[26.2,-12.8]},"properties":{"region":3,"fire_occurred":0,"prediction":0.1079}},{"type":"Feature","geometry":{"type":"Point","coordinates":[26.2,-12.4]},"properties":{"region":3,"fire_occurred":0,"prediction":0.2257}},{"type":"Feature","geometry":{"type":"Point","coordinates":[26.2,-12.3]},"properties":{"region":3,"fire_occurred":0,"prediction":0.316}},{"type":"Feature","geometry":{"type":"Point","coordinates":[26.2,-12.2]},"properties":{"region":3,"fire_occurred":1,"prediction":0.3534}},{"type":"Feature","geometry":{"type":"Point","coordinates":[26.2,-12.1]},"properties":{"region":3,"fire_occurred":0,"prediction":0.2957}},{"type":"Feature","geometry":{"type":"Point","coordinates":[26.2,-12.0]},"properties":{"region":3,"fire_occurred":0,"prediction":0.3063}},{"type":"Feature","geometry":{"type":"Point","coordinates":[26.2,-11.9]},"properties":{"region":3,"fire_occurred":0,"prediction":0.1217}},{"type":"Feature","geometry":{"type":"Point","coordinates":[26.2,-11.8]},"properties":{"region":3,"fire_occurred":0,"prediction":0.207}},{"type":"Feature","geometry":{"type":"Point","coordinates":[26.2,-11.7]},"properties":{"region":3,"fire_occurred":0,"prediction":0.1595}},{"type":"Feature","geometry":{"type":"Point","coordinates":[26.2,-11.6]},"properties":{"region":3,"fire_occurred":0,"prediction":0.2272}},{"type":"Feature","geometry":{"type":"Point","coordinates":[26.2,-11.5]},"properties":{"region":3,"fire_occurred":0,"prediction":0.2044}},{"type":"Feature","geometry":{"type":"Point","coordinates":[26.2,-11.4]},"properties":{"region":3,"fire_occurred":0,"prediction":0.193}},{"type":"Feature","geometry":{"type":"Point","coordinates":[26.2,-11.3]},"properties":{"region":3,"fire_occurred":0,"prediction":0.1681}},{"type":"Feature","geometry":{"type":"Point","coordinates":[26.2,-11.2]},"properties":{"region":3,"fire_occurred":0,"prediction":0.107}},{"type":"Feature","geometry":{"type":"Point","coordinates":[26.2,-11.1]},"properties":{"region":3,"fire_occurred":0,"prediction":0.2208}},{"type":"Feature","geometry":{"type":"Point","coordinates":[26.2,-11.0]},"properties":{"region":3,"fire_occurred":0,"prediction":0.1389}},{"type":"Feature","geometry":{"type":"Point","coordinates":[26.2,-10.9]},"properties":{"region":3,"fire_occurred":0,"prediction":0.1658}},{"type":"Feature","geometry":{"type":"Point","coordinates":[26.2,-10.8]},"properties":{"region":3,"fire_occurred":0,"prediction":0.1318}},{"type":"Feature","geometry":{"type":"Point","coordinates":[26.2,-10.7]},"properties":{"region":3,"fire_occurred":0,"prediction":0.2951}},{"type":"Feature","geometry":{"type":"Point","coordinates":[26.2,-10.5]},"properties":{"region":3,"fire_occurred":0,"prediction":0.1483}},{"type":"Feature","geometry":{"type":"Point","coordinates":[26.2,-10.4]},"properties":{"region":3,"fire_occurred":0,"prediction":0.1702}},{"type":"Feature","geometry":{"type":"Point","coordinates":[26.2,-10.3]},"properties":{"region":3,"fire_occurred":0,"prediction":0.1782}},{"type":"Feature","geometry":{"type":"Point","coordinates":[26.2,-10.2]},"properties":{"region":3,"fire_occurred":1,"prediction":0.1279}},{"type":"Feature","geometry":{"type":"Point","coordinates":[26.2,-10.1]},"properties":{"region":3,"fire_occurred":0,"prediction":0.2135}},{"type":"Feature","geometry":{"type":"Point","coordinates":[26.3,-14.3]},"properties":{"region":3,"fire_occurred":0,"prediction":0.2351}},{"type":"Feature","geometry":{"type":"Point","coordinates":[26.3,-14.2]},"properties":{"region":3,"fire_occurred":1,"prediction":0.2423}},{"type":"Feature","geometry":{"type":"Point","coordinates":[26.3,-14.1]},"properties":{"region":3,"fire_occurred":0,"prediction":0.2735}},{"type":"Feature","geometry":{"type":"Point","coordinates":[26.3,-14.0]},"properties":{"region":3,"fire_occurred":0,"prediction":0.1457}},{"type":"Feature","geometry":{"type":"Point","coordinates":[26.3,-13.9]},"properties":{"region":3,"fire_occurred":0,"prediction":0.1958}},{"type":"Feature","geometry":{"type":"Point","coordinates":[26.3,-13.7]},"properties":{"region":3,"fire_occurred":0,"prediction":0.1273}},{"type":"Feature","geometry":{"type":"Point","coordinates":[26.3,-13.0]},"properties":{"region":3,"fire_occurred":0,"prediction":0.1353}},{"type":"Feature","geometry":{"type":"Point","coordinates":[26.3,-12.4]},"properties":{"region":3,"fire_occurred":0,"prediction":0.1249}},{"type":"Feature","geometry":{"type":"Point","coordinates":[26.3,-12.3]},"properties":{"region":3,"fire_occurred":0,"prediction":0.3021}},{"type":"Feature","geometry":{"type":"Point","coordinates":[26.3,-12.2]},"properties":{"region":3,"fire_occurred":0,"prediction":0.3085}},{"type":"Feature","geometry":{"type":"Point","coordinates":[26.3,-12.1]},"properties":{"region":3,"fire_occurred":1,"prediction":0.2961}},{"type":"Feature","geometry":{"type":"Point","coordinates":[26.3,-12.0]},"properties":{"region":3,"fire_occurred":0,"prediction":0.3229}},{"type":"Feature","geometry":{"type":"Point","coordinates":[26.3,-11.9]},"properties":{"region":3,"fire_occurred":0,"prediction":0.2192}},{"type":"Feature","geometry":{"type":"Point","coordinates":[26.3,-11.8]},"properties":{"region":3,"fire_occurred":0,"prediction":0.3061}},{"type":"Feature","geometry":{"type":"Point","coordinates":[26.3,-11.7]},"properties":{"region":3,"fire_occurred":0,"prediction":0.1026}},{"type":"Feature","geometry":{"type":"Point","coordinates":[26.3,-11.6]},"properties":{"region":3,"fire_occurred":0,"prediction":0.2533}},{"type":"Feature","geometry":{"type":"Point","coordinates":[26.3,-11.5]},"properties":{"region":3,"fire_occurred":0,"prediction":0.2496}},{"type":"Feature","geometry":{"type":"Point","coordinates":[26.3,-11.3]},"properties":{"region":3,"fire_occurred":0,"prediction":0.1794}},{"type":"Feature","geometry":{"type":"Point","coordinates":[26.3,-11.2]},"properties":{"region":3,"fire_occurred":0,"prediction":0.116}},{"type":"Feature","geometry":{"type":"Point","coordinates":[26.3,-11.1]},"properties":{"region":3,"fire_occurred":0,"prediction":0.2162}},{"type":"Feature","geometry":{"type":"Point","coordinates":[26.3,-11.0]},"properties":{"region":3,"fire_occurred":0,"prediction":0.1907}},{"type":"Feature","geometry":{"type":"Point","coordinates":[26.3,-10.9]},"properties":{"region":3,"fire_occurred":0,"prediction":0.1723}},{"type":"Feature","geometry":{"type":"Point","coordinates":[26.3,-10.8]},"properties":{"region":3,"fire_occurred":0,"prediction":0.1275}},{"type":"Feature","geometry":{"type":"Point","coordinates":[26.3,-10.7]},"properties":{"region":3,"fire_occurred":0,"prediction":0.3106}},{"type":"Feature","geometry":{"type":"Point","coordinates":[26.3,-10.6]},"properties":{"region":3,"fire_occurred":0,"prediction":0.3508}},{"type":"Feature","geometry":{"type":"Point","coordinates":[26.3,-10.5]},"properties":{"region":3,"fire_occurred":0,"prediction":0.1844}},{"type":"Feature","geometry":{"type":"Point","coordinates":[26.3,-10.4]},"properties":{"region":3,"fire_occurred":0,"prediction":0.2822}},{"type":"Feature","geometry":{"type":"Point","coordinates":[26.3,-10.2]},"properties":{"region":3,"fire_occurred":1,"prediction":0.3224}},{"type":"Feature","geometry":{"type":"Point","coordinates":[26.3,-10.1]},"properties":{"region":3,"fire_occurred":1,"prediction":0.236}},{"type":"Feature","geometry":{"type":"Point","coordinates":[26.4,-14.6]},"properties":{"region":3,"fire_occurred":1,"prediction":0.2228}},{"type":"Feature","geometry":{"type":"Point","coordinates":[26.4,-14.3]},"properties":{"region":3,"fire_occurred":0,"prediction":0.1788}},{"type":"Feature","geometry":{"type":"Point","coordinates":[26.4,-13.9]},"properties":{"region":3,"fire_occurred":1,"prediction":0.1415}},{"type":"Feature","geometry":{"type":"Point","coordinates":[26.4,-13.7]},"properties":{"region":3,"fire_occurred":0,"prediction":0.1372}},{"type":"Feature","geometry":{"type":"Point","coordinates":[26.4,-13.1]},"properties":{"region":3,"fire_occurred":0,"prediction":0.1931}},{"type":"Feature","geometry":{"type":"Point","coordinates":[26.4,-12.9]},"properties":{"region":3,"fire_occurred":0,"prediction":0.1525}},{"type":"Feature","geometry":{"type":"Point","coordinates":[26.4,-12.6]},"properties":{"region":3,"fire_occurred":0,"prediction":0.1044}},{"type":"Feature","geometry":{"type":"Point","coordinates":[26.4,-12.3]},"properties":{"region":3,"fire_occurred":0,"prediction":0.1975}},{"type":"Feature","geometry":{"type":"Point","coordinates":[26.4,-12.2]},"properties":{"region":3,"fire_occurred":0,"prediction":0.3274}},{"type":"Feature","geometry":{"type":"Point","coordinates":[26.4,-12.1]},"properties":{"region":3,"fire_occurred":0,"prediction":0.2989}},{"type":"Feature","geometry":{"type":"Point","coordinates":[26.4,-12.0]},"properties":{"region":3,"fire_occurred":0,"prediction":0.2881}},{"type":"Feature","geometry":{"type":"Point","coordinates":[26.4,-11.9]},"properties":{"region":3,"fire_occurred":0,"prediction":0.126}},{"type":"Feature","geometry":{"type":"Point","coordinates":[26.4,-11.8]},"properties":{"region":3,"fire_occurred":0,"prediction":0.1442}},{"type":"Feature","geometry":{"type":"Point","coordinates":[26.4,-11.7]},"properties":{"region":3,"fire_occurred":0,"prediction":0.2489}},{"type":"Feature","geometry":{"type":"Point","coordinates":[26.4,-11.6]},"properties":{"region":3,"fire_occurred":0,"prediction":0.1203}},{"type":"Feature","geometry":{"type":"Point","coordinates":[26.4,-11.4]},"properties":{"region":3,"fire_occurred":0,"prediction":0.1952}},{"type":"Feature","geometry":{"type":"Point","coordinates":[26.4,-11.1]},"properties":{"region":3,"fire_occurred":0,"prediction":0.1973}},{"type":"Feature","geometry":{"type":"Point","coordinates":[26.4,-11.0]},"properties":{"region":3,"fire_occurred":0,"prediction":0.2835}},{"type":"Feature","geometry":{"type":"Point","coordinates":[26.4,-10.9]},"properties":{"region":3,"fire_occurred":0,"prediction":0.1481}},{"type":"Feature","geometry":{"type":"Point","coordinates":[26.4,-10.8]},"properties":{"region":3,"fire_occurred":0,"prediction":0.3098}},{"type":"Feature","geometry":{"type":"Point","coordinates":[26.4,-10.7]},"properties":{"region":3,"fire_occurred":0,"prediction":0.3155}},{"type":"Feature","geometry":{"type":"Point","coordinates":[26.4,-10.6]},"properties":{"region":3,"fire_occurred":0,"prediction":0.2197}},{"type":"Feature","geometry":{"type":"Point","coordinates":[26.4,-10.5]},"properties":{"region":3,"fire_occurred":0,"prediction":0.1678}},{"type":"Feature","geometry":{"type":"Point","coordinates":[26.4,-10.4]},"properties":{"region":3,"fire_occurred":1,"prediction":0.3414}},{"type":"Feature","geometry":{"type":"Point","coordinates":[26.4,-10.3]},"properties":{"region":3,"fire_occurred":0,"prediction":0.4238}},{"type":"Feature","geometry":{"type":"Point","coordinates":[26.4,-10.2]},"properties":{"region":3,"fire_occurred":1,"prediction":0.6459}},{"type":"Feature","geometry":{"type":"Point","coordinates":[26.4,-10.1]},"properties":{"region":3,"fire_occurred":0,"prediction":0.3661}},{"type":"Feature","geometry":{"type":"Point","coordinates":[26.5,-14.8]},"properties":{"region":3,"fire_occurred":0,"prediction":0.113}},{"type":"Feature","geometry":{"type":"Point","coordinates":[26.5,-14.6]},"properties":{"region":3,"fire_occurred":0,"prediction":0.1532}},{"type":"Feature","geometry":{"type":"Point","coordinates":[26.5,-14.5]},"properties":{"region":3,"fire_occurred":0,"prediction":0.2197}},{"type":"Feature","geometry":{"type":"Point","coordinates":[26.5,-14.3]},"properties":{"region":3,"fire_occurred":0,"prediction":0.2097}},{"type":"Feature","geometry":{"type":"Point","coordinates":[26.5,-13.7]},"properties":{"region":3,"fire_occurred":0,"prediction":0.1186}},{"type":"Feature","geometry":{"type":"Point","coordinates":[26.5,-13.6]},"properties":{"region":3,"fire_occurred":0,"prediction":0.1058}},{"type":"Feature","geometry":{"type":"Point","coordinates":[26.5,-13.3]},"properties":{"region":3,"fire_occurred":0,"prediction":0.1054}},{"type":"Feature","geometry":{"type":"Point","coordinates":[26.5,-13.1]},"properties":{"region":3,"fire_occurred":0,"prediction":0.1568}},{"type":"Feature","geometry":{"type":"Point","coordinates":[26.5,-12.9]},"properties":{"region":3,"fire_occurred":0,"prediction":0.1321}},{"type":"Feature","geometry":{"type":"Point","coordinates":[26.5,-12.5]},"properties":{"region":3,"fire_occurred":0,"prediction":0.1418}},{"type":"Feature","geometry":{"type":"Point","coordinates":[26.5,-12.4]},"properties":{"region":3,"fire_occurred":0,"prediction":0.1254}},{"type":"Feature","geometry":{"type":"Point","coordinates":[26.5,-12.3]},"properties":{"region":3,"fire_occurred":0,"prediction":0.1015}},{"type":"Feature","geometry":{"type":"Point","coordinates":[26.5,-12.2]},"properties":{"region":3,"fire_occurred":0,"prediction":0.1906}},{"type":"Feature","geometry":{"type":"Point","coordinates":[26.5,-12.1]},"properties":{"region":3,"fire_occurred":0,"prediction":0.1047}},{"type":"Feature","geometry":{"type":"Point","coordinates":[26.5,-12.0]},"properties":{"region":3,"fire_occurred":0,"prediction":0.1161}},{"type":"Feature","geometry":{"type":"Point","coordinates":[26.5,-11.9]},"properties":{"region":3,"fire_occurred":0,"prediction":0.1375}},{"type":"Feature","geometry":{"type":"Point","coordinates":[26.5,-11.8]},"properties":{"region":3,"fire_occurred":0,"prediction":0.1552}},{"type":"Feature","geometry":{"type":"Point","coordinates":[26.5,-11.5]},"properties":{"region":3,"fire_occurred":0,"prediction":0.1702}},{"type":"Feature","geometry":{"type":"Point","coordinates":[26.5,-11.1]},"properties":{"region":3,"fire_occurred":0,"prediction":0.1706}},{"type":"Feature","geometry":{"type":"Point","coordinates":[26.5,-11.0]},"properties":{"region":3,"fire_occurred":0,"prediction":0.4137}},{"type":"Feature","geometry":{"type":"Point","coordinates":[26.5,-10.9]},"properties":{"region":3,"fire_occurred":0,"prediction":0.3472}},{"type":"Feature","geometry":{"type":"Point","coordinates":[26.5,-10.8]},"properties":{"region":3,"fire_occurred":0,"prediction":0.4021}},{"type":"Feature","geometry":{"type":"Point","coordinates":[26.5,-10.7]},"properties":{"region":3,"fire_occurred":0,"prediction":0.2956}},{"type":"Feature","geometry":{"type":"Point","coordinates":[26.5,-10.6]},"properties":{"region":3,"fire_occurred":0,"prediction":0.1946}},{"type":"Feature","geometry":{"type":"Point","coordinates":[26.5,-10.4]},"properties":{"region":3,"fire_occurred":0,"prediction":0.326}},{"type":"Feature","geometry":{"type":"Point","coordinates":[26.5,-10.3]},"properties":{"region":3,"fire_occurred":1,"prediction":0.4399}},{"type":"Feature","geometry":{"type":"Point","coordinates":[26.5,-10.2]},"properties":{"region":3,"fire_occurred":0,"prediction":0.3627}},{"type":"Feature","geometry":{"type":"Point","coordinates":[26.5,-10.1]},"properties":{"region":3,"fire_occurred":0,"prediction":0.4239}},{"type":"Feature","geometry":{"type":"Point","coordinates":[26.6,-14.8]},"properties":{"region":3,"fire_occurred":0,"prediction":0.2054}},{"type":"Feature","geometry":{"type":"Point","coordinates":[26.6,-14.7]},"properties":{"region":3,"fire_occurred":0,"prediction":0.1067}},{"type":"Feature","geometry":{"type":"Point","coordinates":[26.6,-14.2]},"properties":{"region":3,"fire_occurred":0,"prediction":0.1499}},{"type":"Feature","geometry":{"type":"Point","coordinates":[26.6,-14.0]},"properties":{"region":3,"fire_occurred":0,"prediction":0.1056}},{"type":"Feature","geometry":{"type":"Point","coordinates":[26.6,-13.9]},"properties":{"region":3,"fire_occurred":0,"prediction":0.1196}},{"type":"Feature","geometry":{"type":"Point","coordinates":[26.6,-13.7]},"properties":{"region":3,"fire_occurred":0,"prediction":0.1718}},{"type":"Feature","geometry":{"type":"Point","coordinates":[26.6,-13.6]},"properties":{"region":3,"fire_occurred":0,"prediction":0.1554}},{"type":"Feature","geometry":{"type":"Point","coordinates":[26.6,-13.1]},"properties":{"region":3,"fire_occurred":0,"prediction":0.1201}},{"type":"Feature","geometry":{"type":"Point","coordinates":[26.6,-12.4]},"properties":{"region":3,"fire_occurred":0,"prediction":0.1797}},{"type":"Feature","geometry":{"type":"Point","coordinates":[26.6,-12.3]},"properties":{"region":3,"fire_occurred":0,"prediction":0.1743}},{"type":"Feature","geometry":{"type":"Point","coordinates":[26.6,-12.2]},"properties":{"region":3,"fire_occurred":1,"prediction":0.3408}},{"type":"Feature","geometry":{"type":"Point","coordinates":[26.6,-12.1]},"properties":{"region":3,"fire_occurred":0,"prediction":0.1519}},{"type":"Feature","geometry":{"type":"Point","coordinates":[26.6,-12.0]},"properties":{"region":3,"fire_occurred":0,"prediction":0.1627}},{"type":"Feature","geometry":{"type":"Point","coordinates":[26.6,-11.4]},"properties":{"region":3,"fire_occurred":0,"prediction":0.2273}},{"type":"Feature","geometry":{"type":"Point","coordinates":[26.6,-11.2]},"properties":{"region":3,"fire_occurred":0,"prediction":0.1408}},{"type":"Feature","geometry":{"type":"Point","coordinates":[26.6,-11.1]},"properties":{"region":3,"fire_occurred":0,"prediction":0.2278}},{"type":"Feature","geometry":{"type":"Point","coordinates":[26.6,-11.0]},"properties":{"region":3,"fire_occurred":0,"prediction":0.4314}},{"type":"Feature","geometry":{"type":"Point","coordinates":[26.6,-10.9]},"properties":{"region":3,"fire_occurred":0,"prediction":0.4288}},{"type":"Feature","geometry":{"type":"Point","coordinates":[26.6,-10.8]},"properties":{"region":3,"fire_occurred":1,"prediction":0.3476}},{"type":"Feature","geometry":{"type":"Point","coordinates":[26.6,-10.7]},"properties":{"region":3,"fire_occurred":0,"prediction":0.3756}},{"type":"Feature","geometry":{"type":"Point","coordinates":[26.6,-10.6]},"properties":{"region":3,"fire_occurred":0,"prediction":0.1433}},{"type":"Feature","geometry":{"type":"Point","coordinates":[26.6,-10.5]},"properties":{"region":3,"fire_occurred":0,"prediction":0.1021}},{"type":"Feature","geometry":{"type":"Point","coordinates":[26.6,-10.4]},"properties":{"region":3,"fire_occurred":0,"prediction":0.2115}},{"type":"Feature","geometry":{"type":"Point","coordinates":[26.6,-10.3]},"properties":{"region":3,"fire_occurred":0,"prediction":0.2782}},{"type":"Feature","geometry":{"type":"Point","coordinates":[26.6,-10.2]},"properties":{"region":3,"fire_occurred":0,"prediction":0.4723}},{"type":"Feature","geometry":{"type":"Point","coordinates":[26.6,-10.1]},"properties":{"region":3,"fire_occurred":0,"prediction":0.4242}},{"type":"Feature","geometry":{"type":"Point","coordinates":[26.7,-15.0]},"properties":{"region":3,"fire_occurred":0,"prediction":0.1674}},{"type":"Feature","geometry":{"type":"Point","coordinates":[26.7,-14.9]},"properties":{"region":3,"fire_occurred":0,"prediction":0.2309}},{"type":"Feature","geometry":{"type":"Point","coordinates":[26.7,-14.8]},"properties":{"region":3,"fire_occurred":0,"prediction":0.1807}},{"type":"Feature","geometry":{"type":"Point","coordinates":[26.7,-14.7]},"properties":{"region":3,"fire_occurred":0,"prediction":0.1785}},{"type":"Feature","geometry":{"type":"Point","coordinates":[26.7,-14.6]},"properties":{"region":3,"fire_occurred":1,"prediction":0.1219}},{"type":"Feature","geometry":{"type":"Point","coordinates":[26.7,-14.5]},"properties":{"region":3,"fire_occurred":0,"prediction":0.1349}},{"type":"Feature","geometry":{"type":"Point","coordinates":[26.7,-13.6]},"properties":{"region":3,"fire_occurred":0,"prediction":0.1676}},{"type":"Feature","geometry":{"type":"Point","coordinates":[26.7,-13.3]},"properties":{"region":3,"fire_occurred":0,"prediction":0.1345}},{"type":"Feature","geometry":{"type":"Point","coordinates":[26.7,-13.0]},"properties":{"region":3,"fire_occurred":0,"prediction":0.1291}},{"type":"Feature","geometry":{"type":"Point","coordinates":[26.7,-12.3]},"properties":{"region":3,"fire_occurred":0,"prediction":0.1861}},{"type":"Feature","geometry":{"type":"Point","coordinates":[26.7,-12.2]},"properties":{"region":3,"fire_occurred":0,"prediction":0.2397}},{"type":"Feature","geometry":{"type":"Point","coordinates":[26.7,-12.1]},"properties":{"region":3,"fire_occurred":0,"prediction":0.1505}},{"type":"Feature","geometry":{"type":"Point","coordinates":[26.7,-12.0]},"properties":{"region":3,"fire_occurred":0,"prediction":0.1291}},{"type":"Feature","geometry":{"type":"Point","coordinates":[26.7,-11.7]},"properties":{"region":3,"fire_occurred":0,"prediction":0.1272}},{"type":"Feature","geometry":{"type":"Point","coordinates":[26.7,-11.5]},"properties":{"region":3,"fire_occurred":0,"prediction":0.1123}},{"type":"Feature","geometry":{"type":"Point","coordinates":[26.7,-11.2]},"properties":{"region":3,"fire_occurred":0,"prediction":0.1841}},{"type":"Feature","geometry":{"type":"Point","coordinates":[26.7,-11.1]},"properties":{"region":3,"fire_occurred":0,"prediction":0.4765}},{"type":"Feature","geometry":{"type":"Point","coordinates":[26.7,-11.0]},"properties":{"region":3,"fire_occurred":0,"prediction":0.3457}},{"type":"Feature","geometry":{"type":"Point","coordinates":[26.7,-10.9]},"properties":{"region":3,"fire_occurred":0,"prediction":0.4847}},{"type":"Feature","geometry":{"type":"Point","coordinates":[26.7,-10.8]},"properties":{"region":3,"fire_occurred":0,"prediction":0.4714}},{"type":"Feature","geometry":{"type":"Point","coordinates":[26.7,-10.7]},"properties":{"region":3,"fire_occurred":1,"prediction":0.4295}},{"type":"Feature","geometry":{"type":"Point","coordinates":[26.7,-10.6]},"properties":{"region":3,"fire_occurred":0,"prediction":0.1817}},{"type":"Feature","geometry":{"type":"Point","coordinates":[26.7,-10.4]},"properties":{"region":3,"fire_occurred":0,"prediction":0.2508}},{"type":"Feature","geometry":{"type":"Point","coordinates":[26.7,-10.3]},"properties":{"region":3,"fire_occurred":0,"prediction":0.4426}},{"type":"Feature","geometry":{"type":"Point","coordinates":[26.7,-10.2]},"properties":{"region":3,"fire_occurred":0,"prediction":0.4393}},{"type":"Feature","geometry":{"type":"Point","coordinates":[26.7,-10.1]},"properties":{"region":3,"fire_occurred":0,"prediction":0.3961}},{"type":"Feature","geometry":{"type":"Point","coordinates":[26.8,-15.0]},"properties":{"region":3,"fire_occurred":0,"prediction":0.1273}},{"type":"Feature","geometry":{"type":"Point","coordinates":[26.8,-14.9]},"properties":{"region":3,"fire_occurred":0,"prediction":0.117}},{"type":"Feature","geometry":{"type":"Point","coordinates":[26.8,-14.8]},"properties":{"region":3,"fire_occurred":0,"prediction":0.1304}},{"type":"Feature","geometry":{"type":"Point","coordinates":[26.8,-14.7]},"properties":{"region":3,"fire_occurred":0,"prediction":0.1286}},{"type":"Feature","geometry":{"type":"Point","coordinates":[26.8,-14.6]},"properties":{"region":3,"fire_occurred":0,"prediction":0.2835}},{"type":"Feature","geometry":{"type":"Point","coordinates":[26.8,-14.5]},"properties":{"region":3,"fire_occurred":1,"prediction":0.3591}},{"type":"Feature","geometry":{"type":"Point","coordinates":[26.8,-14.4]},"properties":{"region":3,"fire_occurred":0,"prediction":0.1032}},{"type":"Feature","geometry":{"type":"Point","coordinates":[26.8,-13.3]},"properties":{"region":3,"fire_occurred":0,"prediction":0.1096}},{"type":"Feature","geometry":{"type":"Point","coordinates":[26.8,-13.0]},"properties":{"region":3,"fire_occurred":0,"prediction":0.178}},{"type":"Feature","geometry":{"type":"Point","coordinates":[26.8,-12.9]},"properties":{"region":3,"fire_occurred":0,"prediction":0.1564}},{"type":"Feature","geometry":{"type":"Point","coordinates":[26.8,-12.5]},"properties":{"region":3,"fire_occurred":0,"prediction":0.1151}},{"type":"Feature","geometry":{"type":"Point","coordinates":[26.8,-12.4]},"properties":{"region":3,"fire_occurred":0,"prediction":0.1545}},{"type":"Feature","geometry":{"type":"Point","coordinates":[26.8,-12.3]},"properties":{"region":3,"fire_occurred":0,"prediction":0.1546}},{"type":"Feature","geometry":{"type":"Point","coordinates":[26.8,-12.2]},"properties":{"region":3,"fire_occurred":0,"prediction":0.1183}},{"type":"Feature","geometry":{"type":"Point","coordinates":[26.8,-11.2]},"properties":{"region":3,"fire_occurred":0,"prediction":0.1286}},{"type":"Feature","geometry":{"type":"Point","coordinates":[26.8,-11.1]},"properties":{"region":3,"fire_occurred":0,"prediction":0.4296}},{"type":"Feature","geometry":{"type":"Point","coordinates":[26.8,-11.0]},"properties":{"region":3,"fire_occurred":0,"prediction":0.3342}},{"type":"Feature","geometry":{"type":"Point","coordinates":[26.8,-10.9]},"properties":{"region":3,"fire_occurred":0,"prediction":0.479}},{"type":"Feature","geometry":{"type":"Point","coordinates":[26.8,-10.8]},"properties":{"region":3,"fire_occurred":0,"prediction":0.4645}},{"type":"Feature","geometry":{"type":"Point","coordinates":[26.8,-10.7]},"properties":{"region":3,"fire_occurred":0,"prediction":0.4749}},{"type":"Feature","geometry":{"type":"Point","coordinates":[26.8,-10.4]},"properties":{"region":3,"fire_occurred":1,"prediction":0.352}},{"type":"Feature","geometry":{"type":"Point","coordinates":[26.8,-10.3]},"properties":{"region":3,"fire_occurred":0,"prediction":0.4517}},{"type":"Feature","geometry":{"type":"Point","coordinates":[26.8,-10.2]},"properties":{"region":3,"fire_occurred":0,"prediction":0.4465}},{"type":"Feature","geometry":{"type":"Point","coordinates":[26.8,-10.1]},"properties":{"region":3,"fire_occurred":0,"prediction":0.3918}},{"type":"Feature","geometry":{"type":"Point","coordinates":[26.9,-15.0]},"properties":{"region":3,"fire_occurred":0,"prediction":0.1332}},{"type":"Feature","geometry":{"type":"Point","coordinates":[26.9,-14.6]},"properties":{"region":3,"fire_occurred":0,"prediction":0.1151}},{"type":"Feature","geometry":{"type":"Point","coordinates":[26.9,-14.5]},"properties":{"region":3,"fire_occurred":0,"prediction":0.1805}},{"type":"Feature","geometry":{"type":"Point","coordinates":[26.9,-13.7]},"properties":{"region":3,"fire_occurred":0,"prediction":0.1117}},{"type":"Feature","geometry":{"type":"Point","coordinates":[26.9,-13.6]},"properties":{"region":3,"fire_occurred":0,"prediction":0.1048}},{"type":"Feature","geometry":{"type":"Point","coordinates":[26.9,-13.3]},"properties":{"region":3,"fire_occurred":0,"prediction":0.1133}},{"type":"Feature","geometry":{"type":"Point","coordinates":[26.9,-12.5]},"properties":{"region":3,"fire_occurred":0,"prediction":0.1161}},{"type":"Feature","geometry":{"type":"Point","coordinates":[26.9,-12.4]},"properties":{"region":3,"fire_occurred":0,"prediction":0.1021}},{"type":"Feature","geometry":{"type":"Point","coordinates":[26.9,-12.3]},"properties":{"region":3,"fire_occurred":0,"prediction":0.1232}},{"type":"Feature","geometry":{"type":"Point","coordinates":[26.9,-12.2]},"properties":{"region":3,"fire_occurred":0,"prediction":0.194}},{"type":"Feature","geometry":{"type":"Point","coordinates":[26.9,-12.1]},"properties":{"region":3,"fire_occurred":0,"prediction":0.1804}},{"type":"Feature","geometry":{"type":"Point","coordinates":[26.9,-12.0]},"properties":{"region":3,"fire_occurred":0,"prediction":0.2543}},{"type":"Feature","geometry":{"type":"Point","coordinates":[26.9,-11.9]},"properties":{"region":3,"fire_occurred":0,"prediction":0.2456}},{"type":"Feature","geometry":{"type":"Point","coordinates":[26.9,-11.8]},"properties":{"region":3,"fire_occurred":0,"prediction":0.1002}},{"type":"Feature","geometry":{"type":"Point","coordinates":[26.9,-11.6]},"properties":{"region":3,"fire_occurred":1,"prediction":0.0726}},{"type":"Feature","geometry":{"type":"Point","coordinates":[26.9,-11.2]},"properties":{"region":3,"fire_occurred":0,"prediction":0.282}},{"type":"Feature","geometry":{"type":"Point","coordinates":[26.9,-11.1]},"properties":{"region":3,"fire_occurred":0,"prediction":0.4297}},{"type":"Feature","geometry":{"type":"Point","coordinates":[26.9,-11.0]},"properties":{"region":3,"fire_occurred":0,"prediction":0.3209}},{"type":"Feature","geometry":{"type":"Point","coordinates":[26.9,-10.9]},"properties":{"region":3,"fire_occurred":0,"prediction":0.2857}},{"type":"Feature","geometry":{"type":"Point","coordinates":[26.9,-10.8]},"properties":{"region":3,"fire_occurred":0,"prediction":0.4473}},{"type":"Feature","geometry":{"type":"Point","coordinates":[26.9,-10.7]},"properties":{"region":3,"fire_occurred":0,"prediction":0.3425}},{"type":"Feature","geometry":{"type":"Point","coordinates":[26.9,-10.6]},"properties":{"region":3,"fire_occurred":0,"prediction":0.1357}},{"type":"Feature","geometry":{"type":"Point","coordinates":[26.9,-10.5]},"properties":{"region":3,"fire_occurred":0,"prediction":0.475}},{"type":"Feature","geometry":{"type":"Point","coordinates":[26.9,-10.4]},"properties":{"region":3,"fire_occurred":1,"prediction":0.5601}},{"type":"Feature","geometry":{"type":"Point","coordinates":[26.9,-10.3]},"properties":{"region":3,"fire_occurred":1,"prediction":0.4787}},{"type":"Feature","geometry":{"type":"Point","coordinates":[26.9,-10.2]},"properties":{"region":3,"fire_occurred":1,"prediction":0.3862}},{"type":"Feature","geometry":{"type":"Point","coordinates":[26.9,-10.1]},"properties":{"region":3,"fire_occurred":0,"prediction":0.4343}},{"type":"Feature","geometry":{"type":"Point","coordinates":[27.0,-16.6]},"properties":{"region":3,"fire_occurred":0,"prediction":0.135}},{"type":"Feature","geometry":{"type":"Point","coordinates":[27.0,-16.4]},"properties":{"region":3,"fire_occurred":0,"prediction":0.1647}},{"type":"Feature","geometry":{"type":"Point","coordinates":[27.0,-16.2]},"properties":{"region":3,"fire_occurred":0,"prediction":0.1021}},{"type":"Feature","geometry":{"type":"Point","coordinates":[27.0,-16.0]},"properties":{"region":3,"fire_occurred":0,"prediction":0.1519}},{"type":"Feature","geometry":{"type":"Point","coordinates":[27.0,-15.8]},"properties":{"region":3,"fire_occurred":0,"prediction":0.1512}},{"type":"Feature","geometry":{"type":"Point","coordinates":[27.0,-15.6]},"properties":{"region":3,"fire_occurred":0,"prediction":0.1732}},{"type":"Feature","geometry":{"type":"Point","coordinates":[27.0,-15.5]},"properties":{"region":3,"fire_occurred":0,"prediction":0.1832}},{"type":"Feature","geometry":{"type":"Point","coordinates":[27.0,-14.9]},"properties":{"region":3,"fire_occurred":0,"prediction":0.2628}},{"type":"Feature","geometry":{"type":"Point","coordinates":[27.0,-14.8]},"properties":{"region":3,"fire_occurred":1,"prediction":0.0684}},{"type":"Feature","geometry":{"type":"Point","coordinates":[27.0,-14.5]},"properties":{"region":3,"fire_occurred":0,"prediction":0.1263}},{"type":"Feature","geometry":{"type":"Point","coordinates":[27.0,-13.6]},"properties":{"region":3,"fire_occurred":0,"prediction":0.1343}},{"type":"Feature","geometry":{"type":"Point","coordinates":[27.0,-13.4]},"properties":{"region":3,"fire_occurred":0,"prediction":0.1161}},{"type":"Feature","geometry":{"type":"Point","coordinates":[27.0,-13.3]},"properties":{"region":3,"fire_occurred":0,"prediction":0.1387}},{"type":"Feature","geometry":{"type":"Point","coordinates":[27.0,-13.1]},"properties":{"region":3,"fire_occurred":0,"prediction":0.1107}},{"type":"Feature","geometry":{"type":"Point","coordinates":[27.0,-12.9]},"properties":{"region":3,"fire_occurred":0,"prediction":0.112}},{"type":"Feature","geometry":{"type":"Point","coordinates":[27.0,-12.5]},"properties":{"region":3,"fire_occurred":0,"prediction":0.2425}},{"type":"Feature","geometry":{"type":"Point","coordinates":[27.0,-12.4]},"properties":{"region":3,"fire_occurred":0,"prediction":0.2283}},{"type":"Feature","geometry":{"type":"Point","coordinates":[27.0,-12.3]},"properties":{"region":3,"fire_occurred":0,"prediction":0.2413}},{"type":"Feature","geometry":{"type":"Point","coordinates":[27.0,-12.2]},"properties":{"region":3,"fire_occurred":0,"prediction":0.2334}},{"type":"Feature","geometry":{"type":"Point","coordinates":[27.0,-12.1]},"properties":{"region":3,"fire_occurred":0,"prediction":0.2209}},{"type":"Feature","geometry":{"type":"Point","coordinates":[27.0,-12.0]},"properties":{"region":3,"fire_occurred":0,"prediction":0.3579}},{"type":"Feature","geometry":{"type":"Point","coordinates":[27.0,-11.9]},"properties":{"region":3,"fire_occurred":0,"prediction":0.3292}},{"type":"Feature","geometry":{"type":"Point","coordinates":[27.0,-11.8]},"properties":{"region":3,"fire_occurred":0,"prediction":0.3345}},{"type":"Feature","geometry":{"type":"Point","coordinates":[27.0,-11.7]},"properties":{"region":3,"fire_occurred":0,"prediction":0.2335}},{"type":"Feature","geometry":{"type":"Point","coordinates":[27.0,-11.2]},"properties":{"region":3,"fire_occurred":0,"prediction":0.4105}},{"type":"Feature","geometry":{"type":"Point","coordinates":[27.0,-11.1]},"properties":{"region":3,"fire_occurred":0,"prediction":0.404}},{"type":"Feature","geometry":{"type":"Point","coordinates":[27.0,-11.0]},"properties":{"region":3,"fire_occurred":0,"prediction":0.104}},{"type":"Feature","geometry":{"type":"Point","coordinates":[27.0,-10.8]},"properties":{"region":3,"fire_occurred":0,"prediction":0.2774}},{"type":"Feature","geometry":{"type":"Point","coordinates":[27.0,-10.7]},"properties":{"region":3,"fire_occurred":0,"prediction":0.1698}},{"type":"Feature","geometry":{"type":"Point","coordinates":[27.0,-10.6]},"properties":{"region":3,"fire_occurred":0,"prediction":0.2169}},{"type":"Feature","geometry":{"type":"Point","coordinates":[27.0,-10.5]},"properties":{"region":3,"fire_occurred":0,"prediction":0.4301}},{"type":"Feature","geometry":{"type":"Point","coordinates":[27.0,-10.4]},"properties":{"region":3,"fire_occurred":0,"prediction":0.4772}},{"type":"Feature","geometry":{"type":"Point","coordinates":[27.0,-10.3]},"properties":{"region":3,"fire_occurred":1,"prediction":0.44}},{"type":"Feature","geometry":{"type":"Point","coordinates":[27.0,-10.2]},"properties":{"region":3,"fire_occurred":0,"prediction":0.2107}},{"type":"Feature","geometry":{"type":"Point","coordinates":[27.0,-10.1]},"properties":{"region":3,"fire_occurred":0,"prediction":0.4391}},{"type":"Feature","geometry":{"type":"Point","coordinates":[27.0,-10.0]},"properties":{"region":3,"fire_occurred":0,"prediction":0.47}},{"type":"Feature","geometry":{"type":"Point","coordinates":[27.0,-9.9]},"properties":{"region":3,"fire_occurred":0,"prediction":0.2852}},{"type":"Feature","geometry":{"type":"Point","coordinates":[27.0,-9.8]},"properties":{"region":3,"fire_occurred":0,"prediction":0.2731}},{"type":"Feature","geometry":{"type":"Point","coordinates":[27.0,-9.7]},"properties":{"region":3,"fire_occurred":0,"prediction":0.1978}},{"type":"Feature","geometry":{"type":"Point","coordinates":[27.0,-9.6]},"properties":{"region":3,"fire_occurred":0,"prediction":0.2556}},{"type":"Feature","geometry":{"type":"Point","coordinates":[27.0,-9.5]},"properties":{"region":3,"fire_occurred":0,"prediction":0.3349}},{"type":"Feature","geometry":{"type":"Point","coordinates":[27.0,-9.4]},"properties":{"region":3,"fire_occurred":0,"prediction":0.2769}},{"type":"Feature","geometry":{"type":"Point","coordinates":[27.0,-9.3]},"properties":{"region":3,"fire_occurred":0,"prediction":0.4023}},{"type":"Feature","geometry":{"type":"Point","coordinates":[27.0,-9.2]},"properties":{"region":3,"fire_occurred":0,"prediction":0.1112}},{"type":"Feature","geometry":{"type":"Point","coordinates":[27.1,-16.6]},"properties":{"region":3,"fire_occurred":0,"prediction":0.1222}},{"type":"Feature","geometry":{"type":"Point","coordinates":[27.1,-16.5]},"properties":{"region":3,"fire_occurred":0,"prediction":0.1558}},{"type":"Feature","geometry":{"type":"Point","coordinates":[27.1,-16.4]},"properties":{"region":3,"fire_occurred":0,"prediction":0.1723}},{"type":"Feature","geometry":{"type":"Point","coordinates":[27.1,-16.3]},"properties":{"region":3,"fire_occurred":0,"prediction":0.1192}},{"type":"Feature","geometry":{"type":"Point","coordinates":[27.1,-15.9]},"properties":{"region":3,"fire_occurred":0,"prediction":0.1428}},{"type":"Feature","geometry":{"type":"Point","coordinates":[27.1,-15.5]},"properties":{"region":3,"fire_occurred":0,"prediction":0.2296}},{"type":"Feature","geometry":{"type":"Point","coordinates":[27.1,-15.4]},"properties":{"region":3,"fire_occurred":0,"prediction":0.1785}},{"type":"Feature","geometry":{"type":"Point","coordinates":[27.1,-15.3]},"properties":{"region":3,"fire_occurred":0,"prediction":0.1755}},{"type":"Feature","geometry":{"type":"Point","coordinates":[27.1,-15.2]},"properties":{"region":3,"fire_occurred":0,"prediction":0.1452}},{"type":"Feature","geometry":{"type":"Point","coordinates":[27.1,-14.9]},"properties":{"region":3,"fire_occurred":0,"prediction":0.1891}},{"type":"Feature","geometry":{"type":"Point","coordinates":[27.1,-14.4]},"properties":{"region":3,"fire_occurred":0,"prediction":0.1032}},{"type":"Feature","geometry":{"type":"Point","coordinates":[27.1,-14.2]},"properties":{"region":3,"fire_occurred":0,"prediction":0.1237}},{"type":"Feature","geometry":{"type":"Point","coordinates":[27.1,-14.0]},"properties":{"region":3,"fire_occurred":0,"prediction":0.1045}},{"type":"Feature","geometry":{"type":"Point","coordinates":[27.1,-13.9]},"properties":{"region":3,"fire_occurred":0,"prediction":0.1209}},{"type":"Feature","geometry":{"type":"Point","coordinates":[27.1,-13.8]},"properties":{"region":3,"fire_occurred":0,"prediction":0.1469}},{"type":"Feature","geometry":{"type":"Point","coordinates":[27.1,-13.7]},"properties":{"region":3,"fire_occurred":0,"prediction":0.1254}},{"type":"Feature","geometry":{"type":"Point","coordinates":[27.1,-13.6]},"properties":{"region":3,"fire_occurred":0,"prediction":0.1164}},{"type":"Feature","geometry":{"type":"Point","coordinates":[27.1,-13.4]},"properties":{"region":3,"fire_occurred":0,"prediction":0.1249}},{"type":"Feature","geometry":{"type":"Point","coordinates":[27.1,-13.3]},"properties":{"region":3,"fire_occurred":0,"prediction":0.1203}},{"type":"Feature","geometry":{"type":"Point","coordinates":[27.1,-12.5]},"properties":{"region":3,"fire_occurred":0,"prediction":0.115}},{"type":"Feature","geometry":{"type":"Point","coordinates":[27.1,-12.4]},"properties":{"region":3,"fire_occurred":0,"prediction":0.1606}},{"type":"Feature","geometry":{"type":"Point","coordinates":[27.1,-12.3]},"properties":{"region":3,"fire_occurred":0,"prediction":0.1623}},{"type":"Feature","geometry":{"type":"Point","coordinates":[27.1,-12.2]},"properties":{"region":3,"fire_occurred":0,"prediction":0.1964}},{"type":"Feature","geometry":{"type":"Point","coordinates":[27.1,-12.1]},"properties":{"region":3,"fire_occurred":0,"prediction":0.1671}},{"type":"Feature","geometry":{"type":"Point","coordinates":[27.1,-12.0]},"properties":{"region":3,"fire_occurred":0,"prediction":0.3362}},{"type":"Feature","geometry":{"type":"Point","coordinates":[27.1,-11.9]},"properties":{"region":3,"fire_occurred":0,"prediction":0.2414}},{"type":"Feature","geometry":{"type":"Point","coordinates":[27.1,-11.8]},"properties":{"region":3,"fire_occurred":0,"prediction":0.3335}},{"type":"Feature","geometry":{"type":"Point","coordinates":[27.1,-11.7]},"properties":{"region":3,"fire_occurred":0,"prediction":0.4106}},{"type":"Feature","geometry":{"type":"Point","coordinates":[27.1,-11.6]},"properties":{"region":3,"fire_occurred":0,"prediction":0.1692}},{"type":"Feature","geometry":{"type":"Point","coordinates":[27.1,-11.3]},"properties":{"region":3,"fire_occurred":0,"prediction":0.369}},{"type":"Feature","geometry":{"type":"Point","coordinates":[27.1,-11.2]},"properties":{"region":3,"fire_occurred":0,"prediction":0.2932}},{"type":"Feature","geometry":{"type":"Point","coordinates":[27.1,-11.1]},"properties":{"region":3,"fire_occurred":0,"prediction":0.3246}},{"type":"Feature","geometry":{"type":"Point","coordinates":[27.1,-11.0]},"properties":{"region":3,"fire_occurred":0,"prediction":0.1715}},{"type":"Feature","geometry":{"type":"Point","coordinates":[27.1,-10.8]},"properties":{"region":3,"fire_occurred":0,"prediction":0.3058}},{"type":"Feature","geometry":{"type":"Point","coordinates":[27.1,-10.7]},"properties":{"region":3,"fire_occurred":0,"prediction":0.3015}},{"type":"Feature","geometry":{"type":"Point","coordinates":[27.1,-10.6]},"properties":{"region":3,"fire_occurred":0,"prediction":0.3449}},{"type":"Feature","geometry":{"type":"Point","coordinates":[27.1,-10.5]},"properties":{"region":3,"fire_occurred":0,"prediction":0.4865}},{"type":"Feature","geometry":{"type":"Point","coordinates":[27.1,-10.4]},"properties":{"region":3,"fire_occurred":0,"prediction":0.4551}},{"type":"Feature","geometry":{"type":"Point","coordinates":[27.1,-10.3]},"properties":{"region":3,"fire_occurred":0,"prediction":0.5233}},{"type":"Feature","geometry":{"type":"Point","coordinates":[27.1,-10.2]},"properties":{"region":3,"fire_occurred":0,"prediction":0.4012}},{"type":"Feature","geometry":{"type":"Point","coordinates":[27.1,-10.1]},"properties":{"region":3,"fire_occurred":0,"prediction":0.4859}},{"type":"Feature","geometry":{"type":"Point","coordinates":[27.1,-10.0]},"properties":{"region":3,"fire_occurred":1,"prediction":0.3361}},{"type":"Feature","geometry":{"type":"Point","coordinates":[27.1,-9.9]},"properties":{"region":3,"fire_occurred":0,"prediction":0.3038}},{"type":"Feature","geometry":{"type":"Point","coordinates":[27.1,-9.8]},"properties":{"region":3,"fire_occurred":0,"prediction":0.3345}},{"type":"Feature","geometry":{"type":"Point","coordinates":[27.1,-9.7]},"properties":{"region":3,"fire_occurred":0,"prediction":0.1629}},{"type":"Feature","geometry":{"type":"Point","coordinates":[27.1,-9.6]},"properties":{"region":3,"fire_occurred":0,"prediction":0.2315}},{"type":"Feature","geometry":{"type":"Point","coordinates":[27.1,-9.5]},"properties":{"region":3,"fire_occurred":0,"prediction":0.3094}},{"type":"Feature","geometry":{"type":"Point","coordinates":[27.1,-9.4]},"properties":{"region":3,"fire_occurred":0,"prediction":0.3324}},{"type":"Feature","geometry":{"type":"Point","coordinates":[27.1,-9.3]},"properties":{"region":3,"fire_occurred":0,"prediction":0.3493}},{"type":"Feature","geometry":{"type":"Point","coordinates":[27.1,-9.2]},"properties":{"region":3,"fire_occurred":0,"prediction":0.2761}},{"type":"Feature","geometry":{"type":"Point","coordinates":[27.1,-9.1]},"properties":{"region":3,"fire_occurred":0,"prediction":0.3035}},{"type":"Feature","geometry":{"type":"Point","coordinates":[27.2,-16.6]},"properties":{"region":3,"fire_occurred":0,"prediction":0.209}},{"type":"Feature","geometry":{"type":"Point","coordinates":[27.2,-16.5]},"properties":{"region":3,"fire_occurred":0,"prediction":0.1448}},{"type":"Feature","geometry":{"type":"Point","coordinates":[27.2,-16.0]},"properties":{"region":3,"fire_occurred":0,"prediction":0.1622}},{"type":"Feature","geometry":{"type":"Point","coordinates":[27.2,-15.7]},"properties":{"region":3,"fire_occurred":0,"prediction":0.1378}},{"type":"Feature","geometry":{"type":"Point","coordinates":[27.2,-15.6]},"properties":{"region":3,"fire_occurred":0,"prediction":0.128}},{"type":"Feature","geometry":{"type":"Point","coordinates":[27.2,-15.5]},"properties":{"region":3,"fire_occurred":0,"prediction":0.3269}},{"type":"Feature","geometry":{"type":"Point","coordinates":[27.2,-15.4]},"properties":{"region":3,"fire_occurred":0,"prediction":0.3171}},{"type":"Feature","geometry":{"type":"Point","coordinates":[27.2,-15.3]},"properties":{"region":3,"fire_occurred":0,"prediction":0.223}},{"type":"Feature","geometry":{"type":"Point","coordinates":[27.2,-15.2]},"properties":{"region":3,"fire_occurred":0,"prediction":0.2426}},{"type":"Feature","geometry":{"type":"Point","coordinates":[27.2,-14.5]},"properties":{"region":3,"fire_occurred":0,"prediction":0.1415}},{"type":"Feature","geometry":{"type":"Point","coordinates":[27.2,-14.4]},"properties":{"region":3,"fire_occurred":0,"prediction":0.138}},{"type":"Feature","geometry":{"type":"Point","coordinates":[27.2,-14.2]},"properties":{"region":3,"fire_occurred":0,"prediction":0.1124}},{"type":"Feature","geometry":{"type":"Point","coordinates":[27.2,-14.0]},"properties":{"region":3,"fire_occurred":0,"prediction":0.1076}},{"type":"Feature","geometry":{"type":"Point","coordinates":[27.2,-13.9]},"properties":{"region":3,"fire_occurred":0,"prediction":0.1619}},{"type":"Feature","geometry":{"type":"Point","coordinates":[27.2,-13.7]},"properties":{"region":3,"fire_occurred":1,"prediction":0.1417}},{"type":"Feature","geometry":{"type":"Point","coordinates":[27.2,-13.4]},"properties":{"region":3,"fire_occurred":0,"prediction":0.1777}},{"type":"Feature","geometry":{"type":"Point","coordinates":[27.2,-13.3]},"properties":{"region":3,"fire_occurred":1,"prediction":0.132}},{"type":"Feature","geometry":{"type":"Point","coordinates":[27.2,-13.1]},"properties":{"region":3,"fire_occurred":0,"prediction":0.1091}},{"type":"Feature","geometry":{"type":"Point","coordinates":[27.2,-13.0]},"properties":{"region":3,"fire_occurred":0,"prediction":0.1581}},{"type":"Feature","geometry":{"type":"Point","coordinates":[27.2,-12.9]},"properties":{"region":3,"fire_occurred":0,"prediction":0.1288}},{"type":"Feature","geometry":{"type":"Point","coordinates":[27.2,-12.5]},"properties":{"region":3,"fire_occurred":0,"prediction":0.1822}},{"type":"Feature","geometry":{"type":"Point","coordinates":[27.2,-12.4]},"properties":{"region":3,"fire_occurred":0,"prediction":0.2469}},{"type":"Feature","geometry":{"type":"Point","coordinates":[27.2,-12.3]},"properties":{"region":3,"fire_occurred":0,"prediction":0.2878}},{"type":"Feature","geometry":{"type":"Point","coordinates":[27.2,-12.2]},"properties":{"region":3,"fire_occurred":0,"prediction":0.1754}},{"type":"Feature","geometry":{"type":"Point","coordinates":[27.2,-12.0]},"properties":{"region":3,"fire_occurred":0,"prediction":0.1827}},{"type":"Feature","geometry":{"type":"Point","coordinates":[27.2,-11.9]},"properties":{"region":3,"fire_occurred":0,"prediction":0.4517}},{"type":"Feature","geometry":{"type":"Point","coordinates":[27.2,-11.8]},"properties":{"region":3,"fire_occurred":0,"prediction":0.439}},{"type":"Feature","geometry":{"type":"Point","coordinates":[27.2,-11.7]},"properties":{"region":3,"fire_occurred":0,"prediction":0.5233}},{"type":"Feature","geometry":{"type":"Point","coordinates":[27.2,-11.6]},"properties":{"region":3,"fire_occurred":0,"prediction":0.4707}},{"type":"Feature","geometry":{"type":"Point","coordinates":[27.2,-11.5]},"properties":{"region":3,"fire_occurred":0,"prediction":0.2657}},{"type":"Feature","geometry":{"type":"Point","coordinates":[27.2,-11.4]},"properties":{"region":3,"fire_occurred":0,"prediction":0.3115}},{"type":"Feature","geometry":{"type":"Point","coordinates":[27.2,-11.3]},"properties":{"region":3,"fire_occurred":0,"prediction":0.2704}},{"type":"Feature","geometry":{"type":"Point","coordinates":[27.2,-11.2]},"properties":{"region":3,"fire_occurred":0,"prediction":0.2766}},{"type":"Feature","geometry":{"type":"Point","coordinates":[27.2,-11.1]},"properties":{"region":3,"fire_occurred":0,"prediction":0.4287}},{"type":"Feature","geometry":{"type":"Point","coordinates":[27.2,-11.0]},"properties":{"region":3,"fire_occurred":0,"prediction":0.1422}},{"type":"Feature","geometry":{"type":"Point","coordinates":[27.2,-10.8]},"properties":{"region":3,"fire_occurred":0,"prediction":0.2572}},{"type":"Feature","geometry":{"type":"Point","coordinates":[27.2,-10.7]},"properties":{"region":3,"fire_occurred":0,"prediction":0.3446}},{"type":"Feature","geometry":{"type":"Point","coordinates":[27.2,-10.6]},"properties":{"region":3,"fire_occurred":1,"prediction":0.446}},{"type":"Feature","geometry":{"type":"Point","coordinates":[27.2,-10.5]},"properties":{"region":3,"fire_occurred":1,"prediction":0.3465}},{"type":"Feature","geometry":{"type":"Point","coordinates":[27.2,-10.4]},"properties":{"region":3,"fire_occurred":1,"prediction":0.3451}},{"type":"Feature","geometry":{"type":"Point","coordinates":[27.2,-10.3]},"properties":{"region":3,"fire_occurred":0,"prediction":0.437}},{"type":"Feature","geometry":{"type":"Point","coordinates":[27.2,-10.2]},"properties":{"region":3,"fire_occurred":0,"prediction":0.1917}},{"type":"Feature","geometry":{"type":"Point","coordinates":[27.2,-10.1]},"properties":{"region":3,"fire_occurred":0,"prediction":0.1433}},{"type":"Feature","geometry":{"type":"Point","coordinates":[27.2,-10.0]},"properties":{"region":3,"fire_occurred":0,"prediction":0.1738}},{"type":"Feature","geometry":{"type":"Point","coordinates":[27.2,-9.9]},"properties":{"region":3,"fire_occurred":0,"prediction":0.1199}},{"type":"Feature","geometry":{"type":"Point","coordinates":[27.2,-9.8]},"properties":{"region":3,"fire_occurred":0,"prediction":0.1272}},{"type":"Feature","geometry":{"type":"Point","coordinates":[27.2,-9.7]},"properties":{"region":3,"fire_occurred":1,"prediction":0.3992}},{"type":"Feature","geometry":{"type":"Point","coordinates":[27.2,-9.6]},"properties":{"region":3,"fire_occurred":0,"prediction":0.4529}},{"type":"Feature","geometry":{"type":"Point","coordinates":[27.2,-9.5]},"properties":{"region":3,"fire_occurred":0,"prediction":0.1959}},{"type":"Feature","geometry":{"type":"Point","coordinates":[27.2,-9.4]},"properties":{"region":3,"fire_occurred":0,"prediction":0.3363}},{"type":"Feature","geometry":{"type":"Point","coordinates":[27.2,-9.3]},"properties":{"region":3,"fire_occurred":0,"prediction":0.2763}},{"type":"Feature","geometry":{"type":"Point","coordinates":[27.2,-9.2]},"properties":{"region":3,"fire_occurred":0,"prediction":0.2102}},{"type":"Feature","geometry":{"type":"Point","coordinates":[27.2,-9.1]},"properties":{"region":3,"fire_occurred":0,"prediction":0.3675}},{"type":"Feature","geometry":{"type":"Point","coordinates":[27.3,-16.7]},"properties":{"region":3,"fire_occurred":0,"prediction":0.1324}},{"type":"Feature","geometry":{"type":"Point","coordinates":[27.3,-16.6]},"properties":{"region":3,"fire_occurred":0,"prediction":0.1222}},{"type":"Feature","geometry":{"type":"Point","coordinates":[27.3,-16.5]},"properties":{"region":3,"fire_occurred":0,"prediction":0.1462}},{"type":"Feature","geometry":{"type":"Point","coordinates":[27.3,-16.0]},"properties":{"region":3,"fire_occurred":0,"prediction":0.124}},{"type":"Feature","geometry":{"type":"Point","coordinates":[27.3,-15.7]},"properties":{"region":3,"fire_occurred":0,"prediction":0.1496}},{"type":"Feature","geometry":{"type":"Point","coordinates":[27.3,-15.5]},"properties":{"region":3,"fire_occurred":0,"prediction":0.2959}},{"type":"Feature","geometry":{"type":"Point","coordinates":[27.3,-15.4]},"properties":{"region":3,"fire_occurred":0,"prediction":0.3473}},{"type":"Feature","geometry":{"type":"Point","coordinates":[27.3,-15.3]},"properties":{"region":3,"fire_occurred":0,"prediction":0.2256}},{"type":"Feature","geometry":{"type":"Point","coordinates":[27.3,-15.0]},"properties":{"region":3,"fire_occurred":0,"prediction":0.1353}},{"type":"Feature","geometry":{"type":"Point","coordinates":[27.3,-14.6]},"properties":{"region":3,"fire_occurred":0,"prediction":0.1738}},{"type":"Feature","geometry":{"type":"Point","coordinates":[27.3,-14.5]},"properties":{"region":3,"fire_occurred":0,"prediction":0.1556}},{"type":"Feature","geometry":{"type":"Point","coordinates":[27.3,-14.2]},"properties":{"region":3,"fire_occurred":0,"prediction":0.1325}},{"type":"Feature","geometry":{"type":"Point","coordinates":[27.3,-14.0]},"properties":{"region":3,"fire_occurred":0,"prediction":0.1048}},{"type":"Feature","geometry":{"type":"Point","coordinates":[27.3,-13.9]},"properties":{"region":3,"fire_occurred":0,"prediction":0.108}},{"type":"Feature","geometry":{"type":"Point","coordinates":[27.3,-13.8]},"properties":{"region":3,"fire_occurred":0,"prediction":0.1727}},{"type":"Feature","geometry":{"type":"Point","coordinates":[27.3,-13.7]},"properties":{"region":3,"fire_occurred":1,"prediction":0.1578}},{"type":"Feature","geometry":{"type":"Point","coordinates":[27.3,-13.6]},"properties":{"region":3,"fire_occurred":0,"prediction":0.1113}},{"type":"Feature","geometry":{"type":"Point","coordinates":[27.3,-13.5]},"properties":{"region":3,"fire_occurred":0,"prediction":0.1257}},{"type":"Feature","geometry":{"type":"Point","coordinates":[27.3,-13.4]},"properties":{"region":3,"fire_occurred":0,"prediction":0.2378}},{"type":"Feature","geometry":{"type":"Point","coordinates":[27.3,-13.3]},"properties":{"region":3,"fire_occurred":0,"prediction":0.1291}},{"type":"Feature","geometry":{"type":"Point","coordinates":[27.3,-13.0]},"properties":{"region":3,"fire_occurred":0,"prediction":0.1702}},{"type":"Feature","geometry":{"type":"Point","coordinates":[27.3,-12.7]},"properties":{"region":3,"fire_occurred":0,"prediction":0.1122}},{"type":"Feature","geometry":{"type":"Point","coordinates":[27.3,-12.5]},"properties":{"region":3,"fire_occurred":0,"prediction":0.1337}},{"type":"Feature","geometry":{"type":"Point","coordinates":[27.3,-12.4]},"properties":{"region":3,"fire_occurred":0,"prediction":0.2374}},{"type":"Feature","geometry":{"type":"Point","coordinates":[27.3,-12.3]},"properties":{"region":3,"fire_occurred":0,"prediction":0.1478}},{"type":"Feature","geometry":{"type":"Point","coordinates":[27.3,-12.2]},"properties":{"region":3,"fire_occurred":0,"prediction":0.1829}},{"type":"Feature","geometry":{"type":"Point","coordinates":[27.3,-12.1]},"properties":{"region":3,"fire_occurred":0,"prediction":0.3374}},{"type":"Feature","geometry":{"type":"Point","coordinates":[27.3,-12.0]},"properties":{"region":3,"fire_occurred":0,"prediction":0.2778}},{"type":"Feature","geometry":{"type":"Point","coordinates":[27.3,-11.9]},"properties":{"region":3,"fire_occurred":0,"prediction":0.4996}},{"type":"Feature","geometry":{"type":"Point","coordinates":[27.3,-11.8]},"properties":{"region":3,"fire_occurred":0,"prediction":0.3069}},{"type":"Feature","geometry":{"type":"Point","coordinates":[27.3,-11.7]},"properties":{"region":3,"fire_occurred":0,"prediction":0.4888}},{"type":"Feature","geometry":{"type":"Point","coordinates":[27.3,-11.6]},"properties":{"region":3,"fire_occurred":0,"prediction":0.4621}},{"type":"Feature","geometry":{"type":"Point","coordinates":[27.3,-11.5]},"properties":{"region":3,"fire_occurred":0,"prediction":0.5297}},{"type":"Feature","geometry":{"type":"Point","coordinates":[27.3,-11.4]},"properties":{"region":3,"fire_occurred":0,"prediction":0.4386}},{"type":"Feature","geometry":{"type":"Point","coordinates":[27.3,-11.3]},"properties":{"region":3,"fire_occurred":0,"prediction":0.1958}},{"type":"Feature","geometry":{"type":"Point","coordinates":[27.3,-11.2]},"properties":{"region":3,"fire_occurred":0,"prediction":0.108}},{"type":"Feature","geometry":{"type":"Point","coordinates":[27.3,-11.1]},"properties":{"region":3,"fire_occurred":0,"prediction":0.3697}},{"type":"Feature","geometry":{"type":"Point","coordinates":[27.3,-11.0]},"properties":{"region":3,"fire_occurred":0,"prediction":0.2522}},{"type":"Feature","geometry":{"type":"Point","coordinates":[27.3,-10.8]},"properties":{"region":3,"fire_occurred":0,"prediction":0.3098}},{"type":"Feature","geometry":{"type":"Point","coordinates":[27.3,-10.7]},"properties":{"region":3,"fire_occurred":0,"prediction":0.3542}},{"type":"Feature","geometry":{"type":"Point","coordinates":[27.3,-10.6]},"properties":{"region":3,"fire_occurred":1,"prediction":0.2991}},{"type":"Feature","geometry":{"type":"Point","coordinates":[27.3,-10.5]},"properties":{"region":3,"fire_occurred":0,"prediction":0.2369}},{"type":"Feature","geometry":{"type":"Point","coordinates":[27.3,-10.4]},"properties":{"region":3,"fire_occurred":0,"prediction":0.4141}},{"type":"Feature","geometry":{"type":"Point","coordinates":[27.3,-10.3]},"properties":{"region":3,"fire_occurred":0,"prediction":0.2502}},{"type":"Feature","geometry":{"type":"Point","coordinates":[27.3,-10.2]},"properties":{"region":3,"fire_occurred":0,"prediction":0.2647}},{"type":"Feature","geometry":{"type":"Point","coordinates":[27.3,-10.1]},"properties":{"region":3,"fire_occurred":0,"prediction":0.2567}},{"type":"Feature","geometry":{"type":"Point","coordinates":[27.3,-10.0]},"properties":{"region":3,"fire_occurred":0,"prediction":0.269}},{"type":"Feature","geometry":{"type":"Point","coordinates":[27.3,-9.9]},"properties":{"region":3,"fire_occurred":0,"prediction":0.3186}},{"type":"Feature","geometry":{"type":"Point","coordinates":[27.3,-9.8]},"properties":{"region":3,"fire_occurred":0,"prediction":0.3733}},{"type":"Feature","geometry":{"type":"Point","coordinates":[27.3,-9.7]},"properties":{"region":3,"fire_occurred":0,"prediction":0.441}},{"type":"Feature","geometry":{"type":"Point","coordinates":[27.3,-9.6]},"properties":{"region":3,"fire_occurred":0,"prediction":0.1686}},{"type":"Feature","geometry":{"type":"Point","coordinates":[27.3,-9.5]},"properties":{"region":3,"fire_occurred":0,"prediction":0.2697}},{"type":"Feature","geometry":{"type":"Point","coordinates":[27.3,-9.4]},"properties":{"region":3,"fire_occurred":0,"prediction":0.3216}},{"type":"Feature","geometry":{"type":"Point","coordinates":[27.3,-9.3]},"properties":{"region":3,"fire_occurred":0,"prediction":0.3053}},{"type":"Feature","geometry":{"type":"Point","coordinates":[27.3,-9.2]},"properties":{"region":3,"fire_occurred":0,"prediction":0.3855}},{"type":"Feature","geometry":{"type":"Point","coordinates":[27.3,-9.1]},"properties":{"region":3,"fire_occurred":0,"prediction":0.294}},{"type":"Feature","geometry":{"type":"Point","coordinates":[27.4,-16.3]},"properties":{"region":3,"fire_occurred":0,"prediction":0.1304}},{"type":"Feature","geometry":{"type":"Point","coordinates":[27.4,-16.0]},"properties":{"region":3,"fire_occurred":0,"prediction":0.1657}},{"type":"Feature","geometry":{"type":"Point","coordinates":[27.4,-15.9]},"properties":{"region":3,"fire_occurred":0,"prediction":0.1102}},{"type":"Feature","geometry":{"type":"Point","coordinates":[27.4,-15.8]},"properties":{"region":3,"fire_occurred":0,"prediction":0.1331}},{"type":"Feature","geometry":{"type":"Point","coordinates":[27.4,-15.7]},"properties":{"region":3,"fire_occurred":0,"prediction":0.1664}},{"type":"Feature","geometry":{"type":"Point","coordinates":[27.4,-15.6]},"properties":{"region":3,"fire_occurred":0,"prediction":0.1445}},{"type":"Feature","geometry":{"type":"Point","coordinates":[27.4,-15.5]},"properties":{"region":3,"fire_occurred":0,"prediction":0.4168}},{"type":"Feature","geometry":{"type":"Point","coordinates":[27.4,-15.4]},"properties":{"region":3,"fire_occurred":0,"prediction":0.2026}},{"type":"Feature","geometry":{"type":"Point","coordinates":[27.4,-15.0]},"properties":{"region":3,"fire_occurred":0,"prediction":0.1909}},{"type":"Feature","geometry":{"type":"Point","coordinates":[27.4,-14.4]},"properties":{"region":3,"fire_occurred":0,"prediction":0.1056}},{"type":"Feature","geometry":{"type":"Point","coordinates":[27.4,-14.3]},"properties":{"region":3,"fire_occurred":0,"prediction":0.1711}},{"type":"Feature","geometry":{"type":"Point","coordinates":[27.4,-14.2]},"properties":{"region":3,"fire_occurred":0,"prediction":0.1608}},{"type":"Feature","geometry":{"type":"Point","coordinates":[27.4,-13.9]},"properties":{"region":3,"fire_occurred":0,"prediction":0.2743}},{"type":"Feature","geometry":{"type":"Point","coordinates":[27.4,-13.7]},"properties":{"region":3,"fire_occurred":0,"prediction":0.1537}},{"type":"Feature","geometry":{"type":"Point","coordinates":[27.4,-13.6]},"properties":{"region":3,"fire_occurred":0,"prediction":0.1426}},{"type":"Feature","geometry":{"type":"Point","coordinates":[27.4,-13.5]},"properties":{"region":3,"fire_occurred":0,"prediction":0.1212}},{"type":"Feature","geometry":{"type":"Point","coordinates":[27.4,-13.4]},"properties":{"region":3,"fire_occurred":0,"prediction":0.1131}},{"type":"Feature","geometry":{"type":"Point","coordinates":[27.4,-13.0]},"properties":{"region":3,"fire_occurred":0,"prediction":0.1243}},{"type":"Feature","geometry":{"type":"Point","coordinates":[27.4,-12.8]},"properties":{"region":3,"fire_occurred":0,"prediction":0.1136}},{"type":"Feature","geometry":{"type":"Point","coordinates":[27.4,-12.7]},"properties":{"region":3,"fire_occurred":0,"prediction":0.1743}},{"type":"Feature","geometry":{"type":"Point","coordinates":[27.4,-12.6]},"properties":{"region":3,"fire_occurred":0,"prediction":0.268}},{"type":"Feature","geometry":{"type":"Point","coordinates":[27.4,-12.5]},"properties":{"region":3,"fire_occurred":0,"prediction":0.2365}},{"type":"Feature","geometry":{"type":"Point","coordinates":[27.4,-12.4]},"properties":{"region":3,"fire_occurred":0,"prediction":0.2092}},{"type":"Feature","geometry":{"type":"Point","coordinates":[27.4,-12.3]},"properties":{"region":3,"fire_occurred":0,"prediction":0.2004}},{"type":"Feature","geometry":{"type":"Point","coordinates":[27.4,-12.2]},"properties":{"region":3,"fire_occurred":0,"prediction":0.2599}},{"type":"Feature","geometry":{"type":"Point","coordinates":[27.4,-12.1]},"properties":{"region":3,"fire_occurred":0,"prediction":0.3664}},{"type":"Feature","geometry":{"type":"Point","coordinates":[27.4,-12.0]},"properties":{"region":3,"fire_occurred":0,"prediction":0.4346}},{"type":"Feature","geometry":{"type":"Point","coordinates":[27.4,-11.9]},"properties":{"region":3,"fire_occurred":0,"prediction":0.2895}},{"type":"Feature","geometry":{"type":"Point","coordinates":[27.4,-11.6]},"properties":{"region":3,"fire_occurred":1,"prediction":0.307}},{"type":"Feature","geometry":{"type":"Point","coordinates":[27.4,-11.5]},"properties":{"region":3,"fire_occurred":1,"prediction":0.3854}},{"type":"Feature","geometry":{"type":"Point","coordinates":[27.4,-11.4]},"properties":{"region":3,"fire_occurred":0,"prediction":0.4858}},{"type":"Feature","geometry":{"type":"Point","coordinates":[27.4,-11.3]},"properties":{"region":3,"fire_occurred":0,"prediction":0.2118}},{"type":"Feature","geometry":{"type":"Point","coordinates":[27.4,-11.2]},"properties":{"region":3,"fire_occurred":0,"prediction":0.272}},{"type":"Feature","geometry":{"type":"Point","coordinates":[27.4,-11.1]},"properties":{"region":3,"fire_occurred":0,"prediction":0.3048}},{"type":"Feature","geometry":{"type":"Point","coordinates":[27.4,-11.0]},"properties":{"region":3,"fire_occurred":0,"prediction":0.1471}},{"type":"Feature","geometry":{"type":"Point","coordinates":[27.4,-10.8]},"properties":{"region":3,"fire_occurred":0,"prediction":0.3302}},{"type":"Feature","geometry":{"type":"Point","coordinates":[27.4,-10.7]},"properties":{"region":3,"fire_occurred":0,"prediction":0.3304}},{"type":"Feature","geometry":{"type":"Point","coordinates":[27.4,-10.6]},"properties":{"region":3,"fire_occurred":0,"prediction":0.2458}},{"type":"Feature","geometry":{"type":"Point","coordinates":[27.4,-10.5]},"properties":{"region":3,"fire_occurred":0,"prediction":0.2589}},{"type":"Feature","geometry":{"type":"Point","coordinates":[27.4,-10.4]},"properties":{"region":3,"fire_occurred":0,"prediction":0.1675}},{"type":"Feature","geometry":{"type":"Point","coordinates":[27.4,-10.3]},"properties":{"region":3,"fire_occurred":0,"prediction":0.2177}},{"type":"Feature","geometry":{"type":"Point","coordinates":[27.4,-10.2]},"properties":{"region":3,"fire_occurred":0,"prediction":0.2919}},{"type":"Feature","geometry":{"type":"Point","coordinates":[27.4,-10.1]},"properties":{"region":3,"fire_occurred":0,"prediction":0.1806}},{"type":"Feature","geometry":{"type":"Point","coordinates":[27.4,-10.0]},"properties":{"region":3,"fire_occurred":0,"prediction":0.3794}},{"type":"Feature","geometry":{"type":"Point","coordinates":[27.4,-9.9]},"properties":{"region":3,"fire_occurred":0,"prediction":0.2214}},{"type":"Feature","geometry":{"type":"Point","coordinates":[27.4,-9.6]},"properties":{"region":3,"fire_occurred":0,"prediction":0.1073}},{"type":"Feature","geometry":{"type":"Point","coordinates":[27.4,-9.5]},"properties":{"region":3,"fire_occurred":0,"prediction":0.1082}},{"type":"Feature","geometry":{"type":"Point","coordinates":[27.4,-9.4]},"properties":{"region":3,"fire_occurred":0,"prediction":0.1865}},{"type":"Feature","geometry":{"type":"Point","coordinates":[27.4,-9.3]},"properties":{"region":3,"fire_occurred":0,"prediction":0.1148}},{"type":"Feature","geometry":{"type":"Point","coordinates":[27.4,-9.2]},"properties":{"region":3,"fire_occurred":0,"prediction":0.2498}},{"type":"Feature","geometry":{"type":"Point","coordinates":[27.4,-9.1]},"properties":{"region":3,"fire_occurred":0,"prediction":0.3892}},{"type":"Feature","geometry":{"type":"Point","coordinates":[27.5,-16.2]},"properties":{"region":3,"fire_occurred":0,"prediction":0.1088}},{"type":"Feature","geometry":{"type":"Point","coordinates":[27.5,-16.1]},"properties":{"region":3,"fire_occurred":0,"prediction":0.1517}},{"type":"Feature","geometry":{"type":"Point","coordinates":[27.5,-16.0]},"properties":{"region":3,"fire_occurred":0,"prediction":0.1392}},{"type":"Feature","geometry":{"type":"Point","coordinates":[27.5,-15.9]},"properties":{"region":3,"fire_occurred":0,"prediction":0.1238}},{"type":"Feature","geometry":{"type":"Point","coordinates":[27.5,-15.8]},"properties":{"region":3,"fire_occurred":0,"prediction":0.1145}},{"type":"Feature","geometry":{"type":"Point","coordinates":[27.5,-15.7]},"properties":{"region":3,"fire_occurred":0,"prediction":0.1818}},{"type":"Feature","geometry":{"type":"Point","coordinates":[27.5,-15.6]},"properties":{"region":3,"fire_occurred":0,"prediction":0.1593}},{"type":"Feature","geometry":{"type":"Point","coordinates":[27.5,-15.5]},"properties":{"region":3,"fire_occurred":0,"prediction":0.2693}},{"type":"Feature","geometry":{"type":"Point","coordinates":[27.5,-15.4]},"properties":{"region":3,"fire_occurred":0,"prediction":0.2773}},{"type":"Feature","geometry":{"type":"Point","coordinates":[27.5,-15.3]},"properties":{"region":3,"fire_occurred":0,"prediction":0.2913}},{"type":"Feature","geometry":{"type":"Point","coordinates":[27.5,-15.2]},"properties":{"region":3,"fire_occurred":0,"prediction":0.1391}},{"type":"Feature","geometry":{"type":"Point","coordinates":[27.5,-15.0]},"properties":{"region":3,"fire_occurred":0,"prediction":0.1757}},{"type":"Feature","geometry":{"type":"Point","coordinates":[27.5,-14.6]},"properties":{"region":3,"fire_occurred":0,"prediction":0.2559}},{"type":"Feature","geometry":{"type":"Point","coordinates":[27.5,-14.3]},"properties":{"region":3,"fire_occurred":0,"prediction":0.1}},{"type":"Feature","geometry":{"type":"Point","coordinates":[27.5,-14.2]},"properties":{"region":3,"fire_occurred":0,"prediction":0.3253}},{"type":"Feature","geometry":{"type":"Point","coordinates":[27.5,-14.1]},"properties":{"region":3,"fire_occurred":0,"prediction":0.2574}},{"type":"Feature","geometry":{"type":"Point","coordinates":[27.5,-13.7]},"properties":{"region":3,"fire_occurred":0,"prediction":0.1613}},{"type":"Feature","geometry":{"type":"Point","coordinates":[27.5,-13.6]},"properties":{"region":3,"fire_occurred":0,"prediction":0.1145}},{"type":"Feature","geometry":{"type":"Point","coordinates":[27.5,-13.5]},"properties":{"region":3,"fire_occurred":0,"prediction":0.1234}},{"type":"Feature","geometry":{"type":"Point","coordinates":[27.5,-13.4]},"properties":{"region":3,"fire_occurred":0,"prediction":0.1644}},{"type":"Feature","geometry":{"type":"Point","coordinates":[27.5,-13.3]},"properties":{"region":3,"fire_occurred":0,"prediction":0.1094}},{"type":"Feature","geometry":{"type":"Point","coordinates":[27.5,-13.0]},"properties":{"region":3,"fire_occurred":0,"prediction":0.1425}},{"type":"Feature","geometry":{"type":"Point","coordinates":[27.5,-12.9]},"properties":{"region":3,"fire_occurred":0,"prediction":0.1082}},{"type":"Feature","geometry":{"type":"Point","coordinates":[27.5,-12.7]},"properties":{"region":3,"fire_occurred":0,"prediction":0.1046}},{"type":"Feature","geometry":{"type":"Point","coordinates":[27.5,-12.6]},"properties":{"region":3,"fire_occurred":0,"prediction":0.143}},{"type":"Feature","geometry":{"type":"Point","coordinates":[27.5,-12.5]},"properties":{"region":3,"fire_occurred":0,"prediction":0.2195}},{"type":"Feature","geometry":{"type":"Point","coordinates":[27.5,-12.4]},"properties":{"region":3,"fire_occurred":0,"prediction":0.2709}},{"type":"Feature","geometry":{"type":"Point","coordinates":[27.5,-12.3]},"properties":{"region":3,"fire_occurred":0,"prediction":0.2132}},{"type":"Feature","geometry":{"type":"Point","coordinates":[27.5,-12.2]},"properties":{"region":3,"fire_occurred":0,"prediction":0.2007}},{"type":"Feature","geometry":{"type":"Point","coordinates":[27.5,-12.1]},"properties":{"region":3,"fire_occurred":0,"prediction":0.365}},{"type":"Feature","geometry":{"type":"Point","coordinates":[27.5,-12.0]},"properties":{"region":3,"fire_occurred":0,"prediction":0.2179}},{"type":"Feature","geometry":{"type":"Point","coordinates":[27.5,-11.9]},"properties":{"region":3,"fire_occurred":0,"prediction":0.2438}},{"type":"Feature","geometry":{"type":"Point","coordinates":[27.5,-11.7]},"properties":{"region":3,"fire_occurred":0,"prediction":0.1371}},{"type":"Feature","geometry":{"type":"Point","coordinates":[27.5,-11.6]},"properties":{"region":3,"fire_occurred":0,"prediction":0.3583}},{"type":"Feature","geometry":{"type":"Point","coordinates":[27.5,-11.5]},"properties":{"region":3,"fire_occurred":0,"prediction":0.3701}},{"type":"Feature","geometry":{"type":"Point","coordinates":[27.5,-11.4]},"properties":{"region":3,"fire_occurred":0,"prediction":0.4204}},{"type":"Feature","geometry":{"type":"Point","coordinates":[27.5,-11.3]},"properties":{"region":3,"fire_occurred":0,"prediction":0.2463}},{"type":"Feature","geometry":{"type":"Point","coordinates":[27.5,-11.2]},"properties":{"region":3,"fire_occurred":0,"prediction":0.2408}},{"type":"Feature","geometry":{"type":"Point","coordinates":[27.5,-11.1]},"properties":{"region":3,"fire_occurred":0,"prediction":0.2745}},{"type":"Feature","geometry":{"type":"Point","coordinates":[27.5,-11.0]},"properties":{"region":3,"fire_occurred":0,"prediction":0.1745}},{"type":"Feature","geometry":{"type":"Point","coordinates":[27.5,-10.9]},"properties":{"region":3,"fire_occurred":0,"prediction":0.113}},{"type":"Feature","geometry":{"type":"Point","coordinates":[27.5,-10.8]},"properties":{"region":3,"fire_occurred":0,"prediction":0.2304}},{"type":"Feature","geometry":{"type":"Point","coordinates":[27.5,-10.7]},"properties":{"region":3,"fire_occurred":0,"prediction":0.3489}},{"type":"Feature","geometry":{"type":"Point","coordinates":[27.5,-10.6]},"properties":{"region":3,"fire_occurred":0,"prediction":0.3352}},{"type":"Feature","geometry":{"type":"Point","coordinates":[27.5,-10.5]},"properties":{"region":3,"fire_occurred":0,"prediction":0.1826}},{"type":"Feature","geometry":{"type":"Point","coordinates":[27.5,-10.0]},"properties":{"region":3,"fire_occurred":0,"prediction":0.2066}},{"type":"Feature","geometry":{"type":"Point","coordinates":[27.5,-9.8]},"properties":{"region":3,"fire_occurred":0,"prediction":0.1776}},{"type":"Feature","geometry":{"type":"Point","coordinates":[27.5,-9.7]},"properties":{"region":3,"fire_occurred":0,"prediction":0.1891}},{"type":"Feature","geometry":{"type":"Point","coordinates":[27.5,-9.6]},"properties":{"region":3,"fire_occurred":1,"prediction":0.0493}},{"type":"Feature","geometry":{"type":"Point","coordinates":[27.5,-9.4]},"properties":{"region":3,"fire_occurred":0,"prediction":0.1027}},{"type":"Feature","geometry":{"type":"Point","coordinates":[27.5,-9.3]},"properties":{"region":3,"fire_occurred":0,"prediction":0.1265}},{"type":"Feature","geometry":{"type":"Point","coordinates":[27.5,-9.2]},"properties":{"region":3,"fire_occurred":0,"prediction":0.1173}},{"type":"Feature","geometry":{"type":"Point","coordinates":[27.5,-9.1]},"properties":{"region":3,"fire_occurred":0,"prediction":0.3284}},{"type":"Feature","geometry":{"type":"Point","coordinates":[27.6,-15.9]},"properties":{"region":3,"fire_occurred":0,"prediction":0.1434}},{"type":"Feature","geometry":{"type":"Point","coordinates":[27.6,-15.8]},"properties":{"region":3,"fire_occurred":0,"prediction":0.1071}},{"type":"Feature","geometry":{"type":"Point","coordinates":[27.6,-15.7]},"properties":{"region":3,"fire_occurred":0,"prediction":0.1199}},{"type":"Feature","geometry":{"type":"Point","coordinates":[27.6,-15.6]},"properties":{"region":3,"fire_occurred":0,"prediction":0.1096}},{"type":"Feature","geometry":{"type":"Point","coordinates":[27.6,-15.5]},"properties":{"region":3,"fire_occurred":0,"prediction":0.2464}},{"type":"Feature","geometry":{"type":"Point","coordinates":[27.6,-15.4]},"properties":{"region":3,"fire_occurred":0,"prediction":0.3143}},{"type":"Feature","geometry":{"type":"Point","coordinates":[27.6,-15.2]},"properties":{"region":3,"fire_occurred":0,"prediction":0.1205}},{"type":"Feature","geometry":{"type":"Point","coordinates":[27.6,-15.1]},"properties":{"region":3,"fire_occurred":0,"prediction":0.1549}},{"type":"Feature","geometry":{"type":"Point","coordinates":[27.6,-15.0]},"properties":{"region":3,"fire_occurred":1,"prediction":0.0657}},{"type":"Feature","geometry":{"type":"Point","coordinates":[27.6,-14.2]},"properties":{"region":3,"fire_occurred":0,"prediction":0.1032}},{"type":"Feature","geometry":{"type":"Point","coordinates":[27.6,-14.0]},"properties":{"region":3,"fire_occurred":0,"prediction":0.2298}},{"type":"Feature","geometry":{"type":"Point","coordinates":[27.6,-13.8]},"properties":{"region":3,"fire_occurred":0,"prediction":0.1997}},{"type":"Feature","geometry":{"type":"Point","coordinates":[27.6,-13.7]},"properties":{"region":3,"fire_occurred":0,"prediction":0.1496}},{"type":"Feature","geometry":{"type":"Point","coordinates":[27.6,-13.6]},"properties":{"region":3,"fire_occurred":0,"prediction":0.1099}},{"type":"Feature","geometry":{"type":"Point","coordinates":[27.6,-13.5]},"properties":{"region":3,"fire_occurred":0,"prediction":0.1541}},{"type":"Feature","geometry":{"type":"Point","coordinates":[27.6,-13.4]},"properties":{"region":3,"fire_occurred":0,"prediction":0.1058}},{"type":"Feature","geometry":{"type":"Point","coordinates":[27.6,-13.3]},"properties":{"region":3,"fire_occurred":0,"prediction":0.11}},{"type":"Feature","geometry":{"type":"Point","coordinates":[27.6,-12.7]},"properties":{"region":3,"fire_occurred":0,"prediction":0.1738}},{"type":"Feature","geometry":{"type":"Point","coordinates":[27.6,-12.6]},"properties":{"region":3,"fire_occurred":0,"prediction":0.2678}},{"type":"Feature","geometry":{"type":"Point","coordinates":[27.6,-12.5]},"properties":{"region":3,"fire_occurred":0,"prediction":0.2768}},{"type":"Feature","geometry":{"type":"Point","coordinates":[27.6,-12.4]},"properties":{"region":3,"fire_occurred":0,"prediction":0.1755}},{"type":"Feature","geometry":{"type":"Point","coordinates":[27.6,-12.3]},"properties":{"region":3,"fire_occurred":0,"prediction":0.281}},{"type":"Feature","geometry":{"type":"Point","coordinates":[27.6,-12.2]},"properties":{"region":3,"fire_occurred":0,"prediction":0.1637}},{"type":"Feature","geometry":{"type":"Point","coordinates":[27.6,-12.0]},"properties":{"region":3,"fire_occurred":0,"prediction":0.208}},{"type":"Feature","geometry":{"type":"Point","coordinates":[27.6,-11.8]},"properties":{"region":3,"fire_occurred":0,"prediction":0.1223}},{"type":"Feature","geometry":{"type":"Point","coordinates":[27.6,-11.7]},"properties":{"region":3,"fire_occurred":0,"prediction":0.3787}},{"type":"Feature","geometry":{"type":"Point","coordinates":[27.6,-11.6]},"properties":{"region":3,"fire_occurred":0,"prediction":0.3235}},{"type":"Feature","geometry":{"type":"Point","coordinates":[27.6,-11.5]},"properties":{"region":3,"fire_occurred":0,"prediction":0.296}},{"type":"Feature","geometry":{"type":"Point","coordinates":[27.6,-11.4]},"properties":{"region":3,"fire_occurred":0,"prediction":0.3949}},{"type":"Feature","geometry":{"type":"Point","coordinates":[27.6,-11.3]},"properties":{"region":3,"fire_occurred":0,"prediction":0.2727}},{"type":"Feature","geometry":{"type":"Point","coordinates":[27.6,-11.1]},"properties":{"region":3,"fire_occurred":0,"prediction":0.2084}},{"type":"Feature","geometry":{"type":"Point","coordinates":[27.6,-11.0]},"properties":{"region":3,"fire_occurred":0,"prediction":0.1117}},{"type":"Feature","geometry":{"type":"Point","coordinates":[27.6,-10.9]},"properties":{"region":3,"fire_occurred":0,"prediction":0.2795}},{"type":"Feature","geometry":{"type":"Point","coordinates":[27.6,-10.8]},"properties":{"region":3,"fire_occurred":0,"prediction":0.2482}},{"type":"Feature","geometry":{"type":"Point","coordinates":[27.6,-10.7]},"properties":{"region":3,"fire_occurred":0,"prediction":0.2656}},{"type":"Feature","geometry":{"type":"Point","coordinates":[27.6,-10.0]},"properties":{"region":3,"fire_occurred":0,"prediction":0.1881}},{"type":"Feature","geometry":{"type":"Point","coordinates":[27.6,-9.8]},"properties":{"region":3,"fire_occurred":0,"prediction":0.1324}},{"type":"Feature","geometry":{"type":"Point","coordinates":[27.6,-9.7]},"properties":{"region":3,"fire_occurred":0,"prediction":0.1745}},{"type":"Feature","geometry":{"type":"Point","coordinates":[27.6,-9.6]},"properties":{"region":3,"fire_occurred":1,"prediction":0.1741}},{"type":"Feature","geometry":{"type":"Point","coordinates":[27.6,-9.5]},"properties":{"region":3,"fire_occurred":0,"prediction":0.15}},{"type":"Feature","geometry":{"type":"Point","coordinates":[27.6,-9.4]},"properties":{"region":3,"fire_occurred":0,"prediction":0.2319}},{"type":"Feature","geometry":{"type":"Point","coordinates":[27.6,-9.3]},"properties":{"region":3,"fire_occurred":0,"prediction":0.1169}},{"type":"Feature","geometry":{"type":"Point","coordinates":[27.6,-9.1]},"properties":{"region":3,"fire_occurred":0,"prediction":0.2342}},{"type":"Feature","geometry":{"type":"Point","coordinates":[27.7,-16.0]},"properties":{"region":3,"fire_occurred":0,"prediction":0.1195}},{"type":"Feature","geometry":{"type":"Point","coordinates":[27.7,-15.9]},"properties":{"region":3,"fire_occurred":0,"prediction":0.1136}},{"type":"Feature","geometry":{"type":"Point","coordinates":[27.7,-15.7]},"properties":{"region":3,"fire_occurred":0,"prediction":0.1014}},{"type":"Feature","geometry":{"type":"Point","coordinates":[27.7,-15.6]},"properties":{"region":3,"fire_occurred":0,"prediction":0.1788}},{"type":"Feature","geometry":{"type":"Point","coordinates":[27.7,-15.5]},"properties":{"region":3,"fire_occurred":0,"prediction":0.1376}},{"type":"Feature","geometry":{"type":"Point","coordinates":[27.7,-15.4]},"properties":{"region":3,"fire_occurred":0,"prediction":0.1481}},{"type":"Feature","geometry":{"type":"Point","coordinates":[27.7,-15.3]},"properties":{"region":3,"fire_occurred":0,"prediction":0.1196}},{"type":"Feature","geometry":{"type":"Point","coordinates":[27.7,-15.2]},"properties":{"region":3,"fire_occurred":0,"prediction":0.1499}},{"type":"Feature","geometry":{"type":"Point","coordinates":[27.7,-15.1]},"properties":{"region":3,"fire_occurred":0,"prediction":0.1564}},{"type":"Feature","geometry":{"type":"Point","coordinates":[27.7,-14.7]},"properties":{"region":3,"fire_occurred":0,"prediction":0.1859}},{"type":"Feature","geometry":{"type":"Point","coordinates":[27.7,-14.2]},"properties":{"region":3,"fire_occurred":0,"prediction":0.3767}},{"type":"Feature","geometry":{"type":"Point","coordinates":[27.7,-14.1]},"properties":{"region":3,"fire_occurred":0,"prediction":0.2262}},{"type":"Feature","geometry":{"type":"Point","coordinates":[27.7,-13.5]},"properties":{"region":3,"fire_occurred":0,"prediction":0.2089}},{"type":"Feature","geometry":{"type":"Point","coordinates":[27.7,-13.4]},"properties":{"region":3,"fire_occurred":0,"prediction":0.1302}},{"type":"Feature","geometry":{"type":"Point","coordinates":[27.7,-13.3]},"properties":{"region":3,"fire_occurred":0,"prediction":0.1192}},{"type":"Feature","geometry":{"type":"Point","coordinates":[27.7,-13.0]},"properties":{"region":3,"fire_occurred":0,"prediction":0.1227}},{"type":"Feature","geometry":{"type":"Point","coordinates":[27.7,-12.9]},"properties":{"region":3,"fire_occurred":0,"prediction":0.2071}},{"type":"Feature","geometry":{"type":"Point","coordinates":[27.7,-12.8]},"properties":{"region":3,"fire_occurred":0,"prediction":0.2644}},{"type":"Feature","geometry":{"type":"Point","coordinates":[27.7,-12.6]},"properties":{"region":3,"fire_occurred":0,"prediction":0.1399}},{"type":"Feature","geometry":{"type":"Point","coordinates":[27.7,-12.5]},"properties":{"region":3,"fire_occurred":0,"prediction":0.1921}},{"type":"Feature","geometry":{"type":"Point","coordinates":[27.7,-12.4]},"properties":{"region":3,"fire_occurred":0,"prediction":0.2828}},{"type":"Feature","geometry":{"type":"Point","coordinates":[27.7,-12.3]},"properties":{"region":3,"fire_occurred":0,"prediction":0.2938}},{"type":"Feature","geometry":{"type":"Point","coordinates":[27.7,-12.2]},"properties":{"region":3,"fire_occurred":0,"prediction":0.4788}},{"type":"Feature","geometry":{"type":"Point","coordinates":[27.7,-12.1]},"properties":{"region":3,"fire_occurred":0,"prediction":0.1583}},{"type":"Feature","geometry":{"type":"Point","coordinates":[27.7,-12.0]},"properties":{"region":3,"fire_occurred":0,"prediction":0.1434}},{"type":"Feature","geometry":{"type":"Point","coordinates":[27.7,-11.9]},"properties":{"region":3,"fire_occurred":0,"prediction":0.2411}},{"type":"Feature","geometry":{"type":"Point","coordinates":[27.7,-11.8]},"properties":{"region":3,"fire_occurred":0,"prediction":0.1551}},{"type":"Feature","geometry":{"type":"Point","coordinates":[27.7,-11.7]},"properties":{"region":3,"fire_occurred":0,"prediction":0.3029}},{"type":"Feature","geometry":{"type":"Point","coordinates":[27.7,-11.6]},"properties":{"region":3,"fire_occurred":0,"prediction":0.3077}},{"type":"Feature","geometry":{"type":"Point","coordinates":[27.7,-11.5]},"properties":{"region":3,"fire_occurred":0,"prediction":0.3837}},{"type":"Feature","geometry":{"type":"Point","coordinates":[27.7,-11.4]},"properties":{"region":3,"fire_occurred":0,"prediction":0.3752}},{"type":"Feature","geometry":{"type":"Point","coordinates":[27.7,-11.3]},"properties":{"region":3,"fire_occurred":0,"prediction":0.3631}},{"type":"Feature","geometry":{"type":"Point","coordinates":[27.7,-11.2]},"properties":{"region":3,"fire_occurred":0,"prediction":0.1251}},{"type":"Feature","geometry":{"type":"Point","coordinates":[27.7,-11.1]},"properties":{"region":3,"fire_occurred":0,"prediction":0.2333}},{"type":"Feature","geometry":{"type":"Point","coordinates":[27.7,-10.8]},"properties":{"region":3,"fire_occurred":0,"prediction":0.1472}},{"type":"Feature","geometry":{"type":"Point","coordinates":[27.7,-10.6]},"properties":{"region":3,"fire_occurred":0,"prediction":0.1053}},{"type":"Feature","geometry":{"type":"Point","coordinates":[27.7,-10.4]},"properties":{"region":3,"fire_occurred":0,"prediction":0.1109}},{"type":"Feature","geometry":{"type":"Point","coordinates":[27.7,-10.3]},"properties":{"region":3,"fire_occurred":0,"prediction":0.1294}},{"type":"Feature","geometry":{"type":"Point","coordinates":[27.7,-10.2]},"properties":{"region":3,"fire_occurred":0,"prediction":0.1359}},{"type":"Feature","geometry":{"type":"Point","coordinates":[27.7,-10.0]},"properties":{"region":3,"fire_occurred":0,"prediction":0.1054}},{"type":"Feature","geometry":{"type":"Point","coordinates":[27.7,-9.8]},"properties":{"region":3,"fire_occurred":0,"prediction":0.2459}},{"type":"Feature","geometry":{"type":"Point","coordinates":[27.7,-9.6]},"properties":{"region":3,"fire_occurred":0,"prediction":0.1939}},{"type":"Feature","geometry":{"type":"Point","coordinates":[27.7,-9.5]},"properties":{"region":3,"fire_occurred":1,"prediction":0.1567}},{"type":"Feature","geometry":{"type":"Point","coordinates":[27.7,-9.3]},"properties":{"region":3,"fire_occurred":0,"prediction":0.1281}},{"type":"Feature","geometry":{"type":"Point","coordinates":[27.7,-9.2]},"properties":{"region":3,"fire_occurred":0,"prediction":0.1508}},{"type":"Feature","geometry":{"type":"Point","coordinates":[27.8,-16.0]},"properties":{"region":3,"fire_occurred":0,"prediction":0.1222}},{"type":"Feature","geometry":{"type":"Point","coordinates":[27.8,-15.9]},"properties":{"region":3,"fire_occurred":0,"prediction":0.1103}},{"type":"Feature","geometry":{"type":"Point","coordinates":[27.8,-15.8]},"properties":{"region":3,"fire_occurred":0,"prediction":0.1051}},{"type":"Feature","geometry":{"type":"Point","coordinates":[27.8,-15.6]},"properties":{"region":3,"fire_occurred":0,"prediction":0.2348}},{"type":"Feature","geometry":{"type":"Point","coordinates":[27.8,-15.5]},"properties":{"region":3,"fire_occurred":0,"prediction":0.1497}},{"type":"Feature","geometry":{"type":"Point","coordinates":[27.8,-15.4]},"properties":{"region":3,"fire_occurred":0,"prediction":0.2099}},{"type":"Feature","geometry":{"type":"Point","coordinates":[27.8,-15.3]},"properties":{"region":3,"fire_occurred":0,"prediction":0.1392}},{"type":"Feature","geometry":{"type":"Point","coordinates":[27.8,-15.2]},"properties":{"region":3,"fire_occurred":0,"prediction":0.2058}},{"type":"Feature","geometry":{"type":"Point","coordinates":[27.8,-14.7]},"properties":{"region":3,"fire_occurred":0,"prediction":0.1825}},{"type":"Feature","geometry":{"type":"Point","coordinates":[27.8,-14.2]},"properties":{"region":3,"fire_occurred":0,"prediction":0.1331}},{"type":"Feature","geometry":{"type":"Point","coordinates":[27.8,-14.1]},"properties":{"region":3,"fire_occurred":0,"prediction":0.1508}},{"type":"Feature","geometry":{"type":"Point","coordinates":[27.8,-14.0]},"properties":{"region":3,"fire_occurred":0,"prediction":0.125}},{"type":"Feature","geometry":{"type":"Point","coordinates":[27.8,-13.8]},"properties":{"region":3,"fire_occurred":0,"prediction":0.1003}},{"type":"Feature","geometry":{"type":"Point","coordinates":[27.8,-13.7]},"properties":{"region":3,"fire_occurred":0,"prediction":0.2148}},{"type":"Feature","geometry":{"type":"Point","coordinates":[27.8,-13.5]},"properties":{"region":3,"fire_occurred":0,"prediction":0.1603}},{"type":"Feature","geometry":{"type":"Point","coordinates":[27.8,-13.4]},"properties":{"region":3,"fire_occurred":0,"prediction":0.2217}},{"type":"Feature","geometry":{"type":"Point","coordinates":[27.8,-13.0]},"properties":{"region":3,"fire_occurred":0,"prediction":0.1592}},{"type":"Feature","geometry":{"type":"Point","coordinates":[27.8,-12.9]},"properties":{"region":3,"fire_occurred":0,"prediction":0.3453}},{"type":"Feature","geometry":{"type":"Point","coordinates":[27.8,-12.8]},"properties":{"region":3,"fire_occurred":0,"prediction":0.2279}},{"type":"Feature","geometry":{"type":"Point","coordinates":[27.8,-12.7]},"properties":{"region":3,"fire_occurred":0,"prediction":0.1526}},{"type":"Feature","geometry":{"type":"Point","coordinates":[27.8,-12.6]},"properties":{"region":3,"fire_occurred":0,"prediction":0.2966}},{"type":"Feature","geometry":{"type":"Point","coordinates":[27.8,-12.5]},"properties":{"region":3,"fire_occurred":0,"prediction":0.4326}},{"type":"Feature","geometry":{"type":"Point","coordinates":[27.8,-12.4]},"properties":{"region":3,"fire_occurred":0,"prediction":0.112}},{"type":"Feature","geometry":{"type":"Point","coordinates":[27.8,-12.3]},"properties":{"region":3,"fire_occurred":0,"prediction":0.2894}},{"type":"Feature","geometry":{"type":"Point","coordinates":[27.8,-12.2]},"properties":{"region":3,"fire_occurred":0,"prediction":0.2675}},{"type":"Feature","geometry":{"type":"Point","coordinates":[27.8,-11.9]},"properties":{"region":3,"fire_occurred":0,"prediction":0.184}},{"type":"Feature","geometry":{"type":"Point","coordinates":[27.8,-11.8]},"properties":{"region":3,"fire_occurred":0,"prediction":0.266}},{"type":"Feature","geometry":{"type":"Point","coordinates":[27.8,-11.5]},"properties":{"region":3,"fire_occurred":0,"prediction":0.2181}},{"type":"Feature","geometry":{"type":"Point","coordinates":[27.8,-11.4]},"properties":{"region":3,"fire_occurred":0,"prediction":0.4383}},{"type":"Feature","geometry":{"type":"Point","coordinates":[27.8,-11.3]},"properties":{"region":3,"fire_occurred":0,"prediction":0.3961}},{"type":"Feature","geometry":{"type":"Point","coordinates":[27.8,-11.2]},"properties":{"region":3,"fire_occurred":0,"prediction":0.1605}},{"type":"Feature","geometry":{"type":"Point","coordinates":[27.8,-11.1]},"properties":{"region":3,"fire_occurred":0,"prediction":0.1047}},{"type":"Feature","geometry":{"type":"Point","coordinates":[27.8,-11.0]},"properties":{"region":3,"fire_occurred":0,"prediction":0.1227}},{"type":"Feature","geometry":{"type":"Point","coordinates":[27.8,-10.6]},"properties":{"region":3,"fire_occurred":0,"prediction":0.235}},{"type":"Feature","geometry":{"type":"Point","coordinates":[27.8,-10.5]},"properties":{"region":3,"fire_occurred":0,"prediction":0.164}},{"type":"Feature","geometry":{"type":"Point","coordinates":[27.8,-10.4]},"properties":{"region":3,"fire_occurred":0,"prediction":0.1375}},{"type":"Feature","geometry":{"type":"Point","coordinates":[27.8,-10.3]},"properties":{"region":3,"fire_occurred":0,"prediction":0.1703}},{"type":"Feature","geometry":{"type":"Point","coordinates":[27.8,-10.2]},"properties":{"region":3,"fire_occurred":0,"prediction":0.1465}},{"type":"Feature","geometry":{"type":"Point","coordinates":[27.8,-10.0]},"properties":{"region":3,"fire_occurred":0,"prediction":0.1174}},{"type":"Feature","geometry":{"type":"Point","coordinates":[27.8,-9.8]},"properties":{"region":3,"fire_occurred":0,"prediction":0.2062}},{"type":"Feature","geometry":{"type":"Point","coordinates":[27.8,-9.7]},"properties":{"region":3,"fire_occurred":0,"prediction":0.1283}},{"type":"Feature","geometry":{"type":"Point","coordinates":[27.8,-9.5]},"properties":{"region":3,"fire_occurred":0,"prediction":0.1001}},{"type":"Feature","geometry":{"type":"Point","coordinates":[27.8,-9.3]},"properties":{"region":3,"fire_occurred":0,"prediction":0.211}},{"type":"Feature","geometry":{"type":"Point","coordinates":[27.8,-9.2]},"properties":{"region":3,"fire_occurred":0,"prediction":0.2096}},{"type":"Feature","geometry":{"type":"Point","coordinates":[27.8,-9.1]},"properties":{"region":3,"fire_occurred":0,"prediction":0.1054}},{"type":"Feature","geometry":{"type":"Point","coordinates":[27.9,-15.9]},"properties":{"region":3,"fire_occurred":0,"prediction":0.1831}},{"type":"Feature","geometry":{"type":"Point","coordinates":[27.9,-15.8]},"properties":{"region":3,"fire_occurred":0,"prediction":0.1621}},{"type":"Feature","geometry":{"type":"Point","coordinates":[27.9,-15.7]},"properties":{"region":3,"fire_occurred":0,"prediction":0.105}},{"type":"Feature","geometry":{"type":"Point","coordinates":[27.9,-15.6]},"properties":{"region":3,"fire_occurred":1,"prediction":0.3158}},{"type":"Feature","geometry":{"type":"Point","coordinates":[27.9,-15.5]},"properties":{"region":3,"fire_occurred":0,"prediction":0.1594}},{"type":"Feature","geometry":{"type":"Point","coordinates":[27.9,-15.4]},"properties":{"region":3,"fire_occurred":0,"prediction":0.2338}},{"type":"Feature","geometry":{"type":"Point","coordinates":[27.9,-15.3]},"properties":{"region":3,"fire_occurred":0,"prediction":0.1947}},{"type":"Feature","geometry":{"type":"Point","coordinates":[27.9,-15.2]},"properties":{"region":3,"fire_occurred":0,"prediction":0.2243}},{"type":"Feature","geometry":{"type":"Point","coordinates":[27.9,-14.7]},"properties":{"region":3,"fire_occurred":0,"prediction":0.3008}},{"type":"Feature","geometry":{"type":"Point","coordinates":[27.9,-14.3]},"properties":{"region":3,"fire_occurred":0,"prediction":0.1654}},{"type":"Feature","geometry":{"type":"Point","coordinates":[27.9,-13.7]},"properties":{"region":3,"fire_occurred":1,"prediction":0.0977}},{"type":"Feature","geometry":{"type":"Point","coordinates":[27.9,-13.5]},"properties":{"region":3,"fire_occurred":0,"prediction":0.1278}},{"type":"Feature","geometry":{"type":"Point","coordinates":[27.9,-13.3]},"properties":{"region":3,"fire_occurred":0,"prediction":0.1178}},{"type":"Feature","geometry":{"type":"Point","coordinates":[27.9,-13.1]},"properties":{"region":3,"fire_occurred":0,"prediction":0.1548}},{"type":"Feature","geometry":{"type":"Point","coordinates":[27.9,-13.0]},"properties":{"region":3,"fire_occurred":0,"prediction":0.1852}},{"type":"Feature","geometry":{"type":"Point","coordinates":[27.9,-12.9]},"properties":{"region":3,"fire_occurred":0,"prediction":0.2043}},{"type":"Feature","geometry":{"type":"Point","coordinates":[27.9,-12.8]},"properties":{"region":3,"fire_occurred":1,"prediction":0.3104}},{"type":"Feature","geometry":{"type":"Point","coordinates":[27.9,-12.6]},"properties":{"region":3,"fire_occurred":0,"prediction":0.2655}},{"type":"Feature","geometry":{"type":"Point","coordinates":[27.9,-12.5]},"properties":{"region":3,"fire_occurred":0,"prediction":0.1693}},{"type":"Feature","geometry":{"type":"Point","coordinates":[27.9,-12.4]},"properties":{"region":3,"fire_occurred":0,"prediction":0.1769}},{"type":"Feature","geometry":{"type":"Point","coordinates":[27.9,-12.3]},"properties":{"region":3,"fire_occurred":0,"prediction":0.288}},{"type":"Feature","geometry":{"type":"Point","coordinates":[27.9,-11.8]},"properties":{"region":3,"fire_occurred":0,"prediction":0.1819}},{"type":"Feature","geometry":{"type":"Point","coordinates":[27.9,-11.7]},"properties":{"region":3,"fire_occurred":0,"prediction":0.2441}},{"type":"Feature","geometry":{"type":"Point","coordinates":[27.9,-11.5]},"properties":{"region":3,"fire_occurred":0,"prediction":0.1554}},{"type":"Feature","geometry":{"type":"Point","coordinates":[27.9,-11.4]},"properties":{"region":3,"fire_occurred":0,"prediction":0.15}},{"type":"Feature","geometry":{"type":"Point","coordinates":[27.9,-11.3]},"properties":{"region":3,"fire_occurred":0,"prediction":0.2468}},{"type":"Feature","geometry":{"type":"Point","coordinates":[27.9,-11.2]},"properties":{"region":3,"fire_occurred":0,"prediction":0.1428}},{"type":"Feature","geometry":{"type":"Point","coordinates":[27.9,-11.1]},"properties":{"region":3,"fire_occurred":0,"prediction":0.1297}},{"type":"Feature","geometry":{"type":"Point","coordinates":[27.9,-9.4]},"properties":{"region":3,"fire_occurred":0,"prediction":0.2528}},{"type":"Feature","geometry":{"type":"Point","coordinates":[28.0,-28.6]},"properties":{"region":3,"fire_occurred":0,"prediction":0.1016}},{"type":"Feature","geometry":{"type":"Point","coordinates":[28.0,-15.8]},"properties":{"region":3,"fire_occurred":0,"prediction":0.2203}},{"type":"Feature","geometry":{"type":"Point","coordinates":[28.0,-15.7]},"properties":{"region":3,"fire_occurred":0,"prediction":0.2631}},{"type":"Feature","geometry":{"type":"Point","coordinates":[28.0,-15.4]},"properties":{"region":3,"fire_occurred":0,"prediction":0.1992}},{"type":"Feature","geometry":{"type":"Point","coordinates":[28.0,-15.1]},"properties":{"region":3,"fire_occurred":0,"prediction":0.142}},{"type":"Feature","geometry":{"type":"Point","coordinates":[28.0,-15.0]},"properties":{"region":3,"fire_occurred":0,"prediction":0.159}},{"type":"Feature","geometry":{"type":"Point","coordinates":[28.0,-14.7]},"properties":{"region":3,"fire_occurred":0,"prediction":0.1661}},{"type":"Feature","geometry":{"type":"Point","coordinates":[28.0,-14.6]},"properties":{"region":3,"fire_occurred":0,"prediction":0.2363}},{"type":"Feature","geometry":{"type":"Point","coordinates":[28.0,-14.3]},"properties":{"region":3,"fire_occurred":0,"prediction":0.3193}},{"type":"Feature","geometry":{"type":"Point","coordinates":[28.0,-14.2]},"properties":{"region":3,"fire_occurred":0,"prediction":0.3255}},{"type":"Feature","geometry":{"type":"Point","coordinates":[28.0,-13.4]},"properties":{"region":3,"fire_occurred":0,"prediction":0.1401}},{"type":"Feature","geometry":{"type":"Point","coordinates":[28.0,-13.3]},"properties":{"region":3,"fire_occurred":0,"prediction":0.1379}},{"type":"Feature","geometry":{"type":"Point","coordinates":[28.0,-13.1]},"properties":{"region":3,"fire_occurred":0,"prediction":0.1491}},{"type":"Feature","geometry":{"type":"Point","coordinates":[28.0,-13.0]},"properties":{"region":3,"fire_occurred":0,"prediction":0.2921}},{"type":"Feature","geometry":{"type":"Point","coordinates":[28.0,-12.9]},"properties":{"region":3,"fire_occurred":0,"prediction":0.3783}},{"type":"Feature","geometry":{"type":"Point","coordinates":[28.0,-12.8]},"properties":{"region":3,"fire_occurred":0,"prediction":0.3663}},{"type":"Feature","geometry":{"type":"Point","coordinates":[28.0,-12.7]},"properties":{"region":3,"fire_occurred":0,"prediction":0.3692}},{"type":"Feature","geometry":{"type":"Point","coordinates":[28.0,-12.6]},"properties":{"region":3,"fire_occurred":0,"prediction":0.3186}},{"type":"Feature","geometry":{"type":"Point","coordinates":[28.0,-12.5]},"properties":{"region":3,"fire_occurred":0,"prediction":0.1207}},{"type":"Feature","geometry":{"type":"Point","coordinates":[28.0,-12.4]},"properties":{"region":3,"fire_occurred":0,"prediction":0.1099}},{"type":"Feature","geometry":{"type":"Point","coordinates":[28.0,-11.8]},"properties":{"region":3,"fire_occurred":0,"prediction":0.2394}},{"type":"Feature","geometry":{"type":"Point","coordinates":[28.0,-11.7]},"properties":{"region":3,"fire_occurred":0,"prediction":0.1472}},{"type":"Feature","geometry":{"type":"Point","coordinates":[28.0,-11.6]},"properties":{"region":3,"fire_occurred":0,"prediction":0.1638}},{"type":"Feature","geometry":{"type":"Point","coordinates":[28.0,-11.5]},"properties":{"region":3,"fire_occurred":0,"prediction":0.1586}},{"type":"Feature","geometry":{"type":"Point","coordinates":[28.0,-11.4]},"properties":{"region":3,"fire_occurred":0,"prediction":0.1355}},{"type":"Feature","geometry":{"type":"Point","coordinates":[28.0,-11.3]},"properties":{"region":3,"fire_occurred":0,"prediction":0.2146}},{"type":"Feature","geometry":{"type":"Point","coordinates":[28.0,-11.2]},"properties":{"region":3,"fire_occurred":0,"prediction":0.1137}},{"type":"Feature","geometry":{"type":"Point","coordinates":[28.0,-11.1]},"properties":{"region":3,"fire_occurred":0,"prediction":0.1683}},{"type":"Feature","geometry":{"type":"Point","coordinates":[28.0,-8.8]},"properties":{"region":3,"fire_occurred":0,"prediction":0.2835}},{"type":"Feature","geometry":{"type":"Point","coordinates":[28.0,-8.6]},"properties":{"region":3,"fire_occurred":0,"prediction":0.3269}},{"type":"Feature","geometry":{"type":"Point","coordinates":[28.0,-8.5]},"properties":{"region":3,"fire_occurred":0,"prediction":0.1633}},{"type":"Feature","geometry":{"type":"Point","coordinates":[28.0,-8.4]},"properties":{"region":3,"fire_occurred":0,"prediction":0.2748}},{"type":"Feature","geometry":{"type":"Point","coordinates":[28.0,-8.3]},"properties":{"region":3,"fire_occurred":0,"prediction":0.3453}},{"type":"Feature","geometry":{"type":"Point","coordinates":[28.0,-8.2]},"properties":{"region":3,"fire_occurred":0,"prediction":0.4567}},{"type":"Feature","geometry":{"type":"Point","coordinates":[28.0,-8.1]},"properties":{"region":3,"fire_occurred":0,"prediction":0.5503}},{"type":"Feature","geometry":{"type":"Point","coordinates":[28.1,-31.1]},"properties":{"region":3,"fire_occurred":0,"prediction":0.1292}},{"type":"Feature","geometry":{"type":"Point","coordinates":[28.1,-15.9]},"properties":{"region":3,"fire_occurred":0,"prediction":0.1621}},{"type":"Feature","geometry":{"type":"Point","coordinates":[28.1,-15.4]},"properties":{"region":3,"fire_occurred":0,"prediction":0.1838}},{"type":"Feature","geometry":{"type":"Point","coordinates":[28.1,-15.3]},"properties":{"region":3,"fire_occurred":0,"prediction":0.1447}},{"type":"Feature","geometry":{"type":"Point","coordinates":[28.1,-14.7]},"properties":{"region":3,"fire_occurred":0,"prediction":0.1194}},{"type":"Feature","geometry":{"type":"Point","coordinates":[28.1,-14.6]},"properties":{"region":3,"fire_occurred":0,"prediction":0.1811}},{"type":"Feature","geometry":{"type":"Point","coordinates":[28.1,-13.7]},"properties":{"region":3,"fire_occurred":0,"prediction":0.1449}},{"type":"Feature","geometry":{"type":"Point","coordinates":[28.1,-13.6]},"properties":{"region":3,"fire_occurred":0,"prediction":0.1052}},{"type":"Feature","geometry":{"type":"Point","coordinates":[28.1,-13.2]},"properties":{"region":3,"fire_occurred":0,"prediction":0.1147}},{"type":"Feature","geometry":{"type":"Point","coordinates":[28.1,-13.1]},"properties":{"region":3,"fire_occurred":0,"prediction":0.2175}},{"type":"Feature","geometry":{"type":"Point","coordinates":[28.1,-13.0]},"properties":{"region":3,"fire_occurred":0,"prediction":0.2144}},{"type":"Feature","geometry":{"type":"Point","coordinates":[28.1,-12.9]},"properties":{"region":3,"fire_occurred":0,"prediction":0.3303}},{"type":"Feature","geometry":{"type":"Point","coordinates":[28.1,-12.8]},"properties":{"region":3,"fire_occurred":0,"prediction":0.2695}},{"type":"Feature","geometry":{"type":"Point","coordinates":[28.1,-12.7]},"properties":{"region":3,"fire_occurred":0,"prediction":0.3598}},{"type":"Feature","geometry":{"type":"Point","coordinates":[28.1,-12.6]},"properties":{"region":3,"fire_occurred":0,"prediction":0.3773}},{"type":"Feature","geometry":{"type":"Point","coordinates":[28.1,-12.5]},"properties":{"region":3,"fire_occurred":0,"prediction":0.1883}},{"type":"Feature","geometry":{"type":"Point","coordinates":[28.1,-12.3]},"properties":{"region":3,"fire_occurred":0,"prediction":0.1141}},{"type":"Feature","geometry":{"type":"Point","coordinates":[28.1,-12.1]},"properties":{"region":3,"fire_occurred":0,"prediction":0.1191}},{"type":"Feature","geometry":{"type":"Point","coordinates":[28.1,-12.0]},"properties":{"region":3,"fire_occurred":0,"prediction":0.1467}},{"type":"Feature","geometry":{"type":"Point","coordinates":[28.1,-11.7]},"properties":{"region":3,"fire_occurred":0,"prediction":0.1946}},{"type":"Feature","geometry":{"type":"Point","coordinates":[28.1,-11.6]},"properties":{"region":3,"fire_occurred":0,"prediction":0.206}},{"type":"Feature","geometry":{"type":"Point","coordinates":[28.1,-11.5]},"properties":{"region":3,"fire_occurred":0,"prediction":0.1643}},{"type":"Feature","geometry":{"type":"Point","coordinates":[28.1,-11.4]},"properties":{"region":3,"fire_occurred":0,"prediction":0.1629}},{"type":"Feature","geometry":{"type":"Point","coordinates":[28.1,-11.3]},"properties":{"region":3,"fire_occurred":0,"prediction":0.2344}},{"type":"Feature","geometry":{"type":"Point","coordinates":[28.1,-11.1]},"properties":{"region":3,"fire_occurred":0,"prediction":0.1058}},{"type":"Feature","geometry":{"type":"Point","coordinates":[28.1,-9.0]},"properties":{"region":3,"fire_occurred":0,"prediction":0.1884}},{"type":"Feature","geometry":{"type":"Point","coordinates":[28.1,-8.9]},"properties":{"region":3,"fire_occurred":1,"prediction":0.1924}},{"type":"Feature","geometry":{"type":"Point","coordinates":[28.1,-8.8]},"properties":{"region":3,"fire_occurred":0,"prediction":0.3207}},{"type":"Feature","geometry":{"type":"Point","coordinates":[28.1,-8.7]},"properties":{"region":3,"fire_occurred":0,"prediction":0.3677}},{"type":"Feature","geometry":{"type":"Point","coordinates":[28.1,-8.6]},"properties":{"region":3,"fire_occurred":0,"prediction":0.4968}},{"type":"Feature","geometry":{"type":"Point","coordinates":[28.1,-8.5]},"properties":{"region":3,"fire_occurred":0,"prediction":0.4094}},{"type":"Feature","geometry":{"type":"Point","coordinates":[28.1,-8.3]},"properties":{"region":3,"fire_occurred":0,"prediction":0.365}},{"type":"Feature","geometry":{"type":"Point","coordinates":[28.1,-8.2]},"properties":{"region":3,"fire_occurred":1,"prediction":0.3754}},{"type":"Feature","geometry":{"type":"Point","coordinates":[28.1,-8.1]},"properties":{"region":3,"fire_occurred":0,"prediction":0.3374}},{"type":"Feature","geometry":{"type":"Point","coordinates":[28.2,-16.0]},"properties":{"region":3,"fire_occurred":0,"prediction":0.1771}},{"type":"Feature","geometry":{"type":"Point","coordinates":[28.2,-15.1]},"properties":{"region":3,"fire_occurred":0,"prediction":0.1756}},{"type":"Feature","geometry":{"type":"Point","coordinates":[28.2,-13.4]},"properties":{"region":3,"fire_occurred":0,"prediction":0.1074}},{"type":"Feature","geometry":{"type":"Point","coordinates":[28.2,-13.3]},"properties":{"region":3,"fire_occurred":0,"prediction":0.1592}},{"type":"Feature","geometry":{"type":"Point","coordinates":[28.2,-13.2]},"properties":{"region":3,"fire_occurred":0,"prediction":0.1468}},{"type":"Feature","geometry":{"type":"Point","coordinates":[28.2,-13.1]},"properties":{"region":3,"fire_occurred":0,"prediction":0.154}},{"type":"Feature","geometry":{"type":"Point","coordinates":[28.2,-13.0]},"properties":{"region":3,"fire_occurred":0,"prediction":0.1122}},{"type":"Feature","geometry":{"type":"Point","coordinates":[28.2,-12.9]},"properties":{"region":3,"fire_occurred":0,"prediction":0.1479}},{"type":"Feature","geometry":{"type":"Point","coordinates":[28.2,-12.8]},"properties":{"region":3,"fire_occurred":1,"prediction":0.2177}},{"type":"Feature","geometry":{"type":"Point","coordinates":[28.2,-12.7]},"properties":{"region":3,"fire_occurred":0,"prediction":0.273}},{"type":"Feature","geometry":{"type":"Point","coordinates":[28.2,-12.6]},"properties":{"region":3,"fire_occurred":0,"prediction":0.3258}},{"type":"Feature","geometry":{"type":"Point","coordinates":[28.2,-12.5]},"properties":{"region":3,"fire_occurred":0,"prediction":0.1104}},{"type":"Feature","geometry":{"type":"Point","coordinates":[28.2,-12.1]},"properties":{"region":3,"fire_occurred":0,"prediction":0.1127}},{"type":"Feature","geometry":{"type":"Point","coordinates":[28.2,-11.9]},"properties":{"region":3,"fire_occurred":0,"prediction":0.1445}},{"type":"Feature","geometry":{"type":"Point","coordinates":[28.2,-11.7]},"properties":{"region":3,"fire_occurred":0,"prediction":0.1003}},{"type":"Feature","geometry":{"type":"Point","coordinates":[28.2,-11.4]},"properties":{"region":3,"fire_occurred":0,"prediction":0.1442}},{"type":"Feature","geometry":{"type":"Point","coordinates":[28.2,-11.3]},"properties":{"region":3,"fire_occurred":0,"prediction":0.1443}},{"type":"Feature","geometry":{"type":"Point","coordinates":[28.2,-11.2]},"properties":{"region":3,"fire_occurred":0,"prediction":0.1217}},{"type":"Feature","geometry":{"type":"Point","coordinates":[28.2,-10.8]},"properties":{"region":3,"fire_occurred":1,"prediction":0.0574}},{"type":"Feature","geometry":{"type":"Point","coordinates":[28.2,-9.6]},"properties":{"region":3,"fire_occurred":0,"prediction":0.1068}},{"type":"Feature","geometry":{"type":"Point","coordinates":[28.2,-9.5]},"properties":{"region":3,"fire_occurred":0,"prediction":0.2477}},{"type":"Feature","geometry":{"type":"Point","coordinates":[28.2,-9.3]},"properties":{"region":3,"fire_occurred":0,"prediction":0.2115}},{"type":"Feature","geometry":{"type":"Point","coordinates":[28.2,-9.2]},"properties":{"region":3,"fire_occurred":0,"prediction":0.31}},{"type":"Feature","geometry":{"type":"Point","coordinates":[28.2,-8.6]},"properties":{"region":3,"fire_occurred":0,"prediction":0.3227}},{"type":"Feature","geometry":{"type":"Point","coordinates":[28.2,-8.5]},"properties":{"region":3,"fire_occurred":0,"prediction":0.2209}},{"type":"Feature","geometry":{"type":"Point","coordinates":[28.2,-8.4]},"properties":{"region":3,"fire_occurred":0,"prediction":0.1002}},{"type":"Feature","geometry":{"type":"Point","coordinates":[28.2,-8.3]},"properties":{"region":3,"fire_occurred":0,"prediction":0.3157}},{"type":"Feature","geometry":{"type":"Point","coordinates":[28.2,-8.1]},"properties":{"region":3,"fire_occurred":1,"prediction":0.2911}},{"type":"Feature","geometry":{"type":"Point","coordinates":[28.3,-16.0]},"properties":{"region":3,"fire_occurred":0,"prediction":0.1195}},{"type":"Feature","geometry":{"type":"Point","coordinates":[28.3,-15.3]},"properties":{"region":3,"fire_occurred":0,"prediction":0.1281}},{"type":"Feature","geometry":{"type":"Point","coordinates":[28.3,-14.9]},"properties":{"region":3,"fire_occurred":0,"prediction":0.1376}},{"type":"Feature","geometry":{"type":"Point","coordinates":[28.3,-14.6]},"properties":{"region":3,"fire_occurred":0,"prediction":0.2145}},{"type":"Feature","geometry":{"type":"Point","coordinates":[28.3,-14.5]},"properties":{"region":3,"fire_occurred":0,"prediction":0.2121}},{"type":"Feature","geometry":{"type":"Point","coordinates":[28.3,-13.8]},"properties":{"region":3,"fire_occurred":0,"prediction":0.1037}},{"type":"Feature","geometry":{"type":"Point","coordinates":[28.3,-13.4]},"properties":{"region":3,"fire_occurred":0,"prediction":0.102}},{"type":"Feature","geometry":{"type":"Point","coordinates":[28.3,-13.3]},"properties":{"region":3,"fire_occurred":0,"prediction":0.1729}},{"type":"Feature","geometry":{"type":"Point","coordinates":[28.3,-13.2]},"properties":{"region":3,"fire_occurred":0,"prediction":0.1552}},{"type":"Feature","geometry":{"type":"Point","coordinates":[28.3,-13.1]},"properties":{"region":3,"fire_occurred":0,"prediction":0.1612}},{"type":"Feature","geometry":{"type":"Point","coordinates":[28.3,-13.0]},"properties":{"region":3,"fire_occurred":0,"prediction":0.4167}},{"type":"Feature","geometry":{"type":"Point","coordinates":[28.3,-12.9]},"properties":{"region":3,"fire_occurred":0,"prediction":0.1118}},{"type":"Feature","geometry":{"type":"Point","coordinates":[28.3,-12.8]},"properties":{"region":3,"fire_occurred":0,"prediction":0.2352}},{"type":"Feature","geometry":{"type":"Point","coordinates":[28.3,-12.7]},"properties":{"region":3,"fire_occurred":0,"prediction":0.1841}},{"type":"Feature","geometry":{"type":"Point","coordinates":[28.3,-12.6]},"properties":{"region":3,"fire_occurred":0,"prediction":0.4265}},{"type":"Feature","geometry":{"type":"Point","coordinates":[28.3,-12.1]},"properties":{"region":3,"fire_occurred":0,"prediction":0.1145}},{"type":"Feature","geometry":{"type":"Point","coordinates":[28.3,-11.9]},"properties":{"region":3,"fire_occurred":0,"prediction":0.125}},{"type":"Feature","geometry":{"type":"Point","coordinates":[28.3,-11.8]},"properties":{"region":3,"fire_occurred":0,"prediction":0.1408}},{"type":"Feature","geometry":{"type":"Point","coordinates":[28.3,-11.7]},"properties":{"region":3,"fire_occurred":0,"prediction":0.1753}},{"type":"Feature","geometry":{"type":"Point","coordinates":[28.3,-11.6]},"properties":{"region":3,"fire_occurred":0,"prediction":0.1638}},{"type":"Feature","geometry":{"type":"Point","coordinates":[28.3,-11.3]},"properties":{"region":3,"fire_occurred":0,"prediction":0.1435}},{"type":"Feature","geometry":{"type":"Point","coordinates":[28.3,-11.1]},"properties":{"region":3,"fire_occurred":0,"prediction":0.1705}},{"type":"Feature","geometry":{"type":"Point","coordinates":[28.3,-9.9]},"properties":{"region":3,"fire_occurred":0,"prediction":0.1378}},{"type":"Feature","geometry":{"type":"Point","coordinates":[28.3,-9.7]},"properties":{"region":3,"fire_occurred":0,"prediction":0.1358}},{"type":"Feature","geometry":{"type":"Point","coordinates":[28.3,-9.0]},"properties":{"region":3,"fire_occurred":0,"prediction":0.1342}},{"type":"Feature","geometry":{"type":"Point","coordinates":[28.3,-8.8]},"properties":{"region":3,"fire_occurred":0,"prediction":0.1626}},{"type":"Feature","geometry":{"type":"Point","coordinates":[28.3,-8.6]},"properties":{"region":3,"fire_occurred":0,"prediction":0.4345}},{"type":"Feature","geometry":{"type":"Point","coordinates":[28.3,-8.5]},"properties":{"region":3,"fire_occurred":0,"prediction":0.1003}},{"type":"Feature","geometry":{"type":"Point","coordinates":[28.3,-8.3]},"properties":{"region":3,"fire_occurred":0,"prediction":0.1831}},{"type":"Feature","geometry":{"type":"Point","coordinates":[28.3,-8.2]},"properties":{"region":3,"fire_occurred":0,"prediction":0.1001}},{"type":"Feature","geometry":{"type":"Point","coordinates":[28.3,-8.1]},"properties":{"region":3,"fire_occurred":0,"prediction":0.2959}},{"type":"Feature","geometry":{"type":"Point","coordinates":[28.4,-15.4]},"properties":{"region":3,"fire_occurred":0,"prediction":0.1822}},{"type":"Feature","geometry":{"type":"Point","coordinates":[28.4,-15.0]},"properties":{"region":3,"fire_occurred":0,"prediction":0.1181}},{"type":"Feature","geometry":{"type":"Point","coordinates":[28.4,-13.4]},"properties":{"region":3,"fire_occurred":0,"prediction":0.1681}},{"type":"Feature","geometry":{"type":"Point","coordinates":[28.4,-13.2]},"properties":{"region":3,"fire_occurred":0,"prediction":0.1987}},{"type":"Feature","geometry":{"type":"Point","coordinates":[28.4,-13.1]},"properties":{"region":3,"fire_occurred":0,"prediction":0.1346}},{"type":"Feature","geometry":{"type":"Point","coordinates":[28.4,-13.0]},"properties":{"region":3,"fire_occurred":0,"prediction":0.4271}},{"type":"Feature","geometry":{"type":"Point","coordinates":[28.4,-12.9]},"properties":{"region":3,"fire_occurred":1,"prediction":0.0719}},{"type":"Feature","geometry":{"type":"Point","coordinates":[28.4,-12.8]},"properties":{"region":3,"fire_occurred":0,"prediction":0.1658}},{"type":"Feature","geometry":{"type":"Point","coordinates":[28.4,-12.7]},"properties":{"region":3,"fire_occurred":0,"prediction":0.2306}},{"type":"Feature","geometry":{"type":"Point","coordinates":[28.4,-12.6]},"properties":{"region":3,"fire_occurred":0,"prediction":0.1233}},{"type":"Feature","geometry":{"type":"Point","coordinates":[28.4,-12.0]},"properties":{"region":3,"fire_occurred":0,"prediction":0.168}},{"type":"Feature","geometry":{"type":"Point","coordinates":[28.4,-11.9]},"properties":{"region":3,"fire_occurred":0,"prediction":0.2117}},{"type":"Feature","geometry":{"type":"Point","coordinates":[28.4,-11.8]},"properties":{"region":3,"fire_occurred":0,"prediction":0.2209}},{"type":"Feature","geometry":{"type":"Point","coordinates":[28.4,-11.7]},"properties":{"region":3,"fire_occurred":0,"prediction":0.1289}},{"type":"Feature","geometry":{"type":"Point","coordinates":[28.4,-11.6]},"properties":{"region":3,"fire_occurred":0,"prediction":0.1584}},{"type":"Feature","geometry":{"type":"Point","coordinates":[28.4,-11.5]},"properties":{"region":3,"fire_occurred":0,"prediction":0.256}},{"type":"Feature","geometry":{"type":"Point","coordinates":[28.4,-11.1]},"properties":{"region":3,"fire_occurred":0,"prediction":0.213}},{"type":"Feature","geometry":{"type":"Point","coordinates":[28.4,-10.6]},"properties":{"region":3,"fire_occurred":0,"prediction":0.1034}},{"type":"Feature","geometry":{"type":"Point","coordinates":[28.4,-10.1]},"properties":{"region":3,"fire_occurred":0,"prediction":0.1276}},{"type":"Feature","geometry":{"type":"Point","coordinates":[28.4,-10.0]},"properties":{"region":3,"fire_occurred":0,"prediction":0.1258}},{"type":"Feature","geometry":{"type":"Point","coordinates":[28.4,-8.2]},"properties":{"region":3,"fire_occurred":0,"prediction":0.2477}},{"type":"Feature","geometry":{"type":"Point","coordinates":[28.4,-8.1]},"properties":{"region":3,"fire_occurred":0,"prediction":0.2489}},{"type":"Feature","geometry":{"type":"Point","coordinates":[28.5,-15.4]},"properties":{"region":3,"fire_occurred":0,"prediction":0.2377}},{"type":"Feature","geometry":{"type":"Point","coordinates":[28.5,-13.5]},"properties":{"region":3,"fire_occurred":0,"prediction":0.1545}},{"type":"Feature","geometry":{"type":"Point","coordinates":[28.5,-13.3]},"properties":{"region":3,"fire_occurred":0,"prediction":0.1292}},{"type":"Feature","geometry":{"type":"Point","coordinates":[28.5,-13.2]},"properties":{"region":3,"fire_occurred":0,"prediction":0.1258}},{"type":"Feature","geometry":{"type":"Point","coordinates":[28.5,-13.1]},"properties":{"region":3,"fire_occurred":0,"prediction":0.2994}},{"type":"Feature","geometry":{"type":"Point","coordinates":[28.5,-13.0]},"properties":{"region":3,"fire_occurred":0,"prediction":0.2825}},{"type":"Feature","geometry":{"type":"Point","coordinates":[28.5,-12.9]},"properties":{"region":3,"fire_occurred":0,"prediction":0.3172}},{"type":"Feature","geometry":{"type":"Point","coordinates":[28.5,-12.8]},"properties":{"region":3,"fire_occurred":0,"prediction":0.1459}},{"type":"Feature","geometry":{"type":"Point","coordinates":[28.5,-12.7]},"properties":{"region":3,"fire_occurred":0,"prediction":0.1014}},{"type":"Feature","geometry":{"type":"Point","coordinates":[28.5,-12.0]},"properties":{"region":3,"fire_occurred":0,"prediction":0.1323}},{"type":"Feature","geometry":{"type":"Point","coordinates":[28.5,-11.8]},"properties":{"region":3,"fire_occurred":0,"prediction":0.1026}},{"type":"Feature","geometry":{"type":"Point","coordinates":[28.5,-11.7]},"properties":{"region":3,"fire_occurred":0,"prediction":0.1017}},{"type":"Feature","geometry":{"type":"Point","coordinates":[28.5,-11.6]},"properties":{"region":3,"fire_occurred":0,"prediction":0.1581}},{"type":"Feature","geometry":{"type":"Point","coordinates":[28.5,-11.1]},"properties":{"region":3,"fire_occurred":0,"prediction":0.1555}},{"type":"Feature","geometry":{"type":"Point","coordinates":[28.5,-10.4]},"properties":{"region":3,"fire_occurred":0,"prediction":0.1216}},{"type":"Feature","geometry":{"type":"Point","coordinates":[28.5,-8.7]},"properties":{"region":3,"fire_occurred":0,"prediction":0.1004}},{"type":"Feature","geometry":{"type":"Point","coordinates":[28.5,-8.6]},"properties":{"region":3,"fire_occurred":0,"prediction":0.1657}},{"type":"Feature","geometry":{"type":"Point","coordinates":[28.5,-8.5]},"properties":{"region":3,"fire_occurred":0,"prediction":0.1968}},{"type":"Feature","geometry":{"type":"Point","coordinates":[28.5,-8.3]},"properties":{"region":3,"fire_occurred":0,"prediction":0.1429}},{"type":"Feature","geometry":{"type":"Point","coordinates":[28.5,-8.2]},"properties":{"region":3,"fire_occurred":1,"prediction":0.3099}},{"type":"Feature","geometry":{"type":"Point","coordinates":[28.6,-31.0]},"properties":{"region":3,"fire_occurred":1,"prediction":0.0122}},{"type":"Feature","geometry":{"type":"Point","coordinates":[28.6,-16.0]},"properties":{"region":3,"fire_occurred":0,"prediction":0.1102}},{"type":"Feature","geometry":{"type":"Point","coordinates":[28.6,-15.9]},"properties":{"region":3,"fire_occurred":0,"prediction":0.1447}},{"type":"Feature","geometry":{"type":"Point","coordinates":[28.6,-15.4]},"properties":{"region":3,"fire_occurred":0,"prediction":0.1356}},{"type":"Feature","geometry":{"type":"Point","coordinates":[28.6,-13.4]},"properties":{"region":3,"fire_occurred":0,"prediction":0.11}},{"type":"Feature","geometry":{"type":"Point","coordinates":[28.6,-13.3]},"properties":{"region":3,"fire_occurred":0,"prediction":0.2009}},{"type":"Feature","geometry":{"type":"Point","coordinates":[28.6,-13.2]},"properties":{"region":3,"fire_occurred":0,"prediction":0.1531}},{"type":"Feature","geometry":{"type":"Point","coordinates":[28.6,-13.1]},"properties":{"region":3,"fire_occurred":0,"prediction":0.2762}},{"type":"Feature","geometry":{"type":"Point","coordinates":[28.6,-13.0]},"properties":{"region":3,"fire_occurred":0,"prediction":0.2674}},{"type":"Feature","geometry":{"type":"Point","coordinates":[28.6,-12.9]},"properties":{"region":3,"fire_occurred":0,"prediction":0.3382}},{"type":"Feature","geometry":{"type":"Point","coordinates":[28.6,-12.8]},"properties":{"region":3,"fire_occurred":0,"prediction":0.1208}},{"type":"Feature","geometry":{"type":"Point","coordinates":[28.6,-12.4]},"properties":{"region":3,"fire_occurred":0,"prediction":0.1129}},{"type":"Feature","geometry":{"type":"Point","coordinates":[28.6,-11.6]},"properties":{"region":3,"fire_occurred":0,"prediction":0.1096}},{"type":"Feature","geometry":{"type":"Point","coordinates":[28.6,-10.5]},"properties":{"region":3,"fire_occurred":0,"prediction":0.1941}},{"type":"Feature","geometry":{"type":"Point","coordinates":[28.6,-10.2]},"properties":{"region":3,"fire_occurred":0,"prediction":0.1895}},{"type":"Feature","geometry":{"type":"Point","coordinates":[28.6,-8.4]},"properties":{"region":3,"fire_occurred":0,"prediction":0.1438}},{"type":"Feature","geometry":{"type":"Point","coordinates":[28.6,-8.3]},"properties":{"region":3,"fire_occurred":0,"prediction":0.2088}},{"type":"Feature","geometry":{"type":"Point","coordinates":[28.6,-8.2]},"properties":{"region":3,"fire_occurred":1,"prediction":0.6166}},{"type":"Feature","geometry":{"type":"Point","coordinates":[28.6,-8.1]},"properties":{"region":3,"fire_occurred":0,"prediction":0.3761}},{"type":"Feature","geometry":{"type":"Point","coordinates":[28.7,-13.3]},"properties":{"region":3,"fire_occurred":0,"prediction":0.1504}},{"type":"Feature","geometry":{"type":"Point","coordinates":[28.7,-13.2]},"properties":{"region":3,"fire_occurred":0,"prediction":0.2758}},{"type":"Feature","geometry":{"type":"Point","coordinates":[28.7,-13.1]},"properties":{"region":3,"fire_occurred":0,"prediction":0.3925}},{"type":"Feature","geometry":{"type":"Point","coordinates":[28.7,-13.0]},"properties":{"region":3,"fire_occurred":0,"prediction":0.3245}},{"type":"Feature","geometry":{"type":"Point","coordinates":[28.7,-12.9]},"properties":{"region":3,"fire_occurred":0,"prediction":0.1604}},{"type":"Feature","geometry":{"type":"Point","coordinates":[28.7,-12.5]},"properties":{"region":3,"fire_occurred":0,"prediction":0.1236}},{"type":"Feature","geometry":{"type":"Point","coordinates":[28.7,-12.4]},"properties":{"region":3,"fire_occurred":0,"prediction":0.1205}},{"type":"Feature","geometry":{"type":"Point","coordinates":[28.7,-12.1]},"properties":{"region":3,"fire_occurred":0,"prediction":0.1584}},{"type":"Feature","geometry":{"type":"Point","coordinates":[28.7,-11.7]},"properties":{"region":3,"fire_occurred":0,"prediction":0.1136}},{"type":"Feature","geometry":{"type":"Point","coordinates":[28.7,-11.2]},"properties":{"region":3,"fire_occurred":0,"prediction":0.1465}},{"type":"Feature","geometry":{"type":"Point","coordinates":[28.7,-11.1]},"properties":{"region":3,"fire_occurred":0,"prediction":0.1041}},{"type":"Feature","geometry":{"type":"Point","coordinates":[28.7,-10.6]},"properties":{"region":3,"fire_occurred":0,"prediction":0.1298}},{"type":"Feature","geometry":{"type":"Point","coordinates":[28.7,-10.5]},"properties":{"region":3,"fire_occurred":0,"prediction":0.1179}},{"type":"Feature","geometry":{"type":"Point","coordinates":[28.7,-10.4]},"properties":{"region":3,"fire_occurred":0,"prediction":0.1822}},{"type":"Feature","geometry":{"type":"Point","coordinates":[28.7,-9.4]},"properties":{"region":3,"fire_occurred":1,"prediction":0.2561}},{"type":"Feature","geometry":{"type":"Point","coordinates":[28.7,-8.5]},"properties":{"region":3,"fire_occurred":0,"prediction":0.139}},{"type":"Feature","geometry":{"type":"Point","coordinates":[28.7,-8.3]},"properties":{"region":3,"fire_occurred":0,"prediction":0.2544}},{"type":"Feature","geometry":{"type":"Point","coordinates":[28.7,-8.2]},"properties":{"region":3,"fire_occurred":1,"prediction":0.4647}},{"type":"Feature","geometry":{"type":"Point","coordinates":[28.7,-8.1]},"properties":{"region":3,"fire_occurred":0,"prediction":0.2424}},{"type":"Feature","geometry":{"type":"Point","coordinates":[28.7,40.1]},"properties":{"region":3,"fire_occurred":0,"prediction":0.1143}},{"type":"Feature","geometry":{"type":"Point","coordinates":[28.8,-13.3]},"properties":{"region":3,"fire_occurred":0,"prediction":0.1525}},{"type":"Feature","geometry":{"type":"Point","coordinates":[28.8,-13.2]},"properties":{"region":3,"fire_occurred":0,"prediction":0.2289}},{"type":"Feature","geometry":{"type":"Point","coordinates":[28.8,-13.1]},"properties":{"region":3,"fire_occurred":0,"prediction":0.2631}},{"type":"Feature","geometry":{"type":"Point","coordinates":[28.8,-13.0]},"properties":{"region":3,"fire_occurred":0,"prediction":0.1621}},{"type":"Feature","geometry":{"type":"Point","coordinates":[28.8,-12.3]},"properties":{"region":3,"fire_occurred":0,"prediction":0.1252}},{"type":"Feature","geometry":{"type":"Point","coordinates":[28.8,-12.2]},"properties":{"region":3,"fire_occurred":0,"prediction":0.1886}},{"type":"Feature","geometry":{"type":"Point","coordinates":[28.8,-12.1]},"properties":{"region":3,"fire_occurred":0,"prediction":0.2552}},{"type":"Feature","geometry":{"type":"Point","coordinates":[28.8,-12.0]},"properties":{"region":3,"fire_occurred":0,"prediction":0.1179}},{"type":"Feature","geometry":{"type":"Point","coordinates":[28.8,-10.8]},"properties":{"region":3,"fire_occurred":0,"prediction":0.1048}},{"type":"Feature","geometry":{"type":"Point","coordinates":[28.8,-8.2]},"properties":{"region":3,"fire_occurred":0,"prediction":0.2592}},{"type":"Feature","geometry":{"type":"Point","coordinates":[28.8,-8.1]},"properties":{"region":3,"fire_occurred":0,"prediction":0.297}},{"type":"Feature","geometry":{"type":"Point","coordinates":[28.9,-14.8]},"properties":{"region":3,"fire_occurred":0,"prediction":0.1748}},{"type":"Feature","geometry":{"type":"Point","coordinates":[28.9,-14.0]},"properties":{"region":3,"fire_occurred":0,"prediction":0.1206}},{"type":"Feature","geometry":{"type":"Point","coordinates":[28.9,-13.2]},"properties":{"region":3,"fire_occurred":0,"prediction":0.2124}},{"type":"Feature","geometry":{"type":"Point","coordinates":[28.9,-12.3]},"properties":{"region":3,"fire_occurred":0,"prediction":0.2024}},{"type":"Feature","geometry":{"type":"Point","coordinates":[28.9,-12.1]},"properties":{"region":3,"fire_occurred":0,"prediction":0.1988}},{"type":"Feature","geometry":{"type":"Point","coordinates":[28.9,-12.0]},"properties":{"region":3,"fire_occurred":0,"prediction":0.1798}},{"type":"Feature","geometry":{"type":"Point","coordinates":[28.9,-8.4]},"properties":{"region":3,"fire_occurred":0,"prediction":0.1508}},{"type":"Feature","geometry":{"type":"Point","coordinates":[28.9,-8.3]},"properties":{"region":3,"fire_occurred":0,"prediction":0.1752}},{"type":"Feature","geometry":{"type":"Point","coordinates":[28.9,-8.2]},"properties":{"region":3,"fire_occurred":0,"prediction":0.4143}},{"type":"Feature","geometry":{"type":"Point","coordinates":[28.9,-8.1]},"properties":{"region":3,"fire_occurred":1,"prediction":0.3257}},{"type":"Feature","geometry":{"type":"Point","coordinates":[29.0,-30.5]},"properties":{"region":3,"fire_occurred":0,"prediction":0.1096}},{"type":"Feature","geometry":{"type":"Point","coordinates":[29.0,-28.7]},"properties":{"region":3,"fire_occurred":0,"prediction":0.1011}},{"type":"Feature","geometry":{"type":"Point","coordinates":[29.0,-28.4]},"properties":{"region":3,"fire_occurred":0,"prediction":0.1063}},{"type":"Feature","geometry":{"type":"Point","coordinates":[29.0,-15.0]},"properties":{"region":3,"fire_occurred":0,"prediction":0.1423}},{"type":"Feature","geometry":{"type":"Point","coordinates":[29.0,-14.9]},"properties":{"region":3,"fire_occurred":0,"prediction":0.2297}},{"type":"Feature","geometry":{"type":"Point","coordinates":[29.0,-13.4]},"properties":{"region":3,"fire_occurred":0,"prediction":0.1381}},{"type":"Feature","geometry":{"type":"Point","coordinates":[29.0,-13.3]},"properties":{"region":3,"fire_occurred":0,"prediction":0.1494}},{"type":"Feature","geometry":{"type":"Point","coordinates":[29.0,-13.2]},"properties":{"region":3,"fire_occurred":1,"prediction":0.1876}},{"type":"Feature","geometry":{"type":"Point","coordinates":[29.0,-13.1]},"properties":{"region":3,"fire_occurred":0,"prediction":0.2062}},{"type":"Feature","geometry":{"type":"Point","coordinates":[29.0,-13.0]},"properties":{"region":3,"fire_occurred":0,"prediction":0.1376}},{"type":"Feature","geometry":{"type":"Point","coordinates":[29.0,-12.3]},"properties":{"region":3,"fire_occurred":0,"prediction":0.176}},{"type":"Feature","geometry":{"type":"Point","coordinates":[29.0,-12.2]},"properties":{"region":3,"fire_occurred":0,"prediction":0.1703}},{"type":"Feature","geometry":{"type":"Point","coordinates":[29.0,-12.0]},"properties":{"region":3,"fire_occurred":0,"prediction":0.1408}},{"type":"Feature","geometry":{"type":"Point","coordinates":[29.0,-3.0]},"properties":{"region":3,"fire_occurred":0,"prediction":0.1115}},{"type":"Feature","geometry":{"type":"Point","coordinates":[29.1,-30.6]},"properties":{"region":3,"fire_occurred":0,"prediction":0.1137}},{"type":"Feature","geometry":{"type":"Point","coordinates":[29.1,-30.0]},"properties":{"region":3,"fire_occurred":0,"prediction":0.1724}},{"type":"Feature","geometry":{"type":"Point","coordinates":[29.1,-26.0]},"properties":{"region":3,"fire_occurred":0,"prediction":0.1131}},{"type":"Feature","geometry":{"type":"Point","coordinates":[29.1,-25.9]},"properties":{"region":3,"fire_occurred":1,"prediction":0.3213}},{"type":"Feature","geometry":{"type":"Point","coordinates":[29.1,-25.4]},"properties":{"region":3,"fire_occurred":1,"prediction":0.0461}},{"type":"Feature","geometry":{"type":"Point","coordinates":[29.1,-15.9]},"properties":{"region":3,"fire_occurred":0,"prediction":0.1103}},{"type":"Feature","geometry":{"type":"Point","coordinates":[29.1,-15.0]},"properties":{"region":3,"fire_occurred":0,"prediction":0.1022}},{"type":"Feature","geometry":{"type":"Point","coordinates":[29.1,-14.8]},"properties":{"region":3,"fire_occurred":0,"prediction":0.1388}},{"type":"Feature","geometry":{"type":"Point","coordinates":[29.1,-13.2]},"properties":{"region":3,"fire_occurred":0,"prediction":0.1951}},{"type":"Feature","geometry":{"type":"Point","coordinates":[29.1,-13.1]},"properties":{"region":3,"fire_occurred":0,"prediction":0.1665}},{"type":"Feature","geometry":{"type":"Point","coordinates":[29.1,-13.0]},"properties":{"region":3,"fire_occurred":0,"prediction":0.1481}},{"type":"Feature","geometry":{"type":"Point","coordinates":[29.1,-12.3]},"properties":{"region":3,"fire_occurred":0,"prediction":0.2207}},{"type":"Feature","geometry":{"type":"Point","coordinates":[29.1,-12.2]},"properties":{"region":3,"fire_occurred":0,"prediction":0.1982}},{"type":"Feature","geometry":{"type":"Point","coordinates":[29.1,-12.1]},"properties":{"region":3,"fire_occurred":0,"prediction":0.18}},{"type":"Feature","geometry":{"type":"Point","coordinates":[29.1,-12.0]},"properties":{"region":3,"fire_occurred":0,"prediction":0.1803}},{"type":"Feature","geometry":{"type":"Point","coordinates":[29.1,-11.9]},"properties":{"region":3,"fire_occurred":0,"prediction":0.1529}},{"type":"Feature","geometry":{"type":"Point","coordinates":[29.2,-30.0]},"properties":{"region":3,"fire_occurred":0,"prediction":0.193}},{"type":"Feature","geometry":{"type":"Point","coordinates":[29.2,-29.9]},"properties":{"region":3,"fire_occurred":0,"prediction":0.1968}},{"type":"Feature","geometry":{"type":"Point","coordinates":[29.2,-29.8]},"properties":{"region":3,"fire_occurred":0,"prediction":0.3308}},{"type":"Feature","geometry":{"type":"Point","coordinates":[29.2,-29.0]},"properties":{"region":3,"fire_occurred":0,"prediction":0.1596}},{"type":"Feature","geometry":{"type":"Point","coordinates":[29.2,-26.2]},"properties":{"region":3,"fire_occurred":1,"prediction":0.0437}},{"type":"Feature","geometry":{"type":"Point","coordinates":[29.2,-26.1]},"properties":{"region":3,"fire_occurred":1,"prediction":0.1783}},{"type":"Feature","geometry":{"type":"Point","coordinates":[29.2,-26.0]},"properties":{"region":3,"fire_occurred":0,"prediction":0.1803}},{"type":"Feature","geometry":{"type":"Point","coordinates":[29.2,-25.9]},"properties":{"region":3,"fire_occurred":1,"prediction":0.0467}},{"type":"Feature","geometry":{"type":"Point","coordinates":[29.2,-24.1]},"properties":{"region":3,"fire_occurred":0,"prediction":0.1056}},{"type":"Feature","geometry":{"type":"Point","coordinates":[29.2,-14.9]},"properties":{"region":3,"fire_occurred":0,"prediction":0.1123}},{"type":"Feature","geometry":{"type":"Point","coordinates":[29.2,-13.3]},"properties":{"region":3,"fire_occurred":0,"prediction":0.1433}},{"type":"Feature","geometry":{"type":"Point","coordinates":[29.2,-13.2]},"properties":{"region":3,"fire_occurred":0,"prediction":0.1467}},{"type":"Feature","geometry":{"type":"Point","coordinates":[29.2,-13.1]},"properties":{"region":3,"fire_occurred":0,"prediction":0.134}},{"type":"Feature","geometry":{"type":"Point","coordinates":[29.2,-13.0]},"properties":{"region":3,"fire_occurred":0,"prediction":0.123}},{"type":"Feature","geometry":{"type":"Point","coordinates":[29.2,-12.9]},"properties":{"region":3,"fire_occurred":0,"prediction":0.1088}},{"type":"Feature","geometry":{"type":"Point","coordinates":[29.2,-12.7]},"properties":{"region":3,"fire_occurred":0,"prediction":0.1165}},{"type":"Feature","geometry":{"type":"Point","coordinates":[29.2,-12.4]},"properties":{"region":3,"fire_occurred":0,"prediction":0.131}},{"type":"Feature","geometry":{"type":"Point","coordinates":[29.2,-12.3]},"properties":{"region":3,"fire_occurred":0,"prediction":0.1424}},{"type":"Feature","geometry":{"type":"Point","coordinates":[29.2,-12.2]},"properties":{"region":3,"fire_occurred":0,"prediction":0.2558}},{"type":"Feature","geometry":{"type":"Point","coordinates":[29.2,-12.1]},"properties":{"region":3,"fire_occurred":0,"prediction":0.2589}},{"type":"Feature","geometry":{"type":"Point","coordinates":[29.2,-12.0]},"properties":{"region":3,"fire_occurred":0,"prediction":0.179}},{"type":"Feature","geometry":{"type":"Point","coordinates":[29.2,-11.9]},"properties":{"region":3,"fire_occurred":0,"prediction":0.217}},{"type":"Feature","geometry":{"type":"Point","coordinates":[29.2,37.8]},"properties":{"region":3,"fire_occurred":0,"prediction":0.2326}},{"type":"Feature","geometry":{"type":"Point","coordinates":[29.2,38.6]},"properties":{"region":3,"fire_occurred":0,"prediction":0.1102}},{"type":"Feature","geometry":{"type":"Point","coordinates":[29.3,-30.0]},"properties":{"region":3,"fire_occurred":0,"prediction":0.2531}},{"type":"Feature","geometry":{"type":"Point","coordinates":[29.3,-29.9]},"properties":{"region":3,"fire_occurred":0,"prediction":0.1568}},{"type":"Feature","geometry":{"type":"Point","coordinates":[29.3,-29.8]},"properties":{"region":3,"fire_occurred":0,"prediction":0.3214}},{"type":"Feature","geometry":{"type":"Point","coordinates":[29.3,-29.7]},"properties":{"region":3,"fire_occurred":0,"prediction":0.1522}},{"type":"Feature","geometry":{"type":"Point","coordinates":[29.3,-26.1]},"properties":{"region":3,"fire_occurred":0,"prediction":0.1542}},{"type":"Feature","geometry":{"type":"Point","coordinates":[29.3,-25.9]},"properties":{"region":3,"fire_occurred":1,"prediction":0.012}},{"type":"Feature","geometry":{"type":"Point","coordinates":[29.3,-25.7]},"properties":{"region":3,"fire_occurred":1,"prediction":0.01}},{"type":"Feature","geometry":{"type":"Point","coordinates":[29.3,-13.3]},"properties":{"region":3,"fire_occurred":0,"prediction":0.2677}},{"type":"Feature","geometry":{"type":"Point","coordinates":[29.3,-13.2]},"properties":{"region":3,"fire_occurred":0,"prediction":0.1389}},{"type":"Feature","geometry":{"type":"Point","coordinates":[29.3,-13.1]},"properties":{"region":3,"fire_occurred":0,"prediction":0.2106}},{"type":"Feature","geometry":{"type":"Point","coordinates":[29.3,-13.0]},"properties":{"region":3,"fire_occurred":0,"prediction":0.1545}},{"type":"Feature","geometry":{"type":"Point","coordinates":[29.3,-12.9]},"properties":{"region":3,"fire_occurred":0,"prediction":0.2358}},{"type":"Feature","geometry":{"type":"Point","coordinates":[29.3,-12.8]},"properties":{"region":3,"fire_occurred":0,"prediction":0.1187}},{"type":"Feature","geometry":{"type":"Point","coordinates":[29.3,-12.6]},"properties":{"region":3,"fire_occurred":0,"prediction":0.107}},{"type":"Feature","geometry":{"type":"Point","coordinates":[29.3,-12.4]},"properties":{"region":3,"fire_occurred":0,"prediction":0.1295}},{"type":"Feature","geometry":{"type":"Point","coordinates":[29.3,-12.3]},"properties":{"region":3,"fire_occurred":0,"prediction":0.2618}},{"type":"Feature","geometry":{"type":"Point","coordinates":[29.3,-12.2]},"properties":{"region":3,"fire_occurred":0,"prediction":0.3156}},{"type":"Feature","geometry":{"type":"Point","coordinates":[29.3,-12.1]},"properties":{"region":3,"fire_occurred":0,"prediction":0.2402}},{"type":"Feature","geometry":{"type":"Point","coordinates":[29.3,-12.0]},"properties":{"region":3,"fire_occurred":0,"prediction":0.1404}},{"type":"Feature","geometry":{"type":"Point","coordinates":[29.3,-10.8]},"properties":{"region":3,"fire_occurred":0,"prediction":0.118}},{"type":"Feature","geometry":{"type":"Point","coordinates":[29.3,-10.7]},"properties":{"region":3,"fire_occurred":0,"prediction":0.1639}},{"type":"Feature","geometry":{"type":"Point","coordinates":[29.4,-30.4]},"properties":{"region":3,"fire_occurred":1,"prediction":0.0053}},{"type":"Feature","geometry":{"type":"Point","coordinates":[29.4,-30.3]},"properties":{"region":3,"fire_occurred":1,"prediction":0.0337}},{"type":"Feature","geometry":{"type":"Point","coordinates":[29.4,-29.7]},"properties":{"region":3,"fire_occurred":0,"prediction":0.1921}},{"type":"Feature","geometry":{"type":"Point","coordinates":[29.4,-29.1]},"properties":{"region":3,"fire_occurred":1,"prediction":0.0391}},{"type":"Feature","geometry":{"type":"Point","coordinates":[29.4,-26.3]},"properties":{"region":3,"fire_occurred":1,"prediction":0.019}},{"type":"Feature","geometry":{"type":"Point","coordinates":[29.4,-26.1]},"properties":{"region":3,"fire_occurred":0,"prediction":0.1081}},{"type":"Feature","geometry":{"type":"Point","coordinates":[29.4,-25.9]},"properties":{"region":3,"fire_occurred":1,"prediction":0.2146}},{"type":"Feature","geometry":{"type":"Point","coordinates":[29.4,-13.6]},"properties":{"region":3,"fire_occurred":0,"prediction":0.1748}},{"type":"Feature","geometry":{"type":"Point","coordinates":[29.4,-13.2]},"properties":{"region":3,"fire_occurred":0,"prediction":0.1133}},{"type":"Feature","geometry":{"type":"Point","coordinates":[29.4,-10.7]},"properties":{"region":3,"fire_occurred":0,"prediction":0.1057}},{"type":"Feature","geometry":{"type":"Point","coordinates":[29.5,-31.1]},"properties":{"region":3,"fire_occurred":1,"prediction":0.0098}},{"type":"Feature","geometry":{"type":"Point","coordinates":[29.5,-30.9]},"properties":{"region":3,"fire_occurred":1,"prediction":0.0141}},{"type":"Feature","geometry":{"type":"Point","coordinates":[29.5,-30.4]},"properties":{"region":3,"fire_occurred":1,"prediction":0.0056}},{"type":"Feature","geometry":{"type":"Point","coordinates":[29.5,-30.1]},"properties":{"region":3,"fire_occurred":1,"prediction":0.0058}},{"type":"Feature","geometry":{"type":"Point","coordinates":[29.5,-29.3]},"properties":{"region":3,"fire_occurred":0,"prediction":0.2292}},{"type":"Feature","geometry":{"type":"Point","coordinates":[29.5,-29.2]},"properties":{"region":3,"fire_occurred":0,"prediction":0.1046}},{"type":"Feature","geometry":{"type":"Point","coordinates":[29.5,-25.1]},"properties":{"region":3,"fire_occurred":0,"prediction":0.1523}},{"type":"Feature","geometry":{"type":"Point","coordinates":[29.5,-13.6]},"properties":{"region":3,"fire_occurred":1,"prediction":0.0752}},{"type":"Feature","geometry":{"type":"Point","coordinates":[29.5,-12.6]},"properties":{"region":3,"fire_occurred":0,"prediction":0.1073}},{"type":"Feature","geometry":{"type":"Point","coordinates":[29.5,40.0]},"properties":{"region":3,"fire_occurred":0,"prediction":0.1484}},{"type":"Feature","geometry":{"type":"Point","coordinates":[29.5,40.1]},"properties":{"region":3,"fire_occurred":0,"prediction":0.1188}},{"type":"Feature","geometry":{"type":"Point","coordinates":[29.6,-25.8]},"properties":{"region":3,"fire_occurred":1,"prediction":0.2553}},{"type":"Feature","geometry":{"type":"Point","coordinates":[29.6,-13.6]},"properties":{"region":3,"fire_occurred":1,"prediction":0.0107}},{"type":"Feature","geometry":{"type":"Point","coordinates":[29.6,-12.6]},"properties":{"region":3,"fire_occurred":0,"prediction":0.1465}},{"type":"Feature","geometry":{"type":"Point","coordinates":[29.6,-12.2]},"properties":{"region":3,"fire_occurred":0,"prediction":0.1816}},{"type":"Feature","geometry":{"type":"Point","coordinates":[29.6,-12.1]},"properties":{"region":3,"fire_occurred":0,"prediction":0.2601}},{"type":"Feature","geometry":{"type":"Point","coordinates":[29.6,-12.0]},"properties":{"region":3,"fire_occurred":0,"prediction":0.1575}},{"type":"Feature","geometry":{"type":"Point","coordinates":[29.6,-11.9]},"properties":{"region":3,"fire_occurred":0,"prediction":0.1889}},{"type":"Feature","geometry":{"type":"Point","coordinates":[29.7,-29.8]},"properties":{"region":3,"fire_occurred":0,"prediction":0.1624}},{"type":"Feature","geometry":{"type":"Point","coordinates":[29.7,-29.7]},"properties":{"region":3,"fire_occurred":0,"prediction":0.2241}},{"type":"Feature","geometry":{"type":"Point","coordinates":[29.7,-29.5]},"properties":{"region":3,"fire_occurred":0,"prediction":0.1377}},{"type":"Feature","geometry":{"type":"Point","coordinates":[29.7,-28.0]},"properties":{"region":3,"fire_occurred":0,"prediction":0.163}},{"type":"Feature","geometry":{"type":"Point","coordinates":[29.7,-27.9]},"properties":{"region":3,"fire_occurred":0,"prediction":0.1289}},{"type":"Feature","geometry":{"type":"Point","coordinates":[29.7,-25.9]},"properties":{"region":3,"fire_occurred":0,"prediction":0.1441}},{"type":"Feature","geometry":{"type":"Point","coordinates":[29.7,-25.3]},"properties":{"region":3,"fire_occurred":1,"prediction":0.0694}},{"type":"Feature","geometry":{"type":"Point","coordinates":[29.7,-15.0]},"properties":{"region":3,"fire_occurred":0,"prediction":0.1721}},{"type":"Feature","geometry":{"type":"Point","coordinates":[29.7,-14.9]},"properties":{"region":3,"fire_occurred":0,"prediction":0.109}},{"type":"Feature","geometry":{"type":"Point","coordinates":[29.7,-12.1]},"properties":{"region":3,"fire_occurred":0,"prediction":0.1881}},{"type":"Feature","geometry":{"type":"Point","coordinates":[29.7,-12.0]},"properties":{"region":3,"fire_occurred":0,"prediction":0.1384}},{"type":"Feature","geometry":{"type":"Point","coordinates":[29.7,-11.9]},"properties":{"region":3,"fire_occurred":0,"prediction":0.1676}},{"type":"Feature","geometry":{"type":"Point","coordinates":[29.7,-10.6]},"properties":{"region":3,"fire_occurred":0,"prediction":0.1997}},{"type":"Feature","geometry":{"type":"Point","coordinates":[29.7,-10.5]},"properties":{"region":3,"fire_occurred":0,"prediction":0.1399}},{"type":"Feature","geometry":{"type":"Point","coordinates":[29.8,-29.6]},"properties":{"region":3,"fire_occurred":0,"prediction":0.1551}},{"type":"Feature","geometry":{"type":"Point","coordinates":[29.8,-26.2]},"properties":{"region":3,"fire_occurred":1,"prediction":0.0197}},{"type":"Feature","geometry":{"type":"Point","coordinates":[29.8,-13.0]},"properties":{"region":3,"fire_occurred":0,"prediction":0.1454}},{"type":"Feature","geometry":{"type":"Point","coordinates":[29.9,-27.7]},"properties":{"region":3,"fire_occurred":1,"prediction":0.0141}},{"type":"Feature","geometry":{"type":"Point","coordinates":[29.9,-15.6]},"properties":{"region":3,"fire_occurred":0,"prediction":0.1029}},{"type":"Feature","geometry":{"type":"Point","coordinates":[29.9,-15.5]},"properties":{"region":3,"fire_occurred":0,"prediction":0.175}},{"type":"Feature","geometry":{"type":"Point","coordinates":[30.0,-27.8]},"properties":{"region":3,"fire_occurred":1,"prediction":0.1268}},{"type":"Feature","geometry":{"type":"Point","coordinates":[30.0,-25.7]},"properties":{"region":3,"fire_occurred":0,"prediction":0.136}},{"type":"Feature","geometry":{"type":"Point","coordinates":[30.0,-17.6]},"properties":{"region":3,"fire_occurred":0,"prediction":0.1262}},{"type":"Feature","geometry":{"type":"Point","coordinates":[30.0,-17.5]},"properties":{"region":3,"fire_occurred":0,"prediction":0.1498}},{"type":"Feature","geometry":{"type":"Point","coordinates":[30.0,-12.6]},"properties":{"region":3,"fire_occurred":0,"prediction":0.1067}},{"type":"Feature","geometry":{"type":"Point","coordinates":[30.0,-12.3]},"properties":{"region":3,"fire_occurred":0,"prediction":0.125}},{"type":"Feature","geometry":{"type":"Point","coordinates":[30.0,-12.2]},"properties":{"region":3,"fire_occurred":0,"prediction":0.1702}},{"type":"Feature","geometry":{"type":"Point","coordinates":[30.1,-29.8]},"properties":{"region":3,"fire_occurred":1,"prediction":0.0441}},{"type":"Feature","geometry":{"type":"Point","coordinates":[30.1,-17.4]},"properties":{"region":3,"fire_occurred":0,"prediction":0.1406}},{"type":"Feature","geometry":{"type":"Point","coordinates":[30.1,-12.2]},"properties":{"region":3,"fire_occurred":0,"prediction":0.1385}},{"type":"Feature","geometry":{"type":"Point","coordinates":[30.1,-12.1]},"properties":{"region":3,"fire_occurred":0,"prediction":0.1035}},{"type":"Feature","geometry":{"type":"Point","coordinates":[30.2,-26.4]},"properties":{"region":3,"fire_occurred":0,"prediction":0.1126}},{"type":"Feature","geometry":{"type":"Point","coordinates":[30.2,-26.1]},"properties":{"region":3,"fire_occurred":0,"prediction":0.1415}},{"type":"Feature","geometry":{"type":"Point","coordinates":[30.2,-17.5]},"properties":{"region":3,"fire_occurred":0,"prediction":0.1684}},{"type":"Feature","geometry":{"type":"Point","coordinates":[30.2,-12.7]},"properties":{"region":3,"fire_occurred":0,"prediction":0.1067}},{"type":"Feature","geometry":{"type":"Point","coordinates":[30.2,-12.1]},"properties":{"region":3,"fire_occurred":0,"prediction":0.1109}},{"type":"Feature","geometry":{"type":"Point","coordinates":[30.2,-10.5]},"properties":{"region":3,"fire_occurred":0,"prediction":0.1258}},{"type":"Feature","geometry":{"type":"Point","coordinates":[30.2,-0.8]},"properties":{"region":3,"fire_occurred":0,"prediction":0.1008}},{"type":"Feature","geometry":{"type":"Point","coordinates":[30.2,0.2]},"properties":{"region":3,"fire_occurred":1,"prediction":0.0032}},{"type":"Feature","geometry":{"type":"Point","coordinates":[30.3,-26.8]},"properties":{"region":3,"fire_occurred":0,"prediction":0.135}},{"type":"Feature","geometry":{"type":"Point","coordinates":[30.3,-26.7]},"properties":{"region":3,"fire_occurred":0,"prediction":0.1428}},{"type":"Feature","geometry":{"type":"Point","coordinates":[30.3,-26.2]},"properties":{"region":3,"fire_occurred":0,"prediction":0.1282}},{"type":"Feature","geometry":{"type":"Point","coordinates":[30.3,-26.0]},"properties":{"region":3,"fire_occurred":0,"prediction":0.1239}},{"type":"Feature","geometry":{"type":"Point","coordinates":[30.3,-25.7]},"properties":{"region":3,"fire_occurred":0,"prediction":0.1006}},{"type":"Feature","geometry":{"type":"Point","coordinates":[30.3,-25.1]},"properties":{"region":3,"fire_occurred":1,"prediction":0.0339}},{"type":"Feature","geometry":{"type":"Point","coordinates":[30.3,-17.4]},"properties":{"region":3,"fire_occurred":1,"prediction":0.045}},{"type":"Feature","geometry":{"type":"Point","coordinates":[30.3,-15.6]},"properties":{"region":3,"fire_occurred":0,"prediction":0.1069}},{"type":"Feature","geometry":{"type":"Point","coordinates":[30.4,-27.6]},"properties":{"region":3,"fire_occurred":0,"prediction":0.1017}},{"type":"Feature","geometry":{"type":"Point","coordinates":[30.4,-27.0]},"properties":{"region":3,"fire_occurred":0,"prediction":0.1301}},{"type":"Feature","geometry":{"type":"Point","coordinates":[30.4,-26.9]},"properties":{"region":3,"fire_occurred":0,"prediction":0.1792}},{"type":"Feature","geometry":{"type":"Point","coordinates":[30.4,-26.8]},"properties":{"region":3,"fire_occurred":0,"prediction":0.1856}},{"type":"Feature","geometry":{"type":"Point","coordinates":[30.4,-26.7]},"properties":{"region":3,"fire_occurred":0,"prediction":0.1165}},{"type":"Feature","geometry":{"type":"Point","coordinates":[30.4,-26.4]},"properties":{"region":3,"fire_occurred":0,"prediction":0.1753}},{"type":"Feature","geometry":{"type":"Point","coordinates":[30.4,-26.3]},"properties":{"region":3,"fire_occurred":0,"prediction":0.1004}},{"type":"Feature","geometry":{"type":"Point","coordinates":[30.4,-26.0]},"properties":{"region":3,"fire_occurred":0,"prediction":0.1126}},{"type":"Feature","geometry":{"type":"Point","coordinates":[30.4,-25.9]},"properties":{"region":3,"fire_occurred":0,"prediction":0.1786}},{"type":"Feature","geometry":{"type":"Point","coordinates":[30.4,-25.4]},"properties":{"region":3,"fire_occurred":0,"prediction":0.1352}},{"type":"Feature","geometry":{"type":"Point","coordinates":[30.4,-25.3]},"properties":{"region":3,"fire_occurred":0,"prediction":0.1237}},{"type":"Feature","geometry":{"type":"Point","coordinates":[30.4,-25.1]},"properties":{"region":3,"fire_occurred":1,"prediction":0.0749}},{"type":"Feature","geometry":{"type":"Point","coordinates":[30.4,-17.7]},"properties":{"region":3,"fire_occurred":1,"prediction":0.1331}},{"type":"Feature","geometry":{"type":"Point","coordinates":[30.4,-11.9]},"properties":{"region":3,"fire_occurred":0,"prediction":0.1266}},{"type":"Feature","geometry":{"type":"Point","coordinates":[30.4,-11.0]},"properties":{"region":3,"fire_occurred":0,"prediction":0.1808}},{"type":"Feature","geometry":{"type":"Point","coordinates":[30.4,-6.1]},"properties":{"region":3,"fire_occurred":0,"prediction":0.1613}},{"type":"Feature","geometry":{"type":"Point","coordinates":[30.4,-1.6]},"properties":{"region":3,"fire_occurred":0,"prediction":0.1574}},{"type":"Feature","geometry":{"type":"Point","coordinates":[30.4,60.9]},"properties":{"region":3,"fire_occurred":0,"prediction":0.1259}},{"type":"Feature","geometry":{"type":"Point","coordinates":[30.5,-29.0]},"properties":{"region":3,"fire_occurred":0,"prediction":0.1196}},{"type":"Feature","geometry":{"type":"Point","coordinates":[30.5,-27.0]},"properties":{"region":3,"fire_occurred":0,"prediction":0.1307}},{"type":"Feature","geometry":{"type":"Point","coordinates":[30.5,-26.9]},"properties":{"region":3,"fire_occurred":0,"prediction":0.1552}},{"type":"Feature","geometry":{"type":"Point","coordinates":[30.5,-26.5]},"properties":{"region":3,"fire_occurred":0,"prediction":0.1242}},{"type":"Feature","geometry":{"type":"Point","coordinates":[30.5,-26.4]},"properties":{"region":3,"fire_occurred":0,"prediction":0.1244}},{"type":"Feature","geometry":{"type":"Point","coordinates":[30.5,-26.2]},"properties":{"region":3,"fire_occurred":0,"prediction":0.1605}},{"type":"Feature","geometry":{"type":"Point","coordinates":[30.5,-26.0]},"properties":{"region":3,"fire_occurred":1,"prediction":0.0517}},{"type":"Feature","geometry":{"type":"Point","coordinates":[30.5,-25.9]},"properties":{"region":3,"fire_occurred":1,"prediction":0.0812}},{"type":"Feature","geometry":{"type":"Point","coordinates":[30.5,-25.4]},"properties":{"region":3,"fire_occurred":0,"prediction":0.1342}},{"type":"Feature","geometry":{"type":"Point","coordinates":[30.5,-25.2]},"properties":{"region":3,"fire_occurred":0,"prediction":0.1346}},{"type":"Feature","geometry":{"type":"Point","coordinates":[30.5,-17.6]},"properties":{"region":3,"fire_occurred":0,"prediction":0.1538}},{"type":"Feature","geometry":{"type":"Point","coordinates":[30.5,-14.0]},"properties":{"region":3,"fire_occurred":0,"prediction":0.1054}},{"type":"Feature","geometry":{"type":"Point","coordinates":[30.5,-12.5]},"properties":{"region":3,"fire_occurred":0,"prediction":0.1023}},{"type":"Feature","geometry":{"type":"Point","coordinates":[30.5,-12.0]},"properties":{"region":3,"fire_occurred":1,"prediction":0.0521}},{"type":"Feature","geometry":{"type":"Point","coordinates":[30.5,-11.8]},"properties":{"region":3,"fire_occurred":0,"prediction":0.1592}},{"type":"Feature","geometry":{"type":"Point","coordinates":[30.5,-11.7]},"properties":{"region":3,"fire_occurred":0,"prediction":0.2193}},{"type":"Feature","geometry":{"type":"Point","coordinates":[30.5,-7.0]},"properties":{"region":3,"fire_occurred":0,"prediction":0.1495}},{"type":"Feature","geometry":{"type":"Point","coordinates":[30.5,-6.9]},"properties":{"region":3,"fire_occurred":0,"prediction":0.2358}},{"type":"Feature","geometry":{"type":"Point","coordinates":[30.5,-6.1]},"properties":{"region":3,"fire_occurred":0,"prediction":0.2665}},{"type":"Feature","geometry":{"type":"Point","coordinates":[30.5,-1.6]},"properties":{"region":3,"fire_occurred":0,"prediction":0.2411}},{"type":"Feature","geometry":{"type":"Point","coordinates":[30.5,-1.4]},"properties":{"region":3,"fire_occurred":0,"prediction":0.253}},{"type":"Feature","geometry":{"type":"Point","coordinates":[30.5,-1.3]},"properties":{"region":3,"fire_occurred":0,"prediction":0.1948}},{"type":"Feature","geometry":{"type":"Point","coordinates":[30.6,-29.2]},"properties":{"region":3,"fire_occurred":0,"prediction":0.1054}},{"type":"Feature","geometry":{"type":"Point","coordinates":[30.6,-27.5]},"properties":{"region":3,"fire_occurred":0,"prediction":0.1143}},{"type":"Feature","geometry":{"type":"Point","coordinates":[30.6,-27.1]},"properties":{"region":3,"fire_occurred":0,"prediction":0.1757}},{"type":"Feature","geometry":{"type":"Point","coordinates":[30.6,-26.5]},"properties":{"region":3,"fire_occurred":0,"prediction":0.1481}},{"type":"Feature","geometry":{"type":"Point","coordinates":[30.6,-26.2]},"properties":{"region":3,"fire_occurred":0,"prediction":0.1175}},{"type":"Feature","geometry":{"type":"Point","coordinates":[30.6,-17.9]},"properties":{"region":3,"fire_occurred":0,"prediction":0.1726}},{"type":"Feature","geometry":{"type":"Point","coordinates":[30.6,-17.4]},"properties":{"region":3,"fire_occurred":0,"prediction":0.1122}},{"type":"Feature","geometry":{"type":"Point","coordinates":[30.6,-15.7]},"properties":{"region":3,"fire_occurred":0,"prediction":0.1439}},{"type":"Feature","geometry":{"type":"Point","coordinates":[30.6,-15.6]},"properties":{"region":3,"fire_occurred":0,"prediction":0.1962}},{"type":"Feature","geometry":{"type":"Point","coordinates":[30.6,-13.9]},"properties":{"region":3,"fire_occurred":0,"prediction":0.1085}},{"type":"Feature","geometry":{"type":"Point","coordinates":[30.6,-11.6]},"properties":{"region":3,"fire_occurred":0,"prediction":0.2444}},{"type":"Feature","geometry":{"type":"Point","coordinates":[30.6,-7.0]},"properties":{"region":3,"fire_occurred":0,"prediction":0.3051}},{"type":"Feature","geometry":{"type":"Point","coordinates":[30.6,-6.9]},"properties":{"region":3,"fire_occurred":0,"prediction":0.2973}},{"type":"Feature","geometry":{"type":"Point","coordinates":[30.6,-6.8]},"properties":{"region":3,"fire_occurred":0,"prediction":0.364}},{"type":"Feature","geometry":{"type":"Point","coordinates":[30.6,-6.2]},"properties":{"region":3,"fire_occurred":0,"prediction":0.2079}},{"type":"Feature","geometry":{"type":"Point","coordinates":[30.6,-6.1]},"properties":{"region":3,"fire_occurred":1,"prediction":0.1198}},{"type":"Feature","geometry":{"type":"Point","coordinates":[30.6,40.7]},"properties":{"region":3,"fire_occurred":0,"prediction":0.1176}},{"type":"Feature","geometry":{"type":"Point","coordinates":[30.6,48.1]},"properties":{"region":3,"fire_occurred":0,"prediction":0.1339}},{"type":"Feature","geometry":{"type":"Point","coordinates":[30.7,-27.6]},"properties":{"region":3,"fire_occurred":0,"prediction":0.1015}},{"type":"Feature","geometry":{"type":"Point","coordinates":[30.7,-27.5]},"properties":{"region":3,"fire_occurred":0,"prediction":0.1079}},{"type":"Feature","geometry":{"type":"Point","coordinates":[30.7,-27.2]},"properties":{"region":3,"fire_occurred":0,"prediction":0.114}},{"type":"Feature","geometry":{"type":"Point","coordinates":[30.7,-27.1]},"properties":{"region":3,"fire_occurred":0,"prediction":0.1813}},{"type":"Feature","geometry":{"type":"Point","coordinates":[30.7,-27.0]},"properties":{"region":3,"fire_occurred":0,"prediction":0.1036}},{"type":"Feature","geometry":{"type":"Point","coordinates":[30.7,-17.5]},"properties":{"region":3,"fire_occurred":0,"prediction":0.1297}},{"type":"Feature","geometry":{"type":"Point","coordinates":[30.7,-17.2]},"properties":{"region":3,"fire_occurred":0,"prediction":0.12}},{"type":"Feature","geometry":{"type":"Point","coordinates":[30.7,-7.0]},"properties":{"region":3,"fire_occurred":0,"prediction":0.1267}},{"type":"Feature","geometry":{"type":"Point","coordinates":[30.7,-6.9]},"properties":{"region":3,"fire_occurred":1,"prediction":0.2884}},{"type":"Feature","geometry":{"type":"Point","coordinates":[30.7,-6.8]},"properties":{"region":3,"fire_occurred":0,"prediction":0.2308}},{"type":"Feature","geometry":{"type":"Point","coordinates":[30.8,-28.6]},"properties":{"region":3,"fire_occurred":0,"prediction":0.1036}},{"type":"Feature","geometry":{"type":"Point","coordinates":[30.8,-27.8]},"properties":{"region":3,"fire_occurred":0,"prediction":0.1081}},{"type":"Feature","geometry":{"type":"Point","coordinates":[30.8,-27.6]},"properties":{"region":3,"fire_occurred":0,"prediction":0.2221}},{"type":"Feature","geometry":{"type":"Point","coordinates":[30.8,-27.2]},"properties":{"region":3,"fire_occurred":0,"prediction":0.2412}},{"type":"Feature","geometry":{"type":"Point","coordinates":[30.8,-27.1]},"properties":{"region":3,"fire_occurred":0,"prediction":0.1231}},{"type":"Feature","geometry":{"type":"Point","coordinates":[30.8,-27.0]},"properties":{"region":3,"fire_occurred":0,"prediction":0.1174}},{"type":"Feature","geometry":{"type":"Point","coordinates":[30.8,-26.7]},"properties":{"region":3,"fire_occurred":0,"prediction":0.1041}},{"type":"Feature","geometry":{"type":"Point","coordinates":[30.8,-26.2]},"properties":{"region":3,"fire_occurred":0,"prediction":0.1031}},{"type":"Feature","geometry":{"type":"Point","coordinates":[30.8,-17.1]},"properties":{"region":3,"fire_occurred":0,"prediction":0.1123}},{"type":"Feature","geometry":{"type":"Point","coordinates":[30.8,-7.0]},"properties":{"region":3,"fire_occurred":0,"prediction":0.1053}},{"type":"Feature","geometry":{"type":"Point","coordinates":[30.8,-6.9]},"properties":{"region":3,"fire_occurred":1,"prediction":0.1612}},{"type":"Feature","geometry":{"type":"Point","coordinates":[30.8,-6.7]},"properties":{"region":3,"fire_occurred":0,"prediction":0.2137}},{"type":"Feature","geometry":{"type":"Point","coordinates":[30.8,-2.4]},"properties":{"region":3,"fire_occurred":1,"prediction":0.1449}},{"type":"Feature","geometry":{"type":"Point","coordinates":[30.8,-2.3]},"properties":{"region":3,"fire_occurred":1,"prediction":0.0221}},{"type":"Feature","geometry":{"type":"Point","coordinates":[30.8,0.2]},"properties":{"region":3,"fire_occurred":1,"prediction":0.0006}},{"type":"Feature","geometry":{"type":"Point","coordinates":[30.9,-27.2]},"properties":{"region":3,"fire_occurred":0,"prediction":0.1334}},{"type":"Feature","geometry":{"type":"Point","coordinates":[30.9,-27.1]},"properties":{"region":3,"fire_occurred":0,"prediction":0.1104}},{"type":"Feature","geometry":{"type":"Point","coordinates":[30.9,-26.2]},"properties":{"region":3,"fire_occurred":0,"prediction":0.1469}},{"type":"Feature","geometry":{"type":"Point","coordinates":[30.9,-17.8]},"properties":{"region":3,"fire_occurred":0,"prediction":0.1225}},{"type":"Feature","geometry":{"type":"Point","coordinates":[30.9,-17.5]},"properties":{"region":3,"fire_occurred":0,"prediction":0.1622}},{"type":"Feature","geometry":{"type":"Point","coordinates":[30.9,-17.4]},"properties":{"region":3,"fire_occurred":0,"prediction":0.1713}},{"type":"Feature","geometry":{"type":"Point","coordinates":[30.9,-15.9]},"properties":{"region":3,"fire_occurred":0,"prediction":0.1138}},{"type":"Feature","geometry":{"type":"Point","coordinates":[30.9,-15.7]},"properties":{"region":3,"fire_occurred":0,"prediction":0.1182}},{"type":"Feature","geometry":{"type":"Point","coordinates":[30.9,-15.6]},"properties":{"region":3,"fire_occurred":0,"prediction":0.1094}},{"type":"Feature","geometry":{"type":"Point","coordinates":[30.9,-14.0]},"properties":{"region":3,"fire_occurred":0,"prediction":0.1636}},{"type":"Feature","geometry":{"type":"Point","coordinates":[30.9,-7.0]},"properties":{"region":3,"fire_occurred":0,"prediction":0.1678}},{"type":"Feature","geometry":{"type":"Point","coordinates":[30.9,-6.9]},"properties":{"region":3,"fire_occurred":0,"prediction":0.2733}},{"type":"Feature","geometry":{"type":"Point","coordinates":[30.9,-6.7]},"properties":{"region":3,"fire_occurred":0,"prediction":0.1304}},{"type":"Feature","geometry":{"type":"Point","coordinates":[30.9,-6.2]},"properties":{"region":3,"fire_occurred":0,"prediction":0.1427}},{"type":"Feature","geometry":{"type":"Point","coordinates":[30.9,-2.5]},"properties":{"region":3,"fire_occurred":0,"prediction":0.1822}},{"type":"Feature","geometry":{"type":"Point","coordinates":[30.9,-2.4]},"properties":{"region":3,"fire_occurred":1,"prediction":0.2424}},{"type":"Feature","geometry":{"type":"Point","coordinates":[30.9,-2.3]},"properties":{"region":3,"fire_occurred":1,"prediction":0.1205}},{"type":"Feature","geometry":{"type":"Point","coordinates":[30.9,-2.1]},"properties":{"region":3,"fire_occurred":0,"prediction":0.1871}},{"type":"Feature","geometry":{"type":"Point","coordinates":[30.9,-2.0]},"properties":{"region":3,"fire_occurred":1,"prediction":0.1829}},{"type":"Feature","geometry":{"type":"Point","coordinates":[31.0,-28.7]},"properties":{"region":3,"fire_occurred":1,"prediction":0.0373}},{"type":"Feature","geometry":{"type":"Point","coordinates":[31.0,-27.9]},"properties":{"region":3,"fire_occurred":0,"prediction":0.1115}},{"type":"Feature","geometry":{"type":"Point","coordinates":[31.0,-26.1]},"properties":{"region":3,"fire_occurred":0,"prediction":0.1202}},{"type":"Feature","geometry":{"type":"Point","coordinates":[31.0,-17.8]},"properties":{"region":3,"fire_occurred":0,"prediction":0.1363}},{"type":"Feature","geometry":{"type":"Point","coordinates":[31.0,-17.5]},"properties":{"region":3,"fire_occurred":0,"prediction":0.2783}},{"type":"Feature","geometry":{"type":"Point","coordinates":[31.0,-17.4]},"properties":{"region":3,"fire_occurred":0,"prediction":0.1341}},{"type":"Feature","geometry":{"type":"Point","coordinates":[31.0,-12.1]},"properties":{"region":3,"fire_occurred":1,"prediction":0.012}},{"type":"Feature","geometry":{"type":"Point","coordinates":[31.0,38.6]},"properties":{"region":3,"fire_occurred":0,"prediction":0.1176}},{"type":"Feature","geometry":{"type":"Point","coordinates":[31.1,-28.8]},"properties":{"region":3,"fire_occurred":1,"prediction":0.0207}},{"type":"Feature","geometry":{"type":"Point","coordinates":[31.1,-9.0]},"properties":{"region":3,"fire_occurred":0,"prediction":0.1037}},{"type":"Feature","geometry":{"type":"Point","coordinates":[31.1,-8.9]},"properties":{"region":3,"fire_occurred":0,"prediction":0.1336}},{"type":"Feature","geometry":{"type":"Point","coordinates":[31.1,-8.4]},"properties":{"region":3,"fire_occurred":0,"prediction":0.1255}},{"type":"Feature","geometry":{"type":"Point","coordinates":[31.1,-8.3]},"properties":{"region":3,"fire_occurred":0,"prediction":0.2544}},{"type":"Feature","geometry":{"type":"Point","coordinates":[31.2,-17.8]},"properties":{"region":3,"fire_occurred":0,"prediction":0.119}},{"type":"Feature","geometry":{"type":"Point","coordinates":[31.2,-10.6]},"properties":{"region":3,"fire_occurred":0,"prediction":0.1684}},{"type":"Feature","geometry":{"type":"Point","coordinates":[31.2,-10.2]},"properties":{"region":3,"fire_occurred":1,"prediction":0.0313}},{"type":"Feature","geometry":{"type":"Point","coordinates":[31.2,-8.7]},"properties":{"region":3,"fire_occurred":0,"prediction":0.1223}},{"type":"Feature","geometry":{"type":"Point","coordinates":[31.2,-8.1]},"properties":{"region":3,"fire_occurred":1,"prediction":0.1704}},{"type":"Feature","geometry":{"type":"Point","coordinates":[31.3,-17.8]},"properties":{"region":3,"fire_occurred":0,"prediction":0.1573}},{"type":"Feature","geometry":{"type":"Point","coordinates":[31.3,-17.3]},"properties":{"region":3,"fire_occurred":0,"prediction":0.1236}},{"type":"Feature","geometry":{"type":"Point","coordinates":[31.3,-12.0]},"properties":{"region":3,"fire_occurred":0,"prediction":0.1027}},{"type":"Feature","geometry":{"type":"Point","coordinates":[31.3,-10.6]},"properties":{"region":3,"fire_occurred":0,"prediction":0.116}},{"type":"Feature","geometry":{"type":"Point","coordinates":[31.3,-9.0]},"properties":{"region":3,"fire_occurred":0,"prediction":0.1199}},{"type":"Feature","geometry":{"type":"Point","coordinates":[31.3,-8.9]},"properties":{"region":3,"fire_occurred":0,"prediction":0.1497}},{"type":"Feature","geometry":{"type":"Point","coordinates":[31.3,-8.8]},"properties":{"region":3,"fire_occurred":0,"prediction":0.1882}},{"type":"Feature","geometry":{"type":"Point","coordinates":[31.4,-18.8]},"properties":{"region":3,"fire_occurred":1,"prediction":0.0064}},{"type":"Feature","geometry":{"type":"Point","coordinates":[31.4,-18.4]},"properties":{"region":3,"fire_occurred":1,"prediction":0.0103}},{"type":"Feature","geometry":{"type":"Point","coordinates":[31.4,-11.9]},"properties":{"region":3,"fire_occurred":1,"prediction":0.0218}},{"type":"Feature","geometry":{"type":"Point","coordinates":[31.4,-11.8]},"properties":{"region":3,"fire_occurred":0,"prediction":0.1161}},{"type":"Feature","geometry":{"type":"Point","coordinates":[31.4,-9.0]},"properties":{"region":3,"fire_occurred":1,"prediction":0.1724}},{"type":"Feature","geometry":{"type":"Point","coordinates":[31.5,-27.9]},"properties":{"region":3,"fire_occurred":1,"prediction":0.0495}},{"type":"Feature","geometry":{"type":"Point","coordinates":[31.5,-18.4]},"properties":{"region":3,"fire_occurred":1,"prediction":0.0068}},{"type":"Feature","geometry":{"type":"Point","coordinates":[31.6,-28.6]},"properties":{"region":3,"fire_occurred":1,"prediction":0.0188}},{"type":"Feature","geometry":{"type":"Point","coordinates":[31.7,-26.2]},"properties":{"region":3,"fire_occurred":0,"prediction":0.2853}},{"type":"Feature","geometry":{"type":"Point","coordinates":[31.7,-26.1]},"properties":{"region":3,"fire_occurred":0,"prediction":0.1015}},{"type":"Feature","geometry":{"type":"Point","coordinates":[31.8,-16.9]},"properties":{"region":3,"fire_occurred":0,"prediction":0.1163}},{"type":"Feature","geometry":{"type":"Point","coordinates":[31.9,-16.9]},"properties":{"region":3,"fire_occurred":0,"prediction":0.1271}},{"type":"Feature","geometry":{"type":"Point","coordinates":[31.9,-16.2]},"properties":{"region":3,"fire_occurred":0,"prediction":0.1374}},{"type":"Feature","geometry":{"type":"Point","coordinates":[31.9,-16.1]},"properties":{"region":3,"fire_occurred":0,"prediction":0.1347}},{"type":"Feature","geometry":{"type":"Point","coordinates":[32.0,-16.4]},"properties":{"region":3,"fire_occurred":1,"prediction":0.0643}},{"type":"Feature","geometry":{"type":"Point","coordinates":[32.0,-16.2]},"properties":{"region":3,"fire_occurred":0,"prediction":0.1281}},{"type":"Feature","geometry":{"type":"Point","coordinates":[32.0,-12.6]},"properties":{"region":3,"fire_occurred":1,"prediction":0.021}},{"type":"Feature","geometry":{"type":"Point","coordinates":[32.0,-7.0]},"properties":{"region":3,"fire_occurred":0,"prediction":0.1219}},{"type":"Feature","geometry":{"type":"Point","coordinates":[32.0,-6.6]},"properties":{"region":3,"fire_occurred":1,"prediction":0.0222}},{"type":"Feature","geometry":{"type":"Point","coordinates":[32.0,-6.4]},"properties":{"region":3,"fire_occurred":0,"prediction":0.2732}},{"type":"Feature","geometry":{"type":"Point","coordinates":[32.1,-16.2]},"properties":{"region":3,"fire_occurred":1,"prediction":0.108}},{"type":"Feature","geometry":{"type":"Point","coordinates":[32.1,-13.0]},"properties":{"region":3,"fire_occurred":0,"prediction":0.1107}},{"type":"Feature","geometry":{"type":"Point","coordinates":[32.1,-12.9]},"properties":{"region":3,"fire_occurred":1,"prediction":0.3595}},{"type":"Feature","geometry":{"type":"Point","coordinates":[32.1,-7.0]},"properties":{"region":3,"fire_occurred":1,"prediction":0.1099}},{"type":"Feature","geometry":{"type":"Point","coordinates":[32.1,-6.9]},"properties":{"region":3,"fire_occurred":0,"prediction":0.1238}},{"type":"Feature","geometry":{"type":"Point","coordinates":[32.1,-6.6]},"properties":{"region":3,"fire_occurred":1,"prediction":0.1304}},{"type":"Feature","geometry":{"type":"Point","coordinates":[32.2,-16.2]},"properties":{"region":3,"fire_occurred":1,"prediction":0.0698}},{"type":"Feature","geometry":{"type":"Point","coordinates":[32.2,-12.8]},"properties":{"region":3,"fire_occurred":0,"prediction":0.1816}},{"type":"Feature","geometry":{"type":"Point","coordinates":[32.2,-12.5]},"properties":{"region":3,"fire_occurred":1,"prediction":0.0215}},{"type":"Feature","geometry":{"type":"Point","coordinates":[32.2,-7.0]},"properties":{"region":3,"fire_occurred":0,"prediction":0.1226}},{"type":"Feature","geometry":{"type":"Point","coordinates":[32.2,-6.9]},"properties":{"region":3,"fire_occurred":1,"prediction":0.0097}},{"type":"Feature","geometry":{"type":"Point","coordinates":[32.3,-8.3]},"properties":{"region":3,"fire_occurred":1,"prediction":0.0107}},{"type":"Feature","geometry":{"type":"Point","coordinates":[32.3,-7.0]},"properties":{"region":3,"fire_occurred":0,"prediction":0.1928}},{"type":"Feature","geometry":{"type":"Point","coordinates":[32.4,-16.4]},"properties":{"region":3,"fire_occurred":0,"prediction":0.1302}},{"type":"Feature","geometry":{"type":"Point","coordinates":[32.4,-7.0]},"properties":{"region":3,"fire_occurred":0,"prediction":0.1737}},{"type":"Feature","geometry":{"type":"Point","coordinates":[32.5,-16.5]},"properties":{"region":3,"fire_occurred":1,"prediction":0.1607}},{"type":"Feature","geometry":{"type":"Point","coordinates":[32.5,-15.5]},"properties":{"region":3,"fire_occurred":0,"prediction":0.1198}},{"type":"Feature","geometry":{"type":"Point","coordinates":[32.5,-7.0]},"properties":{"region":3,"fire_occurred":0,"prediction":0.1134}},{"type":"Feature","geometry":{"type":"Point","coordinates":[32.6,-16.8]},"properties":{"region":3,"fire_occurred":0,"prediction":0.2131}},{"type":"Feature","geometry":{"type":"Point","coordinates":[32.6,-16.4]},"properties":{"region":3,"fire_occurred":0,"prediction":0.1038}},{"type":"Feature","geometry":{"type":"Point","coordinates":[32.6,-12.0]},"properties":{"region":3,"fire_occurred":0,"prediction":0.1145}},{"type":"Feature","geometry":{"type":"Point","coordinates":[32.6,-11.9]},"properties":{"region":3,"fire_occurred":0,"prediction":0.1075}},{"type":"Feature","geometry":{"type":"Point","coordinates":[32.6,-11.6]},"properties":{"region":3,"fire_occurred":0,"prediction":0.1273}},{"type":"Feature","geometry":{"type":"Point","coordinates":[32.6,-9.1]},"properties":{"region":3,"fire_occurred":0,"prediction":0.1879}},{"type":"Feature","geometry":{"type":"Point","coordinates":[32.6,41.1]},"properties":{"region":3,"fire_occurred":0,"prediction":0.1371}},{"type":"Feature","geometry":{"type":"Point","coordinates":[32.7,-18.3]},"properties":{"region":3,"fire_occurred":0,"prediction":0.1211}},{"type":"Feature","geometry":{"type":"Point","coordinates":[32.7,-7.0]},"properties":{"region":3,"fire_occurred":0,"prediction":0.3021}},{"type":"Feature","geometry":{"type":"Point","coordinates":[32.7,-6.5]},"properties":{"region":3,"fire_occurred":1,"prediction":0.0097}},{"type":"Feature","geometry":{"type":"Point","coordinates":[32.8,-16.4]},"properties":{"region":3,"fire_occurred":0,"prediction":0.1152}},{"type":"Feature","geometry":{"type":"Point","coordinates":[32.8,-7.0]},"properties":{"region":3,"fire_occurred":1,"prediction":0.1894}},{"type":"Feature","geometry":{"type":"Point","coordinates":[32.8,-6.9]},"properties":{"region":3,"fire_occurred":0,"prediction":0.2663}},{"type":"Feature","geometry":{"type":"Point","coordinates":[32.9,-7.0]},"properties":{"region":3,"fire_occurred":0,"prediction":0.13}},{"type":"Feature","geometry":{"type":"Point","coordinates":[32.9,-6.9]},"properties":{"region":3,"fire_occurred":0,"prediction":0.226}},{"type":"Feature","geometry":{"type":"Point","coordinates":[32.9,-6.8]},"properties":{"region":3,"fire_occurred":0,"prediction":0.2012}},{"type":"Feature","geometry":{"type":"Point","coordinates":[32.9,55.8]},"properties":{"region":3,"fire_occurred":1,"prediction":0.0001}},{"type":"Feature","geometry":{"type":"Point","coordinates":[33.0,-7.2]},"properties":{"region":3,"fire_occurred":0,"prediction":0.1476}},{"type":"Feature","geometry":{"type":"Point","coordinates":[33.1,-17.4]},"properties":{"region":3,"fire_occurred":0,"prediction":0.1688}},{"type":"Feature","geometry":{"type":"Point","coordinates":[33.1,-17.3]},"properties":{"region":3,"fire_occurred":0,"prediction":0.209}},{"type":"Feature","geometry":{"type":"Point","coordinates":[33.1,-8.5]},"properties":{"region":3,"fire_occurred":1,"prediction":0.1337}},{"type":"Feature","geometry":{"type":"Point","coordinates":[33.1,-7.2]},"properties":{"region":3,"fire_occurred":0,"prediction":0.1896}},{"type":"Feature","geometry":{"type":"Point","coordinates":[33.2,-17.4]},"properties":{"region":3,"fire_occurred":0,"prediction":0.1386}},{"type":"Feature","geometry":{"type":"Point","coordinates":[33.2,-17.3]},"properties":{"region":3,"fire_occurred":0,"prediction":0.2186}},{"type":"Feature","geometry":{"type":"Point","coordinates":[33.2,-10.8]},"properties":{"region":3,"fire_occurred":0,"prediction":0.1482}},{"type":"Feature","geometry":{"type":"Point","coordinates":[33.3,-17.4]},"properties":{"region":3,"fire_occurred":0,"prediction":0.1534}},{"type":"Feature","geometry":{"type":"Point","coordinates":[33.3,-17.3]},"properties":{"region":3,"fire_occurred":0,"prediction":0.1489}},{"type":"Feature","geometry":{"type":"Point","coordinates":[33.3,-17.1]},"properties":{"region":3,"fire_occurred":1,"prediction":0.0657}},{"type":"Feature","geometry":{"type":"Point","coordinates":[33.3,-7.3]},"properties":{"region":3,"fire_occurred":0,"prediction":0.1855}},{"type":"Feature","geometry":{"type":"Point","coordinates":[33.3,47.8]},"properties":{"region":3,"fire_occurred":0,"prediction":0.4356}},{"type":"Feature","geometry":{"type":"Point","coordinates":[33.4,-17.3]},"properties":{"region":3,"fire_occurred":0,"prediction":0.1037}},{"type":"Feature","geometry":{"type":"Point","coordinates":[33.4,-7.3]},"properties":{"region":3,"fire_occurred":0,"prediction":0.1586}},{"type":"Feature","geometry":{"type":"Point","coordinates":[33.4,47.8]},"properties":{"region":3,"fire_occurred":0,"prediction":0.4898}},{"type":"Feature","geometry":{"type":"Point","coordinates":[33.5,-17.1]},"properties":{"region":3,"fire_occurred":0,"prediction":0.2272}},{"type":"Feature","geometry":{"type":"Point","coordinates":[33.5,-7.2]},"properties":{"region":3,"fire_occurred":1,"prediction":0.14}},{"type":"Feature","geometry":{"type":"Point","coordinates":[33.5,-7.1]},"properties":{"region":3,"fire_occurred":0,"prediction":0.1542}},{"type":"Feature","geometry":{"type":"Point","coordinates":[33.6,-17.5]},"properties":{"region":3,"fire_occurred":1,"prediction":0.1613}},{"type":"Feature","geometry":{"type":"Point","coordinates":[33.6,-17.4]},"properties":{"region":3,"fire_occurred":0,"prediction":0.1165}},{"type":"Feature","geometry":{"type":"Point","coordinates":[33.6,-17.1]},"properties":{"region":3,"fire_occurred":0,"prediction":0.1034}},{"type":"Feature","geometry":{"type":"Point","coordinates":[33.6,-7.3]},"properties":{"region":3,"fire_occurred":0,"prediction":0.1307}},{"type":"Feature","geometry":{"type":"Point","coordinates":[33.6,-7.2]},"properties":{"region":3,"fire_occurred":1,"prediction":0.2705}},{"type":"Feature","geometry":{"type":"Point","coordinates":[33.6,-7.1]},"properties":{"region":3,"fire_occurred":0,"prediction":0.2131}},{"type":"Feature","geometry":{"type":"Point","coordinates":[33.7,-17.7]},"properties":{"region":3,"fire_occurred":0,"prediction":0.1099}},{"type":"Feature","geometry":{"type":"Point","coordinates":[33.7,-17.5]},"properties":{"region":3,"fire_occurred":1,"prediction":0.0407}},{"type":"Feature","geometry":{"type":"Point","coordinates":[33.7,-17.3]},"properties":{"region":3,"fire_occurred":0,"prediction":0.1295}},{"type":"Feature","geometry":{"type":"Point","coordinates":[33.7,-7.4]},"properties":{"region":3,"fire_occurred":0,"prediction":0.1076}},{"type":"Feature","geometry":{"type":"Point","coordinates":[33.7,-7.3]},"properties":{"region":3,"fire_occurred":0,"prediction":0.2683}},{"type":"Feature","geometry":{"type":"Point","coordinates":[33.7,-7.2]},"properties":{"region":3,"fire_occurred":1,"prediction":0.2328}},{"type":"Feature","geometry":{"type":"Point","coordinates":[33.7,-7.1]},"properties":{"region":3,"fire_occurred":1,"prediction":0.1706}},{"type":"Feature","geometry":{"type":"Point","coordinates":[33.8,-17.4]},"properties":{"region":3,"fire_occurred":0,"prediction":0.2016}},{"type":"Feature","geometry":{"type":"Point","coordinates":[33.8,-17.2]},"properties":{"region":3,"fire_occurred":0,"prediction":0.1467}},{"type":"Feature","geometry":{"type":"Point","coordinates":[33.8,-7.3]},"properties":{"region":3,"fire_occurred":1,"prediction":0.0968}},{"type":"Feature","geometry":{"type":"Point","coordinates":[33.9,-17.2]},"properties":{"region":3,"fire_occurred":0,"prediction":0.232}},{"type":"Feature","geometry":{"type":"Point","coordinates":[33.9,-8.4]},"properties":{"region":3,"fire_occurred":1,"prediction":0.11}},{"type":"Feature","geometry":{"type":"Point","coordinates":[33.9,-7.5]},"properties":{"region":3,"fire_occurred":1,"prediction":0.2112}},{"type":"Feature","geometry":{"type":"Point","coordinates":[33.9,-7.3]},"properties":{"region":3,"fire_occurred":0,"prediction":0.1005}},{"type":"Feature","geometry":{"type":"Point","coordinates":[33.9,-7.2]},"properties":{"region":3,"fire_occurred":0,"prediction":0.1251}},{"type":"Feature","geometry":{"type":"Point","coordinates":[33.9,-7.1]},"properties":{"region":3,"fire_occurred":0,"prediction":0.168}},{"type":"Feature","geometry":{"type":"Point","coordinates":[34.0,-18.1]},"properties":{"region":3,"fire_occurred":0,"prediction":0.1195}},{"type":"Feature","geometry":{"type":"Point","coordinates":[34.0,-7.5]},"properties":{"region":3,"fire_occurred":0,"prediction":0.166}},{"type":"Feature","geometry":{"type":"Point","coordinates":[34.0,-7.4]},"properties":{"region":3,"fire_occurred":0,"prediction":0.1762}},{"type":"Feature","geometry":{"type":"Point","coordinates":[34.0,-7.3]},"properties":{"region":3,"fire_occurred":0,"prediction":0.1667}},{"type":"Feature","geometry":{"type":"Point","coordinates":[34.0,-7.2]},"properties":{"region":3,"fire_occurred":0,"prediction":0.2156}},{"type":"Feature","geometry":{"type":"Point","coordinates":[34.0,-7.0]},"properties":{"region":3,"fire_occurred":1,"prediction":0.211}},{"type":"Feature","geometry":{"type":"Point","coordinates":[34.0,-6.8]},"properties":{"region":3,"fire_occurred":1,"prediction":0.0895}},{"type":"Feature","geometry":{"type":"Point","coordinates":[34.1,-8.4]},"properties":{"region":3,"fire_occurred":0,"prediction":0.1304}},{"type":"Feature","geometry":{"type":"Point","coordinates":[34.1,-7.4]},"properties":{"region":3,"fire_occurred":0,"prediction":0.1843}},{"type":"Feature","geometry":{"type":"Point","coordinates":[34.1,-7.3]},"properties":{"region":3,"fire_occurred":0,"prediction":0.1591}},{"type":"Feature","geometry":{"type":"Point","coordinates":[34.1,-7.2]},"properties":{"region":3,"fire_occurred":0,"prediction":0.25}},{"type":"Feature","geometry":{"type":"Point","coordinates":[34.1,-7.0]},"properties":{"region":3,"fire_occurred":0,"prediction":0.1878}},{"type":"Feature","geometry":{"type":"Point","coordinates":[34.1,-6.7]},"properties":{"region":3,"fire_occurred":0,"prediction":0.2115}},{"type":"Feature","geometry":{"type":"Point","coordinates":[34.1,-6.5]},"properties":{"region":3,"fire_occurred":0,"prediction":0.144}},{"type":"Feature","geometry":{"type":"Point","coordinates":[34.2,-14.0]},"properties":{"region":3,"fire_occurred":0,"prediction":0.1094}},{"type":"Feature","geometry":{"type":"Point","coordinates":[34.2,-13.9]},"properties":{"region":3,"fire_occurred":0,"prediction":0.1521}},{"type":"Feature","geometry":{"type":"Point","coordinates":[34.2,-7.4]},"properties":{"region":3,"fire_occurred":0,"prediction":0.2298}},{"type":"Feature","geometry":{"type":"Point","coordinates":[34.2,-7.3]},"properties":{"region":3,"fire_occurred":0,"prediction":0.1049}},{"type":"Feature","geometry":{"type":"Point","coordinates":[34.2,-6.9]},"properties":{"region":3,"fire_occurred":0,"prediction":0.132}},{"type":"Feature","geometry":{"type":"Point","coordinates":[34.2,-6.8]},"properties":{"region":3,"fire_occurred":0,"prediction":0.1763}},{"type":"Feature","geometry":{"type":"Point","coordinates":[34.2,-6.7]},"properties":{"region":3,"fire_occurred":1,"prediction":0.1539}},{"type":"Feature","geometry":{"type":"Point","coordinates":[34.2,-6.4]},"properties":{"region":3,"fire_occurred":0,"prediction":0.1841}},{"type":"Feature","geometry":{"type":"Point","coordinates":[34.2,-6.3]},"properties":{"region":3,"fire_occurred":1,"prediction":0.1779}},{"type":"Feature","geometry":{"type":"Point","coordinates":[34.2,-6.2]},"properties":{"region":3,"fire_occurred":0,"prediction":0.1614}},{"type":"Feature","geometry":{"type":"Point","coordinates":[34.2,-6.1]},"properties":{"region":3,"fire_occurred":0,"prediction":0.1204}},{"type":"Feature","geometry":{"type":"Point","coordinates":[34.3,-14.0]},"properties":{"region":3,"fire_occurred":0,"prediction":0.2255}},{"type":"Feature","geometry":{"type":"Point","coordinates":[34.3,-13.9]},"properties":{"region":3,"fire_occurred":1,"prediction":0.2143}},{"type":"Feature","geometry":{"type":"Point","coordinates":[34.3,-13.8]},"properties":{"region":3,"fire_occurred":1,"prediction":0.2339}},{"type":"Feature","geometry":{"type":"Point","coordinates":[34.3,-9.2]},"properties":{"region":3,"fire_occurred":0,"prediction":0.3322}},{"type":"Feature","geometry":{"type":"Point","coordinates":[34.3,-9.1]},"properties":{"region":3,"fire_occurred":1,"prediction":0.1805}},{"type":"Feature","geometry":{"type":"Point","coordinates":[34.3,-7.1]},"properties":{"region":3,"fire_occurred":0,"prediction":0.1627}},{"type":"Feature","geometry":{"type":"Point","coordinates":[34.3,-7.0]},"properties":{"region":3,"fire_occurred":0,"prediction":0.2245}},{"type":"Feature","geometry":{"type":"Point","coordinates":[34.3,-6.9]},"properties":{"region":3,"fire_occurred":0,"prediction":0.1289}},{"type":"Feature","geometry":{"type":"Point","coordinates":[34.3,-6.5]},"properties":{"region":3,"fire_occurred":1,"prediction":0.17}},{"type":"Feature","geometry":{"type":"Point","coordinates":[34.3,-6.4]},"properties":{"region":3,"fire_occurred":1,"prediction":0.1677}},{"type":"Feature","geometry":{"type":"Point","coordinates":[34.3,-6.3]},"properties":{"region":3,"fire_occurred":1,"prediction":0.1307}},{"type":"Feature","geometry":{"type":"Point","coordinates":[34.3,-6.2]},"properties":{"region":3,"fire_occurred":0,"prediction":0.1643}},{"type":"Feature","geometry":{"type":"Point","coordinates":[34.3,47.6]},"properties":{"region":3,"fire_occurred":0,"prediction":0.1937}},{"type":"Feature","geometry":{"type":"Point","coordinates":[34.4,-18.1]},"properties":{"region":3,"fire_occurred":1,"prediction":0.0056}},{"type":"Feature","geometry":{"type":"Point","coordinates":[34.4,-13.9]},"properties":{"region":3,"fire_occurred":0,"prediction":0.3023}},{"type":"Feature","geometry":{"type":"Point","coordinates":[34.4,-13.8]},"properties":{"region":3,"fire_occurred":0,"prediction":0.1494}},{"type":"Feature","geometry":{"type":"Point","coordinates":[34.4,-13.7]},"properties":{"region":3,"fire_occurred":1,"prediction":0.2256}},{"type":"Feature","geometry":{"type":"Point","coordinates":[34.4,-8.1]},"properties":{"region":3,"fire_occurred":0,"prediction":0.1435}},{"type":"Feature","geometry":{"type":"Point","coordinates":[34.4,-7.1]},"properties":{"region":3,"fire_occurred":0,"prediction":0.1302}},{"type":"Feature","geometry":{"type":"Point","coordinates":[34.4,-6.9]},"properties":{"region":3,"fire_occurred":0,"prediction":0.1985}},{"type":"Feature","geometry":{"type":"Point","coordinates":[34.4,-6.7]},"properties":{"region":3,"fire_occurred":1,"prediction":0.0443}},{"type":"Feature","geometry":{"type":"Point","coordinates":[34.4,-6.4]},"properties":{"region":3,"fire_occurred":0,"prediction":0.2367}},{"type":"Feature","geometry":{"type":"Point","coordinates":[34.4,-6.3]},"properties":{"region":3,"fire_occurred":1,"prediction":0.159}},{"type":"Feature","geometry":{"type":"Point","coordinates":[34.4,-6.2]},"properties":{"region":3,"fire_occurred":0,"prediction":0.1713}},{"type":"Feature","geometry":{"type":"Point","coordinates":[34.5,-13.8]},"properties":{"region":3,"fire_occurred":1,"prediction":0.0582}},{"type":"Feature","geometry":{"type":"Point","coordinates":[34.5,-13.7]},"properties":{"region":3,"fire_occurred":1,"prediction":0.1244}},{"type":"Feature","geometry":{"type":"Point","coordinates":[34.5,-8.2]},"properties":{"region":3,"fire_occurred":0,"prediction":0.118}},{"type":"Feature","geometry":{"type":"Point","coordinates":[34.5,-8.1]},"properties":{"region":3,"fire_occurred":0,"prediction":0.13}},{"type":"Feature","geometry":{"type":"Point","coordinates":[34.5,-7.0]},"properties":{"region":3,"fire_occurred":0,"prediction":0.1313}},{"type":"Feature","geometry":{"type":"Point","coordinates":[34.5,-6.9]},"properties":{"region":3,"fire_occurred":0,"prediction":0.1154}},{"type":"Feature","geometry":{"type":"Point","coordinates":[34.5,-6.5]},"properties":{"region":3,"fire_occurred":1,"prediction":0.0985}},{"type":"Feature","geometry":{"type":"Point","coordinates":[34.5,-6.4]},"properties":{"region":3,"fire_occurred":0,"prediction":0.2692}},{"type":"Feature","geometry":{"type":"Point","coordinates":[34.5,-6.3]},"properties":{"region":3,"fire_occurred":0,"prediction":0.1726}},{"type":"Feature","geometry":{"type":"Point","coordinates":[34.5,-6.2]},"properties":{"region":3,"fire_occurred":0,"prediction":0.1525}},{"type":"Feature","geometry":{"type":"Point","coordinates":[34.6,-8.1]},"properties":{"region":3,"fire_occurred":0,"prediction":0.1454}},{"type":"Feature","geometry":{"type":"Point","coordinates":[34.6,-8.0]},"properties":{"region":3,"fire_occurred":0,"prediction":0.1354}},{"type":"Feature","geometry":{"type":"Point","coordinates":[34.6,-7.3]},"properties":{"region":3,"fire_occurred":0,"prediction":0.1989}},{"type":"Feature","geometry":{"type":"Point","coordinates":[34.6,-7.0]},"properties":{"region":3,"fire_occurred":0,"prediction":0.1422}},{"type":"Feature","geometry":{"type":"Point","coordinates":[34.6,-6.7]},"properties":{"region":3,"fire_occurred":0,"prediction":0.1582}},{"type":"Feature","geometry":{"type":"Point","coordinates":[34.6,-6.5]},"properties":{"region":3,"fire_occurred":1,"prediction":0.2023}},{"type":"Feature","geometry":{"type":"Point","coordinates":[34.6,-6.3]},"properties":{"region":3,"fire_occurred":0,"prediction":0.1122}},{"type":"Feature","geometry":{"type":"Point","coordinates":[34.7,-7.8]},"properties":{"region":3,"fire_occurred":0,"prediction":0.1136}},{"type":"Feature","geometry":{"type":"Point","coordinates":[34.7,-7.1]},"properties":{"region":3,"fire_occurred":0,"prediction":0.1475}},{"type":"Feature","geometry":{"type":"Point","coordinates":[34.7,-6.8]},"properties":{"region":3,"fire_occurred":1,"prediction":0.139}},{"type":"Feature","geometry":{"type":"Point","coordinates":[34.7,-6.7]},"properties":{"region":3,"fire_occurred":0,"prediction":0.111}},{"type":"Feature","geometry":{"type":"Point","coordinates":[34.7,-6.6]},"properties":{"region":3,"fire_occurred":0,"prediction":0.1595}},{"type":"Feature","geometry":{"type":"Point","coordinates":[34.7,-6.4]},"properties":{"region":3,"fire_occurred":0,"prediction":0.1246}},{"type":"Feature","geometry":{"type":"Point","coordinates":[34.8,-12.7]},"properties":{"region":3,"fire_occurred":0,"prediction":0.1044}},{"type":"Feature","geometry":{"type":"Point","coordinates":[34.8,-8.1]},"properties":{"region":3,"fire_occurred":0,"prediction":0.1309}},{"type":"Feature","geometry":{"type":"Point","coordinates":[34.8,-7.9]},"properties":{"region":3,"fire_occurred":1,"prediction":0.0395}},{"type":"Feature","geometry":{"type":"Point","coordinates":[34.8,-7.4]},"properties":{"region":3,"fire_occurred":0,"prediction":0.2541}},{"type":"Feature","geometry":{"type":"Point","coordinates":[34.8,-7.1]},"properties":{"region":3,"fire_occurred":1,"prediction":0.1818}},{"type":"Feature","geometry":{"type":"Point","coordinates":[34.8,-7.0]},"properties":{"region":3,"fire_occurred":1,"prediction":0.0585}},{"type":"Feature","geometry":{"type":"Point","coordinates":[34.8,-6.8]},"properties":{"region":3,"fire_occurred":0,"prediction":0.1703}},{"type":"Feature","geometry":{"type":"Point","coordinates":[34.8,-6.7]},"properties":{"region":3,"fire_occurred":0,"prediction":0.1062}},{"type":"Feature","geometry":{"type":"Point","coordinates":[34.8,-6.6]},"properties":{"region":3,"fire_occurred":0,"prediction":0.1731}},{"type":"Feature","geometry":{"type":"Point","coordinates":[34.8,-6.5]},"properties":{"region":3,"fire_occurred":1,"prediction":0.1114}},{"type":"Feature","geometry":{"type":"Point","coordinates":[34.9,-13.7]},"properties":{"region":3,"fire_occurred":1,"prediction":0.1343}},{"type":"Feature","geometry":{"type":"Point","coordinates":[34.9,-13.6]},"properties":{"region":3,"fire_occurred":1,"prediction":0.2078}},{"type":"Feature","geometry":{"type":"Point","coordinates":[34.9,-8.0]},"properties":{"region":3,"fire_occurred":0,"prediction":0.2794}},{"type":"Feature","geometry":{"type":"Point","coordinates":[34.9,-7.9]},"properties":{"region":3,"fire_occurred":0,"prediction":0.3664}},{"type":"Feature","geometry":{"type":"Point","coordinates":[34.9,-7.8]},"properties":{"region":3,"fire_occurred":0,"prediction":0.2491}},{"type":"Feature","geometry":{"type":"Point","coordinates":[34.9,-7.6]},"properties":{"region":3,"fire_occurred":0,"prediction":0.1184}},{"type":"Feature","geometry":{"type":"Point","coordinates":[34.9,-7.3]},"properties":{"region":3,"fire_occurred":0,"prediction":0.1701}},{"type":"Feature","geometry":{"type":"Point","coordinates":[34.9,-7.1]},"properties":{"region":3,"fire_occurred":0,"prediction":0.1011}},{"type":"Feature","geometry":{"type":"Point","coordinates":[34.9,-6.8]},"properties":{"region":3,"fire_occurred":1,"prediction":0.0612}},{"type":"Feature","geometry":{"type":"Point","coordinates":[34.9,-6.7]},"properties":{"region":3,"fire_occurred":1,"prediction":0.099}},{"type":"Feature","geometry":{"type":"Point","coordinates":[34.9,-6.6]},"properties":{"region":3,"fire_occurred":0,"prediction":0.1299}},{"type":"Feature","geometry":{"type":"Point","coordinates":[34.9,-6.3]},"properties":{"region":3,"fire_occurred":1,"prediction":0.013}},{"type":"Feature","geometry":{"type":"Point","coordinates":[35.0,-14.3]},"properties":{"region":3,"fire_occurred":0,"prediction":0.1026}},{"type":"Feature","geometry":{"type":"Point","coordinates":[35.1,-14.4]},"properties":{"region":3,"fire_occurred":0,"prediction":0.1257}},{"type":"Feature","geometry":{"type":"Point","coordinates":[35.1,47.8]},"properties":{"region":3,"fire_occurred":0,"prediction":0.2336}},{"type":"Feature","geometry":{"type":"Point","coordinates":[35.5,-14.5]},"properties":{"region":3,"fire_occurred":1,"prediction":0.002}},{"type":"Feature","geometry":{"type":"Point","coordinates":[35.6,-15.0]},"properties":{"region":3,"fire_occurred":1,"prediction":0.0955}},{"type":"Feature","geometry":{"type":"Point","coordinates":[35.6,37.3]},"properties":{"region":3,"fire_occurred":0,"prediction":0.1409}},{"type":"Feature","geometry":{"type":"Point","coordinates":[35.6,38.6]},"properties":{"region":3,"fire_occurred":0,"prediction":0.1004}},{"type":"Feature","geometry":{"type":"Point","coordinates":[35.7,-15.0]},"properties":{"region":3,"fire_occurred":0,"prediction":0.1558}},{"type":"Feature","geometry":{"type":"Point","coordinates":[36.0,-14.9]},"properties":{"region":3,"fire_occurred":1,"prediction":0.0109}},{"type":"Feature","geometry":{"type":"Point","coordinates":[37.3,37.1]},"properties":{"region":3,"fire_occurred":0,"prediction":0.1519}},{"type":"Feature","geometry":{"type":"Point","coordinates":[37.4,36.3]},"properties":{"region":3,"fire_occurred":1,"prediction":0.0171}},{"type":"Feature","geometry":{"type":"Point","coordinates":[37.5,-14.5]},"properties":{"region":3,"fire_occurred":1,"prediction":0.1076}},{"type":"Feature","geometry":{"type":"Point","coordinates":[37.5,-14.4]},"properties":{"region":3,"fire_occurred":1,"prediction":0.037}},{"type":"Feature","geometry":{"type":"Point","coordinates":[37.5,47.0]},"properties":{"region":3,"fire_occurred":0,"prediction":0.3975}},{"type":"Feature","geometry":{"type":"Point","coordinates":[37.5,47.1]},"properties":{"region":3,"fire_occurred":1,"prediction":0.5099}},{"type":"Feature","geometry":{"type":"Point","coordinates":[37.6,48.1]},"properties":{"region":3,"fire_occurred":0,"prediction":0.1352}},{"type":"Feature","geometry":{"type":"Point","coordinates":[37.7,-14.3]},"properties":{"region":3,"fire_occurred":1,"prediction":0.0172}},{"type":"Feature","geometry":{"type":"Point","coordinates":[37.7,48.1]},"properties":{"region":3,"fire_occurred":0,"prediction":0.4182}},{"type":"Feature","geometry":{"type":"Point","coordinates":[37.7,54.1]},"properties":{"region":3,"fire_occurred":0,"prediction":0.3417}},{"type":"Feature","geometry":{"type":"Point","coordinates":[37.7,59.1]},"properties":{"region":3,"fire_occurred":1,"prediction":0.0399}},{"type":"Feature","geometry":{"type":"Point","coordinates":[37.8,-14.1]},"properties":{"region":3,"fire_occurred":1,"prediction":0.0028}},{"type":"Feature","geometry":{"type":"Point","coordinates":[37.8,55.3]},"properties":{"region":3,"fire_occurred":1,"prediction":0.0004}},{"type":"Feature","geometry":{"type":"Point","coordinates":[37.8,59.1]},"properties":{"region":3,"fire_occurred":1,"prediction":0.0106}},{"type":"Feature","geometry":{"type":"Point","coordinates":[37.9,51.1]},"properties":{"region":3,"fire_occurred":1,"prediction":0.4313}},{"type":"Feature","geometry":{"type":"Point","coordinates":[38.5,12.9]},"properties":{"region":3,"fire_occurred":0,"prediction":0.1286}},{"type":"Feature","geometry":{"type":"Point","coordinates":[39.5,52.5]},"properties":{"region":3,"fire_occurred":1,"prediction":0.4551}},{"type":"Feature","geometry":{"type":"Point","coordinates":[39.6,52.5]},"properties":{"region":3,"fire_occurred":1,"prediction":0.4834}},{"type":"Feature","geometry":{"type":"Point","coordinates":[39.7,38.6]},"properties":{"region":3,"fire_occurred":1,"prediction":0.411}},{"type":"Feature","geometry":{"type":"Point","coordinates":[40.3,46.9]},"properties":{"region":3,"fire_occurred":1,"prediction":0.0008}},{"type":"Feature","geometry":{"type":"Point","coordinates":[41.3,45.9]},"properties":{"region":3,"fire_occurred":1,"prediction":0.0228}},{"type":"Feature","geometry":{"type":"Point","coordinates":[41.5,45.9]},"properties":{"region":3,"fire_occurred":1,"prediction":0.0004}},{"type":"Feature","geometry":{"type":"Point","coordinates":[42.2,59.8]},"properties":{"region":3,"fire_occurred":1,"prediction":0.0002}},{"type":"Feature","geometry":{"type":"Point","coordinates":[43.0,42.1]},"properties":{"region":3,"fire_occurred":1,"prediction":0.0002}},{"type":"Feature","geometry":{"type":"Point","coordinates":[43.8,37.0]},"properties":{"region":3,"fire_occurred":0,"prediction":0.1117}},{"type":"Feature","geometry":{"type":"Point","coordinates":[44.0,37.1]},"properties":{"region":3,"fire_occurred":0,"prediction":0.1163}},{"type":"Feature","geometry":{"type":"Point","coordinates":[45.0,38.8]},"properties":{"region":3,"fire_occurred":1,"prediction":0.0142}},{"type":"Feature","geometry":{"type":"Point","coordinates":[46.9,37.9]},"properties":{"region":3,"fire_occurred":1,"prediction":0.0192}},{"type":"Feature","geometry":{"type":"Point","coordinates":[47.0,35.3]},"properties":{"region":3,"fire_occurred":1,"prediction":0.0743}},{"type":"Feature","geometry":{"type":"Point","coordinates":[47.1,40.2]},"properties":{"region":3,"fire_occurred":1,"prediction":0.0009}},{"type":"Feature","geometry":{"type":"Point","coordinates":[47.4,35.2]},"properties":{"region":3,"fire_occurred":1,"prediction":0.0102}},{"type":"Feature","geometry":{"type":"Point","coordinates":[48.5,34.8]},"properties":{"region":3,"fire_occurred":0,"prediction":0.1201}},{"type":"Feature","geometry":{"type":"Point","coordinates":[51.3,32.2]},"properties":{"region":3,"fire_occurred":0,"prediction":0.1552}},{"type":"Feature","geometry":{"type":"Point","coordinates":[51.3,32.4]},"properties":{"region":3,"fire_occurred":0,"prediction":0.234}},{"type":"Feature","geometry":{"type":"Point","coordinates":[51.4,32.2]},"properties":{"region":3,"fire_occurred":1,"prediction":0.9427}},{"type":"Feature","geometry":{"type":"Point","coordinates":[51.4,32.5]},"properties":{"region":3,"fire_occurred":1,"prediction":0.0288}},{"type":"Feature","geometry":{"type":"Point","coordinates":[51.4,32.6]},"properties":{"region":3,"fire_occurred":0,"prediction":0.1213}},{"type":"Feature","geometry":{"type":"Point","coordinates":[52.5,30.1]},"properties":{"region":3,"fire_occurred":0,"prediction":0.1695}},{"type":"Feature","geometry":{"type":"Point","coordinates":[52.7,51.5]},"properties":{"region":3,"fire_occurred":0,"prediction":0.9074}},{"type":"Feature","geometry":{"type":"Point","coordinates":[53.8,51.8]},"properties":{"region":3,"fire_occurred":1,"prediction":0.8552}},{"type":"Feature","geometry":{"type":"Point","coordinates":[55.9,56.2]},"properties":{"region":3,"fire_occurred":1,"prediction":0.0003}},{"type":"Feature","geometry":{"type":"Point","coordinates":[57.0,60.3]},"properties":{"region":3,"fire_occurred":1,"prediction":0.0347}},{"type":"Feature","geometry":{"type":"Point","coordinates":[57.1,50.3]},"properties":{"region":3,"fire_occurred":0,"prediction":0.3329}},{"type":"Feature","geometry":{"type":"Point","coordinates":[58.9,55.0]},"properties":{"region":3,"fire_occurred":1,"prediction":0.1509}},{"type":"Feature","geometry":{"type":"Point","coordinates":[59.0,53.4]},"properties":{"region":3,"fire_occurred":1,"prediction":0.852}},{"type":"Feature","geometry":{"type":"Point","coordinates":[59.1,51.0]},"properties":{"region":3,"fire_occurred":1,"prediction":0.0004}},{"type":"Feature","geometry":{"type":"Point","coordinates":[59.6,58.8]},"properties":{"region":3,"fire_occurred":0,"prediction":0.1679}},{"type":"Feature","geometry":{"type":"Point","coordinates":[59.8,56.8]},"properties":{"region":3,"fire_occurred":0,"prediction":0.3855}},{"type":"Feature","geometry":{"type":"Point","coordinates":[60.0,57.4]},"properties":{"region":3,"fire_occurred":1,"prediction":0.0589}},{"type":"Feature","geometry":{"type":"Point","coordinates":[60.0,57.9]},"properties":{"region":3,"fire_occurred":1,"prediction":0.9295}},{"type":"Feature","geometry":{"type":"Point","coordinates":[60.1,57.4]},"properties":{"region":3,"fire_occurred":0,"prediction":0.129}},{"type":"Feature","geometry":{"type":"Point","coordinates":[60.2,57.7]},"properties":{"region":3,"fire_occurred":1,"prediction":0.0255}},{"type":"Feature","geometry":{"type":"Point","coordinates":[60.6,56.8]},"properties":{"region":3,"fire_occurred":1,"prediction":0.0038}},{"type":"Feature","geometry":{"type":"Point","coordinates":[60.7,57.4]},"properties":{"region":3,"fire_occurred":1,"prediction":0.0091}},{"type":"Feature","geometry":{"type":"Point","coordinates":[60.8,57.4]},"properties":{"region":3,"fire_occurred":1,"prediction":0.0066}},{"type":"Feature","geometry":{"type":"Point","coordinates":[61.2,59.6]},"properties":{"region":3,"fire_occurred":1,"prediction":0.0055}},{"type":"Feature","geometry":{"type":"Point","coordinates":[61.4,53.0]},"properties":{"region":3,"fire_occurred":1,"prediction":0.0024}},{"type":"Feature","geometry":{"type":"Point","coordinates":[61.4,55.2]},"properties":{"region":3,"fire_occurred":1,"prediction":0.7366}},{"type":"Feature","geometry":{"type":"Point","coordinates":[61.8,59.1]},"properties":{"region":3,"fire_occurred":1,"prediction":0.0196}},{"type":"Feature","geometry":{"type":"Point","coordinates":[62.4,57.1]},"properties":{"region":3,"fire_occurred":1,"prediction":0.0041}},{"type":"Feature","geometry":{"type":"Point","coordinates":[62.5,56.8]},"properties":{"region":3,"fire_occurred":0,"prediction":0.204}},{"type":"Feature","geometry":{"type":"Point","coordinates":[62.6,51.5]},"properties":{"region":3,"fire_occurred":1,"prediction":0.0082}},{"type":"Feature","geometry":{"type":"Point","coordinates":[62.6,56.6]},"properties":{"region":3,"fire_occurred":0,"prediction":0.1682}},{"type":"Feature","geometry":{"type":"Point","coordinates":[63.3,56.6]},"properties":{"region":3,"fire_occurred":0,"prediction":0.2596}},{"type":"Feature","geometry":{"type":"Point","coordinates":[63.4,56.6]},"properties":{"region":3,"fire_occurred":1,"prediction":0.3515}},{"type":"Feature","geometry":{"type":"Point","coordinates":[65.2,58.0]},"properties":{"region":3,"fire_occurred":0,"prediction":0.1065}},{"type":"Feature","geometry":{"type":"Point","coordinates":[65.4,58.0]},"properties":{"region":3,"fire_occurred":0,"prediction":0.1437}},{"type":"Feature","geometry":{"type":"Point","coordinates":[65.7,57.0]},"properties":{"region":3,"fire_occurred":1,"prediction":0.0301}},{"type":"Feature","geometry":{"type":"Point","coordinates":[66.4,57.7]},"properties":{"region":3,"fire_occurred":0,"prediction":0.2005}},{"type":"Feature","geometry":{"type":"Point","coordinates":[66.5,57.7]},"properties":{"region":3,"fire_occurred":0,"prediction":0.1075}},{"type":"Feature","geometry":{"type":"Point","coordinates":[67.1,57.8]},"properties":{"region":3,"fire_occurred":0,"prediction":0.4638}},{"type":"Feature","geometry":{"type":"Point","coordinates":[67.2,39.4]},"properties":{"region":3,"fire_occurred":0,"prediction":0.1636}},{"type":"Feature","geometry":{"type":"Point","coordinates":[67.2,57.8]},"properties":{"region":3,"fire_occurred":0,"prediction":0.2276}},{"type":"Feature","geometry":{"type":"Point","coordinates":[67.6,57.3]},"properties":{"region":3,"fire_occurred":1,"prediction":0.6683}},{"type":"Feature","geometry":{"type":"Point","coordinates":[67.6,57.5]},"properties":{"region":3,"fire_occurred":0,"prediction":0.5916}},{"type":"Feature","geometry":{"type":"Point","coordinates":[67.7,51.5]},"properties":{"region":3,"fire_occurred":1,"prediction":0.0006}},{"type":"Feature","geometry":{"type":"Point","coordinates":[67.7,57.2]},"properties":{"region":3,"fire_occurred":0,"prediction":0.1117}},{"type":"Feature","geometry":{"type":"Point","coordinates":[67.7,57.3]},"properties":{"region":3,"fire_occurred":0,"prediction":0.3247}},{"type":"Feature","geometry":{"type":"Point","coordinates":[67.7,57.5]},"properties":{"region":3,"fire_occurred":0,"prediction":0.1064}},{"type":"Feature","geometry":{"type":"Point","coordinates":[68.0,57.1]},"properties":{"region":3,"fire_occurred":0,"prediction":0.2112}},{"type":"Feature","geometry":{"type":"Point","coordinates":[68.2,57.2]},"properties":{"region":3,"fire_occurred":0,"prediction":0.1316}},{"type":"Feature","geometry":{"type":"Point","coordinates":[68.2,57.3]},"properties":{"region":3,"fire_occurred":0,"prediction":0.1602}},{"type":"Feature","geometry":{"type":"Point","coordinates":[68.3,57.1]},"properties":{"region":3,"fire_occurred":0,"prediction":0.1195}},{"type":"Feature","geometry":{"type":"Point","coordinates":[68.3,57.2]},"properties":{"region":3,"fire_occurred":0,"prediction":0.1377}},{"type":"Feature","geometry":{"type":"Point","coordinates":[68.3,57.3]},"properties":{"region":3,"fire_occurred":0,"prediction":0.1601}},{"type":"Feature","geometry":{"type":"Point","coordinates":[68.4,57.3]},"properties":{"region":3,"fire_occurred":0,"prediction":0.4833}},{"type":"Feature","geometry":{"type":"Point","coordinates":[68.5,57.3]},"properties":{"region":3,"fire_occurred":0,"prediction":0.49}},{"type":"Feature","geometry":{"type":"Point","coordinates":[68.6,57.2]},"properties":{"region":3,"fire_occurred":0,"prediction":0.1425}},{"type":"Feature","geometry":{"type":"Point","coordinates":[68.8,51.3]},"properties":{"region":3,"fire_occurred":0,"prediction":0.101}},{"type":"Feature","geometry":{"type":"Point","coordinates":[68.8,57.1]},"properties":{"region":3,"fire_occurred":1,"prediction":0.6146}},{"type":"Feature","geometry":{"type":"Point","coordinates":[68.8,57.2]},"properties":{"region":3,"fire_occurred":1,"prediction":0.0252}},{"type":"Feature","geometry":{"type":"Point","coordinates":[68.8,57.4]},"properties":{"region":3,"fire_occurred":0,"prediction":0.1418}},{"type":"Feature","geometry":{"type":"Point","coordinates":[68.9,57.1]},"properties":{"region":3,"fire_occurred":1,"prediction":0.2275}},{"type":"Feature","geometry":{"type":"Point","coordinates":[68.9,57.2]},"properties":{"region":3,"fire_occurred":1,"prediction":0.0907}},{"type":"Feature","geometry":{"type":"Point","coordinates":[69.1,57.2]},"properties":{"region":3,"fire_occurred":0,"prediction":0.1681}},{"type":"Feature","geometry":{"type":"Point","coordinates":[69.2,57.2]},"properties":{"region":3,"fire_occurred":0,"prediction":0.2202}},{"type":"Feature","geometry":{"type":"Point","coordinates":[69.4,55.9]},"properties":{"region":3,"fire_occurred":1,"prediction":0.0007}},{"type":"Feature","geometry":{"type":"Point","coordinates":[69.5,40.8]},"properties":{"region":3,"fire_occurred":1,"prediction":0.6573}},{"type":"Feature","geometry":{"type":"Point","coordinates":[69.5,55.7]},"properties":{"region":3,"fire_occurred":0,"prediction":0.1161}},{"type":"Feature","geometry":{"type":"Point","coordinates":[69.7,57.4]},"properties":{"region":3,"fire_occurred":0,"prediction":0.1985}},{"type":"Feature","geometry":{"type":"Point","coordinates":[69.8,57.5]},"properties":{"region":3,"fire_occurred":0,"prediction":0.1704}},{"type":"Feature","geometry":{"type":"Point","coordinates":[69.9,57.5]},"properties":{"region":3,"fire_occurred":0,"prediction":0.1258}},{"type":"Feature","geometry":{"type":"Point","coordinates":[70.1,35.0]},"properties":{"region":3,"fire_occurred":1,"prediction":0.0027}},{"type":"Feature","geometry":{"type":"Point","coordinates":[70.2,35.0]},"properties":{"region":3,"fire_occurred":1,"prediction":0.0386}},{"type":"Feature","geometry":{"type":"Point","coordinates":[70.5,50.3]},"properties":{"region":3,"fire_occurred":1,"prediction":0.0366}},{"type":"Feature","geometry":{"type":"Point","coordinates":[70.6,34.9]},"properties":{"region":3,"fire_occurred":1,"prediction":0.0012}},{"type":"Feature","geometry":{"type":"Point","coordinates":[70.8,54.3]},"properties":{"region":3,"fire_occurred":1,"prediction":0.0008}},{"type":"Feature","geometry":{"type":"Point","coordinates":[71.4,54.2]},"properties":{"region":3,"fire_occurred":1,"prediction":0.0008}},{"type":"Feature","geometry":{"type":"Point","coordinates":[71.5,43.0]},"properties":{"region":3,"fire_occurred":1,"prediction":0.0061}},{"type":"Feature","geometry":{"type":"Point","coordinates":[71.7,35.6]},"properties":{"region":3,"fire_occurred":0,"prediction":0.1729}},{"type":"Feature","geometry":{"type":"Point","coordinates":[72.2,34.6]},"properties":{"region":3,"fire_occurred":1,"prediction":0.0045}},{"type":"Feature","geometry":{"type":"Point","coordinates":[72.8,54.5]},"properties":{"region":3,"fire_occurred":1,"prediction":0.0005}},{"type":"Feature","geometry":{"type":"Point","coordinates":[72.8,54.7]},"properties":{"region":3,"fire_occurred":1,"prediction":0.0006}},{"type":"Feature","geometry":{"type":"Point","coordinates":[73.0,50.0]},"properties":{"region":3,"fire_occurred":0,"prediction":0.2928}},{"type":"Feature","geometry":{"type":"Point","coordinates":[77.2,50.7]},"properties":{"region":3,"fire_occurred":0,"prediction":0.1048}},{"type":"Feature","geometry":{"type":"Point","coordinates":[77.3,50.7]},"properties":{"region":3,"fire_occurred":0,"prediction":0.1017}},{"type":"Feature","geometry":{"type":"Point","coordinates":[77.8,51.1]},"properties":{"region":3,"fire_occurred":0,"prediction":0.169}},{"type":"Feature","geometry":{"type":"Point","coordinates":[78.0,50.4]},"properties":{"region":3,"fire_occurred":0,"prediction":0.1028}},{"type":"Feature","geometry":{"type":"Point","coordinates":[78.1,50.3]},"properties":{"region":3,"fire_occurred":0,"prediction":0.1044}},{"type":"Feature","geometry":{"type":"Point","coordinates":[78.1,50.4]},"properties":{"region":3,"fire_occurred":0,"prediction":0.1208}},{"type":"Feature","geometry":{"type":"Point","coordinates":[78.2,51.0]},"properties":{"region":3,"fire_occurred":0,"prediction":0.3586}},{"type":"Feature","geometry":{"type":"Point","coordinates":[78.3,51.0]},"properties":{"region":3,"fire_occurred":0,"prediction":0.3701}},{"type":"Feature","geometry":{"type":"Point","coordinates":[78.4,50.3]},"properties":{"region":3,"fire_occurred":0,"prediction":0.1244}},{"type":"Feature","geometry":{"type":"Point","coordinates":[86.1,54.2]},"properties":{"region":3,"fire_occurred":0,"prediction":0.132}},{"type":"Feature","geometry":{"type":"Point","coordinates":[86.4,23.7]},"properties":{"region":3,"fire_occurred":0,"prediction":0.1329}},{"type":"Feature","geometry":{"type":"Point","coordinates":[87.2,53.8]},"properties":{"region":3,"fire_occurred":1,"prediction":0.2953}},{"type":"Feature","geometry":{"type":"Point","coordinates":[87.2,53.9]},"properties":{"region":3,"fire_occurred":0,"prediction":0.1738}},{"type":"Feature","geometry":{"type":"Point","coordinates":[95.4,28.1]},"properties":{"region":3,"fire_occurred":1,"prediction":0.0007}},{"type":"Feature","geometry":{"type":"Point","coordinates":[95.7,28.1]},"properties":{"region":3,"fire_occurred":1,"prediction":0.0139}},{"type":"Feature","geometry":{"type":"Point","coordinates":[96.2,27.6]},"properties":{"region":3,"fire_occurred":1,"prediction":0.0007}},{"type":"Feature","geometry":{"type":"Point","coordinates":[101.6,26.5]},"properties":{"region":3,"fire_occurred":0,"prediction":0.4428}},{"type":"Feature","geometry":{"type":"Point","coordinates":[102.2,27.7]},"properties":{"region":3,"fire_occurred":0,"prediction":0.2909}},{"type":"Feature","geometry":{"type":"Point","coordinates":[103.1,31.4]},"properties":{"region":3,"fire_occurred":1,"prediction":0.0002}},{"type":"Feature","geometry":{"type":"Point","coordinates":[103.8,30.4]},"properties":{"region":3,"fire_occurred":0,"prediction":0.1291}},{"type":"Feature","geometry":{"type":"Point","coordinates":[103.8,30.6]},"properties":{"region":3,"fire_occurred":0,"prediction":0.1012}},{"type":"Feature","geometry":{"type":"Point","coordinates":[103.9,23.7]},"properties":{"region":3,"fire_occurred":1,"prediction":0.0023}},{"type":"Feature","geometry":{"type":"Point","coordinates":[105.1,24.4]},"properties":{"region":3,"fire_occurred":1,"prediction":0.0018}},{"type":"Feature","geometry":{"type":"Point","coordinates":[105.3,29.1]},"properties":{"region":3,"fire_occurred":1,"prediction":0.0049}},{"type":"Feature","geometry":{"type":"Point","coordinates":[105.8,28.8]},"properties":{"region":3,"fire_occurred":1,"prediction":0.0029}},{"type":"Feature","geometry":{"type":"Point","coordinates":[105.8,29.0]},"properties":{"region":3,"fire_occurred":1,"prediction":0.0154}},{"type":"Feature","geometry":{"type":"Point","coordinates":[106.0,29.3]},"properties":{"region":3,"fire_occurred":1,"prediction":0.0139}},{"type":"Feature","geometry":{"type":"Point","coordinates":[106.1,29.8]},"properties":{"region":3,"fire_occurred":1,"prediction":0.0051}},{"type":"Feature","geometry":{"type":"Point","coordinates":[106.6,29.7]},"properties":{"region":3,"fire_occurred":0,"prediction":0.1295}},{"type":"Feature","geometry":{"type":"Point","coordinates":[109.3,24.3]},"properties":{"region":3,"fire_occurred":0,"prediction":0.2552}},{"type":"Feature","geometry":{"type":"Point","coordinates":[109.4,24.1]},"properties":{"region":3,"fire_occurred":1,"prediction":0.0587}},{"type":"Feature","geometry":{"type":"Point","coordinates":[112.5,37.9]},"properties":{"region":3,"fire_occurred":0,"prediction":0.2029}},{"type":"Feature","geometry":{"type":"Point","coordinates":[113.0,28.0]},"properties":{"region":3,"fire_occurred":1,"prediction":0.0303}},{"type":"Feature","geometry":{"type":"Point","coordinates":[113.7,26.4]},"properties":{"region":3,"fire_occurred":1,"prediction":0.0005}},{"type":"Feature","geometry":{"type":"Point","coordinates":[114.8,37.2]},"properties":{"region":3,"fire_occurred":0,"prediction":0.1369}},{"type":"Feature","geometry":{"type":"Point","coordinates":[115.2,36.5]},"properties":{"region":3,"fire_occurred":0,"prediction":0.1038}},{"type":"Feature","geometry":{"type":"Point","coordinates":[115.6,35.9]},"properties":{"region":3,"fire_occurred":0,"prediction":0.1351}},{"type":"Feature","geometry":{"type":"Point","coordinates":[115.6,36.2]},"properties":{"region":3,"fire_occurred":0,"prediction":0.1753}},{"type":"Feature","geometry":{"type":"Point","coordinates":[115.6,36.4]},"properties":{"region":3,"fire_occurred":0,"prediction":0.2264}},{"type":"Feature","geometry":{"type":"Point","coordinates":[115.7,36.4]},"properties":{"region":3,"fire_occurred":0,"prediction":0.131}},{"type":"Feature","geometry":{"type":"Point","coordinates":[115.8,35.9]},"properties":{"region":3,"fire_occurred":0,"prediction":0.1152}},{"type":"Feature","geometry":{"type":"Point","coordinates":[115.8,36.1]},"properties":{"region":3,"fire_occurred":0,"prediction":0.1963}},{"type":"Feature","geometry":{"type":"Point","coordinates":[115.8,36.4]},"properties":{"region":3,"fire_occurred":0,"prediction":0.2566}},{"type":"Feature","geometry":{"type":"Point","coordinates":[115.9,36.5]},"properties":{"region":3,"fire_occurred":0,"prediction":0.1102}},{"type":"Feature","geometry":{"type":"Point","coordinates":[115.9,36.9]},"properties":{"region":3,"fire_occurred":0,"prediction":0.1561}},{"type":"Feature","geometry":{"type":"Point","coordinates":[116.0,35.4]},"properties":{"region":3,"fire_occurred":0,"prediction":0.1326}},{"type":"Feature","geometry":{"type":"Point","coordinates":[116.0,36.4]},"properties":{"region":3,"fire_occurred":0,"prediction":0.1013}},{"type":"Feature","geometry":{"type":"Point","coordinates":[116.1,36.3]},"properties":{"region":3,"fire_occurred":0,"prediction":0.3138}},{"type":"Feature","geometry":{"type":"Point","coordinates":[116.2,35.4]},"properties":{"region":3,"fire_occurred":0,"prediction":0.1018}},{"type":"Feature","geometry":{"type":"Point","coordinates":[116.2,36.5]},"properties":{"region":3,"fire_occurred":0,"prediction":0.137}},{"type":"Feature","geometry":{"type":"Point","coordinates":[116.2,36.6]},"properties":{"region":3,"fire_occurred":0,"prediction":0.1286}},{"type":"Feature","geometry":{"type":"Point","coordinates":[116.3,35.4]},"properties":{"region":3,"fire_occurred":0,"prediction":0.1229}},{"type":"Feature","geometry":{"type":"Point","coordinates":[116.3,36.4]},"properties":{"region":3,"fire_occurred":0,"prediction":0.1415}},{"type":"Feature","geometry":{"type":"Point","coordinates":[116.3,36.5]},"properties":{"region":3,"fire_occurred":0,"prediction":0.1509}},{"type":"Feature","geometry":{"type":"Point","coordinates":[116.4,25.0]},"properties":{"region":3,"fire_occurred":1,"prediction":0.0149}},{"type":"Feature","geometry":{"type":"Point","coordinates":[116.4,35.6]},"properties":{"region":3,"fire_occurred":0,"prediction":0.1697}},{"type":"Feature","geometry":{"type":"Point","coordinates":[116.4,36.9]},"properties":{"region":3,"fire_occurred":0,"prediction":0.1204}},{"type":"Feature","geometry":{"type":"Point","coordinates":[116.5,35.3]},"properties":{"region":3,"fire_occurred":0,"prediction":0.1228}},{"type":"Feature","geometry":{"type":"Point","coordinates":[116.5,36.7]},"properties":{"region":3,"fire_occurred":0,"prediction":0.1816}},{"type":"Feature","geometry":{"type":"Point","coordinates":[116.6,35.3]},"properties":{"region":3,"fire_occurred":0,"prediction":0.1179}},{"type":"Feature","geometry":{"type":"Point","coordinates":[116.6,36.8]},"properties":{"region":3,"fire_occurred":0,"prediction":0.127}},{"type":"Feature","geometry":{"type":"Point","coordinates":[116.7,35.3]},"properties":{"region":3,"fire_occurred":0,"prediction":0.204}},{"type":"Feature","geometry":{"type":"Point","coordinates":[116.7,35.5]},"properties":{"region":3,"fire_occurred":0,"prediction":0.1862}},{"type":"Feature","geometry":{"type":"Point","coordinates":[116.8,35.5]},"properties":{"region":3,"fire_occurred":0,"prediction":0.1037}},{"type":"Feature","geometry":{"type":"Point","coordinates":[117.2,36.7]},"properties":{"region":3,"fire_occurred":0,"prediction":0.2005}},{"type":"Feature","geometry":{"type":"Point","coordinates":[117.3,36.6]},"properties":{"region":3,"fire_occurred":0,"prediction":0.1108}},{"type":"Feature","geometry":{"type":"Point","coordinates":[117.4,36.7]},"properties":{"region":3,"fire_occurred":0,"prediction":0.1039}},{"type":"Feature","geometry":{"type":"Point","coordinates":[117.4,36.8]},"properties":{"region":3,"fire_occurred":0,"prediction":0.1111}},{"type":"Feature","geometry":{"type":"Point","coordinates":[117.4,36.9]},"properties":{"region":3,"fire_occurred":0,"prediction":0.1085}},{"type":"Feature","geometry":{"type":"Point","coordinates":[117.5,34.6]},"properties":{"region":3,"fire_occurred":1,"prediction":0.0012}},{"type":"Feature","geometry":{"type":"Point","coordinates":[117.5,35.9]},"properties":{"region":3,"fire_occurred":0,"prediction":0.111}},{"type":"Feature","geometry":{"type":"Point","coordinates":[117.5,36.6]},"properties":{"region":3,"fire_occurred":0,"prediction":0.1606}},{"type":"Feature","geometry":{"type":"Point","coordinates":[117.7,36.1]},"properties":{"region":3,"fire_occurred":0,"prediction":0.1084}},{"type":"Feature","geometry":{"type":"Point","coordinates":[117.8,36.8]},"properties":{"region":3,"fire_occurred":0,"prediction":0.1084}},{"type":"Feature","geometry":{"type":"Point","coordinates":[118.5,33.0]},"properties":{"region":3,"fire_occurred":1,"prediction":0.0003}},{"type":"Feature","geometry":{"type":"Point","coordinates":[118.6,37.0]},"properties":{"region":3,"fire_occurred":0,"prediction":0.2927}},{"type":"Feature","geometry":{"type":"Point","coordinates":[118.7,36.8]},"properties":{"region":3,"fire_occurred":0,"prediction":0.1659}},{"type":"Feature","geometry":{"type":"Point","coordinates":[118.7,36.9]},"properties":{"region":3,"fire_occurred":0,"prediction":0.1567}},{"type":"Feature","geometry":{"type":"Point","coordinates":[118.7,37.0]},"properties":{"region":3,"fire_occurred":0,"prediction":0.1555}},{"type":"Feature","geometry":{"type":"Point","coordinates":[118.7,37.6]},"properties":{"region":3,"fire_occurred":0,"prediction":0.2953}},{"type":"Feature","geometry":{"type":"Point","coordinates":[118.8,36.6]},"properties":{"region":3,"fire_occurred":0,"prediction":0.1012}},{"type":"Feature","geometry":{"type":"Point","coordinates":[118.8,36.7]},"properties":{"region":3,"fire_occurred":0,"prediction":0.215}},{"type":"Feature","geometry":{"type":"Point","coordinates":[118.8,36.8]},"properties":{"region":3,"fire_occurred":0,"prediction":0.1165}},{"type":"Feature","geometry":{"type":"Point","coordinates":[118.8,36.9]},"properties":{"region":3,"fire_occurred":0,"prediction":0.1658}},{"type":"Feature","geometry":{"type":"Point","coordinates":[118.9,36.8]},"properties":{"region":3,"fire_occurred":0,"prediction":0.1655}},{"type":"Feature","geometry":{"type":"Point","coordinates":[119.0,36.9]},"properties":{"region":3,"fire_occurred":0,"prediction":0.1191}},{"type":"Feature","geometry":{"type":"Point","coordinates":[119.1,36.6]},"properties":{"region":3,"fire_occurred":0,"prediction":0.2216}},{"type":"Feature","geometry":{"type":"Point","coordinates":[119.1,36.7]},"properties":{"region":3,"fire_occurred":0,"prediction":0.1829}},{"type":"Feature","geometry":{"type":"Point","coordinates":[119.1,36.8]},"properties":{"region":3,"fire_occurred":0,"prediction":0.2058}},{"type":"Feature","geometry":{"type":"Point","coordinates":[119.2,36.3]},"properties":{"region":3,"fire_occurred":0,"prediction":0.1541}},{"type":"Feature","geometry":{"type":"Point","coordinates":[119.2,36.4]},"properties":{"region":3,"fire_occurred":1,"prediction":0.0372}},{"type":"Feature","geometry":{"type":"Point","coordinates":[119.2,36.5]},"properties":{"region":3,"fire_occurred":0,"prediction":0.1012}},{"type":"Feature","geometry":{"type":"Point","coordinates":[119.3,31.3]},"properties":{"region":3,"fire_occurred":1,"prediction":0.0011}},{"type":"Feature","geometry":{"type":"Point","coordinates":[119.3,36.5]},"properties":{"region":3,"fire_occurred":0,"prediction":0.1225}},{"type":"Feature","geometry":{"type":"Point","coordinates":[119.3,36.8]},"properties":{"region":3,"fire_occurred":0,"prediction":0.1468}},{"type":"Feature","geometry":{"type":"Point","coordinates":[119.5,36.0]},"properties":{"region":3,"fire_occurred":1,"prediction":0.0334}},{"type":"Feature","geometry":{"type":"Point","coordinates":[119.7,36.1]},"properties":{"region":3,"fire_occurred":1,"prediction":0.0955}},{"type":"Feature","geometry":{"type":"Point","coordinates":[119.7,36.3]},"properties":{"region":3,"fire_occurred":1,"prediction":0.0025}},{"type":"Feature","geometry":{"type":"Point","coordinates":[119.8,34.4]},"properties":{"region":3,"fire_occurred":0,"prediction":0.4039}},{"type":"Feature","geometry":{"type":"Point","coordinates":[119.8,36.1]},"properties":{"region":3,"fire_occurred":1,"prediction":0.065}},{"type":"Feature","geometry":{"type":"Point","coordinates":[119.9,35.8]},"properties":{"region":3,"fire_occurred":1,"prediction":0.0072}},{"type":"Feature","geometry":{"type":"Point","coordinates":[119.9,35.9]},"properties":{"region":3,"fire_occurred":1,"prediction":0.0655}},{"type":"Feature","geometry":{"type":"Point","coordinates":[119.9,36.0]},"properties":{"region":3,"fire_occurred":1,"prediction":0.0489}},{"type":"Feature","geometry":{"type":"Point","coordinates":[119.9,36.1]},"properties":{"region":3,"fire_occurred":1,"prediction":0.0044}},{"type":"Feature","geometry":{"type":"Point","coordinates":[119.9,36.3]},"properties":{"region":3,"fire_occurred":1,"prediction":0.053}},{"type":"Feature","geometry":{"type":"Point","coordinates":[119.9,36.7]},"properties":{"region":3,"fire_occurred":1,"prediction":0.0224}},{"type":"Feature","geometry":{"type":"Point","coordinates":[119.9,37.0]},"properties":{"region":3,"fire_occurred":1,"prediction":0.0704}},{"type":"Feature","geometry":{"type":"Point","coordinates":[120.0,36.0]},"properties":{"region":3,"fire_occurred":1,"prediction":0.0318}},{"type":"Feature","geometry":{"type":"Point","coordinates":[120.0,36.3]},"properties":{"region":3,"fire_occurred":1,"prediction":0.118}},{"type":"Feature","geometry":{"type":"Point","coordinates":[120.0,36.7]},"properties":{"region":3,"fire_occurred":1,"prediction":0.0196}},{"type":"Feature","geometry":{"type":"Point","coordinates":[120.0,37.2]},"properties":{"region":3,"fire_occurred":0,"prediction":0.102}},{"type":"Feature","geometry":{"type":"Point","coordinates":[120.3,36.9]},"properties":{"region":3,"fire_occurred":1,"prediction":0.0012}},{"type":"Feature","geometry":{"type":"Point","coordinates":[120.4,36.6]},"properties":{"region":3,"fire_occurred":1,"prediction":0.0266}},{"type":"Feature","geometry":{"type":"Point","coordinates":[120.4,37.3]},"properties":{"region":3,"fire_occurred":1,"prediction":0.0018}},{"type":"Feature","geometry":{"type":"Point","coordinates":[120.5,36.7]},"properties":{"region":3,"fire_occurred":1,"prediction":0.0026}},{"type":"Feature","geometry":{"type":"Point","coordinates":[120.5,36.8]},"properties":{"region":3,"fire_occurred":1,"prediction":0.0182}},{"type":"Feature","geometry":{"type":"Point","coordinates":[120.5,36.9]},"properties":{"region":3,"fire_occurred":1,"prediction":0.0126}},{"type":"Feature","geometry":{"type":"Point","coordinates":[120.5,41.8]},"properties":{"region":3,"fire_occurred":1,"prediction":0.0003}},{"type":"Feature","geometry":{"type":"Point","coordinates":[120.6,36.9]},"properties":{"region":3,"fire_occurred":1,"prediction":0.0263}},{"type":"Feature","geometry":{"type":"Point","coordinates":[120.6,41.4]},"properties":{"region":3,"fire_occurred":1,"prediction":0.004}},{"type":"Feature","geometry":{"type":"Point","coordinates":[120.7,37.1]},"properties":{"region":3,"fire_occurred":1,"prediction":0.0011}},{"type":"Feature","geometry":{"type":"Point","coordinates":[120.7,37.2]},"properties":{"region":3,"fire_occurred":1,"prediction":0.0009}},{"type":"Feature","geometry":{"type":"Point","coordinates":[120.7,37.3]},"properties":{"region":3,"fire_occurred":1,"prediction":0.0014}},{"type":"Feature","geometry":{"type":"Point","coordinates":[120.8,37.4]},"properties":{"region":3,"fire_occurred":1,"prediction":0.0012}},{"type":"Feature","geometry":{"type":"Point","coordinates":[121.0,37.4]},"properties":{"region":3,"fire_occurred":1,"prediction":0.0823}},{"type":"Feature","geometry":{"type":"Point","coordinates":[121.1,36.7]},"properties":{"region":3,"fire_occurred":1,"prediction":0.0659}},{"type":"Feature","geometry":{"type":"Point","coordinates":[121.1,37.3]},"properties":{"region":3,"fire_occurred":1,"prediction":0.0044}},{"type":"Feature","geometry":{"type":"Point","coordinates":[121.3,37.3]},"properties":{"region":3,"fire_occurred":1,"prediction":0.0066}},{"type":"Feature","geometry":{"type":"Point","coordinates":[121.3,37.5]},"properties":{"region":3,"fire_occurred":0,"prediction":0.1068}},{"type":"Feature","geometry":{"type":"Point","coordinates":[121.4,37.4]},"properties":{"region":3,"fire_occurred":1,"prediction":0.0063}},{"type":"Feature","geometry":{"type":"Point","coordinates":[121.5,37.1]},"properties":{"region":3,"fire_occurred":1,"prediction":0.0044}},{"type":"Feature","geometry":{"type":"Point","coordinates":[121.9,46.1]},"properties":{"region":3,"fire_occurred":1,"prediction":0.0101}},{"type":"Feature","geometry":{"type":"Point","coordinates":[122.0,37.2]},"properties":{"region":3,"fire_occurred":1,"prediction":0.0525}},{"type":"Feature","geometry":{"type":"Point","coordinates":[122.3,41.0]},"properties":{"region":3,"fire_occurred":1,"prediction":0.0026}},{"type":"Feature","geometry":{"type":"Point","coordinates":[122.3,41.3]},"properties":{"region":3,"fire_occurred":1,"prediction":0.0004}},{"type":"Feature","geometry":{"type":"Point","coordinates":[122.4,40.6]},"properties":{"region":3,"fire_occurred":1,"prediction":0.0378}},{"type":"Feature","geometry":{"type":"Point","coordinates":[122.5,40.6]},"properties":{"region":3,"fire_occurred":0,"prediction":0.4801}},{"type":"Feature","geometry":{"type":"Point","coordinates":[122.5,42.4]},"properties":{"region":3,"fire_occurred":1,"prediction":0.01}},{"type":"Feature","geometry":{"type":"Point","coordinates":[122.7,40.8]},"properties":{"region":3,"fire_occurred":1,"prediction":0.0095}},{"type":"Feature","geometry":{"type":"Point","coordinates":[122.7,41.0]},"properties":{"region":3,"fire_occurred":1,"prediction":0.0023}},{"type":"Feature","geometry":{"type":"Point","coordinates":[122.7,47.9]},"properties":{"region":3,"fire_occurred":1,"prediction":0.0667}},{"type":"Feature","geometry":{"type":"Point","coordinates":[122.8,41.1]},"properties":{"region":3,"fire_occurred":1,"prediction":0.0052}},{"type":"Feature","geometry":{"type":"Point","coordinates":[122.8,47.9]},"properties":{"region":3,"fire_occurred":1,"prediction":0.0015}},{"type":"Feature","geometry":{"type":"Point","coordinates":[122.9,41.1]},"properties":{"region":3,"fire_occurred":0,"prediction":0.6032}},{"type":"Feature","geometry":{"type":"Point","coordinates":[123.0,41.1]},"properties":{"region":3,"fire_occurred":0,"prediction":0.5652}},{"type":"Feature","geometry":{"type":"Point","coordinates":[123.1,41.6]},"properties":{"region":3,"fire_occurred":1,"prediction":0.0078}},{"type":"Feature","geometry":{"type":"Point","coordinates":[123.1,41.7]},"properties":{"region":3,"fire_occurred":1,"prediction":0.0985}},{"type":"Feature","geometry":{"type":"Point","coordinates":[123.1,41.8]},"properties":{"region":3,"fire_occurred":1,"prediction":0.0115}},{"type":"Feature","geometry":{"type":"Point","coordinates":[123.1,47.7]},"properties":{"region":3,"fire_occurred":1,"prediction":0.0007}},{"type":"Feature","geometry":{"type":"Point","coordinates":[123.2,41.3]},"properties":{"region":3,"fire_occurred":1,"prediction":0.6387}},{"type":"Feature","geometry":{"type":"Point","coordinates":[123.3,41.3]},"properties":{"region":3,"fire_occurred":1,"prediction":0.6248}},{"type":"Feature","geometry":{"type":"Point","coordinates":[123.3,42.4]},"properties":{"region":3,"fire_occurred":1,"prediction":0.0034}},{"type":"Feature","geometry":{"type":"Point","coordinates":[123.3,42.7]},"properties":{"region":3,"fire_occurred":1,"prediction":0.0021}},{"type":"Feature","geometry":{"type":"Point","coordinates":[123.3,42.8]},"properties":{"region":3,"fire_occurred":1,"prediction":0.0622}},{"type":"Feature","geometry":{"type":"Point","coordinates":[123.5,41.7]},"properties":{"region":3,"fire_occurred":1,"prediction":0.026}},{"type":"Feature","geometry":{"type":"Point","coordinates":[123.5,42.4]},"properties":{"region":3,"fire_occurred":1,"prediction":0.0008}},{"type":"Feature","geometry":{"type":"Point","coordinates":[123.6,42.1]},"properties":{"region":3,"fire_occurred":1,"prediction":0.0297}},{"type":"Feature","geometry":{"type":"Point","coordinates":[123.7,41.8]},"properties":{"region":3,"fire_occurred":1,"prediction":0.5238}},{"type":"Feature","geometry":{"type":"Point","coordinates":[123.8,42.2]},"properties":{"region":3,"fire_occurred":1,"prediction":0.0101}},{"type":"Feature","geometry":{"type":"Point","coordinates":[123.8,47.1]},"properties":{"region":3,"fire_occurred":1,"prediction":0.0083}},{"type":"Feature","geometry":{"type":"Point","coordinates":[123.9,41.3]},"properties":{"region":3,"fire_occurred":1,"prediction":0.0041}},{"type":"Feature","geometry":{"type":"Point","coordinates":[124.0,40.4]},"properties":{"region":3,"fire_occurred":1,"prediction":0.0764}},{"type":"Feature","geometry":{"type":"Point","coordinates":[124.5,40.6]},"properties":{"region":3,"fire_occurred":1,"prediction":0.0033}},{"type":"Feature","geometry":{"type":"Point","coordinates":[126.5,45.5]},"properties":{"region":3,"fire_occurred":1,"prediction":0.02}},{"type":"Feature","geometry":{"type":"Point","coordinates":[126.9,45.5]},"properties":{"region":3,"fire_occurred":0,"prediction":0.1363}},{"type":"Feature","geometry":{"type":"Point","coordinates":[127.2,36.6]},"properties":{"region":3,"fire_occurred":1,"prediction":0.0009}},{"type":"Feature","geometry":{"type":"Point","coordinates":[127.4,36.6]},"properties":{"region":3,"fire_occurred":1,"prediction":0.0071}},{"type":"Feature","geometry":{"type":"Point","coordinates":[127.4,37.3]},"properties":{"region":3,"fire_occurred":1,"prediction":0.0022}},{"type":"Feature","geometry":{"type":"Point","coordinates":[127.8,36.9]},"properties":{"region":3,"fire_occurred":1,"prediction":0.001}},{"type":"Feature","geometry":{"type":"Point","coordinates":[128.1,46.9]},"properties":{"region":3,"fire_occurred":0,"prediction":0.1355}},{"type":"Feature","geometry":{"type":"Point","coordinates":[128.4,35.3]},"properties":{"region":3,"fire_occurred":1,"prediction":0.0012}},{"type":"Feature","geometry":{"type":"Point","coordinates":[129.0,37.4]},"properties":{"region":3,"fire_occurred":0,"prediction":0.1683}},{"type":"Feature","geometry":{"type":"Point","coordinates":[129.2,44.1]},"properties":{"region":3,"fire_occurred":0,"prediction":0.1903}},{"type":"Feature","geometry":{"type":"Point","coordinates":[131.6,46.6]},"properties":{"region":3,"fire_occurred":0,"prediction":0.1123}},{"type":"Feature","geometry":{"type":"Point","coordinates":[132.0,44.8]},"properties":{"region":3,"fire_occurred":0,"prediction":0.1098}},{"type":"Feature","geometry":{"type":"Point","coordinates":[132.4,47.3]},"properties":{"region":3,"fire_occurred":0,"prediction":0.13}},{"type":"Feature","geometry":{"type":"Point","coordinates":[132.5,47.3]},"properties":{"region":3,"fire_occurred":0,"prediction":0.1028}},{"type":"Feature","geometry":{"type":"Point","coordinates":[132.8,46.8]},"properties":{"region":3,"fire_occurred":0,"prediction":0.1457}},{"type":"Feature","geometry":{"type":"Point","coordinates":[132.8,46.9]},"properties":{"region":3,"fire_occurred":0,"prediction":0.2817}},{"type":"Feature","geometry":{"type":"Point","coordinates":[133.7,47.3]},"properties":{"region":3,"fire_occurred":0,"prediction":0.1228}},{"type":"Feature","geometry":{"type":"Point","coordinates":[134.1,47.7]},"properties":{"region":3,"fire_occurred":0,"prediction":0.1868}},{"type":"Feature","geometry":{"type":"Point","coordinates":[134.2,47.5]},"properties":{"region":3,"fire_occurred":0,"prediction":0.2033}},{"type":"Feature","geometry":{"type":"Point","coordinates":[141.4,40.5]},"properties":{"region":3,"fire_occurred":0,"prediction":0.1596}},{"type":"Feature","geometry":{"type":"Point","coordinates":[141.5,40.5]},"properties":{"region":3,"fire_occurred":1,"prediction":0.5}},{"type":"Feature","geometry":{"type":"Point","coordinates":[142.7,-37.8]},"properties":{"region":3,"fire_occurred":1,"prediction":0.0006}},{"type":"Feature","geometry":{"type":"Point","coordinates":[149.3,-23.7]},"properties":{"region":3,"fire_occurred":0,"prediction":0.1725}},{"type":"Feature","geometry":{"type":"Point","coordinates":[150.1,-24.5]},"properties":{"region":3,"fire_occurred":0,"prediction":0.1315}},{"type":"Feature","geometry":{"type":"Point","coordinates":[150.2,-24.1]},"properties":{"region":3,"fire_occurred":0,"prediction":0.2226}},{"type":"Feature","geometry":{"type":"Point","coordinates":[150.8,-34.5]},"properties":{"region":3,"fire_occurred":0,"prediction":0.3954}},{"type":"Feature","geometry":{"type":"Point","coordinates":[-154.6,62.2]},"properties":{"region":4,"fire_occurred":0,"prediction":0.2025}},{"type":"Feature","geometry":{"type":"Point","coordinates":[-154.4,62.1]},"properties":{"region":4,"fire_occurred":0,"prediction":0.1451}},{"type":"Feature","geometry":{"type":"Point","coordinates":[-154.4,62.2]},"properties":{"region":4,"fire_occurred":0,"prediction":0.214}},{"type":"Feature","geometry":{"type":"Point","coordinates":[-154.3,62.1]},"properties":{"region":4,"fire_occurred":0,"prediction":0.1436}},{"type":"Feature","geometry":{"type":"Point","coordinates":[-154.3,62.2]},"properties":{"region":4,"fire_occurred":0,"prediction":0.2721}},{"type":"Feature","geometry":{"type":"Point","coordinates":[-154.2,62.2]},"properties":{"region":4,"fire_occurred":0,"prediction":0.1437}},{"type":"Feature","geometry":{"type":"Point","coordinates":[-154.1,62.1]},"properties":{"region":4,"fire_occurred":0,"prediction":0.1009}},{"type":"Feature","geometry":{"type":"Point","coordinates":[-154.0,62.1]},"properties":{"region":4,"fire_occurred":0,"prediction":0.1368}},{"type":"Feature","geometry":{"type":"Point","coordinates":[-154.0,62.2]},"properties":{"region":4,"fire_occurred":0,"prediction":0.1079}},{"type":"Feature","geometry":{"type":"Point","coordinates":[-153.9,62.1]},"properties":{"region":4,"fire_occurred":0,"prediction":0.171}},{"type":"Feature","geometry":{"type":"Point","coordinates":[-153.9,62.3]},"properties":{"region":4,"fire_occurred":0,"prediction":0.1088}},{"type":"Feature","geometry":{"type":"Point","coordinates":[-150.9,66.2]},"properties":{"region":4,"fire_occurred":0,"prediction":0.1569}},{"type":"Feature","geometry":{"type":"Point","coordinates":[-150.7,66.1]},"properties":{"region":4,"fire_occurred":0,"prediction":0.1464}},{"type":"Feature","geometry":{"type":"Point","coordinates":[-150.0,63.5]},"properties":{"region":4,"fire_occurred":0,"prediction":0.2851}},{"type":"Feature","geometry":{"type":"Point","coordinates":[-149.9,63.5]},"properties":{"region":4,"fire_occurred":0,"prediction":0.3592}},{"type":"Feature","geometry":{"type":"Point","coordinates":[-149.8,63.5]},"properties":{"region":4,"fire_occurred":0,"prediction":0.1286}},{"type":"Feature","geometry":{"type":"Point","coordinates":[-149.8,63.6]},"properties":{"region":4,"fire_occurred":0,"prediction":0.1259}},{"type":"Feature","geometry":{"type":"Point","coordinates":[-149.2,62.4]},"properties":{"region":4,"fire_occurred":0,"prediction":0.2071}},{"type":"Feature","geometry":{"type":"Point","coordinates":[-149.2,62.5]},"properties":{"region":4,"fire_occurred":0,"prediction":0.2224}},{"type":"Feature","geometry":{"type":"Point","coordinates":[-149.1,62.5]},"properties":{"region":4,"fire_occurred":0,"prediction":0.1892}},{"type":"Feature","geometry":{"type":"Point","coordinates":[-148.8,62.6]},"properties":{"region":4,"fire_occurred":0,"prediction":0.1635}},{"type":"Feature","geometry":{"type":"Point","coordinates":[-148.7,62.6]},"properties":{"region":4,"fire_occurred":0,"prediction":0.1701}},{"type":"Feature","geometry":{"type":"Point","coordinates":[-148.6,62.5]},"properties":{"region":4,"fire_occurred":0,"prediction":0.2924}},{"type":"Feature","geometry":{"type":"Point","coordinates":[-148.6,62.6]},"properties":{"region":4,"fire_occurred":0,"prediction":0.1292}},{"type":"Feature","geometry":{"type":"Point","coordinates":[-148.6,62.9]},"properties":{"region":4,"fire_occurred":0,"prediction":0.1254}},{"type":"Feature","geometry":{"type":"Point","coordinates":[-148.5,62.5]},"properties":{"region":4,"fire_occurred":0,"prediction":0.2799}},{"type":"Feature","geometry":{"type":"Point","coordinates":[-148.5,64.5]},"properties":{"region":4,"fire_occurred":0,"prediction":0.1044}},{"type":"Feature","geometry":{"type":"Point","coordinates":[-148.5,64.6]},"properties":{"region":4,"fire_occurred":0,"prediction":0.1268}},{"type":"Feature","geometry":{"type":"Point","coordinates":[-148.4,62.7]},"properties":{"region":4,"fire_occurred":0,"prediction":0.1629}},{"type":"Feature","geometry":{"type":"Point","coordinates":[-148.4,62.9]},"properties":{"region":4,"fire_occurred":0,"prediction":0.1069}},{"type":"Feature","geometry":{"type":"Point","coordinates":[-148.4,64.5]},"properties":{"region":4,"fire_occurred":0,"prediction":0.1182}},{"type":"Feature","geometry":{"type":"Point","coordinates":[-148.2,62.7]},"properties":{"region":4,"fire_occurred":0,"prediction":0.108}},{"type":"Feature","geometry":{"type":"Point","coordinates":[-147.9,62.8]},"properties":{"region":4,"fire_occurred":0,"prediction":0.1081}},{"type":"Feature","geometry":{"type":"Point","coordinates":[-145.0,62.0]},"properties":{"region":4,"fire_occurred":0,"prediction":0.1058}},{"type":"Feature","geometry":{"type":"Point","coordinates":[-115.7,58.2]},"properties":{"region":4,"fire_occurred":0,"prediction":0.3081}},{"type":"Feature","geometry":{"type":"Point","coordinates":[-115.6,58.2]},"properties":{"region":4,"fire_occurred":0,"prediction":0.2774}},{"type":"Feature","geometry":{"type":"Point","coordinates":[-106.7,54.8]},"properties":{"region":4,"fire_occurred":1,"prediction":0.0039}},{"type":"Feature","geometry":{"type":"Point","coordinates":[-99.3,52.4]},"properties":{"region":4,"fire_occurred":0,"prediction":0.1208}},{"type":"Feature","geometry":{"type":"Point","coordinates":[-99.2,52.4]},"properties":{"region":4,"fire_occurred":0,"prediction":0.1559}},{"type":"Feature","geometry":{"type":"Point","coordinates":[-99.1,65.5]},"properties":{"region":4,"fire_occurred":0,"prediction":0.126}},{"type":"Feature","geometry":{"type":"Point","coordinates":[-99.0,51.8]},"properties":{"region":4,"fire_occurred":0,"prediction":0.1727}},{"type":"Feature","geometry":{"type":"Point","coordinates":[-98.9,51.8]},"properties":{"region":4,"fire_occurred":0,"prediction":0.2062}},{"type":"Feature","geometry":{"type":"Point","coordinates":[-95.8,66.0]},"properties":{"region":4,"fire_occurred":0,"prediction":0.1198}},{"type":"Feature","geometry":{"type":"Point","coordinates":[-95.8,66.1]},"properties":{"region":4,"fire_occurred":0,"prediction":0.1171}},{"type":"Feature","geometry":{"type":"Point","coordinates":[-95.8,66.2]},"properties":{"region":4,"fire_occurred":0,"prediction":0.1099}},{"type":"Feature","geometry":{"type":"Point","coordinates":[-95.8,66.4]},"properties":{"region":4,"fire_occurred":0,"prediction":0.1178}},{"type":"Feature","geometry":{"type":"Point","coordinates":[-95.8,66.6]},"properties":{"region":4,"fire_occurred":0,"prediction":0.1174}},{"type":"Feature","geometry":{"type":"Point","coordinates":[-95.7,66.2]},"properties":{"region":4,"fire_occurred":0,"prediction":0.1022}},{"type":"Feature","geometry":{"type":"Point","coordinates":[-95.7,66.3]},"properties":{"region":4,"fire_occurred":0,"prediction":0.1044}},{"type":"Feature","geometry":{"type":"Point","coordinates":[-95.7,66.4]},"properties":{"region":4,"fire_occurred":0,"prediction":0.1586}},{"type":"Feature","geometry":{"type":"Point","coordinates":[-95.7,66.5]},"properties":{"region":4,"fire_occurred":0,"prediction":0.1954}},{"type":"Feature","geometry":{"type":"Point","coordinates":[-95.7,66.7]},"properties":{"region":4,"fire_occurred":0,"prediction":0.1527}},{"type":"Feature","geometry":{"type":"Point","coordinates":[-95.6,66.2]},"properties":{"region":4,"fire_occurred":0,"prediction":0.1287}},{"type":"Feature","geometry":{"type":"Point","coordinates":[-95.6,66.3]},"properties":{"region":4,"fire_occurred":0,"prediction":0.1397}},{"type":"Feature","geometry":{"type":"Point","coordinates":[-95.6,66.4]},"properties":{"region":4,"fire_occurred":0,"prediction":0.1888}},{"type":"Feature","geometry":{"type":"Point","coordinates":[-95.6,66.5]},"properties":{"region":4,"fire_occurred":0,"prediction":0.2079}},{"type":"Feature","geometry":{"type":"Point","coordinates":[-95.6,66.7]},"properties":{"region":4,"fire_occurred":0,"prediction":0.1809}},{"type":"Feature","geometry":{"type":"Point","coordinates":[-95.6,66.8]},"properties":{"region":4,"fire_occurred":0,"prediction":0.1786}},{"type":"Feature","geometry":{"type":"Point","coordinates":[-95.5,66.7]},"properties":{"region":4,"fire_occurred":0,"prediction":0.1491}},{"type":"Feature","geometry":{"type":"Point","coordinates":[-95.5,66.8]},"properties":{"region":4,"fire_occurred":0,"prediction":0.1389}},{"type":"Feature","geometry":{"type":"Point","coordinates":[-95.5,67.0]},"properties":{"region":4,"fire_occurred":0,"prediction":0.1093}},{"type":"Feature","geometry":{"type":"Point","coordinates":[-95.4,66.7]},"properties":{"region":4,"fire_occurred":0,"prediction":0.1167}},{"type":"Feature","geometry":{"type":"Point","coordinates":[-95.4,66.8]},"properties":{"region":4,"fire_occurred":0,"prediction":0.1044}},{"type":"Feature","geometry":{"type":"Point","coordinates":[-95.4,67.0]},"properties":{"region":4,"fire_occurred":0,"prediction":0.1018}},{"type":"Feature","geometry":{"type":"Point","coordinates":[-95.3,66.7]},"properties":{"region":4,"fire_occurred":0,"prediction":0.1232}},{"type":"Feature","geometry":{"type":"Point","coordinates":[-95.3,66.8]},"properties":{"region":4,"fire_occurred":0,"prediction":0.1131}},{"type":"Feature","geometry":{"type":"Point","coordinates":[-95.3,66.9]},"properties":{"region":4,"fire_occurred":0,"prediction":0.1241}},{"type":"Feature","geometry":{"type":"Point","coordinates":[-95.1,67.5]},"properties":{"region":4,"fire_occurred":0,"prediction":0.1045}},{"type":"Feature","geometry":{"type":"Point","coordinates":[-71.4,49.3]},"properties":{"region":4,"fire_occurred":1,"prediction":0.1171}},{"type":"Feature","geometry":{"type":"Point","coordinates":[-71.4,49.4]},"properties":{"region":4,"fire_occurred":1,"prediction":0.1912}},{"type":"Feature","geometry":{"type":"Point","coordinates":[-71.3,49.3]},"properties":{"region":4,"fire_occurred":1,"prediction":0.1092}},{"type":"Feature","geometry":{"type":"Point","coordinates":[-71.3,49.4]},"properties":{"region":4,"fire_occurred":1,"prediction":0.1201}},{"type":"Feature","geometry":{"type":"Point","coordinates":[-71.1,49.9]},"properties":{"region":4,"fire_occurred":0,"prediction":0.2744}},{"type":"Feature","geometry":{"type":"Point","coordinates":[-71.0,49.9]},"properties":{"region":4,"fire_occurred":0,"prediction":0.1479}},{"type":"Feature","geometry":{"type":"Point","coordinates":[-68.9,49.6]},"properties":{"region":4,"fire_occurred":0,"prediction":0.1646}},{"type":"Feature","geometry":{"type":"Point","coordinates":[28.7,68.5]},"properties":{"region":4,"fire_occurred":1,"prediction":0.001}},{"type":"Feature","geometry":{"type":"Point","coordinates":[37.1,67.2]},"properties":{"region":4,"fire_occurred":0,"prediction":0.1094}},{"type":"Feature","geometry":{"type":"Point","coordinates":[37.1,67.3]},"properties":{"region":4,"fire_occurred":0,"prediction":0.1023}},{"type":"Feature","geometry":{"type":"Point","coordinates":[46.0,64.1]},"properties":{"region":4,"fire_occurred":0,"prediction":0.102}},{"type":"Feature","geometry":{"type":"Point","coordinates":[47.6,64.5]},"properties":{"region":4,"fire_occurred":0,"prediction":0.1069}},{"type":"Feature","geometry":{"type":"Point","coordinates":[47.7,64.5]},"properties":{"region":4,"fire_occurred":0,"prediction":0.1061}},{"type":"Feature","geometry":{"type":"Point","coordinates":[48.3,66.2]},"properties":{"region":4,"fire_occurred":0,"prediction":0.1076}},{"type":"Feature","geometry":{"type":"Point","coordinates":[48.5,64.4]},"properties":{"region":4,"fire_occurred":0,"prediction":0.1205}},{"type":"Feature","geometry":{"type":"Point","coordinates":[51.6,64.9]},"properties":{"region":4,"fire_occurred":1,"prediction":0.041}},{"type":"Feature","geometry":{"type":"Point","coordinates":[51.8,64.1]},"properties":{"region":4,"fire_occurred":0,"prediction":0.1227}},{"type":"Feature","geometry":{"type":"Point","coordinates":[52.8,72.0]},"properties":{"region":4,"fire_occurred":0,"prediction":0.13}},{"type":"Feature","geometry":{"type":"Point","coordinates":[52.8,72.1]},"properties":{"region":4,"fire_occurred":0,"prediction":0.1283}},{"type":"Feature","geometry":{"type":"Point","coordinates":[52.9,72.0]},"properties":{"region":4,"fire_occurred":0,"prediction":0.1208}},{"type":"Feature","geometry":{"type":"Point","coordinates":[52.9,72.1]},"properties":{"region":4,"fire_occurred":0,"prediction":0.1197}},{"type":"Feature","geometry":{"type":"Point","coordinates":[52.9,72.2]},"properties":{"region":4,"fire_occurred":0,"prediction":0.1128}},{"type":"Feature","geometry":{"type":"Point","coordinates":[53.0,72.0]},"properties":{"region":4,"fire_occurred":0,"prediction":0.1231}},{"type":"Feature","geometry":{"type":"Point","coordinates":[53.0,72.1]},"properties":{"region":4,"fire_occurred":0,"prediction":0.1223}},{"type":"Feature","geometry":{"type":"Point","coordinates":[53.0,72.2]},"properties":{"region":4,"fire_occurred":0,"prediction":0.1062}},{"type":"Feature","geometry":{"type":"Point","coordinates":[53.1,72.0]},"properties":{"region":4,"fire_occurred":0,"prediction":0.125}},{"type":"Feature","geometry":{"type":"Point","coordinates":[53.1,72.1]},"properties":{"region":4,"fire_occurred":0,"prediction":0.127}},{"type":"Feature","geometry":{"type":"Point","coordinates":[53.1,72.2]},"properties":{"region":4,"fire_occurred":0,"prediction":0.1001}},{"type":"Feature","geometry":{"type":"Point","coordinates":[53.1,72.3]},"properties":{"region":4,"fire_occurred":0,"prediction":0.1031}},{"type":"Feature","geometry":{"type":"Point","coordinates":[53.2,72.0]},"properties":{"region":4,"fire_occurred":0,"prediction":0.1224}},{"type":"Feature","geometry":{"type":"Point","coordinates":[53.2,72.1]},"properties":{"region":4,"fire_occurred":0,"prediction":0.1268}},{"type":"Feature","geometry":{"type":"Point","coordinates":[53.3,72.0]},"properties":{"region":4,"fire_occurred":0,"prediction":0.1192}},{"type":"Feature","geometry":{"type":"Point","coordinates":[53.3,72.1]},"properties":{"region":4,"fire_occurred":0,"prediction":0.1211}},{"type":"Feature","geometry":{"type":"Point","coordinates":[55.0,64.6]},"properties":{"region":4,"fire_occurred":0,"prediction":0.1144}},{"type":"Feature","geometry":{"type":"Point","coordinates":[56.6,67.1]},"properties":{"region":4,"fire_occurred":0,"prediction":0.426}},{"type":"Feature","geometry":{"type":"Point","coordinates":[57.9,68.6]},"properties":{"region":4,"fire_occurred":1,"prediction":0.6217}},{"type":"Feature","geometry":{"type":"Point","coordinates":[59.0,55.0]},"properties":{"region":4,"fire_occurred":0,"prediction":0.1331}},{"type":"Feature","geometry":{"type":"Point","coordinates":[59.5,60.0]},"properties":{"region":4,"fire_occurred":0,"prediction":0.1084}},{"type":"Feature","geometry":{"type":"Point","coordinates":[60.5,63.7]},"properties":{"region":4,"fire_occurred":0,"prediction":0.1007}},{"type":"Feature","geometry":{"type":"Point","coordinates":[60.6,63.8]},"properties":{"region":4,"fire_occurred":0,"prediction":0.1215}},{"type":"Feature","geometry":{"type":"Point","coordinates":[60.8,63.3]},"properties":{"region":4,"fire_occurred":0,"prediction":0.1432}},{"type":"Feature","geometry":{"type":"Point","coordinates":[60.9,63.3]},"properties":{"region":4,"fire_occurred":0,"prediction":0.1046}},{"type":"Feature","geometry":{"type":"Point","coordinates":[61.1,62.6]},"properties":{"region":4,"fire_occurred":0,"prediction":0.1122}},{"type":"Feature","geometry":{"type":"Point","coordinates":[61.4,60.7]},"properties":{"region":4,"fire_occurred":0,"prediction":0.1146}},{"type":"Feature","geometry":{"type":"Point","coordinates":[61.7,63.1]},"properties":{"region":4,"fire_occurred":0,"prediction":0.1934}},{"type":"Feature","geometry":{"type":"Point","coordinates":[61.7,63.2]},"properties":{"region":4,"fire_occurred":0,"prediction":0.1396}},{"type":"Feature","geometry":{"type":"Point","coordinates":[61.8,63.2]},"properties":{"region":4,"fire_occurred":0,"prediction":0.137}},{"type":"Feature","geometry":{"type":"Point","coordinates":[61.9,62.7]},"properties":{"region":4,"fire_occurred":0,"prediction":0.1018}},{"type":"Feature","geometry":{"type":"Point","coordinates":[63.1,62.9]},"properties":{"region":4,"fire_occurred":0,"prediction":0.1112}},{"type":"Feature","geometry":{"type":"Point","coordinates":[63.2,63.6]},"properties":{"region":4,"fire_occurred":0,"prediction":0.1222}},{"type":"Feature","geometry":{"type":"Point","coordinates":[63.3,63.2]},"properties":{"region":4,"fire_occurred":0,"prediction":0.1253}},{"type":"Feature","geometry":{"type":"Point","coordinates":[63.3,63.5]},"properties":{"region":4,"fire_occurred":0,"prediction":0.1436}},{"type":"Feature","geometry":{"type":"Point","coordinates":[63.3,63.6]},"properties":{"region":4,"fire_occurred":0,"prediction":0.1282}},{"type":"Feature","geometry":{"type":"Point","coordinates":[63.4,63.2]},"properties":{"region":4,"fire_occurred":0,"prediction":0.1262}},{"type":"Feature","geometry":{"type":"Point","coordinates":[63.9,61.0]},"properties":{"region":4,"fire_occurred":0,"prediction":0.1197}},{"type":"Feature","geometry":{"type":"Point","coordinates":[64.1,60.7]},"properties":{"region":4,"fire_occurred":0,"prediction":0.1046}},{"type":"Feature","geometry":{"type":"Point","coordinates":[64.1,62.9]},"properties":{"region":4,"fire_occurred":0,"prediction":0.1138}},{"type":"Feature","geometry":{"type":"Point","coordinates":[64.2,59.3]},"properties":{"region":4,"fire_occurred":0,"prediction":0.1061}},{"type":"Feature","geometry":{"type":"Point","coordinates":[65.4,60.8]},"properties":{"region":4,"fire_occurred":1,"prediction":0.1348}},{"type":"Feature","geometry":{"type":"Point","coordinates":[65.4,62.1]},"properties":{"region":4,"fire_occurred":1,"prediction":0.0209}},{"type":"Feature","geometry":{"type":"Point","coordinates":[65.5,63.4]},"properties":{"region":4,"fire_occurred":0,"prediction":0.1134}},{"type":"Feature","geometry":{"type":"Point","coordinates":[65.8,62.0]},"properties":{"region":4,"fire_occurred":0,"prediction":0.6014}},{"type":"Feature","geometry":{"type":"Point","coordinates":[66.1,61.6]},"properties":{"region":4,"fire_occurred":0,"prediction":0.1111}},{"type":"Feature","geometry":{"type":"Point","coordinates":[66.2,61.4]},"properties":{"region":4,"fire_occurred":0,"prediction":0.393}},{"type":"Feature","geometry":{"type":"Point","coordinates":[66.4,61.3]},"properties":{"region":4,"fire_occurred":0,"prediction":0.558}},{"type":"Feature","geometry":{"type":"Point","coordinates":[66.4,61.7]},"properties":{"region":4,"fire_occurred":0,"prediction":0.2246}},{"type":"Feature","geometry":{"type":"Point","coordinates":[66.6,61.7]},"properties":{"region":4,"fire_occurred":0,"prediction":0.3424}},{"type":"Feature","geometry":{"type":"Point","coordinates":[66.9,61.7]},"properties":{"region":4,"fire_occurred":1,"prediction":0.9196}},{"type":"Feature","geometry":{"type":"Point","coordinates":[67.4,58.4]},"properties":{"region":4,"fire_occurred":0,"prediction":0.2342}},{"type":"Feature","geometry":{"type":"Point","coordinates":[67.6,62.3]},"properties":{"region":4,"fire_occurred":1,"prediction":0.272}},{"type":"Feature","geometry":{"type":"Point","coordinates":[67.7,62.3]},"properties":{"region":4,"fire_occurred":1,"prediction":0.0306}},{"type":"Feature","geometry":{"type":"Point","coordinates":[68.3,70.4]},"properties":{"region":4,"fire_occurred":0,"prediction":0.1615}},{"type":"Feature","geometry":{"type":"Point","coordinates":[68.4,57.4]},"properties":{"region":4,"fire_occurred":0,"prediction":0.1278}},{"type":"Feature","geometry":{"type":"Point","coordinates":[68.4,58.2]},"properties":{"region":4,"fire_occurred":0,"prediction":0.1957}},{"type":"Feature","geometry":{"type":"Point","coordinates":[68.5,61.9]},"properties":{"region":4,"fire_occurred":0,"prediction":0.17}},{"type":"Feature","geometry":{"type":"Point","coordinates":[68.6,57.1]},"properties":{"region":4,"fire_occurred":0,"prediction":0.1904}},{"type":"Feature","geometry":{"type":"Point","coordinates":[68.7,57.1]},"properties":{"region":4,"fire_occurred":0,"prediction":0.1551}},{"type":"Feature","geometry":{"type":"Point","coordinates":[69.1,57.3]},"properties":{"region":4,"fire_occurred":0,"prediction":0.1798}},{"type":"Feature","geometry":{"type":"Point","coordinates":[69.1,57.4]},"properties":{"region":4,"fire_occurred":0,"prediction":0.1683}},{"type":"Feature","geometry":{"type":"Point","coordinates":[69.2,57.3]},"properties":{"region":4,"fire_occurred":0,"prediction":0.2015}},{"type":"Feature","geometry":{"type":"Point","coordinates":[69.3,57.3]},"properties":{"region":4,"fire_occurred":0,"prediction":0.1045}},{"type":"Feature","geometry":{"type":"Point","coordinates":[69.3,60.7]},"properties":{"region":4,"fire_occurred":0,"prediction":0.4824}},{"type":"Feature","geometry":{"type":"Point","coordinates":[69.4,57.3]},"properties":{"region":4,"fire_occurred":0,"prediction":0.2175}},{"type":"Feature","geometry":{"type":"Point","coordinates":[69.6,57.4]},"properties":{"region":4,"fire_occurred":0,"prediction":0.135}},{"type":"Feature","geometry":{"type":"Point","coordinates":[69.8,57.4]},"properties":{"region":4,"fire_occurred":0,"prediction":0.1495}},{"type":"Feature","geometry":{"type":"Point","coordinates":[70.0,59.5]},"properties":{"region":4,"fire_occurred":1,"prediction":0.0075}},{"type":"Feature","geometry":{"type":"Point","coordinates":[70.1,60.7]},"properties":{"region":4,"fire_occurred":1,"prediction":0.9466}},{"type":"Feature","geometry":{"type":"Point","coordinates":[70.1,61.0]},"properties":{"region":4,"fire_occurred":0,"prediction":0.136}},{"type":"Feature","geometry":{"type":"Point","coordinates":[70.1,61.1]},"properties":{"region":4,"fire_occurred":0,"prediction":0.1484}},{"type":"Feature","geometry":{"type":"Point","coordinates":[70.2,61.0]},"properties":{"region":4,"fire_occurred":0,"prediction":0.1287}},{"type":"Feature","geometry":{"type":"Point","coordinates":[70.2,61.1]},"properties":{"region":4,"fire_occurred":0,"prediction":0.1083}},{"type":"Feature","geometry":{"type":"Point","coordinates":[70.4,61.4]},"properties":{"region":4,"fire_occurred":0,"prediction":0.1737}},{"type":"Feature","geometry":{"type":"Point","coordinates":[70.7,60.8]},"properties":{"region":4,"fire_occurred":0,"prediction":0.1844}},{"type":"Feature","geometry":{"type":"Point","coordinates":[70.8,57.5]},"properties":{"region":4,"fire_occurred":0,"prediction":0.1494}},{"type":"Feature","geometry":{"type":"Point","coordinates":[70.8,57.6]},"properties":{"region":4,"fire_occurred":0,"prediction":0.2582}},{"type":"Feature","geometry":{"type":"Point","coordinates":[70.8,60.7]},"properties":{"region":4,"fire_occurred":0,"prediction":0.8428}},{"type":"Feature","geometry":{"type":"Point","coordinates":[70.8,60.8]},"properties":{"region":4,"fire_occurred":0,"prediction":0.1114}},{"type":"Feature","geometry":{"type":"Point","coordinates":[70.9,57.5]},"properties":{"region":4,"fire_occurred":0,"prediction":0.1136}},{"type":"Feature","geometry":{"type":"Point","coordinates":[70.9,57.6]},"properties":{"region":4,"fire_occurred":0,"prediction":0.3153}},{"type":"Feature","geometry":{"type":"Point","coordinates":[70.9,66.1]},"properties":{"region":4,"fire_occurred":1,"prediction":0.6386}},{"type":"Feature","geometry":{"type":"Point","coordinates":[71.0,66.1]},"properties":{"region":4,"fire_occurred":1,"prediction":0.4261}},{"type":"Feature","geometry":{"type":"Point","coordinates":[71.2,60.8]},"properties":{"region":4,"fire_occurred":0,"prediction":0.1483}},{"type":"Feature","geometry":{"type":"Point","coordinates":[71.4,71.3]},"properties":{"region":4,"fire_occurred":1,"prediction":0.0026}},{"type":"Feature","geometry":{"type":"Point","coordinates":[71.7,59.7]},"properties":{"region":4,"fire_occurred":1,"prediction":0.4601}},{"type":"Feature","geometry":{"type":"Point","coordinates":[71.8,60.8]},"properties":{"region":4,"fire_occurred":0,"prediction":0.617}},{"type":"Feature","geometry":{"type":"Point","coordinates":[72.2,40.6]},"properties":{"region":4,"fire_occurred":1,"prediction":0.0216}},{"type":"Feature","geometry":{"type":"Point","coordinates":[72.2,60.4]},"properties":{"region":4,"fire_occurred":0,"prediction":0.1831}},{"type":"Feature","geometry":{"type":"Point","coordinates":[72.3,40.7]},"properties":{"region":4,"fire_occurred":1,"prediction":0.0333}},{"type":"Feature","geometry":{"type":"Point","coordinates":[72.3,60.5]},"properties":{"region":4,"fire_occurred":1,"prediction":0.9093}},{"type":"Feature","geometry":{"type":"Point","coordinates":[72.4,67.7]},"properties":{"region":4,"fire_occurred":1,"prediction":0.0174}},{"type":"Feature","geometry":{"type":"Point","coordinates":[72.4,67.8]},"properties":{"region":4,"fire_occurred":0,"prediction":0.3026}},{"type":"Feature","geometry":{"type":"Point","coordinates":[72.4,69.4]},"properties":{"region":4,"fire_occurred":0,"prediction":0.1052}},{"type":"Feature","geometry":{"type":"Point","coordinates":[72.5,67.7]},"properties":{"region":4,"fire_occurred":1,"prediction":0.2428}},{"type":"Feature","geometry":{"type":"Point","coordinates":[72.5,67.8]},"properties":{"region":4,"fire_occurred":1,"prediction":0.6097}},{"type":"Feature","geometry":{"type":"Point","coordinates":[72.6,60.6]},"properties":{"region":4,"fire_occurred":1,"prediction":0.7732}},{"type":"Feature","geometry":{"type":"Point","coordinates":[72.8,60.6]},"properties":{"region":4,"fire_occurred":0,"prediction":0.1239}},{"type":"Feature","geometry":{"type":"Point","coordinates":[72.9,61.2]},"properties":{"region":4,"fire_occurred":0,"prediction":0.1182}},{"type":"Feature","geometry":{"type":"Point","coordinates":[73.0,60.9]},"properties":{"region":4,"fire_occurred":0,"prediction":0.2002}},{"type":"Feature","geometry":{"type":"Point","coordinates":[73.5,60.1]},"properties":{"region":4,"fire_occurred":0,"prediction":0.1078}},{"type":"Feature","geometry":{"type":"Point","coordinates":[73.5,62.4]},"properties":{"region":4,"fire_occurred":1,"prediction":0.0131}},{"type":"Feature","geometry":{"type":"Point","coordinates":[74.2,57.2]},"properties":{"region":4,"fire_occurred":1,"prediction":0.0017}},{"type":"Feature","geometry":{"type":"Point","coordinates":[74.3,61.9]},"properties":{"region":4,"fire_occurred":0,"prediction":0.1118}},{"type":"Feature","geometry":{"type":"Point","coordinates":[74.5,70.9]},"properties":{"region":4,"fire_occurred":0,"prediction":0.2009}},{"type":"Feature","geometry":{"type":"Point","coordinates":[74.6,70.9]},"properties":{"region":4,"fire_occurred":0,"prediction":0.1996}},{"type":"Feature","geometry":{"type":"Point","coordinates":[74.7,70.9]},"properties":{"region":4,"fire_occurred":1,"prediction":0.3874}},{"type":"Feature","geometry":{"type":"Point","coordinates":[75.4,66.8]},"properties":{"region":4,"fire_occurred":1,"prediction":0.5413}},{"type":"Feature","geometry":{"type":"Point","coordinates":[75.5,66.8]},"properties":{"region":4,"fire_occurred":1,"prediction":0.1776}},{"type":"Feature","geometry":{"type":"Point","coordinates":[75.5,66.9]},"properties":{"region":4,"fire_occurred":1,"prediction":0.8964}},{"type":"Feature","geometry":{"type":"Point","coordinates":[76.9,66.4]},"properties":{"region":4,"fire_occurred":1,"prediction":0.0301}},{"type":"Feature","geometry":{"type":"Point","coordinates":[76.9,66.5]},"properties":{"region":4,"fire_occurred":1,"prediction":0.0075}},{"type":"Feature","geometry":{"type":"Point","coordinates":[77.1,64.9]},"properties":{"region":4,"fire_occurred":1,"prediction":0.2763}},{"type":"Feature","geometry":{"type":"Point","coordinates":[77.1,66.4]},"properties":{"region":4,"fire_occurred":1,"prediction":0.1388}},{"type":"Feature","geometry":{"type":"Point","coordinates":[77.2,65.8]},"properties":{"region":4,"fire_occurred":1,"prediction":0.1176}},{"type":"Feature","geometry":{"type":"Point","coordinates":[77.2,65.9]},"properties":{"region":4,"fire_occurred":1,"prediction":0.6822}},{"type":"Feature","geometry":{"type":"Point","coordinates":[77.2,66.1]},"properties":{"region":4,"fire_occurred":1,"prediction":0.0402}},{"type":"Feature","geometry":{"type":"Point","coordinates":[77.2,66.2]},"properties":{"region":4,"fire_occurred":1,"prediction":0.5634}},{"type":"Feature","geometry":{"type":"Point","coordinates":[77.2,66.6]},"properties":{"region":4,"fire_occurred":1,"prediction":0.0079}},{"type":"Feature","geometry":{"type":"Point","coordinates":[77.3,66.6]},"properties":{"region":4,"fire_occurred":1,"prediction":0.0686}},{"type":"Feature","geometry":{"type":"Point","coordinates":[77.7,58.4]},"properties":{"region":4,"fire_occurred":0,"prediction":0.2575}},{"type":"Feature","geometry":{"type":"Point","coordinates":[77.7,64.9]},"properties":{"region":4,"fire_occurred":1,"prediction":0.0211}},{"type":"Feature","geometry":{"type":"Point","coordinates":[77.8,65.0]},"properties":{"region":4,"fire_occurred":0,"prediction":0.1494}},{"type":"Feature","geometry":{"type":"Point","coordinates":[78.1,62.3]},"properties":{"region":4,"fire_occurred":1,"prediction":0.1336}},{"type":"Feature","geometry":{"type":"Point","coordinates":[78.3,64.9]},"properties":{"region":4,"fire_occurred":1,"prediction":0.3045}},{"type":"Feature","geometry":{"type":"Point","coordinates":[78.4,57.4]},"properties":{"region":4,"fire_occurred":0,"prediction":0.1298}},{"type":"Feature","geometry":{"type":"Point","coordinates":[78.4,58.7]},"properties":{"region":4,"fire_occurred":1,"prediction":0.0087}},{"type":"Feature","geometry":{"type":"Point","coordinates":[78.6,66.2]},"properties":{"region":4,"fire_occurred":1,"prediction":0.0169}},{"type":"Feature","geometry":{"type":"Point","coordinates":[78.7,66.2]},"properties":{"region":4,"fire_occurred":1,"prediction":0.9197}},{"type":"Feature","geometry":{"type":"Point","coordinates":[78.8,58.1]},"properties":{"region":4,"fire_occurred":1,"prediction":0.2892}},{"type":"Feature","geometry":{"type":"Point","coordinates":[78.9,58.1]},"properties":{"region":4,"fire_occurred":0,"prediction":0.2469}},{"type":"Feature","geometry":{"type":"Point","coordinates":[79.0,67.2]},"properties":{"region":4,"fire_occurred":0,"prediction":0.2044}},{"type":"Feature","geometry":{"type":"Point","coordinates":[79.0,67.3]},"properties":{"region":4,"fire_occurred":0,"prediction":0.1122}},{"type":"Feature","geometry":{"type":"Point","coordinates":[79.1,64.4]},"properties":{"region":4,"fire_occurred":0,"prediction":0.1097}},{"type":"Feature","geometry":{"type":"Point","coordinates":[79.2,64.4]},"properties":{"region":4,"fire_occurred":0,"prediction":0.109}},{"type":"Feature","geometry":{"type":"Point","coordinates":[79.3,64.4]},"properties":{"region":4,"fire_occurred":0,"prediction":0.1127}},{"type":"Feature","geometry":{"type":"Point","coordinates":[79.4,62.1]},"properties":{"region":4,"fire_occurred":1,"prediction":0.0089}},{"type":"Feature","geometry":{"type":"Point","coordinates":[79.6,62.4]},"properties":{"region":4,"fire_occurred":1,"prediction":0.0274}},{"type":"Feature","geometry":{"type":"Point","coordinates":[79.9,68.5]},"properties":{"region":4,"fire_occurred":1,"prediction":0.4878}},{"type":"Feature","geometry":{"type":"Point","coordinates":[80.4,66.6]},"properties":{"region":4,"fire_occurred":1,"prediction":0.5355}},{"type":"Feature","geometry":{"type":"Point","coordinates":[80.5,63.4]},"properties":{"region":4,"fire_occurred":1,"prediction":0.0713}},{"type":"Feature","geometry":{"type":"Point","coordinates":[80.9,63.4]},"properties":{"region":4,"fire_occurred":1,"prediction":0.2857}},{"type":"Feature","geometry":{"type":"Point","coordinates":[83.0,67.2]},"properties":{"region":4,"fire_occurred":1,"prediction":0.2483}},{"type":"Feature","geometry":{"type":"Point","coordinates":[83.2,67.2]},"properties":{"region":4,"fire_occurred":1,"prediction":0.03}},{"type":"Feature","geometry":{"type":"Point","coordinates":[83.2,67.5]},"properties":{"region":4,"fire_occurred":1,"prediction":0.0035}},{"type":"Feature","geometry":{"type":"Point","coordinates":[83.5,67.7]},"properties":{"region":4,"fire_occurred":1,"prediction":0.0054}},{"type":"Feature","geometry":{"type":"Point","coordinates":[83.6,68.4]},"properties":{"region":4,"fire_occurred":1,"prediction":0.0038}},{"type":"Feature","geometry":{"type":"Point","coordinates":[89.9,55.8]},"properties":{"region":4,"fire_occurred":1,"prediction":0.0208}},{"type":"Feature","geometry":{"type":"Point","coordinates":[90.4,56.2]},"properties":{"region":4,"fire_occurred":0,"prediction":0.1564}},{"type":"Feature","geometry":{"type":"Point","coordinates":[90.8,55.7]},"properties":{"region":4,"fire_occurred":1,"prediction":0.0015}},{"type":"Feature","geometry":{"type":"Point","coordinates":[90.8,55.8]},"properties":{"region":4,"fire_occurred":1,"prediction":0.0107}},{"type":"Feature","geometry":{"type":"Point","coordinates":[95.4,55.7]},"properties":{"region":4,"fire_occurred":1,"prediction":0.012}},{"type":"Feature","geometry":{"type":"Point","coordinates":[96.2,60.4]},"properties":{"region":4,"fire_occurred":1,"prediction":0.6169}},{"type":"Feature","geometry":{"type":"Point","coordinates":[96.4,60.4]},"properties":{"region":4,"fire_occurred":0,"prediction":0.4891}},{"type":"Feature","geometry":{"type":"Point","coordinates":[96.5,60.4]},"properties":{"region":4,"fire_occurred":1,"prediction":0.5655}},{"type":"Feature","geometry":{"type":"Point","coordinates":[96.7,56.9]},"properties":{"region":4,"fire_occurred":1,"prediction":0.0032}},{"type":"Feature","geometry":{"type":"Point","coordinates":[97.1,56.4]},"properties":{"region":4,"fire_occurred":0,"prediction":0.112}},{"type":"Feature","geometry":{"type":"Point","coordinates":[97.3,60.8]},"properties":{"region":4,"fire_occurred":1,"prediction":0.4755}},{"type":"Feature","geometry":{"type":"Point","coordinates":[99.4,57.4]},"properties":{"region":4,"fire_occurred":0,"prediction":0.1086}},{"type":"Feature","geometry":{"type":"Point","coordinates":[100.2,57.4]},"properties":{"region":4,"fire_occurred":1,"prediction":0.0771}},{"type":"Feature","geometry":{"type":"Point","coordinates":[101.4,58.8]},"properties":{"region":4,"fire_occurred":1,"prediction":0.0782}},{"type":"Feature","geometry":{"type":"Point","coordinates":[101.7,57.1]},"properties":{"region":4,"fire_occurred":1,"prediction":0.0024}},{"type":"Feature","geometry":{"type":"Point","coordinates":[101.7,57.6]},"properties":{"region":4,"fire_occurred":1,"prediction":0.1449}},{"type":"Feature","geometry":{"type":"Point","coordinates":[101.8,57.1]},"properties":{"region":4,"fire_occurred":1,"prediction":0.0029}},{"type":"Feature","geometry":{"type":"Point","coordinates":[101.8,57.6]},"properties":{"region":4,"fire_occurred":1,"prediction":0.0073}},{"type":"Feature","geometry":{"type":"Point","coordinates":[102.2,57.0]},"properties":{"region":4,"fire_occurred":1,"prediction":0.0003}},{"type":"Feature","geometry":{"type":"Point","coordinates":[102.4,58.0]},"properties":{"region":4,"fire_occurred":1,"prediction":0.0072}},{"type":"Feature","geometry":{"type":"Point","coordinates":[102.5,58.0]},"properties":{"region":4,"fire_occurred":1,"prediction":0.0064}},{"type":"Feature","geometry":{"type":"Point","coordinates":[103.2,57.6]},"properties":{"region":4,"fire_occurred":1,"prediction":0.1368}},{"type":"Feature","geometry":{"type":"Point","coordinates":[103.3,57.0]},"properties":{"region":4,"fire_occurred":0,"prediction":0.1429}},{"type":"Feature","geometry":{"type":"Point","coordinates":[105.4,57.7]},"properties":{"region":4,"fire_occurred":0,"prediction":0.1932}},{"type":"Feature","geometry":{"type":"Point","coordinates":[105.8,57.8]},"properties":{"region":4,"fire_occurred":1,"prediction":0.9829}},{"type":"Feature","geometry":{"type":"Point","coordinates":[105.9,57.7]},"properties":{"region":4,"fire_occurred":0,"prediction":0.1483}},{"type":"Feature","geometry":{"type":"Point","coordinates":[105.9,57.8]},"properties":{"region":4,"fire_occurred":0,"prediction":0.5561}},{"type":"Feature","geometry":{"type":"Point","coordinates":[106.5,58.0]},"properties":{"region":4,"fire_occurred":1,"prediction":0.9192}},{"type":"Feature","geometry":{"type":"Point","coordinates":[106.7,57.9]},"properties":{"region":4,"fire_occurred":0,"prediction":0.841}},{"type":"Feature","geometry":{"type":"Point","coordinates":[106.8,57.9]},"properties":{"region":4,"fire_occurred":1,"prediction":0.9586}},{"type":"Feature","geometry":{"type":"Point","coordinates":[106.8,58.1]},"properties":{"region":4,"fire_occurred":1,"prediction":0.207}},{"type":"Feature","geometry":{"type":"Point","coordinates":[107.1,57.3]},"properties":{"region":4,"fire_occurred":1,"prediction":0.3394}},{"type":"Feature","geometry":{"type":"Point","coordinates":[107.1,57.4]},"properties":{"region":4,"fire_occurred":1,"prediction":0.446}},{"type":"Feature","geometry":{"type":"Point","coordinates":[107.3,58.4]},"properties":{"region":4,"fire_occurred":1,"prediction":0.9822}},{"type":"Feature","geometry":{"type":"Point","coordinates":[107.4,58.4]},"properties":{"region":4,"fire_occurred":1,"prediction":0.356}},{"type":"Feature","geometry":{"type":"Point","coordinates":[107.5,58.4]},"properties":{"region":4,"fire_occurred":1,"prediction":0.9835}},{"type":"Feature","geometry":{"type":"Point","coordinates":[107.6,58.4]},"properties":{"region":4,"fire_occurred":1,"prediction":0.9722}},{"type":"Feature","geometry":{"type":"Point","coordinates":[107.7,59.4]},"properties":{"region":4,"fire_occurred":1,"prediction":0.0949}},{"type":"Feature","geometry":{"type":"Point","coordinates":[107.9,59.6]},"properties":{"region":4,"fire_occurred":1,"prediction":0.0022}},{"type":"Feature","geometry":{"type":"Point","coordinates":[108.0,59.5]},"properties":{"region":4,"fire_occurred":0,"prediction":0.1054}},{"type":"Feature","geometry":{"type":"Point","coordinates":[108.0,59.6]},"properties":{"region":4,"fire_occurred":1,"prediction":0.9857}},{"type":"Feature","geometry":{"type":"Point","coordinates":[108.0,59.7]},"properties":{"region":4,"fire_occurred":1,"prediction":0.1189}},{"type":"Feature","geometry":{"type":"Point","coordinates":[108.1,59.5]},"properties":{"region":4,"fire_occurred":1,"prediction":0.5788}},{"type":"Feature","geometry":{"type":"Point","coordinates":[108.1,59.6]},"properties":{"region":4,"fire_occurred":1,"prediction":0.6194}},{"type":"Feature","geometry":{"type":"Point","coordinates":[108.1,59.7]},"properties":{"region":4,"fire_occurred":1,"prediction":0.608}},{"type":"Feature","geometry":{"type":"Point","coordinates":[108.2,59.4]},"properties":{"region":4,"fire_occurred":1,"prediction":0.6161}},{"type":"Feature","geometry":{"type":"Point","coordinates":[108.2,59.5]},"properties":{"region":4,"fire_occurred":1,"prediction":0.7761}},{"type":"Feature","geometry":{"type":"Point","coordinates":[108.2,59.6]},"properties":{"region":4,"fire_occurred":0,"prediction":0.5393}},{"type":"Feature","geometry":{"type":"Point","coordinates":[108.2,59.7]},"properties":{"region":4,"fire_occurred":1,"prediction":0.8824}},{"type":"Feature","geometry":{"type":"Point","coordinates":[108.3,59.4]},"properties":{"region":4,"fire_occurred":1,"prediction":0.4012}},{"type":"Feature","geometry":{"type":"Point","coordinates":[108.3,59.5]},"properties":{"region":4,"fire_occurred":1,"prediction":0.4618}},{"type":"Feature","geometry":{"type":"Point","coordinates":[108.3,59.6]},"properties":{"region":4,"fire_occurred":0,"prediction":0.3992}},{"type":"Feature","geometry":{"type":"Point","coordinates":[108.4,59.6]},"properties":{"region":4,"fire_occurred":1,"prediction":0.0655}},{"type":"Feature","geometry":{"type":"Point","coordinates":[108.4,59.7]},"properties":{"region":4,"fire_occurred":1,"prediction":0.2842}},{"type":"Feature","geometry":{"type":"Point","coordinates":[108.5,58.4]},"properties":{"region":4,"fire_occurred":0,"prediction":0.2531}},{"type":"Feature","geometry":{"type":"Point","coordinates":[108.5,58.5]},"properties":{"region":4,"fire_occurred":1,"prediction":0.28}},{"type":"Feature","geometry":{"type":"Point","coordinates":[108.6,58.5]},"properties":{"region":4,"fire_occurred":0,"prediction":0.2712}},{"type":"Feature","geometry":{"type":"Point","coordinates":[109.0,60.1]},"properties":{"region":4,"fire_occurred":1,"prediction":0.9395}},{"type":"Feature","geometry":{"type":"Point","coordinates":[109.1,60.1]},"properties":{"region":4,"fire_occurred":0,"prediction":0.7002}},{"type":"Feature","geometry":{"type":"Point","coordinates":[111.6,60.3]},"properties":{"region":4,"fire_occurred":1,"prediction":0.0011}},{"type":"Feature","geometry":{"type":"Point","coordinates":[112.1,60.9]},"properties":{"region":4,"fire_occurred":1,"prediction":0.9791}},{"type":"Feature","geometry":{"type":"Point","coordinates":[112.7,61.3]},"properties":{"region":4,"fire_occurred":1,"prediction":0.9734}},{"type":"Feature","geometry":{"type":"Point","coordinates":[112.8,61.3]},"properties":{"region":4,"fire_occurred":1,"prediction":0.972}},{"type":"Feature","geometry":{"type":"Point","coordinates":[113.1,61.5]},"properties":{"region":4,"fire_occurred":1,"prediction":0.9506}},{"type":"Feature","geometry":{"type":"Point","coordinates":[114.3,61.6]},"properties":{"region":4,"fire_occurred":0,"prediction":0.1585}},{"type":"Feature","geometry":{"type":"Point","coordinates":[116.5,52.1]},"properties":{"region":4,"fire_occurred":1,"prediction":0.0011}},{"type":"Feature","geometry":{"type":"Point","coordinates":[117.7,63.2]},"properties":{"region":4,"fire_occurred":0,"prediction":0.1543}},{"type":"Feature","geometry":{"type":"Point","coordinates":[117.9,62.7]},"properties":{"region":4,"fire_occurred":1,"prediction":0.7105}},{"type":"Feature","geometry":{"type":"Point","coordinates":[117.9,63.3]},"properties":{"region":4,"fire_occurred":0,"prediction":0.1422}},{"type":"Feature","geometry":{"type":"Point","coordinates":[118.0,63.2]},"properties":{"region":4,"fire_occurred":0,"prediction":0.1096}},{"type":"Feature","geometry":{"type":"Point","coordinates":[118.1,63.3]},"properties":{"region":4,"fire_occurred":0,"prediction":0.3369}},{"type":"Feature","geometry":{"type":"Point","coordinates":[118.3,59.7]},"properties":{"region":4,"fire_occurred":1,"prediction":0.0007}},{"type":"Feature","geometry":{"type":"Point","coordinates":[119.4,63.5]},"properties":{"region":4,"fire_occurred":1,"prediction":0.0467}},{"type":"Feature","geometry":{"type":"Point","coordinates":[120.7,51.2]},"properties":{"region":4,"fire_occurred":1,"prediction":0.0027}},{"type":"Feature","geometry":{"type":"Point","coordinates":[121.3,48.2]},"properties":{"region":4,"fire_occurred":1,"prediction":0.0013}},{"type":"Feature","geometry":{"type":"Point","coordinates":[121.7,60.6]},"properties":{"region":4,"fire_occurred":1,"prediction":0.1219}},{"type":"Feature","geometry":{"type":"Point","coordinates":[123.5,52.0]},"properties":{"region":4,"fire_occurred":1,"prediction":0.002}},{"type":"Feature","geometry":{"type":"Point","coordinates":[127.4,50.2]},"properties":{"region":4,"fire_occurred":1,"prediction":0.0388}},{"type":"Feature","geometry":{"type":"Point","coordinates":[128.1,51.5]},"properties":{"region":4,"fire_occurred":0,"prediction":0.1383}},{"type":"Feature","geometry":{"type":"Point","coordinates":[129.2,47.4]},"properties":{"region":4,"fire_occurred":1,"prediction":0.003}},{"type":"Feature","geometry":{"type":"Point","coordinates":[130.9,53.4]},"properties":{"region":4,"fire_occurred":0,"prediction":0.164}},{"type":"Feature","geometry":{"type":"Point","coordinates":[136.0,57.5]},"properties":{"region":4,"fire_occurred":0,"prediction":0.2531}},{"type":"Feature","geometry":{"type":"Point","coordinates":[139.6,61.6]},"properties":{"region":4,"fire_occurred":1,"prediction":0.3137}},{"type":"Feature","geometry":{"type":"Point","coordinates":[139.9,60.2]},"properties":{"region":4,"fire_occurred":1,"prediction":0.0694}},{"type":"Feature","geometry":{"type":"Point","coordinates":[139.9,60.3]},"properties":{"region":4,"fire_occurred":1,"prediction":0.0942}},{"type":"Feature","geometry":{"type":"Point","coordinates":[143.1,63.2]},"properties":{"region":4,"fire_occurred":1,"prediction":0.0147}},{"type":"Feature","geometry":{"type":"Point","coordinates":[161.3,56.6]},"properties":{"region":4,"fire_occurred":1,"prediction":0.0388}},{"type":"Feature","geometry":{"type":"Point","coordinates":[-93.2,69.1]},"properties":{"region":5,"fire_occurred":0,"prediction":0.1046}},{"type":"Feature","geometry":{"type":"Point","coordinates":[-93.1,68.7]},"properties":{"region":5,"fire_occurred":0,"prediction":0.1281}},{"type":"Feature","geometry":{"type":"Point","coordinates":[-93.0,68.7]},"properties":{"region":5,"fire_occurred":0,"prediction":0.1296}},{"type":"Feature","geometry":{"type":"Point","coordinates":[-93.0,69.0]},"properties":{"region":5,"fire_occurred":0,"prediction":0.102}},{"type":"Feature","geometry":{"type":"Point","coordinates":[-92.9,68.7]},"properties":{"region":5,"fire_occurred":0,"prediction":0.1296}},{"type":"Feature","geometry":{"type":"Point","coordinates":[-85.4,76.3]},"properties":{"region":5,"fire_occurred":0,"prediction":0.1119}},{"type":"Feature","geometry":{"type":"Point","coordinates":[-85.3,76.3]},"properties":{"region":5,"fire_occurred":0,"prediction":0.1188}},{"type":"Feature","geometry":{"type":"Point","coordinates":[-68.7,-32.8]},"properties":{"region":5,"fire_occurred":0,"prediction":0.1236}},{"type":"Feature","geometry":{"type":"Point","coordinates":[98.2,39.8]},"properties":{"region":5,"fire_occurred":0,"prediction":0.1244}},{"type":"Feature","geometry":{"type":"Point","coordinates":[99.1,48.7]},"properties":{"region":5,"fire_occurred":0,"prediction":0.1216}},{"type":"Feature","geometry":{"type":"Point","coordinates":[144.0,65.5]},"properties":{"region":5,"fire_occurred":0,"prediction":0.1227}}]}