{"type":"FeatureCollection","features":[{"type":"Feature","geometry":{"type":"Point","coordinates":[-104.0,20.5]},"properties":{"region":1,"fire_occurred":0,"prediction":0.1346}},{"type":"Feature","geometry":{"type":"Point","coordinates":[-103.9,20.4]},"properties":{"region":1,"fire_occurred":0,"prediction":0.1577}},{"type":"Feature","geometry":{"type":"Point","coordinates":[-103.9,20.5]},"properties":{"region":1,"fire_occurred":0,"prediction":0.1282}},{"type":"Feature","geometry":{"type":"Point","coordinates":[-103.8,19.2]},"properties":{"region":1,"fire_occurred":1,"prediction":0.0245}},{"type":"Feature","geometry":{"type":"Point","coordinates":[-103.8,20.6]},"properties":{"region":1,"fire_occurred":1,"prediction":0.1506}},{"type":"Feature","geometry":{"type":"Point","coordinates":[-102.7,19.8]},"properties":{"region":1,"fire_occurred":1,"prediction":0.0026}},{"type":"Feature","geometry":{"type":"Point","coordinates":[-102.6,19.8]},"properties":{"region":1,"fire_occurred":1,"prediction":0.0021}},{"type":"Feature","geometry":{"type":"Point","coordinates":[-102.6,20.1]},"properties":{"region":1,"fire_occurred":1,"prediction":0.0709}},{"type":"Feature","geometry":{"type":"Point","coordinates":[-102.5,20.1]},"properties":{"region":1,"fire_occurred":1,"prediction":0.2275}},{"type":"Feature","geometry":{"type":"Point","coordinates":[-102.5,20.2]},"properties":{"region":1,"fire_occurred":0,"prediction":0.1178}},{"type":"Feature","geometry":{"type":"Point","coordinates":[-102.4,19.0]},"properties":{"region":1,"fire_occurred":0,"prediction":0.1225}},{"type":"Feature","geometry":{"type":"Point","coordinates":[-102.4,20.0]},"properties":{"region":1,"fire_occurred":1,"prediction":0.3634}},{"type":"Feature","geometry":{"type":"Point","coordinates":[-102.4,20.1]},"properties":{"region":1,"fire_occurred":0,"prediction":0.1691}},{"type":"Feature","geometry":{"type":"Point","coordinates":[-102.4,20.2]},"properties":{"region":1,"fire_occurred":1,"prediction":0.055}},{"type":"Feature","geometry":{"type":"Point","coordinates":[-102.4,20.3]},"properties":{"region":1,"fire_occurred":0,"prediction":0.3508}},{"type":"Feature","geometry":{"type":"Point","coordinates":[-102.3,19.0]},"properties":{"region":1,"fire_occurred":0,"prediction":0.1779}},{"type":"Feature","geometry":{"type":"Point","coordinates":[-102.3,20.0]},"properties":{"region":1,"fire_occurred":1,"prediction":0.2037}},{"type":"Feature","geometry":{"type":"Point","coordinates":[-102.3,20.1]},"properties":{"region":1,"fire_occurred":0,"prediction":0.2621}},{"type":"Feature","geometry":{"type":"Point","coordinates":[-102.3,20.2]},"properties":{"region":1,"fire_occurred":0,"prediction":0.1405}},{"type":"Feature","geometry":{"type":"Point","coordinates":[-102.3,20.3]},"properties":{"region":1,"fire_occurred":1,"prediction":0.1927}},{"type":"Feature","geometry":{"type":"Point","coordinates":[-102.2,20.1]},"properties":{"region":1,"fire_occurred":1,"prediction":0.0565}},{"type":"Feature","geometry":{"type":"Point","coordinates":[-102.2,20.3]},"properties":{"region":1,"fire_occurred":1,"prediction":0.0539}},{"type":"Feature","geometry":{"type":"Point","coordinates":[-102.1,20.2]},"properties":{"region":1,"fire_occurred":1,"prediction":0.0783}},{"type":"Feature","geometry":{"type":"Point","coordinates":[-102.0,19.3]},"properties":{"region":1,"fire_occurred":1,"prediction":0.0066}},{"type":"Feature","geometry":{"type":"Point","coordinates":[-102.0,20.3]},"properties":{"region":1,"fire_occurred":1,"prediction":0.303}},{"type":"Feature","geometry":{"type":"Point","coordinates":[-101.9,20.1]},"properties":{"region":1,"fire_occurred":1,"prediction":0.0082}},{"type":"Feature","geometry":{"type":"Point","coordinates":[-101.9,20.2]},"properties":{"region":1,"fire_occurred":1,"prediction":0.2888}},{"type":"Feature","geometry":{"type":"Point","coordinates":[-101.9,20.3]},"properties":{"region":1,"fire_occurred":0,"prediction":0.205}},{"type":"Feature","geometry":{"type":"Point","coordinates":[-101.8,19.6]},"properties":{"region":1,"fire_occurred":1,"prediction":0.0009}},{"type":"Feature","geometry":{"type":"Point","coordinates":[-101.8,20.0]},"properties":{"region":1,"fire_occurred":1,"prediction":0.0027}},{"type":"Feature","geometry":{"type":"Point","coordinates":[-101.8,20.2]},"properties":{"region":1,"fire_occurred":1,"prediction":0.0487}},{"type":"Feature","geometry":{"type":"Point","coordinates":[-101.7,20.1]},"properties":{"region":1,"fire_occurred":1,"prediction":0.0732}},{"type":"Feature","geometry":{"type":"Point","coordinates":[-101.7,20.2]},"properties":{"region":1,"fire_occurred":1,"prediction":0.5573}},{"type":"Feature","geometry":{"type":"Point","coordinates":[-101.7,20.3]},"properties":{"region":1,"fire_occurred":1,"prediction":0.0785}},{"type":"Feature","geometry":{"type":"Point","coordinates":[-101.6,20.2]},"properties":{"region":1,"fire_occurred":0,"prediction":0.2832}},{"type":"Feature","geometry":{"type":"Point","coordinates":[-101.6,20.3]},"properties":{"region":1,"fire_occurred":1,"prediction":0.2088}},{"type":"Feature","geometry":{"type":"Point","coordinates":[-101.5,20.3]},"properties":{"region":1,"fire_occurred":1,"prediction":0.119}},{"type":"Feature","geometry":{"type":"Point","coordinates":[-101.5,20.5]},"properties":{"region":1,"fire_occurred":0,"prediction":0.1907}},{"type":"Feature","geometry":{"type":"Point","coordinates":[-101.5,20.8]},"properties":{"region":1,"fire_occurred":1,"prediction":0.0062}},{"type":"Feature","geometry":{"type":"Point","coordinates":[-101.4,20.5]},"properties":{"region":1,"fire_occurred":0,"prediction":0.107}},{"type":"Feature","geometry":{"type":"Point","coordinates":[-101.3,20.2]},"properties":{"region":1,"fire_occurred":1,"prediction":0.0586}},{"type":"Feature","geometry":{"type":"Point","coordinates":[-101.3,20.5]},"properties":{"region":1,"fire_occurred":1,"prediction":0.0107}},{"type":"Feature","geometry":{"type":"Point","coordinates":[-101.2,20.5]},"properties":{"region":1,"fire_occurred":0,"prediction":0.3748}},{"type":"Feature","geometry":{"type":"Point","coordinates":[-101.1,20.2]},"properties":{"region":1,"fire_occurred":1,"prediction":0.006}},{"type":"Feature","geometry":{"type":"Point","coordinates":[-101.1,20.3]},"properties":{"region":1,"fire_occurred":1,"prediction":0.0643}},{"type":"Feature","geometry":{"type":"Point","coordinates":[-101.1,20.4]},"properties":{"region":1,"fire_occurred":1,"prediction":0.0388}},{"type":"Feature","geometry":{"type":"Point","coordinates":[-101.0,20.1]},"properties":{"region":1,"fire_occurred":1,"prediction":0.0108}},{"type":"Feature","geometry":{"type":"Point","coordinates":[-101.0,20.2]},"properties":{"region":1,"fire_occurred":1,"prediction":0.0627}},{"type":"Feature","geometry":{"type":"Point","coordinates":[-101.0,20.5]},"properties":{"region":1,"fire_occurred":0,"prediction":0.3729}},{"type":"Feature","geometry":{"type":"Point","coordinates":[-100.9,19.8]},"properties":{"region":1,"fire_occurred":0,"prediction":0.2254}},{"type":"Feature","geometry":{"type":"Point","coordinates":[-100.9,20.2]},"properties":{"region":1,"fire_occurred":0,"prediction":0.1164}},{"type":"Feature","geometry":{"type":"Point","coordinates":[-100.5,20.5]},"properties":{"region":1,"fire_occurred":1,"prediction":0.0225}},{"type":"Feature","geometry":{"type":"Point","coordinates":[-100.3,20.5]},"properties":{"region":1,"fire_occurred":0,"prediction":0.1615}},{"type":"Feature","geometry":{"type":"Point","coordinates":[-100.1,19.3]},"properties":{"region":1,"fire_occurred":1,"prediction":0.0015}},{"type":"Feature","geometry":{"type":"Point","coordinates":[-100.0,20.4]},"properties":{"region":1,"fire_occurred":1,"prediction":0.0049}},{"type":"Feature","geometry":{"type":"Point","coordinates":[-99.3,19.6]},"properties":{"region":1,"fire_occurred":0,"prediction":0.1207}},{"type":"Feature","geometry":{"type":"Point","coordinates":[-99.3,20.0]},"properties":{"region":1,"fire_occurred":1,"prediction":0.307}},{"type":"Feature","geometry":{"type":"Point","coordinates":[-99.2,18.7]},"properties":{"region":1,"fire_occurred":1,"prediction":0.0084}},{"type":"Feature","geometry":{"type":"Point","coordinates":[-99.0,18.9]},"properties":{"region":1,"fire_occurred":1,"prediction":0.0325}},{"type":"Feature","geometry":{"type":"Point","coordinates":[-99.0,19.6]},"properties":{"region":1,"fire_occurred":1,"prediction":0.0051}},{"type":"Feature","geometry":{"type":"Point","coordinates":[-98.9,19.4]},"properties":{"region":1,"fire_occurred":1,"prediction":0.0069}},{"type":"Feature","geometry":{"type":"Point","coordinates":[-98.7,19.7]},"properties":{"region":1,"fire_occurred":1,"prediction":0.0033}},{"type":"Feature","geometry":{"type":"Point","coordinates":[-98.7,22.5]},"properties":{"region":1,"fire_occurred":1,"prediction":0.0046}},{"type":"Feature","geometry":{"type":"Point","coordinates":[-98.5,18.5]},"properties":{"region":1,"fire_occurred":1,"prediction":0.0058}},{"type":"Feature","geometry":{"type":"Point","coordinates":[-98.3,22.7]},"properties":{"region":1,"fire_occurred":1,"prediction":0.0104}},{"type":"Feature","geometry":{"type":"Point","coordinates":[-98.3,23.6]},"properties":{"region":1,"fire_occurred":1,"prediction":0.0034}},{"type":"Feature","geometry":{"type":"Point","coordinates":[-97.9,22.2]},"properties":{"region":1,"fire_occurred":0,"prediction":0.1079}},{"type":"Feature","geometry":{"type":"Point","coordinates":[-97.9,23.5]},"properties":{"region":1,"fire_occurred":1,"prediction":0.0024}},{"type":"Feature","geometry":{"type":"Point","coordinates":[-95.9,18.2]},"properties":{"region":1,"fire_occurred":1,"prediction":0.0018}},{"type":"Feature","geometry":{"type":"Point","coordinates":[-95.9,18.3]},"properties":{"region":1,"fire_occurred":1,"prediction":0.0028}},{"type":"Feature","geometry":{"type":"Point","coordinates":[-95.1,16.4]},"properties":{"region":1,"fire_occurred":0,"prediction":0.1156}},{"type":"Feature","geometry":{"type":"Point","coordinates":[-94.6,16.6]},"properties":{"region":1,"fire_occurred":1,"prediction":0.0423}},{"type":"Feature","geometry":{"type":"Point","coordinates":[-94.2,16.2]},"properties":{"region":1,"fire_occurred":0,"prediction":0.1187}},{"type":"Feature","geometry":{"type":"Point","coordinates":[-94.1,18.0]},"properties":{"region":1,"fire_occurred":1,"prediction":0.9192}},{"type":"Feature","geometry":{"type":"Point","coordinates":[-93.6,17.8]},"properties":{"region":1,"fire_occurred":1,"prediction":0.7108}},{"type":"Feature","geometry":{"type":"Point","coordinates":[-93.6,17.9]},"properties":{"region":1,"fire_occurred":1,"prediction":0.8964}},{"type":"Feature","geometry":{"type":"Point","coordinates":[-93.5,17.8]},"properties":{"region":1,"fire_occurred":1,"prediction":0.9045}},{"type":"Feature","geometry":{"type":"Point","coordinates":[-93.4,18.0]},"properties":{"region":1,"fire_occurred":0,"prediction":0.4376}},{"type":"Feature","geometry":{"type":"Point","coordinates":[-93.2,17.8]},"properties":{"region":1,"fire_occurred":1,"prediction":0.946}},{"type":"Feature","geometry":{"type":"Point","coordinates":[-93.2,17.9]},"properties":{"region":1,"fire_occurred":1,"prediction":0.942}},{"type":"Feature","geometry":{"type":"Point","coordinates":[-93.1,18.0]},"properties":{"region":1,"fire_occurred":0,"prediction":0.2161}},{"type":"Feature","geometry":{"type":"Point","coordinates":[-92.5,17.8]},"properties":{"region":1,"fire_occurred":1,"prediction":0.7225}},{"type":"Feature","geometry":{"type":"Point","coordinates":[-92.5,17.9]},"properties":{"region":1,"fire_occurred":1,"prediction":0.3127}},{"type":"Feature","geometry":{"type":"Point","coordinates":[-91.4,15.0]},"properties":{"region":1,"fire_occurred":1,"prediction":0.0015}},{"type":"Feature","geometry":{"type":"Point","coordinates":[-90.8,14.1]},"properties":{"region":1,"fire_occurred":1,"prediction":0.0496}},{"type":"Feature","geometry":{"type":"Point","coordinates":[-90.7,14.1]},"properties":{"region":1,"fire_occurred":1,"prediction":0.0502}},{"type":"Feature","geometry":{"type":"Point","coordinates":[-90.5,19.6]},"properties":{"region":1,"fire_occurred":1,"prediction":0.0047}},{"type":"Feature","geometry":{"type":"Point","coordinates":[-90.0,14.3]},"properties":{"region":1,"fire_occurred":1,"prediction":0.0013}},{"type":"Feature","geometry":{"type":"Point","coordinates":[-89.2,21.1]},"properties":{"region":1,"fire_occurred":1,"prediction":0.0072}},{"type":"Feature","geometry":{"type":"Point","coordinates":[-88.5,18.2]},"properties":{"region":1,"fire_occurred":1,"prediction":0.0027}},{"type":"Feature","geometry":{"type":"Point","coordinates":[-80.7,26.6]},"properties":{"region":1,"fire_occurred":0,"prediction":0.2119}},{"type":"Feature","geometry":{"type":"Point","coordinates":[-80.7,26.7]},"properties":{"region":1,"fire_occurred":0,"prediction":0.1059}},{"type":"Feature","geometry":{"type":"Point","coordinates":[-80.6,26.5]},"properties":{"region":1,"fire_occurred":0,"prediction":0.1042}},{"type":"Feature","geometry":{"type":"Point","coordinates":[-80.6,26.6]},"properties":{"region":1,"fire_occurred":0,"prediction":0.121}},{"type":"Feature","geometry":{"type":"Point","coordinates":[-80.6,26.9]},"properties":{"region":1,"fire_occurred":0,"prediction":0.1684}},{"type":"Feature","geometry":{"type":"Point","coordinates":[-80.5,27.5]},"properties":{"region":1,"fire_occurred":0,"prediction":0.131}},{"type":"Feature","geometry":{"type":"Point","coordinates":[-78.4,-2.1]},"properties":{"region":1,"fire_occurred":0,"prediction":0.4232}},{"type":"Feature","geometry":{"type":"Point","coordinates":[-78.4,-2.0]},"properties":{"region":1,"fire_occurred":0,"prediction":0.181}},{"type":"Feature","geometry":{"type":"Point","coordinates":[-76.3,-7.0]},"properties":{"region":1,"fire_occurred":1,"prediction":0.0023}},{"type":"Feature","geometry":{"type":"Point","coordinates":[-74.5,0.4]},"properties":{"region":1,"fire_occurred":1,"prediction":0.0038}},{"type":"Feature","geometry":{"type":"Point","coordinates":[-74.5,0.7]},"properties":{"region":1,"fire_occurred":1,"prediction":0.0034}},{"type":"Feature","geometry":{"type":"Point","coordinates":[-74.5,0.9]},"properties":{"region":1,"fire_occurred":1,"prediction":0.0047}},{"type":"Feature","geometry":{"type":"Point","coordinates":[-74.4,0.7]},"properties":{"region":1,"fire_occurred":1,"prediction":0.0036}},{"type":"Feature","geometry":{"type":"Point","coordinates":[-74.2,1.3]},"properties":{"region":1,"fire_occurred":1,"prediction":0.0548}},{"type":"Feature","geometry":{"type":"Point","coordinates":[-74.1,2.4]},"properties":{"region":1,"fire_occurred":1,"prediction":0.054}},{"type":"Feature","geometry":{"type":"Point","coordinates":[-74.0,1.4]},"properties":{"region":1,"fire_occurred":1,"prediction":0.0026}},{"type":"Feature","geometry":{"type":"Point","coordinates":[-74.0,1.9]},"properties":{"region":1,"fire_occurred":1,"prediction":0.014}},{"type":"Feature","geometry":{"type":"Point","coordinates":[-73.0,2.7]},"properties":{"region":1,"fire_occurred":1,"prediction":0.0333}},{"type":"Feature","geometry":{"type":"Point","coordinates":[-72.7,3.1]},"properties":{"region":1,"fire_occurred":1,"prediction":0.0154}},{"type":"Feature","geometry":{"type":"Point","coordinates":[-72.7,9.9]},"properties":{"region":1,"fire_occurred":1,"prediction":0.0037}},{"type":"Feature","geometry":{"type":"Point","coordinates":[-72.6,11.1]},"properties":{"region":1,"fire_occurred":0,"prediction":0.2802}},{"type":"Feature","geometry":{"type":"Point","coordinates":[-72.5,3.1]},"properties":{"region":1,"fire_occurred":1,"prediction":0.0086}},{"type":"Feature","geometry":{"type":"Point","coordinates":[-72.5,3.5]},"properties":{"region":1,"fire_occurred":1,"prediction":0.0104}},{"type":"Feature","geometry":{"type":"Point","coordinates":[-72.5,4.6]},"properties":{"region":1,"fire_occurred":1,"prediction":0.0036}},{"type":"Feature","geometry":{"type":"Point","coordinates":[-72.4,3.5]},"properties":{"region":1,"fire_occurred":1,"prediction":0.0168}},{"type":"Feature","geometry":{"type":"Point","coordinates":[-72.3,3.4]},"properties":{"region":1,"fire_occurred":1,"prediction":0.0132}},{"type":"Feature","geometry":{"type":"Point","coordinates":[-72.3,3.5]},"properties":{"region":1,"fire_occurred":0,"prediction":0.1164}},{"type":"Feature","geometry":{"type":"Point","coordinates":[-72.3,4.1]},"properties":{"region":1,"fire_occurred":1,"prediction":0.0293}},{"type":"Feature","geometry":{"type":"Point","coordinates":[-72.1,3.1]},"properties":{"region":1,"fire_occurred":1,"prediction":0.0377}},{"type":"Feature","geometry":{"type":"Point","coordinates":[-72.1,3.2]},"properties":{"region":1,"fire_occurred":1,"prediction":0.0205}},{"type":"Feature","geometry":{"type":"Point","coordinates":[-72.0,1.2]},"properties":{"region":1,"fire_occurred":1,"prediction":0.0061}},{"type":"Feature","geometry":{"type":"Point","coordinates":[-72.0,3.7]},"properties":{"region":1,"fire_occurred":1,"prediction":0.0852}},{"type":"Feature","geometry":{"type":"Point","coordinates":[-72.0,8.9]},"properties":{"region":1,"fire_occurred":1,"prediction":0.0219}},{"type":"Feature","geometry":{"type":"Point","coordinates":[-71.9,3.7]},"properties":{"region":1,"fire_occurred":1,"prediction":0.0817}},{"type":"Feature","geometry":{"type":"Point","coordinates":[-71.7,3.6]},"properties":{"region":1,"fire_occurred":1,"prediction":0.0132}},{"type":"Feature","geometry":{"type":"Point","coordinates":[-71.7,3.7]},"properties":{"region":1,"fire_occurred":1,"prediction":0.0715}},{"type":"Feature","geometry":{"type":"Point","coordinates":[-71.2,3.8]},"properties":{"region":1,"fire_occurred":1,"prediction":0.0501}},{"type":"Feature","geometry":{"type":"Point","coordinates":[-71.2,3.9]},"properties":{"region":1,"fire_occurred":1,"prediction":0.0391}},{"type":"Feature","geometry":{"type":"Point","coordinates":[-71.1,4.4]},"properties":{"region":1,"fire_occurred":1,"prediction":0.023}},{"type":"Feature","geometry":{"type":"Point","coordinates":[-71.0,4.0]},"properties":{"region":1,"fire_occurred":1,"prediction":0.0153}},{"type":"Feature","geometry":{"type":"Point","coordinates":[-71.0,4.1]},"properties":{"region":1,"fire_occurred":1,"prediction":0.0438}},{"type":"Feature","geometry":{"type":"Point","coordinates":[-70.9,5.9]},"properties":{"region":1,"fire_occurred":1,"prediction":0.007}},{"type":"Feature","geometry":{"type":"Point","coordinates":[-70.8,4.2]},"properties":{"region":1,"fire_occurred":1,"prediction":0.0147}},{"type":"Feature","geometry":{"type":"Point","coordinates":[-70.8,4.8]},"properties":{"region":1,"fire_occurred":0,"prediction":0.1063}},{"type":"Feature","geometry":{"type":"Point","coordinates":[-70.8,19.4]},"properties":{"region":1,"fire_occurred":1,"prediction":0.0259}},{"type":"Feature","geometry":{"type":"Point","coordinates":[-70.7,5.7]},"properties":{"region":1,"fire_occurred":1,"prediction":0.0306}},{"type":"Feature","geometry":{"type":"Point","coordinates":[-70.4,5.6]},"properties":{"region":1,"fire_occurred":0,"prediction":0.1503}},{"type":"Feature","geometry":{"type":"Point","coordinates":[-70.4,18.9]},"properties":{"region":1,"fire_occurred":1,"prediction":0.8722}},{"type":"Feature","geometry":{"type":"Point","coordinates":[-70.3,5.8]},"properties":{"region":1,"fire_occurred":0,"prediction":0.1268}},{"type":"Feature","geometry":{"type":"Point","coordinates":[-70.3,6.0]},"properties":{"region":1,"fire_occurred":1,"prediction":0.03}},{"type":"Feature","geometry":{"type":"Point","coordinates":[-70.0,4.4]},"properties":{"region":1,"fire_occurred":1,"prediction":0.0466}},{"type":"Feature","geometry":{"type":"Point","coordinates":[-70.0,4.7]},"properties":{"region":1,"fire_occurred":1,"prediction":0.0214}},{"type":"Feature","geometry":{"type":"Point","coordinates":[-69.9,5.1]},"properties":{"region":1,"fire_occurred":1,"prediction":0.0159}},{"type":"Feature","geometry":{"type":"Point","coordinates":[-69.9,5.8]},"properties":{"region":1,"fire_occurred":0,"prediction":0.1346}},{"type":"Feature","geometry":{"type":"Point","coordinates":[-69.8,6.2]},"properties":{"region":1,"fire_occurred":1,"prediction":0.0194}},{"type":"Feature","geometry":{"type":"Point","coordinates":[-69.8,7.5]},"properties":{"region":1,"fire_occurred":1,"prediction":0.0012}},{"type":"Feature","geometry":{"type":"Point","coordinates":[-69.4,3.7]},"properties":{"region":1,"fire_occurred":1,"prediction":0.0016}},{"type":"Feature","geometry":{"type":"Point","coordinates":[-69.3,6.8]},"properties":{"region":1,"fire_occurred":1,"prediction":0.0283}},{"type":"Feature","geometry":{"type":"Point","coordinates":[-69.3,10.1]},"properties":{"region":1,"fire_occurred":1,"prediction":0.0041}},{"type":"Feature","geometry":{"type":"Point","coordinates":[-69.1,4.7]},"properties":{"region":1,"fire_occurred":1,"prediction":0.0466}},{"type":"Feature","geometry":{"type":"Point","coordinates":[-68.9,6.4]},"properties":{"region":1,"fire_occurred":1,"prediction":0.0163}},{"type":"Feature","geometry":{"type":"Point","coordinates":[-68.9,6.6]},"properties":{"region":1,"fire_occurred":1,"prediction":0.0551}},{"type":"Feature","geometry":{"type":"Point","coordinates":[-68.8,4.5]},"properties":{"region":1,"fire_occurred":1,"prediction":0.0243}},{"type":"Feature","geometry":{"type":"Point","coordinates":[-68.8,6.4]},"properties":{"region":1,"fire_occurred":1,"prediction":0.0156}},{"type":"Feature","geometry":{"type":"Point","coordinates":[-68.8,6.5]},"properties":{"region":1,"fire_occurred":1,"prediction":0.0158}},{"type":"Feature","geometry":{"type":"Point","coordinates":[-68.7,5.0]},"properties":{"region":1,"fire_occurred":1,"prediction":0.0343}},{"type":"Feature","geometry":{"type":"Point","coordinates":[-68.7,6.5]},"properties":{"region":1,"fire_occurred":1,"prediction":0.0192}},{"type":"Feature","geometry":{"type":"Point","coordinates":[-68.7,6.7]},"properties":{"region":1,"fire_occurred":1,"prediction":0.0561}},{"type":"Feature","geometry":{"type":"Point","coordinates":[-68.7,9.1]},"properties":{"region":1,"fire_occurred":0,"prediction":0.1422}},{"type":"Feature","geometry":{"type":"Point","coordinates":[-68.6,9.0]},"properties":{"region":1,"fire_occurred":1,"prediction":0.0074}},{"type":"Feature","geometry":{"type":"Point","coordinates":[-68.5,9.0]},"properties":{"region":1,"fire_occurred":1,"prediction":0.0182}},{"type":"Feature","geometry":{"type":"Point","coordinates":[-68.3,10.1]},"properties":{"region":1,"fire_occurred":1,"prediction":0.0094}},{"type":"Feature","geometry":{"type":"Point","coordinates":[-68.2,6.5]},"properties":{"region":1,"fire_occurred":1,"prediction":0.0381}},{"type":"Feature","geometry":{"type":"Point","coordinates":[-68.2,7.0]},"properties":{"region":1,"fire_occurred":1,"prediction":0.0436}},{"type":"Feature","geometry":{"type":"Point","coordinates":[-68.2,7.1]},"properties":{"region":1,"fire_occurred":1,"prediction":0.0106}},{"type":"Feature","geometry":{"type":"Point","coordinates":[-68.2,9.4]},"properties":{"region":1,"fire_occurred":1,"prediction":0.073}},{"type":"Feature","geometry":{"type":"Point","coordinates":[-68.2,9.5]},"properties":{"region":1,"fire_occurred":0,"prediction":0.1489}},{"type":"Feature","geometry":{"type":"Point","coordinates":[-68.2,9.6]},"properties":{"region":1,"fire_occurred":1,"prediction":0.0138}},{"type":"Feature","geometry":{"type":"Point","coordinates":[-68.2,10.2]},"properties":{"region":1,"fire_occurred":1,"prediction":0.001}},{"type":"Feature","geometry":{"type":"Point","coordinates":[-68.1,5.4]},"properties":{"region":1,"fire_occurred":1,"prediction":0.072}},{"type":"Feature","geometry":{"type":"Point","coordinates":[-68.1,9.4]},"properties":{"region":1,"fire_occurred":1,"prediction":0.1519}},{"type":"Feature","geometry":{"type":"Point","coordinates":[-68.0,5.4]},"properties":{"region":1,"fire_occurred":1,"prediction":0.025}},{"type":"Feature","geometry":{"type":"Point","coordinates":[-68.0,6.0]},"properties":{"region":1,"fire_occurred":1,"prediction":0.0197}},{"type":"Feature","geometry":{"type":"Point","coordinates":[-68.0,6.1]},"properties":{"region":1,"fire_occurred":1,"prediction":0.0164}},{"type":"Feature","geometry":{"type":"Point","coordinates":[-68.0,9.7]},"properties":{"region":1,"fire_occurred":0,"prediction":0.213}},{"type":"Feature","geometry":{"type":"Point","coordinates":[-67.9,9.5]},"properties":{"region":1,"fire_occurred":0,"prediction":0.1181}},{"type":"Feature","geometry":{"type":"Point","coordinates":[-67.8,9.5]},"properties":{"region":1,"fire_occurred":0,"prediction":0.1376}},{"type":"Feature","geometry":{"type":"Point","coordinates":[-67.6,8.7]},"properties":{"region":1,"fire_occurred":0,"prediction":0.1024}},{"type":"Feature","geometry":{"type":"Point","coordinates":[-67.6,9.3]},"properties":{"region":1,"fire_occurred":0,"prediction":0.1104}},{"type":"Feature","geometry":{"type":"Point","coordinates":[-67.6,10.0]},"properties":{"region":1,"fire_occurred":1,"prediction":0.0523}},{"type":"Feature","geometry":{"type":"Point","coordinates":[-67.5,6.3]},"properties":{"region":1,"fire_occurred":1,"prediction":0.012}},{"type":"Feature","geometry":{"type":"Point","coordinates":[-67.5,9.3]},"properties":{"region":1,"fire_occurred":0,"prediction":0.105}},{"type":"Feature","geometry":{"type":"Point","coordinates":[-67.5,10.2]},"properties":{"region":1,"fire_occurred":0,"prediction":0.1163}},{"type":"Feature","geometry":{"type":"Point","coordinates":[-67.4,8.6]},"properties":{"region":1,"fire_occurred":1,"prediction":0.0803}},{"type":"Feature","geometry":{"type":"Point","coordinates":[-67.4,9.7]},"properties":{"region":1,"fire_occurred":1,"prediction":0.0956}},{"type":"Feature","geometry":{"type":"Point","coordinates":[-67.3,6.2]},"properties":{"region":1,"fire_occurred":1,"prediction":0.0126}},{"type":"Feature","geometry":{"type":"Point","coordinates":[-67.3,8.6]},"properties":{"region":1,"fire_occurred":1,"prediction":0.0457}},{"type":"Feature","geometry":{"type":"Point","coordinates":[-67.1,8.3]},"properties":{"region":1,"fire_occurred":1,"prediction":0.0359}},{"type":"Feature","geometry":{"type":"Point","coordinates":[-66.9,8.0]},"properties":{"region":1,"fire_occurred":1,"prediction":0.0097}},{"type":"Feature","geometry":{"type":"Point","coordinates":[-66.2,7.8]},"properties":{"region":1,"fire_occurred":0,"prediction":0.1105}},{"type":"Feature","geometry":{"type":"Point","coordinates":[-65.6,8.0]},"properties":{"region":1,"fire_occurred":1,"prediction":0.0393}},{"type":"Feature","geometry":{"type":"Point","coordinates":[-64.6,9.3]},"properties":{"region":1,"fire_occurred":0,"prediction":0.4045}},{"type":"Feature","geometry":{"type":"Point","coordinates":[-64.4,9.2]},"properties":{"region":1,"fire_occurred":0,"prediction":0.1329}},{"type":"Feature","geometry":{"type":"Point","coordinates":[-64.3,9.2]},"properties":{"region":1,"fire_occurred":0,"prediction":0.1962}},{"type":"Feature","geometry":{"type":"Point","coordinates":[-63.8,9.6]},"properties":{"region":1,"fire_occurred":0,"prediction":0.4753}},{"type":"Feature","geometry":{"type":"Point","coordinates":[-63.7,9.5]},"properties":{"region":1,"fire_occurred":0,"prediction":0.284}},{"type":"Feature","geometry":{"type":"Point","coordinates":[-63.7,9.6]},"properties":{"region":1,"fire_occurred":1,"prediction":0.4949}},{"type":"Feature","geometry":{"type":"Point","coordinates":[-63.6,9.6]},"properties":{"region":1,"fire_occurred":1,"prediction":0.5593}},{"type":"Feature","geometry":{"type":"Point","coordinates":[-63.6,9.7]},"properties":{"region":1,"fire_occurred":0,"prediction":0.2537}},{"type":"Feature","geometry":{"type":"Point","coordinates":[-63.5,9.7]},"properties":{"region":1,"fire_occurred":0,"prediction":0.3597}},{"type":"Feature","geometry":{"type":"Point","coordinates":[-63.4,9.8]},"properties":{"region":1,"fire_occurred":0,"prediction":0.2006}},{"type":"Feature","geometry":{"type":"Point","coordinates":[-63.2,8.6]},"properties":{"region":1,"fire_occurred":0,"prediction":0.1438}},{"type":"Feature","geometry":{"type":"Point","coordinates":[-63.2,9.9]},"properties":{"region":1,"fire_occurred":0,"prediction":0.1814}},{"type":"Feature","geometry":{"type":"Point","coordinates":[-59.0,-22.7]},"properties":{"region":1,"fire_occurred":0,"prediction":0.1633}},{"type":"Feature","geometry":{"type":"Point","coordinates":[-59.0,-21.8]},"properties":{"region":1,"fire_occurred":1,"prediction":0.0058}},{"type":"Feature","geometry":{"type":"Point","coordinates":[-58.9,-21.4]},"properties":{"region":1,"fire_occurred":0,"prediction":0.1001}},{"type":"Feature","geometry":{"type":"Point","coordinates":[-58.2,-23.0]},"properties":{"region":1,"fire_occurred":0,"prediction":0.1161}},{"type":"Feature","geometry":{"type":"Point","coordinates":[-58.1,-23.0]},"properties":{"region":1,"fire_occurred":0,"prediction":0.2061}},{"type":"Feature","geometry":{"type":"Point","coordinates":[-58.1,-22.1]},"properties":{"region":1,"fire_occurred":0,"prediction":0.1139}},{"type":"Feature","geometry":{"type":"Point","coordinates":[-58.1,-22.0]},"properties":{"region":1,"fire_occurred":0,"prediction":0.1254}},{"type":"Feature","geometry":{"type":"Point","coordinates":[-57.9,-20.5]},"properties":{"region":1,"fire_occurred":1,"prediction":0.0031}},{"type":"Feature","geometry":{"type":"Point","coordinates":[-57.5,-24.0]},"properties":{"region":1,"fire_occurred":1,"prediction":0.0313}},{"type":"Feature","geometry":{"type":"Point","coordinates":[-55.8,-23.1]},"properties":{"region":1,"fire_occurred":1,"prediction":0.0073}},{"type":"Feature","geometry":{"type":"Point","coordinates":[-55.7,-20.7]},"properties":{"region":1,"fire_occurred":1,"prediction":0.0042}},{"type":"Feature","geometry":{"type":"Point","coordinates":[45.0,-22.3]},"properties":{"region":1,"fire_occurred":1,"prediction":0.0019}},{"type":"Feature","geometry":{"type":"Point","coordinates":[45.0,-20.9]},"properties":{"region":1,"fire_occurred":1,"prediction":0.0003}},{"type":"Feature","geometry":{"type":"Point","coordinates":[45.4,-25.0]},"properties":{"region":1,"fire_occurred":1,"prediction":0.0015}},{"type":"Feature","geometry":{"type":"Point","coordinates":[45.8,-19.7]},"properties":{"region":1,"fire_occurred":1,"prediction":0.0017}},{"type":"Feature","geometry":{"type":"Point","coordinates":[45.9,-17.3]},"properties":{"region":1,"fire_occurred":1,"prediction":0.0024}},{"type":"Feature","geometry":{"type":"Point","coordinates":[46.5,-21.6]},"properties":{"region":1,"fire_occurred":1,"prediction":0.0032}},{"type":"Feature","geometry":{"type":"Point","coordinates":[47.2,-17.0]},"properties":{"region":1,"fire_occurred":1,"prediction":0.0046}},{"type":"Feature","geometry":{"type":"Point","coordinates":[47.3,-17.0]},"properties":{"region":1,"fire_occurred":1,"prediction":0.0056}},{"type":"Feature","geometry":{"type":"Point","coordinates":[47.3,-15.4]},"properties":{"region":1,"fire_occurred":1,"prediction":0.0041}},{"type":"Feature","geometry":{"type":"Point","coordinates":[47.8,-16.5]},"properties":{"region":1,"fire_occurred":1,"prediction":0.0034}},{"type":"Feature","geometry":{"type":"Point","coordinates":[48.0,-15.7]},"properties":{"region":1,"fire_occurred":0,"prediction":0.1452}},{"type":"Feature","geometry":{"type":"Point","coordinates":[48.1,-16.4]},"properties":{"region":1,"fire_occurred":1,"prediction":0.0028}},{"type":"Feature","geometry":{"type":"Point","coordinates":[48.1,-15.9]},"properties":{"region":1,"fire_occurred":0,"prediction":0.1112}},{"type":"Feature","geometry":{"type":"Point","coordinates":[48.3,-20.7]},"properties":{"region":1,"fire_occurred":0,"prediction":0.2422}},{"type":"Feature","geometry":{"type":"Point","coordinates":[48.3,-15.7]},"properties":{"region":1,"fire_occurred":0,"prediction":0.1168}},{"type":"Feature","geometry":{"type":"Point","coordinates":[48.4,-20.7]},"properties":{"region":1,"fire_occurred":0,"prediction":0.116}},{"type":"Feature","geometry":{"type":"Point","coordinates":[48.4,-16.2]},"properties":{"region":1,"fire_occurred":1,"prediction":0.0063}},{"type":"Feature","geometry":{"type":"Point","coordinates":[48.4,-15.8]},"properties":{"region":1,"fire_occurred":0,"prediction":0.1246}},{"type":"Feature","geometry":{"type":"Point","coordinates":[48.6,-13.9]},"properties":{"region":1,"fire_occurred":0,"prediction":0.1313}},{"type":"Feature","geometry":{"type":"Point","coordinates":[48.8,-16.0]},"properties":{"region":1,"fire_occurred":1,"prediction":0.0028}},{"type":"Feature","geometry":{"type":"Point","coordinates":[49.0,-18.3]},"properties":{"region":1,"fire_occurred":0,"prediction":0.1199}},{"type":"Feature","geometry":{"type":"Point","coordinates":[49.0,-18.0]},"properties":{"region":1,"fire_occurred":0,"prediction":0.1211}},{"type":"Feature","geometry":{"type":"Point","coordinates":[49.0,-17.9]},"properties":{"region":1,"fire_occurred":0,"prediction":0.1786}},{"type":"Feature","geometry":{"type":"Point","coordinates":[49.0,-17.7]},"properties":{"region":1,"fire_occurred":0,"prediction":0.1175}},{"type":"Feature","geometry":{"type":"Point","coordinates":[49.0,-17.5]},"properties":{"region":1,"fire_occurred":1,"prediction":0.0217}},{"type":"Feature","geometry":{"type":"Point","coordinates":[49.1,-18.9]},"properties":{"region":1,"fire_occurred":0,"prediction":0.1164}},{"type":"Feature","geometry":{"type":"Point","coordinates":[49.1,-15.2]},"properties":{"region":1,"fire_occurred":0,"prediction":0.1085}},{"type":"Feature","geometry":{"type":"Point","coordinates":[49.2,-14.4]},"properties":{"region":1,"fire_occurred":1,"prediction":0.0003}},{"type":"Feature","geometry":{"type":"Point","coordinates":[49.2,-13.9]},"properties":{"region":1,"fire_occurred":1,"prediction":0.008}},{"type":"Feature","geometry":{"type":"Point","coordinates":[49.3,-17.1]},"properties":{"region":1,"fire_occurred":1,"prediction":0.0109}},{"type":"Feature","geometry":{"type":"Point","coordinates":[49.3,-17.0]},"properties":{"region":1,"fire_occurred":1,"prediction":0.0999}},{"type":"Feature","geometry":{"type":"Point","coordinates":[49.3,-16.9]},"properties":{"region":1,"fire_occurred":1,"prediction":0.044}},{"type":"Feature","geometry":{"type":"Point","coordinates":[49.3,-16.8]},"properties":{"region":1,"fire_occurred":1,"prediction":0.0527}},{"type":"Feature","geometry":{"type":"Point","coordinates":[49.3,-14.3]},"properties":{"region":1,"fire_occurred":1,"prediction":0.0002}},{"type":"Feature","geometry":{"type":"Point","coordinates":[49.4,-16.9]},"properties":{"region":1,"fire_occurred":1,"prediction":0.1434}},{"type":"Feature","geometry":{"type":"Point","coordinates":[49.4,-16.8]},"properties":{"region":1,"fire_occurred":1,"prediction":0.046}},{"type":"Feature","geometry":{"type":"Point","coordinates":[49.4,-16.4]},"properties":{"region":1,"fire_occurred":0,"prediction":0.1391}},{"type":"Feature","geometry":{"type":"Point","coordinates":[49.4,-16.2]},"properties":{"region":1,"fire_occurred":1,"prediction":0.0659}},{"type":"Feature","geometry":{"type":"Point","coordinates":[49.4,-15.3]},"properties":{"region":1,"fire_occurred":0,"prediction":0.222}},{"type":"Feature","geometry":{"type":"Point","coordinates":[49.4,-15.1]},"properties":{"region":1,"fire_occurred":0,"prediction":0.2054}},{"type":"Feature","geometry":{"type":"Point","coordinates":[49.4,-15.0]},"properties":{"region":1,"fire_occurred":0,"prediction":0.1089}},{"type":"Feature","geometry":{"type":"Point","coordinates":[49.4,-14.9]},"properties":{"region":1,"fire_occurred":0,"prediction":0.1239}},{"type":"Feature","geometry":{"type":"Point","coordinates":[49.4,-14.8]},"properties":{"region":1,"fire_occurred":0,"prediction":0.2311}},{"type":"Feature","geometry":{"type":"Point","coordinates":[49.4,-14.2]},"properties":{"region":1,"fire_occurred":0,"prediction":0.1265}},{"type":"Feature","geometry":{"type":"Point","coordinates":[49.5,-16.9]},"properties":{"region":1,"fire_occurred":0,"prediction":0.2369}},{"type":"Feature","geometry":{"type":"Point","coordinates":[49.5,-16.8]},"properties":{"region":1,"fire_occurred":1,"prediction":0.0449}},{"type":"Feature","geometry":{"type":"Point","coordinates":[49.5,-16.6]},"properties":{"region":1,"fire_occurred":0,"prediction":0.1158}},{"type":"Feature","geometry":{"type":"Point","coordinates":[49.5,-16.5]},"properties":{"region":1,"fire_occurred":0,"prediction":0.2252}},{"type":"Feature","geometry":{"type":"Point","coordinates":[49.5,-16.3]},"properties":{"region":1,"fire_occurred":0,"prediction":0.2286}},{"type":"Feature","geometry":{"type":"Point","coordinates":[49.5,-16.2]},"properties":{"region":1,"fire_occurred":1,"prediction":0.0644}},{"type":"Feature","geometry":{"type":"Point","coordinates":[49.5,-16.1]},"properties":{"region":1,"fire_occurred":1,"prediction":0.126}},{"type":"Feature","geometry":{"type":"Point","coordinates":[49.5,-15.5]},"properties":{"region":1,"fire_occurred":0,"prediction":0.2596}},{"type":"Feature","geometry":{"type":"Point","coordinates":[49.5,-15.3]},"properties":{"region":1,"fire_occurred":0,"prediction":0.1754}},{"type":"Feature","geometry":{"type":"Point","coordinates":[49.5,-15.1]},"properties":{"region":1,"fire_occurred":0,"prediction":0.3653}},{"type":"Feature","geometry":{"type":"Point","coordinates":[49.5,-14.5]},"properties":{"region":1,"fire_occurred":0,"prediction":0.1323}},{"type":"Feature","geometry":{"type":"Point","coordinates":[49.5,-14.0]},"properties":{"region":1,"fire_occurred":0,"prediction":0.1416}},{"type":"Feature","geometry":{"type":"Point","coordinates":[49.6,-16.9]},"properties":{"region":1,"fire_occurred":0,"prediction":0.1262}},{"type":"Feature","geometry":{"type":"Point","coordinates":[49.6,-16.7]},"properties":{"region":1,"fire_occurred":0,"prediction":0.3132}},{"type":"Feature","geometry":{"type":"Point","coordinates":[49.6,-16.6]},"properties":{"region":1,"fire_occurred":0,"prediction":0.2429}},{"type":"Feature","geometry":{"type":"Point","coordinates":[49.6,-16.5]},"properties":{"region":1,"fire_occurred":0,"prediction":0.3051}},{"type":"Feature","geometry":{"type":"Point","coordinates":[49.6,-16.4]},"properties":{"region":1,"fire_occurred":0,"prediction":0.2521}},{"type":"Feature","geometry":{"type":"Point","coordinates":[49.6,-16.3]},"properties":{"region":1,"fire_occurred":0,"prediction":0.316}},{"type":"Feature","geometry":{"type":"Point","coordinates":[49.6,-16.2]},"properties":{"region":1,"fire_occurred":1,"prediction":0.1697}},{"type":"Feature","geometry":{"type":"Point","coordinates":[49.6,-15.9]},"properties":{"region":1,"fire_occurred":0,"prediction":0.3054}},{"type":"Feature","geometry":{"type":"Point","coordinates":[49.6,-15.3]},"properties":{"region":1,"fire_occurred":0,"prediction":0.3406}},{"type":"Feature","geometry":{"type":"Point","coordinates":[49.6,-15.2]},"properties":{"region":1,"fire_occurred":0,"prediction":0.1506}},{"type":"Feature","geometry":{"type":"Point","coordinates":[49.6,-14.8]},"properties":{"region":1,"fire_occurred":0,"prediction":0.1789}},{"type":"Feature","geometry":{"type":"Point","coordinates":[49.6,-14.7]},"properties":{"region":1,"fire_occurred":0,"prediction":0.2476}},{"type":"Feature","geometry":{"type":"Point","coordinates":[49.6,-14.6]},"properties":{"region":1,"fire_occurred":0,"prediction":0.2314}},{"type":"Feature","geometry":{"type":"Point","coordinates":[49.6,-14.5]},"properties":{"region":1,"fire_occurred":0,"prediction":0.1624}},{"type":"Feature","geometry":{"type":"Point","coordinates":[49.6,-14.3]},"properties":{"region":1,"fire_occurred":0,"prediction":0.1038}},{"type":"Feature","geometry":{"type":"Point","coordinates":[49.6,-14.2]},"properties":{"region":1,"fire_occurred":0,"prediction":0.1435}},{"type":"Feature","geometry":{"type":"Point","coordinates":[49.6,-14.1]},"properties":{"region":1,"fire_occurred":0,"prediction":0.2318}},{"type":"Feature","geometry":{"type":"Point","coordinates":[49.6,-14.0]},"properties":{"region":1,"fire_occurred":0,"prediction":0.1287}},{"type":"Feature","geometry":{"type":"Point","coordinates":[49.7,-16.6]},"properties":{"region":1,"fire_occurred":0,"prediction":0.1841}},{"type":"Feature","geometry":{"type":"Point","coordinates":[49.7,-16.5]},"properties":{"region":1,"fire_occurred":0,"prediction":0.2352}},{"type":"Feature","geometry":{"type":"Point","coordinates":[49.7,-16.4]},"properties":{"region":1,"fire_occurred":0,"prediction":0.295}},{"type":"Feature","geometry":{"type":"Point","coordinates":[49.7,-15.3]},"properties":{"region":1,"fire_occurred":0,"prediction":0.2586}},{"type":"Feature","geometry":{"type":"Point","coordinates":[49.7,-15.2]},"properties":{"region":1,"fire_occurred":1,"prediction":0.2045}},{"type":"Feature","geometry":{"type":"Point","coordinates":[49.7,-15.1]},"properties":{"region":1,"fire_occurred":0,"prediction":0.2632}},{"type":"Feature","geometry":{"type":"Point","coordinates":[49.7,-15.0]},"properties":{"region":1,"fire_occurred":1,"prediction":0.4968}},{"type":"Feature","geometry":{"type":"Point","coordinates":[49.7,-14.9]},"properties":{"region":1,"fire_occurred":0,"prediction":0.2327}},{"type":"Feature","geometry":{"type":"Point","coordinates":[49.7,-14.8]},"properties":{"region":1,"fire_occurred":0,"prediction":0.2346}},{"type":"Feature","geometry":{"type":"Point","coordinates":[49.7,-14.7]},"properties":{"region":1,"fire_occurred":0,"prediction":0.259}},{"type":"Feature","geometry":{"type":"Point","coordinates":[49.7,-14.6]},"properties":{"region":1,"fire_occurred":0,"prediction":0.1601}},{"type":"Feature","geometry":{"type":"Point","coordinates":[49.7,-14.3]},"properties":{"region":1,"fire_occurred":0,"prediction":0.105}},{"type":"Feature","geometry":{"type":"Point","coordinates":[49.7,-14.2]},"properties":{"region":1,"fire_occurred":0,"prediction":0.2274}},{"type":"Feature","geometry":{"type":"Point","coordinates":[49.7,-14.1]},"properties":{"region":1,"fire_occurred":0,"prediction":0.1253}},{"type":"Feature","geometry":{"type":"Point","coordinates":[49.7,-14.0]},"properties":{"region":1,"fire_occurred":0,"prediction":0.1389}},{"type":"Feature","geometry":{"type":"Point","coordinates":[49.8,-16.3]},"properties":{"region":1,"fire_occurred":0,"prediction":0.2044}},{"type":"Feature","geometry":{"type":"Point","coordinates":[49.8,-15.2]},"properties":{"region":1,"fire_occurred":0,"prediction":0.3825}},{"type":"Feature","geometry":{"type":"Point","coordinates":[49.8,-15.1]},"properties":{"region":1,"fire_occurred":0,"prediction":0.3384}},{"type":"Feature","geometry":{"type":"Point","coordinates":[49.8,-15.0]},"properties":{"region":1,"fire_occurred":0,"prediction":0.5203}},{"type":"Feature","geometry":{"type":"Point","coordinates":[49.8,-14.9]},"properties":{"region":1,"fire_occurred":0,"prediction":0.3354}},{"type":"Feature","geometry":{"type":"Point","coordinates":[49.8,-14.8]},"properties":{"region":1,"fire_occurred":0,"prediction":0.1045}},{"type":"Feature","geometry":{"type":"Point","coordinates":[49.8,-14.7]},"properties":{"region":1,"fire_occurred":0,"prediction":0.3397}},{"type":"Feature","geometry":{"type":"Point","coordinates":[49.8,-14.6]},"properties":{"region":1,"fire_occurred":1,"prediction":0.1886}},{"type":"Feature","geometry":{"type":"Point","coordinates":[49.8,-14.5]},"properties":{"region":1,"fire_occurred":0,"prediction":0.1215}},{"type":"Feature","geometry":{"type":"Point","coordinates":[49.8,-14.1]},"properties":{"region":1,"fire_occurred":0,"prediction":0.2976}},{"type":"Feature","geometry":{"type":"Point","coordinates":[49.8,-13.9]},"properties":{"region":1,"fire_occurred":0,"prediction":0.131}},{"type":"Feature","geometry":{"type":"Point","coordinates":[49.9,-15.4]},"properties":{"region":1,"fire_occurred":0,"prediction":0.3017}},{"type":"Feature","geometry":{"type":"Point","coordinates":[49.9,-15.2]},"properties":{"region":1,"fire_occurred":0,"prediction":0.1901}},{"type":"Feature","geometry":{"type":"Point","coordinates":[49.9,-15.1]},"properties":{"region":1,"fire_occurred":0,"prediction":0.2591}},{"type":"Feature","geometry":{"type":"Point","coordinates":[49.9,-15.0]},"properties":{"region":1,"fire_occurred":0,"prediction":0.1296}},{"type":"Feature","geometry":{"type":"Point","coordinates":[49.9,-14.9]},"properties":{"region":1,"fire_occurred":1,"prediction":0.2728}},{"type":"Feature","geometry":{"type":"Point","coordinates":[49.9,-14.8]},"properties":{"region":1,"fire_occurred":0,"prediction":0.3855}},{"type":"Feature","geometry":{"type":"Point","coordinates":[49.9,-14.7]},"properties":{"region":1,"fire_occurred":1,"prediction":0.2728}},{"type":"Feature","geometry":{"type":"Point","coordinates":[49.9,-14.6]},"properties":{"region":1,"fire_occurred":0,"prediction":0.1773}},{"type":"Feature","geometry":{"type":"Point","coordinates":[49.9,-14.5]},"properties":{"region":1,"fire_occurred":0,"prediction":0.3052}},{"type":"Feature","geometry":{"type":"Point","coordinates":[50.0,-15.3]},"properties":{"region":1,"fire_occurred":0,"prediction":0.104}},{"type":"Feature","geometry":{"type":"Point","coordinates":[50.0,-15.2]},"properties":{"region":1,"fire_occurred":0,"prediction":0.2101}},{"type":"Feature","geometry":{"type":"Point","coordinates":[50.0,-15.1]},"properties":{"region":1,"fire_occurred":0,"prediction":0.401}},{"type":"Feature","geometry":{"type":"Point","coordinates":[50.0,-15.0]},"properties":{"region":1,"fire_occurred":0,"prediction":0.3775}},{"type":"Feature","geometry":{"type":"Point","coordinates":[50.0,-14.9]},"properties":{"region":1,"fire_occurred":0,"prediction":0.196}},{"type":"Feature","geometry":{"type":"Point","coordinates":[50.0,-14.8]},"properties":{"region":1,"fire_occurred":1,"prediction":0.089}},{"type":"Feature","geometry":{"type":"Point","coordinates":[50.0,-14.7]},"properties":{"region":1,"fire_occurred":1,"prediction":0.1179}},{"type":"Feature","geometry":{"type":"Point","coordinates":[50.0,-14.6]},"properties":{"region":1,"fire_occurred":1,"prediction":0.1176}},{"type":"Feature","geometry":{"type":"Point","coordinates":[50.0,-14.5]},"properties":{"region":1,"fire_occurred":1,"prediction":0.0377}},{"type":"Feature","geometry":{"type":"Point","coordinates":[50.1,-15.9]},"properties":{"region":1,"fire_occurred":0,"prediction":0.2056}},{"type":"Feature","geometry":{"type":"Point","coordinates":[50.1,-15.3]},"properties":{"region":1,"fire_occurred":0,"prediction":0.1613}},{"type":"Feature","geometry":{"type":"Point","coordinates":[50.1,-15.2]},"properties":{"region":1,"fire_occurred":0,"prediction":0.2197}},{"type":"Feature","geometry":{"type":"Point","coordinates":[50.1,-15.1]},"properties":{"region":1,"fire_occurred":0,"prediction":0.2741}},{"type":"Feature","geometry":{"type":"Point","coordinates":[50.1,-15.0]},"properties":{"region":1,"fire_occurred":1,"prediction":0.3719}},{"type":"Feature","geometry":{"type":"Point","coordinates":[50.1,-14.9]},"properties":{"region":1,"fire_occurred":1,"prediction":0.1242}},{"type":"Feature","geometry":{"type":"Point","coordinates":[50.1,-14.8]},"properties":{"region":1,"fire_occurred":0,"prediction":0.2673}},{"type":"Feature","geometry":{"type":"Point","coordinates":[50.2,-15.8]},"properties":{"region":1,"fire_occurred":1,"prediction":0.2172}},{"type":"Feature","geometry":{"type":"Point","coordinates":[50.2,-15.7]},"properties":{"region":1,"fire_occurred":1,"prediction":0.1123}},{"type":"Feature","geometry":{"type":"Point","coordinates":[50.2,-15.6]},"properties":{"region":1,"fire_occurred":1,"prediction":0.0152}},{"type":"Feature","geometry":{"type":"Point","coordinates":[50.2,-15.4]},"properties":{"region":1,"fire_occurred":1,"prediction":0.0901}},{"type":"Feature","geometry":{"type":"Point","coordinates":[50.2,-15.2]},"properties":{"region":1,"fire_occurred":0,"prediction":0.1367}},{"type":"Feature","geometry":{"type":"Point","coordinates":[50.2,-15.1]},"properties":{"region":1,"fire_occurred":1,"prediction":0.1501}},{"type":"Feature","geometry":{"type":"Point","coordinates":[50.3,-15.5]},"properties":{"region":1,"fire_occurred":1,"prediction":0.1006}},{"type":"Feature","geometry":{"type":"Point","coordinates":[50.3,-15.4]},"properties":{"region":1,"fire_occurred":1,"prediction":0.1327}},{"type":"Feature","geometry":{"type":"Point","coordinates":[50.3,-15.3]},"properties":{"region":1,"fire_occurred":0,"prediction":0.2235}},{"type":"Feature","geometry":{"type":"Point","coordinates":[50.4,-15.5]},"properties":{"region":1,"fire_occurred":1,"prediction":0.0842}},{"type":"Feature","geometry":{"type":"Point","coordinates":[70.0,22.0]},"properties":{"region":1,"fire_occurred":1,"prediction":0.0098}},{"type":"Feature","geometry":{"type":"Point","coordinates":[73.2,22.3]},"properties":{"region":1,"fire_occurred":1,"prediction":0.0114}},{"type":"Feature","geometry":{"type":"Point","coordinates":[74.0,18.4]},"properties":{"region":1,"fire_occurred":1,"prediction":0.0384}},{"type":"Feature","geometry":{"type":"Point","coordinates":[74.1,16.9]},"properties":{"region":1,"fire_occurred":1,"prediction":0.0389}},{"type":"Feature","geometry":{"type":"Point","coordinates":[74.2,22.8]},"properties":{"region":1,"fire_occurred":0,"prediction":0.1485}},{"type":"Feature","geometry":{"type":"Point","coordinates":[74.3,16.9]},"properties":{"region":1,"fire_occurred":1,"prediction":0.0062}},{"type":"Feature","geometry":{"type":"Point","coordinates":[74.3,18.5]},"properties":{"region":1,"fire_occurred":0,"prediction":0.1413}},{"type":"Feature","geometry":{"type":"Point","coordinates":[74.3,21.0]},"properties":{"region":1,"fire_occurred":0,"prediction":0.1042}},{"type":"Feature","geometry":{"type":"Point","coordinates":[74.4,18.5]},"properties":{"region":1,"fire_occurred":0,"prediction":0.1228}},{"type":"Feature","geometry":{"type":"Point","coordinates":[74.6,18.7]},"properties":{"region":1,"fire_occurred":1,"prediction":0.0192}},{"type":"Feature","geometry":{"type":"Point","coordinates":[74.7,18.1]},"properties":{"region":1,"fire_occurred":1,"prediction":0.0039}},{"type":"Feature","geometry":{"type":"Point","coordinates":[74.7,21.3]},"properties":{"region":1,"fire_occurred":1,"prediction":0.0269}},{"type":"Feature","geometry":{"type":"Point","coordinates":[74.8,16.7]},"properties":{"region":1,"fire_occurred":1,"prediction":0.0057}},{"type":"Feature","geometry":{"type":"Point","coordinates":[74.9,17.9]},"properties":{"region":1,"fire_occurred":1,"prediction":0.0397}},{"type":"Feature","geometry":{"type":"Point","coordinates":[75.0,15.7]},"properties":{"region":1,"fire_occurred":1,"prediction":0.0108}},{"type":"Feature","geometry":{"type":"Point","coordinates":[75.1,15.8]},"properties":{"region":1,"fire_occurred":1,"prediction":0.0068}},{"type":"Feature","geometry":{"type":"Point","coordinates":[75.1,16.2]},"properties":{"region":1,"fire_occurred":1,"prediction":0.0591}},{"type":"Feature","geometry":{"type":"Point","coordinates":[75.2,16.3]},"properties":{"region":1,"fire_occurred":1,"prediction":0.0261}},{"type":"Feature","geometry":{"type":"Point","coordinates":[75.2,17.6]},"properties":{"region":1,"fire_occurred":1,"prediction":0.0092}},{"type":"Feature","geometry":{"type":"Point","coordinates":[75.3,16.3]},"properties":{"region":1,"fire_occurred":1,"prediction":0.0284}},{"type":"Feature","geometry":{"type":"Point","coordinates":[75.3,17.7]},"properties":{"region":1,"fire_occurred":1,"prediction":0.0035}},{"type":"Feature","geometry":{"type":"Point","coordinates":[75.4,16.3]},"properties":{"region":1,"fire_occurred":1,"prediction":0.0142}},{"type":"Feature","geometry":{"type":"Point","coordinates":[75.4,16.6]},"properties":{"region":1,"fire_occurred":1,"prediction":0.0353}},{"type":"Feature","geometry":{"type":"Point","coordinates":[75.4,22.1]},"properties":{"region":1,"fire_occurred":1,"prediction":0.0098}},{"type":"Feature","geometry":{"type":"Point","coordinates":[75.5,15.9]},"properties":{"region":1,"fire_occurred":1,"prediction":0.048}},{"type":"Feature","geometry":{"type":"Point","coordinates":[75.5,17.4]},"properties":{"region":1,"fire_occurred":0,"prediction":0.103}},{"type":"Feature","geometry":{"type":"Point","coordinates":[75.6,22.1]},"properties":{"region":1,"fire_occurred":1,"prediction":0.0038}},{"type":"Feature","geometry":{"type":"Point","coordinates":[75.7,17.7]},"properties":{"region":1,"fire_occurred":1,"prediction":0.0135}},{"type":"Feature","geometry":{"type":"Point","coordinates":[75.8,15.9]},"properties":{"region":1,"fire_occurred":1,"prediction":0.0084}},{"type":"Feature","geometry":{"type":"Point","coordinates":[76.4,15.3]},"properties":{"region":1,"fire_occurred":1,"prediction":0.0327}},{"type":"Feature","geometry":{"type":"Point","coordinates":[76.5,15.4]},"properties":{"region":1,"fire_occurred":0,"prediction":0.3355}},{"type":"Feature","geometry":{"type":"Point","coordinates":[76.5,15.5]},"properties":{"region":1,"fire_occurred":1,"prediction":0.0784}},{"type":"Feature","geometry":{"type":"Point","coordinates":[76.6,15.1]},"properties":{"region":1,"fire_occurred":1,"prediction":0.2986}},{"type":"Feature","geometry":{"type":"Point","coordinates":[76.6,15.4]},"properties":{"region":1,"fire_occurred":1,"prediction":0.0538}},{"type":"Feature","geometry":{"type":"Point","coordinates":[76.6,15.5]},"properties":{"region":1,"fire_occurred":1,"prediction":0.0416}},{"type":"Feature","geometry":{"type":"Point","coordinates":[76.6,15.6]},"properties":{"region":1,"fire_occurred":0,"prediction":0.1467}},{"type":"Feature","geometry":{"type":"Point","coordinates":[76.6,15.7]},"properties":{"region":1,"fire_occurred":0,"prediction":0.3149}},{"type":"Feature","geometry":{"type":"Point","coordinates":[76.6,15.8]},"properties":{"region":1,"fire_occurred":0,"prediction":0.1763}},{"type":"Feature","geometry":{"type":"Point","coordinates":[76.9,15.9]},"properties":{"region":1,"fire_occurred":1,"prediction":0.065}},{"type":"Feature","geometry":{"type":"Point","coordinates":[77.0,12.3]},"properties":{"region":1,"fire_occurred":1,"prediction":0.0339}},{"type":"Feature","geometry":{"type":"Point","coordinates":[77.0,19.1]},"properties":{"region":1,"fire_occurred":1,"prediction":0.0379}},{"type":"Feature","geometry":{"type":"Point","coordinates":[77.2,19.3]},"properties":{"region":1,"fire_occurred":1,"prediction":0.0268}},{"type":"Feature","geometry":{"type":"Point","coordinates":[77.4,19.0]},"properties":{"region":1,"fire_occurred":1,"prediction":0.0149}},{"type":"Feature","geometry":{"type":"Point","coordinates":[77.5,23.5]},"properties":{"region":1,"fire_occurred":1,"prediction":0.0029}},{"type":"Feature","geometry":{"type":"Point","coordinates":[77.9,9.8]},"properties":{"region":1,"fire_occurred":1,"prediction":0.0008}},{"type":"Feature","geometry":{"type":"Point","coordinates":[77.9,10.4]},"properties":{"region":1,"fire_occurred":1,"prediction":0.0651}},{"type":"Feature","geometry":{"type":"Point","coordinates":[78.4,12.3]},"properties":{"region":1,"fire_occurred":1,"prediction":0.0224}},{"type":"Feature","geometry":{"type":"Point","coordinates":[78.5,22.9]},"properties":{"region":1,"fire_occurred":1,"prediction":0.0344}},{"type":"Feature","geometry":{"type":"Point","coordinates":[78.6,9.8]},"properties":{"region":1,"fire_occurred":1,"prediction":0.0616}},{"type":"Feature","geometry":{"type":"Point","coordinates":[78.7,9.8]},"properties":{"region":1,"fire_occurred":1,"prediction":0.0103}},{"type":"Feature","geometry":{"type":"Point","coordinates":[78.7,10.7]},"properties":{"region":1,"fire_occurred":1,"prediction":0.0046}},{"type":"Feature","geometry":{"type":"Point","coordinates":[78.7,22.8]},"properties":{"region":1,"fire_occurred":1,"prediction":0.0557}},{"type":"Feature","geometry":{"type":"Point","coordinates":[78.8,21.1]},"properties":{"region":1,"fire_occurred":1,"prediction":0.0028}},{"type":"Feature","geometry":{"type":"Point","coordinates":[78.8,22.8]},"properties":{"region":1,"fire_occurred":1,"prediction":0.0059}},{"type":"Feature","geometry":{"type":"Point","coordinates":[78.8,22.9]},"properties":{"region":1,"fire_occurred":0,"prediction":0.1175}},{"type":"Feature","geometry":{"type":"Point","coordinates":[78.9,23.0]},"properties":{"region":1,"fire_occurred":1,"prediction":0.0205}},{"type":"Feature","geometry":{"type":"Point","coordinates":[79.0,21.9]},"properties":{"region":1,"fire_occurred":1,"prediction":0.0022}},{"type":"Feature","geometry":{"type":"Point","coordinates":[79.0,23.0]},"properties":{"region":1,"fire_occurred":1,"prediction":0.0035}},{"type":"Feature","geometry":{"type":"Point","coordinates":[79.1,22.9]},"properties":{"region":1,"fire_occurred":1,"prediction":0.0178}},{"type":"Feature","geometry":{"type":"Point","coordinates":[79.1,23.0]},"properties":{"region":1,"fire_occurred":0,"prediction":0.1168}},{"type":"Feature","geometry":{"type":"Point","coordinates":[79.2,18.2]},"properties":{"region":1,"fire_occurred":0,"prediction":0.1017}},{"type":"Feature","geometry":{"type":"Point","coordinates":[79.3,22.9]},"properties":{"region":1,"fire_occurred":0,"prediction":0.2144}},{"type":"Feature","geometry":{"type":"Point","coordinates":[79.3,23.0]},"properties":{"region":1,"fire_occurred":1,"prediction":0.0604}},{"type":"Feature","geometry":{"type":"Point","coordinates":[79.4,13.3]},"properties":{"region":1,"fire_occurred":1,"prediction":0.0016}},{"type":"Feature","geometry":{"type":"Point","coordinates":[79.5,18.7]},"properties":{"region":1,"fire_occurred":1,"prediction":0.1643}},{"type":"Feature","geometry":{"type":"Point","coordinates":[79.6,14.5]},"properties":{"region":1,"fire_occurred":1,"prediction":0.0064}},{"type":"Feature","geometry":{"type":"Point","coordinates":[79.6,20.3]},"properties":{"region":1,"fire_occurred":1,"prediction":0.0049}},{"type":"Feature","geometry":{"type":"Point","coordinates":[79.6,20.6]},"properties":{"region":1,"fire_occurred":1,"prediction":0.0077}},{"type":"Feature","geometry":{"type":"Point","coordinates":[79.9,16.8]},"properties":{"region":1,"fire_occurred":0,"prediction":0.103}},{"type":"Feature","geometry":{"type":"Point","coordinates":[79.9,18.0]},"properties":{"region":1,"fire_occurred":1,"prediction":0.0054}},{"type":"Feature","geometry":{"type":"Point","coordinates":[79.9,23.2]},"properties":{"region":1,"fire_occurred":0,"prediction":0.1461}},{"type":"Feature","geometry":{"type":"Point","coordinates":[80.0,17.1]},"properties":{"region":1,"fire_occurred":1,"prediction":0.0546}},{"type":"Feature","geometry":{"type":"Point","coordinates":[80.0,18.4]},"properties":{"region":1,"fire_occurred":0,"prediction":0.1083}},{"type":"Feature","geometry":{"type":"Point","coordinates":[80.1,15.9]},"properties":{"region":1,"fire_occurred":1,"prediction":0.0014}},{"type":"Feature","geometry":{"type":"Point","coordinates":[80.3,16.2]},"properties":{"region":1,"fire_occurred":1,"prediction":0.0045}},{"type":"Feature","geometry":{"type":"Point","coordinates":[80.5,16.1]},"properties":{"region":1,"fire_occurred":0,"prediction":0.4108}},{"type":"Feature","geometry":{"type":"Point","coordinates":[80.5,16.2]},"properties":{"region":1,"fire_occurred":0,"prediction":0.1726}},{"type":"Feature","geometry":{"type":"Point","coordinates":[80.5,16.3]},"properties":{"region":1,"fire_occurred":1,"prediction":0.1094}},{"type":"Feature","geometry":{"type":"Point","coordinates":[80.6,16.0]},"properties":{"region":1,"fire_occurred":0,"prediction":0.1573}},{"type":"Feature","geometry":{"type":"Point","coordinates":[80.6,16.1]},"properties":{"region":1,"fire_occurred":0,"prediction":0.1172}},{"type":"Feature","geometry":{"type":"Point","coordinates":[80.6,16.2]},"properties":{"region":1,"fire_occurred":1,"prediction":0.2982}},{"type":"Feature","geometry":{"type":"Point","coordinates":[80.6,16.3]},"properties":{"region":1,"fire_occurred":0,"prediction":0.4792}},{"type":"Feature","geometry":{"type":"Point","coordinates":[80.7,16.1]},"properties":{"region":1,"fire_occurred":0,"prediction":0.2821}},{"type":"Feature","geometry":{"type":"Point","coordinates":[80.7,16.2]},"properties":{"region":1,"fire_occurred":0,"prediction":0.2679}},{"type":"Feature","geometry":{"type":"Point","coordinates":[80.7,16.5]},"properties":{"region":1,"fire_occurred":1,"prediction":0.1207}},{"type":"Feature","geometry":{"type":"Point","coordinates":[80.8,16.4]},"properties":{"region":1,"fire_occurred":0,"prediction":0.1226}},{"type":"Feature","geometry":{"type":"Point","coordinates":[80.8,16.5]},"properties":{"region":1,"fire_occurred":1,"prediction":0.0086}},{"type":"Feature","geometry":{"type":"Point","coordinates":[80.8,17.2]},"properties":{"region":1,"fire_occurred":1,"prediction":0.0043}},{"type":"Feature","geometry":{"type":"Point","coordinates":[81.0,20.8]},"properties":{"region":1,"fire_occurred":0,"prediction":0.1337}},{"type":"Feature","geometry":{"type":"Point","coordinates":[81.0,21.0]},"properties":{"region":1,"fire_occurred":0,"prediction":0.1105}},{"type":"Feature","geometry":{"type":"Point","coordinates":[81.2,20.7]},"properties":{"region":1,"fire_occurred":1,"prediction":0.0436}},{"type":"Feature","geometry":{"type":"Point","coordinates":[81.2,20.9]},"properties":{"region":1,"fire_occurred":1,"prediction":0.0545}},{"type":"Feature","geometry":{"type":"Point","coordinates":[81.2,21.5]},"properties":{"region":1,"fire_occurred":1,"prediction":0.0399}},{"type":"Feature","geometry":{"type":"Point","coordinates":[81.2,21.6]},"properties":{"region":1,"fire_occurred":0,"prediction":0.1058}},{"type":"Feature","geometry":{"type":"Point","coordinates":[81.3,21.3]},"properties":{"region":1,"fire_occurred":1,"prediction":0.0481}},{"type":"Feature","geometry":{"type":"Point","coordinates":[81.4,21.0]},"properties":{"region":1,"fire_occurred":1,"prediction":0.0363}},{"type":"Feature","geometry":{"type":"Point","coordinates":[81.4,21.1]},"properties":{"region":1,"fire_occurred":1,"prediction":0.0594}},{"type":"Feature","geometry":{"type":"Point","coordinates":[81.6,21.4]},"properties":{"region":1,"fire_occurred":1,"prediction":0.0152}},{"type":"Feature","geometry":{"type":"Point","coordinates":[81.7,20.7]},"properties":{"region":1,"fire_occurred":0,"prediction":0.119}},{"type":"Feature","geometry":{"type":"Point","coordinates":[81.7,20.8]},"properties":{"region":1,"fire_occurred":0,"prediction":0.1192}},{"type":"Feature","geometry":{"type":"Point","coordinates":[81.7,21.3]},"properties":{"region":1,"fire_occurred":0,"prediction":0.1749}},{"type":"Feature","geometry":{"type":"Point","coordinates":[81.8,17.2]},"properties":{"region":1,"fire_occurred":0,"prediction":0.1171}},{"type":"Feature","geometry":{"type":"Point","coordinates":[81.8,20.7]},"properties":{"region":1,"fire_occurred":0,"prediction":0.1638}},{"type":"Feature","geometry":{"type":"Point","coordinates":[81.8,20.8]},"properties":{"region":1,"fire_occurred":0,"prediction":0.2668}},{"type":"Feature","geometry":{"type":"Point","coordinates":[81.8,20.9]},"properties":{"region":1,"fire_occurred":0,"prediction":0.2138}},{"type":"Feature","geometry":{"type":"Point","coordinates":[81.9,20.8]},"properties":{"region":1,"fire_occurred":0,"prediction":0.2597}},{"type":"Feature","geometry":{"type":"Point","coordinates":[81.9,20.9]},"properties":{"region":1,"fire_occurred":0,"prediction":0.3781}},{"type":"Feature","geometry":{"type":"Point","coordinates":[81.9,21.0]},"properties":{"region":1,"fire_occurred":0,"prediction":0.4412}},{"type":"Feature","geometry":{"type":"Point","coordinates":[82.0,20.6]},"properties":{"region":1,"fire_occurred":0,"prediction":0.1268}},{"type":"Feature","geometry":{"type":"Point","coordinates":[82.0,20.9]},"properties":{"region":1,"fire_occurred":0,"prediction":0.3472}},{"type":"Feature","geometry":{"type":"Point","coordinates":[82.0,21.1]},"properties":{"region":1,"fire_occurred":0,"prediction":0.1738}},{"type":"Feature","geometry":{"type":"Point","coordinates":[82.0,21.2]},"properties":{"region":1,"fire_occurred":0,"prediction":0.1616}},{"type":"Feature","geometry":{"type":"Point","coordinates":[82.0,21.3]},"properties":{"region":1,"fire_occurred":0,"prediction":0.2064}},{"type":"Feature","geometry":{"type":"Point","coordinates":[82.0,21.4]},"properties":{"region":1,"fire_occurred":0,"prediction":0.1039}},{"type":"Feature","geometry":{"type":"Point","coordinates":[82.1,21.0]},"properties":{"region":1,"fire_occurred":0,"prediction":0.2062}},{"type":"Feature","geometry":{"type":"Point","coordinates":[82.1,21.3]},"properties":{"region":1,"fire_occurred":0,"prediction":0.1802}},{"type":"Feature","geometry":{"type":"Point","coordinates":[82.1,21.5]},"properties":{"region":1,"fire_occurred":1,"prediction":0.0174}},{"type":"Feature","geometry":{"type":"Point","coordinates":[82.1,21.8]},"properties":{"region":1,"fire_occurred":0,"prediction":0.1635}},{"type":"Feature","geometry":{"type":"Point","coordinates":[82.1,22.1]},"properties":{"region":1,"fire_occurred":0,"prediction":0.156}},{"type":"Feature","geometry":{"type":"Point","coordinates":[82.1,22.2]},"properties":{"region":1,"fire_occurred":0,"prediction":0.108}},{"type":"Feature","geometry":{"type":"Point","coordinates":[82.2,21.0]},"properties":{"region":1,"fire_occurred":0,"prediction":0.2792}},{"type":"Feature","geometry":{"type":"Point","coordinates":[82.2,21.2]},"properties":{"region":1,"fire_occurred":0,"prediction":0.1601}},{"type":"Feature","geometry":{"type":"Point","coordinates":[82.2,21.6]},"properties":{"region":1,"fire_occurred":0,"prediction":0.1156}},{"type":"Feature","geometry":{"type":"Point","coordinates":[82.2,21.8]},"properties":{"region":1,"fire_occurred":0,"prediction":0.1047}},{"type":"Feature","geometry":{"type":"Point","coordinates":[82.2,21.9]},"properties":{"region":1,"fire_occurred":0,"prediction":0.1513}},{"type":"Feature","geometry":{"type":"Point","coordinates":[82.2,22.0]},"properties":{"region":1,"fire_occurred":0,"prediction":0.1067}},{"type":"Feature","geometry":{"type":"Point","coordinates":[82.2,22.1]},"properties":{"region":1,"fire_occurred":0,"prediction":0.1425}},{"type":"Feature","geometry":{"type":"Point","coordinates":[82.2,22.2]},"properties":{"region":1,"fire_occurred":0,"prediction":0.1177}},{"type":"Feature","geometry":{"type":"Point","coordinates":[82.3,21.1]},"properties":{"region":1,"fire_occurred":1,"prediction":0.1834}},{"type":"Feature","geometry":{"type":"Point","coordinates":[82.3,21.2]},"properties":{"region":1,"fire_occurred":0,"prediction":0.2436}},{"type":"Feature","geometry":{"type":"Point","coordinates":[82.3,21.8]},"properties":{"region":1,"fire_occurred":0,"prediction":0.191}},{"type":"Feature","geometry":{"type":"Point","coordinates":[82.3,21.9]},"properties":{"region":1,"fire_occurred":0,"prediction":0.1294}},{"type":"Feature","geometry":{"type":"Point","coordinates":[82.3,22.0]},"properties":{"region":1,"fire_occurred":0,"prediction":0.1753}},{"type":"Feature","geometry":{"type":"Point","coordinates":[82.3,23.1]},"properties":{"region":1,"fire_occurred":0,"prediction":0.2885}},{"type":"Feature","geometry":{"type":"Point","coordinates":[82.4,20.9]},"properties":{"region":1,"fire_occurred":0,"prediction":0.2507}},{"type":"Feature","geometry":{"type":"Point","coordinates":[82.4,21.0]},"properties":{"region":1,"fire_occurred":0,"prediction":0.1181}},{"type":"Feature","geometry":{"type":"Point","coordinates":[82.4,21.1]},"properties":{"region":1,"fire_occurred":1,"prediction":0.1455}},{"type":"Feature","geometry":{"type":"Point","coordinates":[82.4,21.2]},"properties":{"region":1,"fire_occurred":0,"prediction":0.1724}},{"type":"Feature","geometry":{"type":"Point","coordinates":[82.4,21.5]},"properties":{"region":1,"fire_occurred":1,"prediction":0.0397}},{"type":"Feature","geometry":{"type":"Point","coordinates":[82.4,21.6]},"properties":{"region":1,"fire_occurred":0,"prediction":0.1896}},{"type":"Feature","geometry":{"type":"Point","coordinates":[82.4,21.8]},"properties":{"region":1,"fire_occurred":0,"prediction":0.1146}},{"type":"Feature","geometry":{"type":"Point","coordinates":[82.4,21.9]},"properties":{"region":1,"fire_occurred":0,"prediction":0.2963}},{"type":"Feature","geometry":{"type":"Point","coordinates":[82.4,22.0]},"properties":{"region":1,"fire_occurred":0,"prediction":0.1472}},{"type":"Feature","geometry":{"type":"Point","coordinates":[82.5,20.9]},"properties":{"region":1,"fire_occurred":0,"prediction":0.1123}},{"type":"Feature","geometry":{"type":"Point","coordinates":[82.5,21.6]},"properties":{"region":1,"fire_occurred":0,"prediction":0.186}},{"type":"Feature","geometry":{"type":"Point","coordinates":[82.5,21.9]},"properties":{"region":1,"fire_occurred":0,"prediction":0.2129}},{"type":"Feature","geometry":{"type":"Point","coordinates":[82.5,22.0]},"properties":{"region":1,"fire_occurred":0,"prediction":0.207}},{"type":"Feature","geometry":{"type":"Point","coordinates":[82.6,21.6]},"properties":{"region":1,"fire_occurred":1,"prediction":0.1985}},{"type":"Feature","geometry":{"type":"Point","coordinates":[82.6,21.8]},"properties":{"region":1,"fire_occurred":0,"prediction":0.2459}},{"type":"Feature","geometry":{"type":"Point","coordinates":[82.6,21.9]},"properties":{"region":1,"fire_occurred":1,"prediction":0.1708}},{"type":"Feature","geometry":{"type":"Point","coordinates":[82.6,22.0]},"properties":{"region":1,"fire_occurred":0,"prediction":0.135}},{"type":"Feature","geometry":{"type":"Point","coordinates":[82.7,21.6]},"properties":{"region":1,"fire_occurred":0,"prediction":0.2513}},{"type":"Feature","geometry":{"type":"Point","coordinates":[82.7,21.7]},"properties":{"region":1,"fire_occurred":1,"prediction":0.0968}},{"type":"Feature","geometry":{"type":"Point","coordinates":[82.7,21.8]},"properties":{"region":1,"fire_occurred":1,"prediction":0.2296}},{"type":"Feature","geometry":{"type":"Point","coordinates":[82.7,21.9]},"properties":{"region":1,"fire_occurred":0,"prediction":0.1153}},{"type":"Feature","geometry":{"type":"Point","coordinates":[82.7,22.0]},"properties":{"region":1,"fire_occurred":0,"prediction":0.1299}},{"type":"Feature","geometry":{"type":"Point","coordinates":[82.8,21.2]},"properties":{"region":1,"fire_occurred":0,"prediction":0.2311}},{"type":"Feature","geometry":{"type":"Point","coordinates":[82.8,21.7]},"properties":{"region":1,"fire_occurred":0,"prediction":0.2507}},{"type":"Feature","geometry":{"type":"Point","coordinates":[82.8,21.8]},"properties":{"region":1,"fire_occurred":1,"prediction":0.2696}},{"type":"Feature","geometry":{"type":"Point","coordinates":[82.8,21.9]},"properties":{"region":1,"fire_occurred":0,"prediction":0.1997}},{"type":"Feature","geometry":{"type":"Point","coordinates":[82.9,20.2]},"properties":{"region":1,"fire_occurred":0,"prediction":0.1027}},{"type":"Feature","geometry":{"type":"Point","coordinates":[82.9,21.2]},"properties":{"region":1,"fire_occurred":0,"prediction":0.1817}},{"type":"Feature","geometry":{"type":"Point","coordinates":[82.9,21.7]},"properties":{"region":1,"fire_occurred":1,"prediction":0.3475}},{"type":"Feature","geometry":{"type":"Point","coordinates":[82.9,21.8]},"properties":{"region":1,"fire_occurred":1,"prediction":0.1534}},{"type":"Feature","geometry":{"type":"Point","coordinates":[82.9,21.9]},"properties":{"region":1,"fire_occurred":0,"prediction":0.2252}},{"type":"Feature","geometry":{"type":"Point","coordinates":[82.9,22.0]},"properties":{"region":1,"fire_occurred":0,"prediction":0.2125}},{"type":"Feature","geometry":{"type":"Point","coordinates":[83.0,20.2]},"properties":{"region":1,"fire_occurred":0,"prediction":0.1025}},{"type":"Feature","geometry":{"type":"Point","coordinates":[83.0,21.6]},"properties":{"region":1,"fire_occurred":0,"prediction":0.1197}},{"type":"Feature","geometry":{"type":"Point","coordinates":[83.0,21.7]},"properties":{"region":1,"fire_occurred":0,"prediction":0.2868}},{"type":"Feature","geometry":{"type":"Point","coordinates":[83.0,21.9]},"properties":{"region":1,"fire_occurred":0,"prediction":0.1042}},{"type":"Feature","geometry":{"type":"Point","coordinates":[83.1,21.6]},"properties":{"region":1,"fire_occurred":0,"prediction":0.1679}},{"type":"Feature","geometry":{"type":"Point","coordinates":[83.1,21.7]},"properties":{"region":1,"fire_occurred":0,"prediction":0.2876}},{"type":"Feature","geometry":{"type":"Point","coordinates":[83.2,21.7]},"properties":{"region":1,"fire_occurred":0,"prediction":0.2127}},{"type":"Feature","geometry":{"type":"Point","coordinates":[83.3,21.7]},"properties":{"region":1,"fire_occurred":0,"prediction":0.1176}},{"type":"Feature","geometry":{"type":"Point","coordinates":[83.3,21.9]},"properties":{"region":1,"fire_occurred":0,"prediction":0.3922}},{"type":"Feature","geometry":{"type":"Point","coordinates":[84.0,21.7]},"properties":{"region":1,"fire_occurred":0,"prediction":0.2278}},{"type":"Feature","geometry":{"type":"Point","coordinates":[84.0,21.8]},"properties":{"region":1,"fire_occurred":1,"prediction":0.1816}},{"type":"Feature","geometry":{"type":"Point","coordinates":[84.8,22.2]},"properties":{"region":1,"fire_occurred":0,"prediction":0.2859}},{"type":"Feature","geometry":{"type":"Point","coordinates":[84.9,20.8]},"properties":{"region":1,"fire_occurred":0,"prediction":0.1031}},{"type":"Feature","geometry":{"type":"Point","coordinates":[85.0,21.0]},"properties":{"region":1,"fire_occurred":0,"prediction":0.5252}},{"type":"Feature","geometry":{"type":"Point","coordinates":[85.1,20.9]},"properties":{"region":1,"fire_occurred":1,"prediction":0.9768}},{"type":"Feature","geometry":{"type":"Point","coordinates":[85.2,20.7]},"properties":{"region":1,"fire_occurred":0,"prediction":0.9362}},{"type":"Feature","geometry":{"type":"Point","coordinates":[86.0,20.9]},"properties":{"region":1,"fire_occurred":0,"prediction":0.2575}},{"type":"Feature","geometry":{"type":"Point","coordinates":[86.0,23.6]},"properties":{"region":1,"fire_occurred":0,"prediction":0.5413}},{"type":"Feature","geometry":{"type":"Point","coordinates":[86.2,22.7]},"properties":{"region":1,"fire_occurred":1,"prediction":0.8002}},{"type":"Feature","geometry":{"type":"Point","coordinates":[86.2,23.7]},"properties":{"region":1,"fire_occurred":0,"prediction":0.6424}},{"type":"Feature","geometry":{"type":"Point","coordinates":[86.3,23.6]},"properties":{"region":1,"fire_occurred":0,"prediction":0.1226}},{"type":"Feature","geometry":{"type":"Point","coordinates":[86.3,23.7]},"properties":{"region":1,"fire_occurred":1,"prediction":0.8646}},{"type":"Feature","geometry":{"type":"Point","coordinates":[86.3,23.8]},"properties":{"region":1,"fire_occurred":0,"prediction":0.3287}},{"type":"Feature","geometry":{"type":"Point","coordinates":[86.4,23.7]},"properties":{"region":1,"fire_occurred":0,"prediction":0.5587}},{"type":"Feature","geometry":{"type":"Point","coordinates":[87.0,23.7]},"properties":{"region":1,"fire_occurred":0,"prediction":0.264}},{"type":"Feature","geometry":{"type":"Point","coordinates":[87.2,23.5]},"properties":{"region":1,"fire_occurred":0,"prediction":0.1155}},{"type":"Feature","geometry":{"type":"Point","coordinates":[87.5,23.9]},"properties":{"region":1,"fire_occurred":0,"prediction":0.1013}},{"type":"Feature","geometry":{"type":"Point","coordinates":[88.9,24.6]},"properties":{"region":1,"fire_occurred":1,"prediction":0.0237}},{"type":"Feature","geometry":{"type":"Point","coordinates":[90.7,26.7]},"properties":{"region":1,"fire_occurred":1,"prediction":0.1316}},{"type":"Feature","geometry":{"type":"Point","coordinates":[92.1,25.2]},"properties":{"region":1,"fire_occurred":1,"prediction":0.0069}},{"type":"Feature","geometry":{"type":"Point","coordinates":[92.1,25.9]},"properties":{"region":1,"fire_occurred":1,"prediction":0.0079}},{"type":"Feature","geometry":{"type":"Point","coordinates":[93.7,27.5]},"properties":{"region":1,"fire_occurred":1,"prediction":0.0526}},{"type":"Feature","geometry":{"type":"Point","coordinates":[95.0,16.8]},"properties":{"region":1,"fire_occurred":1,"prediction":0.0754}},{"type":"Feature","geometry":{"type":"Point","coordinates":[95.0,18.1]},"properties":{"region":1,"fire_occurred":1,"prediction":0.0032}},{"type":"Feature","geometry":{"type":"Point","coordinates":[95.1,16.6]},"properties":{"region":1,"fire_occurred":1,"prediction":0.0349}},{"type":"Feature","geometry":{"type":"Point","coordinates":[95.1,16.8]},"properties":{"region":1,"fire_occurred":1,"prediction":0.0569}},{"type":"Feature","geometry":{"type":"Point","coordinates":[95.1,17.7]},"properties":{"region":1,"fire_occurred":0,"prediction":0.1194}},{"type":"Feature","geometry":{"type":"Point","coordinates":[95.2,17.9]},"properties":{"region":1,"fire_occurred":0,"prediction":0.1211}},{"type":"Feature","geometry":{"type":"Point","coordinates":[95.3,18.2]},"properties":{"region":1,"fire_occurred":0,"prediction":0.1076}},{"type":"Feature","geometry":{"type":"Point","coordinates":[95.3,18.7]},"properties":{"region":1,"fire_occurred":1,"prediction":0.0157}},{"type":"Feature","geometry":{"type":"Point","coordinates":[95.3,18.8]},"properties":{"region":1,"fire_occurred":1,"prediction":0.1002}},{"type":"Feature","geometry":{"type":"Point","coordinates":[95.4,18.9]},"properties":{"region":1,"fire_occurred":0,"prediction":0.1478}},{"type":"Feature","geometry":{"type":"Point","coordinates":[95.5,18.3]},"properties":{"region":1,"fire_occurred":0,"prediction":0.1738}},{"type":"Feature","geometry":{"type":"Point","coordinates":[95.5,18.5]},"properties":{"region":1,"fire_occurred":1,"prediction":0.2174}},{"type":"Feature","geometry":{"type":"Point","coordinates":[95.6,16.1]},"properties":{"region":1,"fire_occurred":0,"prediction":0.1008}},{"type":"Feature","geometry":{"type":"Point","coordinates":[95.7,16.6]},"properties":{"region":1,"fire_occurred":0,"prediction":0.1106}},{"type":"Feature","geometry":{"type":"Point","coordinates":[95.7,17.5]},"properties":{"region":1,"fire_occurred":0,"prediction":0.1047}},{"type":"Feature","geometry":{"type":"Point","coordinates":[95.7,17.7]},"properties":{"region":1,"fire_occurred":1,"prediction":0.0778}},{"type":"Feature","geometry":{"type":"Point","coordinates":[95.7,23.6]},"properties":{"region":1,"fire_occurred":1,"prediction":0.0023}},{"type":"Feature","geometry":{"type":"Point","coordinates":[95.8,16.3]},"properties":{"region":1,"fire_occurred":0,"prediction":0.1323}},{"type":"Feature","geometry":{"type":"Point","coordinates":[95.8,16.9]},"properties":{"region":1,"fire_occurred":1,"prediction":0.0119}},{"type":"Feature","geometry":{"type":"Point","coordinates":[95.9,16.7]},"properties":{"region":1,"fire_occurred":0,"prediction":0.139}},{"type":"Feature","geometry":{"type":"Point","coordinates":[95.9,16.8]},"properties":{"region":1,"fire_occurred":1,"prediction":0.0704}},{"type":"Feature","geometry":{"type":"Point","coordinates":[96.0,16.4]},"properties":{"region":1,"fire_occurred":0,"prediction":0.1557}},{"type":"Feature","geometry":{"type":"Point","coordinates":[96.0,19.6]},"properties":{"region":1,"fire_occurred":1,"prediction":0.0089}},{"type":"Feature","geometry":{"type":"Point","coordinates":[96.2,17.0]},"properties":{"region":1,"fire_occurred":1,"prediction":0.0811}},{"type":"Feature","geometry":{"type":"Point","coordinates":[96.3,17.1]},"properties":{"region":1,"fire_occurred":1,"prediction":0.0425}},{"type":"Feature","geometry":{"type":"Point","coordinates":[96.3,18.9]},"properties":{"region":1,"fire_occurred":0,"prediction":0.1194}},{"type":"Feature","geometry":{"type":"Point","coordinates":[96.5,19.1]},"properties":{"region":1,"fire_occurred":1,"prediction":0.0003}},{"type":"Feature","geometry":{"type":"Point","coordinates":[96.7,17.0]},"properties":{"region":1,"fire_occurred":1,"prediction":0.029}},{"type":"Feature","geometry":{"type":"Point","coordinates":[96.8,20.2]},"properties":{"region":1,"fire_occurred":1,"prediction":0.0015}},{"type":"Feature","geometry":{"type":"Point","coordinates":[97.3,19.0]},"properties":{"region":1,"fire_occurred":1,"prediction":0.0081}},{"type":"Feature","geometry":{"type":"Point","coordinates":[97.4,25.2]},"properties":{"region":1,"fire_occurred":1,"prediction":0.0019}},{"type":"Feature","geometry":{"type":"Point","coordinates":[98.3,18.9]},"properties":{"region":1,"fire_occurred":1,"prediction":0.0018}},{"type":"Feature","geometry":{"type":"Point","coordinates":[98.7,17.8]},"properties":{"region":1,"fire_occurred":1,"prediction":0.0071}},{"type":"Feature","geometry":{"type":"Point","coordinates":[99.3,10.8]},"properties":{"region":1,"fire_occurred":1,"prediction":0.0081}},{"type":"Feature","geometry":{"type":"Point","coordinates":[99.4,20.3]},"properties":{"region":1,"fire_occurred":1,"prediction":0.0125}},{"type":"Feature","geometry":{"type":"Point","coordinates":[99.5,19.7]},"properties":{"region":1,"fire_occurred":1,"prediction":0.0061}},{"type":"Feature","geometry":{"type":"Point","coordinates":[99.6,14.0]},"properties":{"region":1,"fire_occurred":1,"prediction":0.0041}},{"type":"Feature","geometry":{"type":"Point","coordinates":[99.6,14.8]},"properties":{"region":1,"fire_occurred":1,"prediction":0.0433}},{"type":"Feature","geometry":{"type":"Point","coordinates":[99.6,15.0]},"properties":{"region":1,"fire_occurred":1,"prediction":0.0357}},{"type":"Feature","geometry":{"type":"Point","coordinates":[99.6,15.7]},"properties":{"region":1,"fire_occurred":1,"prediction":0.0095}},{"type":"Feature","geometry":{"type":"Point","coordinates":[99.6,16.4]},"properties":{"region":1,"fire_occurred":1,"prediction":0.0118}},{"type":"Feature","geometry":{"type":"Point","coordinates":[99.7,14.8]},"properties":{"region":1,"fire_occurred":0,"prediction":0.1046}},{"type":"Feature","geometry":{"type":"Point","coordinates":[99.7,15.0]},"properties":{"region":1,"fire_occurred":1,"prediction":0.0179}},{"type":"Feature","geometry":{"type":"Point","coordinates":[99.7,16.5]},"properties":{"region":1,"fire_occurred":1,"prediction":0.0302}},{"type":"Feature","geometry":{"type":"Point","coordinates":[99.8,13.0]},"properties":{"region":1,"fire_occurred":1,"prediction":0.014}},{"type":"Feature","geometry":{"type":"Point","coordinates":[99.8,17.7]},"properties":{"region":1,"fire_occurred":1,"prediction":0.0028}},{"type":"Feature","geometry":{"type":"Point","coordinates":[99.9,16.5]},"properties":{"region":1,"fire_occurred":1,"prediction":0.0433}},{"type":"Feature","geometry":{"type":"Point","coordinates":[99.9,20.5]},"properties":{"region":1,"fire_occurred":1,"prediction":0.0147}},{"type":"Feature","geometry":{"type":"Point","coordinates":[100.0,16.4]},"properties":{"region":1,"fire_occurred":1,"prediction":0.05}},{"type":"Feature","geometry":{"type":"Point","coordinates":[100.0,17.4]},"properties":{"region":1,"fire_occurred":1,"prediction":0.1224}},{"type":"Feature","geometry":{"type":"Point","coordinates":[100.0,17.5]},"properties":{"region":1,"fire_occurred":0,"prediction":0.1444}},{"type":"Feature","geometry":{"type":"Point","coordinates":[100.1,15.1]},"properties":{"region":1,"fire_occurred":1,"prediction":0.017}},{"type":"Feature","geometry":{"type":"Point","coordinates":[100.1,15.2]},"properties":{"region":1,"fire_occurred":0,"prediction":0.1369}},{"type":"Feature","geometry":{"type":"Point","coordinates":[100.1,15.3]},"properties":{"region":1,"fire_occurred":0,"prediction":0.2146}},{"type":"Feature","geometry":{"type":"Point","coordinates":[100.1,16.2]},"properties":{"region":1,"fire_occurred":1,"prediction":0.0217}},{"type":"Feature","geometry":{"type":"Point","coordinates":[100.1,17.3]},"properties":{"region":1,"fire_occurred":0,"prediction":0.1668}},{"type":"Feature","geometry":{"type":"Point","coordinates":[100.2,14.0]},"properties":{"region":1,"fire_occurred":1,"prediction":0.0329}},{"type":"Feature","geometry":{"type":"Point","coordinates":[100.2,15.2]},"properties":{"region":1,"fire_occurred":0,"prediction":0.1}},{"type":"Feature","geometry":{"type":"Point","coordinates":[100.2,17.4]},"properties":{"region":1,"fire_occurred":0,"prediction":0.1118}},{"type":"Feature","geometry":{"type":"Point","coordinates":[100.3,17.4]},"properties":{"region":1,"fire_occurred":0,"prediction":0.1182}},{"type":"Feature","geometry":{"type":"Point","coordinates":[100.3,17.8]},"properties":{"region":1,"fire_occurred":1,"prediction":0.058}},{"type":"Feature","geometry":{"type":"Point","coordinates":[100.6,4.8]},"properties":{"region":1,"fire_occurred":1,"prediction":0.0015}},{"type":"Feature","geometry":{"type":"Point","coordinates":[100.6,14.0]},"properties":{"region":1,"fire_occurred":0,"prediction":0.1091}},{"type":"Feature","geometry":{"type":"Point","coordinates":[100.7,14.3]},"properties":{"region":1,"fire_occurred":1,"prediction":0.0331}},{"type":"Feature","geometry":{"type":"Point","coordinates":[100.7,14.9]},"properties":{"region":1,"fire_occurred":0,"prediction":0.124}},{"type":"Feature","geometry":{"type":"Point","coordinates":[100.7,16.0]},"properties":{"region":1,"fire_occurred":1,"prediction":0.0207}},{"type":"Feature","geometry":{"type":"Point","coordinates":[100.7,16.1]},"properties":{"region":1,"fire_occurred":1,"prediction":0.0371}},{"type":"Feature","geometry":{"type":"Point","coordinates":[100.7,19.1]},"properties":{"region":1,"fire_occurred":1,"prediction":0.0066}},{"type":"Feature","geometry":{"type":"Point","coordinates":[100.8,15.2]},"properties":{"region":1,"fire_occurred":1,"prediction":0.1649}},{"type":"Feature","geometry":{"type":"Point","coordinates":[100.8,15.3]},"properties":{"region":1,"fire_occurred":0,"prediction":0.1217}},{"type":"Feature","geometry":{"type":"Point","coordinates":[100.9,14.2]},"properties":{"region":1,"fire_occurred":1,"prediction":0.0434}},{"type":"Feature","geometry":{"type":"Point","coordinates":[100.9,19.4]},"properties":{"region":1,"fire_occurred":1,"prediction":0.0234}},{"type":"Feature","geometry":{"type":"Point","coordinates":[101.0,14.1]},"properties":{"region":1,"fire_occurred":1,"prediction":0.0824}},{"type":"Feature","geometry":{"type":"Point","coordinates":[101.0,14.2]},"properties":{"region":1,"fire_occurred":1,"prediction":0.0867}},{"type":"Feature","geometry":{"type":"Point","coordinates":[101.0,15.3]},"properties":{"region":1,"fire_occurred":1,"prediction":0.0327}},{"type":"Feature","geometry":{"type":"Point","coordinates":[101.1,4.3]},"properties":{"region":1,"fire_occurred":1,"prediction":0.0025}},{"type":"Feature","geometry":{"type":"Point","coordinates":[101.1,13.2]},"properties":{"region":1,"fire_occurred":1,"prediction":0.0054}},{"type":"Feature","geometry":{"type":"Point","coordinates":[101.1,15.3]},"properties":{"region":1,"fire_occurred":0,"prediction":0.1739}},{"type":"Feature","geometry":{"type":"Point","coordinates":[101.6,16.6]},"properties":{"region":1,"fire_occurred":1,"prediction":0.0062}},{"type":"Feature","geometry":{"type":"Point","coordinates":[101.7,15.3]},"properties":{"region":1,"fire_occurred":1,"prediction":0.0068}},{"type":"Feature","geometry":{"type":"Point","coordinates":[101.8,14.8]},"properties":{"region":1,"fire_occurred":0,"prediction":0.1623}},{"type":"Feature","geometry":{"type":"Point","coordinates":[102.0,14.7]},"properties":{"region":1,"fire_occurred":1,"prediction":0.004}},{"type":"Feature","geometry":{"type":"Point","coordinates":[102.0,15.3]},"properties":{"region":1,"fire_occurred":1,"prediction":0.0205}},{"type":"Feature","geometry":{"type":"Point","coordinates":[102.2,13.3]},"properties":{"region":1,"fire_occurred":1,"prediction":0.0124}},{"type":"Feature","geometry":{"type":"Point","coordinates":[102.2,15.6]},"properties":{"region":1,"fire_occurred":1,"prediction":0.0187}},{"type":"Feature","geometry":{"type":"Point","coordinates":[102.2,18.1]},"properties":{"region":1,"fire_occurred":1,"prediction":0.0132}},{"type":"Feature","geometry":{"type":"Point","coordinates":[102.3,14.8]},"properties":{"region":1,"fire_occurred":1,"prediction":0.0146}},{"type":"Feature","geometry":{"type":"Point","coordinates":[102.4,15.4]},"properties":{"region":1,"fire_occurred":1,"prediction":0.0025}},{"type":"Feature","geometry":{"type":"Point","coordinates":[102.4,18.5]},"properties":{"region":1,"fire_occurred":1,"prediction":0.0127}},{"type":"Feature","geometry":{"type":"Point","coordinates":[102.5,13.5]},"properties":{"region":1,"fire_occurred":1,"prediction":0.0264}},{"type":"Feature","geometry":{"type":"Point","coordinates":[102.7,17.7]},"properties":{"region":1,"fire_occurred":1,"prediction":0.0178}},{"type":"Feature","geometry":{"type":"Point","coordinates":[102.7,18.3]},"properties":{"region":1,"fire_occurred":1,"prediction":0.0193}},{"type":"Feature","geometry":{"type":"Point","coordinates":[102.7,21.8]},"properties":{"region":1,"fire_occurred":1,"prediction":0.0278}},{"type":"Feature","geometry":{"type":"Point","coordinates":[102.8,16.5]},"properties":{"region":1,"fire_occurred":1,"prediction":0.0184}},{"type":"Feature","geometry":{"type":"Point","coordinates":[102.8,16.6]},"properties":{"region":1,"fire_occurred":1,"prediction":0.0594}},{"type":"Feature","geometry":{"type":"Point","coordinates":[102.8,17.7]},"properties":{"region":1,"fire_occurred":1,"prediction":0.0183}},{"type":"Feature","geometry":{"type":"Point","coordinates":[102.8,18.1]},"properties":{"region":1,"fire_occurred":1,"prediction":0.0276}},{"type":"Feature","geometry":{"type":"Point","coordinates":[102.8,21.4]},"properties":{"region":1,"fire_occurred":1,"prediction":0.0032}},{"type":"Feature","geometry":{"type":"Point","coordinates":[102.9,16.3]},"properties":{"region":1,"fire_occurred":1,"prediction":0.0135}},{"type":"Feature","geometry":{"type":"Point","coordinates":[103.0,16.2]},"properties":{"region":1,"fire_occurred":1,"prediction":0.0234}},{"type":"Feature","geometry":{"type":"Point","coordinates":[103.0,17.9]},"properties":{"region":1,"fire_occurred":1,"prediction":0.02}},{"type":"Feature","geometry":{"type":"Point","coordinates":[103.0,21.2]},"properties":{"region":1,"fire_occurred":1,"prediction":0.035}},{"type":"Feature","geometry":{"type":"Point","coordinates":[103.1,16.2]},"properties":{"region":1,"fire_occurred":1,"prediction":0.046}},{"type":"Feature","geometry":{"type":"Point","coordinates":[103.1,18.1]},"properties":{"region":1,"fire_occurred":1,"prediction":0.0176}},{"type":"Feature","geometry":{"type":"Point","coordinates":[103.1,21.0]},"properties":{"region":1,"fire_occurred":1,"prediction":0.0515}},{"type":"Feature","geometry":{"type":"Point","coordinates":[103.1,21.2]},"properties":{"region":1,"fire_occurred":1,"prediction":0.0474}},{"type":"Feature","geometry":{"type":"Point","coordinates":[103.2,3.8]},"properties":{"region":1,"fire_occurred":1,"prediction":0.0011}},{"type":"Feature","geometry":{"type":"Point","coordinates":[103.4,16.1]},"properties":{"region":1,"fire_occurred":1,"prediction":0.0172}},{"type":"Feature","geometry":{"type":"Point","coordinates":[103.4,16.4]},"properties":{"region":1,"fire_occurred":1,"prediction":0.0432}},{"type":"Feature","geometry":{"type":"Point","coordinates":[103.5,16.2]},"properties":{"region":1,"fire_occurred":0,"prediction":0.1328}},{"type":"Feature","geometry":{"type":"Point","coordinates":[103.5,16.3]},"properties":{"region":1,"fire_occurred":1,"prediction":0.1445}},{"type":"Feature","geometry":{"type":"Point","coordinates":[103.5,19.9]},"properties":{"region":1,"fire_occurred":1,"prediction":0.0069}},{"type":"Feature","geometry":{"type":"Point","coordinates":[103.5,20.8]},"properties":{"region":1,"fire_occurred":1,"prediction":0.0273}},{"type":"Feature","geometry":{"type":"Point","coordinates":[103.5,21.4]},"properties":{"region":1,"fire_occurred":1,"prediction":0.0275}},{"type":"Feature","geometry":{"type":"Point","coordinates":[103.6,16.2]},"properties":{"region":1,"fire_occurred":0,"prediction":0.1564}},{"type":"Feature","geometry":{"type":"Point","coordinates":[103.6,18.8]},"properties":{"region":1,"fire_occurred":1,"prediction":0.0033}},{"type":"Feature","geometry":{"type":"Point","coordinates":[103.6,20.7]},"properties":{"region":1,"fire_occurred":1,"prediction":0.0105}},{"type":"Feature","geometry":{"type":"Point","coordinates":[103.7,16.1]},"properties":{"region":1,"fire_occurred":1,"prediction":0.003}},{"type":"Feature","geometry":{"type":"Point","coordinates":[103.7,20.8]},"properties":{"region":1,"fire_occurred":1,"prediction":0.0069}},{"type":"Feature","geometry":{"type":"Point","coordinates":[103.7,21.2]},"properties":{"region":1,"fire_occurred":1,"prediction":0.0082}},{"type":"Feature","geometry":{"type":"Point","coordinates":[103.9,15.9]},"properties":{"region":1,"fire_occurred":1,"prediction":0.1131}},{"type":"Feature","geometry":{"type":"Point","coordinates":[104.3,17.4]},"properties":{"region":1,"fire_occurred":1,"prediction":0.0219}},{"type":"Feature","geometry":{"type":"Point","coordinates":[104.4,17.8]},"properties":{"region":1,"fire_occurred":1,"prediction":0.0057}},{"type":"Feature","geometry":{"type":"Point","coordinates":[104.6,16.4]},"properties":{"region":1,"fire_occurred":1,"prediction":0.0296}},{"type":"Feature","geometry":{"type":"Point","coordinates":[104.6,17.7]},"properties":{"region":1,"fire_occurred":1,"prediction":0.0049}},{"type":"Feature","geometry":{"type":"Point","coordinates":[104.9,19.0]},"properties":{"region":1,"fire_occurred":1,"prediction":0.0979}},{"type":"Feature","geometry":{"type":"Point","coordinates":[105.0,19.0]},"properties":{"region":1,"fire_occurred":1,"prediction":0.0139}},{"type":"Feature","geometry":{"type":"Point","coordinates":[105.1,20.0]},"properties":{"region":1,"fire_occurred":1,"prediction":0.0059}},{"type":"Feature","geometry":{"type":"Point","coordinates":[105.2,18.7]},"properties":{"region":1,"fire_occurred":1,"prediction":0.1566}},{"type":"Feature","geometry":{"type":"Point","coordinates":[105.3,18.9]},"properties":{"region":1,"fire_occurred":1,"prediction":0.0087}},{"type":"Feature","geometry":{"type":"Point","coordinates":[105.4,20.1]},"properties":{"region":1,"fire_occurred":1,"prediction":0.0088}},{"type":"Feature","geometry":{"type":"Point","coordinates":[105.5,19.0]},"properties":{"region":1,"fire_occurred":1,"prediction":0.0038}},{"type":"Feature","geometry":{"type":"Point","coordinates":[105.5,19.5]},"properties":{"region":1,"fire_occurred":0,"prediction":0.1096}},{"type":"Feature","geometry":{"type":"Point","coordinates":[105.6,20.1]},"properties":{"region":1,"fire_occurred":1,"prediction":0.0045}},{"type":"Feature","geometry":{"type":"Point","coordinates":[105.6,20.2]},"properties":{"region":1,"fire_occurred":1,"prediction":0.0052}},{"type":"Feature","geometry":{"type":"Point","coordinates":[105.6,20.4]},"properties":{"region":1,"fire_occurred":1,"prediction":0.0263}},{"type":"Feature","geometry":{"type":"Point","coordinates":[105.6,20.5]},"properties":{"region":1,"fire_occurred":1,"prediction":0.016}},{"type":"Feature","geometry":{"type":"Point","coordinates":[105.7,21.3]},"properties":{"region":1,"fire_occurred":1,"prediction":0.0222}},{"type":"Feature","geometry":{"type":"Point","coordinates":[105.7,23.8]},"properties":{"region":1,"fire_occurred":1,"prediction":0.0269}},{"type":"Feature","geometry":{"type":"Point","coordinates":[105.8,21.4]},"properties":{"region":1,"fire_occurred":1,"prediction":0.0073}},{"type":"Feature","geometry":{"type":"Point","coordinates":[105.9,21.7]},"properties":{"region":1,"fire_occurred":1,"prediction":0.0055}},{"type":"Feature","geometry":{"type":"Point","coordinates":[107.1,21.6]},"properties":{"region":1,"fire_occurred":1,"prediction":0.0846}},{"type":"Feature","geometry":{"type":"Point","coordinates":[107.1,21.7]},"properties":{"region":1,"fire_occurred":1,"prediction":0.0529}},{"type":"Feature","geometry":{"type":"Point","coordinates":[107.2,21.8]},"properties":{"region":1,"fire_occurred":1,"prediction":0.0043}},{"type":"Feature","geometry":{"type":"Point","coordinates":[107.4,21.3]},"properties":{"region":1,"fire_occurred":1,"prediction":0.0439}},{"type":"Feature","geometry":{"type":"Point","coordinates":[107.8,21.5]},"properties":{"region":1,"fire_occurred":1,"prediction":0.0173}},{"type":"Feature","geometry":{"type":"Point","coordinates":[121.8,-1.7]},"properties":{"region":1,"fire_occurred":1,"prediction":0.0007}},{"type":"Feature","geometry":{"type":"Point","coordinates":[123.1,10.2]},"properties":{"region":1,"fire_occurred":1,"prediction":0.0037}},{"type":"Feature","geometry":{"type":"Point","coordinates":[123.3,10.6]},"properties":{"region":1,"fire_occurred":1,"prediction":0.0004}},{"type":"Feature","geometry":{"type":"Point","coordinates":[123.6,12.2]},"properties":{"region":1,"fire_occurred":1,"prediction":0.0001}},{"type":"Feature","geometry":{"type":"Point","coordinates":[123.8,-16.8]},"properties":{"region":1,"fire_occurred":0,"prediction":0.1361}},{"type":"Feature","geometry":{"type":"Point","coordinates":[124.0,-16.5]},"properties":{"region":1,"fire_occurred":0,"prediction":0.2591}},{"type":"Feature","geometry":{"type":"Point","coordinates":[124.1,-16.5]},"properties":{"region":1,"fire_occurred":0,"prediction":0.3062}},{"type":"Feature","geometry":{"type":"Point","coordinates":[125.0,8.4]},"properties":{"region":1,"fire_occurred":1,"prediction":0.0008}},{"type":"Feature","geometry":{"type":"Point","coordinates":[125.8,-16.7]},"properties":{"region":1,"fire_occurred":1,"prediction":0.0003}},{"type":"Feature","geometry":{"type":"Point","coordinates":[126.3,-16.6]},"properties":{"region":1,"fire_occurred":0,"prediction":0.1672}},{"type":"Feature","geometry":{"type":"Point","coordinates":[127.3,-16.2]},"properties":{"region":1,"fire_occurred":0,"prediction":0.1177}},{"type":"Feature","geometry":{"type":"Point","coordinates":[127.4,-16.2]},"properties":{"region":1,"fire_occurred":0,"prediction":0.1529}},{"type":"Feature","geometry":{"type":"Point","coordinates":[127.4,-14.2]},"properties":{"region":1,"fire_occurred":1,"prediction":0.0071}},{"type":"Feature","geometry":{"type":"Point","coordinates":[127.4,-14.1]},"properties":{"region":1,"fire_occurred":1,"prediction":0.0062}},{"type":"Feature","geometry":{"type":"Point","coordinates":[127.6,-16.6]},"properties":{"region":1,"fire_occurred":0,"prediction":0.1021}},{"type":"Feature","geometry":{"type":"Point","coordinates":[127.7,-16.1]},"properties":{"region":1,"fire_occurred":0,"prediction":0.113}},{"type":"Feature","geometry":{"type":"Point","coordinates":[127.7,-16.0]},"properties":{"region":1,"fire_occurred":0,"prediction":0.1418}},{"type":"Feature","geometry":{"type":"Point","coordinates":[128.0,-17.0]},"properties":{"region":1,"fire_occurred":0,"prediction":0.1432}},{"type":"Feature","geometry":{"type":"Point","coordinates":[128.7,-16.0]},"properties":{"region":1,"fire_occurred":1,"prediction":0.0045}},{"type":"Feature","geometry":{"type":"Point","coordinates":[129.4,-17.0]},"properties":{"region":1,"fire_occurred":0,"prediction":0.1223}},{"type":"Feature","geometry":{"type":"Point","coordinates":[129.5,-17.0]},"properties":{"region":1,"fire_occurred":0,"prediction":0.1279}},{"type":"Feature","geometry":{"type":"Point","coordinates":[129.9,-16.7]},"properties":{"region":1,"fire_occurred":0,"prediction":0.1097}},{"type":"Feature","geometry":{"type":"Point","coordinates":[129.9,-16.6]},"properties":{"region":1,"fire_occurred":0,"prediction":0.1117}},{"type":"Feature","geometry":{"type":"Point","coordinates":[132.7,-14.9]},"properties":{"region":1,"fire_occurred":0,"prediction":0.135}},{"type":"Feature","geometry":{"type":"Point","coordinates":[134.2,-15.5]},"properties":{"region":1,"fire_occurred":0,"prediction":0.185}},{"type":"Feature","geometry":{"type":"Point","coordinates":[134.4,-15.8]},"properties":{"region":1,"fire_occurred":0,"prediction":0.1515}},{"type":"Feature","geometry":{"type":"Point","coordinates":[134.4,-15.2]},"properties":{"region":1,"fire_occurred":0,"prediction":0.1691}},{"type":"Feature","geometry":{"type":"Point","coordinates":[134.5,-15.7]},"properties":{"region":1,"fire_occurred":0,"prediction":0.1614}},{"type":"Feature","geometry":{"type":"Point","coordinates":[134.6,-15.5]},"properties":{"region":1,"fire_occurred":0,"prediction":0.1356}},{"type":"Feature","geometry":{"type":"Point","coordinates":[135.3,-15.1]},"properties":{"region":1,"fire_occurred":0,"prediction":0.3632}},{"type":"Feature","geometry":{"type":"Point","coordinates":[135.4,-15.4]},"properties":{"region":1,"fire_occurred":0,"prediction":0.1413}},{"type":"Feature","geometry":{"type":"Point","coordinates":[135.4,-15.3]},"properties":{"region":1,"fire_occurred":0,"prediction":0.112}},{"type":"Feature","geometry":{"type":"Point","coordinates":[135.4,-15.1]},"properties":{"region":1,"fire_occurred":0,"prediction":0.3178}},{"type":"Feature","geometry":{"type":"Point","coordinates":[135.6,-15.8]},"properties":{"region":1,"fire_occurred":0,"prediction":0.1263}},{"type":"Feature","geometry":{"type":"Point","coordinates":[135.6,-14.3]},"properties":{"region":1,"fire_occurred":0,"prediction":0.3281}},{"type":"Feature","geometry":{"type":"Point","coordinates":[137.6,-16.7]},"properties":{"region":1,"fire_occurred":0,"prediction":0.1354}},{"type":"Feature","geometry":{"type":"Point","coordinates":[137.7,-16.5]},"properties":{"region":1,"fire_occurred":0,"prediction":0.1491}},{"type":"Feature","geometry":{"type":"Point","coordinates":[137.8,-16.5]},"properties":{"region":1,"fire_occurred":0,"prediction":0.2614}},{"type":"Feature","geometry":{"type":"Point","coordinates":[138.2,-17.0]},"properties":{"region":1,"fire_occurred":0,"prediction":0.2575}},{"type":"Feature","geometry":{"type":"Point","coordinates":[142.8,-12.3]},"properties":{"region":1,"fire_occurred":1,"prediction":0.0872}},{"type":"Feature","geometry":{"type":"Point","coordinates":[142.8,-12.2]},"properties":{"region":1,"fire_occurred":1,"prediction":0.2086}},{"type":"Feature","geometry":{"type":"Point","coordinates":[142.9,-16.3]},"properties":{"region":1,"fire_occurred":0,"prediction":0.1272}},{"type":"Feature","geometry":{"type":"Point","coordinates":[142.9,-16.2]},"properties":{"region":1,"fire_occurred":1,"prediction":0.0835}},{"type":"Feature","geometry":{"type":"Point","coordinates":[142.9,-12.2]},"properties":{"region":1,"fire_occurred":0,"prediction":0.1478}},{"type":"Feature","geometry":{"type":"Point","coordinates":[143.0,-15.0]},"properties":{"region":1,"fire_occurred":1,"prediction":0.0428}},{"type":"Feature","geometry":{"type":"Point","coordinates":[143.3,-18.0]},"properties":{"region":1,"fire_occurred":0,"prediction":0.1264}},{"type":"Feature","geometry":{"type":"Point","coordinates":[143.3,-17.9]},"properties":{"region":1,"fire_occurred":1,"prediction":0.1572}},{"type":"Feature","geometry":{"type":"Point","coordinates":[143.3,-16.6]},"properties":{"region":1,"fire_occurred":0,"prediction":0.132}},{"type":"Feature","geometry":{"type":"Point","coordinates":[143.3,-16.5]},"properties":{"region":1,"fire_occurred":0,"prediction":0.1538}},{"type":"Feature","geometry":{"type":"Point","coordinates":[143.4,-16.6]},"properties":{"region":1,"fire_occurred":0,"prediction":0.1212}},{"type":"Feature","geometry":{"type":"Point","coordinates":[143.6,-14.7]},"properties":{"region":1,"fire_occurred":1,"prediction":0.0016}},{"type":"Feature","geometry":{"type":"Point","coordinates":[143.8,-18.0]},"properties":{"region":1,"fire_occurred":0,"prediction":0.1725}},{"type":"Feature","geometry":{"type":"Point","coordinates":[143.8,-17.1]},"properties":{"region":1,"fire_occurred":0,"prediction":0.1211}},{"type":"Feature","geometry":{"type":"Point","coordinates":[143.8,-16.0]},"properties":{"region":1,"fire_occurred":0,"prediction":0.1964}},{"type":"Feature","geometry":{"type":"Point","coordinates":[143.9,-17.2]},"properties":{"region":1,"fire_occurred":0,"prediction":0.1311}},{"type":"Feature","geometry":{"type":"Point","coordinates":[143.9,-16.0]},"properties":{"region":1,"fire_occurred":1,"prediction":0.0021}},{"type":"Feature","geometry":{"type":"Point","coordinates":[143.9,-15.9]},"properties":{"region":1,"fire_occurred":0,"prediction":0.1944}},{"type":"Feature","geometry":{"type":"Point","coordinates":[144.0,-19.0]},"properties":{"region":1,"fire_occurred":0,"prediction":0.2289}},{"type":"Feature","geometry":{"type":"Point","coordinates":[144.0,-18.9]},"properties":{"region":1,"fire_occurred":0,"prediction":0.1791}},{"type":"Feature","geometry":{"type":"Point","coordinates":[144.0,-17.3]},"properties":{"region":1,"fire_occurred":0,"prediction":0.1923}},{"type":"Feature","geometry":{"type":"Point","coordinates":[144.0,-16.0]},"properties":{"region":1,"fire_occurred":1,"prediction":0.1099}},{"type":"Feature","geometry":{"type":"Point","coordinates":[144.2,-18.5]},"properties":{"region":1,"fire_occurred":0,"prediction":0.3918}},{"type":"Feature","geometry":{"type":"Point","coordinates":[144.3,-16.9]},"properties":{"region":1,"fire_occurred":1,"prediction":0.0044}},{"type":"Feature","geometry":{"type":"Point","coordinates":[144.4,-18.2]},"properties":{"region":1,"fire_occurred":0,"prediction":0.1242}},{"type":"Feature","geometry":{"type":"Point","coordinates":[144.4,-16.5]},"properties":{"region":1,"fire_occurred":0,"prediction":0.1004}},{"type":"Feature","geometry":{"type":"Point","coordinates":[144.4,-16.2]},"properties":{"region":1,"fire_occurred":0,"prediction":0.3318}},{"type":"Feature","geometry":{"type":"Point","coordinates":[144.4,-14.4]},"properties":{"region":1,"fire_occurred":0,"prediction":0.2676}},{"type":"Feature","geometry":{"type":"Point","coordinates":[144.6,-17.4]},"properties":{"region":1,"fire_occurred":0,"prediction":0.3505}},{"type":"Feature","geometry":{"type":"Point","coordinates":[144.6,-16.8]},"properties":{"region":1,"fire_occurred":0,"prediction":0.2839}},{"type":"Feature","geometry":{"type":"Point","coordinates":[144.6,-16.7]},"properties":{"region":1,"fire_occurred":0,"prediction":0.1816}},{"type":"Feature","geometry":{"type":"Point","coordinates":[144.8,-16.8]},"properties":{"region":1,"fire_occurred":0,"prediction":0.4588}},{"type":"Feature","geometry":{"type":"Point","coordinates":[144.8,-16.1]},"properties":{"region":1,"fire_occurred":1,"prediction":0.0046}},{"type":"Feature","geometry":{"type":"Point","coordinates":[144.8,-15.9]},"properties":{"region":1,"fire_occurred":0,"prediction":0.1024}},{"type":"Feature","geometry":{"type":"Point","coordinates":[144.9,-18.6]},"properties":{"region":1,"fire_occurred":0,"prediction":0.2801}},{"type":"Feature","geometry":{"type":"Point","coordinates":[144.9,-18.5]},"properties":{"region":1,"fire_occurred":1,"prediction":0.0383}},{"type":"Feature","geometry":{"type":"Point","coordinates":[144.9,-16.2]},"properties":{"region":1,"fire_occurred":0,"prediction":0.1844}},{"type":"Feature","geometry":{"type":"Point","coordinates":[145.0,-15.3]},"properties":{"region":1,"fire_occurred":1,"prediction":0.02}},{"type":"Feature","geometry":{"type":"Point","coordinates":[145.1,-16.9]},"properties":{"region":1,"fire_occurred":0,"prediction":0.2691}},{"type":"Feature","geometry":{"type":"Point","coordinates":[145.1,-16.7]},"properties":{"region":1,"fire_occurred":0,"prediction":0.2741}},{"type":"Feature","geometry":{"type":"Point","coordinates":[145.1,-15.8]},"properties":{"region":1,"fire_occurred":1,"prediction":0.0969}},{"type":"Feature","geometry":{"type":"Point","coordinates":[145.1,-15.7]},"properties":{"region":1,"fire_occurred":1,"prediction":0.0077}},{"type":"Feature","geometry":{"type":"Point","coordinates":[145.1,-15.6]},"properties":{"region":1,"fire_occurred":0,"prediction":0.1041}},{"type":"Feature","geometry":{"type":"Point","coordinates":[145.1,-15.5]},"properties":{"region":1,"fire_occurred":0,"prediction":0.225}},{"type":"Feature","geometry":{"type":"Point","coordinates":[145.1,-15.1]},"properties":{"region":1,"fire_occurred":0,"prediction":0.2869}},{"type":"Feature","geometry":{"type":"Point","coordinates":[145.2,-17.7]},"properties":{"region":1,"fire_occurred":0,"prediction":0.1791}},{"type":"Feature","geometry":{"type":"Point","coordinates":[145.2,-17.0]},"properties":{"region":1,"fire_occurred":0,"prediction":0.3866}},{"type":"Feature","geometry":{"type":"Point","coordinates":[145.2,-15.9]},"properties":{"region":1,"fire_occurred":0,"prediction":0.1455}},{"type":"Feature","geometry":{"type":"Point","coordinates":[145.2,-15.8]},"properties":{"region":1,"fire_occurred":0,"prediction":0.3086}},{"type":"Feature","geometry":{"type":"Point","coordinates":[145.2,-15.7]},"properties":{"region":1,"fire_occurred":1,"prediction":0.143}},{"type":"Feature","geometry":{"type":"Point","coordinates":[145.3,-17.7]},"properties":{"region":1,"fire_occurred":1,"prediction":0.052}},{"type":"Feature","geometry":{"type":"Point","coordinates":[145.3,-16.9]},"properties":{"region":1,"fire_occurred":0,"prediction":0.2795}},{"type":"Feature","geometry":{"type":"Point","coordinates":[145.4,-17.8]},"properties":{"region":1,"fire_occurred":0,"prediction":0.1503}},{"type":"Feature","geometry":{"type":"Point","coordinates":[145.4,-17.1]},"properties":{"region":1,"fire_occurred":0,"prediction":0.1777}},{"type":"Feature","geometry":{"type":"Point","coordinates":[145.5,-17.1]},"properties":{"region":1,"fire_occurred":0,"prediction":0.1437}},{"type":"Feature","geometry":{"type":"Point","coordinates":[146.7,-6.7]},"properties":{"region":1,"fire_occurred":1,"prediction":0.0112}},{"type":"Feature","geometry":{"type":"Point","coordinates":[-112.8,30.8]},"properties":{"region":2,"fire_occurred":1,"prediction":0.0021}},{"type":"Feature","geometry":{"type":"Point","coordinates":[-112.7,31.7]},"properties":{"region":2,"fire_occurred":1,"prediction":0.0007}},{"type":"Feature","geometry":{"type":"Point","coordinates":[-112.4,30.6]},"properties":{"region":2,"fire_occurred":1,"prediction":0.0197}},{"type":"Feature","geometry":{"type":"Point","coordinates":[-110.9,33.4]},"properties":{"region":2,"fire_occurred":0,"prediction":0.296}},{"type":"Feature","geometry":{"type":"Point","coordinates":[-109.7,30.4]},"properties":{"region":2,"fire_occurred":0,"prediction":0.2791}},{"type":"Feature","geometry":{"type":"Point","coordinates":[-108.3,31.1]},"properties":{"region":2,"fire_occurred":0,"prediction":0.1003}},{"type":"Feature","geometry":{"type":"Point","coordinates":[-108.2,31.4]},"properties":{"region":2,"fire_occurred":1,"prediction":0.0089}},{"type":"Feature","geometry":{"type":"Point","coordinates":[-106.2,30.1]},"properties":{"region":2,"fire_occurred":1,"prediction":0.0086}},{"type":"Feature","geometry":{"type":"Point","coordinates":[-102.5,30.5]},"properties":{"region":2,"fire_occurred":1,"prediction":0.0029}},{"type":"Feature","geometry":{"type":"Point","coordinates":[-101.5,19.1]},"properties":{"region":2,"fire_occurred":0,"prediction":0.1157}},{"type":"Feature","geometry":{"type":"Point","coordinates":[-101.5,26.8]},"properties":{"region":2,"fire_occurred":1,"prediction":0.7677}},{"type":"Feature","geometry":{"type":"Point","coordinates":[-100.9,22.1]},"properties":{"region":2,"fire_occurred":1,"prediction":0.0053}},{"type":"Feature","geometry":{"type":"Point","coordinates":[-100.3,25.7]},"properties":{"region":2,"fire_occurred":0,"prediction":0.1392}},{"type":"Feature","geometry":{"type":"Point","coordinates":[-100.1,30.5]},"properties":{"region":2,"fire_occurred":1,"prediction":0.0017}},{"type":"Feature","geometry":{"type":"Point","coordinates":[-100.0,25.5]},"properties":{"region":2,"fire_occurred":1,"prediction":0.1449}},{"type":"Feature","geometry":{"type":"Point","coordinates":[-100.0,29.5]},"properties":{"region":2,"fire_occurred":0,"prediction":0.1377}},{"type":"Feature","geometry":{"type":"Point","coordinates":[-99.9,25.0]},"properties":{"region":2,"fire_occurred":1,"prediction":0.0008}},{"type":"Feature","geometry":{"type":"Point","coordinates":[-99.6,27.4]},"properties":{"region":2,"fire_occurred":1,"prediction":0.0021}},{"type":"Feature","geometry":{"type":"Point","coordinates":[-99.5,22.8]},"properties":{"region":2,"fire_occurred":1,"prediction":0.0019}},{"type":"Feature","geometry":{"type":"Point","coordinates":[-99.1,22.9]},"properties":{"region":2,"fire_occurred":1,"prediction":0.0744}},{"type":"Feature","geometry":{"type":"Point","coordinates":[-99.1,24.0]},"properties":{"region":2,"fire_occurred":1,"prediction":0.0079}},{"type":"Feature","geometry":{"type":"Point","coordinates":[-98.9,21.1]},"properties":{"region":2,"fire_occurred":1,"prediction":0.0009}},{"type":"Feature","geometry":{"type":"Point","coordinates":[-98.9,21.8]},"properties":{"region":2,"fire_occurred":1,"prediction":0.0426}},{"type":"Feature","geometry":{"type":"Point","coordinates":[-98.7,29.1]},"properties":{"region":2,"fire_occurred":1,"prediction":0.0039}},{"type":"Feature","geometry":{"type":"Point","coordinates":[-98.6,21.6]},"properties":{"region":2,"fire_occurred":1,"prediction":0.0107}},{"type":"Feature","geometry":{"type":"Point","coordinates":[-98.6,24.7]},"properties":{"region":2,"fire_occurred":1,"prediction":0.0024}},{"type":"Feature","geometry":{"type":"Point","coordinates":[-98.5,21.6]},"properties":{"region":2,"fire_occurred":1,"prediction":0.0466}},{"type":"Feature","geometry":{"type":"Point","coordinates":[-98.5,24.7]},"properties":{"region":2,"fire_occurred":1,"prediction":0.0033}},{"type":"Feature","geometry":{"type":"Point","coordinates":[-98.4,21.6]},"properties":{"region":2,"fire_occurred":1,"prediction":0.0091}},{"type":"Feature","geometry":{"type":"Point","coordinates":[-98.4,21.7]},"properties":{"region":2,"fire_occurred":1,"prediction":0.0451}},{"type":"Feature","geometry":{"type":"Point","coordinates":[-96.8,18.8]},"properties":{"region":2,"fire_occurred":1,"prediction":0.0152}},{"type":"Feature","geometry":{"type":"Point","coordinates":[-96.5,18.4]},"properties":{"region":2,"fire_occurred":1,"prediction":0.0076}},{"type":"Feature","geometry":{"type":"Point","coordinates":[-96.2,18.5]},"properties":{"region":2,"fire_occurred":1,"prediction":0.0614}},{"type":"Feature","geometry":{"type":"Point","coordinates":[-80.4,-4.3]},"properties":{"region":2,"fire_occurred":1,"prediction":0.0266}},{"type":"Feature","geometry":{"type":"Point","coordinates":[-80.4,-4.2]},"properties":{"region":2,"fire_occurred":0,"prediction":0.1212}},{"type":"Feature","geometry":{"type":"Point","coordinates":[-80.3,-4.3]},"properties":{"region":2,"fire_occurred":1,"prediction":0.0986}},{"type":"Feature","geometry":{"type":"Point","coordinates":[-80.3,-4.2]},"properties":{"region":2,"fire_occurred":0,"prediction":0.22}},{"type":"Feature","geometry":{"type":"Point","coordinates":[-80.3,-4.1]},"properties":{"region":2,"fire_occurred":0,"prediction":0.1267}},{"type":"Feature","geometry":{"type":"Point","coordinates":[-80.2,-3.8]},"properties":{"region":2,"fire_occurred":1,"prediction":0.0321}},{"type":"Feature","geometry":{"type":"Point","coordinates":[-80.1,-4.2]},"properties":{"region":2,"fire_occurred":1,"prediction":0.0777}},{"type":"Feature","geometry":{"type":"Point","coordinates":[-80.1,-3.7]},"properties":{"region":2,"fire_occurred":1,"prediction":0.0339}},{"type":"Feature","geometry":{"type":"Point","coordinates":[-73.9,-14.9]},"properties":{"region":2,"fire_occurred":1,"prediction":0.003}},{"type":"Feature","geometry":{"type":"Point","coordinates":[-69.5,-26.5]},"properties":{"region":2,"fire_occurred":1,"prediction":0.0053}},{"type":"Feature","geometry":{"type":"Point","coordinates":[-68.8,-33.0]},"properties":{"region":2,"fire_occurred":1,"prediction":0.0195}},{"type":"Feature","geometry":{"type":"Point","coordinates":[-68.3,-31.7]},"properties":{"region":2,"fire_occurred":1,"prediction":0.0179}},{"type":"Feature","geometry":{"type":"Point","coordinates":[-66.6,-31.4]},"properties":{"region":2,"fire_occurred":1,"prediction":0.0018}},{"type":"Feature","geometry":{"type":"Point","coordinates":[-66.0,-31.9]},"properties":{"region":2,"fire_occurred":1,"prediction":0.0297}},{"type":"Feature","geometry":{"type":"Point","coordinates":[-65.6,-33.8]},"properties":{"region":2,"fire_occurred":1,"prediction":0.0014}},{"type":"Feature","geometry":{"type":"Point","coordinates":[-64.7,-37.4]},"properties":{"region":2,"fire_occurred":1,"prediction":0.006}},{"type":"Feature","geometry":{"type":"Point","coordinates":[-64.3,-36.7]},"properties":{"region":2,"fire_occurred":1,"prediction":0.0019}},{"type":"Feature","geometry":{"type":"Point","coordinates":[-61.9,-22.9]},"properties":{"region":2,"fire_occurred":0,"prediction":0.1186}},{"type":"Feature","geometry":{"type":"Point","coordinates":[-61.4,-23.1]},"properties":{"region":2,"fire_occurred":0,"prediction":0.154}},{"type":"Feature","geometry":{"type":"Point","coordinates":[-61.4,-22.7]},"properties":{"region":2,"fire_occurred":0,"prediction":0.1328}},{"type":"Feature","geometry":{"type":"Point","coordinates":[-61.1,-23.7]},"properties":{"region":2,"fire_occurred":1,"prediction":0.0011}},{"type":"Feature","geometry":{"type":"Point","coordinates":[-60.7,-21.6]},"properties":{"region":2,"fire_occurred":0,"prediction":0.112}},{"type":"Feature","geometry":{"type":"Point","coordinates":[-60.1,-21.4]},"properties":{"region":2,"fire_occurred":0,"prediction":0.1371}},{"type":"Feature","geometry":{"type":"Point","coordinates":[-42.9,-12.3]},"properties":{"region":2,"fire_occurred":1,"prediction":0.0001}},{"type":"Feature","geometry":{"type":"Point","coordinates":[-39.6,-7.0]},"properties":{"region":2,"fire_occurred":1,"prediction":0.0304}},{"type":"Feature","geometry":{"type":"Point","coordinates":[-39.6,-6.5]},"properties":{"region":2,"fire_occurred":0,"prediction":0.1588}},{"type":"Feature","geometry":{"type":"Point","coordinates":[-39.3,-6.2]},"properties":{"region":2,"fire_occurred":1,"prediction":0.0459}},{"type":"Feature","geometry":{"type":"Point","coordinates":[-39.3,-6.0]},"properties":{"region":2,"fire_occurred":1,"prediction":0.0141}},{"type":"Feature","geometry":{"type":"Point","coordinates":[-39.2,-5.1]},"properties":{"region":2,"fire_occurred":1,"prediction":0.0314}},{"type":"Feature","geometry":{"type":"Point","coordinates":[-39.0,-6.2]},"properties":{"region":2,"fire_occurred":1,"prediction":0.0582}},{"type":"Feature","geometry":{"type":"Point","coordinates":[-38.5,-6.5]},"properties":{"region":2,"fire_occurred":0,"prediction":0.1005}},{"type":"Feature","geometry":{"type":"Point","coordinates":[-38.5,-6.1]},"properties":{"region":2,"fire_occurred":1,"prediction":0.1274}},{"type":"Feature","geometry":{"type":"Point","coordinates":[-37.8,-7.6]},"properties":{"region":2,"fire_occurred":1,"prediction":0.0113}},{"type":"Feature","geometry":{"type":"Point","coordinates":[-37.6,-10.1]},"properties":{"region":2,"fire_occurred":1,"prediction":0.0004}},{"type":"Feature","geometry":{"type":"Point","coordinates":[-37.2,-8.0]},"properties":{"region":2,"fire_occurred":1,"prediction":0.0329}},{"type":"Feature","geometry":{"type":"Point","coordinates":[-37.1,-9.2]},"properties":{"region":2,"fire_occurred":1,"prediction":0.0102}},{"type":"Feature","geometry":{"type":"Point","coordinates":[-15.3,14.1]},"properties":{"region":2,"fire_occurred":1,"prediction":0.0025}},{"type":"Feature","geometry":{"type":"Point","coordinates":[-13.6,14.2]},"properties":{"region":2,"fire_occurred":1,"prediction":0.002}},{"type":"Feature","geometry":{"type":"Point","coordinates":[-13.0,14.9]},"properties":{"region":2,"fire_occurred":1,"prediction":0.0016}},{"type":"Feature","geometry":{"type":"Point","coordinates":[-12.9,14.9]},"properties":{"region":2,"fire_occurred":1,"prediction":0.0014}},{"type":"Feature","geometry":{"type":"Point","coordinates":[-12.9,15.0]},"properties":{"region":2,"fire_occurred":1,"prediction":0.0023}},{"type":"Feature","geometry":{"type":"Point","coordinates":[-12.4,14.0]},"properties":{"region":2,"fire_occurred":1,"prediction":0.0154}},{"type":"Feature","geometry":{"type":"Point","coordinates":[-10.8,14.9]},"properties":{"region":2,"fire_occurred":1,"prediction":0.0019}},{"type":"Feature","geometry":{"type":"Point","coordinates":[-10.7,14.6]},"properties":{"region":2,"fire_occurred":1,"prediction":0.0064}},{"type":"Feature","geometry":{"type":"Point","coordinates":[-8.4,14.4]},"properties":{"region":2,"fire_occurred":1,"prediction":0.0092}},{"type":"Feature","geometry":{"type":"Point","coordinates":[-4.8,14.1]},"properties":{"region":2,"fire_occurred":1,"prediction":0.0008}},{"type":"Feature","geometry":{"type":"Point","coordinates":[-3.6,13.1]},"properties":{"region":2,"fire_occurred":1,"prediction":0.0484}},{"type":"Feature","geometry":{"type":"Point","coordinates":[-3.2,13.4]},"properties":{"region":2,"fire_occurred":1,"prediction":0.0035}},{"type":"Feature","geometry":{"type":"Point","coordinates":[-0.7,13.8]},"properties":{"region":2,"fire_occurred":1,"prediction":0.0027}},{"type":"Feature","geometry":{"type":"Point","coordinates":[-0.5,13.7]},"properties":{"region":2,"fire_occurred":1,"prediction":0.0027}},{"type":"Feature","geometry":{"type":"Point","coordinates":[-0.5,13.8]},"properties":{"region":2,"fire_occurred":1,"prediction":0.0233}},{"type":"Feature","geometry":{"type":"Point","coordinates":[0.8,12.2]},"properties":{"region":2,"fire_occurred":1,"prediction":0.0206}},{"type":"Feature","geometry":{"type":"Point","coordinates":[1.0,12.3]},"properties":{"region":2,"fire_occurred":1,"prediction":0.008}},{"type":"Feature","geometry":{"type":"Point","coordinates":[1.2,12.1]},"properties":{"region":2,"fire_occurred":1,"prediction":0.0432}},{"type":"Feature","geometry":{"type":"Point","coordinates":[2.0,12.0]},"properties":{"region":2,"fire_occurred":0,"prediction":0.1015}},{"type":"Feature","geometry":{"type":"Point","coordinates":[2.0,12.1]},"properties":{"region":2,"fire_occurred":1,"prediction":0.1541}},{"type":"Feature","geometry":{"type":"Point","coordinates":[2.1,12.0]},"properties":{"region":2,"fire_occurred":1,"prediction":0.0955}},{"type":"Feature","geometry":{"type":"Point","coordinates":[2.1,12.1]},"properties":{"region":2,"fire_occurred":0,"prediction":0.1118}},{"type":"Feature","geometry":{"type":"Point","coordinates":[2.2,12.1]},"properties":{"region":2,"fire_occurred":0,"prediction":0.1082}},{"type":"Feature","geometry":{"type":"Point","coordinates":[2.3,12.0]},"properties":{"region":2,"fire_occurred":1,"prediction":0.0939}},{"type":"Feature","geometry":{"type":"Point","coordinates":[2.3,12.2]},"properties":{"region":2,"fire_occurred":1,"prediction":0.0765}},{"type":"Feature","geometry":{"type":"Point","coordinates":[2.3,12.3]},"properties":{"region":2,"fire_occurred":1,"prediction":0.0763}},{"type":"Feature","geometry":{"type":"Point","coordinates":[2.4,12.0]},"properties":{"region":2,"fire_occurred":1,"prediction":0.0581}},{"type":"Feature","geometry":{"type":"Point","coordinates":[2.4,12.3]},"properties":{"region":2,"fire_occurred":0,"prediction":0.1167}},{"type":"Feature","geometry":{"type":"Point","coordinates":[2.5,12.0]},"properties":{"region":2,"fire_occurred":0,"prediction":0.1087}},{"type":"Feature","geometry":{"type":"Point","coordinates":[2.5,12.1]},"properties":{"region":2,"fire_occurred":1,"prediction":0.0897}},{"type":"Feature","geometry":{"type":"Point","coordinates":[2.6,12.1]},"properties":{"region":2,"fire_occurred":0,"prediction":0.1116}},{"type":"Feature","geometry":{"type":"Point","coordinates":[2.6,12.5]},"properties":{"region":2,"fire_occurred":1,"prediction":0.0191}},{"type":"Feature","geometry":{"type":"Point","coordinates":[2.7,12.1]},"properties":{"region":2,"fire_occurred":0,"prediction":0.1212}},{"type":"Feature","geometry":{"type":"Point","coordinates":[2.8,12.1]},"properties":{"region":2,"fire_occurred":1,"prediction":0.0918}},{"type":"Feature","geometry":{"type":"Point","coordinates":[3.2,15.4]},"properties":{"region":2,"fire_occurred":1,"prediction":0.0021}},{"type":"Feature","geometry":{"type":"Point","coordinates":[4.4,13.4]},"properties":{"region":2,"fire_occurred":1,"prediction":0.0737}},{"type":"Feature","geometry":{"type":"Point","coordinates":[4.4,15.4]},"properties":{"region":2,"fire_occurred":1,"prediction":0.0226}},{"type":"Feature","geometry":{"type":"Point","coordinates":[5.7,35.3]},"properties":{"region":2,"fire_occurred":1,"prediction":0.0021}},{"type":"Feature","geometry":{"type":"Point","coordinates":[6.0,13.1]},"properties":{"region":2,"fire_occurred":1,"prediction":0.0346}},{"type":"Feature","geometry":{"type":"Point","coordinates":[6.0,31.6]},"properties":{"region":2,"fire_occurred":0,"prediction":0.2922}},{"type":"Feature","geometry":{"type":"Point","coordinates":[6.1,13.0]},"properties":{"region":2,"fire_occurred":1,"prediction":0.0026}},{"type":"Feature","geometry":{"type":"Point","coordinates":[6.2,36.7]},"properties":{"region":2,"fire_occurred":0,"prediction":0.4258}},{"type":"Feature","geometry":{"type":"Point","coordinates":[6.5,30.4]},"properties":{"region":2,"fire_occurred":0,"prediction":0.1491}},{"type":"Feature","geometry":{"type":"Point","coordinates":[7.6,36.7]},"properties":{"region":2,"fire_occurred":0,"prediction":0.1202}},{"type":"Feature","geometry":{"type":"Point","coordinates":[13.3,11.5]},"properties":{"region":2,"fire_occurred":0,"prediction":0.1056}},{"type":"Feature","geometry":{"type":"Point","coordinates":[13.3,11.7]},"properties":{"region":2,"fire_occurred":0,"prediction":0.1608}},{"type":"Feature","geometry":{"type":"Point","coordinates":[13.3,11.8]},"properties":{"region":2,"fire_occurred":0,"prediction":0.1223}},{"type":"Feature","geometry":{"type":"Point","coordinates":[13.3,12.0]},"properties":{"region":2,"fire_occurred":0,"prediction":0.1182}},{"type":"Feature","geometry":{"type":"Point","coordinates":[13.4,12.2]},"properties":{"region":2,"fire_occurred":1,"prediction":0.0898}},{"type":"Feature","geometry":{"type":"Point","coordinates":[13.5,11.3]},"properties":{"region":2,"fire_occurred":0,"prediction":0.1062}},{"type":"Feature","geometry":{"type":"Point","coordinates":[13.6,11.8]},"properties":{"region":2,"fire_occurred":0,"prediction":0.114}},{"type":"Feature","geometry":{"type":"Point","coordinates":[13.6,11.9]},"properties":{"region":2,"fire_occurred":0,"prediction":0.1036}},{"type":"Feature","geometry":{"type":"Point","coordinates":[16.7,-22.1]},"properties":{"region":2,"fire_occurred":1,"prediction":0.1169}},{"type":"Feature","geometry":{"type":"Point","coordinates":[16.8,-22.1]},"properties":{"region":2,"fire_occurred":1,"prediction":0.0984}},{"type":"Feature","geometry":{"type":"Point","coordinates":[16.8,-22.0]},"properties":{"region":2,"fire_occurred":1,"prediction":0.007}},{"type":"Feature","geometry":{"type":"Point","coordinates":[17.4,-21.9]},"properties":{"region":2,"fire_occurred":0,"prediction":0.1484}},{"type":"Feature","geometry":{"type":"Point","coordinates":[19.6,30.3]},"properties":{"region":2,"fire_occurred":0,"prediction":0.2499}},{"type":"Feature","geometry":{"type":"Point","coordinates":[19.7,28.9]},"properties":{"region":2,"fire_occurred":1,"prediction":0.8246}},{"type":"Feature","geometry":{"type":"Point","coordinates":[20.1,11.7]},"properties":{"region":2,"fire_occurred":0,"prediction":0.1243}},{"type":"Feature","geometry":{"type":"Point","coordinates":[20.2,-25.9]},"properties":{"region":2,"fire_occurred":1,"prediction":0.0004}},{"type":"Feature","geometry":{"type":"Point","coordinates":[20.2,-25.8]},"properties":{"region":2,"fire_occurred":1,"prediction":0.0003}},{"type":"Feature","geometry":{"type":"Point","coordinates":[20.3,-25.9]},"properties":{"region":2,"fire_occurred":1,"prediction":0.0005}},{"type":"Feature","geometry":{"type":"Point","coordinates":[20.3,12.0]},"properties":{"region":2,"fire_occurred":1,"prediction":0.0114}},{"type":"Feature","geometry":{"type":"Point","coordinates":[20.3,12.1]},"properties":{"region":2,"fire_occurred":1,"prediction":0.0056}},{"type":"Feature","geometry":{"type":"Point","coordinates":[20.6,11.0]},"properties":{"region":2,"fire_occurred":0,"prediction":0.1195}},{"type":"Feature","geometry":{"type":"Point","coordinates":[20.6,11.1]},"properties":{"region":2,"fire_occurred":1,"prediction":0.0643}},{"type":"Feature","geometry":{"type":"Point","coordinates":[20.6,11.2]},"properties":{"region":2,"fire_occurred":1,"prediction":0.0451}},{"type":"Feature","geometry":{"type":"Point","coordinates":[20.6,11.9]},"properties":{"region":2,"fire_occurred":1,"prediction":0.0275}},{"type":"Feature","geometry":{"type":"Point","coordinates":[20.7,11.0]},"properties":{"region":2,"fire_occurred":1,"prediction":0.0813}},{"type":"Feature","geometry":{"type":"Point","coordinates":[20.7,11.1]},"properties":{"region":2,"fire_occurred":1,"prediction":0.0148}},{"type":"Feature","geometry":{"type":"Point","coordinates":[20.7,11.2]},"properties":{"region":2,"fire_occurred":1,"prediction":0.0578}},{"type":"Feature","geometry":{"type":"Point","coordinates":[20.7,11.4]},"properties":{"region":2,"fire_occurred":1,"prediction":0.0828}},{"type":"Feature","geometry":{"type":"Point","coordinates":[20.8,11.3]},"properties":{"region":2,"fire_occurred":0,"prediction":0.116}},{"type":"Feature","geometry":{"type":"Point","coordinates":[20.9,13.6]},"properties":{"region":2,"fire_occurred":1,"prediction":0.0018}},{"type":"Feature","geometry":{"type":"Point","coordinates":[20.9,28.9]},"properties":{"region":2,"fire_occurred":0,"prediction":0.341}},{"type":"Feature","geometry":{"type":"Point","coordinates":[21.1,11.0]},"properties":{"region":2,"fire_occurred":1,"prediction":0.0773}},{"type":"Feature","geometry":{"type":"Point","coordinates":[21.3,11.0]},"properties":{"region":2,"fire_occurred":1,"prediction":0.0799}},{"type":"Feature","geometry":{"type":"Point","coordinates":[21.4,11.1]},"properties":{"region":2,"fire_occurred":1,"prediction":0.1479}},{"type":"Feature","geometry":{"type":"Point","coordinates":[21.5,-15.8]},"properties":{"region":2,"fire_occurred":1,"prediction":0.0025}},{"type":"Feature","geometry":{"type":"Point","coordinates":[21.5,11.5]},"properties":{"region":2,"fire_occurred":1,"prediction":0.0514}},{"type":"Feature","geometry":{"type":"Point","coordinates":[21.6,11.1]},"properties":{"region":2,"fire_occurred":0,"prediction":0.1419}},{"type":"Feature","geometry":{"type":"Point","coordinates":[21.7,11.0]},"properties":{"region":2,"fire_occurred":0,"prediction":0.118}},{"type":"Feature","geometry":{"type":"Point","coordinates":[21.7,11.2]},"properties":{"region":2,"fire_occurred":1,"prediction":0.0758}},{"type":"Feature","geometry":{"type":"Point","coordinates":[21.7,12.3]},"properties":{"region":2,"fire_occurred":1,"prediction":0.0055}},{"type":"Feature","geometry":{"type":"Point","coordinates":[21.8,11.2]},"properties":{"region":2,"fire_occurred":1,"prediction":0.0376}},{"type":"Feature","geometry":{"type":"Point","coordinates":[21.9,-16.3]},"properties":{"region":2,"fire_occurred":1,"prediction":0.0128}},{"type":"Feature","geometry":{"type":"Point","coordinates":[21.9,-15.4]},"properties":{"region":2,"fire_occurred":1,"prediction":0.0004}},{"type":"Feature","geometry":{"type":"Point","coordinates":[22.0,11.3]},"properties":{"region":2,"fire_occurred":0,"prediction":0.1015}},{"type":"Feature","geometry":{"type":"Point","coordinates":[22.2,11.8]},"properties":{"region":2,"fire_occurred":0,"prediction":0.1211}},{"type":"Feature","geometry":{"type":"Point","coordinates":[22.3,27.9]},"properties":{"region":2,"fire_occurred":0,"prediction":0.1987}},{"type":"Feature","geometry":{"type":"Point","coordinates":[22.4,27.6]},"properties":{"region":2,"fire_occurred":0,"prediction":0.1364}},{"type":"Feature","geometry":{"type":"Point","coordinates":[22.5,27.6]},"properties":{"region":2,"fire_occurred":0,"prediction":0.1979}},{"type":"Feature","geometry":{"type":"Point","coordinates":[22.9,11.3]},"properties":{"region":2,"fire_occurred":0,"prediction":0.1336}},{"type":"Feature","geometry":{"type":"Point","coordinates":[23.0,10.0]},"properties":{"region":2,"fire_occurred":1,"prediction":0.0763}},{"type":"Feature","geometry":{"type":"Point","coordinates":[23.0,10.6]},"properties":{"region":2,"fire_occurred":1,"prediction":0.0242}},{"type":"Feature","geometry":{"type":"Point","coordinates":[23.1,10.1]},"properties":{"region":2,"fire_occurred":0,"prediction":0.1088}},{"type":"Feature","geometry":{"type":"Point","coordinates":[23.1,12.2]},"properties":{"region":2,"fire_occurred":1,"prediction":0.0015}},{"type":"Feature","geometry":{"type":"Point","coordinates":[23.2,10.3]},"properties":{"region":2,"fire_occurred":1,"prediction":0.0426}},{"type":"Feature","geometry":{"type":"Point","coordinates":[23.2,10.4]},"properties":{"region":2,"fire_occurred":1,"prediction":0.0616}},{"type":"Feature","geometry":{"type":"Point","coordinates":[23.3,10.3]},"properties":{"region":2,"fire_occurred":1,"prediction":0.0377}},{"type":"Feature","geometry":{"type":"Point","coordinates":[23.3,10.4]},"properties":{"region":2,"fire_occurred":1,"prediction":0.0347}},{"type":"Feature","geometry":{"type":"Point","coordinates":[23.3,10.7]},"properties":{"region":2,"fire_occurred":1,"prediction":0.02}},{"type":"Feature","geometry":{"type":"Point","coordinates":[23.4,10.8]},"properties":{"region":2,"fire_occurred":1,"prediction":0.0256}},{"type":"Feature","geometry":{"type":"Point","coordinates":[23.4,11.9]},"properties":{"region":2,"fire_occurred":1,"prediction":0.0063}},{"type":"Feature","geometry":{"type":"Point","coordinates":[23.5,10.8]},"properties":{"region":2,"fire_occurred":1,"prediction":0.0214}},{"type":"Feature","geometry":{"type":"Point","coordinates":[23.7,10.0]},"properties":{"region":2,"fire_occurred":1,"prediction":0.0443}},{"type":"Feature","geometry":{"type":"Point","coordinates":[23.7,10.4]},"properties":{"region":2,"fire_occurred":1,"prediction":0.0974}},{"type":"Feature","geometry":{"type":"Point","coordinates":[23.8,10.0]},"properties":{"region":2,"fire_occurred":1,"prediction":0.0419}},{"type":"Feature","geometry":{"type":"Point","coordinates":[24.0,10.5]},"properties":{"region":2,"fire_occurred":1,"prediction":0.0878}},{"type":"Feature","geometry":{"type":"Point","coordinates":[24.1,10.0]},"properties":{"region":2,"fire_occurred":0,"prediction":0.1097}},{"type":"Feature","geometry":{"type":"Point","coordinates":[24.1,10.2]},"properties":{"region":2,"fire_occurred":1,"prediction":0.0279}},{"type":"Feature","geometry":{"type":"Point","coordinates":[24.3,10.0]},"properties":{"region":2,"fire_occurred":1,"prediction":0.0408}},{"type":"Feature","geometry":{"type":"Point","coordinates":[24.3,10.1]},"properties":{"region":2,"fire_occurred":1,"prediction":0.016}},{"type":"Feature","geometry":{"type":"Point","coordinates":[24.3,14.0]},"properties":{"region":2,"fire_occurred":1,"prediction":0.0023}},{"type":"Feature","geometry":{"type":"Point","coordinates":[24.4,10.0]},"properties":{"region":2,"fire_occurred":1,"prediction":0.0279}},{"type":"Feature","geometry":{"type":"Point","coordinates":[24.4,10.1]},"properties":{"region":2,"fire_occurred":1,"prediction":0.0142}},{"type":"Feature","geometry":{"type":"Point","coordinates":[24.4,10.4]},"properties":{"region":2,"fire_occurred":1,"prediction":0.0338}},{"type":"Feature","geometry":{"type":"Point","coordinates":[24.4,10.5]},"properties":{"region":2,"fire_occurred":1,"prediction":0.0112}},{"type":"Feature","geometry":{"type":"Point","coordinates":[24.5,10.0]},"properties":{"region":2,"fire_occurred":1,"prediction":0.0924}},{"type":"Feature","geometry":{"type":"Point","coordinates":[24.6,10.2]},"properties":{"region":2,"fire_occurred":1,"prediction":0.0233}},{"type":"Feature","geometry":{"type":"Point","coordinates":[24.6,10.3]},"properties":{"region":2,"fire_occurred":1,"prediction":0.0142}},{"type":"Feature","geometry":{"type":"Point","coordinates":[24.8,10.1]},"properties":{"region":2,"fire_occurred":1,"prediction":0.0129}},{"type":"Feature","geometry":{"type":"Point","coordinates":[24.9,10.6]},"properties":{"region":2,"fire_occurred":1,"prediction":0.0622}},{"type":"Feature","geometry":{"type":"Point","coordinates":[24.9,11.2]},"properties":{"region":2,"fire_occurred":1,"prediction":0.0053}},{"type":"Feature","geometry":{"type":"Point","coordinates":[24.9,11.3]},"properties":{"region":2,"fire_occurred":1,"prediction":0.0036}},{"type":"Feature","geometry":{"type":"Point","coordinates":[25.0,10.1]},"properties":{"region":2,"fire_occurred":1,"prediction":0.0128}},{"type":"Feature","geometry":{"type":"Point","coordinates":[25.0,10.5]},"properties":{"region":2,"fire_occurred":0,"prediction":0.1052}},{"type":"Feature","geometry":{"type":"Point","coordinates":[25.0,10.6]},"properties":{"region":2,"fire_occurred":1,"prediction":0.0282}},{"type":"Feature","geometry":{"type":"Point","coordinates":[25.2,10.2]},"properties":{"region":2,"fire_occurred":1,"prediction":0.083}},{"type":"Feature","geometry":{"type":"Point","coordinates":[25.3,10.1]},"properties":{"region":2,"fire_occurred":1,"prediction":0.0286}},{"type":"Feature","geometry":{"type":"Point","coordinates":[25.3,10.2]},"properties":{"region":2,"fire_occurred":1,"prediction":0.0628}},{"type":"Feature","geometry":{"type":"Point","coordinates":[25.5,10.1]},"properties":{"region":2,"fire_occurred":1,"prediction":0.0579}},{"type":"Feature","geometry":{"type":"Point","coordinates":[25.9,10.2]},"properties":{"region":2,"fire_occurred":0,"prediction":0.1264}},{"type":"Feature","geometry":{"type":"Point","coordinates":[25.9,10.5]},"properties":{"region":2,"fire_occurred":1,"prediction":0.0046}},{"type":"Feature","geometry":{"type":"Point","coordinates":[26.1,10.0]},"properties":{"region":2,"fire_occurred":1,"prediction":0.0114}},{"type":"Feature","geometry":{"type":"Point","coordinates":[27.2,-25.7]},"properties":{"region":2,"fire_occurred":1,"prediction":0.0111}},{"type":"Feature","geometry":{"type":"Point","coordinates":[27.3,-25.8]},"properties":{"region":2,"fire_occurred":1,"prediction":0.0192}},{"type":"Feature","geometry":{"type":"Point","coordinates":[27.4,-25.8]},"properties":{"region":2,"fire_occurred":1,"prediction":0.1103}},{"type":"Feature","geometry":{"type":"Point","coordinates":[27.5,10.0]},"properties":{"region":2,"fire_occurred":1,"prediction":0.0477}},{"type":"Feature","geometry":{"type":"Point","coordinates":[27.5,10.1]},"properties":{"region":2,"fire_occurred":1,"prediction":0.0194}},{"type":"Feature","geometry":{"type":"Point","coordinates":[27.8,10.2]},"properties":{"region":2,"fire_occurred":1,"prediction":0.031}},{"type":"Feature","geometry":{"type":"Point","coordinates":[27.8,10.3]},"properties":{"region":2,"fire_occurred":1,"prediction":0.0139}},{"type":"Feature","geometry":{"type":"Point","coordinates":[28.1,-25.9]},"properties":{"region":2,"fire_occurred":1,"prediction":0.0005}},{"type":"Feature","geometry":{"type":"Point","coordinates":[28.2,10.6]},"properties":{"region":2,"fire_occurred":1,"prediction":0.0298}},{"type":"Feature","geometry":{"type":"Point","coordinates":[28.3,-25.8]},"properties":{"region":2,"fire_occurred":1,"prediction":0.0003}},{"type":"Feature","geometry":{"type":"Point","coordinates":[28.7,10.6]},"properties":{"region":2,"fire_occurred":1,"prediction":0.028}},{"type":"Feature","geometry":{"type":"Point","coordinates":[28.8,10.5]},"properties":{"region":2,"fire_occurred":1,"prediction":0.0402}},{"type":"Feature","geometry":{"type":"Point","coordinates":[29.0,11.7]},"properties":{"region":2,"fire_occurred":1,"prediction":0.0129}},{"type":"Feature","geometry":{"type":"Point","coordinates":[29.0,11.8]},"properties":{"region":2,"fire_occurred":1,"prediction":0.0109}},{"type":"Feature","geometry":{"type":"Point","coordinates":[29.0,11.9]},"properties":{"region":2,"fire_occurred":1,"prediction":0.0131}},{"type":"Feature","geometry":{"type":"Point","coordinates":[29.1,10.5]},"properties":{"region":2,"fire_occurred":1,"prediction":0.0092}},{"type":"Feature","geometry":{"type":"Point","coordinates":[29.2,10.2]},"properties":{"region":2,"fire_occurred":1,"prediction":0.0742}},{"type":"Feature","geometry":{"type":"Point","coordinates":[29.5,12.0]},"properties":{"region":2,"fire_occurred":1,"prediction":0.0077}},{"type":"Feature","geometry":{"type":"Point","coordinates":[29.6,10.0]},"properties":{"region":2,"fire_occurred":0,"prediction":0.1195}},{"type":"Feature","geometry":{"type":"Point","coordinates":[29.6,10.3]},"properties":{"region":2,"fire_occurred":0,"prediction":0.1631}},{"type":"Feature","geometry":{"type":"Point","coordinates":[29.6,12.0]},"properties":{"region":2,"fire_occurred":1,"prediction":0.0072}},{"type":"Feature","geometry":{"type":"Point","coordinates":[29.7,10.2]},"properties":{"region":2,"fire_occurred":1,"prediction":0.0768}},{"type":"Feature","geometry":{"type":"Point","coordinates":[29.7,10.3]},"properties":{"region":2,"fire_occurred":0,"prediction":0.115}},{"type":"Feature","geometry":{"type":"Point","coordinates":[29.7,11.2]},"properties":{"region":2,"fire_occurred":1,"prediction":0.0152}},{"type":"Feature","geometry":{"type":"Point","coordinates":[29.8,10.1]},"properties":{"region":2,"fire_occurred":0,"prediction":0.1163}},{"type":"Feature","geometry":{"type":"Point","coordinates":[29.8,10.2]},"properties":{"region":2,"fire_occurred":1,"prediction":0.0729}},{"type":"Feature","geometry":{"type":"Point","coordinates":[29.8,10.3]},"properties":{"region":2,"fire_occurred":1,"prediction":0.1043}},{"type":"Feature","geometry":{"type":"Point","coordinates":[29.8,11.1]},"properties":{"region":2,"fire_occurred":1,"prediction":0.0603}},{"type":"Feature","geometry":{"type":"Point","coordinates":[29.8,11.5]},"properties":{"region":2,"fire_occurred":1,"prediction":0.0154}},{"type":"Feature","geometry":{"type":"Point","coordinates":[29.9,10.0]},"properties":{"region":2,"fire_occurred":1,"prediction":0.0791}},{"type":"Feature","geometry":{"type":"Point","coordinates":[30.0,10.1]},"properties":{"region":2,"fire_occurred":1,"prediction":0.0539}},{"type":"Feature","geometry":{"type":"Point","coordinates":[30.1,-24.9]},"properties":{"region":2,"fire_occurred":0,"prediction":0.1012}},{"type":"Feature","geometry":{"type":"Point","coordinates":[30.1,-24.8]},"properties":{"region":2,"fire_occurred":1,"prediction":0.012}},{"type":"Feature","geometry":{"type":"Point","coordinates":[30.1,10.1]},"properties":{"region":2,"fire_occurred":1,"prediction":0.0548}},{"type":"Feature","geometry":{"type":"Point","coordinates":[30.2,10.3]},"properties":{"region":2,"fire_occurred":1,"prediction":0.1043}},{"type":"Feature","geometry":{"type":"Point","coordinates":[30.3,11.4]},"properties":{"region":2,"fire_occurred":1,"prediction":0.0193}},{"type":"Feature","geometry":{"type":"Point","coordinates":[30.4,11.4]},"properties":{"region":2,"fire_occurred":1,"prediction":0.0276}},{"type":"Feature","geometry":{"type":"Point","coordinates":[30.4,11.5]},"properties":{"region":2,"fire_occurred":1,"prediction":0.0354}},{"type":"Feature","geometry":{"type":"Point","coordinates":[30.5,10.9]},"properties":{"region":2,"fire_occurred":1,"prediction":0.0768}},{"type":"Feature","geometry":{"type":"Point","coordinates":[30.6,10.0]},"properties":{"region":2,"fire_occurred":1,"prediction":0.0174}},{"type":"Feature","geometry":{"type":"Point","coordinates":[30.6,12.4]},"properties":{"region":2,"fire_occurred":1,"prediction":0.007}},{"type":"Feature","geometry":{"type":"Point","coordinates":[30.7,11.1]},"properties":{"region":2,"fire_occurred":1,"prediction":0.0492}},{"type":"Feature","geometry":{"type":"Point","coordinates":[30.7,11.2]},"properties":{"region":2,"fire_occurred":1,"prediction":0.0498}},{"type":"Feature","geometry":{"type":"Point","coordinates":[30.7,12.2]},"properties":{"region":2,"fire_occurred":1,"prediction":0.0044}},{"type":"Feature","geometry":{"type":"Point","coordinates":[30.7,12.3]},"properties":{"region":2,"fire_occurred":0,"prediction":0.1075}},{"type":"Feature","geometry":{"type":"Point","coordinates":[30.8,10.3]},"properties":{"region":2,"fire_occurred":1,"prediction":0.0521}},{"type":"Feature","geometry":{"type":"Point","coordinates":[30.9,10.4]},"properties":{"region":2,"fire_occurred":1,"prediction":0.0432}},{"type":"Feature","geometry":{"type":"Point","coordinates":[31.1,14.1]},"properties":{"region":2,"fire_occurred":1,"prediction":0.0022}},{"type":"Feature","geometry":{"type":"Point","coordinates":[31.2,11.4]},"properties":{"region":2,"fire_occurred":1,"prediction":0.1049}},{"type":"Feature","geometry":{"type":"Point","coordinates":[31.8,12.8]},"properties":{"region":2,"fire_occurred":1,"prediction":0.003}},{"type":"Feature","geometry":{"type":"Point","coordinates":[32.6,11.8]},"properties":{"region":2,"fire_occurred":1,"prediction":0.0265}},{"type":"Feature","geometry":{"type":"Point","coordinates":[32.7,11.8]},"properties":{"region":2,"fire_occurred":1,"prediction":0.0215}},{"type":"Feature","geometry":{"type":"Point","coordinates":[32.7,13.2]},"properties":{"region":2,"fire_occurred":1,"prediction":0.0019}},{"type":"Feature","geometry":{"type":"Point","coordinates":[33.2,11.2]},"properties":{"region":2,"fire_occurred":1,"prediction":0.0042}},{"type":"Feature","geometry":{"type":"Point","coordinates":[34.9,11.0]},"properties":{"region":2,"fire_occurred":0,"prediction":0.1222}},{"type":"Feature","geometry":{"type":"Point","coordinates":[34.9,11.9]},"properties":{"region":2,"fire_occurred":1,"prediction":0.0905}},{"type":"Feature","geometry":{"type":"Point","coordinates":[35.0,12.2]},"properties":{"region":2,"fire_occurred":0,"prediction":0.1505}},{"type":"Feature","geometry":{"type":"Point","coordinates":[35.2,6.6]},"properties":{"region":2,"fire_occurred":1,"prediction":0.0235}},{"type":"Feature","geometry":{"type":"Point","coordinates":[35.2,12.0]},"properties":{"region":2,"fire_occurred":0,"prediction":0.1244}},{"type":"Feature","geometry":{"type":"Point","coordinates":[35.2,12.1]},"properties":{"region":2,"fire_occurred":0,"prediction":0.3127}},{"type":"Feature","geometry":{"type":"Point","coordinates":[35.3,12.1]},"properties":{"region":2,"fire_occurred":0,"prediction":0.1529}},{"type":"Feature","geometry":{"type":"Point","coordinates":[35.5,-6.6]},"properties":{"region":2,"fire_occurred":1,"prediction":0.004}},{"type":"Feature","geometry":{"type":"Point","coordinates":[35.6,-6.6]},"properties":{"region":2,"fire_occurred":1,"prediction":0.0131}},{"type":"Feature","geometry":{"type":"Point","coordinates":[35.6,6.6]},"properties":{"region":2,"fire_occurred":0,"prediction":0.1177}},{"type":"Feature","geometry":{"type":"Point","coordinates":[35.6,12.2]},"properties":{"region":2,"fire_occurred":0,"prediction":0.1614}},{"type":"Feature","geometry":{"type":"Point","coordinates":[35.6,12.3]},"properties":{"region":2,"fire_occurred":0,"prediction":0.1343}},{"type":"Feature","geometry":{"type":"Point","coordinates":[35.7,6.4]},"properties":{"region":2,"fire_occurred":0,"prediction":0.1502}},{"type":"Feature","geometry":{"type":"Point","coordinates":[35.7,12.0]},"properties":{"region":2,"fire_occurred":1,"prediction":0.0749}},{"type":"Feature","geometry":{"type":"Point","coordinates":[35.7,12.2]},"properties":{"region":2,"fire_occurred":0,"prediction":0.109}},{"type":"Feature","geometry":{"type":"Point","coordinates":[35.7,12.3]},"properties":{"region":2,"fire_occurred":0,"prediction":0.1289}},{"type":"Feature","geometry":{"type":"Point","coordinates":[35.8,12.0]},"properties":{"region":2,"fire_occurred":1,"prediction":0.1026}},{"type":"Feature","geometry":{"type":"Point","coordinates":[35.8,12.2]},"properties":{"region":2,"fire_occurred":0,"prediction":0.1112}},{"type":"Feature","geometry":{"type":"Point","coordinates":[35.8,12.3]},"properties":{"region":2,"fire_occurred":0,"prediction":0.1144}},{"type":"Feature","geometry":{"type":"Point","coordinates":[35.8,12.7]},"properties":{"region":2,"fire_occurred":0,"prediction":0.1247}},{"type":"Feature","geometry":{"type":"Point","coordinates":[35.9,6.2]},"properties":{"region":2,"fire_occurred":0,"prediction":0.1156}},{"type":"Feature","geometry":{"type":"Point","coordinates":[35.9,6.3]},"properties":{"region":2,"fire_occurred":0,"prediction":0.1067}},{"type":"Feature","geometry":{"type":"Point","coordinates":[35.9,6.6]},"properties":{"region":2,"fire_occurred":0,"prediction":0.1012}},{"type":"Feature","geometry":{"type":"Point","coordinates":[36.0,6.7]},"properties":{"region":2,"fire_occurred":0,"prediction":0.1731}},{"type":"Feature","geometry":{"type":"Point","coordinates":[36.1,6.7]},"properties":{"region":2,"fire_occurred":0,"prediction":0.1122}},{"type":"Feature","geometry":{"type":"Point","coordinates":[36.1,6.8]},"properties":{"region":2,"fire_occurred":0,"prediction":0.1601}},{"type":"Feature","geometry":{"type":"Point","coordinates":[36.1,6.9]},"properties":{"region":2,"fire_occurred":0,"prediction":0.1105}},{"type":"Feature","geometry":{"type":"Point","coordinates":[36.1,13.0]},"properties":{"region":2,"fire_occurred":1,"prediction":0.0719}},{"type":"Feature","geometry":{"type":"Point","coordinates":[36.2,6.6]},"properties":{"region":2,"fire_occurred":0,"prediction":0.1237}},{"type":"Feature","geometry":{"type":"Point","coordinates":[36.2,6.7]},"properties":{"region":2,"fire_occurred":0,"prediction":0.2196}},{"type":"Feature","geometry":{"type":"Point","coordinates":[36.2,6.8]},"properties":{"region":2,"fire_occurred":0,"prediction":0.1578}},{"type":"Feature","geometry":{"type":"Point","coordinates":[36.2,13.0]},"properties":{"region":2,"fire_occurred":0,"prediction":0.1038}},{"type":"Feature","geometry":{"type":"Point","coordinates":[36.3,6.7]},"properties":{"region":2,"fire_occurred":0,"prediction":0.1571}},{"type":"Feature","geometry":{"type":"Point","coordinates":[36.3,6.8]},"properties":{"region":2,"fire_occurred":0,"prediction":0.2047}},{"type":"Feature","geometry":{"type":"Point","coordinates":[36.3,13.0]},"properties":{"region":2,"fire_occurred":0,"prediction":0.114}},{"type":"Feature","geometry":{"type":"Point","coordinates":[36.4,6.0]},"properties":{"region":2,"fire_occurred":0,"prediction":0.1552}},{"type":"Feature","geometry":{"type":"Point","coordinates":[36.4,6.1]},"properties":{"region":2,"fire_occurred":0,"prediction":0.1672}},{"type":"Feature","geometry":{"type":"Point","coordinates":[36.4,6.2]},"properties":{"region":2,"fire_occurred":0,"prediction":0.2028}},{"type":"Feature","geometry":{"type":"Point","coordinates":[36.4,6.4]},"properties":{"region":2,"fire_occurred":0,"prediction":0.1245}},{"type":"Feature","geometry":{"type":"Point","coordinates":[36.4,6.8]},"properties":{"region":2,"fire_occurred":0,"prediction":0.1168}},{"type":"Feature","geometry":{"type":"Point","coordinates":[36.5,6.2]},"properties":{"region":2,"fire_occurred":0,"prediction":0.1157}},{"type":"Feature","geometry":{"type":"Point","coordinates":[36.5,6.5]},"properties":{"region":2,"fire_occurred":0,"prediction":0.1116}},{"type":"Feature","geometry":{"type":"Point","coordinates":[36.5,6.8]},"properties":{"region":2,"fire_occurred":0,"prediction":0.2358}},{"type":"Feature","geometry":{"type":"Point","coordinates":[36.7,6.6]},"properties":{"region":2,"fire_occurred":0,"prediction":0.1694}},{"type":"Feature","geometry":{"type":"Point","coordinates":[36.7,6.7]},"properties":{"region":2,"fire_occurred":0,"prediction":0.196}},{"type":"Feature","geometry":{"type":"Point","coordinates":[36.7,13.4]},"properties":{"region":2,"fire_occurred":0,"prediction":0.1099}},{"type":"Feature","geometry":{"type":"Point","coordinates":[36.7,13.5]},"properties":{"region":2,"fire_occurred":0,"prediction":0.1189}},{"type":"Feature","geometry":{"type":"Point","coordinates":[36.8,6.6]},"properties":{"region":2,"fire_occurred":0,"prediction":0.1439}},{"type":"Feature","geometry":{"type":"Point","coordinates":[36.8,13.4]},"properties":{"region":2,"fire_occurred":0,"prediction":0.1462}},{"type":"Feature","geometry":{"type":"Point","coordinates":[36.9,6.5]},"properties":{"region":2,"fire_occurred":0,"prediction":0.1397}},{"type":"Feature","geometry":{"type":"Point","coordinates":[36.9,6.6]},"properties":{"region":2,"fire_occurred":0,"prediction":0.1246}},{"type":"Feature","geometry":{"type":"Point","coordinates":[36.9,6.7]},"properties":{"region":2,"fire_occurred":0,"prediction":0.1446}},{"type":"Feature","geometry":{"type":"Point","coordinates":[36.9,13.3]},"properties":{"region":2,"fire_occurred":0,"prediction":0.1105}},{"type":"Feature","geometry":{"type":"Point","coordinates":[37.5,14.0]},"properties":{"region":2,"fire_occurred":0,"prediction":0.1129}},{"type":"Feature","geometry":{"type":"Point","coordinates":[38.2,5.6]},"properties":{"region":2,"fire_occurred":0,"prediction":0.1108}},{"type":"Feature","geometry":{"type":"Point","coordinates":[43.8,34.8]},"properties":{"region":2,"fire_occurred":0,"prediction":0.2081}},{"type":"Feature","geometry":{"type":"Point","coordinates":[43.8,35.6]},"properties":{"region":2,"fire_occurred":0,"prediction":0.4891}},{"type":"Feature","geometry":{"type":"Point","coordinates":[43.9,35.6]},"properties":{"region":2,"fire_occurred":0,"prediction":0.183}},{"type":"Feature","geometry":{"type":"Point","coordinates":[44.0,-23.1]},"properties":{"region":2,"fire_occurred":1,"prediction":0.0107}},{"type":"Feature","geometry":{"type":"Point","coordinates":[44.0,35.6]},"properties":{"region":2,"fire_occurred":0,"prediction":0.2378}},{"type":"Feature","geometry":{"type":"Point","coordinates":[44.0,35.7]},"properties":{"region":2,"fire_occurred":0,"prediction":0.4297}},{"type":"Feature","geometry":{"type":"Point","coordinates":[44.3,33.4]},"properties":{"region":2,"fire_occurred":1,"prediction":0.1446}},{"type":"Feature","geometry":{"type":"Point","coordinates":[44.3,35.5]},"properties":{"region":2,"fire_occurred":0,"prediction":0.2142}},{"type":"Feature","geometry":{"type":"Point","coordinates":[44.5,33.3]},"properties":{"region":2,"fire_occurred":1,"prediction":0.0298}},{"type":"Feature","geometry":{"type":"Point","coordinates":[44.9,-22.1]},"properties":{"region":2,"fire_occurred":1,"prediction":0.0009}},{"type":"Feature","geometry":{"type":"Point","coordinates":[46.0,31.7]},"properties":{"region":2,"fire_occurred":1,"prediction":0.8734}},{"type":"Feature","geometry":{"type":"Point","coordinates":[46.1,32.9]},"properties":{"region":2,"fire_occurred":0,"prediction":0.5871}},{"type":"Feature","geometry":{"type":"Point","coordinates":[46.6,31.0]},"properties":{"region":2,"fire_occurred":1,"prediction":0.0008}},{"type":"Feature","geometry":{"type":"Point","coordinates":[47.1,32.4]},"properties":{"region":2,"fire_occurred":0,"prediction":0.1127}},{"type":"Feature","geometry":{"type":"Point","coordinates":[47.2,31.0]},"properties":{"region":2,"fire_occurred":1,"prediction":0.7967}},{"type":"Feature","geometry":{"type":"Point","coordinates":[47.2,32.2]},"properties":{"region":2,"fire_occurred":1,"prediction":0.5733}},{"type":"Feature","geometry":{"type":"Point","coordinates":[47.2,32.4]},"properties":{"region":2,"fire_occurred":1,"prediction":0.8878}},{"type":"Feature","geometry":{"type":"Point","coordinates":[47.2,32.5]},"properties":{"region":2,"fire_occurred":1,"prediction":0.1222}},{"type":"Feature","geometry":{"type":"Point","coordinates":[47.3,30.2]},"properties":{"region":2,"fire_occurred":1,"prediction":0.4631}},{"type":"Feature","geometry":{"type":"Point","coordinates":[47.3,30.5]},"properties":{"region":2,"fire_occurred":1,"prediction":0.5941}},{"type":"Feature","geometry":{"type":"Point","coordinates":[47.3,30.6]},"properties":{"region":2,"fire_occurred":1,"prediction":0.8519}},{"type":"Feature","geometry":{"type":"Point","coordinates":[47.3,30.7]},"properties":{"region":2,"fire_occurred":0,"prediction":0.2011}},{"type":"Feature","geometry":{"type":"Point","coordinates":[47.3,30.8]},"properties":{"region":2,"fire_occurred":1,"prediction":0.6676}},{"type":"Feature","geometry":{"type":"Point","coordinates":[47.3,31.0]},"properties":{"region":2,"fire_occurred":1,"prediction":0.0444}},{"type":"Feature","geometry":{"type":"Point","coordinates":[47.3,32.1]},"properties":{"region":2,"fire_occurred":0,"prediction":0.1334}},{"type":"Feature","geometry":{"type":"Point","coordinates":[47.4,30.1]},"properties":{"region":2,"fire_occurred":1,"prediction":0.7827}},{"type":"Feature","geometry":{"type":"Point","coordinates":[47.4,31.6]},"properties":{"region":2,"fire_occurred":1,"prediction":0.9377}},{"type":"Feature","geometry":{"type":"Point","coordinates":[47.4,31.7]},"properties":{"region":2,"fire_occurred":1,"prediction":0.1832}},{"type":"Feature","geometry":{"type":"Point","coordinates":[47.4,32.0]},"properties":{"region":2,"fire_occurred":1,"prediction":0.2432}},{"type":"Feature","geometry":{"type":"Point","coordinates":[47.4,32.1]},"properties":{"region":2,"fire_occurred":1,"prediction":0.9623}},{"type":"Feature","geometry":{"type":"Point","coordinates":[47.4,32.3]},"properties":{"region":2,"fire_occurred":1,"prediction":0.0004}},{"type":"Feature","geometry":{"type":"Point","coordinates":[47.5,30.4]},"properties":{"region":2,"fire_occurred":1,"prediction":0.7299}},{"type":"Feature","geometry":{"type":"Point","coordinates":[47.5,30.5]},"properties":{"region":2,"fire_occurred":0,"prediction":0.8258}},{"type":"Feature","geometry":{"type":"Point","coordinates":[47.5,31.6]},"properties":{"region":2,"fire_occurred":1,"prediction":0.9187}},{"type":"Feature","geometry":{"type":"Point","coordinates":[47.5,32.1]},"properties":{"region":2,"fire_occurred":1,"prediction":0.784}},{"type":"Feature","geometry":{"type":"Point","coordinates":[47.6,30.3]},"properties":{"region":2,"fire_occurred":1,"prediction":0.107}},{"type":"Feature","geometry":{"type":"Point","coordinates":[47.6,30.4]},"properties":{"region":2,"fire_occurred":1,"prediction":0.8784}},{"type":"Feature","geometry":{"type":"Point","coordinates":[47.6,30.5]},"properties":{"region":2,"fire_occurred":1,"prediction":0.8509}},{"type":"Feature","geometry":{"type":"Point","coordinates":[47.6,31.0]},"properties":{"region":2,"fire_occurred":1,"prediction":0.8407}},{"type":"Feature","geometry":{"type":"Point","coordinates":[47.6,32.3]},"properties":{"region":2,"fire_occurred":0,"prediction":0.1348}},{"type":"Feature","geometry":{"type":"Point","coordinates":[47.7,30.2]},"properties":{"region":2,"fire_occurred":0,"prediction":0.3698}},{"type":"Feature","geometry":{"type":"Point","coordinates":[47.7,30.3]},"properties":{"region":2,"fire_occurred":1,"prediction":0.3561}},{"type":"Feature","geometry":{"type":"Point","coordinates":[47.7,30.5]},"properties":{"region":2,"fire_occurred":1,"prediction":0.186}},{"type":"Feature","geometry":{"type":"Point","coordinates":[47.7,31.0]},"properties":{"region":2,"fire_occurred":0,"prediction":0.5482}},{"type":"Feature","geometry":{"type":"Point","coordinates":[47.7,32.3]},"properties":{"region":2,"fire_occurred":1,"prediction":0.7838}},{"type":"Feature","geometry":{"type":"Point","coordinates":[47.8,31.4]},"properties":{"region":2,"fire_occurred":1,"prediction":0.3322}},{"type":"Feature","geometry":{"type":"Point","coordinates":[48.0,30.9]},"properties":{"region":2,"fire_occurred":1,"prediction":0.54}},{"type":"Feature","geometry":{"type":"Point","coordinates":[48.1,28.9]},"properties":{"region":2,"fire_occurred":1,"prediction":0.0013}},{"type":"Feature","geometry":{"type":"Point","coordinates":[48.1,30.9]},"properties":{"region":2,"fire_occurred":1,"prediction":0.6908}},{"type":"Feature","geometry":{"type":"Point","coordinates":[48.1,31.0]},"properties":{"region":2,"fire_occurred":1,"prediction":0.8889}},{"type":"Feature","geometry":{"type":"Point","coordinates":[48.1,31.2]},"properties":{"region":2,"fire_occurred":1,"prediction":0.849}},{"type":"Feature","geometry":{"type":"Point","coordinates":[48.2,30.3]},"properties":{"region":2,"fire_occurred":0,"prediction":0.1445}},{"type":"Feature","geometry":{"type":"Point","coordinates":[48.2,30.7]},"properties":{"region":2,"fire_occurred":1,"prediction":0.8213}},{"type":"Feature","geometry":{"type":"Point","coordinates":[48.5,31.0]},"properties":{"region":2,"fire_occurred":0,"prediction":0.1169}},{"type":"Feature","geometry":{"type":"Point","coordinates":[48.5,32.1]},"properties":{"region":2,"fire_occurred":0,"prediction":0.1854}},{"type":"Feature","geometry":{"type":"Point","coordinates":[48.7,31.2]},"properties":{"region":2,"fire_occurred":1,"prediction":0.8954}},{"type":"Feature","geometry":{"type":"Point","coordinates":[48.8,30.9]},"properties":{"region":2,"fire_occurred":0,"prediction":0.3232}},{"type":"Feature","geometry":{"type":"Point","coordinates":[48.9,31.2]},"properties":{"region":2,"fire_occurred":0,"prediction":0.7318}},{"type":"Feature","geometry":{"type":"Point","coordinates":[49.0,32.0]},"properties":{"region":2,"fire_occurred":1,"prediction":0.2894}},{"type":"Feature","geometry":{"type":"Point","coordinates":[49.0,32.1]},"properties":{"region":2,"fire_occurred":1,"prediction":0.4472}},{"type":"Feature","geometry":{"type":"Point","coordinates":[49.1,31.2]},"properties":{"region":2,"fire_occurred":0,"prediction":0.2521}},{"type":"Feature","geometry":{"type":"Point","coordinates":[49.1,31.3]},"properties":{"region":2,"fire_occurred":0,"prediction":0.1797}},{"type":"Feature","geometry":{"type":"Point","coordinates":[49.2,31.3]},"properties":{"region":2,"fire_occurred":0,"prediction":0.2406}},{"type":"Feature","geometry":{"type":"Point","coordinates":[49.3,31.0]},"properties":{"region":2,"fire_occurred":1,"prediction":0.5086}},{"type":"Feature","geometry":{"type":"Point","coordinates":[49.3,31.1]},"properties":{"region":2,"fire_occurred":1,"prediction":0.7617}},{"type":"Feature","geometry":{"type":"Point","coordinates":[49.5,27.0]},"properties":{"region":2,"fire_occurred":1,"prediction":0.6694}},{"type":"Feature","geometry":{"type":"Point","coordinates":[49.5,30.9]},"properties":{"region":2,"fire_occurred":0,"prediction":0.3172}},{"type":"Feature","geometry":{"type":"Point","coordinates":[49.6,30.8]},"properties":{"region":2,"fire_occurred":1,"prediction":0.5182}},{"type":"Feature","geometry":{"type":"Point","coordinates":[49.6,30.9]},"properties":{"region":2,"fire_occurred":1,"prediction":0.2185}},{"type":"Feature","geometry":{"type":"Point","coordinates":[49.8,30.3]},"properties":{"region":2,"fire_occurred":1,"prediction":0.4651}},{"type":"Feature","geometry":{"type":"Point","coordinates":[49.8,30.7]},"properties":{"region":2,"fire_occurred":1,"prediction":0.5663}},{"type":"Feature","geometry":{"type":"Point","coordinates":[49.8,30.9]},"properties":{"region":2,"fire_occurred":0,"prediction":0.4648}},{"type":"Feature","geometry":{"type":"Point","coordinates":[51.5,24.9]},"properties":{"region":2,"fire_occurred":1,"prediction":0.6159}},{"type":"Feature","geometry":{"type":"Point","coordinates":[52.1,27.7]},"properties":{"region":2,"fire_occurred":0,"prediction":0.2959}},{"type":"Feature","geometry":{"type":"Point","coordinates":[52.6,27.4]},"properties":{"region":2,"fire_occurred":0,"prediction":0.108}},{"type":"Feature","geometry":{"type":"Point","coordinates":[52.6,27.5]},"properties":{"region":2,"fire_occurred":0,"prediction":0.2707}},{"type":"Feature","geometry":{"type":"Point","coordinates":[52.8,29.1]},"properties":{"region":2,"fire_occurred":0,"prediction":0.2339}},{"type":"Feature","geometry":{"type":"Point","coordinates":[55.4,23.1]},"properties":{"region":2,"fire_occurred":1,"prediction":0.9376}},{"type":"Feature","geometry":{"type":"Point","coordinates":[55.8,29.9]},"properties":{"region":2,"fire_occurred":0,"prediction":0.476}},{"type":"Feature","geometry":{"type":"Point","coordinates":[56.1,27.1]},"properties":{"region":2,"fire_occurred":1,"prediction":0.1239}},{"type":"Feature","geometry":{"type":"Point","coordinates":[63.1,37.7]},"properties":{"region":2,"fire_occurred":1,"prediction":0.0012}},{"type":"Feature","geometry":{"type":"Point","coordinates":[65.4,38.0]},"properties":{"region":2,"fire_occurred":1,"prediction":0.0083}},{"type":"Feature","geometry":{"type":"Point","coordinates":[66.3,38.3]},"properties":{"region":2,"fire_occurred":1,"prediction":0.0003}},{"type":"Feature","geometry":{"type":"Point","coordinates":[68.5,27.6]},"properties":{"region":2,"fire_occurred":1,"prediction":0.0056}},{"type":"Feature","geometry":{"type":"Point","coordinates":[68.8,25.3]},"properties":{"region":2,"fire_occurred":1,"prediction":0.0169}},{"type":"Feature","geometry":{"type":"Point","coordinates":[68.9,25.9]},"properties":{"region":2,"fire_occurred":1,"prediction":0.0224}},{"type":"Feature","geometry":{"type":"Point","coordinates":[68.9,27.9]},"properties":{"region":2,"fire_occurred":1,"prediction":0.0063}},{"type":"Feature","geometry":{"type":"Point","coordinates":[69.2,28.0]},"properties":{"region":2,"fire_occurred":0,"prediction":0.1356}},{"type":"Feature","geometry":{"type":"Point","coordinates":[69.3,28.0]},"properties":{"region":2,"fire_occurred":0,"prediction":0.134}},{"type":"Feature","geometry":{"type":"Point","coordinates":[69.8,28.2]},"properties":{"region":2,"fire_occurred":0,"prediction":0.1027}},{"type":"Feature","geometry":{"type":"Point","coordinates":[69.8,28.3]},"properties":{"region":2,"fire_occurred":0,"prediction":0.1157}},{"type":"Feature","geometry":{"type":"Point","coordinates":[69.8,28.4]},"properties":{"region":2,"fire_occurred":0,"prediction":0.1009}},{"type":"Feature","geometry":{"type":"Point","coordinates":[69.9,28.3]},"properties":{"region":2,"fire_occurred":0,"prediction":0.1282}},{"type":"Feature","geometry":{"type":"Point","coordinates":[69.9,28.4]},"properties":{"region":2,"fire_occurred":0,"prediction":0.1443}},{"type":"Feature","geometry":{"type":"Point","coordinates":[69.9,28.5]},"properties":{"region":2,"fire_occurred":0,"prediction":0.1167}},{"type":"Feature","geometry":{"type":"Point","coordinates":[70.0,28.5]},"properties":{"region":2,"fire_occurred":0,"prediction":0.122}},{"type":"Feature","geometry":{"type":"Point","coordinates":[70.2,28.3]},"properties":{"region":2,"fire_occurred":1,"prediction":0.0654}},{"type":"Feature","geometry":{"type":"Point","coordinates":[70.7,31.7]},"properties":{"region":2,"fire_occurred":1,"prediction":0.0148}},{"type":"Feature","geometry":{"type":"Point","coordinates":[70.8,29.1]},"properties":{"region":2,"fire_occurred":1,"prediction":0.0039}},{"type":"Feature","geometry":{"type":"Point","coordinates":[70.8,31.6]},"properties":{"region":2,"fire_occurred":0,"prediction":0.1385}},{"type":"Feature","geometry":{"type":"Point","coordinates":[70.8,31.9]},"properties":{"region":2,"fire_occurred":0,"prediction":0.1149}},{"type":"Feature","geometry":{"type":"Point","coordinates":[70.9,31.4]},"properties":{"region":2,"fire_occurred":1,"prediction":0.0037}},{"type":"Feature","geometry":{"type":"Point","coordinates":[70.9,31.5]},"properties":{"region":2,"fire_occurred":1,"prediction":0.0105}},{"type":"Feature","geometry":{"type":"Point","coordinates":[71.0,29.1]},"properties":{"region":2,"fire_occurred":1,"prediction":0.0058}},{"type":"Feature","geometry":{"type":"Point","coordinates":[71.0,31.1]},"properties":{"region":2,"fire_occurred":1,"prediction":0.0032}},{"type":"Feature","geometry":{"type":"Point","coordinates":[71.1,33.7]},"properties":{"region":2,"fire_occurred":1,"prediction":0.0021}},{"type":"Feature","geometry":{"type":"Point","coordinates":[71.5,33.1]},"properties":{"region":2,"fire_occurred":1,"prediction":0.0039}},{"type":"Feature","geometry":{"type":"Point","coordinates":[71.9,30.8]},"properties":{"region":2,"fire_occurred":1,"prediction":0.0264}},{"type":"Feature","geometry":{"type":"Point","coordinates":[72.0,32.9]},"properties":{"region":2,"fire_occurred":1,"prediction":0.0015}},{"type":"Feature","geometry":{"type":"Point","coordinates":[72.1,30.9]},"properties":{"region":2,"fire_occurred":0,"prediction":0.1061}},{"type":"Feature","geometry":{"type":"Point","coordinates":[72.3,30.9]},"properties":{"region":2,"fire_occurred":1,"prediction":0.0036}},{"type":"Feature","geometry":{"type":"Point","coordinates":[72.4,31.3]},"properties":{"region":2,"fire_occurred":1,"prediction":0.0046}},{"type":"Feature","geometry":{"type":"Point","coordinates":[72.4,31.4]},"properties":{"region":2,"fire_occurred":1,"prediction":0.0056}},{"type":"Feature","geometry":{"type":"Point","coordinates":[72.4,33.4]},"properties":{"region":2,"fire_occurred":1,"prediction":0.0031}},{"type":"Feature","geometry":{"type":"Point","coordinates":[72.5,31.2]},"properties":{"region":2,"fire_occurred":1,"prediction":0.0101}},{"type":"Feature","geometry":{"type":"Point","coordinates":[72.6,29.7]},"properties":{"region":2,"fire_occurred":1,"prediction":0.0031}},{"type":"Feature","geometry":{"type":"Point","coordinates":[72.6,31.5]},"properties":{"region":2,"fire_occurred":1,"prediction":0.0134}},{"type":"Feature","geometry":{"type":"Point","coordinates":[72.6,31.7]},"properties":{"region":2,"fire_occurred":1,"prediction":0.0098}},{"type":"Feature","geometry":{"type":"Point","coordinates":[72.6,33.2]},"properties":{"region":2,"fire_occurred":1,"prediction":0.0034}},{"type":"Feature","geometry":{"type":"Point","coordinates":[72.7,30.3]},"properties":{"region":2,"fire_occurred":1,"prediction":0.0025}},{"type":"Feature","geometry":{"type":"Point","coordinates":[72.7,31.7]},"properties":{"region":2,"fire_occurred":1,"prediction":0.0487}},{"type":"Feature","geometry":{"type":"Point","coordinates":[72.8,31.6]},"properties":{"region":2,"fire_occurred":1,"prediction":0.0337}},{"type":"Feature","geometry":{"type":"Point","coordinates":[72.9,30.8]},"properties":{"region":2,"fire_occurred":1,"prediction":0.0141}},{"type":"Feature","geometry":{"type":"Point","coordinates":[72.9,31.5]},"properties":{"region":2,"fire_occurred":1,"prediction":0.004}},{"type":"Feature","geometry":{"type":"Point","coordinates":[72.9,32.4]},"properties":{"region":2,"fire_occurred":1,"prediction":0.0437}},{"type":"Feature","geometry":{"type":"Point","coordinates":[73.0,31.8]},"properties":{"region":2,"fire_occurred":1,"prediction":0.0215}},{"type":"Feature","geometry":{"type":"Point","coordinates":[73.2,33.4]},"properties":{"region":2,"fire_occurred":1,"prediction":0.0038}},{"type":"Feature","geometry":{"type":"Point","coordinates":[73.5,33.0]},"properties":{"region":2,"fire_occurred":1,"prediction":0.0019}},{"type":"Feature","geometry":{"type":"Point","coordinates":[73.6,30.8]},"properties":{"region":2,"fire_occurred":1,"prediction":0.0067}},{"type":"Feature","geometry":{"type":"Point","coordinates":[73.7,30.8]},"properties":{"region":2,"fire_occurred":1,"prediction":0.0038}},{"type":"Feature","geometry":{"type":"Point","coordinates":[73.8,31.1]},"properties":{"region":2,"fire_occurred":1,"prediction":0.003}},{"type":"Feature","geometry":{"type":"Point","coordinates":[74.0,33.2]},"properties":{"region":2,"fire_occurred":1,"prediction":0.0014}},{"type":"Feature","geometry":{"type":"Point","coordinates":[74.3,32.6]},"properties":{"region":2,"fire_occurred":1,"prediction":0.0042}},{"type":"Feature","geometry":{"type":"Point","coordinates":[74.3,32.8]},"properties":{"region":2,"fire_occurred":1,"prediction":0.0038}},{"type":"Feature","geometry":{"type":"Point","coordinates":[74.4,32.7]},"properties":{"region":2,"fire_occurred":1,"prediction":0.0068}},{"type":"Feature","geometry":{"type":"Point","coordinates":[75.1,18.3]},"properties":{"region":2,"fire_occurred":1,"prediction":0.006}},{"type":"Feature","geometry":{"type":"Point","coordinates":[75.2,17.8]},"properties":{"region":2,"fire_occurred":0,"prediction":0.1671}},{"type":"Feature","geometry":{"type":"Point","coordinates":[75.2,19.8]},"properties":{"region":2,"fire_occurred":0,"prediction":0.1498}},{"type":"Feature","geometry":{"type":"Point","coordinates":[75.4,25.8]},"properties":{"region":2,"fire_occurred":1,"prediction":0.0021}},{"type":"Feature","geometry":{"type":"Point","coordinates":[75.4,31.6]},"properties":{"region":2,"fire_occurred":1,"prediction":0.0057}},{"type":"Feature","geometry":{"type":"Point","coordinates":[75.8,19.3]},"properties":{"region":2,"fire_occurred":1,"prediction":0.0222}},{"type":"Feature","geometry":{"type":"Point","coordinates":[75.9,19.5]},"properties":{"region":2,"fire_occurred":1,"prediction":0.005}},{"type":"Feature","geometry":{"type":"Point","coordinates":[75.9,30.5]},"properties":{"region":2,"fire_occurred":1,"prediction":0.0044}},{"type":"Feature","geometry":{"type":"Point","coordinates":[76.0,19.2]},"properties":{"region":2,"fire_occurred":1,"prediction":0.0053}},{"type":"Feature","geometry":{"type":"Point","coordinates":[76.1,16.4]},"properties":{"region":2,"fire_occurred":1,"prediction":0.0628}},{"type":"Feature","geometry":{"type":"Point","coordinates":[76.2,17.6]},"properties":{"region":2,"fire_occurred":1,"prediction":0.0145}},{"type":"Feature","geometry":{"type":"Point","coordinates":[76.5,16.7]},"properties":{"region":2,"fire_occurred":1,"prediction":0.0787}},{"type":"Feature","geometry":{"type":"Point","coordinates":[76.5,19.1]},"properties":{"region":2,"fire_occurred":1,"prediction":0.0148}},{"type":"Feature","geometry":{"type":"Point","coordinates":[76.7,15.6]},"properties":{"region":2,"fire_occurred":0,"prediction":0.1169}},{"type":"Feature","geometry":{"type":"Point","coordinates":[76.8,18.4]},"properties":{"region":2,"fire_occurred":1,"prediction":0.0048}},{"type":"Feature","geometry":{"type":"Point","coordinates":[76.9,16.0]},"properties":{"region":2,"fire_occurred":0,"prediction":0.1115}},{"type":"Feature","geometry":{"type":"Point","coordinates":[77.2,16.4]},"properties":{"region":2,"fire_occurred":1,"prediction":0.0245}},{"type":"Feature","geometry":{"type":"Point","coordinates":[77.3,31.7]},"properties":{"region":2,"fire_occurred":1,"prediction":0.0113}},{"type":"Feature","geometry":{"type":"Point","coordinates":[77.4,29.2]},"properties":{"region":2,"fire_occurred":1,"prediction":0.0217}},{"type":"Feature","geometry":{"type":"Point","coordinates":[77.5,28.9]},"properties":{"region":2,"fire_occurred":1,"prediction":0.0032}},{"type":"Feature","geometry":{"type":"Point","coordinates":[77.6,14.9]},"properties":{"region":2,"fire_occurred":1,"prediction":0.0067}},{"type":"Feature","geometry":{"type":"Point","coordinates":[77.8,17.6]},"properties":{"region":2,"fire_occurred":1,"prediction":0.0054}},{"type":"Feature","geometry":{"type":"Point","coordinates":[78.0,17.7]},"properties":{"region":2,"fire_occurred":1,"prediction":0.0031}},{"type":"Feature","geometry":{"type":"Point","coordinates":[79.9,17.1]},"properties":{"region":2,"fire_occurred":1,"prediction":0.078}},{"type":"Feature","geometry":{"type":"Point","coordinates":[79.9,17.7]},"properties":{"region":2,"fire_occurred":1,"prediction":0.0031}},{"type":"Feature","geometry":{"type":"Point","coordinates":[79.9,28.3]},"properties":{"region":2,"fire_occurred":1,"prediction":0.0023}},{"type":"Feature","geometry":{"type":"Point","coordinates":[80.1,27.9]},"properties":{"region":2,"fire_occurred":1,"prediction":0.0079}},{"type":"Feature","geometry":{"type":"Point","coordinates":[81.8,27.5]},"properties":{"region":2,"fire_occurred":1,"prediction":0.0037}},{"type":"Feature","geometry":{"type":"Point","coordinates":[98.5,36.8]},"properties":{"region":2,"fire_occurred":0,"prediction":0.1338}},{"type":"Feature","geometry":{"type":"Point","coordinates":[106.5,38.4]},"properties":{"region":2,"fire_occurred":0,"prediction":0.1422}},{"type":"Feature","geometry":{"type":"Point","coordinates":[109.7,40.6]},"properties":{"region":2,"fire_occurred":0,"prediction":0.235}},{"type":"Feature","geometry":{"type":"Point","coordinates":[110.5,39.4]},"properties":{"region":2,"fire_occurred":0,"prediction":0.201}},{"type":"Feature","geometry":{"type":"Point","coordinates":[116.6,-22.5]},"properties":{"region":2,"fire_occurred":0,"prediction":0.1922}},{"type":"Feature","geometry":{"type":"Point","coordinates":[116.8,-21.8]},"properties":{"region":2,"fire_occurred":0,"prediction":0.1566}},{"type":"Feature","geometry":{"type":"Point","coordinates":[116.9,-21.8]},"properties":{"region":2,"fire_occurred":0,"prediction":0.1781}},{"type":"Feature","geometry":{"type":"Point","coordinates":[117.0,-21.8]},"properties":{"region":2,"fire_occurred":1,"prediction":0.2564}},{"type":"Feature","geometry":{"type":"Point","coordinates":[117.0,-21.7]},"properties":{"region":2,"fire_occurred":1,"prediction":0.057}},{"type":"Feature","geometry":{"type":"Point","coordinates":[117.1,-20.9]},"properties":{"region":2,"fire_occurred":1,"prediction":0.0027}},{"type":"Feature","geometry":{"type":"Point","coordinates":[117.5,-22.1]},"properties":{"region":2,"fire_occurred":1,"prediction":0.0019}},{"type":"Feature","geometry":{"type":"Point","coordinates":[117.6,-22.2]},"properties":{"region":2,"fire_occurred":1,"prediction":0.1561}},{"type":"Feature","geometry":{"type":"Point","coordinates":[117.6,-22.1]},"properties":{"region":2,"fire_occurred":1,"prediction":0.1747}},{"type":"Feature","geometry":{"type":"Point","coordinates":[117.7,-22.2]},"properties":{"region":2,"fire_occurred":0,"prediction":0.1098}},{"type":"Feature","geometry":{"type":"Point","coordinates":[117.7,-22.1]},"properties":{"region":2,"fire_occurred":0,"prediction":0.1087}},{"type":"Feature","geometry":{"type":"Point","coordinates":[117.7,-21.1]},"properties":{"region":2,"fire_occurred":0,"prediction":0.1105}},{"type":"Feature","geometry":{"type":"Point","coordinates":[117.7,-21.0]},"properties":{"region":2,"fire_occurred":0,"prediction":0.1268}},{"type":"Feature","geometry":{"type":"Point","coordinates":[117.8,-22.5]},"properties":{"region":2,"fire_occurred":1,"prediction":0.0755}},{"type":"Feature","geometry":{"type":"Point","coordinates":[117.8,-22.4]},"properties":{"region":2,"fire_occurred":1,"prediction":0.1462}},{"type":"Feature","geometry":{"type":"Point","coordinates":[117.8,-21.0]},"properties":{"region":2,"fire_occurred":0,"prediction":0.1542}},{"type":"Feature","geometry":{"type":"Point","coordinates":[117.9,-22.5]},"properties":{"region":2,"fire_occurred":1,"prediction":0.1475}},{"type":"Feature","geometry":{"type":"Point","coordinates":[117.9,-22.4]},"properties":{"region":2,"fire_occurred":1,"prediction":0.1656}},{"type":"Feature","geometry":{"type":"Point","coordinates":[117.9,-22.2]},"properties":{"region":2,"fire_occurred":1,"prediction":0.0022}},{"type":"Feature","geometry":{"type":"Point","coordinates":[118.0,-22.5]},"properties":{"region":2,"fire_occurred":1,"prediction":0.1209}},{"type":"Feature","geometry":{"type":"Point","coordinates":[118.1,-22.6]},"properties":{"region":2,"fire_occurred":1,"prediction":0.0015}},{"type":"Feature","geometry":{"type":"Point","coordinates":[118.1,-22.5]},"properties":{"region":2,"fire_occurred":1,"prediction":0.1466}},{"type":"Feature","geometry":{"type":"Point","coordinates":[118.2,-22.6]},"properties":{"region":2,"fire_occurred":1,"prediction":0.0017}},{"type":"Feature","geometry":{"type":"Point","coordinates":[118.2,-22.5]},"properties":{"region":2,"fire_occurred":1,"prediction":0.0842}},{"type":"Feature","geometry":{"type":"Point","coordinates":[118.2,-22.4]},"properties":{"region":2,"fire_occurred":1,"prediction":0.0016}},{"type":"Feature","geometry":{"type":"Point","coordinates":[118.5,-21.4]},"properties":{"region":2,"fire_occurred":1,"prediction":0.0035}},{"type":"Feature","geometry":{"type":"Point","coordinates":[118.6,-21.8]},"properties":{"region":2,"fire_occurred":0,"prediction":0.1774}},{"type":"Feature","geometry":{"type":"Point","coordinates":[118.6,-21.5]},"properties":{"region":2,"fire_occurred":1,"prediction":0.0612}},{"type":"Feature","geometry":{"type":"Point","coordinates":[118.6,-21.4]},"properties":{"region":2,"fire_occurred":1,"prediction":0.0036}},{"type":"Feature","geometry":{"type":"Point","coordinates":[118.8,-21.7]},"properties":{"region":2,"fire_occurred":1,"prediction":0.0545}},{"type":"Feature","geometry":{"type":"Point","coordinates":[118.8,-21.6]},"properties":{"region":2,"fire_occurred":1,"prediction":0.0674}},{"type":"Feature","geometry":{"type":"Point","coordinates":[119.1,-21.4]},"properties":{"region":2,"fire_occurred":0,"prediction":0.1351}},{"type":"Feature","geometry":{"type":"Point","coordinates":[119.2,-21.0]},"properties":{"region":2,"fire_occurred":1,"prediction":0.0081}},{"type":"Feature","geometry":{"type":"Point","coordinates":[119.2,-20.9]},"properties":{"region":2,"fire_occurred":1,"prediction":0.1025}},{"type":"Feature","geometry":{"type":"Point","coordinates":[119.5,-22.1]},"properties":{"region":2,"fire_occurred":1,"prediction":0.0035}},{"type":"Feature","geometry":{"type":"Point","coordinates":[119.5,-21.2]},"properties":{"region":2,"fire_occurred":0,"prediction":0.1016}},{"type":"Feature","geometry":{"type":"Point","coordinates":[119.6,-22.6]},"properties":{"region":2,"fire_occurred":1,"prediction":0.0465}},{"type":"Feature","geometry":{"type":"Point","coordinates":[119.6,-22.1]},"properties":{"region":2,"fire_occurred":1,"prediction":0.0031}},{"type":"Feature","geometry":{"type":"Point","coordinates":[119.6,-21.6]},"properties":{"region":2,"fire_occurred":1,"prediction":0.048}},{"type":"Feature","geometry":{"type":"Point","coordinates":[119.6,-21.2]},"properties":{"region":2,"fire_occurred":1,"prediction":0.0111}},{"type":"Feature","geometry":{"type":"Point","coordinates":[119.7,-21.5]},"properties":{"region":2,"fire_occurred":1,"prediction":0.0735}},{"type":"Feature","geometry":{"type":"Point","coordinates":[119.7,-21.0]},"properties":{"region":2,"fire_occurred":0,"prediction":0.1586}},{"type":"Feature","geometry":{"type":"Point","coordinates":[120.4,-20.9]},"properties":{"region":2,"fire_occurred":1,"prediction":0.0092}},{"type":"Feature","geometry":{"type":"Point","coordinates":[120.5,-21.9]},"properties":{"region":2,"fire_occurred":1,"prediction":0.0464}},{"type":"Feature","geometry":{"type":"Point","coordinates":[120.5,-21.8]},"properties":{"region":2,"fire_occurred":0,"prediction":0.1072}},{"type":"Feature","geometry":{"type":"Point","coordinates":[120.6,-23.0]},"properties":{"region":2,"fire_occurred":1,"prediction":0.0559}},{"type":"Feature","geometry":{"type":"Point","coordinates":[120.6,-21.9]},"properties":{"region":2,"fire_occurred":1,"prediction":0.0047}},{"type":"Feature","geometry":{"type":"Point","coordinates":[120.6,-21.8]},"properties":{"region":2,"fire_occurred":1,"prediction":0.0052}},{"type":"Feature","geometry":{"type":"Point","coordinates":[120.7,-21.3]},"properties":{"region":2,"fire_occurred":1,"prediction":0.0046}},{"type":"Feature","geometry":{"type":"Point","coordinates":[120.9,-32.0]},"properties":{"region":2,"fire_occurred":1,"prediction":0.1498}},{"type":"Feature","geometry":{"type":"Point","coordinates":[121.2,-21.3]},"properties":{"region":2,"fire_occurred":1,"prediction":0.0106}},{"type":"Feature","geometry":{"type":"Point","coordinates":[121.3,-21.8]},"properties":{"region":2,"fire_occurred":1,"prediction":0.0637}},{"type":"Feature","geometry":{"type":"Point","coordinates":[121.3,-21.2]},"properties":{"region":2,"fire_occurred":1,"prediction":0.0085}},{"type":"Feature","geometry":{"type":"Point","coordinates":[121.4,-30.9]},"properties":{"region":2,"fire_occurred":1,"prediction":0.3947}},{"type":"Feature","geometry":{"type":"Point","coordinates":[121.7,-21.3]},"properties":{"region":2,"fire_occurred":1,"prediction":0.096}},{"type":"Feature","geometry":{"type":"Point","coordinates":[121.8,-21.8]},"properties":{"region":2,"fire_occurred":1,"prediction":0.0115}},{"type":"Feature","geometry":{"type":"Point","coordinates":[121.8,-21.3]},"properties":{"region":2,"fire_occurred":1,"prediction":0.0117}},{"type":"Feature","geometry":{"type":"Point","coordinates":[121.9,-28.5]},"properties":{"region":2,"fire_occurred":1,"prediction":0.0272}},{"type":"Feature","geometry":{"type":"Point","coordinates":[121.9,-28.0]},"properties":{"region":2,"fire_occurred":1,"prediction":0.0007}},{"type":"Feature","geometry":{"type":"Point","coordinates":[121.9,-23.3]},"properties":{"region":2,"fire_occurred":1,"prediction":0.0029}},{"type":"Feature","geometry":{"type":"Point","coordinates":[121.9,-21.9]},"properties":{"region":2,"fire_occurred":1,"prediction":0.0105}},{"type":"Feature","geometry":{"type":"Point","coordinates":[122.0,-23.3]},"properties":{"region":2,"fire_occurred":1,"prediction":0.0019}},{"type":"Feature","geometry":{"type":"Point","coordinates":[122.0,-19.7]},"properties":{"region":2,"fire_occurred":1,"prediction":0.1073}},{"type":"Feature","geometry":{"type":"Point","coordinates":[122.1,-19.7]},"properties":{"region":2,"fire_occurred":0,"prediction":0.1128}},{"type":"Feature","geometry":{"type":"Point","coordinates":[122.3,-19.4]},"properties":{"region":2,"fire_occurred":0,"prediction":0.1185}},{"type":"Feature","geometry":{"type":"Point","coordinates":[122.4,-19.5]},"properties":{"region":2,"fire_occurred":0,"prediction":0.1033}},{"type":"Feature","geometry":{"type":"Point","coordinates":[122.4,-19.4]},"properties":{"region":2,"fire_occurred":1,"prediction":0.1044}},{"type":"Feature","geometry":{"type":"Point","coordinates":[122.5,-19.5]},"properties":{"region":2,"fire_occurred":0,"prediction":0.1068}},{"type":"Feature","geometry":{"type":"Point","coordinates":[122.5,-19.4]},"properties":{"region":2,"fire_occurred":0,"prediction":0.1044}},{"type":"Feature","geometry":{"type":"Point","coordinates":[122.6,-20.1]},"properties":{"region":2,"fire_occurred":1,"prediction":0.01}},{"type":"Feature","geometry":{"type":"Point","coordinates":[122.6,-20.0]},"properties":{"region":2,"fire_occurred":1,"prediction":0.0089}},{"type":"Feature","geometry":{"type":"Point","coordinates":[122.7,-20.2]},"properties":{"region":2,"fire_occurred":1,"prediction":0.0101}},{"type":"Feature","geometry":{"type":"Point","coordinates":[122.7,-20.1]},"properties":{"region":2,"fire_occurred":1,"prediction":0.0825}},{"type":"Feature","geometry":{"type":"Point","coordinates":[122.7,-20.0]},"properties":{"region":2,"fire_occurred":1,"prediction":0.0741}},{"type":"Feature","geometry":{"type":"Point","coordinates":[122.8,-20.2]},"properties":{"region":2,"fire_occurred":1,"prediction":0.0102}},{"type":"Feature","geometry":{"type":"Point","coordinates":[122.8,-20.1]},"properties":{"region":2,"fire_occurred":1,"prediction":0.0101}},{"type":"Feature","geometry":{"type":"Point","coordinates":[122.9,-32.1]},"properties":{"region":2,"fire_occurred":0,"prediction":0.5956}},{"type":"Feature","geometry":{"type":"Point","coordinates":[122.9,-32.0]},"properties":{"region":2,"fire_occurred":0,"prediction":0.5091}},{"type":"Feature","geometry":{"type":"Point","coordinates":[122.9,-26.8]},"properties":{"region":2,"fire_occurred":1,"prediction":0.0011}},{"type":"Feature","geometry":{"type":"Point","coordinates":[123.0,-32.1]},"properties":{"region":2,"fire_occurred":0,"prediction":0.6603}},{"type":"Feature","geometry":{"type":"Point","coordinates":[123.1,-19.4]},"properties":{"region":2,"fire_occurred":1,"prediction":0.0648}},{"type":"Feature","geometry":{"type":"Point","coordinates":[123.2,-28.0]},"properties":{"region":2,"fire_occurred":1,"prediction":0.0007}},{"type":"Feature","geometry":{"type":"Point","coordinates":[123.3,-18.8]},"properties":{"region":2,"fire_occurred":1,"prediction":0.0145}},{"type":"Feature","geometry":{"type":"Point","coordinates":[123.4,-25.9]},"properties":{"region":2,"fire_occurred":0,"prediction":0.268}},{"type":"Feature","geometry":{"type":"Point","coordinates":[123.4,-18.5]},"properties":{"region":2,"fire_occurred":1,"prediction":0.0756}},{"type":"Feature","geometry":{"type":"Point","coordinates":[123.5,-25.9]},"properties":{"region":2,"fire_occurred":0,"prediction":0.1949}},{"type":"Feature","geometry":{"type":"Point","coordinates":[123.5,-18.3]},"properties":{"region":2,"fire_occurred":1,"prediction":0.0021}},{"type":"Feature","geometry":{"type":"Point","coordinates":[123.5,-18.2]},"properties":{"region":2,"fire_occurred":1,"prediction":0.0705}},{"type":"Feature","geometry":{"type":"Point","coordinates":[123.6,-32.0]},"properties":{"region":2,"fire_occurred":1,"prediction":0.3777}},{"type":"Feature","geometry":{"type":"Point","coordinates":[123.6,-31.6]},"properties":{"region":2,"fire_occurred":0,"prediction":0.4036}},{"type":"Feature","geometry":{"type":"Point","coordinates":[123.6,-26.3]},"properties":{"region":2,"fire_occurred":1,"prediction":0.0011}},{"type":"Feature","geometry":{"type":"Point","coordinates":[123.7,-31.7]},"properties":{"region":2,"fire_occurred":0,"prediction":0.3987}},{"type":"Feature","geometry":{"type":"Point","coordinates":[123.7,-31.6]},"properties":{"region":2,"fire_occurred":0,"prediction":0.426}},{"type":"Feature","geometry":{"type":"Point","coordinates":[123.7,-20.5]},"properties":{"region":2,"fire_occurred":1,"prediction":0.0125}},{"type":"Feature","geometry":{"type":"Point","coordinates":[123.7,-18.0]},"properties":{"region":2,"fire_occurred":1,"prediction":0.0072}},{"type":"Feature","geometry":{"type":"Point","coordinates":[123.8,-31.7]},"properties":{"region":2,"fire_occurred":0,"prediction":0.4833}},{"type":"Feature","geometry":{"type":"Point","coordinates":[123.8,-31.6]},"properties":{"region":2,"fire_occurred":1,"prediction":0.3964}},{"type":"Feature","geometry":{"type":"Point","coordinates":[123.8,-17.9]},"properties":{"region":2,"fire_occurred":0,"prediction":0.1384}},{"type":"Feature","geometry":{"type":"Point","coordinates":[123.9,-31.7]},"properties":{"region":2,"fire_occurred":0,"prediction":0.453}},{"type":"Feature","geometry":{"type":"Point","coordinates":[123.9,-31.6]},"properties":{"region":2,"fire_occurred":0,"prediction":0.4383}},{"type":"Feature","geometry":{"type":"Point","coordinates":[123.9,-21.0]},"properties":{"region":2,"fire_occurred":1,"prediction":0.0115}},{"type":"Feature","geometry":{"type":"Point","coordinates":[123.9,-20.9]},"properties":{"region":2,"fire_occurred":1,"prediction":0.0124}},{"type":"Feature","geometry":{"type":"Point","coordinates":[124.0,-20.9]},"properties":{"region":2,"fire_occurred":1,"prediction":0.0126}},{"type":"Feature","geometry":{"type":"Point","coordinates":[124.1,-26.7]},"properties":{"region":2,"fire_occurred":1,"prediction":0.0288}},{"type":"Feature","geometry":{"type":"Point","coordinates":[124.2,-21.1]},"properties":{"region":2,"fire_occurred":1,"prediction":0.0148}},{"type":"Feature","geometry":{"type":"Point","coordinates":[124.2,-20.4]},"properties":{"region":2,"fire_occurred":1,"prediction":0.0146}},{"type":"Feature","geometry":{"type":"Point","coordinates":[124.2,-19.3]},"properties":{"region":2,"fire_occurred":1,"prediction":0.012}},{"type":"Feature","geometry":{"type":"Point","coordinates":[124.3,-21.1]},"properties":{"region":2,"fire_occurred":1,"prediction":0.0151}},{"type":"Feature","geometry":{"type":"Point","coordinates":[124.4,-30.1]},"properties":{"region":2,"fire_occurred":0,"prediction":0.2204}},{"type":"Feature","geometry":{"type":"Point","coordinates":[124.4,-30.0]},"properties":{"region":2,"fire_occurred":0,"prediction":0.2446}},{"type":"Feature","geometry":{"type":"Point","coordinates":[124.5,-24.5]},"properties":{"region":2,"fire_occurred":1,"prediction":0.0024}},{"type":"Feature","geometry":{"type":"Point","coordinates":[124.6,-20.0]},"properties":{"region":2,"fire_occurred":0,"prediction":0.1271}},{"type":"Feature","geometry":{"type":"Point","coordinates":[124.7,-29.5]},"properties":{"region":2,"fire_occurred":0,"prediction":0.2066}},{"type":"Feature","geometry":{"type":"Point","coordinates":[124.7,-29.4]},"properties":{"region":2,"fire_occurred":0,"prediction":0.2591}},{"type":"Feature","geometry":{"type":"Point","coordinates":[124.7,-20.0]},"properties":{"region":2,"fire_occurred":0,"prediction":0.1444}},{"type":"Feature","geometry":{"type":"Point","coordinates":[124.7,-17.9]},"properties":{"region":2,"fire_occurred":0,"prediction":0.1432}},{"type":"Feature","geometry":{"type":"Point","coordinates":[124.8,-29.5]},"properties":{"region":2,"fire_occurred":0,"prediction":0.1756}},{"type":"Feature","geometry":{"type":"Point","coordinates":[124.8,-19.7]},"properties":{"region":2,"fire_occurred":0,"prediction":0.1179}},{"type":"Feature","geometry":{"type":"Point","coordinates":[124.9,-19.8]},"properties":{"region":2,"fire_occurred":0,"prediction":0.1649}},{"type":"Feature","geometry":{"type":"Point","coordinates":[124.9,-19.7]},"properties":{"region":2,"fire_occurred":0,"prediction":0.1422}},{"type":"Feature","geometry":{"type":"Point","coordinates":[125.0,-19.8]},"properties":{"region":2,"fire_occurred":0,"prediction":0.1346}},{"type":"Feature","geometry":{"type":"Point","coordinates":[125.0,-19.7]},"properties":{"region":2,"fire_occurred":0,"prediction":0.143}},{"type":"Feature","geometry":{"type":"Point","coordinates":[125.0,-17.6]},"properties":{"region":2,"fire_occurred":0,"prediction":0.1147}},{"type":"Feature","geometry":{"type":"Point","coordinates":[125.1,-19.8]},"properties":{"region":2,"fire_occurred":0,"prediction":0.1621}},{"type":"Feature","geometry":{"type":"Point","coordinates":[125.1,-17.6]},"properties":{"region":2,"fire_occurred":0,"prediction":0.114}},{"type":"Feature","geometry":{"type":"Point","coordinates":[125.1,-17.5]},"properties":{"region":2,"fire_occurred":0,"prediction":0.1497}},{"type":"Feature","geometry":{"type":"Point","coordinates":[125.2,-25.7]},"properties":{"region":2,"fire_occurred":1,"prediction":0.0043}},{"type":"Feature","geometry":{"type":"Point","coordinates":[125.2,-20.2]},"properties":{"region":2,"fire_occurred":0,"prediction":0.1502}},{"type":"Feature","geometry":{"type":"Point","coordinates":[125.2,-18.0]},"properties":{"region":2,"fire_occurred":0,"prediction":0.1068}},{"type":"Feature","geometry":{"type":"Point","coordinates":[125.2,-17.6]},"properties":{"region":2,"fire_occurred":0,"prediction":0.1671}},{"type":"Feature","geometry":{"type":"Point","coordinates":[125.3,-20.2]},"properties":{"region":2,"fire_occurred":0,"prediction":0.1498}},{"type":"Feature","geometry":{"type":"Point","coordinates":[125.3,-20.1]},"properties":{"region":2,"fire_occurred":0,"prediction":0.1505}},{"type":"Feature","geometry":{"type":"Point","coordinates":[125.5,-25.0]},"properties":{"region":2,"fire_occurred":1,"prediction":0.0055}},{"type":"Feature","geometry":{"type":"Point","coordinates":[125.5,-19.8]},"properties":{"region":2,"fire_occurred":0,"prediction":0.1455}},{"type":"Feature","geometry":{"type":"Point","coordinates":[125.5,-19.7]},"properties":{"region":2,"fire_occurred":0,"prediction":0.1787}},{"type":"Feature","geometry":{"type":"Point","coordinates":[125.5,-19.6]},"properties":{"region":2,"fire_occurred":0,"prediction":0.187}},{"type":"Feature","geometry":{"type":"Point","coordinates":[125.5,-19.1]},"properties":{"region":2,"fire_occurred":0,"prediction":0.1074}},{"type":"Feature","geometry":{"type":"Point","coordinates":[125.6,-27.0]},"properties":{"region":2,"fire_occurred":1,"prediction":0.0021}},{"type":"Feature","geometry":{"type":"Point","coordinates":[125.6,-19.9]},"properties":{"region":2,"fire_occurred":0,"prediction":0.139}},{"type":"Feature","geometry":{"type":"Point","coordinates":[125.6,-19.8]},"properties":{"region":2,"fire_occurred":0,"prediction":0.1392}},{"type":"Feature","geometry":{"type":"Point","coordinates":[125.6,-19.7]},"properties":{"region":2,"fire_occurred":0,"prediction":0.1421}},{"type":"Feature","geometry":{"type":"Point","coordinates":[125.6,-19.6]},"properties":{"region":2,"fire_occurred":0,"prediction":0.156}},{"type":"Feature","geometry":{"type":"Point","coordinates":[125.7,-27.0]},"properties":{"region":2,"fire_occurred":1,"prediction":0.0012}},{"type":"Feature","geometry":{"type":"Point","coordinates":[125.7,-26.9]},"properties":{"region":2,"fire_occurred":1,"prediction":0.0014}},{"type":"Feature","geometry":{"type":"Point","coordinates":[125.7,-19.8]},"properties":{"region":2,"fire_occurred":0,"prediction":0.1178}},{"type":"Feature","geometry":{"type":"Point","coordinates":[125.7,-19.7]},"properties":{"region":2,"fire_occurred":0,"prediction":0.1478}},{"type":"Feature","geometry":{"type":"Point","coordinates":[125.8,-19.8]},"properties":{"region":2,"fire_occurred":0,"prediction":0.1415}},{"type":"Feature","geometry":{"type":"Point","coordinates":[125.8,-19.7]},"properties":{"region":2,"fire_occurred":0,"prediction":0.1412}},{"type":"Feature","geometry":{"type":"Point","coordinates":[125.9,-19.8]},"properties":{"region":2,"fire_occurred":0,"prediction":0.1097}},{"type":"Feature","geometry":{"type":"Point","coordinates":[125.9,-19.7]},"properties":{"region":2,"fire_occurred":0,"prediction":0.1071}},{"type":"Feature","geometry":{"type":"Point","coordinates":[125.9,-19.4]},"properties":{"region":2,"fire_occurred":0,"prediction":0.1124}},{"type":"Feature","geometry":{"type":"Point","coordinates":[126.0,-19.4]},"properties":{"region":2,"fire_occurred":0,"prediction":0.1006}},{"type":"Feature","geometry":{"type":"Point","coordinates":[126.1,-19.4]},"properties":{"region":2,"fire_occurred":0,"prediction":0.1152}},{"type":"Feature","geometry":{"type":"Point","coordinates":[126.9,-28.6]},"properties":{"region":2,"fire_occurred":0,"prediction":0.2211}},{"type":"Feature","geometry":{"type":"Point","coordinates":[126.9,-20.2]},"properties":{"region":2,"fire_occurred":0,"prediction":0.1264}},{"type":"Feature","geometry":{"type":"Point","coordinates":[126.9,-19.8]},"properties":{"region":2,"fire_occurred":1,"prediction":0.0052}},{"type":"Feature","geometry":{"type":"Point","coordinates":[126.9,-19.7]},"properties":{"region":2,"fire_occurred":1,"prediction":0.0041}},{"type":"Feature","geometry":{"type":"Point","coordinates":[127.0,-28.6]},"properties":{"region":2,"fire_occurred":0,"prediction":0.154}},{"type":"Feature","geometry":{"type":"Point","coordinates":[127.0,-20.9]},"properties":{"region":2,"fire_occurred":1,"prediction":0.0037}},{"type":"Feature","geometry":{"type":"Point","coordinates":[127.0,-20.8]},"properties":{"region":2,"fire_occurred":1,"prediction":0.0045}},{"type":"Feature","geometry":{"type":"Point","coordinates":[127.0,-20.2]},"properties":{"region":2,"fire_occurred":0,"prediction":0.1106}},{"type":"Feature","geometry":{"type":"Point","coordinates":[127.0,-19.8]},"properties":{"region":2,"fire_occurred":1,"prediction":0.0052}},{"type":"Feature","geometry":{"type":"Point","coordinates":[127.0,-19.7]},"properties":{"region":2,"fire_occurred":1,"prediction":0.0059}},{"type":"Feature","geometry":{"type":"Point","coordinates":[127.1,-20.9]},"properties":{"region":2,"fire_occurred":1,"prediction":0.0043}},{"type":"Feature","geometry":{"type":"Point","coordinates":[127.1,-20.8]},"properties":{"region":2,"fire_occurred":1,"prediction":0.0038}},{"type":"Feature","geometry":{"type":"Point","coordinates":[127.1,-19.8]},"properties":{"region":2,"fire_occurred":1,"prediction":0.0055}},{"type":"Feature","geometry":{"type":"Point","coordinates":[127.2,-19.7]},"properties":{"region":2,"fire_occurred":1,"prediction":0.0044}},{"type":"Feature","geometry":{"type":"Point","coordinates":[127.9,-29.1]},"properties":{"region":2,"fire_occurred":0,"prediction":0.3817}},{"type":"Feature","geometry":{"type":"Point","coordinates":[127.9,-24.6]},"properties":{"region":2,"fire_occurred":0,"prediction":0.1357}},{"type":"Feature","geometry":{"type":"Point","coordinates":[128.5,-29.5]},"properties":{"region":2,"fire_occurred":0,"prediction":0.2021}},{"type":"Feature","geometry":{"type":"Point","coordinates":[128.6,-29.5]},"properties":{"region":2,"fire_occurred":0,"prediction":0.1964}},{"type":"Feature","geometry":{"type":"Point","coordinates":[128.6,-25.8]},"properties":{"region":2,"fire_occurred":0,"prediction":0.163}},{"type":"Feature","geometry":{"type":"Point","coordinates":[128.6,-17.4]},"properties":{"region":2,"fire_occurred":0,"prediction":0.1153}},{"type":"Feature","geometry":{"type":"Point","coordinates":[128.6,-17.3]},"properties":{"region":2,"fire_occurred":0,"prediction":0.1221}},{"type":"Feature","geometry":{"type":"Point","coordinates":[128.7,-17.4]},"properties":{"region":2,"fire_occurred":0,"prediction":0.137}},{"type":"Feature","geometry":{"type":"Point","coordinates":[128.7,-17.3]},"properties":{"region":2,"fire_occurred":0,"prediction":0.1143}},{"type":"Feature","geometry":{"type":"Point","coordinates":[128.8,-18.5]},"properties":{"region":2,"fire_occurred":1,"prediction":0.0028}},{"type":"Feature","geometry":{"type":"Point","coordinates":[128.8,-17.7]},"properties":{"region":2,"fire_occurred":0,"prediction":0.1177}},{"type":"Feature","geometry":{"type":"Point","coordinates":[128.9,-18.5]},"properties":{"region":2,"fire_occurred":1,"prediction":0.0091}},{"type":"Feature","geometry":{"type":"Point","coordinates":[128.9,-17.5]},"properties":{"region":2,"fire_occurred":0,"prediction":0.1132}},{"type":"Feature","geometry":{"type":"Point","coordinates":[129.0,-29.4]},"properties":{"region":2,"fire_occurred":0,"prediction":0.2091}},{"type":"Feature","geometry":{"type":"Point","coordinates":[129.0,-29.3]},"properties":{"region":2,"fire_occurred":0,"prediction":0.2316}},{"type":"Feature","geometry":{"type":"Point","coordinates":[129.1,-29.4]},"properties":{"region":2,"fire_occurred":0,"prediction":0.3552}},{"type":"Feature","geometry":{"type":"Point","coordinates":[129.1,-29.3]},"properties":{"region":2,"fire_occurred":0,"prediction":0.2902}},{"type":"Feature","geometry":{"type":"Point","coordinates":[129.2,-29.4]},"properties":{"region":2,"fire_occurred":0,"prediction":0.3749}},{"type":"Feature","geometry":{"type":"Point","coordinates":[129.2,-29.3]},"properties":{"region":2,"fire_occurred":0,"prediction":0.2164}},{"type":"Feature","geometry":{"type":"Point","coordinates":[129.3,-19.5]},"properties":{"region":2,"fire_occurred":0,"prediction":0.1084}},{"type":"Feature","geometry":{"type":"Point","coordinates":[129.3,-19.4]},"properties":{"region":2,"fire_occurred":0,"prediction":0.1109}},{"type":"Feature","geometry":{"type":"Point","coordinates":[129.4,-28.3]},"properties":{"region":2,"fire_occurred":1,"prediction":0.464}},{"type":"Feature","geometry":{"type":"Point","coordinates":[129.4,-28.2]},"properties":{"region":2,"fire_occurred":1,"prediction":0.4771}},{"type":"Feature","geometry":{"type":"Point","coordinates":[129.4,-19.6]},"properties":{"region":2,"fire_occurred":0,"prediction":0.1087}},{"type":"Feature","geometry":{"type":"Point","coordinates":[129.4,-19.5]},"properties":{"region":2,"fire_occurred":0,"prediction":0.1166}},{"type":"Feature","geometry":{"type":"Point","coordinates":[129.4,-19.4]},"properties":{"region":2,"fire_occurred":0,"prediction":0.1144}},{"type":"Feature","geometry":{"type":"Point","coordinates":[129.4,-19.2]},"properties":{"region":2,"fire_occurred":1,"prediction":0.0051}},{"type":"Feature","geometry":{"type":"Point","coordinates":[129.4,-19.1]},"properties":{"region":2,"fire_occurred":1,"prediction":0.0058}},{"type":"Feature","geometry":{"type":"Point","coordinates":[129.5,-28.3]},"properties":{"region":2,"fire_occurred":0,"prediction":0.4643}},{"type":"Feature","geometry":{"type":"Point","coordinates":[129.5,-28.2]},"properties":{"region":2,"fire_occurred":0,"prediction":0.4296}},{"type":"Feature","geometry":{"type":"Point","coordinates":[129.5,-19.2]},"properties":{"region":2,"fire_occurred":1,"prediction":0.0053}},{"type":"Feature","geometry":{"type":"Point","coordinates":[129.5,-17.1]},"properties":{"region":2,"fire_occurred":1,"prediction":0.0054}},{"type":"Feature","geometry":{"type":"Point","coordinates":[129.6,-29.5]},"properties":{"region":2,"fire_occurred":0,"prediction":0.1935}},{"type":"Feature","geometry":{"type":"Point","coordinates":[129.7,-29.5]},"properties":{"region":2,"fire_occurred":0,"prediction":0.2111}},{"type":"Feature","geometry":{"type":"Point","coordinates":[129.8,-29.7]},"properties":{"region":2,"fire_occurred":0,"prediction":0.3917}},{"type":"Feature","geometry":{"type":"Point","coordinates":[129.8,-29.0]},"properties":{"region":2,"fire_occurred":0,"prediction":0.5146}},{"type":"Feature","geometry":{"type":"Point","coordinates":[129.9,-29.0]},"properties":{"region":2,"fire_occurred":0,"prediction":0.5165}},{"type":"Feature","geometry":{"type":"Point","coordinates":[129.9,-19.1]},"properties":{"region":2,"fire_occurred":0,"prediction":0.1058}},{"type":"Feature","geometry":{"type":"Point","coordinates":[130.0,-29.0]},"properties":{"region":2,"fire_occurred":0,"prediction":0.4843}},{"type":"Feature","geometry":{"type":"Point","coordinates":[130.2,-19.3]},"properties":{"region":2,"fire_occurred":0,"prediction":0.1049}},{"type":"Feature","geometry":{"type":"Point","coordinates":[130.2,-19.2]},"properties":{"region":2,"fire_occurred":0,"prediction":0.1152}},{"type":"Feature","geometry":{"type":"Point","coordinates":[130.2,-18.8]},"properties":{"region":2,"fire_occurred":0,"prediction":0.2125}},{"type":"Feature","geometry":{"type":"Point","coordinates":[130.2,-18.7]},"properties":{"region":2,"fire_occurred":0,"prediction":0.1817}},{"type":"Feature","geometry":{"type":"Point","coordinates":[130.4,-19.3]},"properties":{"region":2,"fire_occurred":0,"prediction":0.1077}},{"type":"Feature","geometry":{"type":"Point","coordinates":[130.4,-17.2]},"properties":{"region":2,"fire_occurred":0,"prediction":0.1095}},{"type":"Feature","geometry":{"type":"Point","coordinates":[130.5,-19.2]},"properties":{"region":2,"fire_occurred":1,"prediction":0.1733}},{"type":"Feature","geometry":{"type":"Point","coordinates":[131.5,-19.3]},"properties":{"region":2,"fire_occurred":0,"prediction":0.1071}},{"type":"Feature","geometry":{"type":"Point","coordinates":[132.2,-22.3]},"properties":{"region":2,"fire_occurred":0,"prediction":0.1051}},{"type":"Feature","geometry":{"type":"Point","coordinates":[132.2,-19.9]},"properties":{"region":2,"fire_occurred":0,"prediction":0.1031}},{"type":"Feature","geometry":{"type":"Point","coordinates":[132.3,-25.4]},"properties":{"region":2,"fire_occurred":1,"prediction":0.0019}},{"type":"Feature","geometry":{"type":"Point","coordinates":[132.3,-22.3]},"properties":{"region":2,"fire_occurred":0,"prediction":0.1073}},{"type":"Feature","geometry":{"type":"Point","coordinates":[132.9,-15.2]},"properties":{"region":2,"fire_occurred":0,"prediction":0.1163}},{"type":"Feature","geometry":{"type":"Point","coordinates":[133.2,-19.9]},"properties":{"region":2,"fire_occurred":0,"prediction":0.1091}},{"type":"Feature","geometry":{"type":"Point","coordinates":[133.2,-18.1]},"properties":{"region":2,"fire_occurred":0,"prediction":0.1657}},{"type":"Feature","geometry":{"type":"Point","coordinates":[133.6,-22.7]},"properties":{"region":2,"fire_occurred":0,"prediction":0.1007}},{"type":"Feature","geometry":{"type":"Point","coordinates":[133.6,-22.6]},"properties":{"region":2,"fire_occurred":1,"prediction":0.0752}},{"type":"Feature","geometry":{"type":"Point","coordinates":[133.7,-22.6]},"properties":{"region":2,"fire_occurred":1,"prediction":0.0739}},{"type":"Feature","geometry":{"type":"Point","coordinates":[133.7,-17.5]},"properties":{"region":2,"fire_occurred":0,"prediction":0.1625}},{"type":"Feature","geometry":{"type":"Point","coordinates":[133.7,-17.4]},"properties":{"region":2,"fire_occurred":0,"prediction":0.1371}},{"type":"Feature","geometry":{"type":"Point","coordinates":[133.8,-18.4]},"properties":{"region":2,"fire_occurred":0,"prediction":0.1298}},{"type":"Feature","geometry":{"type":"Point","coordinates":[133.9,-22.6]},"properties":{"region":2,"fire_occurred":1,"prediction":0.0529}},{"type":"Feature","geometry":{"type":"Point","coordinates":[133.9,-18.4]},"properties":{"region":2,"fire_occurred":0,"prediction":0.1328}},{"type":"Feature","geometry":{"type":"Point","coordinates":[134.0,-22.5]},"properties":{"region":2,"fire_occurred":1,"prediction":0.0018}},{"type":"Feature","geometry":{"type":"Point","coordinates":[134.0,-22.4]},"properties":{"region":2,"fire_occurred":0,"prediction":0.1067}},{"type":"Feature","geometry":{"type":"Point","coordinates":[134.1,-22.4]},"properties":{"region":2,"fire_occurred":0,"prediction":0.1014}},{"type":"Feature","geometry":{"type":"Point","coordinates":[134.3,-15.6]},"properties":{"region":2,"fire_occurred":0,"prediction":0.1318}},{"type":"Feature","geometry":{"type":"Point","coordinates":[134.3,-15.5]},"properties":{"region":2,"fire_occurred":0,"prediction":0.1284}},{"type":"Feature","geometry":{"type":"Point","coordinates":[135.3,-15.2]},"properties":{"region":2,"fire_occurred":0,"prediction":0.1107}},{"type":"Feature","geometry":{"type":"Point","coordinates":[135.6,-17.3]},"properties":{"region":2,"fire_occurred":1,"prediction":0.0038}},{"type":"Feature","geometry":{"type":"Point","coordinates":[136.1,-17.2]},"properties":{"region":2,"fire_occurred":0,"prediction":0.2023}},{"type":"Feature","geometry":{"type":"Point","coordinates":[138.1,-17.1]},"properties":{"region":2,"fire_occurred":0,"prediction":0.2172}},{"type":"Feature","geometry":{"type":"Point","coordinates":[138.2,-17.1]},"properties":{"region":2,"fire_occurred":0,"prediction":0.213}},{"type":"Feature","geometry":{"type":"Point","coordinates":[139.3,-22.1]},"properties":{"region":2,"fire_occurred":1,"prediction":0.0009}},{"type":"Feature","geometry":{"type":"Point","coordinates":[139.3,-22.0]},"properties":{"region":2,"fire_occurred":1,"prediction":0.0008}},{"type":"Feature","geometry":{"type":"Point","coordinates":[139.4,-20.8]},"properties":{"region":2,"fire_occurred":1,"prediction":0.3859}},{"type":"Feature","geometry":{"type":"Point","coordinates":[139.5,-19.3]},"properties":{"region":2,"fire_occurred":0,"prediction":0.1955}},{"type":"Feature","geometry":{"type":"Point","coordinates":[139.6,-21.7]},"properties":{"region":2,"fire_occurred":1,"prediction":0.0015}},{"type":"Feature","geometry":{"type":"Point","coordinates":[139.7,-20.9]},"properties":{"region":2,"fire_occurred":0,"prediction":0.1068}},{"type":"Feature","geometry":{"type":"Point","coordinates":[139.8,-20.8]},"properties":{"region":2,"fire_occurred":1,"prediction":0.0945}},{"type":"Feature","geometry":{"type":"Point","coordinates":[140.5,-20.9]},"properties":{"region":2,"fire_occurred":1,"prediction":0.0044}},{"type":"Feature","geometry":{"type":"Point","coordinates":[140.6,-21.1]},"properties":{"region":2,"fire_occurred":0,"prediction":0.1436}},{"type":"Feature","geometry":{"type":"Point","coordinates":[141.8,-19.5]},"properties":{"region":2,"fire_occurred":0,"prediction":0.1165}},{"type":"Feature","geometry":{"type":"Point","coordinates":[142.3,-22.7]},"properties":{"region":2,"fire_occurred":1,"prediction":0.1969}},{"type":"Feature","geometry":{"type":"Point","coordinates":[142.6,-33.7]},"properties":{"region":2,"fire_occurred":1,"prediction":0.0005}},{"type":"Feature","geometry":{"type":"Point","coordinates":[142.6,-33.6]},"properties":{"region":2,"fire_occurred":1,"prediction":0.0005}},{"type":"Feature","geometry":{"type":"Point","coordinates":[142.6,-18.2]},"properties":{"region":2,"fire_occurred":0,"prediction":0.2165}},{"type":"Feature","geometry":{"type":"Point","coordinates":[142.6,-18.1]},"properties":{"region":2,"fire_occurred":0,"prediction":0.1797}},{"type":"Feature","geometry":{"type":"Point","coordinates":[142.7,-33.7]},"properties":{"region":2,"fire_occurred":1,"prediction":0.2828}},{"type":"Feature","geometry":{"type":"Point","coordinates":[142.7,-33.6]},"properties":{"region":2,"fire_occurred":1,"prediction":0.3433}},{"type":"Feature","geometry":{"type":"Point","coordinates":[142.7,-18.5]},"properties":{"region":2,"fire_occurred":1,"prediction":0.0072}},{"type":"Feature","geometry":{"type":"Point","coordinates":[142.7,-18.1]},"properties":{"region":2,"fire_occurred":0,"prediction":0.2642}},{"type":"Feature","geometry":{"type":"Point","coordinates":[142.8,-33.7]},"properties":{"region":2,"fire_occurred":1,"prediction":0.1977}},{"type":"Feature","geometry":{"type":"Point","coordinates":[142.8,-33.6]},"properties":{"region":2,"fire_occurred":1,"prediction":0.2215}},{"type":"Feature","geometry":{"type":"Point","coordinates":[142.8,-18.4]},"properties":{"region":2,"fire_occurred":0,"prediction":0.2156}},{"type":"Feature","geometry":{"type":"Point","coordinates":[142.8,-18.2]},"properties":{"region":2,"fire_occurred":0,"prediction":0.1742}},{"type":"Feature","geometry":{"type":"Point","coordinates":[142.9,-33.3]},"properties":{"region":2,"fire_occurred":0,"prediction":0.2439}},{"type":"Feature","geometry":{"type":"Point","coordinates":[142.9,-18.7]},"properties":{"region":2,"fire_occurred":1,"prediction":0.1241}},{"type":"Feature","geometry":{"type":"Point","coordinates":[142.9,-18.6]},"properties":{"region":2,"fire_occurred":0,"prediction":0.2395}},{"type":"Feature","geometry":{"type":"Point","coordinates":[143.0,-33.3]},"properties":{"region":2,"fire_occurred":0,"prediction":0.2282}},{"type":"Feature","geometry":{"type":"Point","coordinates":[143.2,-19.2]},"properties":{"region":2,"fire_occurred":0,"prediction":0.1341}},{"type":"Feature","geometry":{"type":"Point","coordinates":[143.3,-19.6]},"properties":{"region":2,"fire_occurred":0,"prediction":0.185}},{"type":"Feature","geometry":{"type":"Point","coordinates":[143.3,-19.2]},"properties":{"region":2,"fire_occurred":1,"prediction":0.254}},{"type":"Feature","geometry":{"type":"Point","coordinates":[143.3,-19.0]},"properties":{"region":2,"fire_occurred":0,"prediction":0.2353}},{"type":"Feature","geometry":{"type":"Point","coordinates":[143.4,-18.0]},"properties":{"region":2,"fire_occurred":0,"prediction":0.2091}},{"type":"Feature","geometry":{"type":"Point","coordinates":[143.4,-17.9]},"properties":{"region":2,"fire_occurred":0,"prediction":0.2138}},{"type":"Feature","geometry":{"type":"Point","coordinates":[143.5,-19.9]},"properties":{"region":2,"fire_occurred":0,"prediction":0.1888}},{"type":"Feature","geometry":{"type":"Point","coordinates":[143.5,-19.3]},"properties":{"region":2,"fire_occurred":0,"prediction":0.1738}},{"type":"Feature","geometry":{"type":"Point","coordinates":[143.5,-19.2]},"properties":{"region":2,"fire_occurred":0,"prediction":0.1948}},{"type":"Feature","geometry":{"type":"Point","coordinates":[143.7,-20.4]},"properties":{"region":2,"fire_occurred":0,"prediction":0.1546}},{"type":"Feature","geometry":{"type":"Point","coordinates":[143.8,-18.9]},"properties":{"region":2,"fire_occurred":0,"prediction":0.165}},{"type":"Feature","geometry":{"type":"Point","coordinates":[143.8,-18.1]},"properties":{"region":2,"fire_occurred":1,"prediction":0.19}},{"type":"Feature","geometry":{"type":"Point","coordinates":[143.9,-24.6]},"properties":{"region":2,"fire_occurred":1,"prediction":0.1252}},{"type":"Feature","geometry":{"type":"Point","coordinates":[143.9,-24.5]},"properties":{"region":2,"fire_occurred":0,"prediction":0.1027}},{"type":"Feature","geometry":{"type":"Point","coordinates":[143.9,-20.2]},"properties":{"region":2,"fire_occurred":1,"prediction":0.2144}},{"type":"Feature","geometry":{"type":"Point","coordinates":[143.9,-20.1]},"properties":{"region":2,"fire_occurred":0,"prediction":0.3013}},{"type":"Feature","geometry":{"type":"Point","coordinates":[143.9,-20.0]},"properties":{"region":2,"fire_occurred":0,"prediction":0.2058}},{"type":"Feature","geometry":{"type":"Point","coordinates":[143.9,-19.0]},"properties":{"region":2,"fire_occurred":0,"prediction":0.1358}},{"type":"Feature","geometry":{"type":"Point","coordinates":[144.0,-20.2]},"properties":{"region":2,"fire_occurred":1,"prediction":0.1786}},{"type":"Feature","geometry":{"type":"Point","coordinates":[144.0,-20.1]},"properties":{"region":2,"fire_occurred":0,"prediction":0.2989}},{"type":"Feature","geometry":{"type":"Point","coordinates":[144.0,-20.0]},"properties":{"region":2,"fire_occurred":0,"prediction":0.1978}},{"type":"Feature","geometry":{"type":"Point","coordinates":[144.1,-20.1]},"properties":{"region":2,"fire_occurred":1,"prediction":0.3085}},{"type":"Feature","geometry":{"type":"Point","coordinates":[144.1,-20.0]},"properties":{"region":2,"fire_occurred":0,"prediction":0.1756}},{"type":"Feature","geometry":{"type":"Point","coordinates":[144.3,-19.7]},"properties":{"region":2,"fire_occurred":0,"prediction":0.1436}},{"type":"Feature","geometry":{"type":"Point","coordinates":[144.5,-19.8]},"properties":{"region":2,"fire_occurred":0,"prediction":0.2096}},{"type":"Feature","geometry":{"type":"Point","coordinates":[144.6,-19.9]},"properties":{"region":2,"fire_occurred":0,"prediction":0.1179}},{"type":"Feature","geometry":{"type":"Point","coordinates":[145.0,-19.0]},"properties":{"region":2,"fire_occurred":1,"prediction":0.1542}},{"type":"Feature","geometry":{"type":"Point","coordinates":[145.0,-18.9]},"properties":{"region":2,"fire_occurred":0,"prediction":0.2451}},{"type":"Feature","geometry":{"type":"Point","coordinates":[145.0,-18.7]},"properties":{"region":2,"fire_occurred":1,"prediction":0.0957}},{"type":"Feature","geometry":{"type":"Point","coordinates":[145.1,-18.8]},"properties":{"region":2,"fire_occurred":1,"prediction":0.2583}},{"type":"Feature","geometry":{"type":"Point","coordinates":[145.1,-18.7]},"properties":{"region":2,"fire_occurred":0,"prediction":0.1475}},{"type":"Feature","geometry":{"type":"Point","coordinates":[145.1,-18.6]},"properties":{"region":2,"fire_occurred":0,"prediction":0.1697}},{"type":"Feature","geometry":{"type":"Point","coordinates":[145.2,-32.5]},"properties":{"region":2,"fire_occurred":0,"prediction":0.2377}},{"type":"Feature","geometry":{"type":"Point","coordinates":[145.2,-20.0]},"properties":{"region":2,"fire_occurred":0,"prediction":0.132}},{"type":"Feature","geometry":{"type":"Point","coordinates":[145.3,-20.3]},"properties":{"region":2,"fire_occurred":0,"prediction":0.1185}},{"type":"Feature","geometry":{"type":"Point","coordinates":[145.3,-18.7]},"properties":{"region":2,"fire_occurred":1,"prediction":0.036}},{"type":"Feature","geometry":{"type":"Point","coordinates":[145.4,-19.5]},"properties":{"region":2,"fire_occurred":0,"prediction":0.164}},{"type":"Feature","geometry":{"type":"Point","coordinates":[145.4,-19.4]},"properties":{"region":2,"fire_occurred":0,"prediction":0.3097}},{"type":"Feature","geometry":{"type":"Point","coordinates":[145.4,-18.7]},"properties":{"region":2,"fire_occurred":0,"prediction":0.1397}},{"type":"Feature","geometry":{"type":"Point","coordinates":[145.5,-34.6]},"properties":{"region":2,"fire_occurred":1,"prediction":0.0002}},{"type":"Feature","geometry":{"type":"Point","coordinates":[145.5,-20.4]},"properties":{"region":2,"fire_occurred":1,"prediction":0.301}},{"type":"Feature","geometry":{"type":"Point","coordinates":[145.5,-19.5]},"properties":{"region":2,"fire_occurred":0,"prediction":0.1233}},{"type":"Feature","geometry":{"type":"Point","coordinates":[145.5,-19.4]},"properties":{"region":2,"fire_occurred":0,"prediction":0.2879}},{"type":"Feature","geometry":{"type":"Point","coordinates":[145.5,-18.7]},"properties":{"region":2,"fire_occurred":0,"prediction":0.2717}},{"type":"Feature","geometry":{"type":"Point","coordinates":[145.6,-18.8]},"properties":{"region":2,"fire_occurred":0,"prediction":0.1823}},{"type":"Feature","geometry":{"type":"Point","coordinates":[145.7,-34.4]},"properties":{"region":2,"fire_occurred":1,"prediction":0.0002}},{"type":"Feature","geometry":{"type":"Point","coordinates":[145.7,-34.3]},"properties":{"region":2,"fire_occurred":1,"prediction":0.0002}},{"type":"Feature","geometry":{"type":"Point","coordinates":[145.7,-25.1]},"properties":{"region":2,"fire_occurred":1,"prediction":0.0191}},{"type":"Feature","geometry":{"type":"Point","coordinates":[145.7,-18.8]},"properties":{"region":2,"fire_occurred":0,"prediction":0.2195}},{"type":"Feature","geometry":{"type":"Point","coordinates":[145.9,-24.7]},"properties":{"region":2,"fire_occurred":1,"prediction":0.002}},{"type":"Feature","geometry":{"type":"Point","coordinates":[146.0,-32.8]},"properties":{"region":2,"fire_occurred":1,"prediction":0.0013}},{"type":"Feature","geometry":{"type":"Point","coordinates":[146.4,-19.5]},"properties":{"region":2,"fire_occurred":0,"prediction":0.4865}},{"type":"Feature","geometry":{"type":"Point","coordinates":[146.4,-19.4]},"properties":{"region":2,"fire_occurred":1,"prediction":0.0307}},{"type":"Feature","geometry":{"type":"Point","coordinates":[146.5,-22.3]},"properties":{"region":2,"fire_occurred":1,"prediction":0.0127}},{"type":"Feature","geometry":{"type":"Point","coordinates":[146.7,-23.1]},"properties":{"region":2,"fire_occurred":0,"prediction":0.1339}},{"type":"Feature","geometry":{"type":"Point","coordinates":[146.7,-22.5]},"properties":{"region":2,"fire_occurred":0,"prediction":0.1042}},{"type":"Feature","geometry":{"type":"Point","coordinates":[146.7,-19.7]},"properties":{"region":2,"fire_occurred":1,"prediction":0.0043}},{"type":"Feature","geometry":{"type":"Point","coordinates":[146.8,-22.6]},"properties":{"region":2,"fire_occurred":1,"prediction":0.0036}},{"type":"Feature","geometry":{"type":"Point","coordinates":[147.0,-22.7]},"properties":{"region":2,"fire_occurred":0,"prediction":0.1127}},{"type":"Feature","geometry":{"type":"Point","coordinates":[147.3,-23.9]},"properties":{"region":2,"fire_occurred":1,"prediction":0.0074}},{"type":"Feature","geometry":{"type":"Point","coordinates":[147.3,-22.9]},"properties":{"region":2,"fire_occurred":1,"prediction":0.0734}},{"type":"Feature","geometry":{"type":"Point","coordinates":[147.3,-22.3]},"properties":{"region":2,"fire_occurred":1,"prediction":0.0056}},{"type":"Feature","geometry":{"type":"Point","coordinates":[147.6,-21.5]},"properties":{"region":2,"fire_occurred":0,"prediction":0.3931}},{"type":"Feature","geometry":{"type":"Point","coordinates":[147.7,-26.3]},"properties":{"region":2,"fire_occurred":0,"prediction":0.1019}},{"type":"Feature","geometry":{"type":"Point","coordinates":[147.7,-20.6]},"properties":{"region":2,"fire_occurred":1,"prediction":0.0054}},{"type":"Feature","geometry":{"type":"Point","coordinates":[147.8,-24.5]},"properties":{"region":2,"fire_occurred":0,"prediction":0.1973}},{"type":"Feature","geometry":{"type":"Point","coordinates":[147.8,-22.3]},"properties":{"region":2,"fire_occurred":1,"prediction":0.138}},{"type":"Feature","geometry":{"type":"Point","coordinates":[147.8,-20.6]},"properties":{"region":2,"fire_occurred":0,"prediction":0.2267}},{"type":"Feature","geometry":{"type":"Point","coordinates":[147.8,-20.5]},"properties":{"region":2,"fire_occurred":1,"prediction":0.0075}},{"type":"Feature","geometry":{"type":"Point","coordinates":[147.8,-20.1]},"properties":{"region":2,"fire_occurred":1,"prediction":0.0067}},{"type":"Feature","geometry":{"type":"Point","coordinates":[147.9,-23.1]},"properties":{"region":2,"fire_occurred":0,"prediction":0.1671}},{"type":"Feature","geometry":{"type":"Point","coordinates":[147.9,-20.4]},"properties":{"region":2,"fire_occurred":1,"prediction":0.0496}},{"type":"Feature","geometry":{"type":"Point","coordinates":[147.9,-20.3]},"properties":{"region":2,"fire_occurred":0,"prediction":0.1282}},{"type":"Feature","geometry":{"type":"Point","coordinates":[148.1,-20.6]},"properties":{"region":2,"fire_occurred":1,"prediction":0.007}},{"type":"Feature","geometry":{"type":"Point","coordinates":[148.2,-21.2]},"properties":{"region":2,"fire_occurred":0,"prediction":0.1077}},{"type":"Feature","geometry":{"type":"Point","coordinates":[148.2,-21.1]},"properties":{"region":2,"fire_occurred":0,"prediction":0.1097}},{"type":"Feature","geometry":{"type":"Point","coordinates":[148.4,-21.4]},"properties":{"region":2,"fire_occurred":0,"prediction":0.1007}},{"type":"Feature","geometry":{"type":"Point","coordinates":[148.6,-21.4]},"properties":{"region":2,"fire_occurred":1,"prediction":0.0091}},{"type":"Feature","geometry":{"type":"Point","coordinates":[148.8,-22.8]},"properties":{"region":2,"fire_occurred":1,"prediction":0.0069}},{"type":"Feature","geometry":{"type":"Point","coordinates":[148.8,-21.7]},"properties":{"region":2,"fire_occurred":0,"prediction":0.1325}},{"type":"Feature","geometry":{"type":"Point","coordinates":[148.9,-21.7]},"properties":{"region":2,"fire_occurred":1,"prediction":0.2527}},{"type":"Feature","geometry":{"type":"Point","coordinates":[149.2,-23.3]},"properties":{"region":2,"fire_occurred":1,"prediction":0.0042}},{"type":"Feature","geometry":{"type":"Point","coordinates":[149.2,-23.0]},"properties":{"region":2,"fire_occurred":0,"prediction":0.1005}},{"type":"Feature","geometry":{"type":"Point","coordinates":[149.2,-22.3]},"properties":{"region":2,"fire_occurred":1,"prediction":0.014}},{"type":"Feature","geometry":{"type":"Point","coordinates":[149.3,-22.6]},"properties":{"region":2,"fire_occurred":0,"prediction":0.1383}},{"type":"Feature","geometry":{"type":"Point","coordinates":[149.3,-22.3]},"properties":{"region":2,"fire_occurred":1,"prediction":0.0095}},{"type":"Feature","geometry":{"type":"Point","coordinates":[149.3,-21.7]},"properties":{"region":2,"fire_occurred":1,"prediction":0.0129}},{"type":"Feature","geometry":{"type":"Point","coordinates":[149.4,-23.2]},"properties":{"region":2,"fire_occurred":1,"prediction":0.0127}},{"type":"Feature","geometry":{"type":"Point","coordinates":[150.2,-26.4]},"properties":{"region":2,"fire_occurred":0,"prediction":0.2322}},{"type":"Feature","geometry":{"type":"Point","coordinates":[150.2,-25.0]},"properties":{"region":2,"fire_occurred":1,"prediction":0.0036}},{"type":"Feature","geometry":{"type":"Point","coordinates":[150.3,-23.5]},"properties":{"region":2,"fire_occurred":1,"prediction":0.0048}},{"type":"Feature","geometry":{"type":"Point","coordinates":[150.6,-26.2]},"properties":{"region":2,"fire_occurred":0,"prediction":0.1718}},{"type":"Feature","geometry":{"type":"Point","coordinates":[150.7,-23.3]},"properties":{"region":2,"fire_occurred":0,"prediction":0.106}},{"type":"Feature","geometry":{"type":"Point","coordinates":[151.8,-25.0]},"properties":{"region":2,"fire_occurred":0,"prediction":0.197}},{"type":"Feature","geometry":{"type":"Point","coordinates":[152.0,-26.0]},"properties":{"region":2,"fire_occurred":0,"prediction":0.1171}},{"type":"Feature","geometry":{"type":"Point","coordinates":[152.0,-25.2]},"properties":{"region":2,"fire_occurred":0,"prediction":0.1987}},{"type":"Feature","geometry":{"type":"Point","coordinates":[152.2,-25.2]},"properties":{"region":2,"fire_occurred":0,"prediction":0.1191}},{"type":"Feature","geometry":{"type":"Point","coordinates":[-107.4,30.1]},"properties":{"region":3,"fire_occurred":1,"prediction":0.0541}},{"type":"Feature","geometry":{"type":"Point","coordinates":[-102.7,22.9]},"properties":{"region":3,"fire_occurred":1,"prediction":0.0027}},{"type":"Feature","geometry":{"type":"Point","coordinates":[-102.3,21.9]},"properties":{"region":3,"fire_occurred":1,"prediction":0.0461}},{"type":"Feature","geometry":{"type":"Point","coordinates":[-101.9,21.1]},"properties":{"region":3,"fire_occurred":1,"prediction":0.0065}},{"type":"Feature","geometry":{"type":"Point","coordinates":[-101.8,20.3]},"properties":{"region":3,"fire_occurred":0,"prediction":0.1399}},{"type":"Feature","geometry":{"type":"Point","coordinates":[-101.5,20.9]},"properties":{"region":3,"fire_occurred":0,"prediction":0.1155}},{"type":"Feature","geometry":{"type":"Point","coordinates":[-101.3,21.6]},"properties":{"region":3,"fire_occurred":1,"prediction":0.0023}},{"type":"Feature","geometry":{"type":"Point","coordinates":[-101.1,21.7]},"properties":{"region":3,"fire_occurred":1,"prediction":0.0922}},{"type":"Feature","geometry":{"type":"Point","coordinates":[-101.0,21.6]},"properties":{"region":3,"fire_occurred":1,"prediction":0.0033}},{"type":"Feature","geometry":{"type":"Point","coordinates":[-98.7,19.0]},"properties":{"region":3,"fire_occurred":0,"prediction":0.1346}},{"type":"Feature","geometry":{"type":"Point","coordinates":[-97.4,32.3]},"properties":{"region":3,"fire_occurred":1,"prediction":0.004}},{"type":"Feature","geometry":{"type":"Point","coordinates":[-95.4,30.2]},"properties":{"region":3,"fire_occurred":1,"prediction":0.0197}},{"type":"Feature","geometry":{"type":"Point","coordinates":[-95.0,29.7]},"properties":{"region":3,"fire_occurred":1,"prediction":0.0029}},{"type":"Feature","geometry":{"type":"Point","coordinates":[-95.0,40.1]},"properties":{"region":3,"fire_occurred":1,"prediction":0.0015}},{"type":"Feature","geometry":{"type":"Point","coordinates":[-94.2,30.9]},"properties":{"region":3,"fire_occurred":1,"prediction":0.0028}},{"type":"Feature","geometry":{"type":"Point","coordinates":[-93.7,30.3]},"properties":{"region":3,"fire_occurred":1,"prediction":0.0069}},{"type":"Feature","geometry":{"type":"Point","coordinates":[-92.4,31.0]},"properties":{"region":3,"fire_occurred":0,"prediction":0.3385}},{"type":"Feature","geometry":{"type":"Point","coordinates":[-92.4,39.6]},"properties":{"region":3,"fire_occurred":1,"prediction":0.0013}},{"type":"Feature","geometry":{"type":"Point","coordinates":[-92.1,30.9]},"properties":{"region":3,"fire_occurred":0,"prediction":0.1182}},{"type":"Feature","geometry":{"type":"Point","coordinates":[-92.0,30.0]},"properties":{"region":3,"fire_occurred":0,"prediction":0.1077}},{"type":"Feature","geometry":{"type":"Point","coordinates":[-91.9,30.0]},"properties":{"region":3,"fire_occurred":1,"prediction":0.0734}},{"type":"Feature","geometry":{"type":"Point","coordinates":[-91.9,30.1]},"properties":{"region":3,"fire_occurred":1,"prediction":0.1161}},{"type":"Feature","geometry":{"type":"Point","coordinates":[-91.9,30.3]},"properties":{"region":3,"fire_occurred":0,"prediction":0.1599}},{"type":"Feature","geometry":{"type":"Point","coordinates":[-91.8,30.0]},"properties":{"region":3,"fire_occurred":0,"prediction":0.1092}},{"type":"Feature","geometry":{"type":"Point","coordinates":[-91.8,30.1]},"properties":{"region":3,"fire_occurred":1,"prediction":0.1435}},{"type":"Feature","geometry":{"type":"Point","coordinates":[-91.8,30.8]},"properties":{"region":3,"fire_occurred":0,"prediction":0.2469}},{"type":"Feature","geometry":{"type":"Point","coordinates":[-91.7,30.5]},"properties":{"region":3,"fire_occurred":1,"prediction":0.0442}},{"type":"Feature","geometry":{"type":"Point","coordinates":[-91.6,30.4]},"properties":{"region":3,"fire_occurred":1,"prediction":0.077}},{"type":"Feature","geometry":{"type":"Point","coordinates":[-91.6,30.6]},"properties":{"region":3,"fire_occurred":0,"prediction":0.155}},{"type":"Feature","geometry":{"type":"Point","coordinates":[-91.5,30.4]},"properties":{"region":3,"fire_occurred":0,"prediction":0.1542}},{"type":"Feature","geometry":{"type":"Point","coordinates":[-91.4,30.5]},"properties":{"region":3,"fire_occurred":1,"prediction":0.2689}},{"type":"Feature","geometry":{"type":"Point","coordinates":[-91.3,30.2]},"properties":{"region":3,"fire_occurred":1,"prediction":0.0473}},{"type":"Feature","geometry":{"type":"Point","coordinates":[-91.3,31.9]},"properties":{"region":3,"fire_occurred":1,"prediction":0.0008}},{"type":"Feature","geometry":{"type":"Point","coordinates":[-91.2,30.1]},"properties":{"region":3,"fire_occurred":0,"prediction":0.2358}},{"type":"Feature","geometry":{"type":"Point","coordinates":[-91.2,30.2]},"properties":{"region":3,"fire_occurred":1,"prediction":0.0171}},{"type":"Feature","geometry":{"type":"Point","coordinates":[-91.1,30.0]},"properties":{"region":3,"fire_occurred":0,"prediction":0.383}},{"type":"Feature","geometry":{"type":"Point","coordinates":[-91.1,30.1]},"properties":{"region":3,"fire_occurred":0,"prediction":0.2969}},{"type":"Feature","geometry":{"type":"Point","coordinates":[-91.0,30.0]},"properties":{"region":3,"fire_occurred":0,"prediction":0.2395}},{"type":"Feature","geometry":{"type":"Point","coordinates":[-90.9,30.0]},"properties":{"region":3,"fire_occurred":0,"prediction":0.1597}},{"type":"Feature","geometry":{"type":"Point","coordinates":[-90.2,32.5]},"properties":{"region":3,"fire_occurred":1,"prediction":0.0019}},{"type":"Feature","geometry":{"type":"Point","coordinates":[-90.2,38.6]},"properties":{"region":3,"fire_occurred":0,"prediction":0.1803}},{"type":"Feature","geometry":{"type":"Point","coordinates":[-89.4,31.3]},"properties":{"region":3,"fire_occurred":1,"prediction":0.0053}},{"type":"Feature","geometry":{"type":"Point","coordinates":[-88.8,33.4]},"properties":{"region":3,"fire_occurred":1,"prediction":0.0008}},{"type":"Feature","geometry":{"type":"Point","coordinates":[-88.6,33.4]},"properties":{"region":3,"fire_occurred":0,"prediction":0.174}},{"type":"Feature","geometry":{"type":"Point","coordinates":[-88.4,36.8]},"properties":{"region":3,"fire_occurred":1,"prediction":0.0007}},{"type":"Feature","geometry":{"type":"Point","coordinates":[-88.0,31.1]},"properties":{"region":3,"fire_occurred":1,"prediction":0.0243}},{"type":"Feature","geometry":{"type":"Point","coordinates":[-86.9,34.3]},"properties":{"region":3,"fire_occurred":1,"prediction":0.0014}},{"type":"Feature","geometry":{"type":"Point","coordinates":[-84.1,35.9]},"properties":{"region":3,"fire_occurred":1,"prediction":0.0005}},{"type":"Feature","geometry":{"type":"Point","coordinates":[-83.2,30.4]},"properties":{"region":3,"fire_occurred":1,"prediction":0.018}},{"type":"Feature","geometry":{"type":"Point","coordinates":[-83.1,30.9]},"properties":{"region":3,"fire_occurred":1,"prediction":0.0217}},{"type":"Feature","geometry":{"type":"Point","coordinates":[-82.8,31.3]},"properties":{"region":3,"fire_occurred":1,"prediction":0.0092}},{"type":"Feature","geometry":{"type":"Point","coordinates":[-82.6,34.4]},"properties":{"region":3,"fire_occurred":1,"prediction":0.0005}},{"type":"Feature","geometry":{"type":"Point","coordinates":[-82.5,32.5]},"properties":{"region":3,"fire_occurred":1,"prediction":0.0257}},{"type":"Feature","geometry":{"type":"Point","coordinates":[-82.4,32.0]},"properties":{"region":3,"fire_occurred":0,"prediction":0.1322}},{"type":"Feature","geometry":{"type":"Point","coordinates":[-81.9,28.7]},"properties":{"region":3,"fire_occurred":0,"prediction":0.2763}},{"type":"Feature","geometry":{"type":"Point","coordinates":[-81.6,28.6]},"properties":{"region":3,"fire_occurred":0,"prediction":0.1344}},{"type":"Feature","geometry":{"type":"Point","coordinates":[-81.3,29.5]},"properties":{"region":3,"fire_occurred":0,"prediction":0.1359}},{"type":"Feature","geometry":{"type":"Point","coordinates":[-81.1,33.4]},"properties":{"region":3,"fire_occurred":1,"prediction":0.0059}},{"type":"Feature","geometry":{"type":"Point","coordinates":[-80.5,27.2]},"properties":{"region":3,"fire_occurred":0,"prediction":0.1214}},{"type":"Feature","geometry":{"type":"Point","coordinates":[-80.0,33.9]},"properties":{"region":3,"fire_occurred":1,"prediction":0.0047}},{"type":"Feature","geometry":{"type":"Point","coordinates":[-79.9,33.0]},"properties":{"region":3,"fire_occurred":1,"prediction":0.4219}},{"type":"Feature","geometry":{"type":"Point","coordinates":[-79.7,39.1]},"properties":{"region":3,"fire_occurred":1,"prediction":0.0002}},{"type":"Feature","geometry":{"type":"Point","coordinates":[-79.3,36.1]},"properties":{"region":3,"fire_occurred":1,"prediction":0.0006}},{"type":"Feature","geometry":{"type":"Point","coordinates":[-77.7,-0.1]},"properties":{"region":3,"fire_occurred":0,"prediction":0.2261}},{"type":"Feature","geometry":{"type":"Point","coordinates":[-76.4,-7.1]},"properties":{"region":3,"fire_occurred":1,"prediction":0.012}},{"type":"Feature","geometry":{"type":"Point","coordinates":[-76.2,36.2]},"properties":{"region":3,"fire_occurred":1,"prediction":0.0013}},{"type":"Feature","geometry":{"type":"Point","coordinates":[-73.0,-40.4]},"properties":{"region":3,"fire_occurred":0,"prediction":0.127}},{"type":"Feature","geometry":{"type":"Point","coordinates":[-72.8,-38.4]},"properties":{"region":3,"fire_occurred":0,"prediction":0.1415}},{"type":"Feature","geometry":{"type":"Point","coordinates":[-72.7,-38.1]},"properties":{"region":3,"fire_occurred":1,"prediction":0.0612}},{"type":"Feature","geometry":{"type":"Point","coordinates":[-72.5,-38.0]},"properties":{"region":3,"fire_occurred":0,"prediction":0.5054}},{"type":"Feature","geometry":{"type":"Point","coordinates":[-72.4,-37.5]},"properties":{"region":3,"fire_occurred":1,"prediction":0.0799}},{"type":"Feature","geometry":{"type":"Point","coordinates":[-72.3,-37.8]},"properties":{"region":3,"fire_occurred":0,"prediction":0.3542}},{"type":"Feature","geometry":{"type":"Point","coordinates":[-72.1,-36.7]},"properties":{"region":3,"fire_occurred":1,"prediction":0.0283}},{"type":"Feature","geometry":{"type":"Point","coordinates":[-72.0,-36.5]},"properties":{"region":3,"fire_occurred":0,"prediction":0.1749}},{"type":"Feature","geometry":{"type":"Point","coordinates":[-71.8,-41.6]},"properties":{"region":3,"fire_occurred":0,"prediction":0.1023}},{"type":"Feature","geometry":{"type":"Point","coordinates":[-71.7,-41.6]},"properties":{"region":3,"fire_occurred":1,"prediction":0.2198}},{"type":"Feature","geometry":{"type":"Point","coordinates":[-71.6,-42.1]},"properties":{"region":3,"fire_occurred":1,"prediction":0.0025}},{"type":"Feature","geometry":{"type":"Point","coordinates":[-71.6,-41.6]},"properties":{"region":3,"fire_occurred":1,"prediction":0.0592}},{"type":"Feature","geometry":{"type":"Point","coordinates":[-71.2,-39.6]},"properties":{"region":3,"fire_occurred":1,"prediction":0.03}},{"type":"Feature","geometry":{"type":"Point","coordinates":[-71.2,-39.5]},"properties":{"region":3,"fire_occurred":1,"prediction":0.1507}},{"type":"Feature","geometry":{"type":"Point","coordinates":[-71.1,-39.6]},"properties":{"region":3,"fire_occurred":1,"prediction":0.0031}},{"type":"Feature","geometry":{"type":"Point","coordinates":[-71.1,-39.5]},"properties":{"region":3,"fire_occurred":1,"prediction":0.1242}},{"type":"Feature","geometry":{"type":"Point","coordinates":[-70.9,-38.1]},"properties":{"region":3,"fire_occurred":0,"prediction":0.1048}},{"type":"Feature","geometry":{"type":"Point","coordinates":[-70.5,-34.2]},"properties":{"region":3,"fire_occurred":1,"prediction":0.9027}},{"type":"Feature","geometry":{"type":"Point","coordinates":[-69.3,9.6]},"properties":{"region":3,"fire_occurred":0,"prediction":0.1173}},{"type":"Feature","geometry":{"type":"Point","coordinates":[-68.9,-33.1]},"properties":{"region":3,"fire_occurred":1,"prediction":0.0415}},{"type":"Feature","geometry":{"type":"Point","coordinates":[-68.6,-33.1]},"properties":{"region":3,"fire_occurred":1,"prediction":0.011}},{"type":"Feature","geometry":{"type":"Point","coordinates":[-68.5,-33.2]},"properties":{"region":3,"fire_occurred":1,"prediction":0.0594}},{"type":"Feature","geometry":{"type":"Point","coordinates":[-63.8,-35.7]},"properties":{"region":3,"fire_occurred":0,"prediction":0.1428}},{"type":"Feature","geometry":{"type":"Point","coordinates":[-63.0,-35.5]},"properties":{"region":3,"fire_occurred":0,"prediction":0.1168}},{"type":"Feature","geometry":{"type":"Point","coordinates":[-62.8,-31.4]},"properties":{"region":3,"fire_occurred":1,"prediction":0.002}},{"type":"Feature","geometry":{"type":"Point","coordinates":[-62.0,-34.3]},"properties":{"region":3,"fire_occurred":1,"prediction":0.0022}},{"type":"Feature","geometry":{"type":"Point","coordinates":[-61.9,-29.3]},"properties":{"region":3,"fire_occurred":1,"prediction":0.008}},{"type":"Feature","geometry":{"type":"Point","coordinates":[-61.6,-34.9]},"properties":{"region":3,"fire_occurred":0,"prediction":0.1572}},{"type":"Feature","geometry":{"type":"Point","coordinates":[-61.6,-29.6]},"properties":{"region":3,"fire_occurred":0,"prediction":0.1441}},{"type":"Feature","geometry":{"type":"Point","coordinates":[-61.3,-30.4]},"properties":{"region":3,"fire_occurred":0,"prediction":0.1022}},{"type":"Feature","geometry":{"type":"Point","coordinates":[-61.3,-25.7]},"properties":{"region":3,"fire_occurred":1,"prediction":0.0041}},{"type":"Feature","geometry":{"type":"Point","coordinates":[-61.2,-30.5]},"properties":{"region":3,"fire_occurred":1,"prediction":0.0134}},{"type":"Feature","geometry":{"type":"Point","coordinates":[-61.2,-25.7]},"properties":{"region":3,"fire_occurred":1,"prediction":0.0041}},{"type":"Feature","geometry":{"type":"Point","coordinates":[-61.0,-24.5]},"properties":{"region":3,"fire_occurred":1,"prediction":0.0065}},{"type":"Feature","geometry":{"type":"Point","coordinates":[-61.0,-24.0]},"properties":{"region":3,"fire_occurred":0,"prediction":0.1003}},{"type":"Feature","geometry":{"type":"Point","coordinates":[-61.0,-23.7]},"properties":{"region":3,"fire_occurred":1,"prediction":0.0043}},{"type":"Feature","geometry":{"type":"Point","coordinates":[-60.9,-35.5]},"properties":{"region":3,"fire_occurred":0,"prediction":0.1293}},{"type":"Feature","geometry":{"type":"Point","coordinates":[-60.9,-28.4]},"properties":{"region":3,"fire_occurred":1,"prediction":0.0177}},{"type":"Feature","geometry":{"type":"Point","coordinates":[-60.9,-28.3]},"properties":{"region":3,"fire_occurred":1,"prediction":0.0165}},{"type":"Feature","geometry":{"type":"Point","coordinates":[-60.8,-30.2]},"properties":{"region":3,"fire_occurred":1,"prediction":0.0164}},{"type":"Feature","geometry":{"type":"Point","coordinates":[-60.8,-29.8]},"properties":{"region":3,"fire_occurred":1,"prediction":0.0199}},{"type":"Feature","geometry":{"type":"Point","coordinates":[-60.6,-30.0]},"properties":{"region":3,"fire_occurred":1,"prediction":0.0488}},{"type":"Feature","geometry":{"type":"Point","coordinates":[-60.5,-34.7]},"properties":{"region":3,"fire_occurred":0,"prediction":0.1031}},{"type":"Feature","geometry":{"type":"Point","coordinates":[-60.5,-33.0]},"properties":{"region":3,"fire_occurred":1,"prediction":0.0117}},{"type":"Feature","geometry":{"type":"Point","coordinates":[-60.5,-31.3]},"properties":{"region":3,"fire_occurred":1,"prediction":0.0244}},{"type":"Feature","geometry":{"type":"Point","coordinates":[-60.4,-31.2]},"properties":{"region":3,"fire_occurred":1,"prediction":0.0261}},{"type":"Feature","geometry":{"type":"Point","coordinates":[-60.4,-31.1]},"properties":{"region":3,"fire_occurred":1,"prediction":0.0795}},{"type":"Feature","geometry":{"type":"Point","coordinates":[-60.4,-30.6]},"properties":{"region":3,"fire_occurred":1,"prediction":0.0112}},{"type":"Feature","geometry":{"type":"Point","coordinates":[-60.4,-24.6]},"properties":{"region":3,"fire_occurred":1,"prediction":0.0178}},{"type":"Feature","geometry":{"type":"Point","coordinates":[-60.3,-31.2]},"properties":{"region":3,"fire_occurred":1,"prediction":0.0358}},{"type":"Feature","geometry":{"type":"Point","coordinates":[-60.3,-31.1]},"properties":{"region":3,"fire_occurred":1,"prediction":0.0363}},{"type":"Feature","geometry":{"type":"Point","coordinates":[-60.3,-28.2]},"properties":{"region":3,"fire_occurred":1,"prediction":0.0421}},{"type":"Feature","geometry":{"type":"Point","coordinates":[-60.2,-33.4]},"properties":{"region":3,"fire_occurred":1,"prediction":0.3458}},{"type":"Feature","geometry":{"type":"Point","coordinates":[-60.2,-30.8]},"properties":{"region":3,"fire_occurred":1,"prediction":0.0133}},{"type":"Feature","geometry":{"type":"Point","coordinates":[-60.2,-30.6]},"properties":{"region":3,"fire_occurred":1,"prediction":0.0116}},{"type":"Feature","geometry":{"type":"Point","coordinates":[-60.2,-29.2]},"properties":{"region":3,"fire_occurred":1,"prediction":0.0086}},{"type":"Feature","geometry":{"type":"Point","coordinates":[-60.2,-24.8]},"properties":{"region":3,"fire_occurred":1,"prediction":0.0324}},{"type":"Feature","geometry":{"type":"Point","coordinates":[-60.2,-24.7]},"properties":{"region":3,"fire_occurred":1,"prediction":0.0295}},{"type":"Feature","geometry":{"type":"Point","coordinates":[-60.1,-30.2]},"properties":{"region":3,"fire_occurred":1,"prediction":0.0374}},{"type":"Feature","geometry":{"type":"Point","coordinates":[-60.1,-24.0]},"properties":{"region":3,"fire_occurred":0,"prediction":0.1766}},{"type":"Feature","geometry":{"type":"Point","coordinates":[-60.0,-30.6]},"properties":{"region":3,"fire_occurred":1,"prediction":0.0102}},{"type":"Feature","geometry":{"type":"Point","coordinates":[-60.0,-30.0]},"properties":{"region":3,"fire_occurred":1,"prediction":0.0103}},{"type":"Feature","geometry":{"type":"Point","coordinates":[-60.0,-24.9]},"properties":{"region":3,"fire_occurred":1,"prediction":0.006}},{"type":"Feature","geometry":{"type":"Point","coordinates":[-60.0,-24.7]},"properties":{"region":3,"fire_occurred":1,"prediction":0.0643}},{"type":"Feature","geometry":{"type":"Point","coordinates":[-59.9,-31.2]},"properties":{"region":3,"fire_occurred":1,"prediction":0.0053}},{"type":"Feature","geometry":{"type":"Point","coordinates":[-59.9,-31.0]},"properties":{"region":3,"fire_occurred":1,"prediction":0.0366}},{"type":"Feature","geometry":{"type":"Point","coordinates":[-59.9,-30.8]},"properties":{"region":3,"fire_occurred":1,"prediction":0.0584}},{"type":"Feature","geometry":{"type":"Point","coordinates":[-59.9,-30.7]},"properties":{"region":3,"fire_occurred":1,"prediction":0.0123}},{"type":"Feature","geometry":{"type":"Point","coordinates":[-59.9,-24.3]},"properties":{"region":3,"fire_occurred":1,"prediction":0.0044}},{"type":"Feature","geometry":{"type":"Point","coordinates":[-59.8,-24.9]},"properties":{"region":3,"fire_occurred":1,"prediction":0.1389}},{"type":"Feature","geometry":{"type":"Point","coordinates":[-59.8,-24.3]},"properties":{"region":3,"fire_occurred":0,"prediction":0.1731}},{"type":"Feature","geometry":{"type":"Point","coordinates":[-59.7,-31.6]},"properties":{"region":3,"fire_occurred":1,"prediction":0.0114}},{"type":"Feature","geometry":{"type":"Point","coordinates":[-59.7,-30.9]},"properties":{"region":3,"fire_occurred":1,"prediction":0.0072}},{"type":"Feature","geometry":{"type":"Point","coordinates":[-59.7,-30.8]},"properties":{"region":3,"fire_occurred":1,"prediction":0.0044}},{"type":"Feature","geometry":{"type":"Point","coordinates":[-59.7,-25.1]},"properties":{"region":3,"fire_occurred":1,"prediction":0.0129}},{"type":"Feature","geometry":{"type":"Point","coordinates":[-59.6,-30.0]},"properties":{"region":3,"fire_occurred":1,"prediction":0.0132}},{"type":"Feature","geometry":{"type":"Point","coordinates":[-59.6,-25.1]},"properties":{"region":3,"fire_occurred":1,"prediction":0.4287}},{"type":"Feature","geometry":{"type":"Point","coordinates":[-59.6,-24.1]},"properties":{"region":3,"fire_occurred":1,"prediction":0.0108}},{"type":"Feature","geometry":{"type":"Point","coordinates":[-59.6,-23.7]},"properties":{"region":3,"fire_occurred":0,"prediction":0.1479}},{"type":"Feature","geometry":{"type":"Point","coordinates":[-59.6,-23.6]},"properties":{"region":3,"fire_occurred":0,"prediction":0.1836}},{"type":"Feature","geometry":{"type":"Point","coordinates":[-59.5,-31.7]},"properties":{"region":3,"fire_occurred":1,"prediction":0.0091}},{"type":"Feature","geometry":{"type":"Point","coordinates":[-59.5,-25.1]},"properties":{"region":3,"fire_occurred":1,"prediction":0.06}},{"type":"Feature","geometry":{"type":"Point","coordinates":[-59.5,-23.6]},"properties":{"region":3,"fire_occurred":1,"prediction":0.0543}},{"type":"Feature","geometry":{"type":"Point","coordinates":[-59.4,-33.2]},"properties":{"region":3,"fire_occurred":0,"prediction":0.1135}},{"type":"Feature","geometry":{"type":"Point","coordinates":[-59.3,-25.0]},"properties":{"region":3,"fire_occurred":1,"prediction":0.0719}},{"type":"Feature","geometry":{"type":"Point","coordinates":[-59.3,-23.4]},"properties":{"region":3,"fire_occurred":1,"prediction":0.112}},{"type":"Feature","geometry":{"type":"Point","coordinates":[-59.2,-34.0]},"properties":{"region":3,"fire_occurred":1,"prediction":0.0904}},{"type":"Feature","geometry":{"type":"Point","coordinates":[-59.2,-30.3]},"properties":{"region":3,"fire_occurred":1,"prediction":0.0097}},{"type":"Feature","geometry":{"type":"Point","coordinates":[-59.2,-23.5]},"properties":{"region":3,"fire_occurred":1,"prediction":0.1197}},{"type":"Feature","geometry":{"type":"Point","coordinates":[-59.1,-24.1]},"properties":{"region":3,"fire_occurred":1,"prediction":0.1578}},{"type":"Feature","geometry":{"type":"Point","coordinates":[-59.0,-24.8]},"properties":{"region":3,"fire_occurred":1,"prediction":0.0154}},{"type":"Feature","geometry":{"type":"Point","coordinates":[-58.9,-25.4]},"properties":{"region":3,"fire_occurred":0,"prediction":0.1948}},{"type":"Feature","geometry":{"type":"Point","coordinates":[-58.8,-25.4]},"properties":{"region":3,"fire_occurred":0,"prediction":0.1211}},{"type":"Feature","geometry":{"type":"Point","coordinates":[-58.8,-24.9]},"properties":{"region":3,"fire_occurred":1,"prediction":0.0351}},{"type":"Feature","geometry":{"type":"Point","coordinates":[-58.8,-23.5]},"properties":{"region":3,"fire_occurred":0,"prediction":0.1061}},{"type":"Feature","geometry":{"type":"Point","coordinates":[-58.7,-30.2]},"properties":{"region":3,"fire_occurred":1,"prediction":0.0144}},{"type":"Feature","geometry":{"type":"Point","coordinates":[-58.7,-25.3]},"properties":{"region":3,"fire_occurred":1,"prediction":0.0184}},{"type":"Feature","geometry":{"type":"Point","coordinates":[-58.7,-24.6]},"properties":{"region":3,"fire_occurred":0,"prediction":0.1141}},{"type":"Feature","geometry":{"type":"Point","coordinates":[-58.6,-25.4]},"properties":{"region":3,"fire_occurred":1,"prediction":0.0347}},{"type":"Feature","geometry":{"type":"Point","coordinates":[-58.5,-25.8]},"properties":{"region":3,"fire_occurred":0,"prediction":0.1708}},{"type":"Feature","geometry":{"type":"Point","coordinates":[-58.5,-25.5]},"properties":{"region":3,"fire_occurred":1,"prediction":0.0176}},{"type":"Feature","geometry":{"type":"Point","coordinates":[-58.5,-25.3]},"properties":{"region":3,"fire_occurred":1,"prediction":0.0158}},{"type":"Feature","geometry":{"type":"Point","coordinates":[-58.5,-25.1]},"properties":{"region":3,"fire_occurred":1,"prediction":0.0595}},{"type":"Feature","geometry":{"type":"Point","coordinates":[-58.5,-23.7]},"properties":{"region":3,"fire_occurred":0,"prediction":0.1552}},{"type":"Feature","geometry":{"type":"Point","coordinates":[-58.4,-24.8]},"properties":{"region":3,"fire_occurred":0,"prediction":0.1057}},{"type":"Feature","geometry":{"type":"Point","coordinates":[-58.4,-24.1]},"properties":{"region":3,"fire_occurred":1,"prediction":0.0721}},{"type":"Feature","geometry":{"type":"Point","coordinates":[-58.3,-32.7]},"properties":{"region":3,"fire_occurred":0,"prediction":0.1077}},{"type":"Feature","geometry":{"type":"Point","coordinates":[-58.3,-26.2]},"properties":{"region":3,"fire_occurred":1,"prediction":0.0162}},{"type":"Feature","geometry":{"type":"Point","coordinates":[-58.3,-25.8]},"properties":{"region":3,"fire_occurred":0,"prediction":0.1564}},{"type":"Feature","geometry":{"type":"Point","coordinates":[-58.3,-25.7]},"properties":{"region":3,"fire_occurred":1,"prediction":0.0129}},{"type":"Feature","geometry":{"type":"Point","coordinates":[-58.3,-25.6]},"properties":{"region":3,"fire_occurred":1,"prediction":0.0591}},{"type":"Feature","geometry":{"type":"Point","coordinates":[-58.3,-25.1]},"properties":{"region":3,"fire_occurred":1,"prediction":0.0535}},{"type":"Feature","geometry":{"type":"Point","coordinates":[-58.3,-24.9]},"properties":{"region":3,"fire_occurred":0,"prediction":0.1038}},{"type":"Feature","geometry":{"type":"Point","coordinates":[-58.3,-23.8]},"properties":{"region":3,"fire_occurred":0,"prediction":0.1626}},{"type":"Feature","geometry":{"type":"Point","coordinates":[-58.2,-26.0]},"properties":{"region":3,"fire_occurred":1,"prediction":0.0399}},{"type":"Feature","geometry":{"type":"Point","coordinates":[-58.1,-31.3]},"properties":{"region":3,"fire_occurred":1,"prediction":0.0237}},{"type":"Feature","geometry":{"type":"Point","coordinates":[-58.1,-30.4]},"properties":{"region":3,"fire_occurred":1,"prediction":0.0086}},{"type":"Feature","geometry":{"type":"Point","coordinates":[-58.1,-27.2]},"properties":{"region":3,"fire_occurred":1,"prediction":0.0146}},{"type":"Feature","geometry":{"type":"Point","coordinates":[-58.1,-26.6]},"properties":{"region":3,"fire_occurred":1,"prediction":0.0116}},{"type":"Feature","geometry":{"type":"Point","coordinates":[-58.1,-26.0]},"properties":{"region":3,"fire_occurred":1,"prediction":0.0174}},{"type":"Feature","geometry":{"type":"Point","coordinates":[-58.1,-25.9]},"properties":{"region":3,"fire_occurred":1,"prediction":0.015}},{"type":"Feature","geometry":{"type":"Point","coordinates":[-58.1,-25.8]},"properties":{"region":3,"fire_occurred":0,"prediction":0.1361}},{"type":"Feature","geometry":{"type":"Point","coordinates":[-58.0,-25.5]},"properties":{"region":3,"fire_occurred":1,"prediction":0.0717}},{"type":"Feature","geometry":{"type":"Point","coordinates":[-58.0,-25.4]},"properties":{"region":3,"fire_occurred":1,"prediction":0.0316}},{"type":"Feature","geometry":{"type":"Point","coordinates":[-58.0,-25.2]},"properties":{"region":3,"fire_occurred":1,"prediction":0.0244}},{"type":"Feature","geometry":{"type":"Point","coordinates":[-58.0,-25.1]},"properties":{"region":3,"fire_occurred":1,"prediction":0.0205}},{"type":"Feature","geometry":{"type":"Point","coordinates":[-57.9,-25.5]},"properties":{"region":3,"fire_occurred":1,"prediction":0.0927}},{"type":"Feature","geometry":{"type":"Point","coordinates":[-57.9,-25.4]},"properties":{"region":3,"fire_occurred":1,"prediction":0.0428}},{"type":"Feature","geometry":{"type":"Point","coordinates":[-57.9,-24.9]},"properties":{"region":3,"fire_occurred":0,"prediction":0.1012}},{"type":"Feature","geometry":{"type":"Point","coordinates":[-57.9,-24.2]},"properties":{"region":3,"fire_occurred":1,"prediction":0.0501}},{"type":"Feature","geometry":{"type":"Point","coordinates":[-57.8,-35.3]},"properties":{"region":3,"fire_occurred":1,"prediction":0.0007}},{"type":"Feature","geometry":{"type":"Point","coordinates":[-57.8,-25.9]},"properties":{"region":3,"fire_occurred":1,"prediction":0.0142}},{"type":"Feature","geometry":{"type":"Point","coordinates":[-57.8,-25.7]},"properties":{"region":3,"fire_occurred":0,"prediction":0.1017}},{"type":"Feature","geometry":{"type":"Point","coordinates":[-57.8,-25.4]},"properties":{"region":3,"fire_occurred":1,"prediction":0.0174}},{"type":"Feature","geometry":{"type":"Point","coordinates":[-57.7,-37.2]},"properties":{"region":3,"fire_occurred":1,"prediction":0.0006}},{"type":"Feature","geometry":{"type":"Point","coordinates":[-57.7,-27.0]},"properties":{"region":3,"fire_occurred":1,"prediction":0.0606}},{"type":"Feature","geometry":{"type":"Point","coordinates":[-57.6,-29.4]},"properties":{"region":3,"fire_occurred":1,"prediction":0.0032}},{"type":"Feature","geometry":{"type":"Point","coordinates":[-57.6,-27.0]},"properties":{"region":3,"fire_occurred":1,"prediction":0.0111}},{"type":"Feature","geometry":{"type":"Point","coordinates":[-57.6,-26.1]},"properties":{"region":3,"fire_occurred":0,"prediction":0.1137}},{"type":"Feature","geometry":{"type":"Point","coordinates":[-57.6,-26.0]},"properties":{"region":3,"fire_occurred":1,"prediction":0.0877}},{"type":"Feature","geometry":{"type":"Point","coordinates":[-57.6,-24.7]},"properties":{"region":3,"fire_occurred":1,"prediction":0.0452}},{"type":"Feature","geometry":{"type":"Point","coordinates":[-57.5,-29.3]},"properties":{"region":3,"fire_occurred":1,"prediction":0.0054}},{"type":"Feature","geometry":{"type":"Point","coordinates":[-57.5,-26.5]},"properties":{"region":3,"fire_occurred":1,"prediction":0.0175}},{"type":"Feature","geometry":{"type":"Point","coordinates":[-57.4,-29.3]},"properties":{"region":3,"fire_occurred":1,"prediction":0.047}},{"type":"Feature","geometry":{"type":"Point","coordinates":[-57.4,-26.7]},"properties":{"region":3,"fire_occurred":1,"prediction":0.0106}},{"type":"Feature","geometry":{"type":"Point","coordinates":[-57.4,-26.6]},"properties":{"region":3,"fire_occurred":0,"prediction":0.1004}},{"type":"Feature","geometry":{"type":"Point","coordinates":[-57.3,-27.6]},"properties":{"region":3,"fire_occurred":1,"prediction":0.0226}},{"type":"Feature","geometry":{"type":"Point","coordinates":[-57.2,-29.3]},"properties":{"region":3,"fire_occurred":1,"prediction":0.1431}},{"type":"Feature","geometry":{"type":"Point","coordinates":[-57.2,-29.1]},"properties":{"region":3,"fire_occurred":1,"prediction":0.0522}},{"type":"Feature","geometry":{"type":"Point","coordinates":[-57.2,-24.8]},"properties":{"region":3,"fire_occurred":0,"prediction":0.1134}},{"type":"Feature","geometry":{"type":"Point","coordinates":[-57.1,-29.4]},"properties":{"region":3,"fire_occurred":1,"prediction":0.0799}},{"type":"Feature","geometry":{"type":"Point","coordinates":[-57.1,-29.1]},"properties":{"region":3,"fire_occurred":1,"prediction":0.1283}},{"type":"Feature","geometry":{"type":"Point","coordinates":[-57.1,-24.5]},"properties":{"region":3,"fire_occurred":1,"prediction":0.0104}},{"type":"Feature","geometry":{"type":"Point","coordinates":[-56.9,-26.4]},"properties":{"region":3,"fire_occurred":1,"prediction":0.0171}},{"type":"Feature","geometry":{"type":"Point","coordinates":[-56.9,-24.1]},"properties":{"region":3,"fire_occurred":1,"prediction":0.0131}},{"type":"Feature","geometry":{"type":"Point","coordinates":[-56.8,-27.6]},"properties":{"region":3,"fire_occurred":1,"prediction":0.0071}},{"type":"Feature","geometry":{"type":"Point","coordinates":[-56.8,-27.3]},"properties":{"region":3,"fire_occurred":0,"prediction":0.1337}},{"type":"Feature","geometry":{"type":"Point","coordinates":[-56.7,-28.2]},"properties":{"region":3,"fire_occurred":1,"prediction":0.0074}},{"type":"Feature","geometry":{"type":"Point","coordinates":[-56.7,-26.2]},"properties":{"region":3,"fire_occurred":0,"prediction":0.2001}},{"type":"Feature","geometry":{"type":"Point","coordinates":[-56.6,-28.8]},"properties":{"region":3,"fire_occurred":1,"prediction":0.0164}},{"type":"Feature","geometry":{"type":"Point","coordinates":[-56.6,-28.4]},"properties":{"region":3,"fire_occurred":1,"prediction":0.0109}},{"type":"Feature","geometry":{"type":"Point","coordinates":[-56.6,-28.2]},"properties":{"region":3,"fire_occurred":1,"prediction":0.0076}},{"type":"Feature","geometry":{"type":"Point","coordinates":[-56.6,-26.2]},"properties":{"region":3,"fire_occurred":1,"prediction":0.0244}},{"type":"Feature","geometry":{"type":"Point","coordinates":[-56.5,-28.8]},"properties":{"region":3,"fire_occurred":1,"prediction":0.0128}},{"type":"Feature","geometry":{"type":"Point","coordinates":[-56.5,-28.4]},"properties":{"region":3,"fire_occurred":1,"prediction":0.0101}},{"type":"Feature","geometry":{"type":"Point","coordinates":[-56.4,-24.5]},"properties":{"region":3,"fire_occurred":0,"prediction":0.1025}},{"type":"Feature","geometry":{"type":"Point","coordinates":[-56.3,-27.0]},"properties":{"region":3,"fire_occurred":1,"prediction":0.0332}},{"type":"Feature","geometry":{"type":"Point","coordinates":[-56.1,-26.7]},"properties":{"region":3,"fire_occurred":0,"prediction":0.1571}},{"type":"Feature","geometry":{"type":"Point","coordinates":[-55.5,-27.3]},"properties":{"region":3,"fire_occurred":1,"prediction":0.0056}},{"type":"Feature","geometry":{"type":"Point","coordinates":[-55.4,-24.4]},"properties":{"region":3,"fire_occurred":1,"prediction":0.0128}},{"type":"Feature","geometry":{"type":"Point","coordinates":[-55.4,-24.2]},"properties":{"region":3,"fire_occurred":1,"prediction":0.0117}},{"type":"Feature","geometry":{"type":"Point","coordinates":[-55.1,-25.7]},"properties":{"region":3,"fire_occurred":1,"prediction":0.0115}},{"type":"Feature","geometry":{"type":"Point","coordinates":[-54.9,-22.4]},"properties":{"region":3,"fire_occurred":1,"prediction":0.0321}},{"type":"Feature","geometry":{"type":"Point","coordinates":[-54.5,-26.8]},"properties":{"region":3,"fire_occurred":1,"prediction":0.0139}},{"type":"Feature","geometry":{"type":"Point","coordinates":[-54.5,-22.4]},"properties":{"region":3,"fire_occurred":1,"prediction":0.0009}},{"type":"Feature","geometry":{"type":"Point","coordinates":[-54.3,-26.1]},"properties":{"region":3,"fire_occurred":1,"prediction":0.0287}},{"type":"Feature","geometry":{"type":"Point","coordinates":[-54.2,-32.4]},"properties":{"region":3,"fire_occurred":1,"prediction":0.0065}},{"type":"Feature","geometry":{"type":"Point","coordinates":[-53.1,-30.9]},"properties":{"region":3,"fire_occurred":1,"prediction":0.0024}},{"type":"Feature","geometry":{"type":"Point","coordinates":[-51.4,-24.8]},"properties":{"region":3,"fire_occurred":1,"prediction":0.0036}},{"type":"Feature","geometry":{"type":"Point","coordinates":[-51.2,-27.7]},"properties":{"region":3,"fire_occurred":1,"prediction":0.0085}},{"type":"Feature","geometry":{"type":"Point","coordinates":[-51.2,-27.3]},"properties":{"region":3,"fire_occurred":1,"prediction":0.0169}},{"type":"Feature","geometry":{"type":"Point","coordinates":[-51.0,-27.1]},"properties":{"region":3,"fire_occurred":1,"prediction":0.0083}},{"type":"Feature","geometry":{"type":"Point","coordinates":[-50.8,-29.7]},"properties":{"region":3,"fire_occurred":1,"prediction":0.0005}},{"type":"Feature","geometry":{"type":"Point","coordinates":[-50.8,-27.3]},"properties":{"region":3,"fire_occurred":1,"prediction":0.0351}},{"type":"Feature","geometry":{"type":"Point","coordinates":[-50.1,-29.0]},"properties":{"region":3,"fire_occurred":1,"prediction":0.0003}},{"type":"Feature","geometry":{"type":"Point","coordinates":[-45.3,-20.7]},"properties":{"region":3,"fire_occurred":1,"prediction":0.0005}},{"type":"Feature","geometry":{"type":"Point","coordinates":[-42.6,-19.5]},"properties":{"region":3,"fire_occurred":1,"prediction":0.0128}},{"type":"Feature","geometry":{"type":"Point","coordinates":[-3.8,51.5]},"properties":{"region":3,"fire_occurred":0,"prediction":0.104}},{"type":"Feature","geometry":{"type":"Point","coordinates":[1.2,41.1]},"properties":{"region":3,"fire_occurred":0,"prediction":0.1069}},{"type":"Feature","geometry":{"type":"Point","coordinates":[3.8,51.1]},"properties":{"region":3,"fire_occurred":0,"prediction":0.1801}},{"type":"Feature","geometry":{"type":"Point","coordinates":[6.7,51.4]},"properties":{"region":3,"fire_occurred":0,"prediction":0.1344}},{"type":"Feature","geometry":{"type":"Point","coordinates":[9.9,45.1]},"properties":{"region":3,"fire_occurred":0,"prediction":0.1072}},{"type":"Feature","geometry":{"type":"Point","coordinates":[10.3,52.1]},"properties":{"region":3,"fire_occurred":0,"prediction":0.1148}},{"type":"Feature","geometry":{"type":"Point","coordinates":[10.4,45.4]},"properties":{"region":3,"fire_occurred":0,"prediction":0.1254}},{"type":"Feature","geometry":{"type":"Point","coordinates":[10.4,52.1]},"properties":{"region":3,"fire_occurred":0,"prediction":0.1713}},{"type":"Feature","geometry":{"type":"Point","coordinates":[22.4,-15.0]},"properties":{"region":3,"fire_occurred":1,"prediction":0.0003}},{"type":"Feature","geometry":{"type":"Point","coordinates":[26.1,-10.6]},"properties":{"region":3,"fire_occurred":0,"prediction":0.1342}},{"type":"Feature","geometry":{"type":"Point","coordinates":[26.3,-12.1]},"properties":{"region":3,"fire_occurred":1,"prediction":0.3233}},{"type":"Feature","geometry":{"type":"Point","coordinates":[26.4,-12.1]},"properties":{"region":3,"fire_occurred":0,"prediction":0.2077}},{"type":"Feature","geometry":{"type":"Point","coordinates":[29.1,-25.9]},"properties":{"region":3,"fire_occurred":1,"prediction":0.0559}},{"type":"Feature","geometry":{"type":"Point","coordinates":[29.9,-12.6]},"properties":{"region":3,"fire_occurred":1,"prediction":0.0001}},{"type":"Feature","geometry":{"type":"Point","coordinates":[33.4,-9.4]},"properties":{"region":3,"fire_occurred":1,"prediction":0.024}},{"type":"Feature","geometry":{"type":"Point","coordinates":[33.4,-9.3]},"properties":{"region":3,"fire_occurred":1,"prediction":0.029}},{"type":"Feature","geometry":{"type":"Point","coordinates":[33.8,-10.9]},"properties":{"region":3,"fire_occurred":0,"prediction":0.1473}},{"type":"Feature","geometry":{"type":"Point","coordinates":[34.5,-8.3]},"properties":{"region":3,"fire_occurred":1,"prediction":0.0066}},{"type":"Feature","geometry":{"type":"Point","coordinates":[34.6,-9.4]},"properties":{"region":3,"fire_occurred":0,"prediction":0.1069}},{"type":"Feature","geometry":{"type":"Point","coordinates":[34.7,-9.4]},"properties":{"region":3,"fire_occurred":0,"prediction":0.1117}},{"type":"Feature","geometry":{"type":"Point","coordinates":[34.8,-9.3]},"properties":{"region":3,"fire_occurred":0,"prediction":0.1259}},{"type":"Feature","geometry":{"type":"Point","coordinates":[34.9,-9.9]},"properties":{"region":3,"fire_occurred":0,"prediction":0.1174}},{"type":"Feature","geometry":{"type":"Point","coordinates":[34.9,-9.8]},"properties":{"region":3,"fire_occurred":1,"prediction":0.0728}},{"type":"Feature","geometry":{"type":"Point","coordinates":[34.9,-9.7]},"properties":{"region":3,"fire_occurred":0,"prediction":0.1082}},{"type":"Feature","geometry":{"type":"Point","coordinates":[34.9,-9.3]},"properties":{"region":3,"fire_occurred":0,"prediction":0.2727}},{"type":"Feature","geometry":{"type":"Point","coordinates":[35.1,-9.0]},"properties":{"region":3,"fire_occurred":0,"prediction":0.1265}},{"type":"Feature","geometry":{"type":"Point","coordinates":[35.1,-8.9]},"properties":{"region":3,"fire_occurred":0,"prediction":0.1029}},{"type":"Feature","geometry":{"type":"Point","coordinates":[35.2,-8.9]},"properties":{"region":3,"fire_occurred":0,"prediction":0.2215}},{"type":"Feature","geometry":{"type":"Point","coordinates":[35.2,-8.6]},"properties":{"region":3,"fire_occurred":0,"prediction":0.1044}},{"type":"Feature","geometry":{"type":"Point","coordinates":[35.3,-8.8]},"properties":{"region":3,"fire_occurred":1,"prediction":0.1394}},{"type":"Feature","geometry":{"type":"Point","coordinates":[35.3,-8.7]},"properties":{"region":3,"fire_occurred":1,"prediction":0.0042}},{"type":"Feature","geometry":{"type":"Point","coordinates":[35.3,-8.5]},"properties":{"region":3,"fire_occurred":0,"prediction":0.3433}},{"type":"Feature","geometry":{"type":"Point","coordinates":[35.4,-8.8]},"properties":{"region":3,"fire_occurred":0,"prediction":0.1073}},{"type":"Feature","geometry":{"type":"Point","coordinates":[35.4,-8.7]},"properties":{"region":3,"fire_occurred":0,"prediction":0.1159}},{"type":"Feature","geometry":{"type":"Point","coordinates":[35.4,-8.5]},"properties":{"region":3,"fire_occurred":0,"prediction":0.1321}},{"type":"Feature","geometry":{"type":"Point","coordinates":[35.5,-8.7]},"properties":{"region":3,"fire_occurred":0,"prediction":0.1577}},{"type":"Feature","geometry":{"type":"Point","coordinates":[35.5,-8.6]},"properties":{"region":3,"fire_occurred":0,"prediction":0.2234}},{"type":"Feature","geometry":{"type":"Point","coordinates":[35.5,-8.5]},"properties":{"region":3,"fire_occurred":0,"prediction":0.1979}},{"type":"Feature","geometry":{"type":"Point","coordinates":[35.5,-8.4]},"properties":{"region":3,"fire_occurred":0,"prediction":0.3302}},{"type":"Feature","geometry":{"type":"Point","coordinates":[35.6,-9.0]},"properties":{"region":3,"fire_occurred":0,"prediction":0.1365}},{"type":"Feature","geometry":{"type":"Point","coordinates":[35.6,-8.9]},"properties":{"region":3,"fire_occurred":0,"prediction":0.1078}},{"type":"Feature","geometry":{"type":"Point","coordinates":[35.6,-8.6]},"properties":{"region":3,"fire_occurred":0,"prediction":0.2207}},{"type":"Feature","geometry":{"type":"Point","coordinates":[35.6,-8.5]},"properties":{"region":3,"fire_occurred":0,"prediction":0.355}},{"type":"Feature","geometry":{"type":"Point","coordinates":[35.6,-8.3]},"properties":{"region":3,"fire_occurred":0,"prediction":0.1221}},{"type":"Feature","geometry":{"type":"Point","coordinates":[35.7,-8.7]},"properties":{"region":3,"fire_occurred":0,"prediction":0.121}},{"type":"Feature","geometry":{"type":"Point","coordinates":[35.7,-8.6]},"properties":{"region":3,"fire_occurred":0,"prediction":0.1181}},{"type":"Feature","geometry":{"type":"Point","coordinates":[35.7,-8.5]},"properties":{"region":3,"fire_occurred":0,"prediction":0.2171}},{"type":"Feature","geometry":{"type":"Point","coordinates":[35.7,-8.4]},"properties":{"region":3,"fire_occurred":0,"prediction":0.228}},{"type":"Feature","geometry":{"type":"Point","coordinates":[35.7,-8.3]},"properties":{"region":3,"fire_occurred":0,"prediction":0.1611}},{"type":"Feature","geometry":{"type":"Point","coordinates":[35.8,-8.7]},"properties":{"region":3,"fire_occurred":0,"prediction":0.1904}},{"type":"Feature","geometry":{"type":"Point","coordinates":[35.8,-8.3]},"properties":{"region":3,"fire_occurred":0,"prediction":0.1044}},{"type":"Feature","geometry":{"type":"Point","coordinates":[36.9,-11.1]},"properties":{"region":3,"fire_occurred":0,"prediction":0.1137}},{"type":"Feature","geometry":{"type":"Point","coordinates":[37.2,9.9]},"properties":{"region":3,"fire_occurred":0,"prediction":0.195}},{"type":"Feature","geometry":{"type":"Point","coordinates":[37.3,9.8]},"properties":{"region":3,"fire_occurred":0,"prediction":0.1979}},{"type":"Feature","geometry":{"type":"Point","coordinates":[37.3,9.9]},"properties":{"region":3,"fire_occurred":0,"prediction":0.3575}},{"type":"Feature","geometry":{"type":"Point","coordinates":[37.4,9.8]},"properties":{"region":3,"fire_occurred":0,"prediction":0.1645}},{"type":"Feature","geometry":{"type":"Point","coordinates":[37.4,9.9]},"properties":{"region":3,"fire_occurred":0,"prediction":0.1723}},{"type":"Feature","geometry":{"type":"Point","coordinates":[37.5,8.2]},"properties":{"region":3,"fire_occurred":0,"prediction":0.1504}},{"type":"Feature","geometry":{"type":"Point","coordinates":[37.5,9.9]},"properties":{"region":3,"fire_occurred":0,"prediction":0.1702}},{"type":"Feature","geometry":{"type":"Point","coordinates":[47.1,-23.3]},"properties":{"region":3,"fire_occurred":0,"prediction":0.1077}},{"type":"Feature","geometry":{"type":"Point","coordinates":[47.2,-23.3]},"properties":{"region":3,"fire_occurred":0,"prediction":0.149}},{"type":"Feature","geometry":{"type":"Point","coordinates":[47.3,-22.1]},"properties":{"region":3,"fire_occurred":0,"prediction":0.1027}},{"type":"Feature","geometry":{"type":"Point","coordinates":[48.0,-17.7]},"properties":{"region":3,"fire_occurred":0,"prediction":0.114}},{"type":"Feature","geometry":{"type":"Point","coordinates":[48.1,-21.6]},"properties":{"region":3,"fire_occurred":0,"prediction":0.1127}},{"type":"Feature","geometry":{"type":"Point","coordinates":[48.1,-17.6]},"properties":{"region":3,"fire_occurred":1,"prediction":0.0108}},{"type":"Feature","geometry":{"type":"Point","coordinates":[48.3,-18.2]},"properties":{"region":3,"fire_occurred":0,"prediction":0.1201}},{"type":"Feature","geometry":{"type":"Point","coordinates":[48.4,-20.8]},"properties":{"region":3,"fire_occurred":0,"prediction":0.1179}},{"type":"Feature","geometry":{"type":"Point","coordinates":[48.7,-19.4]},"properties":{"region":3,"fire_occurred":0,"prediction":0.1079}},{"type":"Feature","geometry":{"type":"Point","coordinates":[48.9,-19.3]},"properties":{"region":3,"fire_occurred":0,"prediction":0.2188}},{"type":"Feature","geometry":{"type":"Point","coordinates":[48.9,-19.1]},"properties":{"region":3,"fire_occurred":0,"prediction":0.1261}},{"type":"Feature","geometry":{"type":"Point","coordinates":[48.9,-18.9]},"properties":{"region":3,"fire_occurred":0,"prediction":0.1963}},{"type":"Feature","geometry":{"type":"Point","coordinates":[48.9,-18.7]},"properties":{"region":3,"fire_occurred":1,"prediction":0.0023}},{"type":"Feature","geometry":{"type":"Point","coordinates":[48.9,-17.5]},"properties":{"region":3,"fire_occurred":1,"prediction":0.0038}},{"type":"Feature","geometry":{"type":"Point","coordinates":[48.9,-17.3]},"properties":{"region":3,"fire_occurred":1,"prediction":0.1456}},{"type":"Feature","geometry":{"type":"Point","coordinates":[49.0,-18.9]},"properties":{"region":3,"fire_occurred":0,"prediction":0.1195}},{"type":"Feature","geometry":{"type":"Point","coordinates":[49.0,-17.2]},"properties":{"region":3,"fire_occurred":0,"prediction":0.1318}},{"type":"Feature","geometry":{"type":"Point","coordinates":[49.0,-16.5]},"properties":{"region":3,"fire_occurred":0,"prediction":0.1026}},{"type":"Feature","geometry":{"type":"Point","coordinates":[49.1,-17.2]},"properties":{"region":3,"fire_occurred":0,"prediction":0.1661}},{"type":"Feature","geometry":{"type":"Point","coordinates":[49.1,-16.2]},"properties":{"region":3,"fire_occurred":0,"prediction":0.103}},{"type":"Feature","geometry":{"type":"Point","coordinates":[49.2,-18.6]},"properties":{"region":3,"fire_occurred":0,"prediction":0.1048}},{"type":"Feature","geometry":{"type":"Point","coordinates":[49.2,-18.4]},"properties":{"region":3,"fire_occurred":0,"prediction":0.1172}},{"type":"Feature","geometry":{"type":"Point","coordinates":[49.4,-17.7]},"properties":{"region":3,"fire_occurred":0,"prediction":0.107}},{"type":"Feature","geometry":{"type":"Point","coordinates":[49.4,-15.5]},"properties":{"region":3,"fire_occurred":0,"prediction":0.1023}},{"type":"Feature","geometry":{"type":"Point","coordinates":[49.4,-15.2]},"properties":{"region":3,"fire_occurred":0,"prediction":0.1474}},{"type":"Feature","geometry":{"type":"Point","coordinates":[49.5,-16.7]},"properties":{"region":3,"fire_occurred":0,"prediction":0.127}},{"type":"Feature","geometry":{"type":"Point","coordinates":[49.5,-16.0]},"properties":{"region":3,"fire_occurred":0,"prediction":0.1863}},{"type":"Feature","geometry":{"type":"Point","coordinates":[49.5,-15.9]},"properties":{"region":3,"fire_occurred":0,"prediction":0.1271}},{"type":"Feature","geometry":{"type":"Point","coordinates":[49.5,-15.8]},"properties":{"region":3,"fire_occurred":0,"prediction":0.184}},{"type":"Feature","geometry":{"type":"Point","coordinates":[49.5,-15.7]},"properties":{"region":3,"fire_occurred":0,"prediction":0.2043}},{"type":"Feature","geometry":{"type":"Point","coordinates":[49.5,-15.6]},"properties":{"region":3,"fire_occurred":0,"prediction":0.2651}},{"type":"Feature","geometry":{"type":"Point","coordinates":[49.5,-15.2]},"properties":{"region":3,"fire_occurred":0,"prediction":0.1807}},{"type":"Feature","geometry":{"type":"Point","coordinates":[49.6,-16.0]},"properties":{"region":3,"fire_occurred":0,"prediction":0.2289}},{"type":"Feature","geometry":{"type":"Point","coordinates":[49.6,-15.8]},"properties":{"region":3,"fire_occurred":0,"prediction":0.1182}},{"type":"Feature","geometry":{"type":"Point","coordinates":[49.8,-16.5]},"properties":{"region":3,"fire_occurred":0,"prediction":0.1217}},{"type":"Feature","geometry":{"type":"Point","coordinates":[49.8,-15.3]},"properties":{"region":3,"fire_occurred":0,"prediction":0.1139}},{"type":"Feature","geometry":{"type":"Point","coordinates":[51.3,32.4]},"properties":{"region":3,"fire_occurred":0,"prediction":0.7853}},{"type":"Feature","geometry":{"type":"Point","coordinates":[51.4,32.2]},"properties":{"region":3,"fire_occurred":1,"prediction":0.9653}},{"type":"Feature","geometry":{"type":"Point","coordinates":[51.5,32.4]},"properties":{"region":3,"fire_occurred":0,"prediction":0.1272}},{"type":"Feature","geometry":{"type":"Point","coordinates":[60.7,37.0]},"properties":{"region":3,"fire_occurred":0,"prediction":0.1516}},{"type":"Feature","geometry":{"type":"Point","coordinates":[60.8,37.0]},"properties":{"region":3,"fire_occurred":0,"prediction":0.1266}},{"type":"Feature","geometry":{"type":"Point","coordinates":[69.5,40.8]},"properties":{"region":3,"fire_occurred":0,"prediction":0.2682}},{"type":"Feature","geometry":{"type":"Point","coordinates":[73.8,34.1]},"properties":{"region":3,"fire_occurred":0,"prediction":0.1652}},{"type":"Feature","geometry":{"type":"Point","coordinates":[78.4,25.7]},"properties":{"region":3,"fire_occurred":1,"prediction":0.0024}},{"type":"Feature","geometry":{"type":"Point","coordinates":[79.7,29.0]},"properties":{"region":3,"fire_occurred":1,"prediction":0.0003}},{"type":"Feature","geometry":{"type":"Point","coordinates":[80.2,28.7]},"properties":{"region":3,"fire_occurred":1,"prediction":0.0025}},{"type":"Feature","geometry":{"type":"Point","coordinates":[81.6,25.7]},"properties":{"region":3,"fire_occurred":1,"prediction":0.0054}},{"type":"Feature","geometry":{"type":"Point","coordinates":[83.4,25.3]},"properties":{"region":3,"fire_occurred":0,"prediction":0.1015}},{"type":"Feature","geometry":{"type":"Point","coordinates":[84.0,24.7]},"properties":{"region":3,"fire_occurred":1,"prediction":0.0016}},{"type":"Feature","geometry":{"type":"Point","coordinates":[84.1,25.1]},"properties":{"region":3,"fire_occurred":0,"prediction":0.1528}},{"type":"Feature","geometry":{"type":"Point","coordinates":[84.4,25.3]},"properties":{"region":3,"fire_occurred":0,"prediction":0.1411}},{"type":"Feature","geometry":{"type":"Point","coordinates":[84.4,25.4]},"properties":{"region":3,"fire_occurred":0,"prediction":0.13}},{"type":"Feature","geometry":{"type":"Point","coordinates":[84.5,25.3]},"properties":{"region":3,"fire_occurred":0,"prediction":0.1292}},{"type":"Feature","geometry":{"type":"Point","coordinates":[84.6,27.1]},"properties":{"region":3,"fire_occurred":0,"prediction":0.1559}},{"type":"Feature","geometry":{"type":"Point","coordinates":[84.7,27.1]},"properties":{"region":3,"fire_occurred":0,"prediction":0.2083}},{"type":"Feature","geometry":{"type":"Point","coordinates":[85.2,28.1]},"properties":{"region":3,"fire_occurred":0,"prediction":0.1003}},{"type":"Feature","geometry":{"type":"Point","coordinates":[90.0,27.2]},"properties":{"region":3,"fire_occurred":0,"prediction":0.1062}},{"type":"Feature","geometry":{"type":"Point","coordinates":[90.9,26.7]},"properties":{"region":3,"fire_occurred":0,"prediction":0.1381}},{"type":"Feature","geometry":{"type":"Point","coordinates":[93.8,24.8]},"properties":{"region":3,"fire_occurred":0,"prediction":0.1332}},{"type":"Feature","geometry":{"type":"Point","coordinates":[94.0,23.2]},"properties":{"region":3,"fire_occurred":1,"prediction":0.0469}},{"type":"Feature","geometry":{"type":"Point","coordinates":[94.0,23.3]},"properties":{"region":3,"fire_occurred":1,"prediction":0.0292}},{"type":"Feature","geometry":{"type":"Point","coordinates":[94.0,23.4]},"properties":{"region":3,"fire_occurred":1,"prediction":0.0058}},{"type":"Feature","geometry":{"type":"Point","coordinates":[94.1,23.8]},"properties":{"region":3,"fire_occurred":1,"prediction":0.0005}},{"type":"Feature","geometry":{"type":"Point","coordinates":[94.1,27.2]},"properties":{"region":3,"fire_occurred":1,"prediction":0.001}},{"type":"Feature","geometry":{"type":"Point","coordinates":[94.3,27.2]},"properties":{"region":3,"fire_occurred":1,"prediction":0.0384}},{"type":"Feature","geometry":{"type":"Point","coordinates":[94.5,27.0]},"properties":{"region":3,"fire_occurred":1,"prediction":0.0331}},{"type":"Feature","geometry":{"type":"Point","coordinates":[94.6,28.5]},"properties":{"region":3,"fire_occurred":1,"prediction":0.0043}},{"type":"Feature","geometry":{"type":"Point","coordinates":[94.9,27.6]},"properties":{"region":3,"fire_occurred":0,"prediction":0.1711}},{"type":"Feature","geometry":{"type":"Point","coordinates":[95.0,27.7]},"properties":{"region":3,"fire_occurred":1,"prediction":0.0028}},{"type":"Feature","geometry":{"type":"Point","coordinates":[95.7,28.2]},"properties":{"region":3,"fire_occurred":1,"prediction":0.0243}},{"type":"Feature","geometry":{"type":"Point","coordinates":[96.6,25.5]},"properties":{"region":3,"fire_occurred":0,"prediction":0.123}},{"type":"Feature","geometry":{"type":"Point","coordinates":[97.0,28.2]},"properties":{"region":3,"fire_occurred":0,"prediction":0.2306}},{"type":"Feature","geometry":{"type":"Point","coordinates":[100.3,27.7]},"properties":{"region":3,"fire_occurred":0,"prediction":0.1069}},{"type":"Feature","geometry":{"type":"Point","coordinates":[100.8,27.1]},"properties":{"region":3,"fire_occurred":0,"prediction":0.2079}},{"type":"Feature","geometry":{"type":"Point","coordinates":[100.8,27.3]},"properties":{"region":3,"fire_occurred":0,"prediction":0.1658}},{"type":"Feature","geometry":{"type":"Point","coordinates":[100.9,22.0]},"properties":{"region":3,"fire_occurred":1,"prediction":0.0081}},{"type":"Feature","geometry":{"type":"Point","coordinates":[100.9,27.1]},"properties":{"region":3,"fire_occurred":0,"prediction":0.1089}},{"type":"Feature","geometry":{"type":"Point","coordinates":[101.0,27.2]},"properties":{"region":3,"fire_occurred":1,"prediction":0.4199}},{"type":"Feature","geometry":{"type":"Point","coordinates":[101.0,27.3]},"properties":{"region":3,"fire_occurred":0,"prediction":0.1438}},{"type":"Feature","geometry":{"type":"Point","coordinates":[101.0,27.4]},"properties":{"region":3,"fire_occurred":0,"prediction":0.1076}},{"type":"Feature","geometry":{"type":"Point","coordinates":[101.0,27.5]},"properties":{"region":3,"fire_occurred":1,"prediction":0.0096}},{"type":"Feature","geometry":{"type":"Point","coordinates":[101.0,27.9]},"properties":{"region":3,"fire_occurred":0,"prediction":0.1122}},{"type":"Feature","geometry":{"type":"Point","coordinates":[101.1,26.7]},"properties":{"region":3,"fire_occurred":0,"prediction":0.1853}},{"type":"Feature","geometry":{"type":"Point","coordinates":[101.1,27.2]},"properties":{"region":3,"fire_occurred":0,"prediction":0.1812}},{"type":"Feature","geometry":{"type":"Point","coordinates":[101.1,27.3]},"properties":{"region":3,"fire_occurred":0,"prediction":0.3652}},{"type":"Feature","geometry":{"type":"Point","coordinates":[101.1,27.4]},"properties":{"region":3,"fire_occurred":0,"prediction":0.3586}},{"type":"Feature","geometry":{"type":"Point","coordinates":[101.1,27.9]},"properties":{"region":3,"fire_occurred":0,"prediction":0.1228}},{"type":"Feature","geometry":{"type":"Point","coordinates":[101.2,27.2]},"properties":{"region":3,"fire_occurred":0,"prediction":0.1757}},{"type":"Feature","geometry":{"type":"Point","coordinates":[101.2,27.3]},"properties":{"region":3,"fire_occurred":0,"prediction":0.4943}},{"type":"Feature","geometry":{"type":"Point","coordinates":[101.2,27.4]},"properties":{"region":3,"fire_occurred":0,"prediction":0.3088}},{"type":"Feature","geometry":{"type":"Point","coordinates":[101.2,27.9]},"properties":{"region":3,"fire_occurred":0,"prediction":0.2264}},{"type":"Feature","geometry":{"type":"Point","coordinates":[101.3,27.3]},"properties":{"region":3,"fire_occurred":0,"prediction":0.3559}},{"type":"Feature","geometry":{"type":"Point","coordinates":[101.3,27.5]},"properties":{"region":3,"fire_occurred":0,"prediction":0.1383}},{"type":"Feature","geometry":{"type":"Point","coordinates":[101.4,26.2]},"properties":{"region":3,"fire_occurred":0,"prediction":0.1187}},{"type":"Feature","geometry":{"type":"Point","coordinates":[101.4,26.6]},"properties":{"region":3,"fire_occurred":0,"prediction":0.1221}},{"type":"Feature","geometry":{"type":"Point","coordinates":[101.4,27.5]},"properties":{"region":3,"fire_occurred":0,"prediction":0.4068}},{"type":"Feature","geometry":{"type":"Point","coordinates":[101.5,26.6]},"properties":{"region":3,"fire_occurred":0,"prediction":0.1507}},{"type":"Feature","geometry":{"type":"Point","coordinates":[101.5,27.4]},"properties":{"region":3,"fire_occurred":1,"prediction":0.0306}},{"type":"Feature","geometry":{"type":"Point","coordinates":[101.5,27.5]},"properties":{"region":3,"fire_occurred":0,"prediction":0.294}},{"type":"Feature","geometry":{"type":"Point","coordinates":[101.5,27.9]},"properties":{"region":3,"fire_occurred":0,"prediction":0.2228}},{"type":"Feature","geometry":{"type":"Point","coordinates":[101.5,28.0]},"properties":{"region":3,"fire_occurred":0,"prediction":0.4347}},{"type":"Feature","geometry":{"type":"Point","coordinates":[101.5,28.1]},"properties":{"region":3,"fire_occurred":0,"prediction":0.1831}},{"type":"Feature","geometry":{"type":"Point","coordinates":[101.6,26.5]},"properties":{"region":3,"fire_occurred":1,"prediction":0.8357}},{"type":"Feature","geometry":{"type":"Point","coordinates":[101.6,26.6]},"properties":{"region":3,"fire_occurred":0,"prediction":0.1384}},{"type":"Feature","geometry":{"type":"Point","coordinates":[101.6,27.5]},"properties":{"region":3,"fire_occurred":0,"prediction":0.2075}},{"type":"Feature","geometry":{"type":"Point","coordinates":[101.6,27.9]},"properties":{"region":3,"fire_occurred":0,"prediction":0.2445}},{"type":"Feature","geometry":{"type":"Point","coordinates":[101.6,28.0]},"properties":{"region":3,"fire_occurred":0,"prediction":0.1553}},{"type":"Feature","geometry":{"type":"Point","coordinates":[101.6,28.2]},"properties":{"region":3,"fire_occurred":1,"prediction":0.0046}},{"type":"Feature","geometry":{"type":"Point","coordinates":[101.7,27.6]},"properties":{"region":3,"fire_occurred":1,"prediction":0.0282}},{"type":"Feature","geometry":{"type":"Point","coordinates":[101.8,26.5]},"properties":{"region":3,"fire_occurred":0,"prediction":0.1487}},{"type":"Feature","geometry":{"type":"Point","coordinates":[102.1,28.3]},"properties":{"region":3,"fire_occurred":1,"prediction":0.0064}},{"type":"Feature","geometry":{"type":"Point","coordinates":[102.2,27.7]},"properties":{"region":3,"fire_occurred":1,"prediction":0.5993}},{"type":"Feature","geometry":{"type":"Point","coordinates":[102.2,28.0]},"properties":{"region":3,"fire_occurred":1,"prediction":0.0079}},{"type":"Feature","geometry":{"type":"Point","coordinates":[102.2,28.1]},"properties":{"region":3,"fire_occurred":1,"prediction":0.0055}},{"type":"Feature","geometry":{"type":"Point","coordinates":[102.2,28.3]},"properties":{"region":3,"fire_occurred":1,"prediction":0.0392}},{"type":"Feature","geometry":{"type":"Point","coordinates":[102.3,28.3]},"properties":{"region":3,"fire_occurred":1,"prediction":0.0327}},{"type":"Feature","geometry":{"type":"Point","coordinates":[102.4,28.3]},"properties":{"region":3,"fire_occurred":1,"prediction":0.0147}},{"type":"Feature","geometry":{"type":"Point","coordinates":[102.6,27.5]},"properties":{"region":3,"fire_occurred":0,"prediction":0.1115}},{"type":"Feature","geometry":{"type":"Point","coordinates":[102.6,27.6]},"properties":{"region":3,"fire_occurred":1,"prediction":0.0127}},{"type":"Feature","geometry":{"type":"Point","coordinates":[102.8,26.9]},"properties":{"region":3,"fire_occurred":0,"prediction":0.1189}},{"type":"Feature","geometry":{"type":"Point","coordinates":[102.9,22.7]},"properties":{"region":3,"fire_occurred":1,"prediction":0.0123}},{"type":"Feature","geometry":{"type":"Point","coordinates":[103.2,27.6]},"properties":{"region":3,"fire_occurred":1,"prediction":0.0054}},{"type":"Feature","geometry":{"type":"Point","coordinates":[103.6,26.5]},"properties":{"region":3,"fire_occurred":0,"prediction":0.1352}},{"type":"Feature","geometry":{"type":"Point","coordinates":[103.6,27.0]},"properties":{"region":3,"fire_occurred":0,"prediction":0.1206}},{"type":"Feature","geometry":{"type":"Point","coordinates":[103.7,27.1]},"properties":{"region":3,"fire_occurred":0,"prediction":0.1159}},{"type":"Feature","geometry":{"type":"Point","coordinates":[103.7,27.2]},"properties":{"region":3,"fire_occurred":0,"prediction":0.1031}},{"type":"Feature","geometry":{"type":"Point","coordinates":[103.8,26.9]},"properties":{"region":3,"fire_occurred":0,"prediction":0.1785}},{"type":"Feature","geometry":{"type":"Point","coordinates":[104.0,26.7]},"properties":{"region":3,"fire_occurred":0,"prediction":0.1537}},{"type":"Feature","geometry":{"type":"Point","coordinates":[104.0,26.8]},"properties":{"region":3,"fire_occurred":0,"prediction":0.1576}},{"type":"Feature","geometry":{"type":"Point","coordinates":[104.1,27.3]},"properties":{"region":3,"fire_occurred":1,"prediction":0.0082}},{"type":"Feature","geometry":{"type":"Point","coordinates":[104.3,26.7]},"properties":{"region":3,"fire_occurred":0,"prediction":0.1018}},{"type":"Feature","geometry":{"type":"Point","coordinates":[104.5,21.0]},"properties":{"region":3,"fire_occurred":1,"prediction":0.023}},{"type":"Feature","geometry":{"type":"Point","coordinates":[104.5,21.8]},"properties":{"region":3,"fire_occurred":1,"prediction":0.0431}},{"type":"Feature","geometry":{"type":"Point","coordinates":[104.6,22.3]},"properties":{"region":3,"fire_occurred":1,"prediction":0.011}},{"type":"Feature","geometry":{"type":"Point","coordinates":[104.7,26.7]},"properties":{"region":3,"fire_occurred":0,"prediction":0.1111}},{"type":"Feature","geometry":{"type":"Point","coordinates":[104.8,26.9]},"properties":{"region":3,"fire_occurred":1,"prediction":0.0898}},{"type":"Feature","geometry":{"type":"Point","coordinates":[104.9,21.4]},"properties":{"region":3,"fire_occurred":1,"prediction":0.0982}},{"type":"Feature","geometry":{"type":"Point","coordinates":[105.0,22.4]},"properties":{"region":3,"fire_occurred":1,"prediction":0.0413}},{"type":"Feature","geometry":{"type":"Point","coordinates":[105.1,24.3]},"properties":{"region":3,"fire_occurred":1,"prediction":0.038}},{"type":"Feature","geometry":{"type":"Point","coordinates":[105.4,24.1]},"properties":{"region":3,"fire_occurred":0,"prediction":0.1447}},{"type":"Feature","geometry":{"type":"Point","coordinates":[105.5,20.7]},"properties":{"region":3,"fire_occurred":0,"prediction":0.1118}},{"type":"Feature","geometry":{"type":"Point","coordinates":[105.7,24.5]},"properties":{"region":3,"fire_occurred":1,"prediction":0.0417}},{"type":"Feature","geometry":{"type":"Point","coordinates":[105.8,24.4]},"properties":{"region":3,"fire_occurred":1,"prediction":0.022}},{"type":"Feature","geometry":{"type":"Point","coordinates":[105.8,24.5]},"properties":{"region":3,"fire_occurred":1,"prediction":0.0334}},{"type":"Feature","geometry":{"type":"Point","coordinates":[105.9,24.4]},"properties":{"region":3,"fire_occurred":1,"prediction":0.0135}},{"type":"Feature","geometry":{"type":"Point","coordinates":[106.0,24.4]},"properties":{"region":3,"fire_occurred":1,"prediction":0.0238}},{"type":"Feature","geometry":{"type":"Point","coordinates":[106.1,21.8]},"properties":{"region":3,"fire_occurred":1,"prediction":0.0553}},{"type":"Feature","geometry":{"type":"Point","coordinates":[106.2,22.2]},"properties":{"region":3,"fire_occurred":1,"prediction":0.0111}},{"type":"Feature","geometry":{"type":"Point","coordinates":[106.2,23.7]},"properties":{"region":3,"fire_occurred":1,"prediction":0.0104}},{"type":"Feature","geometry":{"type":"Point","coordinates":[106.2,23.8]},"properties":{"region":3,"fire_occurred":1,"prediction":0.0186}},{"type":"Feature","geometry":{"type":"Point","coordinates":[106.2,24.1]},"properties":{"region":3,"fire_occurred":1,"prediction":0.0325}},{"type":"Feature","geometry":{"type":"Point","coordinates":[106.2,24.2]},"properties":{"region":3,"fire_occurred":1,"prediction":0.0492}},{"type":"Feature","geometry":{"type":"Point","coordinates":[106.3,21.4]},"properties":{"region":3,"fire_occurred":1,"prediction":0.0201}},{"type":"Feature","geometry":{"type":"Point","coordinates":[106.3,24.1]},"properties":{"region":3,"fire_occurred":1,"prediction":0.0519}},{"type":"Feature","geometry":{"type":"Point","coordinates":[106.4,22.8]},"properties":{"region":3,"fire_occurred":0,"prediction":0.1169}},{"type":"Feature","geometry":{"type":"Point","coordinates":[106.5,21.2]},"properties":{"region":3,"fire_occurred":1,"prediction":0.0186}},{"type":"Feature","geometry":{"type":"Point","coordinates":[106.6,21.2]},"properties":{"region":3,"fire_occurred":0,"prediction":0.1383}},{"type":"Feature","geometry":{"type":"Point","coordinates":[106.6,22.3]},"properties":{"region":3,"fire_occurred":1,"prediction":0.0221}},{"type":"Feature","geometry":{"type":"Point","coordinates":[106.7,21.3]},"properties":{"region":3,"fire_occurred":1,"prediction":0.0382}},{"type":"Feature","geometry":{"type":"Point","coordinates":[106.7,21.7]},"properties":{"region":3,"fire_occurred":1,"prediction":0.0537}},{"type":"Feature","geometry":{"type":"Point","coordinates":[106.7,24.1]},"properties":{"region":3,"fire_occurred":1,"prediction":0.0154}},{"type":"Feature","geometry":{"type":"Point","coordinates":[106.8,21.7]},"properties":{"region":3,"fire_occurred":1,"prediction":0.0312}},{"type":"Feature","geometry":{"type":"Point","coordinates":[106.9,21.0]},"properties":{"region":3,"fire_occurred":1,"prediction":0.1374}},{"type":"Feature","geometry":{"type":"Point","coordinates":[106.9,21.6]},"properties":{"region":3,"fire_occurred":1,"prediction":0.039}},{"type":"Feature","geometry":{"type":"Point","coordinates":[107.0,21.5]},"properties":{"region":3,"fire_occurred":0,"prediction":0.1037}},{"type":"Feature","geometry":{"type":"Point","coordinates":[107.1,21.5]},"properties":{"region":3,"fire_occurred":0,"prediction":0.1544}},{"type":"Feature","geometry":{"type":"Point","coordinates":[107.1,22.0]},"properties":{"region":3,"fire_occurred":1,"prediction":0.0376}},{"type":"Feature","geometry":{"type":"Point","coordinates":[107.2,21.5]},"properties":{"region":3,"fire_occurred":0,"prediction":0.1174}},{"type":"Feature","geometry":{"type":"Point","coordinates":[107.3,22.0]},"properties":{"region":3,"fire_occurred":1,"prediction":0.0029}},{"type":"Feature","geometry":{"type":"Point","coordinates":[107.4,22.2]},"properties":{"region":3,"fire_occurred":0,"prediction":0.11}},{"type":"Feature","geometry":{"type":"Point","coordinates":[107.5,21.9]},"properties":{"region":3,"fire_occurred":0,"prediction":0.1067}},{"type":"Feature","geometry":{"type":"Point","coordinates":[107.5,22.4]},"properties":{"region":3,"fire_occurred":1,"prediction":0.0359}},{"type":"Feature","geometry":{"type":"Point","coordinates":[107.7,23.4]},"properties":{"region":3,"fire_occurred":1,"prediction":0.0322}},{"type":"Feature","geometry":{"type":"Point","coordinates":[107.9,22.2]},"properties":{"region":3,"fire_occurred":1,"prediction":0.0341}},{"type":"Feature","geometry":{"type":"Point","coordinates":[107.9,23.4]},"properties":{"region":3,"fire_occurred":1,"prediction":0.0704}},{"type":"Feature","geometry":{"type":"Point","coordinates":[108.0,22.2]},"properties":{"region":3,"fire_occurred":1,"prediction":0.0401}},{"type":"Feature","geometry":{"type":"Point","coordinates":[108.0,23.3]},"properties":{"region":3,"fire_occurred":0,"prediction":0.1337}},{"type":"Feature","geometry":{"type":"Point","coordinates":[108.0,23.4]},"properties":{"region":3,"fire_occurred":0,"prediction":0.1122}},{"type":"Feature","geometry":{"type":"Point","coordinates":[108.1,22.1]},"properties":{"region":3,"fire_occurred":0,"prediction":0.108}},{"type":"Feature","geometry":{"type":"Point","coordinates":[108.1,23.5]},"properties":{"region":3,"fire_occurred":1,"prediction":0.0597}},{"type":"Feature","geometry":{"type":"Point","coordinates":[108.4,22.4]},"properties":{"region":3,"fire_occurred":1,"prediction":0.0312}},{"type":"Feature","geometry":{"type":"Point","coordinates":[108.6,23.3]},"properties":{"region":3,"fire_occurred":1,"prediction":0.0541}},{"type":"Feature","geometry":{"type":"Point","coordinates":[108.6,23.5]},"properties":{"region":3,"fire_occurred":0,"prediction":0.1018}},{"type":"Feature","geometry":{"type":"Point","coordinates":[108.6,23.6]},"properties":{"region":3,"fire_occurred":1,"prediction":0.092}},{"type":"Feature","geometry":{"type":"Point","coordinates":[108.7,23.2]},"properties":{"region":3,"fire_occurred":1,"prediction":0.0288}},{"type":"Feature","geometry":{"type":"Point","coordinates":[108.7,23.3]},"properties":{"region":3,"fire_occurred":1,"prediction":0.0385}},{"type":"Feature","geometry":{"type":"Point","coordinates":[108.8,22.9]},"properties":{"region":3,"fire_occurred":1,"prediction":0.0948}},{"type":"Feature","geometry":{"type":"Point","coordinates":[108.8,23.0]},"properties":{"region":3,"fire_occurred":1,"prediction":0.1032}},{"type":"Feature","geometry":{"type":"Point","coordinates":[108.8,23.5]},"properties":{"region":3,"fire_occurred":0,"prediction":0.1086}},{"type":"Feature","geometry":{"type":"Point","coordinates":[108.8,24.8]},"properties":{"region":3,"fire_occurred":1,"prediction":0.0095}},{"type":"Feature","geometry":{"type":"Point","coordinates":[108.8,25.1]},"properties":{"region":3,"fire_occurred":1,"prediction":0.0053}},{"type":"Feature","geometry":{"type":"Point","coordinates":[109.0,22.3]},"properties":{"region":3,"fire_occurred":1,"prediction":0.009}},{"type":"Feature","geometry":{"type":"Point","coordinates":[109.0,24.9]},"properties":{"region":3,"fire_occurred":1,"prediction":0.023}},{"type":"Feature","geometry":{"type":"Point","coordinates":[109.1,26.5]},"properties":{"region":3,"fire_occurred":1,"prediction":0.1181}},{"type":"Feature","geometry":{"type":"Point","coordinates":[109.2,26.5]},"properties":{"region":3,"fire_occurred":1,"prediction":0.0273}},{"type":"Feature","geometry":{"type":"Point","coordinates":[109.3,23.7]},"properties":{"region":3,"fire_occurred":1,"prediction":0.0076}},{"type":"Feature","geometry":{"type":"Point","coordinates":[109.3,24.3]},"properties":{"region":3,"fire_occurred":0,"prediction":0.3606}},{"type":"Feature","geometry":{"type":"Point","coordinates":[109.3,24.7]},"properties":{"region":3,"fire_occurred":1,"prediction":0.0176}},{"type":"Feature","geometry":{"type":"Point","coordinates":[109.3,26.5]},"properties":{"region":3,"fire_occurred":1,"prediction":0.0128}},{"type":"Feature","geometry":{"type":"Point","coordinates":[109.4,25.1]},"properties":{"region":3,"fire_occurred":1,"prediction":0.0206}},{"type":"Feature","geometry":{"type":"Point","coordinates":[109.5,23.2]},"properties":{"region":3,"fire_occurred":1,"prediction":0.0062}},{"type":"Feature","geometry":{"type":"Point","coordinates":[109.6,24.3]},"properties":{"region":3,"fire_occurred":1,"prediction":0.0124}},{"type":"Feature","geometry":{"type":"Point","coordinates":[109.7,24.6]},"properties":{"region":3,"fire_occurred":0,"prediction":0.1128}},{"type":"Feature","geometry":{"type":"Point","coordinates":[110.7,26.3]},"properties":{"region":3,"fire_occurred":1,"prediction":0.0221}},{"type":"Feature","geometry":{"type":"Point","coordinates":[111.7,25.0]},"properties":{"region":3,"fire_occurred":1,"prediction":0.0079}},{"type":"Feature","geometry":{"type":"Point","coordinates":[111.8,25.0]},"properties":{"region":3,"fire_occurred":1,"prediction":0.0044}},{"type":"Feature","geometry":{"type":"Point","coordinates":[111.9,26.9]},"properties":{"region":3,"fire_occurred":1,"prediction":0.0207}},{"type":"Feature","geometry":{"type":"Point","coordinates":[112.0,26.3]},"properties":{"region":3,"fire_occurred":0,"prediction":0.1029}},{"type":"Feature","geometry":{"type":"Point","coordinates":[112.0,30.1]},"properties":{"region":3,"fire_occurred":0,"prediction":0.1054}},{"type":"Feature","geometry":{"type":"Point","coordinates":[112.2,26.1]},"properties":{"region":3,"fire_occurred":1,"prediction":0.0634}},{"type":"Feature","geometry":{"type":"Point","coordinates":[112.6,29.1]},"properties":{"region":3,"fire_occurred":0,"prediction":0.1086}},{"type":"Feature","geometry":{"type":"Point","coordinates":[112.6,29.9]},"properties":{"region":3,"fire_occurred":0,"prediction":0.1298}},{"type":"Feature","geometry":{"type":"Point","coordinates":[112.6,30.2]},"properties":{"region":3,"fire_occurred":0,"prediction":0.1146}},{"type":"Feature","geometry":{"type":"Point","coordinates":[112.8,30.1]},"properties":{"region":3,"fire_occurred":0,"prediction":0.1019}},{"type":"Feature","geometry":{"type":"Point","coordinates":[112.8,30.2]},"properties":{"region":3,"fire_occurred":0,"prediction":0.1008}},{"type":"Feature","geometry":{"type":"Point","coordinates":[113.0,30.3]},"properties":{"region":3,"fire_occurred":0,"prediction":0.1003}},{"type":"Feature","geometry":{"type":"Point","coordinates":[113.1,30.2]},"properties":{"region":3,"fire_occurred":0,"prediction":0.1458}},{"type":"Feature","geometry":{"type":"Point","coordinates":[113.1,30.4]},"properties":{"region":3,"fire_occurred":0,"prediction":0.1136}},{"type":"Feature","geometry":{"type":"Point","coordinates":[113.2,30.5]},"properties":{"region":3,"fire_occurred":0,"prediction":0.2782}},{"type":"Feature","geometry":{"type":"Point","coordinates":[113.2,30.6]},"properties":{"region":3,"fire_occurred":0,"prediction":0.2175}},{"type":"Feature","geometry":{"type":"Point","coordinates":[113.2,30.7]},"properties":{"region":3,"fire_occurred":1,"prediction":0.1972}},{"type":"Feature","geometry":{"type":"Point","coordinates":[113.2,30.8]},"properties":{"region":3,"fire_occurred":1,"prediction":0.0204}},{"type":"Feature","geometry":{"type":"Point","coordinates":[113.2,34.2]},"properties":{"region":3,"fire_occurred":1,"prediction":0.0006}},{"type":"Feature","geometry":{"type":"Point","coordinates":[113.3,28.9]},"properties":{"region":3,"fire_occurred":1,"prediction":0.0047}},{"type":"Feature","geometry":{"type":"Point","coordinates":[113.3,30.5]},"properties":{"region":3,"fire_occurred":0,"prediction":0.1539}},{"type":"Feature","geometry":{"type":"Point","coordinates":[113.3,30.6]},"properties":{"region":3,"fire_occurred":0,"prediction":0.2433}},{"type":"Feature","geometry":{"type":"Point","coordinates":[113.3,30.7]},"properties":{"region":3,"fire_occurred":0,"prediction":0.1021}},{"type":"Feature","geometry":{"type":"Point","coordinates":[113.3,30.8]},"properties":{"region":3,"fire_occurred":0,"prediction":0.1018}},{"type":"Feature","geometry":{"type":"Point","coordinates":[113.4,27.1]},"properties":{"region":3,"fire_occurred":0,"prediction":0.1566}},{"type":"Feature","geometry":{"type":"Point","coordinates":[113.4,30.6]},"properties":{"region":3,"fire_occurred":0,"prediction":0.2808}},{"type":"Feature","geometry":{"type":"Point","coordinates":[113.4,30.7]},"properties":{"region":3,"fire_occurred":1,"prediction":0.035}},{"type":"Feature","geometry":{"type":"Point","coordinates":[113.5,30.4]},"properties":{"region":3,"fire_occurred":0,"prediction":0.1163}},{"type":"Feature","geometry":{"type":"Point","coordinates":[113.5,30.5]},"properties":{"region":3,"fire_occurred":0,"prediction":0.19}},{"type":"Feature","geometry":{"type":"Point","coordinates":[113.5,30.6]},"properties":{"region":3,"fire_occurred":0,"prediction":0.2773}},{"type":"Feature","geometry":{"type":"Point","coordinates":[113.6,28.9]},"properties":{"region":3,"fire_occurred":1,"prediction":0.0233}},{"type":"Feature","geometry":{"type":"Point","coordinates":[113.6,30.9]},"properties":{"region":3,"fire_occurred":0,"prediction":0.1127}},{"type":"Feature","geometry":{"type":"Point","coordinates":[113.7,30.5]},"properties":{"region":3,"fire_occurred":0,"prediction":0.2351}},{"type":"Feature","geometry":{"type":"Point","coordinates":[113.8,31.3]},"properties":{"region":3,"fire_occurred":1,"prediction":0.0318}},{"type":"Feature","geometry":{"type":"Point","coordinates":[114.0,31.0]},"properties":{"region":3,"fire_occurred":1,"prediction":0.0384}},{"type":"Feature","geometry":{"type":"Point","coordinates":[114.0,31.4]},"properties":{"region":3,"fire_occurred":1,"prediction":0.0175}},{"type":"Feature","geometry":{"type":"Point","coordinates":[114.1,30.1]},"properties":{"region":3,"fire_occurred":0,"prediction":0.2106}},{"type":"Feature","geometry":{"type":"Point","coordinates":[114.1,30.9]},"properties":{"region":3,"fire_occurred":0,"prediction":0.1724}},{"type":"Feature","geometry":{"type":"Point","coordinates":[114.1,31.0]},"properties":{"region":3,"fire_occurred":0,"prediction":0.103}},{"type":"Feature","geometry":{"type":"Point","coordinates":[114.2,30.8]},"properties":{"region":3,"fire_occurred":1,"prediction":0.1178}},{"type":"Feature","geometry":{"type":"Point","coordinates":[114.2,30.9]},"properties":{"region":3,"fire_occurred":0,"prediction":0.1449}},{"type":"Feature","geometry":{"type":"Point","coordinates":[114.3,30.8]},"properties":{"region":3,"fire_occurred":0,"prediction":0.1041}},{"type":"Feature","geometry":{"type":"Point","coordinates":[114.4,30.6]},"properties":{"region":3,"fire_occurred":0,"prediction":0.1035}},{"type":"Feature","geometry":{"type":"Point","coordinates":[114.4,30.8]},"properties":{"region":3,"fire_occurred":0,"prediction":0.1036}},{"type":"Feature","geometry":{"type":"Point","coordinates":[114.5,30.8]},"properties":{"region":3,"fire_occurred":1,"prediction":0.1343}},{"type":"Feature","geometry":{"type":"Point","coordinates":[114.7,30.5]},"properties":{"region":3,"fire_occurred":1,"prediction":0.0052}},{"type":"Feature","geometry":{"type":"Point","coordinates":[114.7,30.9]},"properties":{"region":3,"fire_occurred":1,"prediction":0.0339}},{"type":"Feature","geometry":{"type":"Point","coordinates":[114.8,31.0]},"properties":{"region":3,"fire_occurred":1,"prediction":0.0317}},{"type":"Feature","geometry":{"type":"Point","coordinates":[114.9,27.7]},"properties":{"region":3,"fire_occurred":0,"prediction":0.1637}},{"type":"Feature","geometry":{"type":"Point","coordinates":[115.1,29.8]},"properties":{"region":3,"fire_occurred":0,"prediction":0.1074}},{"type":"Feature","geometry":{"type":"Point","coordinates":[115.4,32.0]},"properties":{"region":3,"fire_occurred":0,"prediction":0.1437}},{"type":"Feature","geometry":{"type":"Point","coordinates":[115.5,32.3]},"properties":{"region":3,"fire_occurred":0,"prediction":0.1239}},{"type":"Feature","geometry":{"type":"Point","coordinates":[115.6,32.1]},"properties":{"region":3,"fire_occurred":0,"prediction":0.1143}},{"type":"Feature","geometry":{"type":"Point","coordinates":[115.6,32.3]},"properties":{"region":3,"fire_occurred":0,"prediction":0.1442}},{"type":"Feature","geometry":{"type":"Point","coordinates":[115.8,30.4]},"properties":{"region":3,"fire_occurred":1,"prediction":0.0069}},{"type":"Feature","geometry":{"type":"Point","coordinates":[115.8,32.1]},"properties":{"region":3,"fire_occurred":0,"prediction":0.1577}},{"type":"Feature","geometry":{"type":"Point","coordinates":[115.8,32.3]},"properties":{"region":3,"fire_occurred":0,"prediction":0.1363}},{"type":"Feature","geometry":{"type":"Point","coordinates":[115.9,31.9]},"properties":{"region":3,"fire_occurred":0,"prediction":0.107}},{"type":"Feature","geometry":{"type":"Point","coordinates":[116.0,31.7]},"properties":{"region":3,"fire_occurred":1,"prediction":0.0495}},{"type":"Feature","geometry":{"type":"Point","coordinates":[116.1,32.0]},"properties":{"region":3,"fire_occurred":0,"prediction":0.1368}},{"type":"Feature","geometry":{"type":"Point","coordinates":[116.2,31.7]},"properties":{"region":3,"fire_occurred":1,"prediction":0.0035}},{"type":"Feature","geometry":{"type":"Point","coordinates":[116.3,32.6]},"properties":{"region":3,"fire_occurred":1,"prediction":0.0052}},{"type":"Feature","geometry":{"type":"Point","coordinates":[116.4,32.8]},"properties":{"region":3,"fire_occurred":1,"prediction":0.0021}},{"type":"Feature","geometry":{"type":"Point","coordinates":[116.5,32.3]},"properties":{"region":3,"fire_occurred":1,"prediction":0.0121}},{"type":"Feature","geometry":{"type":"Point","coordinates":[116.5,33.6]},"properties":{"region":3,"fire_occurred":1,"prediction":0.0274}},{"type":"Feature","geometry":{"type":"Point","coordinates":[116.6,30.3]},"properties":{"region":3,"fire_occurred":1,"prediction":0.0166}},{"type":"Feature","geometry":{"type":"Point","coordinates":[116.7,31.3]},"properties":{"region":3,"fire_occurred":1,"prediction":0.0149}},{"type":"Feature","geometry":{"type":"Point","coordinates":[116.7,32.1]},"properties":{"region":3,"fire_occurred":1,"prediction":0.0572}},{"type":"Feature","geometry":{"type":"Point","coordinates":[116.8,32.1]},"properties":{"region":3,"fire_occurred":1,"prediction":0.103}},{"type":"Feature","geometry":{"type":"Point","coordinates":[116.8,32.2]},"properties":{"region":3,"fire_occurred":1,"prediction":0.0412}},{"type":"Feature","geometry":{"type":"Point","coordinates":[116.8,32.7]},"properties":{"region":3,"fire_occurred":1,"prediction":0.0006}},{"type":"Feature","geometry":{"type":"Point","coordinates":[116.9,32.1]},"properties":{"region":3,"fire_occurred":0,"prediction":0.1684}},{"type":"Feature","geometry":{"type":"Point","coordinates":[116.9,32.4]},"properties":{"region":3,"fire_occurred":1,"prediction":0.0541}},{"type":"Feature","geometry":{"type":"Point","coordinates":[116.9,32.7]},"properties":{"region":3,"fire_occurred":1,"prediction":0.0164}},{"type":"Feature","geometry":{"type":"Point","coordinates":[116.9,33.6]},"properties":{"region":3,"fire_occurred":1,"prediction":0.0003}},{"type":"Feature","geometry":{"type":"Point","coordinates":[117.0,32.1]},"properties":{"region":3,"fire_occurred":1,"prediction":0.0086}},{"type":"Feature","geometry":{"type":"Point","coordinates":[117.0,32.2]},"properties":{"region":3,"fire_occurred":1,"prediction":0.0656}},{"type":"Feature","geometry":{"type":"Point","coordinates":[117.0,32.4]},"properties":{"region":3,"fire_occurred":1,"prediction":0.0762}},{"type":"Feature","geometry":{"type":"Point","coordinates":[117.1,31.5]},"properties":{"region":3,"fire_occurred":1,"prediction":0.0331}},{"type":"Feature","geometry":{"type":"Point","coordinates":[117.1,32.2]},"properties":{"region":3,"fire_occurred":1,"prediction":0.204}},{"type":"Feature","geometry":{"type":"Point","coordinates":[117.1,32.3]},"properties":{"region":3,"fire_occurred":1,"prediction":0.1483}},{"type":"Feature","geometry":{"type":"Point","coordinates":[117.2,32.1]},"properties":{"region":3,"fire_occurred":0,"prediction":0.2036}},{"type":"Feature","geometry":{"type":"Point","coordinates":[117.2,32.2]},"properties":{"region":3,"fire_occurred":0,"prediction":0.2021}},{"type":"Feature","geometry":{"type":"Point","coordinates":[117.2,32.3]},"properties":{"region":3,"fire_occurred":0,"prediction":0.1637}},{"type":"Feature","geometry":{"type":"Point","coordinates":[117.2,32.4]},"properties":{"region":3,"fire_occurred":1,"prediction":0.018}},{"type":"Feature","geometry":{"type":"Point","coordinates":[117.3,31.0]},"properties":{"region":3,"fire_occurred":1,"prediction":0.0219}},{"type":"Feature","geometry":{"type":"Point","coordinates":[117.3,32.1]},"properties":{"region":3,"fire_occurred":0,"prediction":0.2021}},{"type":"Feature","geometry":{"type":"Point","coordinates":[117.3,32.2]},"properties":{"region":3,"fire_occurred":0,"prediction":0.2016}},{"type":"Feature","geometry":{"type":"Point","coordinates":[117.3,32.3]},"properties":{"region":3,"fire_occurred":0,"prediction":0.1634}},{"type":"Feature","geometry":{"type":"Point","coordinates":[117.4,30.8]},"properties":{"region":3,"fire_occurred":1,"prediction":0.0138}},{"type":"Feature","geometry":{"type":"Point","coordinates":[117.4,31.9]},"properties":{"region":3,"fire_occurred":0,"prediction":0.118}},{"type":"Feature","geometry":{"type":"Point","coordinates":[117.4,32.1]},"properties":{"region":3,"fire_occurred":0,"prediction":0.1447}},{"type":"Feature","geometry":{"type":"Point","coordinates":[117.4,32.2]},"properties":{"region":3,"fire_occurred":0,"prediction":0.1432}},{"type":"Feature","geometry":{"type":"Point","coordinates":[117.5,31.3]},"properties":{"region":3,"fire_occurred":1,"prediction":0.0255}},{"type":"Feature","geometry":{"type":"Point","coordinates":[117.5,31.8]},"properties":{"region":3,"fire_occurred":0,"prediction":0.1326}},{"type":"Feature","geometry":{"type":"Point","coordinates":[117.5,32.1]},"properties":{"region":3,"fire_occurred":0,"prediction":0.3176}},{"type":"Feature","geometry":{"type":"Point","coordinates":[117.5,32.2]},"properties":{"region":3,"fire_occurred":0,"prediction":0.1433}},{"type":"Feature","geometry":{"type":"Point","coordinates":[117.6,31.9]},"properties":{"region":3,"fire_occurred":0,"prediction":0.1024}},{"type":"Feature","geometry":{"type":"Point","coordinates":[117.6,32.0]},"properties":{"region":3,"fire_occurred":0,"prediction":0.1089}},{"type":"Feature","geometry":{"type":"Point","coordinates":[117.7,30.8]},"properties":{"region":3,"fire_occurred":1,"prediction":0.1272}},{"type":"Feature","geometry":{"type":"Point","coordinates":[117.7,31.4]},"properties":{"region":3,"fire_occurred":1,"prediction":0.0228}},{"type":"Feature","geometry":{"type":"Point","coordinates":[117.7,32.1]},"properties":{"region":3,"fire_occurred":0,"prediction":0.1267}},{"type":"Feature","geometry":{"type":"Point","coordinates":[117.8,29.3]},"properties":{"region":3,"fire_occurred":1,"prediction":0.0043}},{"type":"Feature","geometry":{"type":"Point","coordinates":[117.9,31.4]},"properties":{"region":3,"fire_occurred":1,"prediction":0.0267}},{"type":"Feature","geometry":{"type":"Point","coordinates":[118.1,31.1]},"properties":{"region":3,"fire_occurred":1,"prediction":0.5777}},{"type":"Feature","geometry":{"type":"Point","coordinates":[118.2,31.5]},"properties":{"region":3,"fire_occurred":0,"prediction":0.195}},{"type":"Feature","geometry":{"type":"Point","coordinates":[118.4,31.3]},"properties":{"region":3,"fire_occurred":1,"prediction":0.0029}},{"type":"Feature","geometry":{"type":"Point","coordinates":[119.2,31.3]},"properties":{"region":3,"fire_occurred":1,"prediction":0.0437}},{"type":"Feature","geometry":{"type":"Point","coordinates":[119.6,33.1]},"properties":{"region":3,"fire_occurred":1,"prediction":0.0023}},{"type":"Feature","geometry":{"type":"Point","coordinates":[121.8,30.8]},"properties":{"region":3,"fire_occurred":0,"prediction":0.1027}},{"type":"Feature","geometry":{"type":"Point","coordinates":[129.3,36.0]},"properties":{"region":3,"fire_occurred":0,"prediction":0.1356}},{"type":"Feature","geometry":{"type":"Point","coordinates":[133.7,34.4]},"properties":{"region":3,"fire_occurred":1,"prediction":0.0008}},{"type":"Feature","geometry":{"type":"Point","coordinates":[140.0,37.5]},"properties":{"region":3,"fire_occurred":1,"prediction":0.0001}},{"type":"Feature","geometry":{"type":"Point","coordinates":[140.6,35.9]},"properties":{"region":3,"fire_occurred":0,"prediction":0.1258}},{"type":"Feature","geometry":{"type":"Point","coordinates":[141.5,40.5]},"properties":{"region":3,"fire_occurred":0,"prediction":0.3745}},{"type":"Feature","geometry":{"type":"Point","coordinates":[141.8,-35.4]},"properties":{"region":3,"fire_occurred":0,"prediction":0.4613}},{"type":"Feature","geometry":{"type":"Point","coordinates":[145.6,-18.7]},"properties":{"region":3,"fire_occurred":0,"prediction":0.1845}},{"type":"Feature","geometry":{"type":"Point","coordinates":[146.6,-41.3]},"properties":{"region":3,"fire_occurred":0,"prediction":0.5846}},{"type":"Feature","geometry":{"type":"Point","coordinates":[152.9,-27.4]},"properties":{"region":3,"fire_occurred":1,"prediction":0.0055}},{"type":"Feature","geometry":{"type":"Point","coordinates":[176.4,-38.7]},"properties":{"region":3,"fire_occurred":1,"prediction":0.0006}},{"type":"Feature","geometry":{"type":"Point","coordinates":[-105.4,39.2]},"properties":{"region":4,"fire_occurred":1,"prediction":0.0016}},{"type":"Feature","geometry":{"type":"Point","coordinates":[-72.1,-45.6]},"properties":{"region":5,"fire_occurred":0,"prediction":0.2183}}]}