{"type":"FeatureCollection","features":[{"type":"Feature","geometry":{"type":"Point","coordinates":[-102.2,19.0]},"properties":{"region":1,"fire_occurred":1,"prediction":0.0069}},{"type":"Feature","geometry":{"type":"Point","coordinates":[-102.1,19.1]},"properties":{"region":1,"fire_occurred":1,"prediction":0.0388}},{"type":"Feature","geometry":{"type":"Point","coordinates":[-102.0,19.6]},"properties":{"region":1,"fire_occurred":1,"prediction":0.0014}},{"type":"Feature","geometry":{"type":"Point","coordinates":[-101.4,18.5]},"properties":{"region":1,"fire_occurred":0,"prediction":0.122}},{"type":"Feature","geometry":{"type":"Point","coordinates":[-101.3,20.6]},"properties":{"region":1,"fire_occurred":0,"prediction":0.2786}},{"type":"Feature","geometry":{"type":"Point","coordinates":[-101.2,20.5]},"properties":{"region":1,"fire_occurred":0,"prediction":0.2734}},{"type":"Feature","geometry":{"type":"Point","coordinates":[-101.0,20.5]},"properties":{"region":1,"fire_occurred":0,"prediction":0.1762}},{"type":"Feature","geometry":{"type":"Point","coordinates":[-100.6,20.5]},"properties":{"region":1,"fire_occurred":0,"prediction":0.1079}},{"type":"Feature","geometry":{"type":"Point","coordinates":[-100.4,18.1]},"properties":{"region":1,"fire_occurred":0,"prediction":0.132}},{"type":"Feature","geometry":{"type":"Point","coordinates":[-100.3,20.5]},"properties":{"region":1,"fire_occurred":0,"prediction":0.1837}},{"type":"Feature","geometry":{"type":"Point","coordinates":[-100.2,19.3]},"properties":{"region":1,"fire_occurred":1,"prediction":0.0033}},{"type":"Feature","geometry":{"type":"Point","coordinates":[-99.6,19.2]},"properties":{"region":1,"fire_occurred":1,"prediction":0.0681}},{"type":"Feature","geometry":{"type":"Point","coordinates":[-99.3,19.6]},"properties":{"region":1,"fire_occurred":1,"prediction":0.0549}},{"type":"Feature","geometry":{"type":"Point","coordinates":[-99.3,19.7]},"properties":{"region":1,"fire_occurred":1,"prediction":0.1796}},{"type":"Feature","geometry":{"type":"Point","coordinates":[-99.2,19.4]},"properties":{"region":1,"fire_occurred":1,"prediction":0.0231}},{"type":"Feature","geometry":{"type":"Point","coordinates":[-98.2,22.0]},"properties":{"region":1,"fire_occurred":1,"prediction":0.0023}},{"type":"Feature","geometry":{"type":"Point","coordinates":[-98.1,19.4]},"properties":{"region":1,"fire_occurred":1,"prediction":0.0073}},{"type":"Feature","geometry":{"type":"Point","coordinates":[-95.3,16.5]},"properties":{"region":1,"fire_occurred":1,"prediction":0.006}},{"type":"Feature","geometry":{"type":"Point","coordinates":[-95.2,16.2]},"properties":{"region":1,"fire_occurred":0,"prediction":0.7889}},{"type":"Feature","geometry":{"type":"Point","coordinates":[-95.2,16.5]},"properties":{"region":1,"fire_occurred":1,"prediction":0.0184}},{"type":"Feature","geometry":{"type":"Point","coordinates":[-95.0,16.4]},"properties":{"region":1,"fire_occurred":0,"prediction":0.1083}},{"type":"Feature","geometry":{"type":"Point","coordinates":[-94.6,17.9]},"properties":{"region":1,"fire_occurred":1,"prediction":0.493}},{"type":"Feature","geometry":{"type":"Point","coordinates":[-94.1,18.0]},"properties":{"region":1,"fire_occurred":1,"prediction":0.9359}},{"type":"Feature","geometry":{"type":"Point","coordinates":[-93.6,17.9]},"properties":{"region":1,"fire_occurred":1,"prediction":0.9244}},{"type":"Feature","geometry":{"type":"Point","coordinates":[-93.5,17.8]},"properties":{"region":1,"fire_occurred":1,"prediction":0.3829}},{"type":"Feature","geometry":{"type":"Point","coordinates":[-93.4,18.0]},"properties":{"region":1,"fire_occurred":0,"prediction":0.5128}},{"type":"Feature","geometry":{"type":"Point","coordinates":[-93.2,17.8]},"properties":{"region":1,"fire_occurred":1,"prediction":0.9322}},{"type":"Feature","geometry":{"type":"Point","coordinates":[-93.2,17.9]},"properties":{"region":1,"fire_occurred":1,"prediction":0.9086}},{"type":"Feature","geometry":{"type":"Point","coordinates":[-93.1,17.8]},"properties":{"region":1,"fire_occurred":0,"prediction":0.1031}},{"type":"Feature","geometry":{"type":"Point","coordinates":[-92.6,17.8]},"properties":{"region":1,"fire_occurred":0,"prediction":0.1188}},{"type":"Feature","geometry":{"type":"Point","coordinates":[-92.5,17.8]},"properties":{"region":1,"fire_occurred":1,"prediction":0.904}},{"type":"Feature","geometry":{"type":"Point","coordinates":[-92.5,17.9]},"properties":{"region":1,"fire_occurred":1,"prediction":0.4679}},{"type":"Feature","geometry":{"type":"Point","coordinates":[-92.4,16.3]},"properties":{"region":1,"fire_occurred":0,"prediction":0.1035}},{"type":"Feature","geometry":{"type":"Point","coordinates":[-92.4,17.1]},"properties":{"region":1,"fire_occurred":0,"prediction":0.2734}},{"type":"Feature","geometry":{"type":"Point","coordinates":[-92.0,16.3]},"properties":{"region":1,"fire_occurred":0,"prediction":0.1917}},{"type":"Feature","geometry":{"type":"Point","coordinates":[-89.5,14.3]},"properties":{"region":1,"fire_occurred":0,"prediction":0.1319}},{"type":"Feature","geometry":{"type":"Point","coordinates":[-89.3,18.4]},"properties":{"region":1,"fire_occurred":1,"prediction":0.0011}},{"type":"Feature","geometry":{"type":"Point","coordinates":[-89.1,18.3]},"properties":{"region":1,"fire_occurred":1,"prediction":0.0017}},{"type":"Feature","geometry":{"type":"Point","coordinates":[-89.1,19.5]},"properties":{"region":1,"fire_occurred":1,"prediction":0.0011}},{"type":"Feature","geometry":{"type":"Point","coordinates":[-88.3,17.9]},"properties":{"region":1,"fire_occurred":1,"prediction":0.0027}},{"type":"Feature","geometry":{"type":"Point","coordinates":[-88.3,18.0]},"properties":{"region":1,"fire_occurred":1,"prediction":0.0046}},{"type":"Feature","geometry":{"type":"Point","coordinates":[-88.2,19.1]},"properties":{"region":1,"fire_occurred":1,"prediction":0.0014}},{"type":"Feature","geometry":{"type":"Point","coordinates":[-85.2,13.7]},"properties":{"region":1,"fire_occurred":1,"prediction":0.0001}},{"type":"Feature","geometry":{"type":"Point","coordinates":[-83.8,12.2]},"properties":{"region":1,"fire_occurred":1,"prediction":0.0003}},{"type":"Feature","geometry":{"type":"Point","coordinates":[-80.6,26.8]},"properties":{"region":1,"fire_occurred":1,"prediction":0.0509}},{"type":"Feature","geometry":{"type":"Point","coordinates":[-80.5,26.6]},"properties":{"region":1,"fire_occurred":1,"prediction":0.0176}},{"type":"Feature","geometry":{"type":"Point","coordinates":[-80.4,26.7]},"properties":{"region":1,"fire_occurred":1,"prediction":0.0695}},{"type":"Feature","geometry":{"type":"Point","coordinates":[-80.0,-1.7]},"properties":{"region":1,"fire_occurred":0,"prediction":0.1034}},{"type":"Feature","geometry":{"type":"Point","coordinates":[-79.9,-1.6]},"properties":{"region":1,"fire_occurred":0,"prediction":0.106}},{"type":"Feature","geometry":{"type":"Point","coordinates":[-79.9,-1.5]},"properties":{"region":1,"fire_occurred":0,"prediction":0.1033}},{"type":"Feature","geometry":{"type":"Point","coordinates":[-79.9,-1.4]},"properties":{"region":1,"fire_occurred":0,"prediction":0.3075}},{"type":"Feature","geometry":{"type":"Point","coordinates":[-79.9,-1.3]},"properties":{"region":1,"fire_occurred":0,"prediction":0.1548}},{"type":"Feature","geometry":{"type":"Point","coordinates":[-79.9,-1.2]},"properties":{"region":1,"fire_occurred":0,"prediction":0.1703}},{"type":"Feature","geometry":{"type":"Point","coordinates":[-79.8,-2.0]},"properties":{"region":1,"fire_occurred":0,"prediction":0.2576}},{"type":"Feature","geometry":{"type":"Point","coordinates":[-79.8,-1.5]},"properties":{"region":1,"fire_occurred":0,"prediction":0.2296}},{"type":"Feature","geometry":{"type":"Point","coordinates":[-79.8,-1.4]},"properties":{"region":1,"fire_occurred":0,"prediction":0.1577}},{"type":"Feature","geometry":{"type":"Point","coordinates":[-79.8,-1.3]},"properties":{"region":1,"fire_occurred":0,"prediction":0.1152}},{"type":"Feature","geometry":{"type":"Point","coordinates":[-79.7,-1.5]},"properties":{"region":1,"fire_occurred":0,"prediction":0.2609}},{"type":"Feature","geometry":{"type":"Point","coordinates":[-79.7,-1.4]},"properties":{"region":1,"fire_occurred":0,"prediction":0.1451}},{"type":"Feature","geometry":{"type":"Point","coordinates":[-79.7,-1.3]},"properties":{"region":1,"fire_occurred":0,"prediction":0.1122}},{"type":"Feature","geometry":{"type":"Point","coordinates":[-79.6,-1.5]},"properties":{"region":1,"fire_occurred":0,"prediction":0.1727}},{"type":"Feature","geometry":{"type":"Point","coordinates":[-79.6,-1.4]},"properties":{"region":1,"fire_occurred":0,"prediction":0.1766}},{"type":"Feature","geometry":{"type":"Point","coordinates":[-79.5,-1.4]},"properties":{"region":1,"fire_occurred":0,"prediction":0.1018}},{"type":"Feature","geometry":{"type":"Point","coordinates":[-77.0,-6.1]},"properties":{"region":1,"fire_occurred":1,"prediction":0.0101}},{"type":"Feature","geometry":{"type":"Point","coordinates":[-75.9,-6.3]},"properties":{"region":1,"fire_occurred":1,"prediction":0.0059}},{"type":"Feature","geometry":{"type":"Point","coordinates":[-72.7,5.0]},"properties":{"region":1,"fire_occurred":1,"prediction":0.0005}},{"type":"Feature","geometry":{"type":"Point","coordinates":[-72.6,11.1]},"properties":{"region":1,"fire_occurred":1,"prediction":0.1483}},{"type":"Feature","geometry":{"type":"Point","coordinates":[-72.1,3.5]},"properties":{"region":1,"fire_occurred":0,"prediction":0.1232}},{"type":"Feature","geometry":{"type":"Point","coordinates":[-70.8,7.0]},"properties":{"region":1,"fire_occurred":0,"prediction":0.1442}},{"type":"Feature","geometry":{"type":"Point","coordinates":[-70.4,18.9]},"properties":{"region":1,"fire_occurred":1,"prediction":0.8577}},{"type":"Feature","geometry":{"type":"Point","coordinates":[-69.2,9.2]},"properties":{"region":1,"fire_occurred":1,"prediction":0.1222}},{"type":"Feature","geometry":{"type":"Point","coordinates":[-68.9,9.0]},"properties":{"region":1,"fire_occurred":0,"prediction":0.1147}},{"type":"Feature","geometry":{"type":"Point","coordinates":[-68.9,10.1]},"properties":{"region":1,"fire_occurred":0,"prediction":0.1872}},{"type":"Feature","geometry":{"type":"Point","coordinates":[-68.5,9.6]},"properties":{"region":1,"fire_occurred":0,"prediction":0.1392}},{"type":"Feature","geometry":{"type":"Point","coordinates":[-68.2,10.4]},"properties":{"region":1,"fire_occurred":0,"prediction":0.4633}},{"type":"Feature","geometry":{"type":"Point","coordinates":[-67.6,10.1]},"properties":{"region":1,"fire_occurred":0,"prediction":0.1159}},{"type":"Feature","geometry":{"type":"Point","coordinates":[-67.4,10.2]},"properties":{"region":1,"fire_occurred":0,"prediction":0.1223}},{"type":"Feature","geometry":{"type":"Point","coordinates":[-67.0,8.5]},"properties":{"region":1,"fire_occurred":0,"prediction":0.1394}},{"type":"Feature","geometry":{"type":"Point","coordinates":[-66.9,8.3]},"properties":{"region":1,"fire_occurred":0,"prediction":0.1193}},{"type":"Feature","geometry":{"type":"Point","coordinates":[-66.9,8.4]},"properties":{"region":1,"fire_occurred":0,"prediction":0.1041}},{"type":"Feature","geometry":{"type":"Point","coordinates":[-66.7,8.4]},"properties":{"region":1,"fire_occurred":0,"prediction":0.1671}},{"type":"Feature","geometry":{"type":"Point","coordinates":[-66.6,8.4]},"properties":{"region":1,"fire_occurred":0,"prediction":0.2961}},{"type":"Feature","geometry":{"type":"Point","coordinates":[-66.5,8.3]},"properties":{"region":1,"fire_occurred":0,"prediction":0.2551}},{"type":"Feature","geometry":{"type":"Point","coordinates":[-66.5,8.4]},"properties":{"region":1,"fire_occurred":0,"prediction":0.3275}},{"type":"Feature","geometry":{"type":"Point","coordinates":[-64.6,9.3]},"properties":{"region":1,"fire_occurred":0,"prediction":0.7835}},{"type":"Feature","geometry":{"type":"Point","coordinates":[-64.5,9.4]},"properties":{"region":1,"fire_occurred":0,"prediction":0.124}},{"type":"Feature","geometry":{"type":"Point","coordinates":[-64.4,9.2]},"properties":{"region":1,"fire_occurred":0,"prediction":0.1883}},{"type":"Feature","geometry":{"type":"Point","coordinates":[-64.3,-13.9]},"properties":{"region":1,"fire_occurred":1,"prediction":0.0275}},{"type":"Feature","geometry":{"type":"Point","coordinates":[-64.3,-13.8]},"properties":{"region":1,"fire_occurred":1,"prediction":0.0373}},{"type":"Feature","geometry":{"type":"Point","coordinates":[-64.1,-15.5]},"properties":{"region":1,"fire_occurred":0,"prediction":0.1363}},{"type":"Feature","geometry":{"type":"Point","coordinates":[-64.1,-13.6]},"properties":{"region":1,"fire_occurred":0,"prediction":0.1019}},{"type":"Feature","geometry":{"type":"Point","coordinates":[-64.1,9.2]},"properties":{"region":1,"fire_occurred":0,"prediction":0.1745}},{"type":"Feature","geometry":{"type":"Point","coordinates":[-63.8,9.6]},"properties":{"region":1,"fire_occurred":1,"prediction":0.7698}},{"type":"Feature","geometry":{"type":"Point","coordinates":[-63.7,8.3]},"properties":{"region":1,"fire_occurred":1,"prediction":0.0111}},{"type":"Feature","geometry":{"type":"Point","coordinates":[-63.7,9.5]},"properties":{"region":1,"fire_occurred":1,"prediction":0.6076}},{"type":"Feature","geometry":{"type":"Point","coordinates":[-63.7,9.6]},"properties":{"region":1,"fire_occurred":0,"prediction":0.7903}},{"type":"Feature","geometry":{"type":"Point","coordinates":[-63.6,8.3]},"properties":{"region":1,"fire_occurred":1,"prediction":0.0023}},{"type":"Feature","geometry":{"type":"Point","coordinates":[-63.6,9.6]},"properties":{"region":1,"fire_occurred":0,"prediction":0.8256}},{"type":"Feature","geometry":{"type":"Point","coordinates":[-63.6,9.7]},"properties":{"region":1,"fire_occurred":0,"prediction":0.6784}},{"type":"Feature","geometry":{"type":"Point","coordinates":[-63.5,9.7]},"properties":{"region":1,"fire_occurred":0,"prediction":0.7228}},{"type":"Feature","geometry":{"type":"Point","coordinates":[-63.4,9.8]},"properties":{"region":1,"fire_occurred":0,"prediction":0.3523}},{"type":"Feature","geometry":{"type":"Point","coordinates":[-63.3,9.7]},"properties":{"region":1,"fire_occurred":0,"prediction":0.5697}},{"type":"Feature","geometry":{"type":"Point","coordinates":[-63.2,9.9]},"properties":{"region":1,"fire_occurred":0,"prediction":0.3426}},{"type":"Feature","geometry":{"type":"Point","coordinates":[-61.7,-17.2]},"properties":{"region":1,"fire_occurred":1,"prediction":0.0044}},{"type":"Feature","geometry":{"type":"Point","coordinates":[-61.1,3.9]},"properties":{"region":1,"fire_occurred":1,"prediction":0.0009}},{"type":"Feature","geometry":{"type":"Point","coordinates":[-60.7,4.0]},"properties":{"region":1,"fire_occurred":1,"prediction":0.009}},{"type":"Feature","geometry":{"type":"Point","coordinates":[-60.5,3.8]},"properties":{"region":1,"fire_occurred":1,"prediction":0.0198}},{"type":"Feature","geometry":{"type":"Point","coordinates":[-60.3,3.2]},"properties":{"region":1,"fire_occurred":1,"prediction":0.0154}},{"type":"Feature","geometry":{"type":"Point","coordinates":[-60.2,3.6]},"properties":{"region":1,"fire_occurred":1,"prediction":0.0085}},{"type":"Feature","geometry":{"type":"Point","coordinates":[-60.1,3.9]},"properties":{"region":1,"fire_occurred":1,"prediction":0.0076}},{"type":"Feature","geometry":{"type":"Point","coordinates":[-59.9,-19.9]},"properties":{"region":1,"fire_occurred":0,"prediction":0.1011}},{"type":"Feature","geometry":{"type":"Point","coordinates":[-59.9,-14.7]},"properties":{"region":1,"fire_occurred":1,"prediction":0.0004}},{"type":"Feature","geometry":{"type":"Point","coordinates":[-59.5,3.6]},"properties":{"region":1,"fire_occurred":1,"prediction":0.0129}},{"type":"Feature","geometry":{"type":"Point","coordinates":[-59.5,3.7]},"properties":{"region":1,"fire_occurred":1,"prediction":0.0149}},{"type":"Feature","geometry":{"type":"Point","coordinates":[-59.2,-20.8]},"properties":{"region":1,"fire_occurred":0,"prediction":0.1762}},{"type":"Feature","geometry":{"type":"Point","coordinates":[-59.2,-20.7]},"properties":{"region":1,"fire_occurred":0,"prediction":0.2095}},{"type":"Feature","geometry":{"type":"Point","coordinates":[-59.1,-20.4]},"properties":{"region":1,"fire_occurred":0,"prediction":0.2036}},{"type":"Feature","geometry":{"type":"Point","coordinates":[-58.9,-22.3]},"properties":{"region":1,"fire_occurred":0,"prediction":0.1862}},{"type":"Feature","geometry":{"type":"Point","coordinates":[-58.9,-20.7]},"properties":{"region":1,"fire_occurred":0,"prediction":0.1539}},{"type":"Feature","geometry":{"type":"Point","coordinates":[-58.9,-18.8]},"properties":{"region":1,"fire_occurred":0,"prediction":0.1179}},{"type":"Feature","geometry":{"type":"Point","coordinates":[-58.8,-19.6]},"properties":{"region":1,"fire_occurred":1,"prediction":0.0126}},{"type":"Feature","geometry":{"type":"Point","coordinates":[-58.8,-18.7]},"properties":{"region":1,"fire_occurred":1,"prediction":0.0285}},{"type":"Feature","geometry":{"type":"Point","coordinates":[-58.7,-22.1]},"properties":{"region":1,"fire_occurred":1,"prediction":0.003}},{"type":"Feature","geometry":{"type":"Point","coordinates":[-58.5,-22.6]},"properties":{"region":1,"fire_occurred":0,"prediction":0.3284}},{"type":"Feature","geometry":{"type":"Point","coordinates":[-58.5,-20.6]},"properties":{"region":1,"fire_occurred":0,"prediction":0.246}},{"type":"Feature","geometry":{"type":"Point","coordinates":[-58.5,-20.2]},"properties":{"region":1,"fire_occurred":1,"prediction":0.1971}},{"type":"Feature","geometry":{"type":"Point","coordinates":[-58.5,-18.6]},"properties":{"region":1,"fire_occurred":0,"prediction":0.1995}},{"type":"Feature","geometry":{"type":"Point","coordinates":[-58.4,-21.8]},"properties":{"region":1,"fire_occurred":0,"prediction":0.1247}},{"type":"Feature","geometry":{"type":"Point","coordinates":[-58.4,-20.9]},"properties":{"region":1,"fire_occurred":0,"prediction":0.1811}},{"type":"Feature","geometry":{"type":"Point","coordinates":[-58.4,-20.6]},"properties":{"region":1,"fire_occurred":0,"prediction":0.321}},{"type":"Feature","geometry":{"type":"Point","coordinates":[-58.2,-21.1]},"properties":{"region":1,"fire_occurred":0,"prediction":0.2782}},{"type":"Feature","geometry":{"type":"Point","coordinates":[-58.1,-21.7]},"properties":{"region":1,"fire_occurred":0,"prediction":0.1172}},{"type":"Feature","geometry":{"type":"Point","coordinates":[-58.1,-21.6]},"properties":{"region":1,"fire_occurred":0,"prediction":0.3172}},{"type":"Feature","geometry":{"type":"Point","coordinates":[-58.0,-22.0]},"properties":{"region":1,"fire_occurred":0,"prediction":0.1059}},{"type":"Feature","geometry":{"type":"Point","coordinates":[-58.0,-13.0]},"properties":{"region":1,"fire_occurred":1,"prediction":0.0103}},{"type":"Feature","geometry":{"type":"Point","coordinates":[-57.4,-18.1]},"properties":{"region":1,"fire_occurred":1,"prediction":0.0047}},{"type":"Feature","geometry":{"type":"Point","coordinates":[-57.2,6.0]},"properties":{"region":1,"fire_occurred":1,"prediction":0.0019}},{"type":"Feature","geometry":{"type":"Point","coordinates":[-57.0,-17.4]},"properties":{"region":1,"fire_occurred":1,"prediction":0.0094}},{"type":"Feature","geometry":{"type":"Point","coordinates":[-57.0,-13.2]},"properties":{"region":1,"fire_occurred":1,"prediction":0.0055}},{"type":"Feature","geometry":{"type":"Point","coordinates":[-56.8,-21.9]},"properties":{"region":1,"fire_occurred":1,"prediction":0.0013}},{"type":"Feature","geometry":{"type":"Point","coordinates":[-56.8,-19.8]},"properties":{"region":1,"fire_occurred":1,"prediction":0.0041}},{"type":"Feature","geometry":{"type":"Point","coordinates":[-56.8,-19.5]},"properties":{"region":1,"fire_occurred":1,"prediction":0.0055}},{"type":"Feature","geometry":{"type":"Point","coordinates":[-56.7,-19.9]},"properties":{"region":1,"fire_occurred":1,"prediction":0.005}},{"type":"Feature","geometry":{"type":"Point","coordinates":[-56.7,-19.8]},"properties":{"region":1,"fire_occurred":1,"prediction":0.0048}},{"type":"Feature","geometry":{"type":"Point","coordinates":[-56.6,-20.1]},"properties":{"region":1,"fire_occurred":1,"prediction":0.0035}},{"type":"Feature","geometry":{"type":"Point","coordinates":[-56.6,-19.9]},"properties":{"region":1,"fire_occurred":1,"prediction":0.0041}},{"type":"Feature","geometry":{"type":"Point","coordinates":[-56.5,-17.6]},"properties":{"region":1,"fire_occurred":1,"prediction":0.0037}},{"type":"Feature","geometry":{"type":"Point","coordinates":[-56.4,-19.8]},"properties":{"region":1,"fire_occurred":1,"prediction":0.0064}},{"type":"Feature","geometry":{"type":"Point","coordinates":[-56.4,-1.9]},"properties":{"region":1,"fire_occurred":1,"prediction":0.0006}},{"type":"Feature","geometry":{"type":"Point","coordinates":[-56.2,-17.0]},"properties":{"region":1,"fire_occurred":1,"prediction":0.0053}},{"type":"Feature","geometry":{"type":"Point","coordinates":[-56.1,-19.7]},"properties":{"region":1,"fire_occurred":1,"prediction":0.0051}},{"type":"Feature","geometry":{"type":"Point","coordinates":[-56.1,-2.4]},"properties":{"region":1,"fire_occurred":1,"prediction":0.0112}},{"type":"Feature","geometry":{"type":"Point","coordinates":[-56.1,1.5]},"properties":{"region":1,"fire_occurred":1,"prediction":0.0044}},{"type":"Feature","geometry":{"type":"Point","coordinates":[-56.0,-19.9]},"properties":{"region":1,"fire_occurred":1,"prediction":0.0059}},{"type":"Feature","geometry":{"type":"Point","coordinates":[-56.0,-4.5]},"properties":{"region":1,"fire_occurred":1,"prediction":0.0015}},{"type":"Feature","geometry":{"type":"Point","coordinates":[-56.0,-2.5]},"properties":{"region":1,"fire_occurred":1,"prediction":0.0015}},{"type":"Feature","geometry":{"type":"Point","coordinates":[-56.0,-2.4]},"properties":{"region":1,"fire_occurred":1,"prediction":0.0016}},{"type":"Feature","geometry":{"type":"Point","coordinates":[-56.0,-2.3]},"properties":{"region":1,"fire_occurred":1,"prediction":0.0174}},{"type":"Feature","geometry":{"type":"Point","coordinates":[-56.0,-1.8]},"properties":{"region":1,"fire_occurred":1,"prediction":0.0058}},{"type":"Feature","geometry":{"type":"Point","coordinates":[-55.9,-18.3]},"properties":{"region":1,"fire_occurred":1,"prediction":0.0103}},{"type":"Feature","geometry":{"type":"Point","coordinates":[-55.9,-16.2]},"properties":{"region":1,"fire_occurred":1,"prediction":0.0034}},{"type":"Feature","geometry":{"type":"Point","coordinates":[-55.9,-4.4]},"properties":{"region":1,"fire_occurred":1,"prediction":0.0005}},{"type":"Feature","geometry":{"type":"Point","coordinates":[-55.9,-2.5]},"properties":{"region":1,"fire_occurred":1,"prediction":0.0027}},{"type":"Feature","geometry":{"type":"Point","coordinates":[-55.9,-2.4]},"properties":{"region":1,"fire_occurred":1,"prediction":0.0035}},{"type":"Feature","geometry":{"type":"Point","coordinates":[-55.9,-2.3]},"properties":{"region":1,"fire_occurred":1,"prediction":0.0123}},{"type":"Feature","geometry":{"type":"Point","coordinates":[-55.8,-4.4]},"properties":{"region":1,"fire_occurred":1,"prediction":0.0006}},{"type":"Feature","geometry":{"type":"Point","coordinates":[-55.8,-4.2]},"properties":{"region":1,"fire_occurred":1,"prediction":0.0031}},{"type":"Feature","geometry":{"type":"Point","coordinates":[-55.8,-2.4]},"properties":{"region":1,"fire_occurred":1,"prediction":0.0134}},{"type":"Feature","geometry":{"type":"Point","coordinates":[-55.8,-2.3]},"properties":{"region":1,"fire_occurred":1,"prediction":0.0029}},{"type":"Feature","geometry":{"type":"Point","coordinates":[-55.7,-4.3]},"properties":{"region":1,"fire_occurred":1,"prediction":0.003}},{"type":"Feature","geometry":{"type":"Point","coordinates":[-55.7,-4.2]},"properties":{"region":1,"fire_occurred":1,"prediction":0.0019}},{"type":"Feature","geometry":{"type":"Point","coordinates":[-55.7,-2.6]},"properties":{"region":1,"fire_occurred":1,"prediction":0.0036}},{"type":"Feature","geometry":{"type":"Point","coordinates":[-55.7,-2.4]},"properties":{"region":1,"fire_occurred":1,"prediction":0.0196}},{"type":"Feature","geometry":{"type":"Point","coordinates":[-55.7,-2.3]},"properties":{"region":1,"fire_occurred":1,"prediction":0.0035}},{"type":"Feature","geometry":{"type":"Point","coordinates":[45.0,-25.0]},"properties":{"region":1,"fire_occurred":1,"prediction":0.0169}},{"type":"Feature","geometry":{"type":"Point","coordinates":[45.0,-23.3]},"properties":{"region":1,"fire_occurred":1,"prediction":0.0762}},{"type":"Feature","geometry":{"type":"Point","coordinates":[45.1,-25.0]},"properties":{"region":1,"fire_occurred":1,"prediction":0.0204}},{"type":"Feature","geometry":{"type":"Point","coordinates":[45.1,-24.9]},"properties":{"region":1,"fire_occurred":1,"prediction":0.0188}},{"type":"Feature","geometry":{"type":"Point","coordinates":[45.2,-23.1]},"properties":{"region":1,"fire_occurred":1,"prediction":0.0126}},{"type":"Feature","geometry":{"type":"Point","coordinates":[45.2,-23.0]},"properties":{"region":1,"fire_occurred":0,"prediction":0.1751}},{"type":"Feature","geometry":{"type":"Point","coordinates":[45.2,-16.3]},"properties":{"region":1,"fire_occurred":0,"prediction":0.1257}},{"type":"Feature","geometry":{"type":"Point","coordinates":[45.3,-18.3]},"properties":{"region":1,"fire_occurred":0,"prediction":0.1213}},{"type":"Feature","geometry":{"type":"Point","coordinates":[45.3,-16.4]},"properties":{"region":1,"fire_occurred":1,"prediction":0.0404}},{"type":"Feature","geometry":{"type":"Point","coordinates":[45.4,-16.2]},"properties":{"region":1,"fire_occurred":0,"prediction":0.1777}},{"type":"Feature","geometry":{"type":"Point","coordinates":[45.6,-24.2]},"properties":{"region":1,"fire_occurred":1,"prediction":0.0052}},{"type":"Feature","geometry":{"type":"Point","coordinates":[45.6,-16.7]},"properties":{"region":1,"fire_occurred":1,"prediction":0.0559}},{"type":"Feature","geometry":{"type":"Point","coordinates":[45.6,-16.4]},"properties":{"region":1,"fire_occurred":1,"prediction":0.0198}},{"type":"Feature","geometry":{"type":"Point","coordinates":[45.7,-20.9]},"properties":{"region":1,"fire_occurred":1,"prediction":0.014}},{"type":"Feature","geometry":{"type":"Point","coordinates":[45.7,-16.3]},"properties":{"region":1,"fire_occurred":0,"prediction":0.1496}},{"type":"Feature","geometry":{"type":"Point","coordinates":[45.8,-22.5]},"properties":{"region":1,"fire_occurred":1,"prediction":0.0206}},{"type":"Feature","geometry":{"type":"Point","coordinates":[45.8,-16.3]},"properties":{"region":1,"fire_occurred":0,"prediction":0.1573}},{"type":"Feature","geometry":{"type":"Point","coordinates":[45.8,-16.1]},"properties":{"region":1,"fire_occurred":0,"prediction":0.1161}},{"type":"Feature","geometry":{"type":"Point","coordinates":[45.9,-16.5]},"properties":{"region":1,"fire_occurred":1,"prediction":0.0767}},{"type":"Feature","geometry":{"type":"Point","coordinates":[45.9,-16.0]},"properties":{"region":1,"fire_occurred":0,"prediction":0.1211}},{"type":"Feature","geometry":{"type":"Point","coordinates":[46.0,-24.1]},"properties":{"region":1,"fire_occurred":1,"prediction":0.0254}},{"type":"Feature","geometry":{"type":"Point","coordinates":[46.0,-16.2]},"properties":{"region":1,"fire_occurred":0,"prediction":0.1258}},{"type":"Feature","geometry":{"type":"Point","coordinates":[46.1,-16.7]},"properties":{"region":1,"fire_occurred":1,"prediction":0.0671}},{"type":"Feature","geometry":{"type":"Point","coordinates":[46.1,-16.3]},"properties":{"region":1,"fire_occurred":1,"prediction":0.1012}},{"type":"Feature","geometry":{"type":"Point","coordinates":[46.2,-17.6]},"properties":{"region":1,"fire_occurred":1,"prediction":0.0361}},{"type":"Feature","geometry":{"type":"Point","coordinates":[46.2,-16.6]},"properties":{"region":1,"fire_occurred":1,"prediction":0.0529}},{"type":"Feature","geometry":{"type":"Point","coordinates":[46.2,-16.4]},"properties":{"region":1,"fire_occurred":1,"prediction":0.0896}},{"type":"Feature","geometry":{"type":"Point","coordinates":[46.3,-16.3]},"properties":{"region":1,"fire_occurred":1,"prediction":0.0904}},{"type":"Feature","geometry":{"type":"Point","coordinates":[46.5,-24.1]},"properties":{"region":1,"fire_occurred":1,"prediction":0.0128}},{"type":"Feature","geometry":{"type":"Point","coordinates":[46.5,-24.0]},"properties":{"region":1,"fire_occurred":1,"prediction":0.027}},{"type":"Feature","geometry":{"type":"Point","coordinates":[46.5,-23.3]},"properties":{"region":1,"fire_occurred":1,"prediction":0.1116}},{"type":"Feature","geometry":{"type":"Point","coordinates":[46.5,-23.0]},"properties":{"region":1,"fire_occurred":1,"prediction":0.0285}},{"type":"Feature","geometry":{"type":"Point","coordinates":[46.5,-22.2]},"properties":{"region":1,"fire_occurred":1,"prediction":0.0372}},{"type":"Feature","geometry":{"type":"Point","coordinates":[46.5,-21.3]},"properties":{"region":1,"fire_occurred":1,"prediction":0.0148}},{"type":"Feature","geometry":{"type":"Point","coordinates":[46.5,-20.6]},"properties":{"region":1,"fire_occurred":1,"prediction":0.0124}},{"type":"Feature","geometry":{"type":"Point","coordinates":[46.5,-17.7]},"properties":{"region":1,"fire_occurred":1,"prediction":0.0148}},{"type":"Feature","geometry":{"type":"Point","coordinates":[46.5,-16.6]},"properties":{"region":1,"fire_occurred":0,"prediction":0.1163}},{"type":"Feature","geometry":{"type":"Point","coordinates":[46.6,-16.8]},"properties":{"region":1,"fire_occurred":1,"prediction":0.0246}},{"type":"Feature","geometry":{"type":"Point","coordinates":[46.6,-16.7]},"properties":{"region":1,"fire_occurred":1,"prediction":0.0427}},{"type":"Feature","geometry":{"type":"Point","coordinates":[46.6,-16.6]},"properties":{"region":1,"fire_occurred":1,"prediction":0.0219}},{"type":"Feature","geometry":{"type":"Point","coordinates":[46.6,-15.9]},"properties":{"region":1,"fire_occurred":1,"prediction":0.0574}},{"type":"Feature","geometry":{"type":"Point","coordinates":[46.7,-25.0]},"properties":{"region":1,"fire_occurred":1,"prediction":0.017}},{"type":"Feature","geometry":{"type":"Point","coordinates":[46.7,-24.6]},"properties":{"region":1,"fire_occurred":1,"prediction":0.0119}},{"type":"Feature","geometry":{"type":"Point","coordinates":[46.7,-22.8]},"properties":{"region":1,"fire_occurred":1,"prediction":0.0404}},{"type":"Feature","geometry":{"type":"Point","coordinates":[46.7,-21.3]},"properties":{"region":1,"fire_occurred":1,"prediction":0.018}},{"type":"Feature","geometry":{"type":"Point","coordinates":[46.7,-20.4]},"properties":{"region":1,"fire_occurred":1,"prediction":0.0328}},{"type":"Feature","geometry":{"type":"Point","coordinates":[46.7,-19.4]},"properties":{"region":1,"fire_occurred":1,"prediction":0.0141}},{"type":"Feature","geometry":{"type":"Point","coordinates":[46.7,-17.5]},"properties":{"region":1,"fire_occurred":1,"prediction":0.0116}},{"type":"Feature","geometry":{"type":"Point","coordinates":[46.7,-16.1]},"properties":{"region":1,"fire_occurred":1,"prediction":0.0213}},{"type":"Feature","geometry":{"type":"Point","coordinates":[46.7,-15.8]},"properties":{"region":1,"fire_occurred":1,"prediction":0.0464}},{"type":"Feature","geometry":{"type":"Point","coordinates":[46.8,-24.8]},"properties":{"region":1,"fire_occurred":1,"prediction":0.048}},{"type":"Feature","geometry":{"type":"Point","coordinates":[46.8,-24.7]},"properties":{"region":1,"fire_occurred":1,"prediction":0.0958}},{"type":"Feature","geometry":{"type":"Point","coordinates":[46.8,-23.5]},"properties":{"region":1,"fire_occurred":1,"prediction":0.0289}},{"type":"Feature","geometry":{"type":"Point","coordinates":[46.8,-23.1]},"properties":{"region":1,"fire_occurred":1,"prediction":0.026}},{"type":"Feature","geometry":{"type":"Point","coordinates":[46.8,-22.9]},"properties":{"region":1,"fire_occurred":1,"prediction":0.025}},{"type":"Feature","geometry":{"type":"Point","coordinates":[46.8,-22.5]},"properties":{"region":1,"fire_occurred":0,"prediction":0.165}},{"type":"Feature","geometry":{"type":"Point","coordinates":[46.8,-16.4]},"properties":{"region":1,"fire_occurred":1,"prediction":0.1221}},{"type":"Feature","geometry":{"type":"Point","coordinates":[46.8,-16.2]},"properties":{"region":1,"fire_occurred":1,"prediction":0.0459}},{"type":"Feature","geometry":{"type":"Point","coordinates":[46.8,-15.9]},"properties":{"region":1,"fire_occurred":1,"prediction":0.0429}},{"type":"Feature","geometry":{"type":"Point","coordinates":[46.8,-15.8]},"properties":{"region":1,"fire_occurred":1,"prediction":0.0496}},{"type":"Feature","geometry":{"type":"Point","coordinates":[46.9,-24.9]},"properties":{"region":1,"fire_occurred":1,"prediction":0.0904}},{"type":"Feature","geometry":{"type":"Point","coordinates":[46.9,-24.7]},"properties":{"region":1,"fire_occurred":1,"prediction":0.0569}},{"type":"Feature","geometry":{"type":"Point","coordinates":[46.9,-24.5]},"properties":{"region":1,"fire_occurred":0,"prediction":0.1081}},{"type":"Feature","geometry":{"type":"Point","coordinates":[46.9,-23.9]},"properties":{"region":1,"fire_occurred":1,"prediction":0.0606}},{"type":"Feature","geometry":{"type":"Point","coordinates":[46.9,-23.8]},"properties":{"region":1,"fire_occurred":0,"prediction":0.116}},{"type":"Feature","geometry":{"type":"Point","coordinates":[46.9,-23.6]},"properties":{"region":1,"fire_occurred":1,"prediction":0.0418}},{"type":"Feature","geometry":{"type":"Point","coordinates":[46.9,-23.5]},"properties":{"region":1,"fire_occurred":1,"prediction":0.0454}},{"type":"Feature","geometry":{"type":"Point","coordinates":[46.9,-23.2]},"properties":{"region":1,"fire_occurred":1,"prediction":0.0219}},{"type":"Feature","geometry":{"type":"Point","coordinates":[46.9,-23.1]},"properties":{"region":1,"fire_occurred":1,"prediction":0.017}},{"type":"Feature","geometry":{"type":"Point","coordinates":[46.9,-22.3]},"properties":{"region":1,"fire_occurred":0,"prediction":0.1653}},{"type":"Feature","geometry":{"type":"Point","coordinates":[46.9,-20.6]},"properties":{"region":1,"fire_occurred":1,"prediction":0.0368}},{"type":"Feature","geometry":{"type":"Point","coordinates":[46.9,-17.7]},"properties":{"region":1,"fire_occurred":1,"prediction":0.0589}},{"type":"Feature","geometry":{"type":"Point","coordinates":[46.9,-16.2]},"properties":{"region":1,"fire_occurred":1,"prediction":0.0232}},{"type":"Feature","geometry":{"type":"Point","coordinates":[46.9,-15.7]},"properties":{"region":1,"fire_occurred":1,"prediction":0.0357}},{"type":"Feature","geometry":{"type":"Point","coordinates":[46.9,-15.5]},"properties":{"region":1,"fire_occurred":1,"prediction":0.0482}},{"type":"Feature","geometry":{"type":"Point","coordinates":[46.9,-15.4]},"properties":{"region":1,"fire_occurred":1,"prediction":0.0463}},{"type":"Feature","geometry":{"type":"Point","coordinates":[47.0,-24.8]},"properties":{"region":1,"fire_occurred":0,"prediction":0.15}},{"type":"Feature","geometry":{"type":"Point","coordinates":[47.0,-24.7]},"properties":{"region":1,"fire_occurred":0,"prediction":0.106}},{"type":"Feature","geometry":{"type":"Point","coordinates":[47.0,-24.6]},"properties":{"region":1,"fire_occurred":1,"prediction":0.106}},{"type":"Feature","geometry":{"type":"Point","coordinates":[47.0,-24.4]},"properties":{"region":1,"fire_occurred":0,"prediction":0.1748}},{"type":"Feature","geometry":{"type":"Point","coordinates":[47.0,-24.3]},"properties":{"region":1,"fire_occurred":0,"prediction":0.1089}},{"type":"Feature","geometry":{"type":"Point","coordinates":[47.0,-24.2]},"properties":{"region":1,"fire_occurred":0,"prediction":0.1107}},{"type":"Feature","geometry":{"type":"Point","coordinates":[47.0,-24.0]},"properties":{"region":1,"fire_occurred":1,"prediction":0.1641}},{"type":"Feature","geometry":{"type":"Point","coordinates":[47.0,-23.8]},"properties":{"region":1,"fire_occurred":1,"prediction":0.0622}},{"type":"Feature","geometry":{"type":"Point","coordinates":[47.0,-23.7]},"properties":{"region":1,"fire_occurred":1,"prediction":0.0399}},{"type":"Feature","geometry":{"type":"Point","coordinates":[47.0,-23.5]},"properties":{"region":1,"fire_occurred":0,"prediction":0.1286}},{"type":"Feature","geometry":{"type":"Point","coordinates":[47.0,-17.0]},"properties":{"region":1,"fire_occurred":1,"prediction":0.0102}},{"type":"Feature","geometry":{"type":"Point","coordinates":[47.0,-16.3]},"properties":{"region":1,"fire_occurred":1,"prediction":0.0386}},{"type":"Feature","geometry":{"type":"Point","coordinates":[47.1,-24.7]},"properties":{"region":1,"fire_occurred":0,"prediction":0.1087}},{"type":"Feature","geometry":{"type":"Point","coordinates":[47.1,-24.6]},"properties":{"region":1,"fire_occurred":0,"prediction":0.1152}},{"type":"Feature","geometry":{"type":"Point","coordinates":[47.1,-24.3]},"properties":{"region":1,"fire_occurred":0,"prediction":0.1098}},{"type":"Feature","geometry":{"type":"Point","coordinates":[47.1,-24.2]},"properties":{"region":1,"fire_occurred":1,"prediction":0.0769}},{"type":"Feature","geometry":{"type":"Point","coordinates":[47.1,-24.0]},"properties":{"region":1,"fire_occurred":0,"prediction":0.1723}},{"type":"Feature","geometry":{"type":"Point","coordinates":[47.1,-23.5]},"properties":{"region":1,"fire_occurred":0,"prediction":0.149}},{"type":"Feature","geometry":{"type":"Point","coordinates":[47.1,-23.4]},"properties":{"region":1,"fire_occurred":0,"prediction":0.1185}},{"type":"Feature","geometry":{"type":"Point","coordinates":[47.1,-16.0]},"properties":{"region":1,"fire_occurred":1,"prediction":0.0756}},{"type":"Feature","geometry":{"type":"Point","coordinates":[47.1,-15.9]},"properties":{"region":1,"fire_occurred":1,"prediction":0.1095}},{"type":"Feature","geometry":{"type":"Point","coordinates":[47.1,-15.7]},"properties":{"region":1,"fire_occurred":1,"prediction":0.1163}},{"type":"Feature","geometry":{"type":"Point","coordinates":[47.1,-15.6]},"properties":{"region":1,"fire_occurred":0,"prediction":0.1045}},{"type":"Feature","geometry":{"type":"Point","coordinates":[47.2,-24.6]},"properties":{"region":1,"fire_occurred":1,"prediction":0.0446}},{"type":"Feature","geometry":{"type":"Point","coordinates":[47.2,-23.3]},"properties":{"region":1,"fire_occurred":1,"prediction":0.0458}},{"type":"Feature","geometry":{"type":"Point","coordinates":[47.2,-17.0]},"properties":{"region":1,"fire_occurred":1,"prediction":0.0338}},{"type":"Feature","geometry":{"type":"Point","coordinates":[47.2,-16.2]},"properties":{"region":1,"fire_occurred":0,"prediction":0.1677}},{"type":"Feature","geometry":{"type":"Point","coordinates":[47.2,-16.1]},"properties":{"region":1,"fire_occurred":0,"prediction":0.1383}},{"type":"Feature","geometry":{"type":"Point","coordinates":[47.2,-16.0]},"properties":{"region":1,"fire_occurred":1,"prediction":0.0634}},{"type":"Feature","geometry":{"type":"Point","coordinates":[47.2,-15.9]},"properties":{"region":1,"fire_occurred":0,"prediction":0.1033}},{"type":"Feature","geometry":{"type":"Point","coordinates":[47.2,-15.8]},"properties":{"region":1,"fire_occurred":1,"prediction":0.1172}},{"type":"Feature","geometry":{"type":"Point","coordinates":[47.2,-15.7]},"properties":{"region":1,"fire_occurred":1,"prediction":0.1013}},{"type":"Feature","geometry":{"type":"Point","coordinates":[47.3,-24.2]},"properties":{"region":1,"fire_occurred":0,"prediction":0.1373}},{"type":"Feature","geometry":{"type":"Point","coordinates":[47.3,-24.1]},"properties":{"region":1,"fire_occurred":0,"prediction":0.1216}},{"type":"Feature","geometry":{"type":"Point","coordinates":[47.3,-23.1]},"properties":{"region":1,"fire_occurred":1,"prediction":0.0057}},{"type":"Feature","geometry":{"type":"Point","coordinates":[47.3,-17.0]},"properties":{"region":1,"fire_occurred":1,"prediction":0.0394}},{"type":"Feature","geometry":{"type":"Point","coordinates":[47.3,-16.9]},"properties":{"region":1,"fire_occurred":0,"prediction":0.1015}},{"type":"Feature","geometry":{"type":"Point","coordinates":[47.3,-16.3]},"properties":{"region":1,"fire_occurred":1,"prediction":0.0233}},{"type":"Feature","geometry":{"type":"Point","coordinates":[47.3,-15.6]},"properties":{"region":1,"fire_occurred":0,"prediction":0.107}},{"type":"Feature","geometry":{"type":"Point","coordinates":[47.3,-15.5]},"properties":{"region":1,"fire_occurred":1,"prediction":0.1158}},{"type":"Feature","geometry":{"type":"Point","coordinates":[47.3,-15.2]},"properties":{"region":1,"fire_occurred":0,"prediction":0.1036}},{"type":"Feature","geometry":{"type":"Point","coordinates":[47.4,-16.9]},"properties":{"region":1,"fire_occurred":1,"prediction":0.2201}},{"type":"Feature","geometry":{"type":"Point","coordinates":[47.4,-15.6]},"properties":{"region":1,"fire_occurred":0,"prediction":0.1429}},{"type":"Feature","geometry":{"type":"Point","coordinates":[47.4,-15.4]},"properties":{"region":1,"fire_occurred":1,"prediction":0.0765}},{"type":"Feature","geometry":{"type":"Point","coordinates":[47.5,-16.9]},"properties":{"region":1,"fire_occurred":0,"prediction":0.2918}},{"type":"Feature","geometry":{"type":"Point","coordinates":[47.5,-16.3]},"properties":{"region":1,"fire_occurred":1,"prediction":0.0536}},{"type":"Feature","geometry":{"type":"Point","coordinates":[47.5,-16.2]},"properties":{"region":1,"fire_occurred":1,"prediction":0.0816}},{"type":"Feature","geometry":{"type":"Point","coordinates":[47.5,-16.1]},"properties":{"region":1,"fire_occurred":1,"prediction":0.0911}},{"type":"Feature","geometry":{"type":"Point","coordinates":[47.5,-16.0]},"properties":{"region":1,"fire_occurred":0,"prediction":0.1557}},{"type":"Feature","geometry":{"type":"Point","coordinates":[47.5,-15.9]},"properties":{"region":1,"fire_occurred":0,"prediction":0.1255}},{"type":"Feature","geometry":{"type":"Point","coordinates":[47.5,-15.8]},"properties":{"region":1,"fire_occurred":1,"prediction":0.15}},{"type":"Feature","geometry":{"type":"Point","coordinates":[47.5,-15.7]},"properties":{"region":1,"fire_occurred":1,"prediction":0.1672}},{"type":"Feature","geometry":{"type":"Point","coordinates":[47.5,-15.6]},"properties":{"region":1,"fire_occurred":0,"prediction":0.1053}},{"type":"Feature","geometry":{"type":"Point","coordinates":[47.5,-15.5]},"properties":{"region":1,"fire_occurred":1,"prediction":0.0964}},{"type":"Feature","geometry":{"type":"Point","coordinates":[47.5,-15.3]},"properties":{"region":1,"fire_occurred":1,"prediction":0.0574}},{"type":"Feature","geometry":{"type":"Point","coordinates":[47.6,-17.0]},"properties":{"region":1,"fire_occurred":0,"prediction":0.1297}},{"type":"Feature","geometry":{"type":"Point","coordinates":[47.6,-16.9]},"properties":{"region":1,"fire_occurred":1,"prediction":0.0236}},{"type":"Feature","geometry":{"type":"Point","coordinates":[47.6,-16.7]},"properties":{"region":1,"fire_occurred":0,"prediction":0.1392}},{"type":"Feature","geometry":{"type":"Point","coordinates":[47.6,-16.2]},"properties":{"region":1,"fire_occurred":1,"prediction":0.1091}},{"type":"Feature","geometry":{"type":"Point","coordinates":[47.6,-15.8]},"properties":{"region":1,"fire_occurred":1,"prediction":0.1133}},{"type":"Feature","geometry":{"type":"Point","coordinates":[47.6,-15.6]},"properties":{"region":1,"fire_occurred":0,"prediction":0.1651}},{"type":"Feature","geometry":{"type":"Point","coordinates":[47.6,-15.0]},"properties":{"region":1,"fire_occurred":0,"prediction":0.1097}},{"type":"Feature","geometry":{"type":"Point","coordinates":[47.7,-17.0]},"properties":{"region":1,"fire_occurred":1,"prediction":0.1051}},{"type":"Feature","geometry":{"type":"Point","coordinates":[47.7,-16.8]},"properties":{"region":1,"fire_occurred":0,"prediction":0.1151}},{"type":"Feature","geometry":{"type":"Point","coordinates":[47.7,-16.7]},"properties":{"region":1,"fire_occurred":0,"prediction":0.2062}},{"type":"Feature","geometry":{"type":"Point","coordinates":[47.7,-16.6]},"properties":{"region":1,"fire_occurred":0,"prediction":0.2219}},{"type":"Feature","geometry":{"type":"Point","coordinates":[47.7,-16.5]},"properties":{"region":1,"fire_occurred":0,"prediction":0.1229}},{"type":"Feature","geometry":{"type":"Point","coordinates":[47.7,-16.4]},"properties":{"region":1,"fire_occurred":1,"prediction":0.0294}},{"type":"Feature","geometry":{"type":"Point","coordinates":[47.7,-16.3]},"properties":{"region":1,"fire_occurred":1,"prediction":0.0811}},{"type":"Feature","geometry":{"type":"Point","coordinates":[47.7,-16.2]},"properties":{"region":1,"fire_occurred":0,"prediction":0.1164}},{"type":"Feature","geometry":{"type":"Point","coordinates":[47.7,-16.1]},"properties":{"region":1,"fire_occurred":1,"prediction":0.0981}},{"type":"Feature","geometry":{"type":"Point","coordinates":[47.7,-16.0]},"properties":{"region":1,"fire_occurred":1,"prediction":0.0691}},{"type":"Feature","geometry":{"type":"Point","coordinates":[47.7,-15.9]},"properties":{"region":1,"fire_occurred":1,"prediction":0.1405}},{"type":"Feature","geometry":{"type":"Point","coordinates":[47.7,-15.7]},"properties":{"region":1,"fire_occurred":0,"prediction":0.1131}},{"type":"Feature","geometry":{"type":"Point","coordinates":[47.7,-15.6]},"properties":{"region":1,"fire_occurred":1,"prediction":0.0581}},{"type":"Feature","geometry":{"type":"Point","coordinates":[47.7,-15.4]},"properties":{"region":1,"fire_occurred":1,"prediction":0.0728}},{"type":"Feature","geometry":{"type":"Point","coordinates":[47.8,-16.5]},"properties":{"region":1,"fire_occurred":0,"prediction":0.2313}},{"type":"Feature","geometry":{"type":"Point","coordinates":[47.8,-16.3]},"properties":{"region":1,"fire_occurred":1,"prediction":0.0553}},{"type":"Feature","geometry":{"type":"Point","coordinates":[47.8,-16.2]},"properties":{"region":1,"fire_occurred":0,"prediction":0.116}},{"type":"Feature","geometry":{"type":"Point","coordinates":[47.8,-16.1]},"properties":{"region":1,"fire_occurred":1,"prediction":0.0823}},{"type":"Feature","geometry":{"type":"Point","coordinates":[47.8,-16.0]},"properties":{"region":1,"fire_occurred":1,"prediction":0.1751}},{"type":"Feature","geometry":{"type":"Point","coordinates":[47.8,-15.9]},"properties":{"region":1,"fire_occurred":0,"prediction":0.1431}},{"type":"Feature","geometry":{"type":"Point","coordinates":[47.8,-15.8]},"properties":{"region":1,"fire_occurred":0,"prediction":0.1504}},{"type":"Feature","geometry":{"type":"Point","coordinates":[47.8,-15.7]},"properties":{"region":1,"fire_occurred":0,"prediction":0.1358}},{"type":"Feature","geometry":{"type":"Point","coordinates":[47.8,-15.6]},"properties":{"region":1,"fire_occurred":0,"prediction":0.1416}},{"type":"Feature","geometry":{"type":"Point","coordinates":[47.8,-15.5]},"properties":{"region":1,"fire_occurred":0,"prediction":0.1088}},{"type":"Feature","geometry":{"type":"Point","coordinates":[47.8,-15.0]},"properties":{"region":1,"fire_occurred":1,"prediction":0.0523}},{"type":"Feature","geometry":{"type":"Point","coordinates":[47.8,-14.9]},"properties":{"region":1,"fire_occurred":1,"prediction":0.0434}},{"type":"Feature","geometry":{"type":"Point","coordinates":[47.9,-16.3]},"properties":{"region":1,"fire_occurred":0,"prediction":0.2262}},{"type":"Feature","geometry":{"type":"Point","coordinates":[47.9,-16.2]},"properties":{"region":1,"fire_occurred":0,"prediction":0.2809}},{"type":"Feature","geometry":{"type":"Point","coordinates":[47.9,-16.1]},"properties":{"region":1,"fire_occurred":0,"prediction":0.2801}},{"type":"Feature","geometry":{"type":"Point","coordinates":[47.9,-16.0]},"properties":{"region":1,"fire_occurred":0,"prediction":0.2475}},{"type":"Feature","geometry":{"type":"Point","coordinates":[47.9,-15.9]},"properties":{"region":1,"fire_occurred":0,"prediction":0.1553}},{"type":"Feature","geometry":{"type":"Point","coordinates":[47.9,-15.8]},"properties":{"region":1,"fire_occurred":0,"prediction":0.1378}},{"type":"Feature","geometry":{"type":"Point","coordinates":[47.9,-15.7]},"properties":{"region":1,"fire_occurred":0,"prediction":0.1548}},{"type":"Feature","geometry":{"type":"Point","coordinates":[47.9,-15.6]},"properties":{"region":1,"fire_occurred":1,"prediction":0.1145}},{"type":"Feature","geometry":{"type":"Point","coordinates":[47.9,-15.5]},"properties":{"region":1,"fire_occurred":1,"prediction":0.132}},{"type":"Feature","geometry":{"type":"Point","coordinates":[47.9,-14.9]},"properties":{"region":1,"fire_occurred":1,"prediction":0.0108}},{"type":"Feature","geometry":{"type":"Point","coordinates":[47.9,-14.4]},"properties":{"region":1,"fire_occurred":1,"prediction":0.0144}},{"type":"Feature","geometry":{"type":"Point","coordinates":[48.0,-20.8]},"properties":{"region":1,"fire_occurred":0,"prediction":0.1006}},{"type":"Feature","geometry":{"type":"Point","coordinates":[48.0,-17.0]},"properties":{"region":1,"fire_occurred":0,"prediction":0.1081}},{"type":"Feature","geometry":{"type":"Point","coordinates":[48.0,-16.9]},"properties":{"region":1,"fire_occurred":1,"prediction":0.0855}},{"type":"Feature","geometry":{"type":"Point","coordinates":[48.0,-16.7]},"properties":{"region":1,"fire_occurred":0,"prediction":0.1157}},{"type":"Feature","geometry":{"type":"Point","coordinates":[48.0,-16.6]},"properties":{"region":1,"fire_occurred":0,"prediction":0.1186}},{"type":"Feature","geometry":{"type":"Point","coordinates":[48.0,-16.1]},"properties":{"region":1,"fire_occurred":1,"prediction":0.0957}},{"type":"Feature","geometry":{"type":"Point","coordinates":[48.0,-16.0]},"properties":{"region":1,"fire_occurred":0,"prediction":0.1129}},{"type":"Feature","geometry":{"type":"Point","coordinates":[48.0,-15.9]},"properties":{"region":1,"fire_occurred":1,"prediction":0.0835}},{"type":"Feature","geometry":{"type":"Point","coordinates":[48.0,-15.8]},"properties":{"region":1,"fire_occurred":0,"prediction":0.2133}},{"type":"Feature","geometry":{"type":"Point","coordinates":[48.0,-15.7]},"properties":{"region":1,"fire_occurred":0,"prediction":0.225}},{"type":"Feature","geometry":{"type":"Point","coordinates":[48.0,-15.6]},"properties":{"region":1,"fire_occurred":0,"prediction":0.2065}},{"type":"Feature","geometry":{"type":"Point","coordinates":[48.0,-15.5]},"properties":{"region":1,"fire_occurred":1,"prediction":0.3526}},{"type":"Feature","geometry":{"type":"Point","coordinates":[48.0,-15.4]},"properties":{"region":1,"fire_occurred":0,"prediction":0.1461}},{"type":"Feature","geometry":{"type":"Point","coordinates":[48.0,-15.3]},"properties":{"region":1,"fire_occurred":0,"prediction":0.1255}},{"type":"Feature","geometry":{"type":"Point","coordinates":[48.0,-14.5]},"properties":{"region":1,"fire_occurred":1,"prediction":0.078}},{"type":"Feature","geometry":{"type":"Point","coordinates":[48.0,-14.0]},"properties":{"region":1,"fire_occurred":1,"prediction":0.1105}},{"type":"Feature","geometry":{"type":"Point","coordinates":[48.0,-13.9]},"properties":{"region":1,"fire_occurred":1,"prediction":0.1228}},{"type":"Feature","geometry":{"type":"Point","coordinates":[48.0,-13.8]},"properties":{"region":1,"fire_occurred":1,"prediction":0.0143}},{"type":"Feature","geometry":{"type":"Point","coordinates":[48.0,-13.7]},"properties":{"region":1,"fire_occurred":1,"prediction":0.1869}},{"type":"Feature","geometry":{"type":"Point","coordinates":[48.1,-17.0]},"properties":{"region":1,"fire_occurred":1,"prediction":0.1732}},{"type":"Feature","geometry":{"type":"Point","coordinates":[48.1,-16.9]},"properties":{"region":1,"fire_occurred":0,"prediction":0.154}},{"type":"Feature","geometry":{"type":"Point","coordinates":[48.1,-16.8]},"properties":{"region":1,"fire_occurred":0,"prediction":0.1012}},{"type":"Feature","geometry":{"type":"Point","coordinates":[48.1,-16.7]},"properties":{"region":1,"fire_occurred":1,"prediction":0.0823}},{"type":"Feature","geometry":{"type":"Point","coordinates":[48.1,-16.6]},"properties":{"region":1,"fire_occurred":0,"prediction":0.1166}},{"type":"Feature","geometry":{"type":"Point","coordinates":[48.1,-16.5]},"properties":{"region":1,"fire_occurred":1,"prediction":0.0775}},{"type":"Feature","geometry":{"type":"Point","coordinates":[48.1,-16.4]},"properties":{"region":1,"fire_occurred":1,"prediction":0.0546}},{"type":"Feature","geometry":{"type":"Point","coordinates":[48.1,-16.3]},"properties":{"region":1,"fire_occurred":0,"prediction":0.1399}},{"type":"Feature","geometry":{"type":"Point","coordinates":[48.1,-15.9]},"properties":{"region":1,"fire_occurred":1,"prediction":0.2712}},{"type":"Feature","geometry":{"type":"Point","coordinates":[48.1,-15.8]},"properties":{"region":1,"fire_occurred":0,"prediction":0.1576}},{"type":"Feature","geometry":{"type":"Point","coordinates":[48.1,-15.7]},"properties":{"region":1,"fire_occurred":0,"prediction":0.3303}},{"type":"Feature","geometry":{"type":"Point","coordinates":[48.1,-15.6]},"properties":{"region":1,"fire_occurred":0,"prediction":0.2202}},{"type":"Feature","geometry":{"type":"Point","coordinates":[48.1,-15.5]},"properties":{"region":1,"fire_occurred":0,"prediction":0.1952}},{"type":"Feature","geometry":{"type":"Point","coordinates":[48.1,-15.4]},"properties":{"region":1,"fire_occurred":0,"prediction":0.17}},{"type":"Feature","geometry":{"type":"Point","coordinates":[48.1,-15.3]},"properties":{"region":1,"fire_occurred":0,"prediction":0.1296}},{"type":"Feature","geometry":{"type":"Point","coordinates":[48.1,-14.5]},"properties":{"region":1,"fire_occurred":1,"prediction":0.0175}},{"type":"Feature","geometry":{"type":"Point","coordinates":[48.1,-14.0]},"properties":{"region":1,"fire_occurred":1,"prediction":0.0244}},{"type":"Feature","geometry":{"type":"Point","coordinates":[48.1,-13.9]},"properties":{"region":1,"fire_occurred":1,"prediction":0.0677}},{"type":"Feature","geometry":{"type":"Point","coordinates":[48.1,-13.8]},"properties":{"region":1,"fire_occurred":0,"prediction":0.1041}},{"type":"Feature","geometry":{"type":"Point","coordinates":[48.1,-13.7]},"properties":{"region":1,"fire_occurred":0,"prediction":0.1049}},{"type":"Feature","geometry":{"type":"Point","coordinates":[48.2,-20.7]},"properties":{"region":1,"fire_occurred":0,"prediction":0.1246}},{"type":"Feature","geometry":{"type":"Point","coordinates":[48.2,-20.6]},"properties":{"region":1,"fire_occurred":0,"prediction":0.1284}},{"type":"Feature","geometry":{"type":"Point","coordinates":[48.2,-17.0]},"properties":{"region":1,"fire_occurred":1,"prediction":0.1594}},{"type":"Feature","geometry":{"type":"Point","coordinates":[48.2,-16.8]},"properties":{"region":1,"fire_occurred":0,"prediction":0.1329}},{"type":"Feature","geometry":{"type":"Point","coordinates":[48.2,-16.4]},"properties":{"region":1,"fire_occurred":0,"prediction":0.1265}},{"type":"Feature","geometry":{"type":"Point","coordinates":[48.2,-16.3]},"properties":{"region":1,"fire_occurred":0,"prediction":0.1407}},{"type":"Feature","geometry":{"type":"Point","coordinates":[48.2,-16.0]},"properties":{"region":1,"fire_occurred":0,"prediction":0.1332}},{"type":"Feature","geometry":{"type":"Point","coordinates":[48.2,-15.8]},"properties":{"region":1,"fire_occurred":0,"prediction":0.1487}},{"type":"Feature","geometry":{"type":"Point","coordinates":[48.2,-15.7]},"properties":{"region":1,"fire_occurred":0,"prediction":0.1345}},{"type":"Feature","geometry":{"type":"Point","coordinates":[48.2,-15.6]},"properties":{"region":1,"fire_occurred":0,"prediction":0.1214}},{"type":"Feature","geometry":{"type":"Point","coordinates":[48.2,-15.4]},"properties":{"region":1,"fire_occurred":0,"prediction":0.1363}},{"type":"Feature","geometry":{"type":"Point","coordinates":[48.2,-14.5]},"properties":{"region":1,"fire_occurred":1,"prediction":0.0128}},{"type":"Feature","geometry":{"type":"Point","coordinates":[48.2,-14.2]},"properties":{"region":1,"fire_occurred":1,"prediction":0.0255}},{"type":"Feature","geometry":{"type":"Point","coordinates":[48.2,-14.1]},"properties":{"region":1,"fire_occurred":1,"prediction":0.0354}},{"type":"Feature","geometry":{"type":"Point","coordinates":[48.2,-13.9]},"properties":{"region":1,"fire_occurred":1,"prediction":0.0614}},{"type":"Feature","geometry":{"type":"Point","coordinates":[48.3,-16.8]},"properties":{"region":1,"fire_occurred":0,"prediction":0.1038}},{"type":"Feature","geometry":{"type":"Point","coordinates":[48.3,-16.7]},"properties":{"region":1,"fire_occurred":0,"prediction":0.1036}},{"type":"Feature","geometry":{"type":"Point","coordinates":[48.3,-16.6]},"properties":{"region":1,"fire_occurred":0,"prediction":0.2318}},{"type":"Feature","geometry":{"type":"Point","coordinates":[48.3,-16.4]},"properties":{"region":1,"fire_occurred":0,"prediction":0.1576}},{"type":"Feature","geometry":{"type":"Point","coordinates":[48.3,-16.3]},"properties":{"region":1,"fire_occurred":0,"prediction":0.1253}},{"type":"Feature","geometry":{"type":"Point","coordinates":[48.3,-16.1]},"properties":{"region":1,"fire_occurred":0,"prediction":0.1117}},{"type":"Feature","geometry":{"type":"Point","coordinates":[48.3,-16.0]},"properties":{"region":1,"fire_occurred":0,"prediction":0.1529}},{"type":"Feature","geometry":{"type":"Point","coordinates":[48.3,-15.3]},"properties":{"region":1,"fire_occurred":0,"prediction":0.2394}},{"type":"Feature","geometry":{"type":"Point","coordinates":[48.3,-15.0]},"properties":{"region":1,"fire_occurred":1,"prediction":0.0884}},{"type":"Feature","geometry":{"type":"Point","coordinates":[48.3,-14.6]},"properties":{"region":1,"fire_occurred":1,"prediction":0.0445}},{"type":"Feature","geometry":{"type":"Point","coordinates":[48.3,-14.5]},"properties":{"region":1,"fire_occurred":1,"prediction":0.0335}},{"type":"Feature","geometry":{"type":"Point","coordinates":[48.3,-14.4]},"properties":{"region":1,"fire_occurred":1,"prediction":0.0227}},{"type":"Feature","geometry":{"type":"Point","coordinates":[48.3,-13.9]},"properties":{"region":1,"fire_occurred":1,"prediction":0.1658}},{"type":"Feature","geometry":{"type":"Point","coordinates":[48.4,-16.9]},"properties":{"region":1,"fire_occurred":0,"prediction":0.1067}},{"type":"Feature","geometry":{"type":"Point","coordinates":[48.4,-16.8]},"properties":{"region":1,"fire_occurred":0,"prediction":0.1726}},{"type":"Feature","geometry":{"type":"Point","coordinates":[48.4,-16.7]},"properties":{"region":1,"fire_occurred":0,"prediction":0.1549}},{"type":"Feature","geometry":{"type":"Point","coordinates":[48.4,-16.6]},"properties":{"region":1,"fire_occurred":0,"prediction":0.1029}},{"type":"Feature","geometry":{"type":"Point","coordinates":[48.4,-16.5]},"properties":{"region":1,"fire_occurred":0,"prediction":0.1307}},{"type":"Feature","geometry":{"type":"Point","coordinates":[48.4,-16.4]},"properties":{"region":1,"fire_occurred":0,"prediction":0.1549}},{"type":"Feature","geometry":{"type":"Point","coordinates":[48.4,-16.3]},"properties":{"region":1,"fire_occurred":0,"prediction":0.1023}},{"type":"Feature","geometry":{"type":"Point","coordinates":[48.4,-15.1]},"properties":{"region":1,"fire_occurred":1,"prediction":0.0814}},{"type":"Feature","geometry":{"type":"Point","coordinates":[48.4,-14.7]},"properties":{"region":1,"fire_occurred":0,"prediction":0.1016}},{"type":"Feature","geometry":{"type":"Point","coordinates":[48.4,-14.6]},"properties":{"region":1,"fire_occurred":0,"prediction":0.1079}},{"type":"Feature","geometry":{"type":"Point","coordinates":[48.4,-13.9]},"properties":{"region":1,"fire_occurred":1,"prediction":0.1824}},{"type":"Feature","geometry":{"type":"Point","coordinates":[48.4,-13.8]},"properties":{"region":1,"fire_occurred":1,"prediction":0.0587}},{"type":"Feature","geometry":{"type":"Point","coordinates":[48.5,-16.9]},"properties":{"region":1,"fire_occurred":0,"prediction":0.1583}},{"type":"Feature","geometry":{"type":"Point","coordinates":[48.5,-16.8]},"properties":{"region":1,"fire_occurred":0,"prediction":0.185}},{"type":"Feature","geometry":{"type":"Point","coordinates":[48.5,-16.7]},"properties":{"region":1,"fire_occurred":0,"prediction":0.1191}},{"type":"Feature","geometry":{"type":"Point","coordinates":[48.5,-16.6]},"properties":{"region":1,"fire_occurred":0,"prediction":0.1003}},{"type":"Feature","geometry":{"type":"Point","coordinates":[48.5,-16.5]},"properties":{"region":1,"fire_occurred":0,"prediction":0.1402}},{"type":"Feature","geometry":{"type":"Point","coordinates":[48.5,-16.1]},"properties":{"region":1,"fire_occurred":1,"prediction":0.0448}},{"type":"Feature","geometry":{"type":"Point","coordinates":[48.5,-16.0]},"properties":{"region":1,"fire_occurred":1,"prediction":0.1149}},{"type":"Feature","geometry":{"type":"Point","coordinates":[48.5,-14.9]},"properties":{"region":1,"fire_occurred":1,"prediction":0.1771}},{"type":"Feature","geometry":{"type":"Point","coordinates":[48.5,-13.8]},"properties":{"region":1,"fire_occurred":0,"prediction":0.1263}},{"type":"Feature","geometry":{"type":"Point","coordinates":[48.5,-13.7]},"properties":{"region":1,"fire_occurred":0,"prediction":0.1258}},{"type":"Feature","geometry":{"type":"Point","coordinates":[48.6,-16.9]},"properties":{"region":1,"fire_occurred":1,"prediction":0.1807}},{"type":"Feature","geometry":{"type":"Point","coordinates":[48.6,-16.8]},"properties":{"region":1,"fire_occurred":1,"prediction":0.1148}},{"type":"Feature","geometry":{"type":"Point","coordinates":[48.6,-16.6]},"properties":{"region":1,"fire_occurred":1,"prediction":0.0166}},{"type":"Feature","geometry":{"type":"Point","coordinates":[48.6,-13.9]},"properties":{"region":1,"fire_occurred":1,"prediction":0.0279}},{"type":"Feature","geometry":{"type":"Point","coordinates":[48.7,-17.0]},"properties":{"region":1,"fire_occurred":1,"prediction":0.0934}},{"type":"Feature","geometry":{"type":"Point","coordinates":[48.7,-16.8]},"properties":{"region":1,"fire_occurred":1,"prediction":0.0732}},{"type":"Feature","geometry":{"type":"Point","coordinates":[48.8,-14.8]},"properties":{"region":1,"fire_occurred":1,"prediction":0.0672}},{"type":"Feature","geometry":{"type":"Point","coordinates":[48.8,-14.0]},"properties":{"region":1,"fire_occurred":0,"prediction":0.1073}},{"type":"Feature","geometry":{"type":"Point","coordinates":[48.8,-13.6]},"properties":{"region":1,"fire_occurred":1,"prediction":0.0203}},{"type":"Feature","geometry":{"type":"Point","coordinates":[48.9,-17.0]},"properties":{"region":1,"fire_occurred":1,"prediction":0.0731}},{"type":"Feature","geometry":{"type":"Point","coordinates":[48.9,-16.9]},"properties":{"region":1,"fire_occurred":1,"prediction":0.0379}},{"type":"Feature","geometry":{"type":"Point","coordinates":[48.9,-16.8]},"properties":{"region":1,"fire_occurred":1,"prediction":0.0305}},{"type":"Feature","geometry":{"type":"Point","coordinates":[49.0,-18.7]},"properties":{"region":1,"fire_occurred":1,"prediction":0.0292}},{"type":"Feature","geometry":{"type":"Point","coordinates":[49.0,-18.4]},"properties":{"region":1,"fire_occurred":1,"prediction":0.0239}},{"type":"Feature","geometry":{"type":"Point","coordinates":[49.0,-18.3]},"properties":{"region":1,"fire_occurred":0,"prediction":0.1269}},{"type":"Feature","geometry":{"type":"Point","coordinates":[49.0,-18.2]},"properties":{"region":1,"fire_occurred":0,"prediction":0.1181}},{"type":"Feature","geometry":{"type":"Point","coordinates":[49.0,-18.1]},"properties":{"region":1,"fire_occurred":1,"prediction":0.1934}},{"type":"Feature","geometry":{"type":"Point","coordinates":[49.0,-18.0]},"properties":{"region":1,"fire_occurred":0,"prediction":0.1386}},{"type":"Feature","geometry":{"type":"Point","coordinates":[49.0,-17.9]},"properties":{"region":1,"fire_occurred":1,"prediction":0.1203}},{"type":"Feature","geometry":{"type":"Point","coordinates":[49.0,-17.8]},"properties":{"region":1,"fire_occurred":1,"prediction":0.0103}},{"type":"Feature","geometry":{"type":"Point","coordinates":[49.0,-17.7]},"properties":{"region":1,"fire_occurred":1,"prediction":0.12}},{"type":"Feature","geometry":{"type":"Point","coordinates":[49.0,-17.1]},"properties":{"region":1,"fire_occurred":1,"prediction":0.2406}},{"type":"Feature","geometry":{"type":"Point","coordinates":[49.0,-17.0]},"properties":{"region":1,"fire_occurred":1,"prediction":0.2154}},{"type":"Feature","geometry":{"type":"Point","coordinates":[49.0,-16.9]},"properties":{"region":1,"fire_occurred":1,"prediction":0.1187}},{"type":"Feature","geometry":{"type":"Point","coordinates":[49.0,-16.6]},"properties":{"region":1,"fire_occurred":1,"prediction":0.0245}},{"type":"Feature","geometry":{"type":"Point","coordinates":[49.0,-16.3]},"properties":{"region":1,"fire_occurred":1,"prediction":0.0259}},{"type":"Feature","geometry":{"type":"Point","coordinates":[49.0,-16.1]},"properties":{"region":1,"fire_occurred":1,"prediction":0.0102}},{"type":"Feature","geometry":{"type":"Point","coordinates":[49.0,-13.7]},"properties":{"region":1,"fire_occurred":1,"prediction":0.1637}},{"type":"Feature","geometry":{"type":"Point","coordinates":[49.0,-13.6]},"properties":{"region":1,"fire_occurred":0,"prediction":0.2142}},{"type":"Feature","geometry":{"type":"Point","coordinates":[49.0,-13.5]},"properties":{"region":1,"fire_occurred":0,"prediction":0.1098}},{"type":"Feature","geometry":{"type":"Point","coordinates":[49.1,-18.1]},"properties":{"region":1,"fire_occurred":0,"prediction":0.108}},{"type":"Feature","geometry":{"type":"Point","coordinates":[49.1,-17.1]},"properties":{"region":1,"fire_occurred":1,"prediction":0.1282}},{"type":"Feature","geometry":{"type":"Point","coordinates":[49.1,-17.0]},"properties":{"region":1,"fire_occurred":1,"prediction":0.0679}},{"type":"Feature","geometry":{"type":"Point","coordinates":[49.1,-16.9]},"properties":{"region":1,"fire_occurred":1,"prediction":0.0675}},{"type":"Feature","geometry":{"type":"Point","coordinates":[49.1,-16.7]},"properties":{"region":1,"fire_occurred":1,"prediction":0.0054}},{"type":"Feature","geometry":{"type":"Point","coordinates":[49.1,-16.5]},"properties":{"region":1,"fire_occurred":1,"prediction":0.0016}},{"type":"Feature","geometry":{"type":"Point","coordinates":[49.1,-13.9]},"properties":{"region":1,"fire_occurred":0,"prediction":0.1521}},{"type":"Feature","geometry":{"type":"Point","coordinates":[49.1,-13.5]},"properties":{"region":1,"fire_occurred":1,"prediction":0.0839}},{"type":"Feature","geometry":{"type":"Point","coordinates":[49.1,-13.4]},"properties":{"region":1,"fire_occurred":1,"prediction":0.0744}},{"type":"Feature","geometry":{"type":"Point","coordinates":[49.1,-13.3]},"properties":{"region":1,"fire_occurred":1,"prediction":0.0262}},{"type":"Feature","geometry":{"type":"Point","coordinates":[49.1,-13.0]},"properties":{"region":1,"fire_occurred":0,"prediction":0.1022}},{"type":"Feature","geometry":{"type":"Point","coordinates":[49.2,-17.0]},"properties":{"region":1,"fire_occurred":1,"prediction":0.0098}},{"type":"Feature","geometry":{"type":"Point","coordinates":[49.2,-16.9]},"properties":{"region":1,"fire_occurred":1,"prediction":0.0081}},{"type":"Feature","geometry":{"type":"Point","coordinates":[49.2,-16.4]},"properties":{"region":1,"fire_occurred":1,"prediction":0.0027}},{"type":"Feature","geometry":{"type":"Point","coordinates":[49.2,-16.2]},"properties":{"region":1,"fire_occurred":1,"prediction":0.0079}},{"type":"Feature","geometry":{"type":"Point","coordinates":[49.2,-16.1]},"properties":{"region":1,"fire_occurred":1,"prediction":0.012}},{"type":"Feature","geometry":{"type":"Point","coordinates":[49.2,-13.9]},"properties":{"region":1,"fire_occurred":0,"prediction":0.2525}},{"type":"Feature","geometry":{"type":"Point","coordinates":[49.2,-13.3]},"properties":{"region":1,"fire_occurred":0,"prediction":0.1302}},{"type":"Feature","geometry":{"type":"Point","coordinates":[49.3,-16.5]},"properties":{"region":1,"fire_occurred":1,"prediction":0.0054}},{"type":"Feature","geometry":{"type":"Point","coordinates":[49.3,-16.3]},"properties":{"region":1,"fire_occurred":1,"prediction":0.0043}},{"type":"Feature","geometry":{"type":"Point","coordinates":[49.3,-16.1]},"properties":{"region":1,"fire_occurred":1,"prediction":0.0109}},{"type":"Feature","geometry":{"type":"Point","coordinates":[49.3,-14.2]},"properties":{"region":1,"fire_occurred":0,"prediction":0.1058}},{"type":"Feature","geometry":{"type":"Point","coordinates":[49.3,-14.1]},"properties":{"region":1,"fire_occurred":0,"prediction":0.1749}},{"type":"Feature","geometry":{"type":"Point","coordinates":[49.3,-13.8]},"properties":{"region":1,"fire_occurred":0,"prediction":0.1488}},{"type":"Feature","geometry":{"type":"Point","coordinates":[49.3,-13.7]},"properties":{"region":1,"fire_occurred":1,"prediction":0.0577}},{"type":"Feature","geometry":{"type":"Point","coordinates":[49.3,-13.3]},"properties":{"region":1,"fire_occurred":0,"prediction":0.1143}},{"type":"Feature","geometry":{"type":"Point","coordinates":[49.3,-13.1]},"properties":{"region":1,"fire_occurred":0,"prediction":0.1331}},{"type":"Feature","geometry":{"type":"Point","coordinates":[49.4,-16.2]},"properties":{"region":1,"fire_occurred":1,"prediction":0.0063}},{"type":"Feature","geometry":{"type":"Point","coordinates":[49.4,-14.1]},"properties":{"region":1,"fire_occurred":0,"prediction":0.1477}},{"type":"Feature","geometry":{"type":"Point","coordinates":[49.4,-13.9]},"properties":{"region":1,"fire_occurred":1,"prediction":0.0309}},{"type":"Feature","geometry":{"type":"Point","coordinates":[49.5,-14.1]},"properties":{"region":1,"fire_occurred":0,"prediction":0.1254}},{"type":"Feature","geometry":{"type":"Point","coordinates":[49.5,-13.0]},"properties":{"region":1,"fire_occurred":1,"prediction":0.0157}},{"type":"Feature","geometry":{"type":"Point","coordinates":[50.0,-14.8]},"properties":{"region":1,"fire_occurred":0,"prediction":0.1242}},{"type":"Feature","geometry":{"type":"Point","coordinates":[71.6,22.3]},"properties":{"region":1,"fire_occurred":1,"prediction":0.0189}},{"type":"Feature","geometry":{"type":"Point","coordinates":[73.0,21.3]},"properties":{"region":1,"fire_occurred":1,"prediction":0.1199}},{"type":"Feature","geometry":{"type":"Point","coordinates":[75.0,22.1]},"properties":{"region":1,"fire_occurred":1,"prediction":0.0028}},{"type":"Feature","geometry":{"type":"Point","coordinates":[75.1,24.6]},"properties":{"region":1,"fire_occurred":0,"prediction":0.1173}},{"type":"Feature","geometry":{"type":"Point","coordinates":[75.2,17.5]},"properties":{"region":1,"fire_occurred":0,"prediction":0.1542}},{"type":"Feature","geometry":{"type":"Point","coordinates":[75.3,17.5]},"properties":{"region":1,"fire_occurred":0,"prediction":0.154}},{"type":"Feature","geometry":{"type":"Point","coordinates":[75.9,17.6]},"properties":{"region":1,"fire_occurred":1,"prediction":0.0117}},{"type":"Feature","geometry":{"type":"Point","coordinates":[77.4,22.4]},"properties":{"region":1,"fire_occurred":0,"prediction":0.157}},{"type":"Feature","geometry":{"type":"Point","coordinates":[77.4,22.6]},"properties":{"region":1,"fire_occurred":0,"prediction":0.1162}},{"type":"Feature","geometry":{"type":"Point","coordinates":[77.4,22.7]},"properties":{"region":1,"fire_occurred":0,"prediction":0.1288}},{"type":"Feature","geometry":{"type":"Point","coordinates":[77.5,22.5]},"properties":{"region":1,"fire_occurred":0,"prediction":0.2645}},{"type":"Feature","geometry":{"type":"Point","coordinates":[77.5,22.6]},"properties":{"region":1,"fire_occurred":0,"prediction":0.1849}},{"type":"Feature","geometry":{"type":"Point","coordinates":[77.5,22.7]},"properties":{"region":1,"fire_occurred":0,"prediction":0.1443}},{"type":"Feature","geometry":{"type":"Point","coordinates":[77.5,23.0]},"properties":{"region":1,"fire_occurred":0,"prediction":0.1645}},{"type":"Feature","geometry":{"type":"Point","coordinates":[77.6,19.6]},"properties":{"region":1,"fire_occurred":1,"prediction":0.0017}},{"type":"Feature","geometry":{"type":"Point","coordinates":[77.6,22.5]},"properties":{"region":1,"fire_occurred":0,"prediction":0.1482}},{"type":"Feature","geometry":{"type":"Point","coordinates":[77.6,22.6]},"properties":{"region":1,"fire_occurred":0,"prediction":0.2164}},{"type":"Feature","geometry":{"type":"Point","coordinates":[77.6,22.9]},"properties":{"region":1,"fire_occurred":0,"prediction":0.1074}},{"type":"Feature","geometry":{"type":"Point","coordinates":[77.6,23.0]},"properties":{"region":1,"fire_occurred":0,"prediction":0.1156}},{"type":"Feature","geometry":{"type":"Point","coordinates":[77.6,23.5]},"properties":{"region":1,"fire_occurred":0,"prediction":0.1019}},{"type":"Feature","geometry":{"type":"Point","coordinates":[77.7,22.6]},"properties":{"region":1,"fire_occurred":0,"prediction":0.312}},{"type":"Feature","geometry":{"type":"Point","coordinates":[77.8,22.6]},"properties":{"region":1,"fire_occurred":0,"prediction":0.2893}},{"type":"Feature","geometry":{"type":"Point","coordinates":[77.8,22.7]},"properties":{"region":1,"fire_occurred":0,"prediction":0.3251}},{"type":"Feature","geometry":{"type":"Point","coordinates":[77.8,22.8]},"properties":{"region":1,"fire_occurred":0,"prediction":0.2132}},{"type":"Feature","geometry":{"type":"Point","coordinates":[77.9,22.6]},"properties":{"region":1,"fire_occurred":0,"prediction":0.2594}},{"type":"Feature","geometry":{"type":"Point","coordinates":[77.9,22.7]},"properties":{"region":1,"fire_occurred":0,"prediction":0.3167}},{"type":"Feature","geometry":{"type":"Point","coordinates":[78.0,22.7]},"properties":{"region":1,"fire_occurred":0,"prediction":0.2117}},{"type":"Feature","geometry":{"type":"Point","coordinates":[78.0,23.8]},"properties":{"region":1,"fire_occurred":0,"prediction":0.1077}},{"type":"Feature","geometry":{"type":"Point","coordinates":[78.1,22.8]},"properties":{"region":1,"fire_occurred":0,"prediction":0.1375}},{"type":"Feature","geometry":{"type":"Point","coordinates":[78.2,22.7]},"properties":{"region":1,"fire_occurred":0,"prediction":0.4165}},{"type":"Feature","geometry":{"type":"Point","coordinates":[78.2,22.8]},"properties":{"region":1,"fire_occurred":0,"prediction":0.3649}},{"type":"Feature","geometry":{"type":"Point","coordinates":[78.3,22.7]},"properties":{"region":1,"fire_occurred":0,"prediction":0.1835}},{"type":"Feature","geometry":{"type":"Point","coordinates":[78.3,22.8]},"properties":{"region":1,"fire_occurred":0,"prediction":0.1998}},{"type":"Feature","geometry":{"type":"Point","coordinates":[78.4,22.8]},"properties":{"region":1,"fire_occurred":0,"prediction":0.3634}},{"type":"Feature","geometry":{"type":"Point","coordinates":[78.4,22.9]},"properties":{"region":1,"fire_occurred":0,"prediction":0.2383}},{"type":"Feature","geometry":{"type":"Point","coordinates":[78.5,22.8]},"properties":{"region":1,"fire_occurred":0,"prediction":0.282}},{"type":"Feature","geometry":{"type":"Point","coordinates":[79.3,23.6]},"properties":{"region":1,"fire_occurred":0,"prediction":0.1349}},{"type":"Feature","geometry":{"type":"Point","coordinates":[79.5,21.9]},"properties":{"region":1,"fire_occurred":0,"prediction":0.2906}},{"type":"Feature","geometry":{"type":"Point","coordinates":[79.5,22.0]},"properties":{"region":1,"fire_occurred":0,"prediction":0.161}},{"type":"Feature","geometry":{"type":"Point","coordinates":[79.5,22.1]},"properties":{"region":1,"fire_occurred":0,"prediction":0.1085}},{"type":"Feature","geometry":{"type":"Point","coordinates":[79.5,22.2]},"properties":{"region":1,"fire_occurred":0,"prediction":0.2154}},{"type":"Feature","geometry":{"type":"Point","coordinates":[79.5,23.1]},"properties":{"region":1,"fire_occurred":0,"prediction":0.1821}},{"type":"Feature","geometry":{"type":"Point","coordinates":[79.6,22.4]},"properties":{"region":1,"fire_occurred":0,"prediction":0.242}},{"type":"Feature","geometry":{"type":"Point","coordinates":[79.6,23.5]},"properties":{"region":1,"fire_occurred":0,"prediction":0.1134}},{"type":"Feature","geometry":{"type":"Point","coordinates":[79.7,22.1]},"properties":{"region":1,"fire_occurred":0,"prediction":0.1189}},{"type":"Feature","geometry":{"type":"Point","coordinates":[79.7,22.2]},"properties":{"region":1,"fire_occurred":0,"prediction":0.1559}},{"type":"Feature","geometry":{"type":"Point","coordinates":[79.7,22.3]},"properties":{"region":1,"fire_occurred":0,"prediction":0.1575}},{"type":"Feature","geometry":{"type":"Point","coordinates":[79.7,22.4]},"properties":{"region":1,"fire_occurred":0,"prediction":0.1368}},{"type":"Feature","geometry":{"type":"Point","coordinates":[79.7,23.1]},"properties":{"region":1,"fire_occurred":1,"prediction":0.5111}},{"type":"Feature","geometry":{"type":"Point","coordinates":[79.8,22.3]},"properties":{"region":1,"fire_occurred":0,"prediction":0.1491}},{"type":"Feature","geometry":{"type":"Point","coordinates":[79.8,22.4]},"properties":{"region":1,"fire_occurred":0,"prediction":0.2218}},{"type":"Feature","geometry":{"type":"Point","coordinates":[79.8,23.0]},"properties":{"region":1,"fire_occurred":0,"prediction":0.1467}},{"type":"Feature","geometry":{"type":"Point","coordinates":[79.8,23.3]},"properties":{"region":1,"fire_occurred":1,"prediction":0.184}},{"type":"Feature","geometry":{"type":"Point","coordinates":[79.8,23.6]},"properties":{"region":1,"fire_occurred":0,"prediction":0.1069}},{"type":"Feature","geometry":{"type":"Point","coordinates":[79.9,22.3]},"properties":{"region":1,"fire_occurred":0,"prediction":0.2051}},{"type":"Feature","geometry":{"type":"Point","coordinates":[79.9,22.4]},"properties":{"region":1,"fire_occurred":0,"prediction":0.2914}},{"type":"Feature","geometry":{"type":"Point","coordinates":[79.9,22.5]},"properties":{"region":1,"fire_occurred":0,"prediction":0.1429}},{"type":"Feature","geometry":{"type":"Point","coordinates":[79.9,23.4]},"properties":{"region":1,"fire_occurred":0,"prediction":0.1698}},{"type":"Feature","geometry":{"type":"Point","coordinates":[80.0,22.3]},"properties":{"region":1,"fire_occurred":0,"prediction":0.1338}},{"type":"Feature","geometry":{"type":"Point","coordinates":[80.0,22.4]},"properties":{"region":1,"fire_occurred":0,"prediction":0.358}},{"type":"Feature","geometry":{"type":"Point","coordinates":[80.0,22.5]},"properties":{"region":1,"fire_occurred":0,"prediction":0.1236}},{"type":"Feature","geometry":{"type":"Point","coordinates":[80.0,23.5]},"properties":{"region":1,"fire_occurred":0,"prediction":0.1165}},{"type":"Feature","geometry":{"type":"Point","coordinates":[80.1,22.4]},"properties":{"region":1,"fire_occurred":0,"prediction":0.2143}},{"type":"Feature","geometry":{"type":"Point","coordinates":[80.1,23.5]},"properties":{"region":1,"fire_occurred":0,"prediction":0.1689}},{"type":"Feature","geometry":{"type":"Point","coordinates":[80.4,24.6]},"properties":{"region":1,"fire_occurred":0,"prediction":0.1117}},{"type":"Feature","geometry":{"type":"Point","coordinates":[80.7,24.1]},"properties":{"region":1,"fire_occurred":0,"prediction":0.1061}},{"type":"Feature","geometry":{"type":"Point","coordinates":[80.8,23.7]},"properties":{"region":1,"fire_occurred":0,"prediction":0.1317}},{"type":"Feature","geometry":{"type":"Point","coordinates":[82.3,23.1]},"properties":{"region":1,"fire_occurred":1,"prediction":0.1341}},{"type":"Feature","geometry":{"type":"Point","coordinates":[82.5,22.3]},"properties":{"region":1,"fire_occurred":0,"prediction":0.1055}},{"type":"Feature","geometry":{"type":"Point","coordinates":[83.3,21.9]},"properties":{"region":1,"fire_occurred":1,"prediction":0.7118}},{"type":"Feature","geometry":{"type":"Point","coordinates":[83.7,22.0]},"properties":{"region":1,"fire_occurred":0,"prediction":0.2457}},{"type":"Feature","geometry":{"type":"Point","coordinates":[84.0,21.7]},"properties":{"region":1,"fire_occurred":0,"prediction":0.1353}},{"type":"Feature","geometry":{"type":"Point","coordinates":[84.8,22.2]},"properties":{"region":1,"fire_occurred":0,"prediction":0.1102}},{"type":"Feature","geometry":{"type":"Point","coordinates":[84.9,20.8]},"properties":{"region":1,"fire_occurred":1,"prediction":0.1244}},{"type":"Feature","geometry":{"type":"Point","coordinates":[85.0,21.0]},"properties":{"region":1,"fire_occurred":0,"prediction":0.577}},{"type":"Feature","geometry":{"type":"Point","coordinates":[85.1,20.9]},"properties":{"region":1,"fire_occurred":1,"prediction":0.8948}},{"type":"Feature","geometry":{"type":"Point","coordinates":[85.2,20.7]},"properties":{"region":1,"fire_occurred":1,"prediction":0.4131}},{"type":"Feature","geometry":{"type":"Point","coordinates":[86.0,20.9]},"properties":{"region":1,"fire_occurred":1,"prediction":0.2117}},{"type":"Feature","geometry":{"type":"Point","coordinates":[86.0,23.6]},"properties":{"region":1,"fire_occurred":0,"prediction":0.6547}},{"type":"Feature","geometry":{"type":"Point","coordinates":[86.0,23.7]},"properties":{"region":1,"fire_occurred":0,"prediction":0.1083}},{"type":"Feature","geometry":{"type":"Point","coordinates":[86.2,22.7]},"properties":{"region":1,"fire_occurred":1,"prediction":0.3704}},{"type":"Feature","geometry":{"type":"Point","coordinates":[86.2,23.7]},"properties":{"region":1,"fire_occurred":1,"prediction":0.4142}},{"type":"Feature","geometry":{"type":"Point","coordinates":[86.3,23.7]},"properties":{"region":1,"fire_occurred":1,"prediction":0.8864}},{"type":"Feature","geometry":{"type":"Point","coordinates":[86.3,23.8]},"properties":{"region":1,"fire_occurred":0,"prediction":0.1183}},{"type":"Feature","geometry":{"type":"Point","coordinates":[86.4,23.7]},"properties":{"region":1,"fire_occurred":1,"prediction":0.6425}},{"type":"Feature","geometry":{"type":"Point","coordinates":[86.9,23.6]},"properties":{"region":1,"fire_occurred":1,"prediction":0.0357}},{"type":"Feature","geometry":{"type":"Point","coordinates":[96.6,17.7]},"properties":{"region":1,"fire_occurred":1,"prediction":0.0005}},{"type":"Feature","geometry":{"type":"Point","coordinates":[97.1,23.0]},"properties":{"region":1,"fire_occurred":1,"prediction":0.0007}},{"type":"Feature","geometry":{"type":"Point","coordinates":[99.1,3.3]},"properties":{"region":1,"fire_occurred":1,"prediction":0.0039}},{"type":"Feature","geometry":{"type":"Point","coordinates":[101.6,2.7]},"properties":{"region":1,"fire_occurred":1,"prediction":0.0047}},{"type":"Feature","geometry":{"type":"Point","coordinates":[107.1,14.7]},"properties":{"region":1,"fire_occurred":0,"prediction":0.111}},{"type":"Feature","geometry":{"type":"Point","coordinates":[110.1,21.8]},"properties":{"region":1,"fire_occurred":1,"prediction":0.0235}},{"type":"Feature","geometry":{"type":"Point","coordinates":[111.5,21.5]},"properties":{"region":1,"fire_occurred":1,"prediction":0.0099}},{"type":"Feature","geometry":{"type":"Point","coordinates":[111.5,21.7]},"properties":{"region":1,"fire_occurred":1,"prediction":0.011}},{"type":"Feature","geometry":{"type":"Point","coordinates":[115.9,-3.1]},"properties":{"region":1,"fire_occurred":1,"prediction":0.0001}},{"type":"Feature","geometry":{"type":"Point","coordinates":[121.3,-2.6]},"properties":{"region":1,"fire_occurred":1,"prediction":0.3823}},{"type":"Feature","geometry":{"type":"Point","coordinates":[121.4,-2.6]},"properties":{"region":1,"fire_occurred":1,"prediction":0.0004}},{"type":"Feature","geometry":{"type":"Point","coordinates":[121.5,17.5]},"properties":{"region":1,"fire_occurred":1,"prediction":0.0047}},{"type":"Feature","geometry":{"type":"Point","coordinates":[122.3,-3.9]},"properties":{"region":1,"fire_occurred":1,"prediction":0.0115}},{"type":"Feature","geometry":{"type":"Point","coordinates":[122.4,-4.0]},"properties":{"region":1,"fire_occurred":0,"prediction":0.1918}},{"type":"Feature","geometry":{"type":"Point","coordinates":[122.4,-3.9]},"properties":{"region":1,"fire_occurred":1,"prediction":0.2614}},{"type":"Feature","geometry":{"type":"Point","coordinates":[123.7,-16.5]},"properties":{"region":1,"fire_occurred":1,"prediction":0.2623}},{"type":"Feature","geometry":{"type":"Point","coordinates":[124.4,-16.7]},"properties":{"region":1,"fire_occurred":0,"prediction":0.1919}},{"type":"Feature","geometry":{"type":"Point","coordinates":[124.8,-16.2]},"properties":{"region":1,"fire_occurred":0,"prediction":0.135}},{"type":"Feature","geometry":{"type":"Point","coordinates":[125.3,-16.3]},"properties":{"region":1,"fire_occurred":1,"prediction":0.0009}},{"type":"Feature","geometry":{"type":"Point","coordinates":[125.6,-14.6]},"properties":{"region":1,"fire_occurred":1,"prediction":0.0339}},{"type":"Feature","geometry":{"type":"Point","coordinates":[127.7,-14.8]},"properties":{"region":1,"fire_occurred":1,"prediction":0.0028}},{"type":"Feature","geometry":{"type":"Point","coordinates":[130.2,-13.2]},"properties":{"region":1,"fire_occurred":1,"prediction":0.0036}},{"type":"Feature","geometry":{"type":"Point","coordinates":[132.2,-15.5]},"properties":{"region":1,"fire_occurred":0,"prediction":0.1309}},{"type":"Feature","geometry":{"type":"Point","coordinates":[132.3,-15.1]},"properties":{"region":1,"fire_occurred":1,"prediction":0.0027}},{"type":"Feature","geometry":{"type":"Point","coordinates":[132.6,-11.3]},"properties":{"region":1,"fire_occurred":0,"prediction":0.1209}},{"type":"Feature","geometry":{"type":"Point","coordinates":[133.0,-11.8]},"properties":{"region":1,"fire_occurred":0,"prediction":0.1036}},{"type":"Feature","geometry":{"type":"Point","coordinates":[133.2,-12.6]},"properties":{"region":1,"fire_occurred":1,"prediction":0.0049}},{"type":"Feature","geometry":{"type":"Point","coordinates":[133.4,-12.0]},"properties":{"region":1,"fire_occurred":0,"prediction":0.1876}},{"type":"Feature","geometry":{"type":"Point","coordinates":[133.5,-13.2]},"properties":{"region":1,"fire_occurred":0,"prediction":0.1893}},{"type":"Feature","geometry":{"type":"Point","coordinates":[133.5,-12.0]},"properties":{"region":1,"fire_occurred":1,"prediction":0.083}},{"type":"Feature","geometry":{"type":"Point","coordinates":[133.6,-14.1]},"properties":{"region":1,"fire_occurred":0,"prediction":0.1929}},{"type":"Feature","geometry":{"type":"Point","coordinates":[133.6,-12.1]},"properties":{"region":1,"fire_occurred":0,"prediction":0.14}},{"type":"Feature","geometry":{"type":"Point","coordinates":[133.7,-12.5]},"properties":{"region":1,"fire_occurred":0,"prediction":0.1448}},{"type":"Feature","geometry":{"type":"Point","coordinates":[133.9,-14.9]},"properties":{"region":1,"fire_occurred":1,"prediction":0.0023}},{"type":"Feature","geometry":{"type":"Point","coordinates":[134.0,-14.3]},"properties":{"region":1,"fire_occurred":0,"prediction":0.1331}},{"type":"Feature","geometry":{"type":"Point","coordinates":[134.2,-15.9]},"properties":{"region":1,"fire_occurred":1,"prediction":0.0436}},{"type":"Feature","geometry":{"type":"Point","coordinates":[134.3,-15.7]},"properties":{"region":1,"fire_occurred":1,"prediction":0.003}},{"type":"Feature","geometry":{"type":"Point","coordinates":[134.6,-16.0]},"properties":{"region":1,"fire_occurred":0,"prediction":0.1497}},{"type":"Feature","geometry":{"type":"Point","coordinates":[134.6,-15.7]},"properties":{"region":1,"fire_occurred":0,"prediction":0.1188}},{"type":"Feature","geometry":{"type":"Point","coordinates":[134.7,-16.0]},"properties":{"region":1,"fire_occurred":0,"prediction":0.1856}},{"type":"Feature","geometry":{"type":"Point","coordinates":[134.7,-15.7]},"properties":{"region":1,"fire_occurred":0,"prediction":0.1397}},{"type":"Feature","geometry":{"type":"Point","coordinates":[134.7,-12.8]},"properties":{"region":1,"fire_occurred":1,"prediction":0.1628}},{"type":"Feature","geometry":{"type":"Point","coordinates":[134.8,-15.7]},"properties":{"region":1,"fire_occurred":0,"prediction":0.1143}},{"type":"Feature","geometry":{"type":"Point","coordinates":[134.9,-15.8]},"properties":{"region":1,"fire_occurred":0,"prediction":0.1984}},{"type":"Feature","geometry":{"type":"Point","coordinates":[134.9,-15.7]},"properties":{"region":1,"fire_occurred":0,"prediction":0.1978}},{"type":"Feature","geometry":{"type":"Point","coordinates":[135.2,-14.5]},"properties":{"region":1,"fire_occurred":0,"prediction":0.1027}},{"type":"Feature","geometry":{"type":"Point","coordinates":[135.7,-13.2]},"properties":{"region":1,"fire_occurred":0,"prediction":0.1167}},{"type":"Feature","geometry":{"type":"Point","coordinates":[135.8,-13.3]},"properties":{"region":1,"fire_occurred":0,"prediction":0.1547}},{"type":"Feature","geometry":{"type":"Point","coordinates":[135.8,-13.2]},"properties":{"region":1,"fire_occurred":0,"prediction":0.1617}},{"type":"Feature","geometry":{"type":"Point","coordinates":[136.2,-12.6]},"properties":{"region":1,"fire_occurred":1,"prediction":0.0139}},{"type":"Feature","geometry":{"type":"Point","coordinates":[136.4,-13.0]},"properties":{"region":1,"fire_occurred":0,"prediction":0.147}},{"type":"Feature","geometry":{"type":"Point","coordinates":[136.4,-12.8]},"properties":{"region":1,"fire_occurred":0,"prediction":0.2229}},{"type":"Feature","geometry":{"type":"Point","coordinates":[136.4,-12.7]},"properties":{"region":1,"fire_occurred":0,"prediction":0.1675}},{"type":"Feature","geometry":{"type":"Point","coordinates":[136.4,-12.5]},"properties":{"region":1,"fire_occurred":0,"prediction":0.1514}},{"type":"Feature","geometry":{"type":"Point","coordinates":[136.4,-12.3]},"properties":{"region":1,"fire_occurred":1,"prediction":0.1006}},{"type":"Feature","geometry":{"type":"Point","coordinates":[136.4,-12.2]},"properties":{"region":1,"fire_occurred":1,"prediction":0.0035}},{"type":"Feature","geometry":{"type":"Point","coordinates":[136.5,-12.9]},"properties":{"region":1,"fire_occurred":1,"prediction":0.1684}},{"type":"Feature","geometry":{"type":"Point","coordinates":[136.5,-12.8]},"properties":{"region":1,"fire_occurred":0,"prediction":0.1608}},{"type":"Feature","geometry":{"type":"Point","coordinates":[136.5,-12.5]},"properties":{"region":1,"fire_occurred":0,"prediction":0.1127}},{"type":"Feature","geometry":{"type":"Point","coordinates":[137.1,-16.7]},"properties":{"region":1,"fire_occurred":0,"prediction":0.1558}},{"type":"Feature","geometry":{"type":"Point","coordinates":[137.2,-16.7]},"properties":{"region":1,"fire_occurred":1,"prediction":0.0064}},{"type":"Feature","geometry":{"type":"Point","coordinates":[137.2,-16.6]},"properties":{"region":1,"fire_occurred":1,"prediction":0.144}},{"type":"Feature","geometry":{"type":"Point","coordinates":[137.2,-16.5]},"properties":{"region":1,"fire_occurred":0,"prediction":0.1439}},{"type":"Feature","geometry":{"type":"Point","coordinates":[137.3,-16.8]},"properties":{"region":1,"fire_occurred":0,"prediction":0.1722}},{"type":"Feature","geometry":{"type":"Point","coordinates":[137.5,-17.0]},"properties":{"region":1,"fire_occurred":0,"prediction":0.1074}},{"type":"Feature","geometry":{"type":"Point","coordinates":[137.5,-16.9]},"properties":{"region":1,"fire_occurred":0,"prediction":0.1549}},{"type":"Feature","geometry":{"type":"Point","coordinates":[137.6,-17.0]},"properties":{"region":1,"fire_occurred":0,"prediction":0.1343}},{"type":"Feature","geometry":{"type":"Point","coordinates":[137.8,-17.0]},"properties":{"region":1,"fire_occurred":1,"prediction":0.0617}},{"type":"Feature","geometry":{"type":"Point","coordinates":[141.4,-16.6]},"properties":{"region":1,"fire_occurred":1,"prediction":0.0284}},{"type":"Feature","geometry":{"type":"Point","coordinates":[141.5,-16.6]},"properties":{"region":1,"fire_occurred":1,"prediction":0.0272}},{"type":"Feature","geometry":{"type":"Point","coordinates":[141.5,-16.5]},"properties":{"region":1,"fire_occurred":1,"prediction":0.0041}},{"type":"Feature","geometry":{"type":"Point","coordinates":[141.6,-16.8]},"properties":{"region":1,"fire_occurred":1,"prediction":0.0244}},{"type":"Feature","geometry":{"type":"Point","coordinates":[141.6,-16.7]},"properties":{"region":1,"fire_occurred":1,"prediction":0.0039}},{"type":"Feature","geometry":{"type":"Point","coordinates":[141.6,-16.6]},"properties":{"region":1,"fire_occurred":1,"prediction":0.004}},{"type":"Feature","geometry":{"type":"Point","coordinates":[141.7,-16.8]},"properties":{"region":1,"fire_occurred":1,"prediction":0.0029}},{"type":"Feature","geometry":{"type":"Point","coordinates":[141.7,-16.7]},"properties":{"region":1,"fire_occurred":1,"prediction":0.0035}},{"type":"Feature","geometry":{"type":"Point","coordinates":[141.7,-16.6]},"properties":{"region":1,"fire_occurred":1,"prediction":0.0035}},{"type":"Feature","geometry":{"type":"Point","coordinates":[141.7,-16.5]},"properties":{"region":1,"fire_occurred":1,"prediction":0.038}},{"type":"Feature","geometry":{"type":"Point","coordinates":[141.8,-16.6]},"properties":{"region":1,"fire_occurred":1,"prediction":0.004}},{"type":"Feature","geometry":{"type":"Point","coordinates":[141.8,-16.5]},"properties":{"region":1,"fire_occurred":1,"prediction":0.0049}},{"type":"Feature","geometry":{"type":"Point","coordinates":[141.8,-16.1]},"properties":{"region":1,"fire_occurred":1,"prediction":0.0051}},{"type":"Feature","geometry":{"type":"Point","coordinates":[141.9,-16.8]},"properties":{"region":1,"fire_occurred":1,"prediction":0.0027}},{"type":"Feature","geometry":{"type":"Point","coordinates":[141.9,-16.7]},"properties":{"region":1,"fire_occurred":1,"prediction":0.01}},{"type":"Feature","geometry":{"type":"Point","coordinates":[141.9,-16.6]},"properties":{"region":1,"fire_occurred":1,"prediction":0.002}},{"type":"Feature","geometry":{"type":"Point","coordinates":[141.9,-16.2]},"properties":{"region":1,"fire_occurred":1,"prediction":0.0054}},{"type":"Feature","geometry":{"type":"Point","coordinates":[142.0,-16.7]},"properties":{"region":1,"fire_occurred":1,"prediction":0.01}},{"type":"Feature","geometry":{"type":"Point","coordinates":[142.0,-16.6]},"properties":{"region":1,"fire_occurred":1,"prediction":0.0021}},{"type":"Feature","geometry":{"type":"Point","coordinates":[142.0,-14.3]},"properties":{"region":1,"fire_occurred":1,"prediction":0.2773}},{"type":"Feature","geometry":{"type":"Point","coordinates":[142.0,-14.2]},"properties":{"region":1,"fire_occurred":1,"prediction":0.2195}},{"type":"Feature","geometry":{"type":"Point","coordinates":[142.0,-14.1]},"properties":{"region":1,"fire_occurred":0,"prediction":0.1002}},{"type":"Feature","geometry":{"type":"Point","coordinates":[142.0,-12.0]},"properties":{"region":1,"fire_occurred":0,"prediction":0.1159}},{"type":"Feature","geometry":{"type":"Point","coordinates":[142.1,-16.2]},"properties":{"region":1,"fire_occurred":1,"prediction":0.0032}},{"type":"Feature","geometry":{"type":"Point","coordinates":[142.1,-15.1]},"properties":{"region":1,"fire_occurred":1,"prediction":0.0064}},{"type":"Feature","geometry":{"type":"Point","coordinates":[142.1,-14.2]},"properties":{"region":1,"fire_occurred":1,"prediction":0.2749}},{"type":"Feature","geometry":{"type":"Point","coordinates":[142.1,-14.1]},"properties":{"region":1,"fire_occurred":1,"prediction":0.2287}},{"type":"Feature","geometry":{"type":"Point","coordinates":[142.1,-13.7]},"properties":{"region":1,"fire_occurred":0,"prediction":0.256}},{"type":"Feature","geometry":{"type":"Point","coordinates":[142.1,-12.0]},"properties":{"region":1,"fire_occurred":0,"prediction":0.1961}},{"type":"Feature","geometry":{"type":"Point","coordinates":[142.1,-11.8]},"properties":{"region":1,"fire_occurred":1,"prediction":0.0068}},{"type":"Feature","geometry":{"type":"Point","coordinates":[142.1,-11.6]},"properties":{"region":1,"fire_occurred":0,"prediction":0.123}},{"type":"Feature","geometry":{"type":"Point","coordinates":[142.1,-4.0]},"properties":{"region":1,"fire_occurred":1,"prediction":0.0565}},{"type":"Feature","geometry":{"type":"Point","coordinates":[142.2,-16.8]},"properties":{"region":1,"fire_occurred":1,"prediction":0.0284}},{"type":"Feature","geometry":{"type":"Point","coordinates":[142.2,-16.7]},"properties":{"region":1,"fire_occurred":1,"prediction":0.0089}},{"type":"Feature","geometry":{"type":"Point","coordinates":[142.2,-13.7]},"properties":{"region":1,"fire_occurred":0,"prediction":0.4106}},{"type":"Feature","geometry":{"type":"Point","coordinates":[142.2,-12.5]},"properties":{"region":1,"fire_occurred":1,"prediction":0.3301}},{"type":"Feature","geometry":{"type":"Point","coordinates":[142.2,-12.0]},"properties":{"region":1,"fire_occurred":0,"prediction":0.2969}},{"type":"Feature","geometry":{"type":"Point","coordinates":[142.2,-11.9]},"properties":{"region":1,"fire_occurred":1,"prediction":0.0095}},{"type":"Feature","geometry":{"type":"Point","coordinates":[142.2,-11.8]},"properties":{"region":1,"fire_occurred":1,"prediction":0.2561}},{"type":"Feature","geometry":{"type":"Point","coordinates":[142.2,-11.7]},"properties":{"region":1,"fire_occurred":1,"prediction":0.0928}},{"type":"Feature","geometry":{"type":"Point","coordinates":[142.2,-11.6]},"properties":{"region":1,"fire_occurred":1,"prediction":0.3476}},{"type":"Feature","geometry":{"type":"Point","coordinates":[142.2,-11.5]},"properties":{"region":1,"fire_occurred":1,"prediction":0.1444}},{"type":"Feature","geometry":{"type":"Point","coordinates":[142.3,-13.7]},"properties":{"region":1,"fire_occurred":1,"prediction":0.4033}},{"type":"Feature","geometry":{"type":"Point","coordinates":[142.3,-13.6]},"properties":{"region":1,"fire_occurred":0,"prediction":0.283}},{"type":"Feature","geometry":{"type":"Point","coordinates":[142.3,-11.8]},"properties":{"region":1,"fire_occurred":1,"prediction":0.2801}},{"type":"Feature","geometry":{"type":"Point","coordinates":[142.3,-11.7]},"properties":{"region":1,"fire_occurred":1,"prediction":0.2021}},{"type":"Feature","geometry":{"type":"Point","coordinates":[142.4,-15.4]},"properties":{"region":1,"fire_occurred":0,"prediction":0.1217}},{"type":"Feature","geometry":{"type":"Point","coordinates":[142.4,-15.3]},"properties":{"region":1,"fire_occurred":1,"prediction":0.2154}},{"type":"Feature","geometry":{"type":"Point","coordinates":[142.4,-15.2]},"properties":{"region":1,"fire_occurred":1,"prediction":0.0721}},{"type":"Feature","geometry":{"type":"Point","coordinates":[142.4,-11.6]},"properties":{"region":1,"fire_occurred":1,"prediction":0.1454}},{"type":"Feature","geometry":{"type":"Point","coordinates":[142.5,-17.6]},"properties":{"region":1,"fire_occurred":1,"prediction":0.0017}},{"type":"Feature","geometry":{"type":"Point","coordinates":[142.5,-15.3]},"properties":{"region":1,"fire_occurred":1,"prediction":0.0022}},{"type":"Feature","geometry":{"type":"Point","coordinates":[142.5,-11.4]},"properties":{"region":1,"fire_occurred":1,"prediction":0.054}},{"type":"Feature","geometry":{"type":"Point","coordinates":[142.5,-11.2]},"properties":{"region":1,"fire_occurred":1,"prediction":0.0047}},{"type":"Feature","geometry":{"type":"Point","coordinates":[142.6,-13.1]},"properties":{"region":1,"fire_occurred":0,"prediction":0.204}},{"type":"Feature","geometry":{"type":"Point","coordinates":[142.6,-13.0]},"properties":{"region":1,"fire_occurred":0,"prediction":0.2047}},{"type":"Feature","geometry":{"type":"Point","coordinates":[142.6,-12.6]},"properties":{"region":1,"fire_occurred":0,"prediction":0.2073}},{"type":"Feature","geometry":{"type":"Point","coordinates":[142.6,-12.5]},"properties":{"region":1,"fire_occurred":0,"prediction":0.3194}},{"type":"Feature","geometry":{"type":"Point","coordinates":[142.6,-12.4]},"properties":{"region":1,"fire_occurred":1,"prediction":0.3626}},{"type":"Feature","geometry":{"type":"Point","coordinates":[142.6,-12.3]},"properties":{"region":1,"fire_occurred":0,"prediction":0.3524}},{"type":"Feature","geometry":{"type":"Point","coordinates":[142.6,-11.4]},"properties":{"region":1,"fire_occurred":1,"prediction":0.0657}},{"type":"Feature","geometry":{"type":"Point","coordinates":[142.6,-5.2]},"properties":{"region":1,"fire_occurred":1,"prediction":0.0096}},{"type":"Feature","geometry":{"type":"Point","coordinates":[142.7,-17.9]},"properties":{"region":1,"fire_occurred":1,"prediction":0.0525}},{"type":"Feature","geometry":{"type":"Point","coordinates":[142.7,-16.7]},"properties":{"region":1,"fire_occurred":1,"prediction":0.035}},{"type":"Feature","geometry":{"type":"Point","coordinates":[142.7,-13.7]},"properties":{"region":1,"fire_occurred":0,"prediction":0.2465}},{"type":"Feature","geometry":{"type":"Point","coordinates":[142.7,-13.3]},"properties":{"region":1,"fire_occurred":0,"prediction":0.2334}},{"type":"Feature","geometry":{"type":"Point","coordinates":[142.7,-13.0]},"properties":{"region":1,"fire_occurred":0,"prediction":0.3381}},{"type":"Feature","geometry":{"type":"Point","coordinates":[142.7,-12.6]},"properties":{"region":1,"fire_occurred":1,"prediction":0.3669}},{"type":"Feature","geometry":{"type":"Point","coordinates":[142.7,-12.5]},"properties":{"region":1,"fire_occurred":0,"prediction":0.3759}},{"type":"Feature","geometry":{"type":"Point","coordinates":[142.7,-12.4]},"properties":{"region":1,"fire_occurred":0,"prediction":0.3524}},{"type":"Feature","geometry":{"type":"Point","coordinates":[142.7,-12.3]},"properties":{"region":1,"fire_occurred":1,"prediction":0.4709}},{"type":"Feature","geometry":{"type":"Point","coordinates":[142.8,-18.0]},"properties":{"region":1,"fire_occurred":1,"prediction":0.0487}},{"type":"Feature","geometry":{"type":"Point","coordinates":[142.8,-17.9]},"properties":{"region":1,"fire_occurred":1,"prediction":0.0419}},{"type":"Feature","geometry":{"type":"Point","coordinates":[142.8,-17.0]},"properties":{"region":1,"fire_occurred":1,"prediction":0.01}},{"type":"Feature","geometry":{"type":"Point","coordinates":[142.8,-16.9]},"properties":{"region":1,"fire_occurred":1,"prediction":0.0017}},{"type":"Feature","geometry":{"type":"Point","coordinates":[142.8,-16.8]},"properties":{"region":1,"fire_occurred":1,"prediction":0.0265}},{"type":"Feature","geometry":{"type":"Point","coordinates":[142.8,-13.5]},"properties":{"region":1,"fire_occurred":0,"prediction":0.2658}},{"type":"Feature","geometry":{"type":"Point","coordinates":[142.8,-13.4]},"properties":{"region":1,"fire_occurred":0,"prediction":0.3696}},{"type":"Feature","geometry":{"type":"Point","coordinates":[142.8,-13.3]},"properties":{"region":1,"fire_occurred":0,"prediction":0.1004}},{"type":"Feature","geometry":{"type":"Point","coordinates":[142.8,-12.4]},"properties":{"region":1,"fire_occurred":0,"prediction":0.3707}},{"type":"Feature","geometry":{"type":"Point","coordinates":[142.9,-17.9]},"properties":{"region":1,"fire_occurred":1,"prediction":0.0024}},{"type":"Feature","geometry":{"type":"Point","coordinates":[142.9,-17.0]},"properties":{"region":1,"fire_occurred":1,"prediction":0.0187}},{"type":"Feature","geometry":{"type":"Point","coordinates":[143.0,-16.8]},"properties":{"region":1,"fire_occurred":1,"prediction":0.0427}},{"type":"Feature","geometry":{"type":"Point","coordinates":[143.0,-13.2]},"properties":{"region":1,"fire_occurred":0,"prediction":0.1223}},{"type":"Feature","geometry":{"type":"Point","coordinates":[143.0,-13.1]},"properties":{"region":1,"fire_occurred":1,"prediction":0.11}},{"type":"Feature","geometry":{"type":"Point","coordinates":[143.0,-12.8]},"properties":{"region":1,"fire_occurred":0,"prediction":0.1424}},{"type":"Feature","geometry":{"type":"Point","coordinates":[143.1,-16.9]},"properties":{"region":1,"fire_occurred":1,"prediction":0.019}},{"type":"Feature","geometry":{"type":"Point","coordinates":[143.1,-16.8]},"properties":{"region":1,"fire_occurred":1,"prediction":0.002}},{"type":"Feature","geometry":{"type":"Point","coordinates":[143.1,-15.8]},"properties":{"region":1,"fire_occurred":1,"prediction":0.1576}},{"type":"Feature","geometry":{"type":"Point","coordinates":[143.1,-13.1]},"properties":{"region":1,"fire_occurred":1,"prediction":0.2441}},{"type":"Feature","geometry":{"type":"Point","coordinates":[143.1,-5.7]},"properties":{"region":1,"fire_occurred":1,"prediction":0.0036}},{"type":"Feature","geometry":{"type":"Point","coordinates":[143.2,-12.8]},"properties":{"region":1,"fire_occurred":1,"prediction":0.0046}},{"type":"Feature","geometry":{"type":"Point","coordinates":[143.2,-6.5]},"properties":{"region":1,"fire_occurred":1,"prediction":0.0042}},{"type":"Feature","geometry":{"type":"Point","coordinates":[143.3,-15.8]},"properties":{"region":1,"fire_occurred":0,"prediction":0.1407}},{"type":"Feature","geometry":{"type":"Point","coordinates":[143.3,-15.7]},"properties":{"region":1,"fire_occurred":1,"prediction":0.0403}},{"type":"Feature","geometry":{"type":"Point","coordinates":[143.3,-14.1]},"properties":{"region":1,"fire_occurred":0,"prediction":0.2079}},{"type":"Feature","geometry":{"type":"Point","coordinates":[143.3,-13.1]},"properties":{"region":1,"fire_occurred":0,"prediction":0.1523}},{"type":"Feature","geometry":{"type":"Point","coordinates":[143.3,-13.0]},"properties":{"region":1,"fire_occurred":1,"prediction":0.0833}},{"type":"Feature","geometry":{"type":"Point","coordinates":[143.3,-12.9]},"properties":{"region":1,"fire_occurred":1,"prediction":0.0356}},{"type":"Feature","geometry":{"type":"Point","coordinates":[143.3,-3.8]},"properties":{"region":1,"fire_occurred":1,"prediction":0.025}},{"type":"Feature","geometry":{"type":"Point","coordinates":[143.4,-15.7]},"properties":{"region":1,"fire_occurred":1,"prediction":0.0261}},{"type":"Feature","geometry":{"type":"Point","coordinates":[143.4,-14.1]},"properties":{"region":1,"fire_occurred":0,"prediction":0.2633}},{"type":"Feature","geometry":{"type":"Point","coordinates":[143.5,-14.3]},"properties":{"region":1,"fire_occurred":0,"prediction":0.1643}},{"type":"Feature","geometry":{"type":"Point","coordinates":[143.5,-14.1]},"properties":{"region":1,"fire_occurred":0,"prediction":0.1585}},{"type":"Feature","geometry":{"type":"Point","coordinates":[143.6,-14.3]},"properties":{"region":1,"fire_occurred":0,"prediction":0.1089}},{"type":"Feature","geometry":{"type":"Point","coordinates":[143.6,-5.5]},"properties":{"region":1,"fire_occurred":1,"prediction":0.0074}},{"type":"Feature","geometry":{"type":"Point","coordinates":[143.9,-15.3]},"properties":{"region":1,"fire_occurred":1,"prediction":0.1538}},{"type":"Feature","geometry":{"type":"Point","coordinates":[143.9,-14.7]},"properties":{"region":1,"fire_occurred":0,"prediction":0.1273}},{"type":"Feature","geometry":{"type":"Point","coordinates":[143.9,-5.1]},"properties":{"region":1,"fire_occurred":1,"prediction":0.0327}},{"type":"Feature","geometry":{"type":"Point","coordinates":[144.0,-16.6]},"properties":{"region":1,"fire_occurred":1,"prediction":0.0033}},{"type":"Feature","geometry":{"type":"Point","coordinates":[144.0,-15.8]},"properties":{"region":1,"fire_occurred":1,"prediction":0.0746}},{"type":"Feature","geometry":{"type":"Point","coordinates":[144.0,-15.2]},"properties":{"region":1,"fire_occurred":1,"prediction":0.0515}},{"type":"Feature","geometry":{"type":"Point","coordinates":[144.0,-6.0]},"properties":{"region":1,"fire_occurred":1,"prediction":0.003}},{"type":"Feature","geometry":{"type":"Point","coordinates":[144.1,-15.8]},"properties":{"region":1,"fire_occurred":1,"prediction":0.0963}},{"type":"Feature","geometry":{"type":"Point","coordinates":[144.1,-15.1]},"properties":{"region":1,"fire_occurred":0,"prediction":0.1415}},{"type":"Feature","geometry":{"type":"Point","coordinates":[144.1,-15.0]},"properties":{"region":1,"fire_occurred":0,"prediction":0.1555}},{"type":"Feature","geometry":{"type":"Point","coordinates":[144.1,-5.7]},"properties":{"region":1,"fire_occurred":1,"prediction":0.0398}},{"type":"Feature","geometry":{"type":"Point","coordinates":[144.1,-4.8]},"properties":{"region":1,"fire_occurred":1,"prediction":0.0093}},{"type":"Feature","geometry":{"type":"Point","coordinates":[144.2,-15.9]},"properties":{"region":1,"fire_occurred":1,"prediction":0.1472}},{"type":"Feature","geometry":{"type":"Point","coordinates":[144.2,-5.7]},"properties":{"region":1,"fire_occurred":1,"prediction":0.1174}},{"type":"Feature","geometry":{"type":"Point","coordinates":[144.3,-5.7]},"properties":{"region":1,"fire_occurred":0,"prediction":0.1203}},{"type":"Feature","geometry":{"type":"Point","coordinates":[144.3,-4.6]},"properties":{"region":1,"fire_occurred":1,"prediction":0.0383}},{"type":"Feature","geometry":{"type":"Point","coordinates":[144.4,-14.5]},"properties":{"region":1,"fire_occurred":0,"prediction":0.1962}},{"type":"Feature","geometry":{"type":"Point","coordinates":[144.4,-14.4]},"properties":{"region":1,"fire_occurred":0,"prediction":0.2318}},{"type":"Feature","geometry":{"type":"Point","coordinates":[144.4,-5.8]},"properties":{"region":1,"fire_occurred":1,"prediction":0.0539}},{"type":"Feature","geometry":{"type":"Point","coordinates":[144.5,-16.4]},"properties":{"region":1,"fire_occurred":1,"prediction":0.2215}},{"type":"Feature","geometry":{"type":"Point","coordinates":[144.5,-16.3]},"properties":{"region":1,"fire_occurred":0,"prediction":0.1701}},{"type":"Feature","geometry":{"type":"Point","coordinates":[144.5,-5.9]},"properties":{"region":1,"fire_occurred":1,"prediction":0.0498}},{"type":"Feature","geometry":{"type":"Point","coordinates":[144.6,-17.1]},"properties":{"region":1,"fire_occurred":0,"prediction":0.1441}},{"type":"Feature","geometry":{"type":"Point","coordinates":[144.6,-16.4]},"properties":{"region":1,"fire_occurred":1,"prediction":0.0313}},{"type":"Feature","geometry":{"type":"Point","coordinates":[144.6,-16.3]},"properties":{"region":1,"fire_occurred":0,"prediction":0.1764}},{"type":"Feature","geometry":{"type":"Point","coordinates":[144.6,-5.6]},"properties":{"region":1,"fire_occurred":1,"prediction":0.0303}},{"type":"Feature","geometry":{"type":"Point","coordinates":[144.6,-5.5]},"properties":{"region":1,"fire_occurred":0,"prediction":0.1025}},{"type":"Feature","geometry":{"type":"Point","coordinates":[144.8,-6.0]},"properties":{"region":1,"fire_occurred":1,"prediction":0.0241}},{"type":"Feature","geometry":{"type":"Point","coordinates":[145.0,-17.7]},"properties":{"region":1,"fire_occurred":0,"prediction":0.1763}},{"type":"Feature","geometry":{"type":"Point","coordinates":[145.0,-16.0]},"properties":{"region":1,"fire_occurred":0,"prediction":0.1429}},{"type":"Feature","geometry":{"type":"Point","coordinates":[145.1,-17.7]},"properties":{"region":1,"fire_occurred":0,"prediction":0.2665}},{"type":"Feature","geometry":{"type":"Point","coordinates":[145.2,-6.3]},"properties":{"region":1,"fire_occurred":1,"prediction":0.0763}},{"type":"Feature","geometry":{"type":"Point","coordinates":[145.2,-6.1]},"properties":{"region":1,"fire_occurred":1,"prediction":0.0197}},{"type":"Feature","geometry":{"type":"Point","coordinates":[145.3,-15.7]},"properties":{"region":1,"fire_occurred":0,"prediction":0.1006}},{"type":"Feature","geometry":{"type":"Point","coordinates":[145.3,-6.3]},"properties":{"region":1,"fire_occurred":1,"prediction":0.0628}},{"type":"Feature","geometry":{"type":"Point","coordinates":[145.4,-6.1]},"properties":{"region":1,"fire_occurred":1,"prediction":0.0185}},{"type":"Feature","geometry":{"type":"Point","coordinates":[145.5,-5.8]},"properties":{"region":1,"fire_occurred":0,"prediction":0.1011}},{"type":"Feature","geometry":{"type":"Point","coordinates":[145.6,-6.8]},"properties":{"region":1,"fire_occurred":1,"prediction":0.0305}},{"type":"Feature","geometry":{"type":"Point","coordinates":[145.6,-6.4]},"properties":{"region":1,"fire_occurred":1,"prediction":0.0296}},{"type":"Feature","geometry":{"type":"Point","coordinates":[145.7,-6.7]},"properties":{"region":1,"fire_occurred":0,"prediction":0.1121}},{"type":"Feature","geometry":{"type":"Point","coordinates":[145.7,-6.5]},"properties":{"region":1,"fire_occurred":1,"prediction":0.0417}},{"type":"Feature","geometry":{"type":"Point","coordinates":[145.7,-6.4]},"properties":{"region":1,"fire_occurred":1,"prediction":0.0299}},{"type":"Feature","geometry":{"type":"Point","coordinates":[145.7,-6.0]},"properties":{"region":1,"fire_occurred":1,"prediction":0.0526}},{"type":"Feature","geometry":{"type":"Point","coordinates":[145.8,-6.7]},"properties":{"region":1,"fire_occurred":0,"prediction":0.1293}},{"type":"Feature","geometry":{"type":"Point","coordinates":[145.8,-6.4]},"properties":{"region":1,"fire_occurred":1,"prediction":0.0692}},{"type":"Feature","geometry":{"type":"Point","coordinates":[145.9,-6.7]},"properties":{"region":1,"fire_occurred":0,"prediction":0.1227}},{"type":"Feature","geometry":{"type":"Point","coordinates":[145.9,-6.6]},"properties":{"region":1,"fire_occurred":0,"prediction":0.1065}},{"type":"Feature","geometry":{"type":"Point","coordinates":[145.9,-6.5]},"properties":{"region":1,"fire_occurred":1,"prediction":0.0927}},{"type":"Feature","geometry":{"type":"Point","coordinates":[145.9,-6.4]},"properties":{"region":1,"fire_occurred":0,"prediction":0.1046}},{"type":"Feature","geometry":{"type":"Point","coordinates":[145.9,-6.3]},"properties":{"region":1,"fire_occurred":0,"prediction":0.1185}},{"type":"Feature","geometry":{"type":"Point","coordinates":[146.0,-7.2]},"properties":{"region":1,"fire_occurred":1,"prediction":0.032}},{"type":"Feature","geometry":{"type":"Point","coordinates":[146.1,-7.2]},"properties":{"region":1,"fire_occurred":0,"prediction":0.1113}},{"type":"Feature","geometry":{"type":"Point","coordinates":[146.2,-7.2]},"properties":{"region":1,"fire_occurred":1,"prediction":0.0586}},{"type":"Feature","geometry":{"type":"Point","coordinates":[146.2,-6.6]},"properties":{"region":1,"fire_occurred":0,"prediction":0.1368}},{"type":"Feature","geometry":{"type":"Point","coordinates":[146.2,-6.5]},"properties":{"region":1,"fire_occurred":1,"prediction":0.2309}},{"type":"Feature","geometry":{"type":"Point","coordinates":[146.2,-6.4]},"properties":{"region":1,"fire_occurred":0,"prediction":0.1813}},{"type":"Feature","geometry":{"type":"Point","coordinates":[146.3,-6.9]},"properties":{"region":1,"fire_occurred":0,"prediction":0.2196}},{"type":"Feature","geometry":{"type":"Point","coordinates":[146.3,-6.8]},"properties":{"region":1,"fire_occurred":0,"prediction":0.12}},{"type":"Feature","geometry":{"type":"Point","coordinates":[146.4,-6.7]},"properties":{"region":1,"fire_occurred":0,"prediction":0.3303}},{"type":"Feature","geometry":{"type":"Point","coordinates":[146.4,-6.6]},"properties":{"region":1,"fire_occurred":0,"prediction":0.1172}},{"type":"Feature","geometry":{"type":"Point","coordinates":[146.5,-7.1]},"properties":{"region":1,"fire_occurred":0,"prediction":0.1001}},{"type":"Feature","geometry":{"type":"Point","coordinates":[146.5,-6.7]},"properties":{"region":1,"fire_occurred":1,"prediction":0.0475}},{"type":"Feature","geometry":{"type":"Point","coordinates":[146.5,-6.6]},"properties":{"region":1,"fire_occurred":1,"prediction":0.2985}},{"type":"Feature","geometry":{"type":"Point","coordinates":[146.6,-7.0]},"properties":{"region":1,"fire_occurred":1,"prediction":0.1639}},{"type":"Feature","geometry":{"type":"Point","coordinates":[146.6,-6.6]},"properties":{"region":1,"fire_occurred":1,"prediction":0.0857}},{"type":"Feature","geometry":{"type":"Point","coordinates":[146.7,-7.4]},"properties":{"region":1,"fire_occurred":0,"prediction":0.1374}},{"type":"Feature","geometry":{"type":"Point","coordinates":[146.7,-6.7]},"properties":{"region":1,"fire_occurred":1,"prediction":0.1369}},{"type":"Feature","geometry":{"type":"Point","coordinates":[146.7,-6.6]},"properties":{"region":1,"fire_occurred":1,"prediction":0.057}},{"type":"Feature","geometry":{"type":"Point","coordinates":[146.7,-6.1]},"properties":{"region":1,"fire_occurred":1,"prediction":0.0224}},{"type":"Feature","geometry":{"type":"Point","coordinates":[146.7,-6.0]},"properties":{"region":1,"fire_occurred":1,"prediction":0.0131}},{"type":"Feature","geometry":{"type":"Point","coordinates":[146.9,-7.1]},"properties":{"region":1,"fire_occurred":0,"prediction":0.1115}},{"type":"Feature","geometry":{"type":"Point","coordinates":[146.9,-7.0]},"properties":{"region":1,"fire_occurred":0,"prediction":0.1004}},{"type":"Feature","geometry":{"type":"Point","coordinates":[147.0,-7.8]},"properties":{"region":1,"fire_occurred":1,"prediction":0.0165}},{"type":"Feature","geometry":{"type":"Point","coordinates":[147.1,-7.7]},"properties":{"region":1,"fire_occurred":0,"prediction":0.1323}},{"type":"Feature","geometry":{"type":"Point","coordinates":[148.5,-9.6]},"properties":{"region":1,"fire_occurred":0,"prediction":0.119}},{"type":"Feature","geometry":{"type":"Point","coordinates":[148.5,-9.5]},"properties":{"region":1,"fire_occurred":1,"prediction":0.0119}},{"type":"Feature","geometry":{"type":"Point","coordinates":[148.7,-9.7]},"properties":{"region":1,"fire_occurred":1,"prediction":0.0233}},{"type":"Feature","geometry":{"type":"Point","coordinates":[149.5,-9.8]},"properties":{"region":1,"fire_occurred":1,"prediction":0.0786}},{"type":"Feature","geometry":{"type":"Point","coordinates":[149.6,-9.8]},"properties":{"region":1,"fire_occurred":1,"prediction":0.0226}},{"type":"Feature","geometry":{"type":"Point","coordinates":[-120.0,44.8]},"properties":{"region":2,"fire_occurred":1,"prediction":0.0047}},{"type":"Feature","geometry":{"type":"Point","coordinates":[-119.7,44.8]},"properties":{"region":2,"fire_occurred":1,"prediction":0.1543}},{"type":"Feature","geometry":{"type":"Point","coordinates":[-119.6,44.8]},"properties":{"region":2,"fire_occurred":0,"prediction":0.2268}},{"type":"Feature","geometry":{"type":"Point","coordinates":[-119.4,37.0]},"properties":{"region":2,"fire_occurred":1,"prediction":0.05}},{"type":"Feature","geometry":{"type":"Point","coordinates":[-119.4,37.1]},"properties":{"region":2,"fire_occurred":0,"prediction":0.1191}},{"type":"Feature","geometry":{"type":"Point","coordinates":[-119.3,37.0]},"properties":{"region":2,"fire_occurred":0,"prediction":0.1009}},{"type":"Feature","geometry":{"type":"Point","coordinates":[-118.9,44.7]},"properties":{"region":2,"fire_occurred":1,"prediction":0.0161}},{"type":"Feature","geometry":{"type":"Point","coordinates":[-118.7,36.2]},"properties":{"region":2,"fire_occurred":1,"prediction":0.036}},{"type":"Feature","geometry":{"type":"Point","coordinates":[-118.6,43.9]},"properties":{"region":2,"fire_occurred":1,"prediction":0.0036}},{"type":"Feature","geometry":{"type":"Point","coordinates":[-118.6,44.8]},"properties":{"region":2,"fire_occurred":1,"prediction":0.0091}},{"type":"Feature","geometry":{"type":"Point","coordinates":[-118.5,44.1]},"properties":{"region":2,"fire_occurred":1,"prediction":0.0064}},{"type":"Feature","geometry":{"type":"Point","coordinates":[-118.5,44.8]},"properties":{"region":2,"fire_occurred":1,"prediction":0.0081}},{"type":"Feature","geometry":{"type":"Point","coordinates":[-118.2,44.9]},"properties":{"region":2,"fire_occurred":1,"prediction":0.0103}},{"type":"Feature","geometry":{"type":"Point","coordinates":[-118.0,44.6]},"properties":{"region":2,"fire_occurred":1,"prediction":0.0043}},{"type":"Feature","geometry":{"type":"Point","coordinates":[-117.4,48.8]},"properties":{"region":2,"fire_occurred":1,"prediction":0.0027}},{"type":"Feature","geometry":{"type":"Point","coordinates":[-117.1,47.9]},"properties":{"region":2,"fire_occurred":0,"prediction":0.1683}},{"type":"Feature","geometry":{"type":"Point","coordinates":[-117.1,48.0]},"properties":{"region":2,"fire_occurred":1,"prediction":0.007}},{"type":"Feature","geometry":{"type":"Point","coordinates":[-117.0,43.0]},"properties":{"region":2,"fire_occurred":1,"prediction":0.0025}},{"type":"Feature","geometry":{"type":"Point","coordinates":[-116.5,45.8]},"properties":{"region":2,"fire_occurred":0,"prediction":0.1413}},{"type":"Feature","geometry":{"type":"Point","coordinates":[-116.4,44.9]},"properties":{"region":2,"fire_occurred":0,"prediction":0.1043}},{"type":"Feature","geometry":{"type":"Point","coordinates":[-116.3,44.8]},"properties":{"region":2,"fire_occurred":1,"prediction":0.0193}},{"type":"Feature","geometry":{"type":"Point","coordinates":[-116.2,43.7]},"properties":{"region":2,"fire_occurred":1,"prediction":0.003}},{"type":"Feature","geometry":{"type":"Point","coordinates":[-116.2,44.8]},"properties":{"region":2,"fire_occurred":1,"prediction":0.0038}},{"type":"Feature","geometry":{"type":"Point","coordinates":[-116.2,45.4]},"properties":{"region":2,"fire_occurred":0,"prediction":0.2495}},{"type":"Feature","geometry":{"type":"Point","coordinates":[-116.2,45.5]},"properties":{"region":2,"fire_occurred":0,"prediction":0.2938}},{"type":"Feature","geometry":{"type":"Point","coordinates":[-116.1,43.7]},"properties":{"region":2,"fire_occurred":1,"prediction":0.003}},{"type":"Feature","geometry":{"type":"Point","coordinates":[-116.1,44.4]},"properties":{"region":2,"fire_occurred":1,"prediction":0.1207}},{"type":"Feature","geometry":{"type":"Point","coordinates":[-116.1,44.8]},"properties":{"region":2,"fire_occurred":1,"prediction":0.0249}},{"type":"Feature","geometry":{"type":"Point","coordinates":[-114.6,32.6]},"properties":{"region":2,"fire_occurred":1,"prediction":0.0066}},{"type":"Feature","geometry":{"type":"Point","coordinates":[-113.1,37.4]},"properties":{"region":2,"fire_occurred":0,"prediction":0.1351}},{"type":"Feature","geometry":{"type":"Point","coordinates":[-112.9,38.9]},"properties":{"region":2,"fire_occurred":1,"prediction":0.003}},{"type":"Feature","geometry":{"type":"Point","coordinates":[-112.5,34.4]},"properties":{"region":2,"fire_occurred":1,"prediction":0.0016}},{"type":"Feature","geometry":{"type":"Point","coordinates":[-112.5,34.5]},"properties":{"region":2,"fire_occurred":1,"prediction":0.0008}},{"type":"Feature","geometry":{"type":"Point","coordinates":[-112.2,35.9]},"properties":{"region":2,"fire_occurred":1,"prediction":0.002}},{"type":"Feature","geometry":{"type":"Point","coordinates":[-112.1,35.9]},"properties":{"region":2,"fire_occurred":1,"prediction":0.0092}},{"type":"Feature","geometry":{"type":"Point","coordinates":[-112.1,38.4]},"properties":{"region":2,"fire_occurred":1,"prediction":0.0044}},{"type":"Feature","geometry":{"type":"Point","coordinates":[-111.9,35.3]},"properties":{"region":2,"fire_occurred":1,"prediction":0.0623}},{"type":"Feature","geometry":{"type":"Point","coordinates":[-111.8,35.3]},"properties":{"region":2,"fire_occurred":1,"prediction":0.0601}},{"type":"Feature","geometry":{"type":"Point","coordinates":[-111.7,35.1]},"properties":{"region":2,"fire_occurred":0,"prediction":0.1254}},{"type":"Feature","geometry":{"type":"Point","coordinates":[-111.7,35.2]},"properties":{"region":2,"fire_occurred":0,"prediction":0.104}},{"type":"Feature","geometry":{"type":"Point","coordinates":[-111.6,34.3]},"properties":{"region":2,"fire_occurred":0,"prediction":0.1062}},{"type":"Feature","geometry":{"type":"Point","coordinates":[-111.5,34.3]},"properties":{"region":2,"fire_occurred":0,"prediction":0.1481}},{"type":"Feature","geometry":{"type":"Point","coordinates":[-111.5,34.7]},"properties":{"region":2,"fire_occurred":1,"prediction":0.0037}},{"type":"Feature","geometry":{"type":"Point","coordinates":[-111.3,40.1]},"properties":{"region":2,"fire_occurred":0,"prediction":0.1954}},{"type":"Feature","geometry":{"type":"Point","coordinates":[-110.9,33.4]},"properties":{"region":2,"fire_occurred":0,"prediction":0.4118}},{"type":"Feature","geometry":{"type":"Point","coordinates":[-110.9,34.2]},"properties":{"region":2,"fire_occurred":1,"prediction":0.0108}},{"type":"Feature","geometry":{"type":"Point","coordinates":[-110.8,34.2]},"properties":{"region":2,"fire_occurred":0,"prediction":0.1103}},{"type":"Feature","geometry":{"type":"Point","coordinates":[-110.7,34.3]},"properties":{"region":2,"fire_occurred":1,"prediction":0.1022}},{"type":"Feature","geometry":{"type":"Point","coordinates":[-110.7,34.4]},"properties":{"region":2,"fire_occurred":1,"prediction":0.2019}},{"type":"Feature","geometry":{"type":"Point","coordinates":[-110.2,34.2]},"properties":{"region":2,"fire_occurred":0,"prediction":0.1436}},{"type":"Feature","geometry":{"type":"Point","coordinates":[-110.1,34.2]},"properties":{"region":2,"fire_occurred":0,"prediction":0.1028}},{"type":"Feature","geometry":{"type":"Point","coordinates":[-109.8,33.6]},"properties":{"region":2,"fire_occurred":1,"prediction":0.002}},{"type":"Feature","geometry":{"type":"Point","coordinates":[-109.8,33.7]},"properties":{"region":2,"fire_occurred":0,"prediction":0.6084}},{"type":"Feature","geometry":{"type":"Point","coordinates":[-109.8,52.8]},"properties":{"region":2,"fire_occurred":1,"prediction":0.0211}},{"type":"Feature","geometry":{"type":"Point","coordinates":[-109.7,33.5]},"properties":{"region":2,"fire_occurred":0,"prediction":0.1615}},{"type":"Feature","geometry":{"type":"Point","coordinates":[-109.7,34.1]},"properties":{"region":2,"fire_occurred":0,"prediction":0.1511}},{"type":"Feature","geometry":{"type":"Point","coordinates":[-109.7,52.8]},"properties":{"region":2,"fire_occurred":1,"prediction":0.0204}},{"type":"Feature","geometry":{"type":"Point","coordinates":[-109.6,33.5]},"properties":{"region":2,"fire_occurred":0,"prediction":0.2144}},{"type":"Feature","geometry":{"type":"Point","coordinates":[-109.6,34.1]},"properties":{"region":2,"fire_occurred":0,"prediction":0.1548}},{"type":"Feature","geometry":{"type":"Point","coordinates":[-109.5,33.6]},"properties":{"region":2,"fire_occurred":0,"prediction":0.1591}},{"type":"Feature","geometry":{"type":"Point","coordinates":[-109.5,33.7]},"properties":{"region":2,"fire_occurred":1,"prediction":0.2555}},{"type":"Feature","geometry":{"type":"Point","coordinates":[-109.5,33.9]},"properties":{"region":2,"fire_occurred":1,"prediction":0.1046}},{"type":"Feature","geometry":{"type":"Point","coordinates":[-109.5,34.0]},"properties":{"region":2,"fire_occurred":0,"prediction":0.2008}},{"type":"Feature","geometry":{"type":"Point","coordinates":[-109.4,34.0]},"properties":{"region":2,"fire_occurred":1,"prediction":0.325}},{"type":"Feature","geometry":{"type":"Point","coordinates":[-108.5,52.4]},"properties":{"region":2,"fire_occurred":1,"prediction":0.002}},{"type":"Feature","geometry":{"type":"Point","coordinates":[-106.8,35.8]},"properties":{"region":2,"fire_occurred":0,"prediction":0.2346}},{"type":"Feature","geometry":{"type":"Point","coordinates":[-102.1,32.1]},"properties":{"region":2,"fire_occurred":0,"prediction":0.1219}},{"type":"Feature","geometry":{"type":"Point","coordinates":[-102.0,32.1]},"properties":{"region":2,"fire_occurred":0,"prediction":0.217}},{"type":"Feature","geometry":{"type":"Point","coordinates":[-102.0,32.2]},"properties":{"region":2,"fire_occurred":0,"prediction":0.1849}},{"type":"Feature","geometry":{"type":"Point","coordinates":[-101.8,32.2]},"properties":{"region":2,"fire_occurred":0,"prediction":0.1769}},{"type":"Feature","geometry":{"type":"Point","coordinates":[-101.5,26.8]},"properties":{"region":2,"fire_occurred":1,"prediction":0.8808}},{"type":"Feature","geometry":{"type":"Point","coordinates":[-99.6,30.0]},"properties":{"region":2,"fire_occurred":1,"prediction":0.0012}},{"type":"Feature","geometry":{"type":"Point","coordinates":[-99.3,29.1]},"properties":{"region":2,"fire_occurred":1,"prediction":0.002}},{"type":"Feature","geometry":{"type":"Point","coordinates":[-99.2,23.9]},"properties":{"region":2,"fire_occurred":1,"prediction":0.034}},{"type":"Feature","geometry":{"type":"Point","coordinates":[-99.1,23.9]},"properties":{"region":2,"fire_occurred":1,"prediction":0.0922}},{"type":"Feature","geometry":{"type":"Point","coordinates":[-98.7,28.8]},"properties":{"region":2,"fire_occurred":1,"prediction":0.0024}},{"type":"Feature","geometry":{"type":"Point","coordinates":[-98.2,26.4]},"properties":{"region":2,"fire_occurred":0,"prediction":0.1525}},{"type":"Feature","geometry":{"type":"Point","coordinates":[-97.9,26.2]},"properties":{"region":2,"fire_occurred":0,"prediction":0.1116}},{"type":"Feature","geometry":{"type":"Point","coordinates":[-97.5,20.5]},"properties":{"region":2,"fire_occurred":1,"prediction":0.0872}},{"type":"Feature","geometry":{"type":"Point","coordinates":[-97.4,28.7]},"properties":{"region":2,"fire_occurred":1,"prediction":0.0054}},{"type":"Feature","geometry":{"type":"Point","coordinates":[-97.4,28.8]},"properties":{"region":2,"fire_occurred":1,"prediction":0.006}},{"type":"Feature","geometry":{"type":"Point","coordinates":[-96.2,18.5]},"properties":{"region":2,"fire_occurred":0,"prediction":0.3186}},{"type":"Feature","geometry":{"type":"Point","coordinates":[-80.4,-4.3]},"properties":{"region":2,"fire_occurred":0,"prediction":0.1156}},{"type":"Feature","geometry":{"type":"Point","coordinates":[-80.4,-4.2]},"properties":{"region":2,"fire_occurred":0,"prediction":0.1716}},{"type":"Feature","geometry":{"type":"Point","coordinates":[-80.4,-4.0]},"properties":{"region":2,"fire_occurred":1,"prediction":0.1181}},{"type":"Feature","geometry":{"type":"Point","coordinates":[-80.3,-4.2]},"properties":{"region":2,"fire_occurred":0,"prediction":0.201}},{"type":"Feature","geometry":{"type":"Point","coordinates":[-80.3,-4.0]},"properties":{"region":2,"fire_occurred":0,"prediction":0.1297}},{"type":"Feature","geometry":{"type":"Point","coordinates":[-80.3,-3.8]},"properties":{"region":2,"fire_occurred":0,"prediction":0.1087}},{"type":"Feature","geometry":{"type":"Point","coordinates":[-80.2,-4.2]},"properties":{"region":2,"fire_occurred":1,"prediction":0.074}},{"type":"Feature","geometry":{"type":"Point","coordinates":[-80.2,-4.0]},"properties":{"region":2,"fire_occurred":0,"prediction":0.1339}},{"type":"Feature","geometry":{"type":"Point","coordinates":[-80.0,-4.7]},"properties":{"region":2,"fire_occurred":0,"prediction":0.1328}},{"type":"Feature","geometry":{"type":"Point","coordinates":[-80.0,-4.5]},"properties":{"region":2,"fire_occurred":0,"prediction":0.1082}},{"type":"Feature","geometry":{"type":"Point","coordinates":[-80.0,-4.0]},"properties":{"region":2,"fire_occurred":1,"prediction":0.01}},{"type":"Feature","geometry":{"type":"Point","coordinates":[-80.0,-1.4]},"properties":{"region":2,"fire_occurred":0,"prediction":0.2047}},{"type":"Feature","geometry":{"type":"Point","coordinates":[-80.0,-1.3]},"properties":{"region":2,"fire_occurred":0,"prediction":0.1741}},{"type":"Feature","geometry":{"type":"Point","coordinates":[-79.9,-4.0]},"properties":{"region":2,"fire_occurred":1,"prediction":0.0069}},{"type":"Feature","geometry":{"type":"Point","coordinates":[-79.9,-1.1]},"properties":{"region":2,"fire_occurred":0,"prediction":0.2205}},{"type":"Feature","geometry":{"type":"Point","coordinates":[-79.8,-1.1]},"properties":{"region":2,"fire_occurred":0,"prediction":0.1388}},{"type":"Feature","geometry":{"type":"Point","coordinates":[-78.9,-5.6]},"properties":{"region":2,"fire_occurred":1,"prediction":0.0008}},{"type":"Feature","geometry":{"type":"Point","coordinates":[-78.2,-5.9]},"properties":{"region":2,"fire_occurred":1,"prediction":0.0093}},{"type":"Feature","geometry":{"type":"Point","coordinates":[-76.0,-14.0]},"properties":{"region":2,"fire_occurred":1,"prediction":0.0041}},{"type":"Feature","geometry":{"type":"Point","coordinates":[-71.9,-15.8]},"properties":{"region":2,"fire_occurred":1,"prediction":0.0329}},{"type":"Feature","geometry":{"type":"Point","coordinates":[-70.6,-48.5]},"properties":{"region":2,"fire_occurred":1,"prediction":0.0039}},{"type":"Feature","geometry":{"type":"Point","coordinates":[-70.3,-27.5]},"properties":{"region":2,"fire_occurred":0,"prediction":0.1476}},{"type":"Feature","geometry":{"type":"Point","coordinates":[-70.2,-27.3]},"properties":{"region":2,"fire_occurred":1,"prediction":0.0034}},{"type":"Feature","geometry":{"type":"Point","coordinates":[-70.2,-26.2]},"properties":{"region":2,"fire_occurred":1,"prediction":0.0034}},{"type":"Feature","geometry":{"type":"Point","coordinates":[-70.0,-27.1]},"properties":{"region":2,"fire_occurred":1,"prediction":0.0072}},{"type":"Feature","geometry":{"type":"Point","coordinates":[-69.9,-27.1]},"properties":{"region":2,"fire_occurred":1,"prediction":0.0112}},{"type":"Feature","geometry":{"type":"Point","coordinates":[-69.5,-26.5]},"properties":{"region":2,"fire_occurred":0,"prediction":0.1014}},{"type":"Feature","geometry":{"type":"Point","coordinates":[-68.9,-22.4]},"properties":{"region":2,"fire_occurred":1,"prediction":0.1651}},{"type":"Feature","geometry":{"type":"Point","coordinates":[-67.7,-18.3]},"properties":{"region":2,"fire_occurred":1,"prediction":0.0069}},{"type":"Feature","geometry":{"type":"Point","coordinates":[-67.7,-17.0]},"properties":{"region":2,"fire_occurred":1,"prediction":0.0174}},{"type":"Feature","geometry":{"type":"Point","coordinates":[-66.7,-18.9]},"properties":{"region":2,"fire_occurred":1,"prediction":0.006}},{"type":"Feature","geometry":{"type":"Point","coordinates":[-65.2,-42.3]},"properties":{"region":2,"fire_occurred":1,"prediction":0.0009}},{"type":"Feature","geometry":{"type":"Point","coordinates":[-65.2,-27.8]},"properties":{"region":2,"fire_occurred":1,"prediction":0.0007}},{"type":"Feature","geometry":{"type":"Point","coordinates":[-65.1,-26.8]},"properties":{"region":2,"fire_occurred":0,"prediction":0.1058}},{"type":"Feature","geometry":{"type":"Point","coordinates":[-64.5,-38.9]},"properties":{"region":2,"fire_occurred":1,"prediction":0.005}},{"type":"Feature","geometry":{"type":"Point","coordinates":[-63.2,-19.8]},"properties":{"region":2,"fire_occurred":1,"prediction":0.0108}},{"type":"Feature","geometry":{"type":"Point","coordinates":[-60.3,-22.3]},"properties":{"region":2,"fire_occurred":1,"prediction":0.0005}},{"type":"Feature","geometry":{"type":"Point","coordinates":[-39.9,-7.4]},"properties":{"region":2,"fire_occurred":0,"prediction":0.136}},{"type":"Feature","geometry":{"type":"Point","coordinates":[-39.5,-7.8]},"properties":{"region":2,"fire_occurred":1,"prediction":0.0034}},{"type":"Feature","geometry":{"type":"Point","coordinates":[-39.2,-5.0]},"properties":{"region":2,"fire_occurred":0,"prediction":0.1123}},{"type":"Feature","geometry":{"type":"Point","coordinates":[-37.8,-7.8]},"properties":{"region":2,"fire_occurred":1,"prediction":0.003}},{"type":"Feature","geometry":{"type":"Point","coordinates":[-37.8,-6.5]},"properties":{"region":2,"fire_occurred":1,"prediction":0.0219}},{"type":"Feature","geometry":{"type":"Point","coordinates":[-37.7,-7.5]},"properties":{"region":2,"fire_occurred":1,"prediction":0.0165}},{"type":"Feature","geometry":{"type":"Point","coordinates":[-37.6,-7.3]},"properties":{"region":2,"fire_occurred":0,"prediction":0.1186}},{"type":"Feature","geometry":{"type":"Point","coordinates":[-37.4,-7.4]},"properties":{"region":2,"fire_occurred":1,"prediction":0.0302}},{"type":"Feature","geometry":{"type":"Point","coordinates":[-37.2,-9.0]},"properties":{"region":2,"fire_occurred":1,"prediction":0.0036}},{"type":"Feature","geometry":{"type":"Point","coordinates":[-37.1,-7.7]},"properties":{"region":2,"fire_occurred":1,"prediction":0.0733}},{"type":"Feature","geometry":{"type":"Point","coordinates":[-15.1,14.4]},"properties":{"region":2,"fire_occurred":1,"prediction":0.0276}},{"type":"Feature","geometry":{"type":"Point","coordinates":[-14.9,14.1]},"properties":{"region":2,"fire_occurred":1,"prediction":0.0389}},{"type":"Feature","geometry":{"type":"Point","coordinates":[-14.9,14.3]},"properties":{"region":2,"fire_occurred":1,"prediction":0.0121}},{"type":"Feature","geometry":{"type":"Point","coordinates":[-14.8,14.1]},"properties":{"region":2,"fire_occurred":1,"prediction":0.0558}},{"type":"Feature","geometry":{"type":"Point","coordinates":[-14.5,14.3]},"properties":{"region":2,"fire_occurred":1,"prediction":0.0183}},{"type":"Feature","geometry":{"type":"Point","coordinates":[-14.4,14.0]},"properties":{"region":2,"fire_occurred":0,"prediction":0.1304}},{"type":"Feature","geometry":{"type":"Point","coordinates":[-14.4,14.2]},"properties":{"region":2,"fire_occurred":0,"prediction":0.1033}},{"type":"Feature","geometry":{"type":"Point","coordinates":[-14.2,14.0]},"properties":{"region":2,"fire_occurred":1,"prediction":0.0231}},{"type":"Feature","geometry":{"type":"Point","coordinates":[-14.2,14.1]},"properties":{"region":2,"fire_occurred":1,"prediction":0.0772}},{"type":"Feature","geometry":{"type":"Point","coordinates":[-14.1,14.0]},"properties":{"region":2,"fire_occurred":1,"prediction":0.0568}},{"type":"Feature","geometry":{"type":"Point","coordinates":[-14.1,14.1]},"properties":{"region":2,"fire_occurred":1,"prediction":0.068}},{"type":"Feature","geometry":{"type":"Point","coordinates":[-14.1,14.2]},"properties":{"region":2,"fire_occurred":1,"prediction":0.0105}},{"type":"Feature","geometry":{"type":"Point","coordinates":[-14.0,14.2]},"properties":{"region":2,"fire_occurred":1,"prediction":0.0249}},{"type":"Feature","geometry":{"type":"Point","coordinates":[-14.0,14.3]},"properties":{"region":2,"fire_occurred":1,"prediction":0.0355}},{"type":"Feature","geometry":{"type":"Point","coordinates":[-14.0,15.0]},"properties":{"region":2,"fire_occurred":1,"prediction":0.0053}},{"type":"Feature","geometry":{"type":"Point","coordinates":[-13.9,14.0]},"properties":{"region":2,"fire_occurred":1,"prediction":0.0744}},{"type":"Feature","geometry":{"type":"Point","coordinates":[-13.9,14.3]},"properties":{"region":2,"fire_occurred":1,"prediction":0.0382}},{"type":"Feature","geometry":{"type":"Point","coordinates":[-13.8,14.0]},"properties":{"region":2,"fire_occurred":1,"prediction":0.0872}},{"type":"Feature","geometry":{"type":"Point","coordinates":[-13.7,14.0]},"properties":{"region":2,"fire_occurred":0,"prediction":0.1528}},{"type":"Feature","geometry":{"type":"Point","coordinates":[-13.6,14.0]},"properties":{"region":2,"fire_occurred":1,"prediction":0.0879}},{"type":"Feature","geometry":{"type":"Point","coordinates":[-13.5,14.0]},"properties":{"region":2,"fire_occurred":1,"prediction":0.11}},{"type":"Feature","geometry":{"type":"Point","coordinates":[-13.5,14.1]},"properties":{"region":2,"fire_occurred":1,"prediction":0.025}},{"type":"Feature","geometry":{"type":"Point","coordinates":[-13.5,14.2]},"properties":{"region":2,"fire_occurred":1,"prediction":0.0552}},{"type":"Feature","geometry":{"type":"Point","coordinates":[-13.2,14.0]},"properties":{"region":2,"fire_occurred":0,"prediction":0.1007}},{"type":"Feature","geometry":{"type":"Point","coordinates":[-13.2,15.0]},"properties":{"region":2,"fire_occurred":1,"prediction":0.0274}},{"type":"Feature","geometry":{"type":"Point","coordinates":[-13.1,14.0]},"properties":{"region":2,"fire_occurred":0,"prediction":0.1223}},{"type":"Feature","geometry":{"type":"Point","coordinates":[-13.1,15.0]},"properties":{"region":2,"fire_occurred":1,"prediction":0.0023}},{"type":"Feature","geometry":{"type":"Point","coordinates":[-12.9,14.0]},"properties":{"region":2,"fire_occurred":1,"prediction":0.09}},{"type":"Feature","geometry":{"type":"Point","coordinates":[-12.9,14.1]},"properties":{"region":2,"fire_occurred":1,"prediction":0.0866}},{"type":"Feature","geometry":{"type":"Point","coordinates":[-12.9,14.2]},"properties":{"region":2,"fire_occurred":0,"prediction":0.121}},{"type":"Feature","geometry":{"type":"Point","coordinates":[-12.8,14.0]},"properties":{"region":2,"fire_occurred":0,"prediction":0.1199}},{"type":"Feature","geometry":{"type":"Point","coordinates":[-12.8,14.2]},"properties":{"region":2,"fire_occurred":0,"prediction":0.1213}},{"type":"Feature","geometry":{"type":"Point","coordinates":[-12.8,14.3]},"properties":{"region":2,"fire_occurred":1,"prediction":0.0332}},{"type":"Feature","geometry":{"type":"Point","coordinates":[-12.6,14.0]},"properties":{"region":2,"fire_occurred":0,"prediction":0.1506}},{"type":"Feature","geometry":{"type":"Point","coordinates":[-12.6,14.2]},"properties":{"region":2,"fire_occurred":0,"prediction":0.1125}},{"type":"Feature","geometry":{"type":"Point","coordinates":[-12.5,14.0]},"properties":{"region":2,"fire_occurred":0,"prediction":0.1114}},{"type":"Feature","geometry":{"type":"Point","coordinates":[-12.5,14.2]},"properties":{"region":2,"fire_occurred":0,"prediction":0.1473}},{"type":"Feature","geometry":{"type":"Point","coordinates":[-12.5,14.3]},"properties":{"region":2,"fire_occurred":1,"prediction":0.0855}},{"type":"Feature","geometry":{"type":"Point","coordinates":[-12.5,14.4]},"properties":{"region":2,"fire_occurred":1,"prediction":0.1014}},{"type":"Feature","geometry":{"type":"Point","coordinates":[-12.4,14.0]},"properties":{"region":2,"fire_occurred":0,"prediction":0.1107}},{"type":"Feature","geometry":{"type":"Point","coordinates":[-12.4,14.1]},"properties":{"region":2,"fire_occurred":0,"prediction":0.1326}},{"type":"Feature","geometry":{"type":"Point","coordinates":[-12.4,14.3]},"properties":{"region":2,"fire_occurred":0,"prediction":0.1162}},{"type":"Feature","geometry":{"type":"Point","coordinates":[-12.3,14.0]},"properties":{"region":2,"fire_occurred":0,"prediction":0.1048}},{"type":"Feature","geometry":{"type":"Point","coordinates":[-12.3,14.1]},"properties":{"region":2,"fire_occurred":0,"prediction":0.1011}},{"type":"Feature","geometry":{"type":"Point","coordinates":[-12.3,14.6]},"properties":{"region":2,"fire_occurred":1,"prediction":0.0031}},{"type":"Feature","geometry":{"type":"Point","coordinates":[-12.2,14.0]},"properties":{"region":2,"fire_occurred":0,"prediction":0.1172}},{"type":"Feature","geometry":{"type":"Point","coordinates":[-12.1,14.0]},"properties":{"region":2,"fire_occurred":0,"prediction":0.1094}},{"type":"Feature","geometry":{"type":"Point","coordinates":[-12.1,14.2]},"properties":{"region":2,"fire_occurred":1,"prediction":0.0856}},{"type":"Feature","geometry":{"type":"Point","coordinates":[-12.1,14.4]},"properties":{"region":2,"fire_occurred":0,"prediction":0.1108}},{"type":"Feature","geometry":{"type":"Point","coordinates":[-12.1,14.5]},"properties":{"region":2,"fire_occurred":0,"prediction":0.1501}},{"type":"Feature","geometry":{"type":"Point","coordinates":[-12.0,14.0]},"properties":{"region":2,"fire_occurred":0,"prediction":0.1203}},{"type":"Feature","geometry":{"type":"Point","coordinates":[-12.0,14.1]},"properties":{"region":2,"fire_occurred":0,"prediction":0.1094}},{"type":"Feature","geometry":{"type":"Point","coordinates":[-12.0,14.2]},"properties":{"region":2,"fire_occurred":1,"prediction":0.1213}},{"type":"Feature","geometry":{"type":"Point","coordinates":[-12.0,14.3]},"properties":{"region":2,"fire_occurred":1,"prediction":0.0567}},{"type":"Feature","geometry":{"type":"Point","coordinates":[-11.9,14.0]},"properties":{"region":2,"fire_occurred":0,"prediction":0.1742}},{"type":"Feature","geometry":{"type":"Point","coordinates":[-11.9,14.1]},"properties":{"region":2,"fire_occurred":0,"prediction":0.1154}},{"type":"Feature","geometry":{"type":"Point","coordinates":[-11.9,14.2]},"properties":{"region":2,"fire_occurred":1,"prediction":0.12}},{"type":"Feature","geometry":{"type":"Point","coordinates":[-11.8,14.0]},"properties":{"region":2,"fire_occurred":1,"prediction":0.2449}},{"type":"Feature","geometry":{"type":"Point","coordinates":[-11.8,14.1]},"properties":{"region":2,"fire_occurred":1,"prediction":0.0579}},{"type":"Feature","geometry":{"type":"Point","coordinates":[-11.8,14.2]},"properties":{"region":2,"fire_occurred":0,"prediction":0.1275}},{"type":"Feature","geometry":{"type":"Point","coordinates":[-11.8,14.3]},"properties":{"region":2,"fire_occurred":1,"prediction":0.0503}},{"type":"Feature","geometry":{"type":"Point","coordinates":[-11.7,14.0]},"properties":{"region":2,"fire_occurred":0,"prediction":0.1764}},{"type":"Feature","geometry":{"type":"Point","coordinates":[-11.7,14.1]},"properties":{"region":2,"fire_occurred":1,"prediction":0.1258}},{"type":"Feature","geometry":{"type":"Point","coordinates":[-11.7,14.2]},"properties":{"region":2,"fire_occurred":0,"prediction":0.1008}},{"type":"Feature","geometry":{"type":"Point","coordinates":[-11.7,14.4]},"properties":{"region":2,"fire_occurred":0,"prediction":0.1079}},{"type":"Feature","geometry":{"type":"Point","coordinates":[-11.6,14.0]},"properties":{"region":2,"fire_occurred":1,"prediction":0.1481}},{"type":"Feature","geometry":{"type":"Point","coordinates":[-11.6,14.1]},"properties":{"region":2,"fire_occurred":1,"prediction":0.1342}},{"type":"Feature","geometry":{"type":"Point","coordinates":[-11.6,14.2]},"properties":{"region":2,"fire_occurred":0,"prediction":0.1119}},{"type":"Feature","geometry":{"type":"Point","coordinates":[-11.5,14.0]},"properties":{"region":2,"fire_occurred":0,"prediction":0.1483}},{"type":"Feature","geometry":{"type":"Point","coordinates":[-11.5,14.1]},"properties":{"region":2,"fire_occurred":1,"prediction":0.0775}},{"type":"Feature","geometry":{"type":"Point","coordinates":[-11.5,14.6]},"properties":{"region":2,"fire_occurred":1,"prediction":0.0133}},{"type":"Feature","geometry":{"type":"Point","coordinates":[-11.4,14.0]},"properties":{"region":2,"fire_occurred":0,"prediction":0.1434}},{"type":"Feature","geometry":{"type":"Point","coordinates":[-11.4,14.6]},"properties":{"region":2,"fire_occurred":1,"prediction":0.0464}},{"type":"Feature","geometry":{"type":"Point","coordinates":[-11.2,14.0]},"properties":{"region":2,"fire_occurred":1,"prediction":0.0612}},{"type":"Feature","geometry":{"type":"Point","coordinates":[-11.1,14.0]},"properties":{"region":2,"fire_occurred":1,"prediction":0.1536}},{"type":"Feature","geometry":{"type":"Point","coordinates":[-11.0,14.0]},"properties":{"region":2,"fire_occurred":0,"prediction":0.111}},{"type":"Feature","geometry":{"type":"Point","coordinates":[-10.9,14.0]},"properties":{"region":2,"fire_occurred":1,"prediction":0.1301}},{"type":"Feature","geometry":{"type":"Point","coordinates":[-10.9,14.1]},"properties":{"region":2,"fire_occurred":0,"prediction":0.156}},{"type":"Feature","geometry":{"type":"Point","coordinates":[-10.8,14.0]},"properties":{"region":2,"fire_occurred":1,"prediction":0.0917}},{"type":"Feature","geometry":{"type":"Point","coordinates":[-10.8,14.1]},"properties":{"region":2,"fire_occurred":0,"prediction":0.179}},{"type":"Feature","geometry":{"type":"Point","coordinates":[-10.8,14.4]},"properties":{"region":2,"fire_occurred":0,"prediction":0.1364}},{"type":"Feature","geometry":{"type":"Point","coordinates":[-10.7,14.0]},"properties":{"region":2,"fire_occurred":1,"prediction":0.186}},{"type":"Feature","geometry":{"type":"Point","coordinates":[-10.7,14.1]},"properties":{"region":2,"fire_occurred":1,"prediction":0.1775}},{"type":"Feature","geometry":{"type":"Point","coordinates":[-10.7,14.3]},"properties":{"region":2,"fire_occurred":1,"prediction":0.1148}},{"type":"Feature","geometry":{"type":"Point","coordinates":[-10.7,14.4]},"properties":{"region":2,"fire_occurred":0,"prediction":0.1298}},{"type":"Feature","geometry":{"type":"Point","coordinates":[-10.6,14.0]},"properties":{"region":2,"fire_occurred":0,"prediction":0.2866}},{"type":"Feature","geometry":{"type":"Point","coordinates":[-10.6,14.1]},"properties":{"region":2,"fire_occurred":1,"prediction":0.0844}},{"type":"Feature","geometry":{"type":"Point","coordinates":[-10.6,14.2]},"properties":{"region":2,"fire_occurred":1,"prediction":0.0657}},{"type":"Feature","geometry":{"type":"Point","coordinates":[-10.6,14.3]},"properties":{"region":2,"fire_occurred":1,"prediction":0.1087}},{"type":"Feature","geometry":{"type":"Point","coordinates":[-10.5,14.1]},"properties":{"region":2,"fire_occurred":1,"prediction":0.2085}},{"type":"Feature","geometry":{"type":"Point","coordinates":[-10.5,14.3]},"properties":{"region":2,"fire_occurred":1,"prediction":0.0999}},{"type":"Feature","geometry":{"type":"Point","coordinates":[-10.4,14.1]},"properties":{"region":2,"fire_occurred":0,"prediction":0.2479}},{"type":"Feature","geometry":{"type":"Point","coordinates":[-10.4,14.2]},"properties":{"region":2,"fire_occurred":1,"prediction":0.2176}},{"type":"Feature","geometry":{"type":"Point","coordinates":[-10.4,14.3]},"properties":{"region":2,"fire_occurred":0,"prediction":0.1641}},{"type":"Feature","geometry":{"type":"Point","coordinates":[-10.4,14.4]},"properties":{"region":2,"fire_occurred":0,"prediction":0.1069}},{"type":"Feature","geometry":{"type":"Point","coordinates":[-10.4,14.5]},"properties":{"region":2,"fire_occurred":0,"prediction":0.1015}},{"type":"Feature","geometry":{"type":"Point","coordinates":[-10.4,14.7]},"properties":{"region":2,"fire_occurred":0,"prediction":0.1538}},{"type":"Feature","geometry":{"type":"Point","coordinates":[-10.3,14.0]},"properties":{"region":2,"fire_occurred":0,"prediction":0.1128}},{"type":"Feature","geometry":{"type":"Point","coordinates":[-10.3,14.1]},"properties":{"region":2,"fire_occurred":0,"prediction":0.1233}},{"type":"Feature","geometry":{"type":"Point","coordinates":[-10.3,14.3]},"properties":{"region":2,"fire_occurred":0,"prediction":0.1087}},{"type":"Feature","geometry":{"type":"Point","coordinates":[-10.3,14.6]},"properties":{"region":2,"fire_occurred":0,"prediction":0.1232}},{"type":"Feature","geometry":{"type":"Point","coordinates":[-10.3,14.9]},"properties":{"region":2,"fire_occurred":0,"prediction":0.1714}},{"type":"Feature","geometry":{"type":"Point","coordinates":[-10.2,14.5]},"properties":{"region":2,"fire_occurred":1,"prediction":0.1}},{"type":"Feature","geometry":{"type":"Point","coordinates":[-10.2,14.7]},"properties":{"region":2,"fire_occurred":0,"prediction":0.1439}},{"type":"Feature","geometry":{"type":"Point","coordinates":[-10.0,14.0]},"properties":{"region":2,"fire_occurred":0,"prediction":0.1308}},{"type":"Feature","geometry":{"type":"Point","coordinates":[-10.0,14.5]},"properties":{"region":2,"fire_occurred":0,"prediction":0.2378}},{"type":"Feature","geometry":{"type":"Point","coordinates":[-9.9,14.1]},"properties":{"region":2,"fire_occurred":1,"prediction":0.0274}},{"type":"Feature","geometry":{"type":"Point","coordinates":[-9.8,14.1]},"properties":{"region":2,"fire_occurred":0,"prediction":0.1182}},{"type":"Feature","geometry":{"type":"Point","coordinates":[-9.8,14.4]},"properties":{"region":2,"fire_occurred":0,"prediction":0.1027}},{"type":"Feature","geometry":{"type":"Point","coordinates":[-9.7,14.0]},"properties":{"region":2,"fire_occurred":0,"prediction":0.1168}},{"type":"Feature","geometry":{"type":"Point","coordinates":[-9.7,14.4]},"properties":{"region":2,"fire_occurred":1,"prediction":0.0356}},{"type":"Feature","geometry":{"type":"Point","coordinates":[-9.6,14.0]},"properties":{"region":2,"fire_occurred":0,"prediction":0.1844}},{"type":"Feature","geometry":{"type":"Point","coordinates":[-9.5,14.0]},"properties":{"region":2,"fire_occurred":0,"prediction":0.1647}},{"type":"Feature","geometry":{"type":"Point","coordinates":[-9.5,14.3]},"properties":{"region":2,"fire_occurred":1,"prediction":0.1205}},{"type":"Feature","geometry":{"type":"Point","coordinates":[-9.5,14.4]},"properties":{"region":2,"fire_occurred":1,"prediction":0.0703}},{"type":"Feature","geometry":{"type":"Point","coordinates":[-9.4,14.0]},"properties":{"region":2,"fire_occurred":0,"prediction":0.1635}},{"type":"Feature","geometry":{"type":"Point","coordinates":[-9.4,14.1]},"properties":{"region":2,"fire_occurred":0,"prediction":0.1032}},{"type":"Feature","geometry":{"type":"Point","coordinates":[-9.2,14.0]},"properties":{"region":2,"fire_occurred":1,"prediction":0.1851}},{"type":"Feature","geometry":{"type":"Point","coordinates":[-9.2,14.4]},"properties":{"region":2,"fire_occurred":1,"prediction":0.0055}},{"type":"Feature","geometry":{"type":"Point","coordinates":[-9.1,14.0]},"properties":{"region":2,"fire_occurred":0,"prediction":0.1846}},{"type":"Feature","geometry":{"type":"Point","coordinates":[-9.1,14.3]},"properties":{"region":2,"fire_occurred":1,"prediction":0.021}},{"type":"Feature","geometry":{"type":"Point","coordinates":[-9.0,14.0]},"properties":{"region":2,"fire_occurred":0,"prediction":0.1934}},{"type":"Feature","geometry":{"type":"Point","coordinates":[-9.0,30.4]},"properties":{"region":2,"fire_occurred":1,"prediction":0.0016}},{"type":"Feature","geometry":{"type":"Point","coordinates":[-8.9,14.0]},"properties":{"region":2,"fire_occurred":0,"prediction":0.2773}},{"type":"Feature","geometry":{"type":"Point","coordinates":[-8.8,14.0]},"properties":{"region":2,"fire_occurred":0,"prediction":0.2742}},{"type":"Feature","geometry":{"type":"Point","coordinates":[-8.8,14.3]},"properties":{"region":2,"fire_occurred":1,"prediction":0.0793}},{"type":"Feature","geometry":{"type":"Point","coordinates":[-8.8,14.4]},"properties":{"region":2,"fire_occurred":1,"prediction":0.0456}},{"type":"Feature","geometry":{"type":"Point","coordinates":[-8.7,14.0]},"properties":{"region":2,"fire_occurred":0,"prediction":0.2298}},{"type":"Feature","geometry":{"type":"Point","coordinates":[-8.6,14.0]},"properties":{"region":2,"fire_occurred":0,"prediction":0.1083}},{"type":"Feature","geometry":{"type":"Point","coordinates":[-8.6,14.1]},"properties":{"region":2,"fire_occurred":0,"prediction":0.101}},{"type":"Feature","geometry":{"type":"Point","coordinates":[-8.5,14.2]},"properties":{"region":2,"fire_occurred":0,"prediction":0.1016}},{"type":"Feature","geometry":{"type":"Point","coordinates":[-8.4,14.0]},"properties":{"region":2,"fire_occurred":1,"prediction":0.1031}},{"type":"Feature","geometry":{"type":"Point","coordinates":[-8.4,30.6]},"properties":{"region":2,"fire_occurred":1,"prediction":0.0044}},{"type":"Feature","geometry":{"type":"Point","coordinates":[-8.2,14.2]},"properties":{"region":2,"fire_occurred":1,"prediction":0.0589}},{"type":"Feature","geometry":{"type":"Point","coordinates":[-8.1,14.0]},"properties":{"region":2,"fire_occurred":1,"prediction":0.0192}},{"type":"Feature","geometry":{"type":"Point","coordinates":[-7.7,14.0]},"properties":{"region":2,"fire_occurred":1,"prediction":0.0281}},{"type":"Feature","geometry":{"type":"Point","coordinates":[-7.2,14.4]},"properties":{"region":2,"fire_occurred":1,"prediction":0.005}},{"type":"Feature","geometry":{"type":"Point","coordinates":[-7.2,14.6]},"properties":{"region":2,"fire_occurred":1,"prediction":0.0221}},{"type":"Feature","geometry":{"type":"Point","coordinates":[-7.2,14.7]},"properties":{"region":2,"fire_occurred":1,"prediction":0.0379}},{"type":"Feature","geometry":{"type":"Point","coordinates":[-7.2,14.8]},"properties":{"region":2,"fire_occurred":1,"prediction":0.0063}},{"type":"Feature","geometry":{"type":"Point","coordinates":[-7.1,14.6]},"properties":{"region":2,"fire_occurred":1,"prediction":0.0132}},{"type":"Feature","geometry":{"type":"Point","coordinates":[-7.0,14.0]},"properties":{"region":2,"fire_occurred":1,"prediction":0.0079}},{"type":"Feature","geometry":{"type":"Point","coordinates":[-7.0,14.4]},"properties":{"region":2,"fire_occurred":1,"prediction":0.0468}},{"type":"Feature","geometry":{"type":"Point","coordinates":[-5.3,14.4]},"properties":{"region":2,"fire_occurred":1,"prediction":0.0045}},{"type":"Feature","geometry":{"type":"Point","coordinates":[-5.0,14.1]},"properties":{"region":2,"fire_occurred":1,"prediction":0.0023}},{"type":"Feature","geometry":{"type":"Point","coordinates":[-3.9,16.2]},"properties":{"region":2,"fire_occurred":1,"prediction":0.0356}},{"type":"Feature","geometry":{"type":"Point","coordinates":[-3.8,14.2]},"properties":{"region":2,"fire_occurred":1,"prediction":0.0029}},{"type":"Feature","geometry":{"type":"Point","coordinates":[-3.6,13.3]},"properties":{"region":2,"fire_occurred":1,"prediction":0.0233}},{"type":"Feature","geometry":{"type":"Point","coordinates":[-3.3,13.5]},"properties":{"region":2,"fire_occurred":1,"prediction":0.0058}},{"type":"Feature","geometry":{"type":"Point","coordinates":[-3.2,13.1]},"properties":{"region":2,"fire_occurred":1,"prediction":0.0194}},{"type":"Feature","geometry":{"type":"Point","coordinates":[-3.2,13.3]},"properties":{"region":2,"fire_occurred":1,"prediction":0.0035}},{"type":"Feature","geometry":{"type":"Point","coordinates":[-3.1,13.1]},"properties":{"region":2,"fire_occurred":1,"prediction":0.0173}},{"type":"Feature","geometry":{"type":"Point","coordinates":[-1.6,38.4]},"properties":{"region":2,"fire_occurred":1,"prediction":0.0063}},{"type":"Feature","geometry":{"type":"Point","coordinates":[-0.8,13.2]},"properties":{"region":2,"fire_occurred":1,"prediction":0.0023}},{"type":"Feature","geometry":{"type":"Point","coordinates":[-0.8,13.8]},"properties":{"region":2,"fire_occurred":1,"prediction":0.0271}},{"type":"Feature","geometry":{"type":"Point","coordinates":[-0.7,13.2]},"properties":{"region":2,"fire_occurred":1,"prediction":0.0026}},{"type":"Feature","geometry":{"type":"Point","coordinates":[-0.7,14.2]},"properties":{"region":2,"fire_occurred":1,"prediction":0.0221}},{"type":"Feature","geometry":{"type":"Point","coordinates":[-0.6,14.0]},"properties":{"region":2,"fire_occurred":0,"prediction":0.1034}},{"type":"Feature","geometry":{"type":"Point","coordinates":[-0.5,39.3]},"properties":{"region":2,"fire_occurred":1,"prediction":0.006}},{"type":"Feature","geometry":{"type":"Point","coordinates":[-0.4,39.3]},"properties":{"region":2,"fire_occurred":1,"prediction":0.0092}},{"type":"Feature","geometry":{"type":"Point","coordinates":[-0.3,39.1]},"properties":{"region":2,"fire_occurred":1,"prediction":0.0341}},{"type":"Feature","geometry":{"type":"Point","coordinates":[-0.3,39.6]},"properties":{"region":2,"fire_occurred":1,"prediction":0.0192}},{"type":"Feature","geometry":{"type":"Point","coordinates":[0.7,12.0]},"properties":{"region":2,"fire_occurred":1,"prediction":0.0256}},{"type":"Feature","geometry":{"type":"Point","coordinates":[0.7,12.1]},"properties":{"region":2,"fire_occurred":0,"prediction":0.2097}},{"type":"Feature","geometry":{"type":"Point","coordinates":[1.0,12.1]},"properties":{"region":2,"fire_occurred":0,"prediction":0.1085}},{"type":"Feature","geometry":{"type":"Point","coordinates":[1.1,12.3]},"properties":{"region":2,"fire_occurred":0,"prediction":0.1117}},{"type":"Feature","geometry":{"type":"Point","coordinates":[2.0,12.1]},"properties":{"region":2,"fire_occurred":0,"prediction":0.1057}},{"type":"Feature","geometry":{"type":"Point","coordinates":[2.0,12.2]},"properties":{"region":2,"fire_occurred":0,"prediction":0.1302}},{"type":"Feature","geometry":{"type":"Point","coordinates":[2.1,12.0]},"properties":{"region":2,"fire_occurred":0,"prediction":0.1688}},{"type":"Feature","geometry":{"type":"Point","coordinates":[2.1,12.3]},"properties":{"region":2,"fire_occurred":0,"prediction":0.1521}},{"type":"Feature","geometry":{"type":"Point","coordinates":[2.2,12.0]},"properties":{"region":2,"fire_occurred":0,"prediction":0.1398}},{"type":"Feature","geometry":{"type":"Point","coordinates":[2.2,12.3]},"properties":{"region":2,"fire_occurred":0,"prediction":0.1371}},{"type":"Feature","geometry":{"type":"Point","coordinates":[2.5,12.4]},"properties":{"region":2,"fire_occurred":0,"prediction":0.1537}},{"type":"Feature","geometry":{"type":"Point","coordinates":[2.6,12.1]},"properties":{"region":2,"fire_occurred":0,"prediction":0.1005}},{"type":"Feature","geometry":{"type":"Point","coordinates":[2.6,12.4]},"properties":{"region":2,"fire_occurred":0,"prediction":0.1333}},{"type":"Feature","geometry":{"type":"Point","coordinates":[2.7,12.0]},"properties":{"region":2,"fire_occurred":0,"prediction":0.1724}},{"type":"Feature","geometry":{"type":"Point","coordinates":[2.7,12.3]},"properties":{"region":2,"fire_occurred":0,"prediction":0.1166}},{"type":"Feature","geometry":{"type":"Point","coordinates":[5.9,31.6]},"properties":{"region":2,"fire_occurred":1,"prediction":0.0014}},{"type":"Feature","geometry":{"type":"Point","coordinates":[6.0,31.6]},"properties":{"region":2,"fire_occurred":1,"prediction":0.8566}},{"type":"Feature","geometry":{"type":"Point","coordinates":[6.0,31.8]},"properties":{"region":2,"fire_occurred":1,"prediction":0.1307}},{"type":"Feature","geometry":{"type":"Point","coordinates":[6.2,31.6]},"properties":{"region":2,"fire_occurred":1,"prediction":0.0044}},{"type":"Feature","geometry":{"type":"Point","coordinates":[12.2,26.5]},"properties":{"region":2,"fire_occurred":0,"prediction":0.21}},{"type":"Feature","geometry":{"type":"Point","coordinates":[13.0,11.0]},"properties":{"region":2,"fire_occurred":0,"prediction":0.1291}},{"type":"Feature","geometry":{"type":"Point","coordinates":[13.0,11.1]},"properties":{"region":2,"fire_occurred":1,"prediction":0.2308}},{"type":"Feature","geometry":{"type":"Point","coordinates":[13.0,11.2]},"properties":{"region":2,"fire_occurred":0,"prediction":0.129}},{"type":"Feature","geometry":{"type":"Point","coordinates":[13.0,11.3]},"properties":{"region":2,"fire_occurred":0,"prediction":0.1656}},{"type":"Feature","geometry":{"type":"Point","coordinates":[13.0,11.4]},"properties":{"region":2,"fire_occurred":0,"prediction":0.1529}},{"type":"Feature","geometry":{"type":"Point","coordinates":[13.0,11.6]},"properties":{"region":2,"fire_occurred":0,"prediction":0.147}},{"type":"Feature","geometry":{"type":"Point","coordinates":[13.0,11.7]},"properties":{"region":2,"fire_occurred":0,"prediction":0.1166}},{"type":"Feature","geometry":{"type":"Point","coordinates":[13.0,12.1]},"properties":{"region":2,"fire_occurred":0,"prediction":0.1049}},{"type":"Feature","geometry":{"type":"Point","coordinates":[13.0,12.5]},"properties":{"region":2,"fire_occurred":0,"prediction":0.1301}},{"type":"Feature","geometry":{"type":"Point","coordinates":[13.1,11.0]},"properties":{"region":2,"fire_occurred":1,"prediction":0.1159}},{"type":"Feature","geometry":{"type":"Point","coordinates":[13.1,11.1]},"properties":{"region":2,"fire_occurred":1,"prediction":0.1171}},{"type":"Feature","geometry":{"type":"Point","coordinates":[13.1,11.2]},"properties":{"region":2,"fire_occurred":0,"prediction":0.2095}},{"type":"Feature","geometry":{"type":"Point","coordinates":[13.1,11.3]},"properties":{"region":2,"fire_occurred":1,"prediction":0.3051}},{"type":"Feature","geometry":{"type":"Point","coordinates":[13.1,11.4]},"properties":{"region":2,"fire_occurred":0,"prediction":0.1695}},{"type":"Feature","geometry":{"type":"Point","coordinates":[13.1,11.6]},"properties":{"region":2,"fire_occurred":0,"prediction":0.1771}},{"type":"Feature","geometry":{"type":"Point","coordinates":[13.1,11.7]},"properties":{"region":2,"fire_occurred":0,"prediction":0.1456}},{"type":"Feature","geometry":{"type":"Point","coordinates":[13.1,12.3]},"properties":{"region":2,"fire_occurred":0,"prediction":0.1001}},{"type":"Feature","geometry":{"type":"Point","coordinates":[13.2,-6.4]},"properties":{"region":2,"fire_occurred":1,"prediction":0.0049}},{"type":"Feature","geometry":{"type":"Point","coordinates":[13.2,11.1]},"properties":{"region":2,"fire_occurred":1,"prediction":0.115}},{"type":"Feature","geometry":{"type":"Point","coordinates":[13.2,11.2]},"properties":{"region":2,"fire_occurred":1,"prediction":0.1742}},{"type":"Feature","geometry":{"type":"Point","coordinates":[13.2,11.3]},"properties":{"region":2,"fire_occurred":0,"prediction":0.2468}},{"type":"Feature","geometry":{"type":"Point","coordinates":[13.2,11.4]},"properties":{"region":2,"fire_occurred":0,"prediction":0.1866}},{"type":"Feature","geometry":{"type":"Point","coordinates":[13.2,11.6]},"properties":{"region":2,"fire_occurred":1,"prediction":0.2396}},{"type":"Feature","geometry":{"type":"Point","coordinates":[13.2,12.3]},"properties":{"region":2,"fire_occurred":0,"prediction":0.1168}},{"type":"Feature","geometry":{"type":"Point","coordinates":[13.2,12.5]},"properties":{"region":2,"fire_occurred":0,"prediction":0.1776}},{"type":"Feature","geometry":{"type":"Point","coordinates":[13.3,11.0]},"properties":{"region":2,"fire_occurred":0,"prediction":0.1974}},{"type":"Feature","geometry":{"type":"Point","coordinates":[13.3,11.1]},"properties":{"region":2,"fire_occurred":1,"prediction":0.1706}},{"type":"Feature","geometry":{"type":"Point","coordinates":[13.3,11.2]},"properties":{"region":2,"fire_occurred":1,"prediction":0.1845}},{"type":"Feature","geometry":{"type":"Point","coordinates":[13.3,11.3]},"properties":{"region":2,"fire_occurred":1,"prediction":0.1609}},{"type":"Feature","geometry":{"type":"Point","coordinates":[13.3,11.4]},"properties":{"region":2,"fire_occurred":0,"prediction":0.1211}},{"type":"Feature","geometry":{"type":"Point","coordinates":[13.3,12.6]},"properties":{"region":2,"fire_occurred":1,"prediction":0.1077}},{"type":"Feature","geometry":{"type":"Point","coordinates":[13.3,12.7]},"properties":{"region":2,"fire_occurred":1,"prediction":0.0479}},{"type":"Feature","geometry":{"type":"Point","coordinates":[13.4,11.0]},"properties":{"region":2,"fire_occurred":1,"prediction":0.2306}},{"type":"Feature","geometry":{"type":"Point","coordinates":[13.4,11.1]},"properties":{"region":2,"fire_occurred":0,"prediction":0.2272}},{"type":"Feature","geometry":{"type":"Point","coordinates":[13.4,11.2]},"properties":{"region":2,"fire_occurred":1,"prediction":0.1256}},{"type":"Feature","geometry":{"type":"Point","coordinates":[13.4,11.5]},"properties":{"region":2,"fire_occurred":0,"prediction":0.1372}},{"type":"Feature","geometry":{"type":"Point","coordinates":[13.4,11.6]},"properties":{"region":2,"fire_occurred":0,"prediction":0.1304}},{"type":"Feature","geometry":{"type":"Point","coordinates":[13.4,11.7]},"properties":{"region":2,"fire_occurred":0,"prediction":0.1061}},{"type":"Feature","geometry":{"type":"Point","coordinates":[13.4,11.8]},"properties":{"region":2,"fire_occurred":0,"prediction":0.1021}},{"type":"Feature","geometry":{"type":"Point","coordinates":[13.4,12.0]},"properties":{"region":2,"fire_occurred":0,"prediction":0.1027}},{"type":"Feature","geometry":{"type":"Point","coordinates":[13.4,12.2]},"properties":{"region":2,"fire_occurred":0,"prediction":0.1008}},{"type":"Feature","geometry":{"type":"Point","coordinates":[13.4,12.3]},"properties":{"region":2,"fire_occurred":0,"prediction":0.147}},{"type":"Feature","geometry":{"type":"Point","coordinates":[13.4,12.6]},"properties":{"region":2,"fire_occurred":0,"prediction":0.1054}},{"type":"Feature","geometry":{"type":"Point","coordinates":[13.4,12.7]},"properties":{"region":2,"fire_occurred":1,"prediction":0.0857}},{"type":"Feature","geometry":{"type":"Point","coordinates":[13.4,13.3]},"properties":{"region":2,"fire_occurred":0,"prediction":0.1075}},{"type":"Feature","geometry":{"type":"Point","coordinates":[13.4,13.5]},"properties":{"region":2,"fire_occurred":0,"prediction":0.2307}},{"type":"Feature","geometry":{"type":"Point","coordinates":[13.4,13.6]},"properties":{"region":2,"fire_occurred":0,"prediction":0.1877}},{"type":"Feature","geometry":{"type":"Point","coordinates":[13.5,11.0]},"properties":{"region":2,"fire_occurred":0,"prediction":0.221}},{"type":"Feature","geometry":{"type":"Point","coordinates":[13.5,11.1]},"properties":{"region":2,"fire_occurred":1,"prediction":0.2321}},{"type":"Feature","geometry":{"type":"Point","coordinates":[13.5,11.2]},"properties":{"region":2,"fire_occurred":0,"prediction":0.2306}},{"type":"Feature","geometry":{"type":"Point","coordinates":[13.5,11.3]},"properties":{"region":2,"fire_occurred":0,"prediction":0.139}},{"type":"Feature","geometry":{"type":"Point","coordinates":[13.5,11.4]},"properties":{"region":2,"fire_occurred":1,"prediction":0.1536}},{"type":"Feature","geometry":{"type":"Point","coordinates":[13.5,12.3]},"properties":{"region":2,"fire_occurred":0,"prediction":0.1388}},{"type":"Feature","geometry":{"type":"Point","coordinates":[13.5,12.6]},"properties":{"region":2,"fire_occurred":0,"prediction":0.1376}},{"type":"Feature","geometry":{"type":"Point","coordinates":[13.5,13.2]},"properties":{"region":2,"fire_occurred":1,"prediction":0.0706}},{"type":"Feature","geometry":{"type":"Point","coordinates":[13.5,13.3]},"properties":{"region":2,"fire_occurred":1,"prediction":0.211}},{"type":"Feature","geometry":{"type":"Point","coordinates":[13.5,13.4]},"properties":{"region":2,"fire_occurred":1,"prediction":0.3085}},{"type":"Feature","geometry":{"type":"Point","coordinates":[13.5,13.5]},"properties":{"region":2,"fire_occurred":1,"prediction":0.3507}},{"type":"Feature","geometry":{"type":"Point","coordinates":[13.5,13.6]},"properties":{"region":2,"fire_occurred":1,"prediction":0.2943}},{"type":"Feature","geometry":{"type":"Point","coordinates":[13.5,13.7]},"properties":{"region":2,"fire_occurred":1,"prediction":0.1669}},{"type":"Feature","geometry":{"type":"Point","coordinates":[13.6,11.0]},"properties":{"region":2,"fire_occurred":0,"prediction":0.1646}},{"type":"Feature","geometry":{"type":"Point","coordinates":[13.6,11.1]},"properties":{"region":2,"fire_occurred":0,"prediction":0.202}},{"type":"Feature","geometry":{"type":"Point","coordinates":[13.6,11.2]},"properties":{"region":2,"fire_occurred":0,"prediction":0.2119}},{"type":"Feature","geometry":{"type":"Point","coordinates":[13.6,11.4]},"properties":{"region":2,"fire_occurred":1,"prediction":0.1042}},{"type":"Feature","geometry":{"type":"Point","coordinates":[13.6,11.5]},"properties":{"region":2,"fire_occurred":1,"prediction":0.0492}},{"type":"Feature","geometry":{"type":"Point","coordinates":[13.6,11.6]},"properties":{"region":2,"fire_occurred":0,"prediction":0.1528}},{"type":"Feature","geometry":{"type":"Point","coordinates":[13.6,13.1]},"properties":{"region":2,"fire_occurred":0,"prediction":0.1615}},{"type":"Feature","geometry":{"type":"Point","coordinates":[13.6,13.4]},"properties":{"region":2,"fire_occurred":0,"prediction":0.2256}},{"type":"Feature","geometry":{"type":"Point","coordinates":[13.6,13.5]},"properties":{"region":2,"fire_occurred":1,"prediction":0.4823}},{"type":"Feature","geometry":{"type":"Point","coordinates":[13.6,13.6]},"properties":{"region":2,"fire_occurred":1,"prediction":0.272}},{"type":"Feature","geometry":{"type":"Point","coordinates":[13.6,13.7]},"properties":{"region":2,"fire_occurred":1,"prediction":0.0927}},{"type":"Feature","geometry":{"type":"Point","coordinates":[13.7,11.1]},"properties":{"region":2,"fire_occurred":0,"prediction":0.3649}},{"type":"Feature","geometry":{"type":"Point","coordinates":[13.7,11.2]},"properties":{"region":2,"fire_occurred":0,"prediction":0.2167}},{"type":"Feature","geometry":{"type":"Point","coordinates":[13.7,11.4]},"properties":{"region":2,"fire_occurred":0,"prediction":0.192}},{"type":"Feature","geometry":{"type":"Point","coordinates":[13.7,11.5]},"properties":{"region":2,"fire_occurred":0,"prediction":0.1067}},{"type":"Feature","geometry":{"type":"Point","coordinates":[13.7,11.6]},"properties":{"region":2,"fire_occurred":0,"prediction":0.1061}},{"type":"Feature","geometry":{"type":"Point","coordinates":[13.7,11.7]},"properties":{"region":2,"fire_occurred":1,"prediction":0.0503}},{"type":"Feature","geometry":{"type":"Point","coordinates":[13.7,13.0]},"properties":{"region":2,"fire_occurred":1,"prediction":0.194}},{"type":"Feature","geometry":{"type":"Point","coordinates":[13.7,13.3]},"properties":{"region":2,"fire_occurred":1,"prediction":0.1267}},{"type":"Feature","geometry":{"type":"Point","coordinates":[13.7,13.5]},"properties":{"region":2,"fire_occurred":0,"prediction":0.1659}},{"type":"Feature","geometry":{"type":"Point","coordinates":[13.7,13.6]},"properties":{"region":2,"fire_occurred":0,"prediction":0.2281}},{"type":"Feature","geometry":{"type":"Point","coordinates":[13.8,11.1]},"properties":{"region":2,"fire_occurred":1,"prediction":0.159}},{"type":"Feature","geometry":{"type":"Point","coordinates":[13.8,11.2]},"properties":{"region":2,"fire_occurred":0,"prediction":0.1244}},{"type":"Feature","geometry":{"type":"Point","coordinates":[13.8,11.3]},"properties":{"region":2,"fire_occurred":0,"prediction":0.1731}},{"type":"Feature","geometry":{"type":"Point","coordinates":[13.8,11.6]},"properties":{"region":2,"fire_occurred":0,"prediction":0.1321}},{"type":"Feature","geometry":{"type":"Point","coordinates":[13.8,11.7]},"properties":{"region":2,"fire_occurred":1,"prediction":0.0973}},{"type":"Feature","geometry":{"type":"Point","coordinates":[13.8,12.4]},"properties":{"region":2,"fire_occurred":0,"prediction":0.1122}},{"type":"Feature","geometry":{"type":"Point","coordinates":[13.8,12.5]},"properties":{"region":2,"fire_occurred":0,"prediction":0.1087}},{"type":"Feature","geometry":{"type":"Point","coordinates":[13.8,12.6]},"properties":{"region":2,"fire_occurred":0,"prediction":0.1654}},{"type":"Feature","geometry":{"type":"Point","coordinates":[13.8,12.7]},"properties":{"region":2,"fire_occurred":0,"prediction":0.1465}},{"type":"Feature","geometry":{"type":"Point","coordinates":[13.8,13.4]},"properties":{"region":2,"fire_occurred":0,"prediction":0.1694}},{"type":"Feature","geometry":{"type":"Point","coordinates":[13.8,13.7]},"properties":{"region":2,"fire_occurred":1,"prediction":0.0717}},{"type":"Feature","geometry":{"type":"Point","coordinates":[13.9,-12.3]},"properties":{"region":2,"fire_occurred":0,"prediction":0.1577}},{"type":"Feature","geometry":{"type":"Point","coordinates":[13.9,11.3]},"properties":{"region":2,"fire_occurred":0,"prediction":0.203}},{"type":"Feature","geometry":{"type":"Point","coordinates":[13.9,11.4]},"properties":{"region":2,"fire_occurred":0,"prediction":0.1403}},{"type":"Feature","geometry":{"type":"Point","coordinates":[13.9,11.6]},"properties":{"region":2,"fire_occurred":0,"prediction":0.1026}},{"type":"Feature","geometry":{"type":"Point","coordinates":[13.9,11.7]},"properties":{"region":2,"fire_occurred":1,"prediction":0.1501}},{"type":"Feature","geometry":{"type":"Point","coordinates":[13.9,11.8]},"properties":{"region":2,"fire_occurred":0,"prediction":0.1897}},{"type":"Feature","geometry":{"type":"Point","coordinates":[13.9,11.9]},"properties":{"region":2,"fire_occurred":0,"prediction":0.1546}},{"type":"Feature","geometry":{"type":"Point","coordinates":[13.9,12.4]},"properties":{"region":2,"fire_occurred":0,"prediction":0.1136}},{"type":"Feature","geometry":{"type":"Point","coordinates":[13.9,12.5]},"properties":{"region":2,"fire_occurred":0,"prediction":0.1301}},{"type":"Feature","geometry":{"type":"Point","coordinates":[13.9,12.6]},"properties":{"region":2,"fire_occurred":0,"prediction":0.151}},{"type":"Feature","geometry":{"type":"Point","coordinates":[13.9,13.7]},"properties":{"region":2,"fire_occurred":1,"prediction":0.0226}},{"type":"Feature","geometry":{"type":"Point","coordinates":[14.0,-10.8]},"properties":{"region":2,"fire_occurred":1,"prediction":0.0084}},{"type":"Feature","geometry":{"type":"Point","coordinates":[14.0,-10.3]},"properties":{"region":2,"fire_occurred":1,"prediction":0.0467}},{"type":"Feature","geometry":{"type":"Point","coordinates":[14.0,-9.6]},"properties":{"region":2,"fire_occurred":1,"prediction":0.0476}},{"type":"Feature","geometry":{"type":"Point","coordinates":[14.0,-8.7]},"properties":{"region":2,"fire_occurred":0,"prediction":0.1102}},{"type":"Feature","geometry":{"type":"Point","coordinates":[14.0,12.0]},"properties":{"region":2,"fire_occurred":1,"prediction":0.0335}},{"type":"Feature","geometry":{"type":"Point","coordinates":[14.0,12.1]},"properties":{"region":2,"fire_occurred":1,"prediction":0.0378}},{"type":"Feature","geometry":{"type":"Point","coordinates":[14.0,12.2]},"properties":{"region":2,"fire_occurred":0,"prediction":0.1039}},{"type":"Feature","geometry":{"type":"Point","coordinates":[14.0,12.5]},"properties":{"region":2,"fire_occurred":0,"prediction":0.2179}},{"type":"Feature","geometry":{"type":"Point","coordinates":[14.1,-8.8]},"properties":{"region":2,"fire_occurred":0,"prediction":0.1079}},{"type":"Feature","geometry":{"type":"Point","coordinates":[14.1,12.2]},"properties":{"region":2,"fire_occurred":0,"prediction":0.1126}},{"type":"Feature","geometry":{"type":"Point","coordinates":[14.1,12.5]},"properties":{"region":2,"fire_occurred":0,"prediction":0.2732}},{"type":"Feature","geometry":{"type":"Point","coordinates":[14.2,-10.3]},"properties":{"region":2,"fire_occurred":1,"prediction":0.0119}},{"type":"Feature","geometry":{"type":"Point","coordinates":[14.2,-9.3]},"properties":{"region":2,"fire_occurred":0,"prediction":0.1852}},{"type":"Feature","geometry":{"type":"Point","coordinates":[14.2,-9.2]},"properties":{"region":2,"fire_occurred":0,"prediction":0.1196}},{"type":"Feature","geometry":{"type":"Point","coordinates":[14.2,-8.7]},"properties":{"region":2,"fire_occurred":0,"prediction":0.1258}},{"type":"Feature","geometry":{"type":"Point","coordinates":[14.2,12.3]},"properties":{"region":2,"fire_occurred":0,"prediction":0.151}},{"type":"Feature","geometry":{"type":"Point","coordinates":[14.3,-10.2]},"properties":{"region":2,"fire_occurred":1,"prediction":0.0108}},{"type":"Feature","geometry":{"type":"Point","coordinates":[14.3,-9.5]},"properties":{"region":2,"fire_occurred":0,"prediction":0.1178}},{"type":"Feature","geometry":{"type":"Point","coordinates":[14.3,-9.4]},"properties":{"region":2,"fire_occurred":0,"prediction":0.1427}},{"type":"Feature","geometry":{"type":"Point","coordinates":[14.3,-9.3]},"properties":{"region":2,"fire_occurred":0,"prediction":0.1025}},{"type":"Feature","geometry":{"type":"Point","coordinates":[14.3,-8.7]},"properties":{"region":2,"fire_occurred":0,"prediction":0.138}},{"type":"Feature","geometry":{"type":"Point","coordinates":[14.3,-8.6]},"properties":{"region":2,"fire_occurred":0,"prediction":0.1156}},{"type":"Feature","geometry":{"type":"Point","coordinates":[14.4,-9.3]},"properties":{"region":2,"fire_occurred":0,"prediction":0.1046}},{"type":"Feature","geometry":{"type":"Point","coordinates":[15.0,11.7]},"properties":{"region":2,"fire_occurred":0,"prediction":0.3961}},{"type":"Feature","geometry":{"type":"Point","coordinates":[15.0,11.8]},"properties":{"region":2,"fire_occurred":0,"prediction":0.1159}},{"type":"Feature","geometry":{"type":"Point","coordinates":[15.0,13.2]},"properties":{"region":2,"fire_occurred":1,"prediction":0.0147}},{"type":"Feature","geometry":{"type":"Point","coordinates":[15.1,11.6]},"properties":{"region":2,"fire_occurred":0,"prediction":0.1237}},{"type":"Feature","geometry":{"type":"Point","coordinates":[15.4,11.0]},"properties":{"region":2,"fire_occurred":0,"prediction":0.1283}},{"type":"Feature","geometry":{"type":"Point","coordinates":[15.5,11.0]},"properties":{"region":2,"fire_occurred":0,"prediction":0.248}},{"type":"Feature","geometry":{"type":"Point","coordinates":[15.6,11.2]},"properties":{"region":2,"fire_occurred":1,"prediction":0.0302}},{"type":"Feature","geometry":{"type":"Point","coordinates":[15.6,11.3]},"properties":{"region":2,"fire_occurred":0,"prediction":0.1409}},{"type":"Feature","geometry":{"type":"Point","coordinates":[15.6,11.4]},"properties":{"region":2,"fire_occurred":0,"prediction":0.1249}},{"type":"Feature","geometry":{"type":"Point","coordinates":[16.0,-22.1]},"properties":{"region":2,"fire_occurred":1,"prediction":0.0044}},{"type":"Feature","geometry":{"type":"Point","coordinates":[16.7,12.1]},"properties":{"region":2,"fire_occurred":1,"prediction":0.001}},{"type":"Feature","geometry":{"type":"Point","coordinates":[16.8,11.0]},"properties":{"region":2,"fire_occurred":1,"prediction":0.0258}},{"type":"Feature","geometry":{"type":"Point","coordinates":[16.8,11.3]},"properties":{"region":2,"fire_occurred":1,"prediction":0.0061}},{"type":"Feature","geometry":{"type":"Point","coordinates":[16.8,11.4]},"properties":{"region":2,"fire_occurred":1,"prediction":0.0064}},{"type":"Feature","geometry":{"type":"Point","coordinates":[17.0,-22.4]},"properties":{"region":2,"fire_occurred":0,"prediction":0.1684}},{"type":"Feature","geometry":{"type":"Point","coordinates":[17.1,-23.1]},"properties":{"region":2,"fire_occurred":1,"prediction":0.0028}},{"type":"Feature","geometry":{"type":"Point","coordinates":[17.1,-22.4]},"properties":{"region":2,"fire_occurred":1,"prediction":0.0044}},{"type":"Feature","geometry":{"type":"Point","coordinates":[17.4,-21.2]},"properties":{"region":2,"fire_occurred":1,"prediction":0.0067}},{"type":"Feature","geometry":{"type":"Point","coordinates":[17.5,-19.9]},"properties":{"region":2,"fire_occurred":0,"prediction":0.1026}},{"type":"Feature","geometry":{"type":"Point","coordinates":[17.7,13.0]},"properties":{"region":2,"fire_occurred":1,"prediction":0.004}},{"type":"Feature","geometry":{"type":"Point","coordinates":[18.1,-22.6]},"properties":{"region":2,"fire_occurred":0,"prediction":0.2167}},{"type":"Feature","geometry":{"type":"Point","coordinates":[19.3,-23.3]},"properties":{"region":2,"fire_occurred":1,"prediction":0.1}},{"type":"Feature","geometry":{"type":"Point","coordinates":[19.3,-23.2]},"properties":{"region":2,"fire_occurred":1,"prediction":0.002}},{"type":"Feature","geometry":{"type":"Point","coordinates":[19.4,-23.4]},"properties":{"region":2,"fire_occurred":1,"prediction":0.0352}},{"type":"Feature","geometry":{"type":"Point","coordinates":[19.4,-23.3]},"properties":{"region":2,"fire_occurred":1,"prediction":0.0729}},{"type":"Feature","geometry":{"type":"Point","coordinates":[19.5,-23.4]},"properties":{"region":2,"fire_occurred":1,"prediction":0.007}},{"type":"Feature","geometry":{"type":"Point","coordinates":[19.5,-23.3]},"properties":{"region":2,"fire_occurred":1,"prediction":0.0049}},{"type":"Feature","geometry":{"type":"Point","coordinates":[19.5,12.1]},"properties":{"region":2,"fire_occurred":1,"prediction":0.0118}},{"type":"Feature","geometry":{"type":"Point","coordinates":[19.6,12.0]},"properties":{"region":2,"fire_occurred":1,"prediction":0.1568}},{"type":"Feature","geometry":{"type":"Point","coordinates":[19.6,30.3]},"properties":{"region":2,"fire_occurred":0,"prediction":0.2313}},{"type":"Feature","geometry":{"type":"Point","coordinates":[19.7,12.0]},"properties":{"region":2,"fire_occurred":1,"prediction":0.1789}},{"type":"Feature","geometry":{"type":"Point","coordinates":[19.7,12.2]},"properties":{"region":2,"fire_occurred":0,"prediction":0.2399}},{"type":"Feature","geometry":{"type":"Point","coordinates":[19.7,12.3]},"properties":{"region":2,"fire_occurred":1,"prediction":0.0179}},{"type":"Feature","geometry":{"type":"Point","coordinates":[19.7,28.9]},"properties":{"region":2,"fire_occurred":1,"prediction":0.9477}},{"type":"Feature","geometry":{"type":"Point","coordinates":[19.8,12.0]},"properties":{"region":2,"fire_occurred":0,"prediction":0.2002}},{"type":"Feature","geometry":{"type":"Point","coordinates":[19.9,12.0]},"properties":{"region":2,"fire_occurred":1,"prediction":0.1372}},{"type":"Feature","geometry":{"type":"Point","coordinates":[20.0,11.1]},"properties":{"region":2,"fire_occurred":1,"prediction":0.0081}},{"type":"Feature","geometry":{"type":"Point","coordinates":[20.0,11.4]},"properties":{"region":2,"fire_occurred":0,"prediction":0.1438}},{"type":"Feature","geometry":{"type":"Point","coordinates":[20.0,11.8]},"properties":{"region":2,"fire_occurred":1,"prediction":0.1299}},{"type":"Feature","geometry":{"type":"Point","coordinates":[20.0,11.9]},"properties":{"region":2,"fire_occurred":0,"prediction":0.2645}},{"type":"Feature","geometry":{"type":"Point","coordinates":[20.0,12.0]},"properties":{"region":2,"fire_occurred":0,"prediction":0.1416}},{"type":"Feature","geometry":{"type":"Point","coordinates":[20.0,12.4]},"properties":{"region":2,"fire_occurred":0,"prediction":0.1132}},{"type":"Feature","geometry":{"type":"Point","coordinates":[20.1,11.4]},"properties":{"region":2,"fire_occurred":1,"prediction":0.1017}},{"type":"Feature","geometry":{"type":"Point","coordinates":[20.1,11.5]},"properties":{"region":2,"fire_occurred":1,"prediction":0.013}},{"type":"Feature","geometry":{"type":"Point","coordinates":[20.1,11.7]},"properties":{"region":2,"fire_occurred":1,"prediction":0.1489}},{"type":"Feature","geometry":{"type":"Point","coordinates":[20.1,11.8]},"properties":{"region":2,"fire_occurred":0,"prediction":0.1495}},{"type":"Feature","geometry":{"type":"Point","coordinates":[20.1,11.9]},"properties":{"region":2,"fire_occurred":0,"prediction":0.1847}},{"type":"Feature","geometry":{"type":"Point","coordinates":[20.1,12.0]},"properties":{"region":2,"fire_occurred":0,"prediction":0.2021}},{"type":"Feature","geometry":{"type":"Point","coordinates":[20.2,11.3]},"properties":{"region":2,"fire_occurred":1,"prediction":0.1835}},{"type":"Feature","geometry":{"type":"Point","coordinates":[20.2,11.4]},"properties":{"region":2,"fire_occurred":0,"prediction":0.2261}},{"type":"Feature","geometry":{"type":"Point","coordinates":[20.2,11.5]},"properties":{"region":2,"fire_occurred":1,"prediction":0.0668}},{"type":"Feature","geometry":{"type":"Point","coordinates":[20.2,11.6]},"properties":{"region":2,"fire_occurred":1,"prediction":0.2563}},{"type":"Feature","geometry":{"type":"Point","coordinates":[20.2,11.7]},"properties":{"region":2,"fire_occurred":0,"prediction":0.1172}},{"type":"Feature","geometry":{"type":"Point","coordinates":[20.2,11.8]},"properties":{"region":2,"fire_occurred":0,"prediction":0.1949}},{"type":"Feature","geometry":{"type":"Point","coordinates":[20.2,11.9]},"properties":{"region":2,"fire_occurred":0,"prediction":0.1028}},{"type":"Feature","geometry":{"type":"Point","coordinates":[20.2,12.1]},"properties":{"region":2,"fire_occurred":0,"prediction":0.1274}},{"type":"Feature","geometry":{"type":"Point","coordinates":[20.2,12.2]},"properties":{"region":2,"fire_occurred":0,"prediction":0.1658}},{"type":"Feature","geometry":{"type":"Point","coordinates":[20.2,12.3]},"properties":{"region":2,"fire_occurred":0,"prediction":0.1069}},{"type":"Feature","geometry":{"type":"Point","coordinates":[20.2,12.4]},"properties":{"region":2,"fire_occurred":0,"prediction":0.1234}},{"type":"Feature","geometry":{"type":"Point","coordinates":[20.3,-17.3]},"properties":{"region":2,"fire_occurred":1,"prediction":0.002}},{"type":"Feature","geometry":{"type":"Point","coordinates":[20.3,11.3]},"properties":{"region":2,"fire_occurred":0,"prediction":0.1667}},{"type":"Feature","geometry":{"type":"Point","coordinates":[20.3,11.5]},"properties":{"region":2,"fire_occurred":0,"prediction":0.1022}},{"type":"Feature","geometry":{"type":"Point","coordinates":[20.3,11.6]},"properties":{"region":2,"fire_occurred":0,"prediction":0.1973}},{"type":"Feature","geometry":{"type":"Point","coordinates":[20.3,11.7]},"properties":{"region":2,"fire_occurred":0,"prediction":0.2229}},{"type":"Feature","geometry":{"type":"Point","coordinates":[20.3,11.8]},"properties":{"region":2,"fire_occurred":1,"prediction":0.1339}},{"type":"Feature","geometry":{"type":"Point","coordinates":[20.3,11.9]},"properties":{"region":2,"fire_occurred":0,"prediction":0.1626}},{"type":"Feature","geometry":{"type":"Point","coordinates":[20.3,12.0]},"properties":{"region":2,"fire_occurred":0,"prediction":0.1142}},{"type":"Feature","geometry":{"type":"Point","coordinates":[20.3,12.1]},"properties":{"region":2,"fire_occurred":0,"prediction":0.1074}},{"type":"Feature","geometry":{"type":"Point","coordinates":[20.3,12.2]},"properties":{"region":2,"fire_occurred":0,"prediction":0.1712}},{"type":"Feature","geometry":{"type":"Point","coordinates":[20.3,12.3]},"properties":{"region":2,"fire_occurred":1,"prediction":0.1854}},{"type":"Feature","geometry":{"type":"Point","coordinates":[20.3,12.4]},"properties":{"region":2,"fire_occurred":0,"prediction":0.1398}},{"type":"Feature","geometry":{"type":"Point","coordinates":[20.4,11.4]},"properties":{"region":2,"fire_occurred":0,"prediction":0.1561}},{"type":"Feature","geometry":{"type":"Point","coordinates":[20.4,11.9]},"properties":{"region":2,"fire_occurred":0,"prediction":0.1595}},{"type":"Feature","geometry":{"type":"Point","coordinates":[20.4,12.0]},"properties":{"region":2,"fire_occurred":1,"prediction":0.1908}},{"type":"Feature","geometry":{"type":"Point","coordinates":[20.4,12.2]},"properties":{"region":2,"fire_occurred":1,"prediction":0.1337}},{"type":"Feature","geometry":{"type":"Point","coordinates":[20.5,11.0]},"properties":{"region":2,"fire_occurred":1,"prediction":0.27}},{"type":"Feature","geometry":{"type":"Point","coordinates":[20.5,11.3]},"properties":{"region":2,"fire_occurred":1,"prediction":0.0675}},{"type":"Feature","geometry":{"type":"Point","coordinates":[20.5,11.4]},"properties":{"region":2,"fire_occurred":0,"prediction":0.1839}},{"type":"Feature","geometry":{"type":"Point","coordinates":[20.5,11.5]},"properties":{"region":2,"fire_occurred":1,"prediction":0.1447}},{"type":"Feature","geometry":{"type":"Point","coordinates":[20.5,11.6]},"properties":{"region":2,"fire_occurred":1,"prediction":0.1206}},{"type":"Feature","geometry":{"type":"Point","coordinates":[20.5,11.8]},"properties":{"region":2,"fire_occurred":0,"prediction":0.1169}},{"type":"Feature","geometry":{"type":"Point","coordinates":[20.5,11.9]},"properties":{"region":2,"fire_occurred":1,"prediction":0.0798}},{"type":"Feature","geometry":{"type":"Point","coordinates":[20.5,12.0]},"properties":{"region":2,"fire_occurred":0,"prediction":0.1405}},{"type":"Feature","geometry":{"type":"Point","coordinates":[20.6,11.0]},"properties":{"region":2,"fire_occurred":0,"prediction":0.1132}},{"type":"Feature","geometry":{"type":"Point","coordinates":[20.6,11.1]},"properties":{"region":2,"fire_occurred":0,"prediction":0.1254}},{"type":"Feature","geometry":{"type":"Point","coordinates":[20.6,11.2]},"properties":{"region":2,"fire_occurred":1,"prediction":0.0918}},{"type":"Feature","geometry":{"type":"Point","coordinates":[20.6,11.3]},"properties":{"region":2,"fire_occurred":0,"prediction":0.1124}},{"type":"Feature","geometry":{"type":"Point","coordinates":[20.6,11.5]},"properties":{"region":2,"fire_occurred":1,"prediction":0.1311}},{"type":"Feature","geometry":{"type":"Point","coordinates":[20.6,11.6]},"properties":{"region":2,"fire_occurred":1,"prediction":0.1671}},{"type":"Feature","geometry":{"type":"Point","coordinates":[20.6,11.7]},"properties":{"region":2,"fire_occurred":0,"prediction":0.2629}},{"type":"Feature","geometry":{"type":"Point","coordinates":[20.6,11.8]},"properties":{"region":2,"fire_occurred":1,"prediction":0.1963}},{"type":"Feature","geometry":{"type":"Point","coordinates":[20.6,11.9]},"properties":{"region":2,"fire_occurred":1,"prediction":0.1233}},{"type":"Feature","geometry":{"type":"Point","coordinates":[20.7,11.0]},"properties":{"region":2,"fire_occurred":0,"prediction":0.1464}},{"type":"Feature","geometry":{"type":"Point","coordinates":[20.7,11.2]},"properties":{"region":2,"fire_occurred":0,"prediction":0.128}},{"type":"Feature","geometry":{"type":"Point","coordinates":[20.7,11.3]},"properties":{"region":2,"fire_occurred":0,"prediction":0.1065}},{"type":"Feature","geometry":{"type":"Point","coordinates":[20.7,11.4]},"properties":{"region":2,"fire_occurred":1,"prediction":0.1356}},{"type":"Feature","geometry":{"type":"Point","coordinates":[20.7,11.5]},"properties":{"region":2,"fire_occurred":1,"prediction":0.212}},{"type":"Feature","geometry":{"type":"Point","coordinates":[20.7,11.6]},"properties":{"region":2,"fire_occurred":1,"prediction":0.2129}},{"type":"Feature","geometry":{"type":"Point","coordinates":[20.7,11.9]},"properties":{"region":2,"fire_occurred":1,"prediction":0.2597}},{"type":"Feature","geometry":{"type":"Point","coordinates":[20.7,29.0]},"properties":{"region":2,"fire_occurred":0,"prediction":0.2741}},{"type":"Feature","geometry":{"type":"Point","coordinates":[20.8,11.3]},"properties":{"region":2,"fire_occurred":0,"prediction":0.1203}},{"type":"Feature","geometry":{"type":"Point","coordinates":[20.8,11.4]},"properties":{"region":2,"fire_occurred":0,"prediction":0.2398}},{"type":"Feature","geometry":{"type":"Point","coordinates":[20.8,11.5]},"properties":{"region":2,"fire_occurred":0,"prediction":0.1776}},{"type":"Feature","geometry":{"type":"Point","coordinates":[20.8,11.6]},"properties":{"region":2,"fire_occurred":1,"prediction":0.3538}},{"type":"Feature","geometry":{"type":"Point","coordinates":[20.8,11.7]},"properties":{"region":2,"fire_occurred":0,"prediction":0.1249}},{"type":"Feature","geometry":{"type":"Point","coordinates":[20.8,12.0]},"properties":{"region":2,"fire_occurred":0,"prediction":0.1076}},{"type":"Feature","geometry":{"type":"Point","coordinates":[20.8,12.1]},"properties":{"region":2,"fire_occurred":0,"prediction":0.1194}},{"type":"Feature","geometry":{"type":"Point","coordinates":[20.9,11.5]},"properties":{"region":2,"fire_occurred":0,"prediction":0.3198}},{"type":"Feature","geometry":{"type":"Point","coordinates":[20.9,11.6]},"properties":{"region":2,"fire_occurred":0,"prediction":0.2029}},{"type":"Feature","geometry":{"type":"Point","coordinates":[20.9,11.7]},"properties":{"region":2,"fire_occurred":0,"prediction":0.2444}},{"type":"Feature","geometry":{"type":"Point","coordinates":[20.9,11.8]},"properties":{"region":2,"fire_occurred":0,"prediction":0.1173}},{"type":"Feature","geometry":{"type":"Point","coordinates":[20.9,11.9]},"properties":{"region":2,"fire_occurred":0,"prediction":0.1057}},{"type":"Feature","geometry":{"type":"Point","coordinates":[20.9,13.5]},"properties":{"region":2,"fire_occurred":1,"prediction":0.0028}},{"type":"Feature","geometry":{"type":"Point","coordinates":[20.9,28.9]},"properties":{"region":2,"fire_occurred":1,"prediction":0.4564}},{"type":"Feature","geometry":{"type":"Point","coordinates":[21.0,11.4]},"properties":{"region":2,"fire_occurred":1,"prediction":0.1538}},{"type":"Feature","geometry":{"type":"Point","coordinates":[21.0,11.5]},"properties":{"region":2,"fire_occurred":1,"prediction":0.1335}},{"type":"Feature","geometry":{"type":"Point","coordinates":[21.0,11.7]},"properties":{"region":2,"fire_occurred":0,"prediction":0.1559}},{"type":"Feature","geometry":{"type":"Point","coordinates":[21.0,11.8]},"properties":{"region":2,"fire_occurred":0,"prediction":0.2375}},{"type":"Feature","geometry":{"type":"Point","coordinates":[21.0,11.9]},"properties":{"region":2,"fire_occurred":0,"prediction":0.1859}},{"type":"Feature","geometry":{"type":"Point","coordinates":[21.0,12.0]},"properties":{"region":2,"fire_occurred":0,"prediction":0.1323}},{"type":"Feature","geometry":{"type":"Point","coordinates":[21.1,11.6]},"properties":{"region":2,"fire_occurred":0,"prediction":0.1178}},{"type":"Feature","geometry":{"type":"Point","coordinates":[21.1,11.7]},"properties":{"region":2,"fire_occurred":1,"prediction":0.2137}},{"type":"Feature","geometry":{"type":"Point","coordinates":[21.1,11.8]},"properties":{"region":2,"fire_occurred":0,"prediction":0.4607}},{"type":"Feature","geometry":{"type":"Point","coordinates":[21.1,12.0]},"properties":{"region":2,"fire_occurred":0,"prediction":0.2583}},{"type":"Feature","geometry":{"type":"Point","coordinates":[21.2,11.2]},"properties":{"region":2,"fire_occurred":1,"prediction":0.0723}},{"type":"Feature","geometry":{"type":"Point","coordinates":[21.2,11.4]},"properties":{"region":2,"fire_occurred":1,"prediction":0.0951}},{"type":"Feature","geometry":{"type":"Point","coordinates":[21.2,11.5]},"properties":{"region":2,"fire_occurred":1,"prediction":0.1669}},{"type":"Feature","geometry":{"type":"Point","coordinates":[21.2,11.7]},"properties":{"region":2,"fire_occurred":0,"prediction":0.196}},{"type":"Feature","geometry":{"type":"Point","coordinates":[21.2,12.0]},"properties":{"region":2,"fire_occurred":0,"prediction":0.2429}},{"type":"Feature","geometry":{"type":"Point","coordinates":[21.3,11.1]},"properties":{"region":2,"fire_occurred":0,"prediction":0.1421}},{"type":"Feature","geometry":{"type":"Point","coordinates":[21.3,11.3]},"properties":{"region":2,"fire_occurred":0,"prediction":0.3166}},{"type":"Feature","geometry":{"type":"Point","coordinates":[21.3,11.4]},"properties":{"region":2,"fire_occurred":1,"prediction":0.3115}},{"type":"Feature","geometry":{"type":"Point","coordinates":[21.3,11.5]},"properties":{"region":2,"fire_occurred":1,"prediction":0.3612}},{"type":"Feature","geometry":{"type":"Point","coordinates":[21.4,11.0]},"properties":{"region":2,"fire_occurred":0,"prediction":0.1012}},{"type":"Feature","geometry":{"type":"Point","coordinates":[21.4,11.1]},"properties":{"region":2,"fire_occurred":0,"prediction":0.1706}},{"type":"Feature","geometry":{"type":"Point","coordinates":[21.4,11.6]},"properties":{"region":2,"fire_occurred":1,"prediction":0.0111}},{"type":"Feature","geometry":{"type":"Point","coordinates":[21.5,11.0]},"properties":{"region":2,"fire_occurred":0,"prediction":0.2822}},{"type":"Feature","geometry":{"type":"Point","coordinates":[21.5,11.2]},"properties":{"region":2,"fire_occurred":1,"prediction":0.0273}},{"type":"Feature","geometry":{"type":"Point","coordinates":[21.5,11.5]},"properties":{"region":2,"fire_occurred":0,"prediction":0.1009}},{"type":"Feature","geometry":{"type":"Point","coordinates":[21.5,11.6]},"properties":{"region":2,"fire_occurred":0,"prediction":0.1252}},{"type":"Feature","geometry":{"type":"Point","coordinates":[21.6,11.0]},"properties":{"region":2,"fire_occurred":0,"prediction":0.1612}},{"type":"Feature","geometry":{"type":"Point","coordinates":[21.6,11.1]},"properties":{"region":2,"fire_occurred":0,"prediction":0.1575}},{"type":"Feature","geometry":{"type":"Point","coordinates":[21.6,11.2]},"properties":{"region":2,"fire_occurred":1,"prediction":0.0363}},{"type":"Feature","geometry":{"type":"Point","coordinates":[21.6,11.4]},"properties":{"region":2,"fire_occurred":1,"prediction":0.0672}},{"type":"Feature","geometry":{"type":"Point","coordinates":[21.6,11.6]},"properties":{"region":2,"fire_occurred":0,"prediction":0.1021}},{"type":"Feature","geometry":{"type":"Point","coordinates":[21.7,11.0]},"properties":{"region":2,"fire_occurred":0,"prediction":0.1253}},{"type":"Feature","geometry":{"type":"Point","coordinates":[21.7,11.1]},"properties":{"region":2,"fire_occurred":0,"prediction":0.2289}},{"type":"Feature","geometry":{"type":"Point","coordinates":[21.7,11.2]},"properties":{"region":2,"fire_occurred":1,"prediction":0.0456}},{"type":"Feature","geometry":{"type":"Point","coordinates":[21.7,11.3]},"properties":{"region":2,"fire_occurred":0,"prediction":0.1251}},{"type":"Feature","geometry":{"type":"Point","coordinates":[21.7,11.4]},"properties":{"region":2,"fire_occurred":1,"prediction":0.1257}},{"type":"Feature","geometry":{"type":"Point","coordinates":[21.7,11.5]},"properties":{"region":2,"fire_occurred":1,"prediction":0.1323}},{"type":"Feature","geometry":{"type":"Point","coordinates":[21.8,-16.2]},"properties":{"region":2,"fire_occurred":1,"prediction":0.0249}},{"type":"Feature","geometry":{"type":"Point","coordinates":[21.8,11.0]},"properties":{"region":2,"fire_occurred":0,"prediction":0.1467}},{"type":"Feature","geometry":{"type":"Point","coordinates":[21.8,11.1]},"properties":{"region":2,"fire_occurred":1,"prediction":0.1845}},{"type":"Feature","geometry":{"type":"Point","coordinates":[21.8,11.2]},"properties":{"region":2,"fire_occurred":0,"prediction":0.2448}},{"type":"Feature","geometry":{"type":"Point","coordinates":[21.8,11.4]},"properties":{"region":2,"fire_occurred":0,"prediction":0.1948}},{"type":"Feature","geometry":{"type":"Point","coordinates":[21.9,-16.2]},"properties":{"region":2,"fire_occurred":1,"prediction":0.008}},{"type":"Feature","geometry":{"type":"Point","coordinates":[21.9,11.0]},"properties":{"region":2,"fire_occurred":0,"prediction":0.2246}},{"type":"Feature","geometry":{"type":"Point","coordinates":[21.9,11.1]},"properties":{"region":2,"fire_occurred":0,"prediction":0.3599}},{"type":"Feature","geometry":{"type":"Point","coordinates":[21.9,11.2]},"properties":{"region":2,"fire_occurred":1,"prediction":0.2604}},{"type":"Feature","geometry":{"type":"Point","coordinates":[21.9,11.3]},"properties":{"region":2,"fire_occurred":1,"prediction":0.1512}},{"type":"Feature","geometry":{"type":"Point","coordinates":[21.9,11.8]},"properties":{"region":2,"fire_occurred":0,"prediction":0.119}},{"type":"Feature","geometry":{"type":"Point","coordinates":[21.9,13.0]},"properties":{"region":2,"fire_occurred":1,"prediction":0.0025}},{"type":"Feature","geometry":{"type":"Point","coordinates":[22.0,-16.5]},"properties":{"region":2,"fire_occurred":1,"prediction":0.0109}},{"type":"Feature","geometry":{"type":"Point","coordinates":[22.0,11.0]},"properties":{"region":2,"fire_occurred":0,"prediction":0.2215}},{"type":"Feature","geometry":{"type":"Point","coordinates":[22.0,11.1]},"properties":{"region":2,"fire_occurred":0,"prediction":0.1791}},{"type":"Feature","geometry":{"type":"Point","coordinates":[22.0,11.5]},"properties":{"region":2,"fire_occurred":0,"prediction":0.1228}},{"type":"Feature","geometry":{"type":"Point","coordinates":[22.1,11.0]},"properties":{"region":2,"fire_occurred":1,"prediction":0.1763}},{"type":"Feature","geometry":{"type":"Point","coordinates":[22.1,11.1]},"properties":{"region":2,"fire_occurred":0,"prediction":0.1194}},{"type":"Feature","geometry":{"type":"Point","coordinates":[22.1,11.2]},"properties":{"region":2,"fire_occurred":0,"prediction":0.1249}},{"type":"Feature","geometry":{"type":"Point","coordinates":[22.2,-25.9]},"properties":{"region":2,"fire_occurred":1,"prediction":0.0245}},{"type":"Feature","geometry":{"type":"Point","coordinates":[22.2,11.0]},"properties":{"region":2,"fire_occurred":0,"prediction":0.1549}},{"type":"Feature","geometry":{"type":"Point","coordinates":[22.2,11.1]},"properties":{"region":2,"fire_occurred":0,"prediction":0.2179}},{"type":"Feature","geometry":{"type":"Point","coordinates":[22.3,11.7]},"properties":{"region":2,"fire_occurred":0,"prediction":0.1145}},{"type":"Feature","geometry":{"type":"Point","coordinates":[22.3,27.9]},"properties":{"region":2,"fire_occurred":1,"prediction":0.616}},{"type":"Feature","geometry":{"type":"Point","coordinates":[22.4,-19.1]},"properties":{"region":2,"fire_occurred":1,"prediction":0.0608}},{"type":"Feature","geometry":{"type":"Point","coordinates":[22.4,-19.0]},"properties":{"region":2,"fire_occurred":1,"prediction":0.0503}},{"type":"Feature","geometry":{"type":"Point","coordinates":[22.4,27.6]},"properties":{"region":2,"fire_occurred":0,"prediction":0.5779}},{"type":"Feature","geometry":{"type":"Point","coordinates":[22.5,27.6]},"properties":{"region":2,"fire_occurred":0,"prediction":0.3928}},{"type":"Feature","geometry":{"type":"Point","coordinates":[22.6,11.1]},"properties":{"region":2,"fire_occurred":1,"prediction":0.1003}},{"type":"Feature","geometry":{"type":"Point","coordinates":[22.8,14.0]},"properties":{"region":2,"fire_occurred":0,"prediction":0.1007}},{"type":"Feature","geometry":{"type":"Point","coordinates":[22.8,14.1]},"properties":{"region":2,"fire_occurred":1,"prediction":0.0315}},{"type":"Feature","geometry":{"type":"Point","coordinates":[22.9,-23.8]},"properties":{"region":2,"fire_occurred":1,"prediction":0.0004}},{"type":"Feature","geometry":{"type":"Point","coordinates":[23.0,-15.7]},"properties":{"region":2,"fire_occurred":1,"prediction":0.0202}},{"type":"Feature","geometry":{"type":"Point","coordinates":[23.0,-15.5]},"properties":{"region":2,"fire_occurred":1,"prediction":0.0617}},{"type":"Feature","geometry":{"type":"Point","coordinates":[23.0,10.0]},"properties":{"region":2,"fire_occurred":1,"prediction":0.3377}},{"type":"Feature","geometry":{"type":"Point","coordinates":[23.0,10.1]},"properties":{"region":2,"fire_occurred":0,"prediction":0.1922}},{"type":"Feature","geometry":{"type":"Point","coordinates":[23.0,10.2]},"properties":{"region":2,"fire_occurred":0,"prediction":0.2924}},{"type":"Feature","geometry":{"type":"Point","coordinates":[23.0,10.3]},"properties":{"region":2,"fire_occurred":0,"prediction":0.1989}},{"type":"Feature","geometry":{"type":"Point","coordinates":[23.0,10.5]},"properties":{"region":2,"fire_occurred":0,"prediction":0.2102}},{"type":"Feature","geometry":{"type":"Point","coordinates":[23.1,10.0]},"properties":{"region":2,"fire_occurred":0,"prediction":0.102}},{"type":"Feature","geometry":{"type":"Point","coordinates":[23.1,10.1]},"properties":{"region":2,"fire_occurred":0,"prediction":0.1657}},{"type":"Feature","geometry":{"type":"Point","coordinates":[23.1,10.2]},"properties":{"region":2,"fire_occurred":0,"prediction":0.2206}},{"type":"Feature","geometry":{"type":"Point","coordinates":[23.1,10.3]},"properties":{"region":2,"fire_occurred":0,"prediction":0.1631}},{"type":"Feature","geometry":{"type":"Point","coordinates":[23.1,10.4]},"properties":{"region":2,"fire_occurred":0,"prediction":0.3059}},{"type":"Feature","geometry":{"type":"Point","coordinates":[23.1,10.5]},"properties":{"region":2,"fire_occurred":1,"prediction":0.1152}},{"type":"Feature","geometry":{"type":"Point","coordinates":[23.1,10.6]},"properties":{"region":2,"fire_occurred":0,"prediction":0.1275}},{"type":"Feature","geometry":{"type":"Point","coordinates":[23.1,10.9]},"properties":{"region":2,"fire_occurred":1,"prediction":0.0039}},{"type":"Feature","geometry":{"type":"Point","coordinates":[23.2,-16.1]},"properties":{"region":2,"fire_occurred":0,"prediction":0.1405}},{"type":"Feature","geometry":{"type":"Point","coordinates":[23.2,-16.0]},"properties":{"region":2,"fire_occurred":1,"prediction":0.0193}},{"type":"Feature","geometry":{"type":"Point","coordinates":[23.2,10.1]},"properties":{"region":2,"fire_occurred":0,"prediction":0.1007}},{"type":"Feature","geometry":{"type":"Point","coordinates":[23.2,10.2]},"properties":{"region":2,"fire_occurred":0,"prediction":0.1982}},{"type":"Feature","geometry":{"type":"Point","coordinates":[23.2,10.3]},"properties":{"region":2,"fire_occurred":1,"prediction":0.1625}},{"type":"Feature","geometry":{"type":"Point","coordinates":[23.2,10.9]},"properties":{"region":2,"fire_occurred":1,"prediction":0.0035}},{"type":"Feature","geometry":{"type":"Point","coordinates":[23.3,10.0]},"properties":{"region":2,"fire_occurred":1,"prediction":0.2569}},{"type":"Feature","geometry":{"type":"Point","coordinates":[23.3,10.1]},"properties":{"region":2,"fire_occurred":0,"prediction":0.2009}},{"type":"Feature","geometry":{"type":"Point","coordinates":[23.3,10.2]},"properties":{"region":2,"fire_occurred":1,"prediction":0.2652}},{"type":"Feature","geometry":{"type":"Point","coordinates":[23.3,10.3]},"properties":{"region":2,"fire_occurred":0,"prediction":0.1114}},{"type":"Feature","geometry":{"type":"Point","coordinates":[23.3,10.6]},"properties":{"region":2,"fire_occurred":1,"prediction":0.0659}},{"type":"Feature","geometry":{"type":"Point","coordinates":[23.3,10.7]},"properties":{"region":2,"fire_occurred":1,"prediction":0.0088}},{"type":"Feature","geometry":{"type":"Point","coordinates":[23.4,-19.2]},"properties":{"region":2,"fire_occurred":1,"prediction":0.0042}},{"type":"Feature","geometry":{"type":"Point","coordinates":[23.4,-19.1]},"properties":{"region":2,"fire_occurred":1,"prediction":0.0316}},{"type":"Feature","geometry":{"type":"Point","coordinates":[23.4,10.0]},"properties":{"region":2,"fire_occurred":0,"prediction":0.1697}},{"type":"Feature","geometry":{"type":"Point","coordinates":[23.4,10.1]},"properties":{"region":2,"fire_occurred":1,"prediction":0.0654}},{"type":"Feature","geometry":{"type":"Point","coordinates":[23.4,10.2]},"properties":{"region":2,"fire_occurred":0,"prediction":0.1501}},{"type":"Feature","geometry":{"type":"Point","coordinates":[23.4,10.7]},"properties":{"region":2,"fire_occurred":0,"prediction":0.1862}},{"type":"Feature","geometry":{"type":"Point","coordinates":[23.4,10.8]},"properties":{"region":2,"fire_occurred":1,"prediction":0.007}},{"type":"Feature","geometry":{"type":"Point","coordinates":[23.4,11.1]},"properties":{"region":2,"fire_occurred":1,"prediction":0.0089}},{"type":"Feature","geometry":{"type":"Point","coordinates":[23.4,11.4]},"properties":{"region":2,"fire_occurred":1,"prediction":0.0244}},{"type":"Feature","geometry":{"type":"Point","coordinates":[23.5,-16.7]},"properties":{"region":2,"fire_occurred":1,"prediction":0.0041}},{"type":"Feature","geometry":{"type":"Point","coordinates":[23.5,10.1]},"properties":{"region":2,"fire_occurred":1,"prediction":0.02}},{"type":"Feature","geometry":{"type":"Point","coordinates":[23.5,10.2]},"properties":{"region":2,"fire_occurred":1,"prediction":0.0324}},{"type":"Feature","geometry":{"type":"Point","coordinates":[23.5,10.3]},"properties":{"region":2,"fire_occurred":0,"prediction":0.1514}},{"type":"Feature","geometry":{"type":"Point","coordinates":[23.5,10.4]},"properties":{"region":2,"fire_occurred":1,"prediction":0.099}},{"type":"Feature","geometry":{"type":"Point","coordinates":[23.5,10.5]},"properties":{"region":2,"fire_occurred":0,"prediction":0.1199}},{"type":"Feature","geometry":{"type":"Point","coordinates":[23.5,11.0]},"properties":{"region":2,"fire_occurred":1,"prediction":0.0325}},{"type":"Feature","geometry":{"type":"Point","coordinates":[23.6,10.4]},"properties":{"region":2,"fire_occurred":0,"prediction":0.111}},{"type":"Feature","geometry":{"type":"Point","coordinates":[23.7,10.0]},"properties":{"region":2,"fire_occurred":0,"prediction":0.1018}},{"type":"Feature","geometry":{"type":"Point","coordinates":[23.7,10.1]},"properties":{"region":2,"fire_occurred":0,"prediction":0.1629}},{"type":"Feature","geometry":{"type":"Point","coordinates":[23.7,10.4]},"properties":{"region":2,"fire_occurred":0,"prediction":0.1395}},{"type":"Feature","geometry":{"type":"Point","coordinates":[23.7,10.5]},"properties":{"region":2,"fire_occurred":0,"prediction":0.2488}},{"type":"Feature","geometry":{"type":"Point","coordinates":[23.7,10.6]},"properties":{"region":2,"fire_occurred":1,"prediction":0.0426}},{"type":"Feature","geometry":{"type":"Point","coordinates":[23.8,10.5]},"properties":{"region":2,"fire_occurred":1,"prediction":0.0694}},{"type":"Feature","geometry":{"type":"Point","coordinates":[23.8,10.6]},"properties":{"region":2,"fire_occurred":1,"prediction":0.1438}},{"type":"Feature","geometry":{"type":"Point","coordinates":[23.9,10.5]},"properties":{"region":2,"fire_occurred":0,"prediction":0.194}},{"type":"Feature","geometry":{"type":"Point","coordinates":[23.9,10.6]},"properties":{"region":2,"fire_occurred":1,"prediction":0.1174}},{"type":"Feature","geometry":{"type":"Point","coordinates":[23.9,10.7]},"properties":{"region":2,"fire_occurred":0,"prediction":0.1012}},{"type":"Feature","geometry":{"type":"Point","coordinates":[23.9,12.5]},"properties":{"region":2,"fire_occurred":1,"prediction":0.0081}},{"type":"Feature","geometry":{"type":"Point","coordinates":[23.9,12.6]},"properties":{"region":2,"fire_occurred":1,"prediction":0.0041}},{"type":"Feature","geometry":{"type":"Point","coordinates":[24.0,10.5]},"properties":{"region":2,"fire_occurred":0,"prediction":0.2637}},{"type":"Feature","geometry":{"type":"Point","coordinates":[24.0,10.6]},"properties":{"region":2,"fire_occurred":0,"prediction":0.2258}},{"type":"Feature","geometry":{"type":"Point","coordinates":[24.0,12.5]},"properties":{"region":2,"fire_occurred":1,"prediction":0.0088}},{"type":"Feature","geometry":{"type":"Point","coordinates":[24.0,12.6]},"properties":{"region":2,"fire_occurred":1,"prediction":0.0042}},{"type":"Feature","geometry":{"type":"Point","coordinates":[24.4,-19.9]},"properties":{"region":2,"fire_occurred":1,"prediction":0.0015}},{"type":"Feature","geometry":{"type":"Point","coordinates":[24.4,10.3]},"properties":{"region":2,"fire_occurred":0,"prediction":0.2015}},{"type":"Feature","geometry":{"type":"Point","coordinates":[24.5,-19.9]},"properties":{"region":2,"fire_occurred":1,"prediction":0.0015}},{"type":"Feature","geometry":{"type":"Point","coordinates":[24.5,-19.8]},"properties":{"region":2,"fire_occurred":1,"prediction":0.0061}},{"type":"Feature","geometry":{"type":"Point","coordinates":[24.5,10.3]},"properties":{"region":2,"fire_occurred":1,"prediction":0.2148}},{"type":"Feature","geometry":{"type":"Point","coordinates":[24.6,10.1]},"properties":{"region":2,"fire_occurred":0,"prediction":0.1768}},{"type":"Feature","geometry":{"type":"Point","coordinates":[24.6,10.3]},"properties":{"region":2,"fire_occurred":1,"prediction":0.0308}},{"type":"Feature","geometry":{"type":"Point","coordinates":[24.6,10.4]},"properties":{"region":2,"fire_occurred":1,"prediction":0.0093}},{"type":"Feature","geometry":{"type":"Point","coordinates":[24.7,-17.7]},"properties":{"region":2,"fire_occurred":1,"prediction":0.01}},{"type":"Feature","geometry":{"type":"Point","coordinates":[24.7,10.0]},"properties":{"region":2,"fire_occurred":0,"prediction":0.1372}},{"type":"Feature","geometry":{"type":"Point","coordinates":[24.7,10.8]},"properties":{"region":2,"fire_occurred":1,"prediction":0.0345}},{"type":"Feature","geometry":{"type":"Point","coordinates":[24.8,-18.9]},"properties":{"region":2,"fire_occurred":1,"prediction":0.0058}},{"type":"Feature","geometry":{"type":"Point","coordinates":[24.8,10.0]},"properties":{"region":2,"fire_occurred":1,"prediction":0.03}},{"type":"Feature","geometry":{"type":"Point","coordinates":[24.9,-19.0]},"properties":{"region":2,"fire_occurred":1,"prediction":0.0079}},{"type":"Feature","geometry":{"type":"Point","coordinates":[24.9,-17.7]},"properties":{"region":2,"fire_occurred":1,"prediction":0.0399}},{"type":"Feature","geometry":{"type":"Point","coordinates":[24.9,10.2]},"properties":{"region":2,"fire_occurred":1,"prediction":0.018}},{"type":"Feature","geometry":{"type":"Point","coordinates":[25.0,10.2]},"properties":{"region":2,"fire_occurred":1,"prediction":0.0342}},{"type":"Feature","geometry":{"type":"Point","coordinates":[25.1,10.0]},"properties":{"region":2,"fire_occurred":0,"prediction":0.1185}},{"type":"Feature","geometry":{"type":"Point","coordinates":[25.2,-18.3]},"properties":{"region":2,"fire_occurred":1,"prediction":0.1289}},{"type":"Feature","geometry":{"type":"Point","coordinates":[25.2,10.1]},"properties":{"region":2,"fire_occurred":0,"prediction":0.1772}},{"type":"Feature","geometry":{"type":"Point","coordinates":[25.4,10.1]},"properties":{"region":2,"fire_occurred":0,"prediction":0.1016}},{"type":"Feature","geometry":{"type":"Point","coordinates":[25.5,10.0]},"properties":{"region":2,"fire_occurred":1,"prediction":0.0835}},{"type":"Feature","geometry":{"type":"Point","coordinates":[25.5,10.1]},"properties":{"region":2,"fire_occurred":1,"prediction":0.1271}},{"type":"Feature","geometry":{"type":"Point","coordinates":[25.6,10.0]},"properties":{"region":2,"fire_occurred":1,"prediction":0.095}},{"type":"Feature","geometry":{"type":"Point","coordinates":[25.6,10.1]},"properties":{"region":2,"fire_occurred":0,"prediction":0.148}},{"type":"Feature","geometry":{"type":"Point","coordinates":[25.6,10.2]},"properties":{"region":2,"fire_occurred":1,"prediction":0.0536}},{"type":"Feature","geometry":{"type":"Point","coordinates":[25.7,10.0]},"properties":{"region":2,"fire_occurred":0,"prediction":0.1303}},{"type":"Feature","geometry":{"type":"Point","coordinates":[25.8,10.1]},"properties":{"region":2,"fire_occurred":0,"prediction":0.2708}},{"type":"Feature","geometry":{"type":"Point","coordinates":[25.9,10.0]},"properties":{"region":2,"fire_occurred":0,"prediction":0.1275}},{"type":"Feature","geometry":{"type":"Point","coordinates":[25.9,10.1]},"properties":{"region":2,"fire_occurred":0,"prediction":0.1577}},{"type":"Feature","geometry":{"type":"Point","coordinates":[25.9,10.4]},"properties":{"region":2,"fire_occurred":0,"prediction":0.1354}},{"type":"Feature","geometry":{"type":"Point","coordinates":[26.0,10.1]},"properties":{"region":2,"fire_occurred":0,"prediction":0.1033}},{"type":"Feature","geometry":{"type":"Point","coordinates":[26.0,13.9]},"properties":{"region":2,"fire_occurred":1,"prediction":0.0231}},{"type":"Feature","geometry":{"type":"Point","coordinates":[26.1,13.9]},"properties":{"region":2,"fire_occurred":1,"prediction":0.0074}},{"type":"Feature","geometry":{"type":"Point","coordinates":[26.2,-18.4]},"properties":{"region":2,"fire_occurred":1,"prediction":0.0586}},{"type":"Feature","geometry":{"type":"Point","coordinates":[26.2,-18.3]},"properties":{"region":2,"fire_occurred":1,"prediction":0.0148}},{"type":"Feature","geometry":{"type":"Point","coordinates":[26.3,-16.9]},"properties":{"region":2,"fire_occurred":1,"prediction":0.0066}},{"type":"Feature","geometry":{"type":"Point","coordinates":[26.3,-15.8]},"properties":{"region":2,"fire_occurred":1,"prediction":0.019}},{"type":"Feature","geometry":{"type":"Point","coordinates":[26.3,10.2]},"properties":{"region":2,"fire_occurred":1,"prediction":0.0073}},{"type":"Feature","geometry":{"type":"Point","coordinates":[26.4,-16.9]},"properties":{"region":2,"fire_occurred":1,"prediction":0.0153}},{"type":"Feature","geometry":{"type":"Point","coordinates":[26.4,-16.8]},"properties":{"region":2,"fire_occurred":1,"prediction":0.0016}},{"type":"Feature","geometry":{"type":"Point","coordinates":[26.4,10.2]},"properties":{"region":2,"fire_occurred":1,"prediction":0.0092}},{"type":"Feature","geometry":{"type":"Point","coordinates":[26.4,12.5]},"properties":{"region":2,"fire_occurred":1,"prediction":0.0124}},{"type":"Feature","geometry":{"type":"Point","coordinates":[26.5,10.1]},"properties":{"region":2,"fire_occurred":1,"prediction":0.0936}},{"type":"Feature","geometry":{"type":"Point","coordinates":[26.5,12.5]},"properties":{"region":2,"fire_occurred":1,"prediction":0.0238}},{"type":"Feature","geometry":{"type":"Point","coordinates":[26.6,-17.2]},"properties":{"region":2,"fire_occurred":1,"prediction":0.0087}},{"type":"Feature","geometry":{"type":"Point","coordinates":[26.6,10.0]},"properties":{"region":2,"fire_occurred":1,"prediction":0.1309}},{"type":"Feature","geometry":{"type":"Point","coordinates":[26.7,10.1]},"properties":{"region":2,"fire_occurred":0,"prediction":0.109}},{"type":"Feature","geometry":{"type":"Point","coordinates":[26.8,-15.7]},"properties":{"region":2,"fire_occurred":1,"prediction":0.0467}},{"type":"Feature","geometry":{"type":"Point","coordinates":[26.8,10.0]},"properties":{"region":2,"fire_occurred":0,"prediction":0.1786}},{"type":"Feature","geometry":{"type":"Point","coordinates":[26.8,10.2]},"properties":{"region":2,"fire_occurred":0,"prediction":0.1007}},{"type":"Feature","geometry":{"type":"Point","coordinates":[26.9,-15.8]},"properties":{"region":2,"fire_occurred":1,"prediction":0.0308}},{"type":"Feature","geometry":{"type":"Point","coordinates":[26.9,10.0]},"properties":{"region":2,"fire_occurred":0,"prediction":0.1586}},{"type":"Feature","geometry":{"type":"Point","coordinates":[26.9,10.2]},"properties":{"region":2,"fire_occurred":1,"prediction":0.0481}},{"type":"Feature","geometry":{"type":"Point","coordinates":[26.9,10.3]},"properties":{"region":2,"fire_occurred":0,"prediction":0.1706}},{"type":"Feature","geometry":{"type":"Point","coordinates":[27.0,-18.5]},"properties":{"region":2,"fire_occurred":1,"prediction":0.0163}},{"type":"Feature","geometry":{"type":"Point","coordinates":[27.0,10.0]},"properties":{"region":2,"fire_occurred":0,"prediction":0.1543}},{"type":"Feature","geometry":{"type":"Point","coordinates":[27.0,10.3]},"properties":{"region":2,"fire_occurred":0,"prediction":0.1402}},{"type":"Feature","geometry":{"type":"Point","coordinates":[27.0,14.0]},"properties":{"region":2,"fire_occurred":1,"prediction":0.0069}},{"type":"Feature","geometry":{"type":"Point","coordinates":[27.1,10.3]},"properties":{"region":2,"fire_occurred":0,"prediction":0.2021}},{"type":"Feature","geometry":{"type":"Point","coordinates":[27.2,-25.7]},"properties":{"region":2,"fire_occurred":0,"prediction":0.2219}},{"type":"Feature","geometry":{"type":"Point","coordinates":[27.2,10.2]},"properties":{"region":2,"fire_occurred":0,"prediction":0.1212}},{"type":"Feature","geometry":{"type":"Point","coordinates":[27.3,-20.1]},"properties":{"region":2,"fire_occurred":1,"prediction":0.0025}},{"type":"Feature","geometry":{"type":"Point","coordinates":[27.3,10.1]},"properties":{"region":2,"fire_occurred":0,"prediction":0.1197}},{"type":"Feature","geometry":{"type":"Point","coordinates":[27.3,10.2]},"properties":{"region":2,"fire_occurred":0,"prediction":0.147}},{"type":"Feature","geometry":{"type":"Point","coordinates":[27.4,-25.8]},"properties":{"region":2,"fire_occurred":0,"prediction":0.1574}},{"type":"Feature","geometry":{"type":"Point","coordinates":[27.4,10.1]},"properties":{"region":2,"fire_occurred":0,"prediction":0.1058}},{"type":"Feature","geometry":{"type":"Point","coordinates":[27.9,-22.0]},"properties":{"region":2,"fire_occurred":1,"prediction":0.038}},{"type":"Feature","geometry":{"type":"Point","coordinates":[27.9,10.0]},"properties":{"region":2,"fire_occurred":0,"prediction":0.1368}},{"type":"Feature","geometry":{"type":"Point","coordinates":[27.9,10.1]},"properties":{"region":2,"fire_occurred":0,"prediction":0.124}},{"type":"Feature","geometry":{"type":"Point","coordinates":[28.0,-19.9]},"properties":{"region":2,"fire_occurred":1,"prediction":0.0559}},{"type":"Feature","geometry":{"type":"Point","coordinates":[28.0,-19.8]},"properties":{"region":2,"fire_occurred":0,"prediction":0.1664}},{"type":"Feature","geometry":{"type":"Point","coordinates":[28.0,10.0]},"properties":{"region":2,"fire_occurred":0,"prediction":0.1448}},{"type":"Feature","geometry":{"type":"Point","coordinates":[28.0,10.3]},"properties":{"region":2,"fire_occurred":0,"prediction":0.127}},{"type":"Feature","geometry":{"type":"Point","coordinates":[28.1,10.0]},"properties":{"region":2,"fire_occurred":0,"prediction":0.1166}},{"type":"Feature","geometry":{"type":"Point","coordinates":[28.1,10.1]},"properties":{"region":2,"fire_occurred":0,"prediction":0.1065}},{"type":"Feature","geometry":{"type":"Point","coordinates":[28.2,10.0]},"properties":{"region":2,"fire_occurred":0,"prediction":0.156}},{"type":"Feature","geometry":{"type":"Point","coordinates":[28.2,10.1]},"properties":{"region":2,"fire_occurred":0,"prediction":0.1111}},{"type":"Feature","geometry":{"type":"Point","coordinates":[28.2,10.4]},"properties":{"region":2,"fire_occurred":0,"prediction":0.1297}},{"type":"Feature","geometry":{"type":"Point","coordinates":[28.3,29.6]},"properties":{"region":2,"fire_occurred":1,"prediction":0.3012}},{"type":"Feature","geometry":{"type":"Point","coordinates":[28.4,10.2]},"properties":{"region":2,"fire_occurred":0,"prediction":0.1413}},{"type":"Feature","geometry":{"type":"Point","coordinates":[28.5,10.0]},"properties":{"region":2,"fire_occurred":0,"prediction":0.1128}},{"type":"Feature","geometry":{"type":"Point","coordinates":[28.5,10.3]},"properties":{"region":2,"fire_occurred":0,"prediction":0.144}},{"type":"Feature","geometry":{"type":"Point","coordinates":[28.5,13.1]},"properties":{"region":2,"fire_occurred":0,"prediction":0.1453}},{"type":"Feature","geometry":{"type":"Point","coordinates":[28.7,10.0]},"properties":{"region":2,"fire_occurred":0,"prediction":0.1088}},{"type":"Feature","geometry":{"type":"Point","coordinates":[28.7,10.3]},"properties":{"region":2,"fire_occurred":0,"prediction":0.1153}},{"type":"Feature","geometry":{"type":"Point","coordinates":[28.7,10.5]},"properties":{"region":2,"fire_occurred":0,"prediction":0.1881}},{"type":"Feature","geometry":{"type":"Point","coordinates":[28.7,10.6]},"properties":{"region":2,"fire_occurred":0,"prediction":0.1903}},{"type":"Feature","geometry":{"type":"Point","coordinates":[28.7,10.7]},"properties":{"region":2,"fire_occurred":0,"prediction":0.1286}},{"type":"Feature","geometry":{"type":"Point","coordinates":[28.7,11.0]},"properties":{"region":2,"fire_occurred":1,"prediction":0.0518}},{"type":"Feature","geometry":{"type":"Point","coordinates":[28.8,-21.9]},"properties":{"region":2,"fire_occurred":0,"prediction":0.2659}},{"type":"Feature","geometry":{"type":"Point","coordinates":[28.8,10.0]},"properties":{"region":2,"fire_occurred":0,"prediction":0.164}},{"type":"Feature","geometry":{"type":"Point","coordinates":[28.8,10.1]},"properties":{"region":2,"fire_occurred":0,"prediction":0.1761}},{"type":"Feature","geometry":{"type":"Point","coordinates":[28.8,10.6]},"properties":{"region":2,"fire_occurred":0,"prediction":0.1844}},{"type":"Feature","geometry":{"type":"Point","coordinates":[28.9,-22.0]},"properties":{"region":2,"fire_occurred":0,"prediction":0.1244}},{"type":"Feature","geometry":{"type":"Point","coordinates":[28.9,-21.9]},"properties":{"region":2,"fire_occurred":0,"prediction":0.302}},{"type":"Feature","geometry":{"type":"Point","coordinates":[28.9,-16.9]},"properties":{"region":2,"fire_occurred":1,"prediction":0.0295}},{"type":"Feature","geometry":{"type":"Point","coordinates":[28.9,10.0]},"properties":{"region":2,"fire_occurred":0,"prediction":0.2077}},{"type":"Feature","geometry":{"type":"Point","coordinates":[28.9,10.1]},"properties":{"region":2,"fire_occurred":0,"prediction":0.2776}},{"type":"Feature","geometry":{"type":"Point","coordinates":[28.9,10.2]},"properties":{"region":2,"fire_occurred":0,"prediction":0.1754}},{"type":"Feature","geometry":{"type":"Point","coordinates":[28.9,10.4]},"properties":{"region":2,"fire_occurred":0,"prediction":0.111}},{"type":"Feature","geometry":{"type":"Point","coordinates":[29.0,-17.0]},"properties":{"region":2,"fire_occurred":1,"prediction":0.0278}},{"type":"Feature","geometry":{"type":"Point","coordinates":[29.0,-16.4]},"properties":{"region":2,"fire_occurred":1,"prediction":0.0519}},{"type":"Feature","geometry":{"type":"Point","coordinates":[29.0,-16.3]},"properties":{"region":2,"fire_occurred":1,"prediction":0.1039}},{"type":"Feature","geometry":{"type":"Point","coordinates":[29.0,10.4]},"properties":{"region":2,"fire_occurred":0,"prediction":0.11}},{"type":"Feature","geometry":{"type":"Point","coordinates":[29.0,11.5]},"properties":{"region":2,"fire_occurred":0,"prediction":0.1252}},{"type":"Feature","geometry":{"type":"Point","coordinates":[29.1,-16.3]},"properties":{"region":2,"fire_occurred":0,"prediction":0.1907}},{"type":"Feature","geometry":{"type":"Point","coordinates":[29.1,-16.2]},"properties":{"region":2,"fire_occurred":1,"prediction":0.0173}},{"type":"Feature","geometry":{"type":"Point","coordinates":[29.1,-15.7]},"properties":{"region":2,"fire_occurred":0,"prediction":0.1595}},{"type":"Feature","geometry":{"type":"Point","coordinates":[29.1,10.2]},"properties":{"region":2,"fire_occurred":0,"prediction":0.1439}},{"type":"Feature","geometry":{"type":"Point","coordinates":[29.1,10.3]},"properties":{"region":2,"fire_occurred":0,"prediction":0.1573}},{"type":"Feature","geometry":{"type":"Point","coordinates":[29.1,10.5]},"properties":{"region":2,"fire_occurred":0,"prediction":0.1564}},{"type":"Feature","geometry":{"type":"Point","coordinates":[29.1,11.4]},"properties":{"region":2,"fire_occurred":0,"prediction":0.1046}},{"type":"Feature","geometry":{"type":"Point","coordinates":[29.1,11.5]},"properties":{"region":2,"fire_occurred":0,"prediction":0.1751}},{"type":"Feature","geometry":{"type":"Point","coordinates":[29.2,-15.7]},"properties":{"region":2,"fire_occurred":1,"prediction":0.3374}},{"type":"Feature","geometry":{"type":"Point","coordinates":[29.2,10.0]},"properties":{"region":2,"fire_occurred":0,"prediction":0.1169}},{"type":"Feature","geometry":{"type":"Point","coordinates":[29.2,10.1]},"properties":{"region":2,"fire_occurred":1,"prediction":0.1032}},{"type":"Feature","geometry":{"type":"Point","coordinates":[29.2,10.2]},"properties":{"region":2,"fire_occurred":0,"prediction":0.1339}},{"type":"Feature","geometry":{"type":"Point","coordinates":[29.2,10.3]},"properties":{"region":2,"fire_occurred":0,"prediction":0.2225}},{"type":"Feature","geometry":{"type":"Point","coordinates":[29.2,10.4]},"properties":{"region":2,"fire_occurred":0,"prediction":0.2629}},{"type":"Feature","geometry":{"type":"Point","coordinates":[29.2,10.5]},"properties":{"region":2,"fire_occurred":1,"prediction":0.0453}},{"type":"Feature","geometry":{"type":"Point","coordinates":[29.2,10.9]},"properties":{"region":2,"fire_occurred":0,"prediction":0.1192}},{"type":"Feature","geometry":{"type":"Point","coordinates":[29.3,-17.2]},"properties":{"region":2,"fire_occurred":1,"prediction":0.0054}},{"type":"Feature","geometry":{"type":"Point","coordinates":[29.3,-16.6]},"properties":{"region":2,"fire_occurred":1,"prediction":0.0123}},{"type":"Feature","geometry":{"type":"Point","coordinates":[29.3,-15.7]},"properties":{"region":2,"fire_occurred":0,"prediction":0.1979}},{"type":"Feature","geometry":{"type":"Point","coordinates":[29.3,10.0]},"properties":{"region":2,"fire_occurred":0,"prediction":0.1808}},{"type":"Feature","geometry":{"type":"Point","coordinates":[29.3,10.2]},"properties":{"region":2,"fire_occurred":0,"prediction":0.1858}},{"type":"Feature","geometry":{"type":"Point","coordinates":[29.3,10.5]},"properties":{"region":2,"fire_occurred":1,"prediction":0.2043}},{"type":"Feature","geometry":{"type":"Point","coordinates":[29.3,10.8]},"properties":{"region":2,"fire_occurred":0,"prediction":0.207}},{"type":"Feature","geometry":{"type":"Point","coordinates":[29.3,11.4]},"properties":{"region":2,"fire_occurred":1,"prediction":0.1071}},{"type":"Feature","geometry":{"type":"Point","coordinates":[29.3,11.5]},"properties":{"region":2,"fire_occurred":1,"prediction":0.0655}},{"type":"Feature","geometry":{"type":"Point","coordinates":[29.4,-17.9]},"properties":{"region":2,"fire_occurred":1,"prediction":0.0139}},{"type":"Feature","geometry":{"type":"Point","coordinates":[29.4,-17.3]},"properties":{"region":2,"fire_occurred":1,"prediction":0.0296}},{"type":"Feature","geometry":{"type":"Point","coordinates":[29.4,-17.1]},"properties":{"region":2,"fire_occurred":1,"prediction":0.0508}},{"type":"Feature","geometry":{"type":"Point","coordinates":[29.4,-16.6]},"properties":{"region":2,"fire_occurred":1,"prediction":0.0515}},{"type":"Feature","geometry":{"type":"Point","coordinates":[29.4,-15.7]},"properties":{"region":2,"fire_occurred":0,"prediction":0.1308}},{"type":"Feature","geometry":{"type":"Point","coordinates":[29.4,-15.6]},"properties":{"region":2,"fire_occurred":0,"prediction":0.2401}},{"type":"Feature","geometry":{"type":"Point","coordinates":[29.4,-15.2]},"properties":{"region":2,"fire_occurred":0,"prediction":0.121}},{"type":"Feature","geometry":{"type":"Point","coordinates":[29.4,-15.1]},"properties":{"region":2,"fire_occurred":0,"prediction":0.1671}},{"type":"Feature","geometry":{"type":"Point","coordinates":[29.4,10.2]},"properties":{"region":2,"fire_occurred":0,"prediction":0.2559}},{"type":"Feature","geometry":{"type":"Point","coordinates":[29.4,10.3]},"properties":{"region":2,"fire_occurred":0,"prediction":0.1603}},{"type":"Feature","geometry":{"type":"Point","coordinates":[29.4,10.6]},"properties":{"region":2,"fire_occurred":0,"prediction":0.1074}},{"type":"Feature","geometry":{"type":"Point","coordinates":[29.4,10.7]},"properties":{"region":2,"fire_occurred":0,"prediction":0.1791}},{"type":"Feature","geometry":{"type":"Point","coordinates":[29.4,10.8]},"properties":{"region":2,"fire_occurred":0,"prediction":0.1172}},{"type":"Feature","geometry":{"type":"Point","coordinates":[29.4,10.9]},"properties":{"region":2,"fire_occurred":0,"prediction":0.1574}},{"type":"Feature","geometry":{"type":"Point","coordinates":[29.4,11.0]},"properties":{"region":2,"fire_occurred":0,"prediction":0.1733}},{"type":"Feature","geometry":{"type":"Point","coordinates":[29.4,11.5]},"properties":{"region":2,"fire_occurred":0,"prediction":0.1135}},{"type":"Feature","geometry":{"type":"Point","coordinates":[29.5,-21.8]},"properties":{"region":2,"fire_occurred":0,"prediction":0.1166}},{"type":"Feature","geometry":{"type":"Point","coordinates":[29.5,-19.8]},"properties":{"region":2,"fire_occurred":1,"prediction":0.007}},{"type":"Feature","geometry":{"type":"Point","coordinates":[29.5,-17.0]},"properties":{"region":2,"fire_occurred":1,"prediction":0.0392}},{"type":"Feature","geometry":{"type":"Point","coordinates":[29.5,-15.6]},"properties":{"region":2,"fire_occurred":1,"prediction":0.2099}},{"type":"Feature","geometry":{"type":"Point","coordinates":[29.5,10.0]},"properties":{"region":2,"fire_occurred":0,"prediction":0.2163}},{"type":"Feature","geometry":{"type":"Point","coordinates":[29.5,10.1]},"properties":{"region":2,"fire_occurred":1,"prediction":0.2239}},{"type":"Feature","geometry":{"type":"Point","coordinates":[29.5,10.2]},"properties":{"region":2,"fire_occurred":0,"prediction":0.2735}},{"type":"Feature","geometry":{"type":"Point","coordinates":[29.5,10.3]},"properties":{"region":2,"fire_occurred":0,"prediction":0.1474}},{"type":"Feature","geometry":{"type":"Point","coordinates":[29.5,10.7]},"properties":{"region":2,"fire_occurred":0,"prediction":0.1185}},{"type":"Feature","geometry":{"type":"Point","coordinates":[29.5,10.8]},"properties":{"region":2,"fire_occurred":0,"prediction":0.1201}},{"type":"Feature","geometry":{"type":"Point","coordinates":[29.5,10.9]},"properties":{"region":2,"fire_occurred":0,"prediction":0.1728}},{"type":"Feature","geometry":{"type":"Point","coordinates":[29.5,11.0]},"properties":{"region":2,"fire_occurred":1,"prediction":0.2245}},{"type":"Feature","geometry":{"type":"Point","coordinates":[29.5,11.1]},"properties":{"region":2,"fire_occurred":0,"prediction":0.1606}},{"type":"Feature","geometry":{"type":"Point","coordinates":[29.5,11.5]},"properties":{"region":2,"fire_occurred":1,"prediction":0.2046}},{"type":"Feature","geometry":{"type":"Point","coordinates":[29.5,11.6]},"properties":{"region":2,"fire_occurred":0,"prediction":0.1665}},{"type":"Feature","geometry":{"type":"Point","coordinates":[29.6,-16.7]},"properties":{"region":2,"fire_occurred":1,"prediction":0.1033}},{"type":"Feature","geometry":{"type":"Point","coordinates":[29.6,-16.2]},"properties":{"region":2,"fire_occurred":0,"prediction":0.1503}},{"type":"Feature","geometry":{"type":"Point","coordinates":[29.6,10.1]},"properties":{"region":2,"fire_occurred":1,"prediction":0.1123}},{"type":"Feature","geometry":{"type":"Point","coordinates":[29.6,10.2]},"properties":{"region":2,"fire_occurred":1,"prediction":0.276}},{"type":"Feature","geometry":{"type":"Point","coordinates":[29.6,10.9]},"properties":{"region":2,"fire_occurred":0,"prediction":0.1056}},{"type":"Feature","geometry":{"type":"Point","coordinates":[29.6,11.5]},"properties":{"region":2,"fire_occurred":0,"prediction":0.1215}},{"type":"Feature","geometry":{"type":"Point","coordinates":[29.6,11.6]},"properties":{"region":2,"fire_occurred":0,"prediction":0.184}},{"type":"Feature","geometry":{"type":"Point","coordinates":[29.6,11.9]},"properties":{"region":2,"fire_occurred":0,"prediction":0.1361}},{"type":"Feature","geometry":{"type":"Point","coordinates":[29.7,-16.7]},"properties":{"region":2,"fire_occurred":1,"prediction":0.0368}},{"type":"Feature","geometry":{"type":"Point","coordinates":[29.7,-15.3]},"properties":{"region":2,"fire_occurred":1,"prediction":0.0388}},{"type":"Feature","geometry":{"type":"Point","coordinates":[29.7,10.0]},"properties":{"region":2,"fire_occurred":0,"prediction":0.1916}},{"type":"Feature","geometry":{"type":"Point","coordinates":[29.7,10.1]},"properties":{"region":2,"fire_occurred":0,"prediction":0.1449}},{"type":"Feature","geometry":{"type":"Point","coordinates":[29.7,10.6]},"properties":{"region":2,"fire_occurred":0,"prediction":0.1048}},{"type":"Feature","geometry":{"type":"Point","coordinates":[29.7,10.9]},"properties":{"region":2,"fire_occurred":0,"prediction":0.1109}},{"type":"Feature","geometry":{"type":"Point","coordinates":[29.7,11.7]},"properties":{"region":2,"fire_occurred":1,"prediction":0.0423}},{"type":"Feature","geometry":{"type":"Point","coordinates":[29.8,-17.1]},"properties":{"region":2,"fire_occurred":1,"prediction":0.0267}},{"type":"Feature","geometry":{"type":"Point","coordinates":[29.8,-17.0]},"properties":{"region":2,"fire_occurred":1,"prediction":0.0246}},{"type":"Feature","geometry":{"type":"Point","coordinates":[29.8,-16.5]},"properties":{"region":2,"fire_occurred":1,"prediction":0.0582}},{"type":"Feature","geometry":{"type":"Point","coordinates":[29.8,-16.4]},"properties":{"region":2,"fire_occurred":1,"prediction":0.1092}},{"type":"Feature","geometry":{"type":"Point","coordinates":[29.8,10.1]},"properties":{"region":2,"fire_occurred":0,"prediction":0.2194}},{"type":"Feature","geometry":{"type":"Point","coordinates":[29.8,10.2]},"properties":{"region":2,"fire_occurred":0,"prediction":0.1847}},{"type":"Feature","geometry":{"type":"Point","coordinates":[29.8,10.5]},"properties":{"region":2,"fire_occurred":0,"prediction":0.143}},{"type":"Feature","geometry":{"type":"Point","coordinates":[29.8,10.7]},"properties":{"region":2,"fire_occurred":0,"prediction":0.2085}},{"type":"Feature","geometry":{"type":"Point","coordinates":[29.8,10.8]},"properties":{"region":2,"fire_occurred":0,"prediction":0.1515}},{"type":"Feature","geometry":{"type":"Point","coordinates":[29.8,10.9]},"properties":{"region":2,"fire_occurred":0,"prediction":0.107}},{"type":"Feature","geometry":{"type":"Point","coordinates":[29.8,11.0]},"properties":{"region":2,"fire_occurred":0,"prediction":0.1035}},{"type":"Feature","geometry":{"type":"Point","coordinates":[29.8,11.1]},"properties":{"region":2,"fire_occurred":0,"prediction":0.1348}},{"type":"Feature","geometry":{"type":"Point","coordinates":[29.8,11.2]},"properties":{"region":2,"fire_occurred":0,"prediction":0.125}},{"type":"Feature","geometry":{"type":"Point","coordinates":[29.9,-16.4]},"properties":{"region":2,"fire_occurred":1,"prediction":0.0393}},{"type":"Feature","geometry":{"type":"Point","coordinates":[29.9,10.1]},"properties":{"region":2,"fire_occurred":0,"prediction":0.1385}},{"type":"Feature","geometry":{"type":"Point","coordinates":[29.9,10.2]},"properties":{"region":2,"fire_occurred":0,"prediction":0.2317}},{"type":"Feature","geometry":{"type":"Point","coordinates":[29.9,10.5]},"properties":{"region":2,"fire_occurred":0,"prediction":0.1162}},{"type":"Feature","geometry":{"type":"Point","coordinates":[29.9,10.6]},"properties":{"region":2,"fire_occurred":0,"prediction":0.1927}},{"type":"Feature","geometry":{"type":"Point","coordinates":[29.9,10.7]},"properties":{"region":2,"fire_occurred":0,"prediction":0.1519}},{"type":"Feature","geometry":{"type":"Point","coordinates":[29.9,10.9]},"properties":{"region":2,"fire_occurred":0,"prediction":0.1076}},{"type":"Feature","geometry":{"type":"Point","coordinates":[29.9,11.5]},"properties":{"region":2,"fire_occurred":1,"prediction":0.0919}},{"type":"Feature","geometry":{"type":"Point","coordinates":[29.9,11.6]},"properties":{"region":2,"fire_occurred":0,"prediction":0.1439}},{"type":"Feature","geometry":{"type":"Point","coordinates":[30.0,-18.7]},"properties":{"region":2,"fire_occurred":1,"prediction":0.0383}},{"type":"Feature","geometry":{"type":"Point","coordinates":[30.0,10.1]},"properties":{"region":2,"fire_occurred":0,"prediction":0.4333}},{"type":"Feature","geometry":{"type":"Point","coordinates":[30.0,10.2]},"properties":{"region":2,"fire_occurred":0,"prediction":0.4905}},{"type":"Feature","geometry":{"type":"Point","coordinates":[30.0,10.3]},"properties":{"region":2,"fire_occurred":0,"prediction":0.1173}},{"type":"Feature","geometry":{"type":"Point","coordinates":[30.0,10.4]},"properties":{"region":2,"fire_occurred":0,"prediction":0.1293}},{"type":"Feature","geometry":{"type":"Point","coordinates":[30.0,10.6]},"properties":{"region":2,"fire_occurred":0,"prediction":0.1676}},{"type":"Feature","geometry":{"type":"Point","coordinates":[30.0,10.7]},"properties":{"region":2,"fire_occurred":0,"prediction":0.1185}},{"type":"Feature","geometry":{"type":"Point","coordinates":[30.0,11.3]},"properties":{"region":2,"fire_occurred":0,"prediction":0.1098}},{"type":"Feature","geometry":{"type":"Point","coordinates":[30.1,-24.8]},"properties":{"region":2,"fire_occurred":0,"prediction":0.1039}},{"type":"Feature","geometry":{"type":"Point","coordinates":[30.1,10.1]},"properties":{"region":2,"fire_occurred":0,"prediction":0.1553}},{"type":"Feature","geometry":{"type":"Point","coordinates":[30.1,10.2]},"properties":{"region":2,"fire_occurred":0,"prediction":0.2154}},{"type":"Feature","geometry":{"type":"Point","coordinates":[30.1,10.3]},"properties":{"region":2,"fire_occurred":0,"prediction":0.174}},{"type":"Feature","geometry":{"type":"Point","coordinates":[30.1,10.4]},"properties":{"region":2,"fire_occurred":0,"prediction":0.1455}},{"type":"Feature","geometry":{"type":"Point","coordinates":[30.1,10.5]},"properties":{"region":2,"fire_occurred":0,"prediction":0.1042}},{"type":"Feature","geometry":{"type":"Point","coordinates":[30.1,10.6]},"properties":{"region":2,"fire_occurred":0,"prediction":0.1441}},{"type":"Feature","geometry":{"type":"Point","coordinates":[30.1,10.7]},"properties":{"region":2,"fire_occurred":0,"prediction":0.1837}},{"type":"Feature","geometry":{"type":"Point","coordinates":[30.1,11.2]},"properties":{"region":2,"fire_occurred":0,"prediction":0.1322}},{"type":"Feature","geometry":{"type":"Point","coordinates":[30.2,10.0]},"properties":{"region":2,"fire_occurred":0,"prediction":0.1677}},{"type":"Feature","geometry":{"type":"Point","coordinates":[30.2,10.1]},"properties":{"region":2,"fire_occurred":0,"prediction":0.2746}},{"type":"Feature","geometry":{"type":"Point","coordinates":[30.2,10.2]},"properties":{"region":2,"fire_occurred":0,"prediction":0.2464}},{"type":"Feature","geometry":{"type":"Point","coordinates":[30.2,10.3]},"properties":{"region":2,"fire_occurred":0,"prediction":0.2538}},{"type":"Feature","geometry":{"type":"Point","coordinates":[30.2,10.4]},"properties":{"region":2,"fire_occurred":0,"prediction":0.2665}},{"type":"Feature","geometry":{"type":"Point","coordinates":[30.2,10.5]},"properties":{"region":2,"fire_occurred":0,"prediction":0.1857}},{"type":"Feature","geometry":{"type":"Point","coordinates":[30.2,10.7]},"properties":{"region":2,"fire_occurred":0,"prediction":0.1864}},{"type":"Feature","geometry":{"type":"Point","coordinates":[30.2,10.9]},"properties":{"region":2,"fire_occurred":0,"prediction":0.1301}},{"type":"Feature","geometry":{"type":"Point","coordinates":[30.2,11.0]},"properties":{"region":2,"fire_occurred":0,"prediction":0.1067}},{"type":"Feature","geometry":{"type":"Point","coordinates":[30.2,11.1]},"properties":{"region":2,"fire_occurred":0,"prediction":0.2171}},{"type":"Feature","geometry":{"type":"Point","coordinates":[30.2,11.2]},"properties":{"region":2,"fire_occurred":0,"prediction":0.27}},{"type":"Feature","geometry":{"type":"Point","coordinates":[30.3,-18.2]},"properties":{"region":2,"fire_occurred":1,"prediction":0.0118}},{"type":"Feature","geometry":{"type":"Point","coordinates":[30.3,10.0]},"properties":{"region":2,"fire_occurred":0,"prediction":0.2308}},{"type":"Feature","geometry":{"type":"Point","coordinates":[30.3,10.1]},"properties":{"region":2,"fire_occurred":0,"prediction":0.2483}},{"type":"Feature","geometry":{"type":"Point","coordinates":[30.3,10.2]},"properties":{"region":2,"fire_occurred":0,"prediction":0.2124}},{"type":"Feature","geometry":{"type":"Point","coordinates":[30.3,10.3]},"properties":{"region":2,"fire_occurred":0,"prediction":0.2192}},{"type":"Feature","geometry":{"type":"Point","coordinates":[30.3,10.4]},"properties":{"region":2,"fire_occurred":0,"prediction":0.3006}},{"type":"Feature","geometry":{"type":"Point","coordinates":[30.3,10.5]},"properties":{"region":2,"fire_occurred":0,"prediction":0.1623}},{"type":"Feature","geometry":{"type":"Point","coordinates":[30.3,10.7]},"properties":{"region":2,"fire_occurred":0,"prediction":0.1215}},{"type":"Feature","geometry":{"type":"Point","coordinates":[30.3,10.8]},"properties":{"region":2,"fire_occurred":0,"prediction":0.1356}},{"type":"Feature","geometry":{"type":"Point","coordinates":[30.3,10.9]},"properties":{"region":2,"fire_occurred":0,"prediction":0.2148}},{"type":"Feature","geometry":{"type":"Point","coordinates":[30.3,11.0]},"properties":{"region":2,"fire_occurred":0,"prediction":0.2032}},{"type":"Feature","geometry":{"type":"Point","coordinates":[30.3,11.2]},"properties":{"region":2,"fire_occurred":0,"prediction":0.101}},{"type":"Feature","geometry":{"type":"Point","coordinates":[30.3,11.4]},"properties":{"region":2,"fire_occurred":0,"prediction":0.1122}},{"type":"Feature","geometry":{"type":"Point","coordinates":[30.4,10.2]},"properties":{"region":2,"fire_occurred":0,"prediction":0.1325}},{"type":"Feature","geometry":{"type":"Point","coordinates":[30.4,10.3]},"properties":{"region":2,"fire_occurred":0,"prediction":0.1718}},{"type":"Feature","geometry":{"type":"Point","coordinates":[30.4,10.4]},"properties":{"region":2,"fire_occurred":0,"prediction":0.3536}},{"type":"Feature","geometry":{"type":"Point","coordinates":[30.4,10.7]},"properties":{"region":2,"fire_occurred":0,"prediction":0.1609}},{"type":"Feature","geometry":{"type":"Point","coordinates":[30.4,10.8]},"properties":{"region":2,"fire_occurred":0,"prediction":0.2454}},{"type":"Feature","geometry":{"type":"Point","coordinates":[30.4,10.9]},"properties":{"region":2,"fire_occurred":0,"prediction":0.1406}},{"type":"Feature","geometry":{"type":"Point","coordinates":[30.4,11.3]},"properties":{"region":2,"fire_occurred":0,"prediction":0.1007}},{"type":"Feature","geometry":{"type":"Point","coordinates":[30.4,11.7]},"properties":{"region":2,"fire_occurred":0,"prediction":0.1365}},{"type":"Feature","geometry":{"type":"Point","coordinates":[30.5,10.0]},"properties":{"region":2,"fire_occurred":0,"prediction":0.1831}},{"type":"Feature","geometry":{"type":"Point","coordinates":[30.5,10.1]},"properties":{"region":2,"fire_occurred":0,"prediction":0.1283}},{"type":"Feature","geometry":{"type":"Point","coordinates":[30.5,10.2]},"properties":{"region":2,"fire_occurred":0,"prediction":0.142}},{"type":"Feature","geometry":{"type":"Point","coordinates":[30.5,10.3]},"properties":{"region":2,"fire_occurred":0,"prediction":0.1972}},{"type":"Feature","geometry":{"type":"Point","coordinates":[30.5,10.4]},"properties":{"region":2,"fire_occurred":0,"prediction":0.1384}},{"type":"Feature","geometry":{"type":"Point","coordinates":[30.5,10.5]},"properties":{"region":2,"fire_occurred":0,"prediction":0.2142}},{"type":"Feature","geometry":{"type":"Point","coordinates":[30.5,10.7]},"properties":{"region":2,"fire_occurred":0,"prediction":0.1887}},{"type":"Feature","geometry":{"type":"Point","coordinates":[30.5,10.8]},"properties":{"region":2,"fire_occurred":0,"prediction":0.1609}},{"type":"Feature","geometry":{"type":"Point","coordinates":[30.5,11.4]},"properties":{"region":2,"fire_occurred":0,"prediction":0.1149}},{"type":"Feature","geometry":{"type":"Point","coordinates":[30.5,11.5]},"properties":{"region":2,"fire_occurred":0,"prediction":0.1244}},{"type":"Feature","geometry":{"type":"Point","coordinates":[30.5,11.7]},"properties":{"region":2,"fire_occurred":0,"prediction":0.12}},{"type":"Feature","geometry":{"type":"Point","coordinates":[30.6,-23.9]},"properties":{"region":2,"fire_occurred":0,"prediction":0.1214}},{"type":"Feature","geometry":{"type":"Point","coordinates":[30.6,-18.9]},"properties":{"region":2,"fire_occurred":0,"prediction":0.1024}},{"type":"Feature","geometry":{"type":"Point","coordinates":[30.6,10.0]},"properties":{"region":2,"fire_occurred":0,"prediction":0.1312}},{"type":"Feature","geometry":{"type":"Point","coordinates":[30.6,10.1]},"properties":{"region":2,"fire_occurred":0,"prediction":0.1007}},{"type":"Feature","geometry":{"type":"Point","coordinates":[30.6,10.2]},"properties":{"region":2,"fire_occurred":0,"prediction":0.224}},{"type":"Feature","geometry":{"type":"Point","coordinates":[30.6,10.3]},"properties":{"region":2,"fire_occurred":0,"prediction":0.2702}},{"type":"Feature","geometry":{"type":"Point","coordinates":[30.6,10.5]},"properties":{"region":2,"fire_occurred":0,"prediction":0.1674}},{"type":"Feature","geometry":{"type":"Point","coordinates":[30.6,10.6]},"properties":{"region":2,"fire_occurred":0,"prediction":0.1143}},{"type":"Feature","geometry":{"type":"Point","coordinates":[30.6,10.7]},"properties":{"region":2,"fire_occurred":0,"prediction":0.118}},{"type":"Feature","geometry":{"type":"Point","coordinates":[30.6,10.8]},"properties":{"region":2,"fire_occurred":0,"prediction":0.2277}},{"type":"Feature","geometry":{"type":"Point","coordinates":[30.6,10.9]},"properties":{"region":2,"fire_occurred":0,"prediction":0.2764}},{"type":"Feature","geometry":{"type":"Point","coordinates":[30.6,11.2]},"properties":{"region":2,"fire_occurred":0,"prediction":0.2362}},{"type":"Feature","geometry":{"type":"Point","coordinates":[30.6,11.3]},"properties":{"region":2,"fire_occurred":0,"prediction":0.1118}},{"type":"Feature","geometry":{"type":"Point","coordinates":[30.6,11.4]},"properties":{"region":2,"fire_occurred":0,"prediction":0.1248}},{"type":"Feature","geometry":{"type":"Point","coordinates":[30.6,11.5]},"properties":{"region":2,"fire_occurred":0,"prediction":0.1629}},{"type":"Feature","geometry":{"type":"Point","coordinates":[30.6,11.6]},"properties":{"region":2,"fire_occurred":0,"prediction":0.1142}},{"type":"Feature","geometry":{"type":"Point","coordinates":[30.6,11.7]},"properties":{"region":2,"fire_occurred":1,"prediction":0.0516}},{"type":"Feature","geometry":{"type":"Point","coordinates":[30.7,-19.4]},"properties":{"region":2,"fire_occurred":1,"prediction":0.0108}},{"type":"Feature","geometry":{"type":"Point","coordinates":[30.7,-19.2]},"properties":{"region":2,"fire_occurred":1,"prediction":0.0185}},{"type":"Feature","geometry":{"type":"Point","coordinates":[30.7,-19.1]},"properties":{"region":2,"fire_occurred":1,"prediction":0.03}},{"type":"Feature","geometry":{"type":"Point","coordinates":[30.7,10.5]},"properties":{"region":2,"fire_occurred":0,"prediction":0.1578}},{"type":"Feature","geometry":{"type":"Point","coordinates":[30.7,10.6]},"properties":{"region":2,"fire_occurred":0,"prediction":0.1043}},{"type":"Feature","geometry":{"type":"Point","coordinates":[30.7,10.8]},"properties":{"region":2,"fire_occurred":0,"prediction":0.1659}},{"type":"Feature","geometry":{"type":"Point","coordinates":[30.7,10.9]},"properties":{"region":2,"fire_occurred":0,"prediction":0.2339}},{"type":"Feature","geometry":{"type":"Point","coordinates":[30.7,11.2]},"properties":{"region":2,"fire_occurred":0,"prediction":0.1559}},{"type":"Feature","geometry":{"type":"Point","coordinates":[30.7,11.3]},"properties":{"region":2,"fire_occurred":0,"prediction":0.1677}},{"type":"Feature","geometry":{"type":"Point","coordinates":[30.7,11.4]},"properties":{"region":2,"fire_occurred":0,"prediction":0.1588}},{"type":"Feature","geometry":{"type":"Point","coordinates":[30.8,-19.7]},"properties":{"region":2,"fire_occurred":1,"prediction":0.0202}},{"type":"Feature","geometry":{"type":"Point","coordinates":[30.8,-18.5]},"properties":{"region":2,"fire_occurred":1,"prediction":0.0141}},{"type":"Feature","geometry":{"type":"Point","coordinates":[30.8,10.1]},"properties":{"region":2,"fire_occurred":0,"prediction":0.1029}},{"type":"Feature","geometry":{"type":"Point","coordinates":[30.8,10.4]},"properties":{"region":2,"fire_occurred":0,"prediction":0.1382}},{"type":"Feature","geometry":{"type":"Point","coordinates":[30.8,10.5]},"properties":{"region":2,"fire_occurred":0,"prediction":0.2769}},{"type":"Feature","geometry":{"type":"Point","coordinates":[30.8,10.8]},"properties":{"region":2,"fire_occurred":0,"prediction":0.1188}},{"type":"Feature","geometry":{"type":"Point","coordinates":[30.8,10.9]},"properties":{"region":2,"fire_occurred":0,"prediction":0.1462}},{"type":"Feature","geometry":{"type":"Point","coordinates":[30.8,11.1]},"properties":{"region":2,"fire_occurred":0,"prediction":0.1928}},{"type":"Feature","geometry":{"type":"Point","coordinates":[30.8,11.3]},"properties":{"region":2,"fire_occurred":0,"prediction":0.1298}},{"type":"Feature","geometry":{"type":"Point","coordinates":[30.8,11.4]},"properties":{"region":2,"fire_occurred":0,"prediction":0.1592}},{"type":"Feature","geometry":{"type":"Point","coordinates":[30.8,11.5]},"properties":{"region":2,"fire_occurred":0,"prediction":0.1235}},{"type":"Feature","geometry":{"type":"Point","coordinates":[30.8,29.9]},"properties":{"region":2,"fire_occurred":1,"prediction":0.0773}},{"type":"Feature","geometry":{"type":"Point","coordinates":[30.9,-22.0]},"properties":{"region":2,"fire_occurred":1,"prediction":0.0223}},{"type":"Feature","geometry":{"type":"Point","coordinates":[30.9,10.3]},"properties":{"region":2,"fire_occurred":0,"prediction":0.3311}},{"type":"Feature","geometry":{"type":"Point","coordinates":[30.9,10.4]},"properties":{"region":2,"fire_occurred":0,"prediction":0.1789}},{"type":"Feature","geometry":{"type":"Point","coordinates":[30.9,10.5]},"properties":{"region":2,"fire_occurred":0,"prediction":0.239}},{"type":"Feature","geometry":{"type":"Point","coordinates":[30.9,11.2]},"properties":{"region":2,"fire_occurred":0,"prediction":0.1061}},{"type":"Feature","geometry":{"type":"Point","coordinates":[31.0,-19.4]},"properties":{"region":2,"fire_occurred":0,"prediction":0.1201}},{"type":"Feature","geometry":{"type":"Point","coordinates":[31.0,11.2]},"properties":{"region":2,"fire_occurred":0,"prediction":0.1223}},{"type":"Feature","geometry":{"type":"Point","coordinates":[31.1,11.3]},"properties":{"region":2,"fire_occurred":1,"prediction":0.0576}},{"type":"Feature","geometry":{"type":"Point","coordinates":[31.1,11.4]},"properties":{"region":2,"fire_occurred":1,"prediction":0.0201}},{"type":"Feature","geometry":{"type":"Point","coordinates":[31.3,-19.4]},"properties":{"region":2,"fire_occurred":0,"prediction":0.1031}},{"type":"Feature","geometry":{"type":"Point","coordinates":[31.4,-15.6]},"properties":{"region":2,"fire_occurred":1,"prediction":0.0679}},{"type":"Feature","geometry":{"type":"Point","coordinates":[31.4,-15.5]},"properties":{"region":2,"fire_occurred":0,"prediction":0.1069}},{"type":"Feature","geometry":{"type":"Point","coordinates":[31.5,-15.5]},"properties":{"region":2,"fire_occurred":0,"prediction":0.1074}},{"type":"Feature","geometry":{"type":"Point","coordinates":[31.5,-15.4]},"properties":{"region":2,"fire_occurred":0,"prediction":0.1096}},{"type":"Feature","geometry":{"type":"Point","coordinates":[31.5,-15.3]},"properties":{"region":2,"fire_occurred":0,"prediction":0.1246}},{"type":"Feature","geometry":{"type":"Point","coordinates":[31.6,-15.5]},"properties":{"region":2,"fire_occurred":0,"prediction":0.1047}},{"type":"Feature","geometry":{"type":"Point","coordinates":[31.6,-15.4]},"properties":{"region":2,"fire_occurred":0,"prediction":0.1192}},{"type":"Feature","geometry":{"type":"Point","coordinates":[31.7,-15.4]},"properties":{"region":2,"fire_occurred":0,"prediction":0.1185}},{"type":"Feature","geometry":{"type":"Point","coordinates":[31.7,-15.3]},"properties":{"region":2,"fire_occurred":0,"prediction":0.1239}},{"type":"Feature","geometry":{"type":"Point","coordinates":[31.8,-22.1]},"properties":{"region":2,"fire_occurred":1,"prediction":0.0137}},{"type":"Feature","geometry":{"type":"Point","coordinates":[31.8,-15.5]},"properties":{"region":2,"fire_occurred":0,"prediction":0.1672}},{"type":"Feature","geometry":{"type":"Point","coordinates":[31.8,-15.4]},"properties":{"region":2,"fire_occurred":0,"prediction":0.1429}},{"type":"Feature","geometry":{"type":"Point","coordinates":[31.9,-22.1]},"properties":{"region":2,"fire_occurred":1,"prediction":0.2031}},{"type":"Feature","geometry":{"type":"Point","coordinates":[31.9,-21.9]},"properties":{"region":2,"fire_occurred":1,"prediction":0.1941}},{"type":"Feature","geometry":{"type":"Point","coordinates":[31.9,-21.8]},"properties":{"region":2,"fire_occurred":1,"prediction":0.0621}},{"type":"Feature","geometry":{"type":"Point","coordinates":[31.9,-15.3]},"properties":{"region":2,"fire_occurred":0,"prediction":0.1488}},{"type":"Feature","geometry":{"type":"Point","coordinates":[31.9,-14.7]},"properties":{"region":2,"fire_occurred":0,"prediction":0.105}},{"type":"Feature","geometry":{"type":"Point","coordinates":[32.0,-22.1]},"properties":{"region":2,"fire_occurred":1,"prediction":0.0676}},{"type":"Feature","geometry":{"type":"Point","coordinates":[32.0,-21.9]},"properties":{"region":2,"fire_occurred":1,"prediction":0.0378}},{"type":"Feature","geometry":{"type":"Point","coordinates":[32.0,-20.1]},"properties":{"region":2,"fire_occurred":1,"prediction":0.0192}},{"type":"Feature","geometry":{"type":"Point","coordinates":[32.0,-20.0]},"properties":{"region":2,"fire_occurred":1,"prediction":0.0137}},{"type":"Feature","geometry":{"type":"Point","coordinates":[32.0,11.1]},"properties":{"region":2,"fire_occurred":1,"prediction":0.0393}},{"type":"Feature","geometry":{"type":"Point","coordinates":[32.1,-23.5]},"properties":{"region":2,"fire_occurred":1,"prediction":0.0123}},{"type":"Feature","geometry":{"type":"Point","coordinates":[32.1,-23.4]},"properties":{"region":2,"fire_occurred":1,"prediction":0.0157}},{"type":"Feature","geometry":{"type":"Point","coordinates":[32.1,-22.2]},"properties":{"region":2,"fire_occurred":1,"prediction":0.0754}},{"type":"Feature","geometry":{"type":"Point","coordinates":[32.1,11.1]},"properties":{"region":2,"fire_occurred":1,"prediction":0.0535}},{"type":"Feature","geometry":{"type":"Point","coordinates":[32.2,-23.5]},"properties":{"region":2,"fire_occurred":1,"prediction":0.018}},{"type":"Feature","geometry":{"type":"Point","coordinates":[32.2,-23.4]},"properties":{"region":2,"fire_occurred":1,"prediction":0.0207}},{"type":"Feature","geometry":{"type":"Point","coordinates":[32.2,-15.5]},"properties":{"region":2,"fire_occurred":1,"prediction":0.0495}},{"type":"Feature","geometry":{"type":"Point","coordinates":[32.2,-15.0]},"properties":{"region":2,"fire_occurred":0,"prediction":0.11}},{"type":"Feature","geometry":{"type":"Point","coordinates":[32.3,-22.5]},"properties":{"region":2,"fire_occurred":1,"prediction":0.0085}},{"type":"Feature","geometry":{"type":"Point","coordinates":[32.3,-22.2]},"properties":{"region":2,"fire_occurred":1,"prediction":0.0259}},{"type":"Feature","geometry":{"type":"Point","coordinates":[32.3,-21.6]},"properties":{"region":2,"fire_occurred":0,"prediction":0.1162}},{"type":"Feature","geometry":{"type":"Point","coordinates":[32.3,-15.9]},"properties":{"region":2,"fire_occurred":0,"prediction":0.1268}},{"type":"Feature","geometry":{"type":"Point","coordinates":[32.4,-21.4]},"properties":{"region":2,"fire_occurred":0,"prediction":0.1213}},{"type":"Feature","geometry":{"type":"Point","coordinates":[32.5,-22.9]},"properties":{"region":2,"fire_occurred":1,"prediction":0.015}},{"type":"Feature","geometry":{"type":"Point","coordinates":[32.5,-22.7]},"properties":{"region":2,"fire_occurred":0,"prediction":0.2101}},{"type":"Feature","geometry":{"type":"Point","coordinates":[32.5,-22.3]},"properties":{"region":2,"fire_occurred":1,"prediction":0.0229}},{"type":"Feature","geometry":{"type":"Point","coordinates":[32.5,-21.3]},"properties":{"region":2,"fire_occurred":1,"prediction":0.0831}},{"type":"Feature","geometry":{"type":"Point","coordinates":[32.5,-14.6]},"properties":{"region":2,"fire_occurred":0,"prediction":0.2147}},{"type":"Feature","geometry":{"type":"Point","coordinates":[32.6,-22.4]},"properties":{"region":2,"fire_occurred":1,"prediction":0.0693}},{"type":"Feature","geometry":{"type":"Point","coordinates":[32.6,-22.2]},"properties":{"region":2,"fire_occurred":1,"prediction":0.0117}},{"type":"Feature","geometry":{"type":"Point","coordinates":[32.6,-21.8]},"properties":{"region":2,"fire_occurred":1,"prediction":0.0793}},{"type":"Feature","geometry":{"type":"Point","coordinates":[32.6,-21.4]},"properties":{"region":2,"fire_occurred":0,"prediction":0.1349}},{"type":"Feature","geometry":{"type":"Point","coordinates":[32.6,-21.3]},"properties":{"region":2,"fire_occurred":1,"prediction":0.0313}},{"type":"Feature","geometry":{"type":"Point","coordinates":[32.6,-20.2]},"properties":{"region":2,"fire_occurred":0,"prediction":0.1403}},{"type":"Feature","geometry":{"type":"Point","coordinates":[32.6,-20.1]},"properties":{"region":2,"fire_occurred":0,"prediction":0.1442}},{"type":"Feature","geometry":{"type":"Point","coordinates":[32.6,-14.6]},"properties":{"region":2,"fire_occurred":0,"prediction":0.122}},{"type":"Feature","geometry":{"type":"Point","coordinates":[32.6,11.0]},"properties":{"region":2,"fire_occurred":0,"prediction":0.1248}},{"type":"Feature","geometry":{"type":"Point","coordinates":[32.7,-22.8]},"properties":{"region":2,"fire_occurred":1,"prediction":0.0403}},{"type":"Feature","geometry":{"type":"Point","coordinates":[32.7,-22.1]},"properties":{"region":2,"fire_occurred":1,"prediction":0.0169}},{"type":"Feature","geometry":{"type":"Point","coordinates":[32.7,-21.6]},"properties":{"region":2,"fire_occurred":1,"prediction":0.0112}},{"type":"Feature","geometry":{"type":"Point","coordinates":[32.7,-21.4]},"properties":{"region":2,"fire_occurred":1,"prediction":0.0179}},{"type":"Feature","geometry":{"type":"Point","coordinates":[32.7,-21.2]},"properties":{"region":2,"fire_occurred":1,"prediction":0.0315}},{"type":"Feature","geometry":{"type":"Point","coordinates":[32.7,-20.4]},"properties":{"region":2,"fire_occurred":0,"prediction":0.1987}},{"type":"Feature","geometry":{"type":"Point","coordinates":[32.7,-20.3]},"properties":{"region":2,"fire_occurred":1,"prediction":0.0096}},{"type":"Feature","geometry":{"type":"Point","coordinates":[32.7,-20.2]},"properties":{"region":2,"fire_occurred":0,"prediction":0.1892}},{"type":"Feature","geometry":{"type":"Point","coordinates":[32.7,-20.0]},"properties":{"region":2,"fire_occurred":1,"prediction":0.4743}},{"type":"Feature","geometry":{"type":"Point","coordinates":[32.7,-19.9]},"properties":{"region":2,"fire_occurred":0,"prediction":0.1805}},{"type":"Feature","geometry":{"type":"Point","coordinates":[32.7,-19.8]},"properties":{"region":2,"fire_occurred":1,"prediction":0.2402}},{"type":"Feature","geometry":{"type":"Point","coordinates":[32.8,-23.4]},"properties":{"region":2,"fire_occurred":1,"prediction":0.0303}},{"type":"Feature","geometry":{"type":"Point","coordinates":[32.8,-22.8]},"properties":{"region":2,"fire_occurred":1,"prediction":0.2079}},{"type":"Feature","geometry":{"type":"Point","coordinates":[32.8,-22.4]},"properties":{"region":2,"fire_occurred":1,"prediction":0.1483}},{"type":"Feature","geometry":{"type":"Point","coordinates":[32.8,-22.3]},"properties":{"region":2,"fire_occurred":1,"prediction":0.0606}},{"type":"Feature","geometry":{"type":"Point","coordinates":[32.8,-22.2]},"properties":{"region":2,"fire_occurred":1,"prediction":0.1051}},{"type":"Feature","geometry":{"type":"Point","coordinates":[32.8,-21.4]},"properties":{"region":2,"fire_occurred":1,"prediction":0.0518}},{"type":"Feature","geometry":{"type":"Point","coordinates":[32.8,-20.6]},"properties":{"region":2,"fire_occurred":0,"prediction":0.1847}},{"type":"Feature","geometry":{"type":"Point","coordinates":[32.8,-20.5]},"properties":{"region":2,"fire_occurred":0,"prediction":0.2753}},{"type":"Feature","geometry":{"type":"Point","coordinates":[32.8,-20.4]},"properties":{"region":2,"fire_occurred":0,"prediction":0.2937}},{"type":"Feature","geometry":{"type":"Point","coordinates":[32.8,-20.0]},"properties":{"region":2,"fire_occurred":0,"prediction":0.125}},{"type":"Feature","geometry":{"type":"Point","coordinates":[32.8,-19.9]},"properties":{"region":2,"fire_occurred":0,"prediction":0.4847}},{"type":"Feature","geometry":{"type":"Point","coordinates":[32.8,-19.7]},"properties":{"region":2,"fire_occurred":0,"prediction":0.1451}},{"type":"Feature","geometry":{"type":"Point","coordinates":[32.9,-24.1]},"properties":{"region":2,"fire_occurred":1,"prediction":0.0517}},{"type":"Feature","geometry":{"type":"Point","coordinates":[32.9,-23.5]},"properties":{"region":2,"fire_occurred":1,"prediction":0.0344}},{"type":"Feature","geometry":{"type":"Point","coordinates":[32.9,-23.4]},"properties":{"region":2,"fire_occurred":1,"prediction":0.1042}},{"type":"Feature","geometry":{"type":"Point","coordinates":[32.9,-23.0]},"properties":{"region":2,"fire_occurred":1,"prediction":0.0064}},{"type":"Feature","geometry":{"type":"Point","coordinates":[32.9,-22.8]},"properties":{"region":2,"fire_occurred":1,"prediction":0.0242}},{"type":"Feature","geometry":{"type":"Point","coordinates":[32.9,-22.0]},"properties":{"region":2,"fire_occurred":1,"prediction":0.026}},{"type":"Feature","geometry":{"type":"Point","coordinates":[32.9,-20.5]},"properties":{"region":2,"fire_occurred":0,"prediction":0.1768}},{"type":"Feature","geometry":{"type":"Point","coordinates":[32.9,-20.4]},"properties":{"region":2,"fire_occurred":1,"prediction":0.1617}},{"type":"Feature","geometry":{"type":"Point","coordinates":[32.9,-20.3]},"properties":{"region":2,"fire_occurred":0,"prediction":0.2966}},{"type":"Feature","geometry":{"type":"Point","coordinates":[32.9,-20.2]},"properties":{"region":2,"fire_occurred":0,"prediction":0.2725}},{"type":"Feature","geometry":{"type":"Point","coordinates":[32.9,-20.1]},"properties":{"region":2,"fire_occurred":0,"prediction":0.2831}},{"type":"Feature","geometry":{"type":"Point","coordinates":[32.9,-20.0]},"properties":{"region":2,"fire_occurred":1,"prediction":0.519}},{"type":"Feature","geometry":{"type":"Point","coordinates":[32.9,-19.9]},"properties":{"region":2,"fire_occurred":1,"prediction":0.0558}},{"type":"Feature","geometry":{"type":"Point","coordinates":[33.0,-23.6]},"properties":{"region":2,"fire_occurred":1,"prediction":0.0873}},{"type":"Feature","geometry":{"type":"Point","coordinates":[33.0,-23.5]},"properties":{"region":2,"fire_occurred":1,"prediction":0.0344}},{"type":"Feature","geometry":{"type":"Point","coordinates":[33.0,-23.2]},"properties":{"region":2,"fire_occurred":1,"prediction":0.0101}},{"type":"Feature","geometry":{"type":"Point","coordinates":[33.0,-23.0]},"properties":{"region":2,"fire_occurred":1,"prediction":0.0067}},{"type":"Feature","geometry":{"type":"Point","coordinates":[33.0,-22.9]},"properties":{"region":2,"fire_occurred":0,"prediction":0.2169}},{"type":"Feature","geometry":{"type":"Point","coordinates":[33.0,-21.9]},"properties":{"region":2,"fire_occurred":1,"prediction":0.0311}},{"type":"Feature","geometry":{"type":"Point","coordinates":[33.0,-21.5]},"properties":{"region":2,"fire_occurred":1,"prediction":0.0445}},{"type":"Feature","geometry":{"type":"Point","coordinates":[33.0,-21.4]},"properties":{"region":2,"fire_occurred":1,"prediction":0.0824}},{"type":"Feature","geometry":{"type":"Point","coordinates":[33.0,-21.3]},"properties":{"region":2,"fire_occurred":0,"prediction":0.2506}},{"type":"Feature","geometry":{"type":"Point","coordinates":[33.0,-20.3]},"properties":{"region":2,"fire_occurred":0,"prediction":0.1312}},{"type":"Feature","geometry":{"type":"Point","coordinates":[33.0,-20.2]},"properties":{"region":2,"fire_occurred":0,"prediction":0.2777}},{"type":"Feature","geometry":{"type":"Point","coordinates":[33.0,-20.1]},"properties":{"region":2,"fire_occurred":0,"prediction":0.3854}},{"type":"Feature","geometry":{"type":"Point","coordinates":[33.0,-19.6]},"properties":{"region":2,"fire_occurred":0,"prediction":0.1806}},{"type":"Feature","geometry":{"type":"Point","coordinates":[33.0,-18.7]},"properties":{"region":2,"fire_occurred":0,"prediction":0.3586}},{"type":"Feature","geometry":{"type":"Point","coordinates":[33.0,-18.6]},"properties":{"region":2,"fire_occurred":0,"prediction":0.2914}},{"type":"Feature","geometry":{"type":"Point","coordinates":[33.0,-18.5]},"properties":{"region":2,"fire_occurred":0,"prediction":0.2162}},{"type":"Feature","geometry":{"type":"Point","coordinates":[33.0,-18.3]},"properties":{"region":2,"fire_occurred":0,"prediction":0.2598}},{"type":"Feature","geometry":{"type":"Point","coordinates":[33.0,-18.2]},"properties":{"region":2,"fire_occurred":0,"prediction":0.253}},{"type":"Feature","geometry":{"type":"Point","coordinates":[33.0,38.3]},"properties":{"region":2,"fire_occurred":1,"prediction":0.0111}},{"type":"Feature","geometry":{"type":"Point","coordinates":[33.1,-23.7]},"properties":{"region":2,"fire_occurred":0,"prediction":0.1203}},{"type":"Feature","geometry":{"type":"Point","coordinates":[33.1,-23.3]},"properties":{"region":2,"fire_occurred":0,"prediction":0.3036}},{"type":"Feature","geometry":{"type":"Point","coordinates":[33.1,-23.2]},"properties":{"region":2,"fire_occurred":1,"prediction":0.0684}},{"type":"Feature","geometry":{"type":"Point","coordinates":[33.1,-22.1]},"properties":{"region":2,"fire_occurred":1,"prediction":0.0488}},{"type":"Feature","geometry":{"type":"Point","coordinates":[33.1,-22.0]},"properties":{"region":2,"fire_occurred":1,"prediction":0.1769}},{"type":"Feature","geometry":{"type":"Point","coordinates":[33.1,-21.8]},"properties":{"region":2,"fire_occurred":1,"prediction":0.0543}},{"type":"Feature","geometry":{"type":"Point","coordinates":[33.1,-21.3]},"properties":{"region":2,"fire_occurred":1,"prediction":0.1467}},{"type":"Feature","geometry":{"type":"Point","coordinates":[33.1,-20.3]},"properties":{"region":2,"fire_occurred":0,"prediction":0.1301}},{"type":"Feature","geometry":{"type":"Point","coordinates":[33.1,-20.2]},"properties":{"region":2,"fire_occurred":0,"prediction":0.1804}},{"type":"Feature","geometry":{"type":"Point","coordinates":[33.1,-20.1]},"properties":{"region":2,"fire_occurred":0,"prediction":0.4807}},{"type":"Feature","geometry":{"type":"Point","coordinates":[33.1,-19.8]},"properties":{"region":2,"fire_occurred":0,"prediction":0.1376}},{"type":"Feature","geometry":{"type":"Point","coordinates":[33.1,-19.7]},"properties":{"region":2,"fire_occurred":0,"prediction":0.1449}},{"type":"Feature","geometry":{"type":"Point","coordinates":[33.1,-19.6]},"properties":{"region":2,"fire_occurred":0,"prediction":0.2228}},{"type":"Feature","geometry":{"type":"Point","coordinates":[33.1,-18.9]},"properties":{"region":2,"fire_occurred":0,"prediction":0.1878}},{"type":"Feature","geometry":{"type":"Point","coordinates":[33.1,-18.7]},"properties":{"region":2,"fire_occurred":0,"prediction":0.2525}},{"type":"Feature","geometry":{"type":"Point","coordinates":[33.1,-18.6]},"properties":{"region":2,"fire_occurred":0,"prediction":0.1138}},{"type":"Feature","geometry":{"type":"Point","coordinates":[33.1,-18.3]},"properties":{"region":2,"fire_occurred":0,"prediction":0.1216}},{"type":"Feature","geometry":{"type":"Point","coordinates":[33.1,-18.2]},"properties":{"region":2,"fire_occurred":0,"prediction":0.2245}},{"type":"Feature","geometry":{"type":"Point","coordinates":[33.2,-22.9]},"properties":{"region":2,"fire_occurred":1,"prediction":0.0108}},{"type":"Feature","geometry":{"type":"Point","coordinates":[33.2,-22.1]},"properties":{"region":2,"fire_occurred":1,"prediction":0.012}},{"type":"Feature","geometry":{"type":"Point","coordinates":[33.2,-22.0]},"properties":{"region":2,"fire_occurred":1,"prediction":0.0196}},{"type":"Feature","geometry":{"type":"Point","coordinates":[33.2,-21.7]},"properties":{"region":2,"fire_occurred":1,"prediction":0.0125}},{"type":"Feature","geometry":{"type":"Point","coordinates":[33.2,-21.3]},"properties":{"region":2,"fire_occurred":1,"prediction":0.0705}},{"type":"Feature","geometry":{"type":"Point","coordinates":[33.2,-21.2]},"properties":{"region":2,"fire_occurred":1,"prediction":0.2965}},{"type":"Feature","geometry":{"type":"Point","coordinates":[33.2,-21.1]},"properties":{"region":2,"fire_occurred":0,"prediction":0.2764}},{"type":"Feature","geometry":{"type":"Point","coordinates":[33.2,-21.0]},"properties":{"region":2,"fire_occurred":0,"prediction":0.16}},{"type":"Feature","geometry":{"type":"Point","coordinates":[33.2,-20.9]},"properties":{"region":2,"fire_occurred":0,"prediction":0.2562}},{"type":"Feature","geometry":{"type":"Point","coordinates":[33.2,-20.0]},"properties":{"region":2,"fire_occurred":0,"prediction":0.1348}},{"type":"Feature","geometry":{"type":"Point","coordinates":[33.2,-19.9]},"properties":{"region":2,"fire_occurred":0,"prediction":0.1707}},{"type":"Feature","geometry":{"type":"Point","coordinates":[33.2,-19.8]},"properties":{"region":2,"fire_occurred":0,"prediction":0.2033}},{"type":"Feature","geometry":{"type":"Point","coordinates":[33.2,-19.7]},"properties":{"region":2,"fire_occurred":0,"prediction":0.1814}},{"type":"Feature","geometry":{"type":"Point","coordinates":[33.2,-19.6]},"properties":{"region":2,"fire_occurred":0,"prediction":0.1309}},{"type":"Feature","geometry":{"type":"Point","coordinates":[33.2,-18.9]},"properties":{"region":2,"fire_occurred":1,"prediction":0.0209}},{"type":"Feature","geometry":{"type":"Point","coordinates":[33.2,-18.5]},"properties":{"region":2,"fire_occurred":0,"prediction":0.1753}},{"type":"Feature","geometry":{"type":"Point","coordinates":[33.2,-18.4]},"properties":{"region":2,"fire_occurred":0,"prediction":0.1035}},{"type":"Feature","geometry":{"type":"Point","coordinates":[33.2,-18.1]},"properties":{"region":2,"fire_occurred":0,"prediction":0.1896}},{"type":"Feature","geometry":{"type":"Point","coordinates":[33.2,-14.6]},"properties":{"region":2,"fire_occurred":1,"prediction":0.0213}},{"type":"Feature","geometry":{"type":"Point","coordinates":[33.3,-24.0]},"properties":{"region":2,"fire_occurred":0,"prediction":0.166}},{"type":"Feature","geometry":{"type":"Point","coordinates":[33.3,-22.3]},"properties":{"region":2,"fire_occurred":1,"prediction":0.0904}},{"type":"Feature","geometry":{"type":"Point","coordinates":[33.3,-22.2]},"properties":{"region":2,"fire_occurred":1,"prediction":0.0483}},{"type":"Feature","geometry":{"type":"Point","coordinates":[33.3,-21.8]},"properties":{"region":2,"fire_occurred":1,"prediction":0.0207}},{"type":"Feature","geometry":{"type":"Point","coordinates":[33.3,-21.7]},"properties":{"region":2,"fire_occurred":1,"prediction":0.0419}},{"type":"Feature","geometry":{"type":"Point","coordinates":[33.3,-21.6]},"properties":{"region":2,"fire_occurred":1,"prediction":0.0161}},{"type":"Feature","geometry":{"type":"Point","coordinates":[33.3,-21.3]},"properties":{"region":2,"fire_occurred":1,"prediction":0.1115}},{"type":"Feature","geometry":{"type":"Point","coordinates":[33.3,-21.2]},"properties":{"region":2,"fire_occurred":1,"prediction":0.3117}},{"type":"Feature","geometry":{"type":"Point","coordinates":[33.3,-21.1]},"properties":{"region":2,"fire_occurred":1,"prediction":0.0535}},{"type":"Feature","geometry":{"type":"Point","coordinates":[33.3,-21.0]},"properties":{"region":2,"fire_occurred":0,"prediction":0.3139}},{"type":"Feature","geometry":{"type":"Point","coordinates":[33.3,-20.9]},"properties":{"region":2,"fire_occurred":0,"prediction":0.1145}},{"type":"Feature","geometry":{"type":"Point","coordinates":[33.3,-20.8]},"properties":{"region":2,"fire_occurred":0,"prediction":0.2286}},{"type":"Feature","geometry":{"type":"Point","coordinates":[33.3,-19.8]},"properties":{"region":2,"fire_occurred":0,"prediction":0.2863}},{"type":"Feature","geometry":{"type":"Point","coordinates":[33.3,-19.7]},"properties":{"region":2,"fire_occurred":0,"prediction":0.5211}},{"type":"Feature","geometry":{"type":"Point","coordinates":[33.3,-19.6]},"properties":{"region":2,"fire_occurred":1,"prediction":0.0337}},{"type":"Feature","geometry":{"type":"Point","coordinates":[33.3,-18.3]},"properties":{"region":2,"fire_occurred":0,"prediction":0.1075}},{"type":"Feature","geometry":{"type":"Point","coordinates":[33.3,-18.2]},"properties":{"region":2,"fire_occurred":1,"prediction":0.0437}},{"type":"Feature","geometry":{"type":"Point","coordinates":[33.3,-18.1]},"properties":{"region":2,"fire_occurred":0,"prediction":0.1387}},{"type":"Feature","geometry":{"type":"Point","coordinates":[33.4,-24.0]},"properties":{"region":2,"fire_occurred":1,"prediction":0.046}},{"type":"Feature","geometry":{"type":"Point","coordinates":[33.4,-23.2]},"properties":{"region":2,"fire_occurred":1,"prediction":0.1179}},{"type":"Feature","geometry":{"type":"Point","coordinates":[33.4,-22.9]},"properties":{"region":2,"fire_occurred":1,"prediction":0.0206}},{"type":"Feature","geometry":{"type":"Point","coordinates":[33.4,-22.3]},"properties":{"region":2,"fire_occurred":1,"prediction":0.1367}},{"type":"Feature","geometry":{"type":"Point","coordinates":[33.4,-21.6]},"properties":{"region":2,"fire_occurred":1,"prediction":0.0615}},{"type":"Feature","geometry":{"type":"Point","coordinates":[33.4,-21.1]},"properties":{"region":2,"fire_occurred":1,"prediction":0.1336}},{"type":"Feature","geometry":{"type":"Point","coordinates":[33.4,-21.0]},"properties":{"region":2,"fire_occurred":1,"prediction":0.2511}},{"type":"Feature","geometry":{"type":"Point","coordinates":[33.4,-20.8]},"properties":{"region":2,"fire_occurred":0,"prediction":0.1725}},{"type":"Feature","geometry":{"type":"Point","coordinates":[33.4,-19.9]},"properties":{"region":2,"fire_occurred":0,"prediction":0.133}},{"type":"Feature","geometry":{"type":"Point","coordinates":[33.4,-19.8]},"properties":{"region":2,"fire_occurred":0,"prediction":0.1646}},{"type":"Feature","geometry":{"type":"Point","coordinates":[33.4,-19.7]},"properties":{"region":2,"fire_occurred":1,"prediction":0.1898}},{"type":"Feature","geometry":{"type":"Point","coordinates":[33.4,-18.8]},"properties":{"region":2,"fire_occurred":0,"prediction":0.1043}},{"type":"Feature","geometry":{"type":"Point","coordinates":[33.4,-18.7]},"properties":{"region":2,"fire_occurred":0,"prediction":0.2187}},{"type":"Feature","geometry":{"type":"Point","coordinates":[33.4,-14.7]},"properties":{"region":2,"fire_occurred":0,"prediction":0.123}},{"type":"Feature","geometry":{"type":"Point","coordinates":[33.5,-24.0]},"properties":{"region":2,"fire_occurred":1,"prediction":0.0784}},{"type":"Feature","geometry":{"type":"Point","coordinates":[33.5,-23.5]},"properties":{"region":2,"fire_occurred":1,"prediction":0.2043}},{"type":"Feature","geometry":{"type":"Point","coordinates":[33.5,-23.4]},"properties":{"region":2,"fire_occurred":1,"prediction":0.1778}},{"type":"Feature","geometry":{"type":"Point","coordinates":[33.5,-23.3]},"properties":{"region":2,"fire_occurred":1,"prediction":0.0352}},{"type":"Feature","geometry":{"type":"Point","coordinates":[33.5,-23.2]},"properties":{"region":2,"fire_occurred":1,"prediction":0.0177}},{"type":"Feature","geometry":{"type":"Point","coordinates":[33.5,-23.1]},"properties":{"region":2,"fire_occurred":1,"prediction":0.0168}},{"type":"Feature","geometry":{"type":"Point","coordinates":[33.5,-21.0]},"properties":{"region":2,"fire_occurred":0,"prediction":0.2545}},{"type":"Feature","geometry":{"type":"Point","coordinates":[33.5,-20.9]},"properties":{"region":2,"fire_occurred":0,"prediction":0.2978}},{"type":"Feature","geometry":{"type":"Point","coordinates":[33.5,-20.7]},"properties":{"region":2,"fire_occurred":1,"prediction":0.1535}},{"type":"Feature","geometry":{"type":"Point","coordinates":[33.5,-20.6]},"properties":{"region":2,"fire_occurred":0,"prediction":0.1431}},{"type":"Feature","geometry":{"type":"Point","coordinates":[33.5,-19.9]},"properties":{"region":2,"fire_occurred":0,"prediction":0.1982}},{"type":"Feature","geometry":{"type":"Point","coordinates":[33.5,-19.8]},"properties":{"region":2,"fire_occurred":0,"prediction":0.1694}},{"type":"Feature","geometry":{"type":"Point","coordinates":[33.5,-19.4]},"properties":{"region":2,"fire_occurred":0,"prediction":0.1328}},{"type":"Feature","geometry":{"type":"Point","coordinates":[33.5,-18.9]},"properties":{"region":2,"fire_occurred":1,"prediction":0.0255}},{"type":"Feature","geometry":{"type":"Point","coordinates":[33.5,-18.8]},"properties":{"region":2,"fire_occurred":0,"prediction":0.2215}},{"type":"Feature","geometry":{"type":"Point","coordinates":[33.5,-18.7]},"properties":{"region":2,"fire_occurred":0,"prediction":0.13}},{"type":"Feature","geometry":{"type":"Point","coordinates":[33.5,-18.1]},"properties":{"region":2,"fire_occurred":1,"prediction":0.0569}},{"type":"Feature","geometry":{"type":"Point","coordinates":[33.5,-14.3]},"properties":{"region":2,"fire_occurred":0,"prediction":0.1792}},{"type":"Feature","geometry":{"type":"Point","coordinates":[33.6,-23.9]},"properties":{"region":2,"fire_occurred":1,"prediction":0.0555}},{"type":"Feature","geometry":{"type":"Point","coordinates":[33.6,-23.7]},"properties":{"region":2,"fire_occurred":1,"prediction":0.0957}},{"type":"Feature","geometry":{"type":"Point","coordinates":[33.6,-23.3]},"properties":{"region":2,"fire_occurred":1,"prediction":0.1352}},{"type":"Feature","geometry":{"type":"Point","coordinates":[33.6,-23.2]},"properties":{"region":2,"fire_occurred":1,"prediction":0.0077}},{"type":"Feature","geometry":{"type":"Point","coordinates":[33.6,-23.1]},"properties":{"region":2,"fire_occurred":1,"prediction":0.0525}},{"type":"Feature","geometry":{"type":"Point","coordinates":[33.6,-23.0]},"properties":{"region":2,"fire_occurred":1,"prediction":0.0318}},{"type":"Feature","geometry":{"type":"Point","coordinates":[33.6,-22.4]},"properties":{"region":2,"fire_occurred":0,"prediction":0.1281}},{"type":"Feature","geometry":{"type":"Point","coordinates":[33.6,-21.2]},"properties":{"region":2,"fire_occurred":0,"prediction":0.1533}},{"type":"Feature","geometry":{"type":"Point","coordinates":[33.6,-20.9]},"properties":{"region":2,"fire_occurred":0,"prediction":0.1178}},{"type":"Feature","geometry":{"type":"Point","coordinates":[33.6,-20.8]},"properties":{"region":2,"fire_occurred":0,"prediction":0.1062}},{"type":"Feature","geometry":{"type":"Point","coordinates":[33.6,-20.6]},"properties":{"region":2,"fire_occurred":1,"prediction":0.099}},{"type":"Feature","geometry":{"type":"Point","coordinates":[33.6,-20.5]},"properties":{"region":2,"fire_occurred":0,"prediction":0.2849}},{"type":"Feature","geometry":{"type":"Point","coordinates":[33.6,-20.4]},"properties":{"region":2,"fire_occurred":0,"prediction":0.1058}},{"type":"Feature","geometry":{"type":"Point","coordinates":[33.6,-19.3]},"properties":{"region":2,"fire_occurred":0,"prediction":0.1232}},{"type":"Feature","geometry":{"type":"Point","coordinates":[33.6,-18.9]},"properties":{"region":2,"fire_occurred":1,"prediction":0.0837}},{"type":"Feature","geometry":{"type":"Point","coordinates":[33.6,-18.8]},"properties":{"region":2,"fire_occurred":0,"prediction":0.2525}},{"type":"Feature","geometry":{"type":"Point","coordinates":[33.6,-18.6]},"properties":{"region":2,"fire_occurred":0,"prediction":0.1097}},{"type":"Feature","geometry":{"type":"Point","coordinates":[33.6,-18.4]},"properties":{"region":2,"fire_occurred":0,"prediction":0.1165}},{"type":"Feature","geometry":{"type":"Point","coordinates":[33.7,-23.7]},"properties":{"region":2,"fire_occurred":1,"prediction":0.0282}},{"type":"Feature","geometry":{"type":"Point","coordinates":[33.7,-23.5]},"properties":{"region":2,"fire_occurred":0,"prediction":0.2359}},{"type":"Feature","geometry":{"type":"Point","coordinates":[33.7,-23.4]},"properties":{"region":2,"fire_occurred":1,"prediction":0.077}},{"type":"Feature","geometry":{"type":"Point","coordinates":[33.7,-23.3]},"properties":{"region":2,"fire_occurred":0,"prediction":0.1254}},{"type":"Feature","geometry":{"type":"Point","coordinates":[33.7,-23.2]},"properties":{"region":2,"fire_occurred":1,"prediction":0.0415}},{"type":"Feature","geometry":{"type":"Point","coordinates":[33.7,-23.0]},"properties":{"region":2,"fire_occurred":1,"prediction":0.0497}},{"type":"Feature","geometry":{"type":"Point","coordinates":[33.7,-20.7]},"properties":{"region":2,"fire_occurred":0,"prediction":0.1987}},{"type":"Feature","geometry":{"type":"Point","coordinates":[33.7,-20.6]},"properties":{"region":2,"fire_occurred":0,"prediction":0.2015}},{"type":"Feature","geometry":{"type":"Point","coordinates":[33.7,-20.5]},"properties":{"region":2,"fire_occurred":0,"prediction":0.2062}},{"type":"Feature","geometry":{"type":"Point","coordinates":[33.7,-20.4]},"properties":{"region":2,"fire_occurred":0,"prediction":0.3106}},{"type":"Feature","geometry":{"type":"Point","coordinates":[33.7,-20.3]},"properties":{"region":2,"fire_occurred":0,"prediction":0.2862}},{"type":"Feature","geometry":{"type":"Point","coordinates":[33.7,-19.6]},"properties":{"region":2,"fire_occurred":0,"prediction":0.1269}},{"type":"Feature","geometry":{"type":"Point","coordinates":[33.7,-19.1]},"properties":{"region":2,"fire_occurred":1,"prediction":0.0876}},{"type":"Feature","geometry":{"type":"Point","coordinates":[33.7,-18.3]},"properties":{"region":2,"fire_occurred":1,"prediction":0.1128}},{"type":"Feature","geometry":{"type":"Point","coordinates":[33.8,-24.0]},"properties":{"region":2,"fire_occurred":1,"prediction":0.0395}},{"type":"Feature","geometry":{"type":"Point","coordinates":[33.8,-23.9]},"properties":{"region":2,"fire_occurred":0,"prediction":0.1664}},{"type":"Feature","geometry":{"type":"Point","coordinates":[33.8,-23.5]},"properties":{"region":2,"fire_occurred":1,"prediction":0.0268}},{"type":"Feature","geometry":{"type":"Point","coordinates":[33.8,-22.1]},"properties":{"region":2,"fire_occurred":1,"prediction":0.1071}},{"type":"Feature","geometry":{"type":"Point","coordinates":[33.8,-21.3]},"properties":{"region":2,"fire_occurred":0,"prediction":0.1341}},{"type":"Feature","geometry":{"type":"Point","coordinates":[33.8,-20.9]},"properties":{"region":2,"fire_occurred":0,"prediction":0.1888}},{"type":"Feature","geometry":{"type":"Point","coordinates":[33.8,-20.6]},"properties":{"region":2,"fire_occurred":0,"prediction":0.2003}},{"type":"Feature","geometry":{"type":"Point","coordinates":[33.8,-20.5]},"properties":{"region":2,"fire_occurred":0,"prediction":0.1169}},{"type":"Feature","geometry":{"type":"Point","coordinates":[33.8,-20.4]},"properties":{"region":2,"fire_occurred":0,"prediction":0.321}},{"type":"Feature","geometry":{"type":"Point","coordinates":[33.8,-20.3]},"properties":{"region":2,"fire_occurred":0,"prediction":0.1013}},{"type":"Feature","geometry":{"type":"Point","coordinates":[33.8,-20.2]},"properties":{"region":2,"fire_occurred":0,"prediction":0.3047}},{"type":"Feature","geometry":{"type":"Point","coordinates":[33.8,-19.9]},"properties":{"region":2,"fire_occurred":0,"prediction":0.2166}},{"type":"Feature","geometry":{"type":"Point","coordinates":[33.8,-18.9]},"properties":{"region":2,"fire_occurred":0,"prediction":0.275}},{"type":"Feature","geometry":{"type":"Point","coordinates":[33.8,-18.8]},"properties":{"region":2,"fire_occurred":0,"prediction":0.1594}},{"type":"Feature","geometry":{"type":"Point","coordinates":[33.8,-18.5]},"properties":{"region":2,"fire_occurred":0,"prediction":0.1008}},{"type":"Feature","geometry":{"type":"Point","coordinates":[33.8,-15.3]},"properties":{"region":2,"fire_occurred":0,"prediction":0.1091}},{"type":"Feature","geometry":{"type":"Point","coordinates":[33.9,-23.9]},"properties":{"region":2,"fire_occurred":1,"prediction":0.1037}},{"type":"Feature","geometry":{"type":"Point","coordinates":[33.9,-23.6]},"properties":{"region":2,"fire_occurred":1,"prediction":0.0658}},{"type":"Feature","geometry":{"type":"Point","coordinates":[33.9,-23.5]},"properties":{"region":2,"fire_occurred":1,"prediction":0.0671}},{"type":"Feature","geometry":{"type":"Point","coordinates":[33.9,-23.4]},"properties":{"region":2,"fire_occurred":1,"prediction":0.0245}},{"type":"Feature","geometry":{"type":"Point","coordinates":[33.9,-23.3]},"properties":{"region":2,"fire_occurred":1,"prediction":0.0277}},{"type":"Feature","geometry":{"type":"Point","coordinates":[33.9,-20.3]},"properties":{"region":2,"fire_occurred":0,"prediction":0.2073}},{"type":"Feature","geometry":{"type":"Point","coordinates":[33.9,-20.2]},"properties":{"region":2,"fire_occurred":0,"prediction":0.3469}},{"type":"Feature","geometry":{"type":"Point","coordinates":[33.9,-20.1]},"properties":{"region":2,"fire_occurred":0,"prediction":0.2857}},{"type":"Feature","geometry":{"type":"Point","coordinates":[33.9,-19.7]},"properties":{"region":2,"fire_occurred":0,"prediction":0.2426}},{"type":"Feature","geometry":{"type":"Point","coordinates":[33.9,-18.9]},"properties":{"region":2,"fire_occurred":0,"prediction":0.1189}},{"type":"Feature","geometry":{"type":"Point","coordinates":[33.9,-18.8]},"properties":{"region":2,"fire_occurred":0,"prediction":0.1464}},{"type":"Feature","geometry":{"type":"Point","coordinates":[33.9,-15.8]},"properties":{"region":2,"fire_occurred":1,"prediction":0.0326}},{"type":"Feature","geometry":{"type":"Point","coordinates":[33.9,-15.3]},"properties":{"region":2,"fire_occurred":0,"prediction":0.1215}},{"type":"Feature","geometry":{"type":"Point","coordinates":[34.0,-23.6]},"properties":{"region":2,"fire_occurred":1,"prediction":0.0308}},{"type":"Feature","geometry":{"type":"Point","coordinates":[34.0,-23.5]},"properties":{"region":2,"fire_occurred":0,"prediction":0.2144}},{"type":"Feature","geometry":{"type":"Point","coordinates":[34.0,-23.4]},"properties":{"region":2,"fire_occurred":0,"prediction":0.1102}},{"type":"Feature","geometry":{"type":"Point","coordinates":[34.0,-22.5]},"properties":{"region":2,"fire_occurred":1,"prediction":0.0092}},{"type":"Feature","geometry":{"type":"Point","coordinates":[34.0,-22.0]},"properties":{"region":2,"fire_occurred":0,"prediction":0.1474}},{"type":"Feature","geometry":{"type":"Point","coordinates":[34.0,-21.8]},"properties":{"region":2,"fire_occurred":1,"prediction":0.0118}},{"type":"Feature","geometry":{"type":"Point","coordinates":[34.0,-21.7]},"properties":{"region":2,"fire_occurred":1,"prediction":0.0142}},{"type":"Feature","geometry":{"type":"Point","coordinates":[34.0,-21.4]},"properties":{"region":2,"fire_occurred":0,"prediction":0.1928}},{"type":"Feature","geometry":{"type":"Point","coordinates":[34.0,-20.3]},"properties":{"region":2,"fire_occurred":0,"prediction":0.1453}},{"type":"Feature","geometry":{"type":"Point","coordinates":[34.0,-20.2]},"properties":{"region":2,"fire_occurred":0,"prediction":0.2036}},{"type":"Feature","geometry":{"type":"Point","coordinates":[34.0,-20.1]},"properties":{"region":2,"fire_occurred":0,"prediction":0.1906}},{"type":"Feature","geometry":{"type":"Point","coordinates":[34.0,-17.0]},"properties":{"region":2,"fire_occurred":0,"prediction":0.2136}},{"type":"Feature","geometry":{"type":"Point","coordinates":[34.1,-23.5]},"properties":{"region":2,"fire_occurred":1,"prediction":0.1344}},{"type":"Feature","geometry":{"type":"Point","coordinates":[34.1,-23.1]},"properties":{"region":2,"fire_occurred":0,"prediction":0.1415}},{"type":"Feature","geometry":{"type":"Point","coordinates":[34.1,-23.0]},"properties":{"region":2,"fire_occurred":1,"prediction":0.0547}},{"type":"Feature","geometry":{"type":"Point","coordinates":[34.1,-22.7]},"properties":{"region":2,"fire_occurred":1,"prediction":0.1769}},{"type":"Feature","geometry":{"type":"Point","coordinates":[34.1,-20.4]},"properties":{"region":2,"fire_occurred":0,"prediction":0.1171}},{"type":"Feature","geometry":{"type":"Point","coordinates":[34.1,-20.3]},"properties":{"region":2,"fire_occurred":0,"prediction":0.1518}},{"type":"Feature","geometry":{"type":"Point","coordinates":[34.1,-20.2]},"properties":{"region":2,"fire_occurred":0,"prediction":0.1105}},{"type":"Feature","geometry":{"type":"Point","coordinates":[34.1,-20.1]},"properties":{"region":2,"fire_occurred":0,"prediction":0.1814}},{"type":"Feature","geometry":{"type":"Point","coordinates":[34.1,-15.6]},"properties":{"region":2,"fire_occurred":1,"prediction":0.0473}},{"type":"Feature","geometry":{"type":"Point","coordinates":[34.2,-23.9]},"properties":{"region":2,"fire_occurred":1,"prediction":0.0754}},{"type":"Feature","geometry":{"type":"Point","coordinates":[34.2,-23.8]},"properties":{"region":2,"fire_occurred":0,"prediction":0.1607}},{"type":"Feature","geometry":{"type":"Point","coordinates":[34.2,-23.7]},"properties":{"region":2,"fire_occurred":1,"prediction":0.0689}},{"type":"Feature","geometry":{"type":"Point","coordinates":[34.2,-23.6]},"properties":{"region":2,"fire_occurred":1,"prediction":0.0701}},{"type":"Feature","geometry":{"type":"Point","coordinates":[34.2,-23.5]},"properties":{"region":2,"fire_occurred":1,"prediction":0.1285}},{"type":"Feature","geometry":{"type":"Point","coordinates":[34.2,-23.3]},"properties":{"region":2,"fire_occurred":1,"prediction":0.0441}},{"type":"Feature","geometry":{"type":"Point","coordinates":[34.2,-23.1]},"properties":{"region":2,"fire_occurred":0,"prediction":0.1038}},{"type":"Feature","geometry":{"type":"Point","coordinates":[34.2,-21.9]},"properties":{"region":2,"fire_occurred":1,"prediction":0.0217}},{"type":"Feature","geometry":{"type":"Point","coordinates":[34.2,-21.6]},"properties":{"region":2,"fire_occurred":1,"prediction":0.019}},{"type":"Feature","geometry":{"type":"Point","coordinates":[34.2,-21.2]},"properties":{"region":2,"fire_occurred":0,"prediction":0.1332}},{"type":"Feature","geometry":{"type":"Point","coordinates":[34.2,-20.4]},"properties":{"region":2,"fire_occurred":0,"prediction":0.1224}},{"type":"Feature","geometry":{"type":"Point","coordinates":[34.2,-20.3]},"properties":{"region":2,"fire_occurred":0,"prediction":0.1281}},{"type":"Feature","geometry":{"type":"Point","coordinates":[34.2,-20.2]},"properties":{"region":2,"fire_occurred":0,"prediction":0.1551}},{"type":"Feature","geometry":{"type":"Point","coordinates":[34.2,-20.1]},"properties":{"region":2,"fire_occurred":1,"prediction":0.0394}},{"type":"Feature","geometry":{"type":"Point","coordinates":[34.2,-16.0]},"properties":{"region":2,"fire_occurred":1,"prediction":0.0376}},{"type":"Feature","geometry":{"type":"Point","coordinates":[34.2,-15.6]},"properties":{"region":2,"fire_occurred":0,"prediction":0.1019}},{"type":"Feature","geometry":{"type":"Point","coordinates":[34.3,-23.9]},"properties":{"region":2,"fire_occurred":1,"prediction":0.0617}},{"type":"Feature","geometry":{"type":"Point","coordinates":[34.3,-23.5]},"properties":{"region":2,"fire_occurred":1,"prediction":0.047}},{"type":"Feature","geometry":{"type":"Point","coordinates":[34.3,-23.4]},"properties":{"region":2,"fire_occurred":1,"prediction":0.0214}},{"type":"Feature","geometry":{"type":"Point","coordinates":[34.3,-23.3]},"properties":{"region":2,"fire_occurred":1,"prediction":0.0521}},{"type":"Feature","geometry":{"type":"Point","coordinates":[34.3,-23.1]},"properties":{"region":2,"fire_occurred":1,"prediction":0.0201}},{"type":"Feature","geometry":{"type":"Point","coordinates":[34.3,-21.9]},"properties":{"region":2,"fire_occurred":1,"prediction":0.01}},{"type":"Feature","geometry":{"type":"Point","coordinates":[34.3,-20.1]},"properties":{"region":2,"fire_occurred":0,"prediction":0.1196}},{"type":"Feature","geometry":{"type":"Point","coordinates":[34.3,-16.6]},"properties":{"region":2,"fire_occurred":1,"prediction":0.0464}},{"type":"Feature","geometry":{"type":"Point","coordinates":[34.3,-16.3]},"properties":{"region":2,"fire_occurred":0,"prediction":0.1023}},{"type":"Feature","geometry":{"type":"Point","coordinates":[34.4,-23.8]},"properties":{"region":2,"fire_occurred":0,"prediction":0.1028}},{"type":"Feature","geometry":{"type":"Point","coordinates":[34.4,-23.7]},"properties":{"region":2,"fire_occurred":1,"prediction":0.09}},{"type":"Feature","geometry":{"type":"Point","coordinates":[34.4,-23.5]},"properties":{"region":2,"fire_occurred":0,"prediction":0.1333}},{"type":"Feature","geometry":{"type":"Point","coordinates":[34.4,-23.4]},"properties":{"region":2,"fire_occurred":1,"prediction":0.0519}},{"type":"Feature","geometry":{"type":"Point","coordinates":[34.4,-23.2]},"properties":{"region":2,"fire_occurred":0,"prediction":0.1021}},{"type":"Feature","geometry":{"type":"Point","coordinates":[34.4,-23.1]},"properties":{"region":2,"fire_occurred":1,"prediction":0.0781}},{"type":"Feature","geometry":{"type":"Point","coordinates":[34.4,-21.0]},"properties":{"region":2,"fire_occurred":1,"prediction":0.0235}},{"type":"Feature","geometry":{"type":"Point","coordinates":[34.5,-23.5]},"properties":{"region":2,"fire_occurred":0,"prediction":0.1103}},{"type":"Feature","geometry":{"type":"Point","coordinates":[34.5,-23.4]},"properties":{"region":2,"fire_occurred":0,"prediction":0.1528}},{"type":"Feature","geometry":{"type":"Point","coordinates":[34.5,-23.3]},"properties":{"region":2,"fire_occurred":0,"prediction":0.1276}},{"type":"Feature","geometry":{"type":"Point","coordinates":[34.5,-23.2]},"properties":{"region":2,"fire_occurred":1,"prediction":0.0905}},{"type":"Feature","geometry":{"type":"Point","coordinates":[34.5,-22.8]},"properties":{"region":2,"fire_occurred":1,"prediction":0.0533}},{"type":"Feature","geometry":{"type":"Point","coordinates":[34.5,-15.5]},"properties":{"region":2,"fire_occurred":1,"prediction":0.0569}},{"type":"Feature","geometry":{"type":"Point","coordinates":[34.5,-15.3]},"properties":{"region":2,"fire_occurred":1,"prediction":0.005}},{"type":"Feature","geometry":{"type":"Point","coordinates":[34.6,-23.9]},"properties":{"region":2,"fire_occurred":1,"prediction":0.063}},{"type":"Feature","geometry":{"type":"Point","coordinates":[34.6,-23.5]},"properties":{"region":2,"fire_occurred":1,"prediction":0.2572}},{"type":"Feature","geometry":{"type":"Point","coordinates":[34.6,-23.2]},"properties":{"region":2,"fire_occurred":1,"prediction":0.0961}},{"type":"Feature","geometry":{"type":"Point","coordinates":[34.6,-20.1]},"properties":{"region":2,"fire_occurred":0,"prediction":0.123}},{"type":"Feature","geometry":{"type":"Point","coordinates":[34.6,-15.4]},"properties":{"region":2,"fire_occurred":0,"prediction":0.1448}},{"type":"Feature","geometry":{"type":"Point","coordinates":[34.7,-23.9]},"properties":{"region":2,"fire_occurred":0,"prediction":0.1268}},{"type":"Feature","geometry":{"type":"Point","coordinates":[34.7,-23.7]},"properties":{"region":2,"fire_occurred":0,"prediction":0.1342}},{"type":"Feature","geometry":{"type":"Point","coordinates":[34.7,-23.6]},"properties":{"region":2,"fire_occurred":1,"prediction":0.1821}},{"type":"Feature","geometry":{"type":"Point","coordinates":[34.7,-23.5]},"properties":{"region":2,"fire_occurred":0,"prediction":0.1024}},{"type":"Feature","geometry":{"type":"Point","coordinates":[34.7,-23.4]},"properties":{"region":2,"fire_occurred":0,"prediction":0.1172}},{"type":"Feature","geometry":{"type":"Point","coordinates":[34.7,-23.3]},"properties":{"region":2,"fire_occurred":1,"prediction":0.0471}},{"type":"Feature","geometry":{"type":"Point","coordinates":[34.7,-23.2]},"properties":{"region":2,"fire_occurred":1,"prediction":0.0793}},{"type":"Feature","geometry":{"type":"Point","coordinates":[34.7,-23.1]},"properties":{"region":2,"fire_occurred":1,"prediction":0.0973}},{"type":"Feature","geometry":{"type":"Point","coordinates":[34.7,-22.9]},"properties":{"region":2,"fire_occurred":0,"prediction":0.1064}},{"type":"Feature","geometry":{"type":"Point","coordinates":[34.7,-21.4]},"properties":{"region":2,"fire_occurred":0,"prediction":0.1123}},{"type":"Feature","geometry":{"type":"Point","coordinates":[34.7,-15.3]},"properties":{"region":2,"fire_occurred":1,"prediction":0.0715}},{"type":"Feature","geometry":{"type":"Point","coordinates":[34.7,11.0]},"properties":{"region":2,"fire_occurred":0,"prediction":0.1266}},{"type":"Feature","geometry":{"type":"Point","coordinates":[34.8,-22.9]},"properties":{"region":2,"fire_occurred":0,"prediction":0.1438}},{"type":"Feature","geometry":{"type":"Point","coordinates":[34.8,-21.4]},"properties":{"region":2,"fire_occurred":0,"prediction":0.1422}},{"type":"Feature","geometry":{"type":"Point","coordinates":[34.8,11.1]},"properties":{"region":2,"fire_occurred":0,"prediction":0.1079}},{"type":"Feature","geometry":{"type":"Point","coordinates":[34.9,-23.5]},"properties":{"region":2,"fire_occurred":0,"prediction":0.1403}},{"type":"Feature","geometry":{"type":"Point","coordinates":[34.9,-23.4]},"properties":{"region":2,"fire_occurred":0,"prediction":0.1303}},{"type":"Feature","geometry":{"type":"Point","coordinates":[34.9,-23.3]},"properties":{"region":2,"fire_occurred":0,"prediction":0.2752}},{"type":"Feature","geometry":{"type":"Point","coordinates":[34.9,-23.2]},"properties":{"region":2,"fire_occurred":0,"prediction":0.1157}},{"type":"Feature","geometry":{"type":"Point","coordinates":[34.9,-23.1]},"properties":{"region":2,"fire_occurred":0,"prediction":0.1842}},{"type":"Feature","geometry":{"type":"Point","coordinates":[34.9,-23.0]},"properties":{"region":2,"fire_occurred":1,"prediction":0.0851}},{"type":"Feature","geometry":{"type":"Point","coordinates":[34.9,-22.5]},"properties":{"region":2,"fire_occurred":0,"prediction":0.154}},{"type":"Feature","geometry":{"type":"Point","coordinates":[34.9,-22.4]},"properties":{"region":2,"fire_occurred":0,"prediction":0.1176}},{"type":"Feature","geometry":{"type":"Point","coordinates":[34.9,-22.2]},"properties":{"region":2,"fire_occurred":0,"prediction":0.1461}},{"type":"Feature","geometry":{"type":"Point","coordinates":[34.9,-21.3]},"properties":{"region":2,"fire_occurred":0,"prediction":0.113}},{"type":"Feature","geometry":{"type":"Point","coordinates":[34.9,-16.7]},"properties":{"region":2,"fire_occurred":1,"prediction":0.0133}},{"type":"Feature","geometry":{"type":"Point","coordinates":[34.9,11.1]},"properties":{"region":2,"fire_occurred":0,"prediction":0.1153}},{"type":"Feature","geometry":{"type":"Point","coordinates":[35.0,-6.7]},"properties":{"region":2,"fire_occurred":0,"prediction":0.2496}},{"type":"Feature","geometry":{"type":"Point","coordinates":[35.0,-6.6]},"properties":{"region":2,"fire_occurred":0,"prediction":0.1885}},{"type":"Feature","geometry":{"type":"Point","coordinates":[35.0,-6.5]},"properties":{"region":2,"fire_occurred":0,"prediction":0.1484}},{"type":"Feature","geometry":{"type":"Point","coordinates":[35.0,-6.3]},"properties":{"region":2,"fire_occurred":0,"prediction":0.1076}},{"type":"Feature","geometry":{"type":"Point","coordinates":[35.0,-6.2]},"properties":{"region":2,"fire_occurred":0,"prediction":0.1423}},{"type":"Feature","geometry":{"type":"Point","coordinates":[35.0,-5.8]},"properties":{"region":2,"fire_occurred":0,"prediction":0.1187}},{"type":"Feature","geometry":{"type":"Point","coordinates":[35.0,-5.6]},"properties":{"region":2,"fire_occurred":0,"prediction":0.1438}},{"type":"Feature","geometry":{"type":"Point","coordinates":[35.0,-5.5]},"properties":{"region":2,"fire_occurred":0,"prediction":0.1606}},{"type":"Feature","geometry":{"type":"Point","coordinates":[35.0,-5.3]},"properties":{"region":2,"fire_occurred":0,"prediction":0.1404}},{"type":"Feature","geometry":{"type":"Point","coordinates":[35.0,-5.2]},"properties":{"region":2,"fire_occurred":0,"prediction":0.1301}},{"type":"Feature","geometry":{"type":"Point","coordinates":[35.0,-5.1]},"properties":{"region":2,"fire_occurred":0,"prediction":0.1725}},{"type":"Feature","geometry":{"type":"Point","coordinates":[35.0,-5.0]},"properties":{"region":2,"fire_occurred":1,"prediction":0.0751}},{"type":"Feature","geometry":{"type":"Point","coordinates":[35.0,12.3]},"properties":{"region":2,"fire_occurred":0,"prediction":0.1283}},{"type":"Feature","geometry":{"type":"Point","coordinates":[35.0,12.4]},"properties":{"region":2,"fire_occurred":0,"prediction":0.1552}},{"type":"Feature","geometry":{"type":"Point","coordinates":[35.0,32.5]},"properties":{"region":2,"fire_occurred":1,"prediction":0.0075}},{"type":"Feature","geometry":{"type":"Point","coordinates":[35.1,-6.9]},"properties":{"region":2,"fire_occurred":0,"prediction":0.145}},{"type":"Feature","geometry":{"type":"Point","coordinates":[35.1,-6.6]},"properties":{"region":2,"fire_occurred":0,"prediction":0.114}},{"type":"Feature","geometry":{"type":"Point","coordinates":[35.1,-6.5]},"properties":{"region":2,"fire_occurred":0,"prediction":0.1827}},{"type":"Feature","geometry":{"type":"Point","coordinates":[35.1,-6.4]},"properties":{"region":2,"fire_occurred":0,"prediction":0.1259}},{"type":"Feature","geometry":{"type":"Point","coordinates":[35.1,-5.5]},"properties":{"region":2,"fire_occurred":1,"prediction":0.1993}},{"type":"Feature","geometry":{"type":"Point","coordinates":[35.1,-5.4]},"properties":{"region":2,"fire_occurred":0,"prediction":0.1925}},{"type":"Feature","geometry":{"type":"Point","coordinates":[35.1,-5.3]},"properties":{"region":2,"fire_occurred":1,"prediction":0.0933}},{"type":"Feature","geometry":{"type":"Point","coordinates":[35.1,-5.2]},"properties":{"region":2,"fire_occurred":0,"prediction":0.1231}},{"type":"Feature","geometry":{"type":"Point","coordinates":[35.1,-5.1]},"properties":{"region":2,"fire_occurred":0,"prediction":0.1309}},{"type":"Feature","geometry":{"type":"Point","coordinates":[35.1,-5.0]},"properties":{"region":2,"fire_occurred":0,"prediction":0.1709}},{"type":"Feature","geometry":{"type":"Point","coordinates":[35.1,-4.9]},"properties":{"region":2,"fire_occurred":0,"prediction":0.1305}},{"type":"Feature","geometry":{"type":"Point","coordinates":[35.2,-16.4]},"properties":{"region":2,"fire_occurred":1,"prediction":0.0357}},{"type":"Feature","geometry":{"type":"Point","coordinates":[35.2,-15.4]},"properties":{"region":2,"fire_occurred":1,"prediction":0.0067}},{"type":"Feature","geometry":{"type":"Point","coordinates":[35.2,-6.8]},"properties":{"region":2,"fire_occurred":0,"prediction":0.1022}},{"type":"Feature","geometry":{"type":"Point","coordinates":[35.2,-6.7]},"properties":{"region":2,"fire_occurred":0,"prediction":0.134}},{"type":"Feature","geometry":{"type":"Point","coordinates":[35.2,-6.6]},"properties":{"region":2,"fire_occurred":0,"prediction":0.1009}},{"type":"Feature","geometry":{"type":"Point","coordinates":[35.2,-6.5]},"properties":{"region":2,"fire_occurred":0,"prediction":0.1025}},{"type":"Feature","geometry":{"type":"Point","coordinates":[35.2,-5.8]},"properties":{"region":2,"fire_occurred":0,"prediction":0.1031}},{"type":"Feature","geometry":{"type":"Point","coordinates":[35.2,-5.5]},"properties":{"region":2,"fire_occurred":0,"prediction":0.2245}},{"type":"Feature","geometry":{"type":"Point","coordinates":[35.2,-5.1]},"properties":{"region":2,"fire_occurred":0,"prediction":0.1245}},{"type":"Feature","geometry":{"type":"Point","coordinates":[35.3,-6.9]},"properties":{"region":2,"fire_occurred":0,"prediction":0.1091}},{"type":"Feature","geometry":{"type":"Point","coordinates":[35.3,-6.5]},"properties":{"region":2,"fire_occurred":0,"prediction":0.1267}},{"type":"Feature","geometry":{"type":"Point","coordinates":[35.3,-5.9]},"properties":{"region":2,"fire_occurred":0,"prediction":0.2437}},{"type":"Feature","geometry":{"type":"Point","coordinates":[35.3,-5.4]},"properties":{"region":2,"fire_occurred":0,"prediction":0.1373}},{"type":"Feature","geometry":{"type":"Point","coordinates":[35.3,-5.3]},"properties":{"region":2,"fire_occurred":0,"prediction":0.169}},{"type":"Feature","geometry":{"type":"Point","coordinates":[35.3,-5.2]},"properties":{"region":2,"fire_occurred":0,"prediction":0.1104}},{"type":"Feature","geometry":{"type":"Point","coordinates":[35.3,-5.1]},"properties":{"region":2,"fire_occurred":0,"prediction":0.1259}},{"type":"Feature","geometry":{"type":"Point","coordinates":[35.3,12.5]},"properties":{"region":2,"fire_occurred":0,"prediction":0.1654}},{"type":"Feature","geometry":{"type":"Point","coordinates":[35.4,-6.5]},"properties":{"region":2,"fire_occurred":0,"prediction":0.1205}},{"type":"Feature","geometry":{"type":"Point","coordinates":[35.4,-6.3]},"properties":{"region":2,"fire_occurred":0,"prediction":0.1524}},{"type":"Feature","geometry":{"type":"Point","coordinates":[35.4,-6.1]},"properties":{"region":2,"fire_occurred":0,"prediction":0.1073}},{"type":"Feature","geometry":{"type":"Point","coordinates":[35.4,-5.9]},"properties":{"region":2,"fire_occurred":0,"prediction":0.1294}},{"type":"Feature","geometry":{"type":"Point","coordinates":[35.4,-5.8]},"properties":{"region":2,"fire_occurred":0,"prediction":0.2425}},{"type":"Feature","geometry":{"type":"Point","coordinates":[35.4,-5.7]},"properties":{"region":2,"fire_occurred":0,"prediction":0.2287}},{"type":"Feature","geometry":{"type":"Point","coordinates":[35.4,-5.6]},"properties":{"region":2,"fire_occurred":0,"prediction":0.1002}},{"type":"Feature","geometry":{"type":"Point","coordinates":[35.4,-5.3]},"properties":{"region":2,"fire_occurred":0,"prediction":0.1132}},{"type":"Feature","geometry":{"type":"Point","coordinates":[35.4,-5.0]},"properties":{"region":2,"fire_occurred":0,"prediction":0.1149}},{"type":"Feature","geometry":{"type":"Point","coordinates":[35.4,12.5]},"properties":{"region":2,"fire_occurred":0,"prediction":0.1747}},{"type":"Feature","geometry":{"type":"Point","coordinates":[35.4,12.6]},"properties":{"region":2,"fire_occurred":0,"prediction":0.1909}},{"type":"Feature","geometry":{"type":"Point","coordinates":[35.4,14.5]},"properties":{"region":2,"fire_occurred":1,"prediction":0.0026}},{"type":"Feature","geometry":{"type":"Point","coordinates":[35.5,-16.5]},"properties":{"region":2,"fire_occurred":0,"prediction":0.1046}},{"type":"Feature","geometry":{"type":"Point","coordinates":[35.5,-6.9]},"properties":{"region":2,"fire_occurred":0,"prediction":0.1637}},{"type":"Feature","geometry":{"type":"Point","coordinates":[35.5,-6.8]},"properties":{"region":2,"fire_occurred":0,"prediction":0.1258}},{"type":"Feature","geometry":{"type":"Point","coordinates":[35.5,-6.6]},"properties":{"region":2,"fire_occurred":0,"prediction":0.1545}},{"type":"Feature","geometry":{"type":"Point","coordinates":[35.5,-6.5]},"properties":{"region":2,"fire_occurred":0,"prediction":0.1558}},{"type":"Feature","geometry":{"type":"Point","coordinates":[35.5,-5.9]},"properties":{"region":2,"fire_occurred":0,"prediction":0.1011}},{"type":"Feature","geometry":{"type":"Point","coordinates":[35.5,-5.8]},"properties":{"region":2,"fire_occurred":0,"prediction":0.2827}},{"type":"Feature","geometry":{"type":"Point","coordinates":[35.5,-4.6]},"properties":{"region":2,"fire_occurred":0,"prediction":0.1089}},{"type":"Feature","geometry":{"type":"Point","coordinates":[35.5,-4.1]},"properties":{"region":2,"fire_occurred":0,"prediction":0.1031}},{"type":"Feature","geometry":{"type":"Point","coordinates":[35.6,-16.9]},"properties":{"region":2,"fire_occurred":0,"prediction":0.1334}},{"type":"Feature","geometry":{"type":"Point","coordinates":[35.6,-16.7]},"properties":{"region":2,"fire_occurred":0,"prediction":0.2244}},{"type":"Feature","geometry":{"type":"Point","coordinates":[35.6,-16.5]},"properties":{"region":2,"fire_occurred":0,"prediction":0.1009}},{"type":"Feature","geometry":{"type":"Point","coordinates":[35.6,-16.0]},"properties":{"region":2,"fire_occurred":1,"prediction":0.0032}},{"type":"Feature","geometry":{"type":"Point","coordinates":[35.6,-15.1]},"properties":{"region":2,"fire_occurred":0,"prediction":0.1421}},{"type":"Feature","geometry":{"type":"Point","coordinates":[35.6,-6.7]},"properties":{"region":2,"fire_occurred":0,"prediction":0.1577}},{"type":"Feature","geometry":{"type":"Point","coordinates":[35.6,-6.6]},"properties":{"region":2,"fire_occurred":0,"prediction":0.1033}},{"type":"Feature","geometry":{"type":"Point","coordinates":[35.6,-6.5]},"properties":{"region":2,"fire_occurred":1,"prediction":0.0914}},{"type":"Feature","geometry":{"type":"Point","coordinates":[35.6,-5.9]},"properties":{"region":2,"fire_occurred":0,"prediction":0.1454}},{"type":"Feature","geometry":{"type":"Point","coordinates":[35.6,-5.8]},"properties":{"region":2,"fire_occurred":0,"prediction":0.156}},{"type":"Feature","geometry":{"type":"Point","coordinates":[35.6,-5.6]},"properties":{"region":2,"fire_occurred":0,"prediction":0.1083}},{"type":"Feature","geometry":{"type":"Point","coordinates":[35.6,-5.5]},"properties":{"region":2,"fire_occurred":0,"prediction":0.1051}},{"type":"Feature","geometry":{"type":"Point","coordinates":[35.6,12.2]},"properties":{"region":2,"fire_occurred":0,"prediction":0.1294}},{"type":"Feature","geometry":{"type":"Point","coordinates":[35.7,-16.8]},"properties":{"region":2,"fire_occurred":0,"prediction":0.1239}},{"type":"Feature","geometry":{"type":"Point","coordinates":[35.7,-16.5]},"properties":{"region":2,"fire_occurred":0,"prediction":0.1022}},{"type":"Feature","geometry":{"type":"Point","coordinates":[35.7,-6.8]},"properties":{"region":2,"fire_occurred":1,"prediction":0.0541}},{"type":"Feature","geometry":{"type":"Point","coordinates":[35.7,-6.0]},"properties":{"region":2,"fire_occurred":0,"prediction":0.1388}},{"type":"Feature","geometry":{"type":"Point","coordinates":[35.7,-5.9]},"properties":{"region":2,"fire_occurred":0,"prediction":0.1076}},{"type":"Feature","geometry":{"type":"Point","coordinates":[35.7,-5.8]},"properties":{"region":2,"fire_occurred":0,"prediction":0.1132}},{"type":"Feature","geometry":{"type":"Point","coordinates":[35.7,12.1]},"properties":{"region":2,"fire_occurred":0,"prediction":0.1203}},{"type":"Feature","geometry":{"type":"Point","coordinates":[35.8,-6.7]},"properties":{"region":2,"fire_occurred":0,"prediction":0.1197}},{"type":"Feature","geometry":{"type":"Point","coordinates":[35.8,-5.9]},"properties":{"region":2,"fire_occurred":0,"prediction":0.1145}},{"type":"Feature","geometry":{"type":"Point","coordinates":[35.8,-5.8]},"properties":{"region":2,"fire_occurred":0,"prediction":0.1808}},{"type":"Feature","geometry":{"type":"Point","coordinates":[35.8,-5.4]},"properties":{"region":2,"fire_occurred":1,"prediction":0.0585}},{"type":"Feature","geometry":{"type":"Point","coordinates":[35.8,12.3]},"properties":{"region":2,"fire_occurred":0,"prediction":0.1054}},{"type":"Feature","geometry":{"type":"Point","coordinates":[35.8,12.5]},"properties":{"region":2,"fire_occurred":0,"prediction":0.2247}},{"type":"Feature","geometry":{"type":"Point","coordinates":[35.8,12.7]},"properties":{"region":2,"fire_occurred":0,"prediction":0.1127}},{"type":"Feature","geometry":{"type":"Point","coordinates":[35.9,-16.4]},"properties":{"region":2,"fire_occurred":0,"prediction":0.1069}},{"type":"Feature","geometry":{"type":"Point","coordinates":[35.9,-5.9]},"properties":{"region":2,"fire_occurred":0,"prediction":0.2121}},{"type":"Feature","geometry":{"type":"Point","coordinates":[35.9,-5.8]},"properties":{"region":2,"fire_occurred":1,"prediction":0.0065}},{"type":"Feature","geometry":{"type":"Point","coordinates":[35.9,-4.3]},"properties":{"region":2,"fire_occurred":0,"prediction":0.105}},{"type":"Feature","geometry":{"type":"Point","coordinates":[36.0,-6.0]},"properties":{"region":2,"fire_occurred":0,"prediction":0.1344}},{"type":"Feature","geometry":{"type":"Point","coordinates":[36.0,-5.9]},"properties":{"region":2,"fire_occurred":0,"prediction":0.1019}},{"type":"Feature","geometry":{"type":"Point","coordinates":[36.0,-4.6]},"properties":{"region":2,"fire_occurred":0,"prediction":0.1148}},{"type":"Feature","geometry":{"type":"Point","coordinates":[36.1,-6.6]},"properties":{"region":2,"fire_occurred":0,"prediction":0.1025}},{"type":"Feature","geometry":{"type":"Point","coordinates":[36.1,6.4]},"properties":{"region":2,"fire_occurred":0,"prediction":0.236}},{"type":"Feature","geometry":{"type":"Point","coordinates":[36.2,-6.7]},"properties":{"region":2,"fire_occurred":0,"prediction":0.1331}},{"type":"Feature","geometry":{"type":"Point","coordinates":[36.2,-6.0]},"properties":{"region":2,"fire_occurred":1,"prediction":0.0184}},{"type":"Feature","geometry":{"type":"Point","coordinates":[36.2,-5.1]},"properties":{"region":2,"fire_occurred":0,"prediction":0.1084}},{"type":"Feature","geometry":{"type":"Point","coordinates":[36.3,-6.7]},"properties":{"region":2,"fire_occurred":0,"prediction":0.1178}},{"type":"Feature","geometry":{"type":"Point","coordinates":[36.4,-6.9]},"properties":{"region":2,"fire_occurred":0,"prediction":0.118}},{"type":"Feature","geometry":{"type":"Point","coordinates":[36.4,-5.9]},"properties":{"region":2,"fire_occurred":0,"prediction":0.1404}},{"type":"Feature","geometry":{"type":"Point","coordinates":[36.4,-5.7]},"properties":{"region":2,"fire_occurred":0,"prediction":0.1554}},{"type":"Feature","geometry":{"type":"Point","coordinates":[36.4,-5.6]},"properties":{"region":2,"fire_occurred":0,"prediction":0.1104}},{"type":"Feature","geometry":{"type":"Point","coordinates":[36.5,-7.0]},"properties":{"region":2,"fire_occurred":1,"prediction":0.0518}},{"type":"Feature","geometry":{"type":"Point","coordinates":[36.5,-6.9]},"properties":{"region":2,"fire_occurred":0,"prediction":0.1038}},{"type":"Feature","geometry":{"type":"Point","coordinates":[36.5,-6.0]},"properties":{"region":2,"fire_occurred":0,"prediction":0.1114}},{"type":"Feature","geometry":{"type":"Point","coordinates":[36.5,-5.5]},"properties":{"region":2,"fire_occurred":0,"prediction":0.1631}},{"type":"Feature","geometry":{"type":"Point","coordinates":[36.7,-7.0]},"properties":{"region":2,"fire_occurred":0,"prediction":0.1151}},{"type":"Feature","geometry":{"type":"Point","coordinates":[36.7,-6.9]},"properties":{"region":2,"fire_occurred":0,"prediction":0.1415}},{"type":"Feature","geometry":{"type":"Point","coordinates":[36.7,-5.9]},"properties":{"region":2,"fire_occurred":0,"prediction":0.1203}},{"type":"Feature","geometry":{"type":"Point","coordinates":[36.7,-4.7]},"properties":{"region":2,"fire_occurred":0,"prediction":0.1623}},{"type":"Feature","geometry":{"type":"Point","coordinates":[36.8,-6.8]},"properties":{"region":2,"fire_occurred":0,"prediction":0.1644}},{"type":"Feature","geometry":{"type":"Point","coordinates":[36.8,-5.7]},"properties":{"region":2,"fire_occurred":0,"prediction":0.1346}},{"type":"Feature","geometry":{"type":"Point","coordinates":[36.8,-5.6]},"properties":{"region":2,"fire_occurred":0,"prediction":0.1173}},{"type":"Feature","geometry":{"type":"Point","coordinates":[36.9,-6.7]},"properties":{"region":2,"fire_occurred":0,"prediction":0.1779}},{"type":"Feature","geometry":{"type":"Point","coordinates":[36.9,-6.6]},"properties":{"region":2,"fire_occurred":0,"prediction":0.1941}},{"type":"Feature","geometry":{"type":"Point","coordinates":[36.9,-6.0]},"properties":{"region":2,"fire_occurred":0,"prediction":0.1034}},{"type":"Feature","geometry":{"type":"Point","coordinates":[36.9,-5.5]},"properties":{"region":2,"fire_occurred":0,"prediction":0.1113}},{"type":"Feature","geometry":{"type":"Point","coordinates":[36.9,14.1]},"properties":{"region":2,"fire_occurred":0,"prediction":0.1041}},{"type":"Feature","geometry":{"type":"Point","coordinates":[36.9,14.2]},"properties":{"region":2,"fire_occurred":0,"prediction":0.1045}},{"type":"Feature","geometry":{"type":"Point","coordinates":[37.0,-6.0]},"properties":{"region":2,"fire_occurred":0,"prediction":0.1267}},{"type":"Feature","geometry":{"type":"Point","coordinates":[37.0,-5.6]},"properties":{"region":2,"fire_occurred":0,"prediction":0.1062}},{"type":"Feature","geometry":{"type":"Point","coordinates":[37.1,14.1]},"properties":{"region":2,"fire_occurred":0,"prediction":0.1046}},{"type":"Feature","geometry":{"type":"Point","coordinates":[37.2,-5.5]},"properties":{"region":2,"fire_occurred":0,"prediction":0.1283}},{"type":"Feature","geometry":{"type":"Point","coordinates":[37.2,-4.7]},"properties":{"region":2,"fire_occurred":1,"prediction":0.0385}},{"type":"Feature","geometry":{"type":"Point","coordinates":[37.4,14.1]},"properties":{"region":2,"fire_occurred":0,"prediction":0.1893}},{"type":"Feature","geometry":{"type":"Point","coordinates":[37.4,14.2]},"properties":{"region":2,"fire_occurred":0,"prediction":0.1112}},{"type":"Feature","geometry":{"type":"Point","coordinates":[37.5,14.0]},"properties":{"region":2,"fire_occurred":0,"prediction":0.122}},{"type":"Feature","geometry":{"type":"Point","coordinates":[37.9,-5.8]},"properties":{"region":2,"fire_occurred":1,"prediction":0.0565}},{"type":"Feature","geometry":{"type":"Point","coordinates":[38.0,-1.3]},"properties":{"region":2,"fire_occurred":1,"prediction":0.0038}},{"type":"Feature","geometry":{"type":"Point","coordinates":[38.5,-1.7]},"properties":{"region":2,"fire_occurred":1,"prediction":0.0166}},{"type":"Feature","geometry":{"type":"Point","coordinates":[38.8,1.1]},"properties":{"region":2,"fire_occurred":1,"prediction":0.0038}},{"type":"Feature","geometry":{"type":"Point","coordinates":[38.8,36.7]},"properties":{"region":2,"fire_occurred":1,"prediction":0.0281}},{"type":"Feature","geometry":{"type":"Point","coordinates":[38.9,36.9]},"properties":{"region":2,"fire_occurred":0,"prediction":0.2712}},{"type":"Feature","geometry":{"type":"Point","coordinates":[38.9,37.0]},"properties":{"region":2,"fire_occurred":0,"prediction":0.2428}},{"type":"Feature","geometry":{"type":"Point","coordinates":[38.9,37.1]},"properties":{"region":2,"fire_occurred":1,"prediction":0.1547}},{"type":"Feature","geometry":{"type":"Point","coordinates":[39.0,36.8]},"properties":{"region":2,"fire_occurred":1,"prediction":0.068}},{"type":"Feature","geometry":{"type":"Point","coordinates":[39.0,36.9]},"properties":{"region":2,"fire_occurred":0,"prediction":0.1496}},{"type":"Feature","geometry":{"type":"Point","coordinates":[39.0,37.0]},"properties":{"region":2,"fire_occurred":1,"prediction":0.6049}},{"type":"Feature","geometry":{"type":"Point","coordinates":[39.1,36.7]},"properties":{"region":2,"fire_occurred":1,"prediction":0.0246}},{"type":"Feature","geometry":{"type":"Point","coordinates":[39.1,36.8]},"properties":{"region":2,"fire_occurred":0,"prediction":0.2622}},{"type":"Feature","geometry":{"type":"Point","coordinates":[39.1,36.9]},"properties":{"region":2,"fire_occurred":0,"prediction":0.2102}},{"type":"Feature","geometry":{"type":"Point","coordinates":[39.1,37.1]},"properties":{"region":2,"fire_occurred":1,"prediction":0.0298}},{"type":"Feature","geometry":{"type":"Point","coordinates":[39.1,37.5]},"properties":{"region":2,"fire_occurred":0,"prediction":0.1267}},{"type":"Feature","geometry":{"type":"Point","coordinates":[39.2,-7.5]},"properties":{"region":2,"fire_occurred":1,"prediction":0.0381}},{"type":"Feature","geometry":{"type":"Point","coordinates":[39.2,25.7]},"properties":{"region":2,"fire_occurred":1,"prediction":0.0006}},{"type":"Feature","geometry":{"type":"Point","coordinates":[39.2,37.4]},"properties":{"region":2,"fire_occurred":0,"prediction":0.1763}},{"type":"Feature","geometry":{"type":"Point","coordinates":[39.2,37.5]},"properties":{"region":2,"fire_occurred":1,"prediction":0.1067}},{"type":"Feature","geometry":{"type":"Point","coordinates":[39.2,37.6]},"properties":{"region":2,"fire_occurred":0,"prediction":0.1978}},{"type":"Feature","geometry":{"type":"Point","coordinates":[39.3,36.7]},"properties":{"region":2,"fire_occurred":0,"prediction":0.1564}},{"type":"Feature","geometry":{"type":"Point","coordinates":[39.3,37.5]},"properties":{"region":2,"fire_occurred":0,"prediction":0.2269}},{"type":"Feature","geometry":{"type":"Point","coordinates":[39.4,36.7]},"properties":{"region":2,"fire_occurred":1,"prediction":0.269}},{"type":"Feature","geometry":{"type":"Point","coordinates":[39.4,36.8]},"properties":{"region":2,"fire_occurred":1,"prediction":0.0156}},{"type":"Feature","geometry":{"type":"Point","coordinates":[39.4,37.3]},"properties":{"region":2,"fire_occurred":1,"prediction":0.1044}},{"type":"Feature","geometry":{"type":"Point","coordinates":[39.4,37.7]},"properties":{"region":2,"fire_occurred":1,"prediction":0.0204}},{"type":"Feature","geometry":{"type":"Point","coordinates":[39.5,36.7]},"properties":{"region":2,"fire_occurred":1,"prediction":0.011}},{"type":"Feature","geometry":{"type":"Point","coordinates":[39.5,36.8]},"properties":{"region":2,"fire_occurred":0,"prediction":0.139}},{"type":"Feature","geometry":{"type":"Point","coordinates":[39.5,37.4]},"properties":{"region":2,"fire_occurred":0,"prediction":0.1016}},{"type":"Feature","geometry":{"type":"Point","coordinates":[39.6,37.1]},"properties":{"region":2,"fire_occurred":1,"prediction":0.0185}},{"type":"Feature","geometry":{"type":"Point","coordinates":[39.6,37.2]},"properties":{"region":2,"fire_occurred":1,"prediction":0.0532}},{"type":"Feature","geometry":{"type":"Point","coordinates":[39.6,37.3]},"properties":{"region":2,"fire_occurred":1,"prediction":0.273}},{"type":"Feature","geometry":{"type":"Point","coordinates":[39.7,37.0]},"properties":{"region":2,"fire_occurred":1,"prediction":0.0231}},{"type":"Feature","geometry":{"type":"Point","coordinates":[39.7,37.1]},"properties":{"region":2,"fire_occurred":0,"prediction":0.1043}},{"type":"Feature","geometry":{"type":"Point","coordinates":[39.7,37.2]},"properties":{"region":2,"fire_occurred":1,"prediction":0.0742}},{"type":"Feature","geometry":{"type":"Point","coordinates":[39.9,37.1]},"properties":{"region":2,"fire_occurred":1,"prediction":0.0496}},{"type":"Feature","geometry":{"type":"Point","coordinates":[40.0,36.9]},"properties":{"region":2,"fire_occurred":0,"prediction":0.1277}},{"type":"Feature","geometry":{"type":"Point","coordinates":[40.0,37.2]},"properties":{"region":2,"fire_occurred":1,"prediction":0.0442}},{"type":"Feature","geometry":{"type":"Point","coordinates":[40.1,36.8]},"properties":{"region":2,"fire_occurred":0,"prediction":0.2327}},{"type":"Feature","geometry":{"type":"Point","coordinates":[40.1,36.9]},"properties":{"region":2,"fire_occurred":1,"prediction":0.4211}},{"type":"Feature","geometry":{"type":"Point","coordinates":[40.1,37.0]},"properties":{"region":2,"fire_occurred":1,"prediction":0.1056}},{"type":"Feature","geometry":{"type":"Point","coordinates":[40.2,36.9]},"properties":{"region":2,"fire_occurred":1,"prediction":0.3665}},{"type":"Feature","geometry":{"type":"Point","coordinates":[40.3,37.0]},"properties":{"region":2,"fire_occurred":1,"prediction":0.0276}},{"type":"Feature","geometry":{"type":"Point","coordinates":[40.4,37.0]},"properties":{"region":2,"fire_occurred":1,"prediction":0.077}},{"type":"Feature","geometry":{"type":"Point","coordinates":[40.5,37.0]},"properties":{"region":2,"fire_occurred":1,"prediction":0.0214}},{"type":"Feature","geometry":{"type":"Point","coordinates":[40.7,37.8]},"properties":{"region":2,"fire_occurred":0,"prediction":0.1274}},{"type":"Feature","geometry":{"type":"Point","coordinates":[40.9,37.7]},"properties":{"region":2,"fire_occurred":1,"prediction":0.0349}},{"type":"Feature","geometry":{"type":"Point","coordinates":[41.2,11.6]},"properties":{"region":2,"fire_occurred":1,"prediction":0.0324}},{"type":"Feature","geometry":{"type":"Point","coordinates":[42.5,37.1]},"properties":{"region":2,"fire_occurred":1,"prediction":0.0359}},{"type":"Feature","geometry":{"type":"Point","coordinates":[43.3,36.7]},"properties":{"region":2,"fire_occurred":1,"prediction":0.2127}},{"type":"Feature","geometry":{"type":"Point","coordinates":[43.6,37.4]},"properties":{"region":2,"fire_occurred":0,"prediction":0.1364}},{"type":"Feature","geometry":{"type":"Point","coordinates":[43.7,34.8]},"properties":{"region":2,"fire_occurred":0,"prediction":0.2425}},{"type":"Feature","geometry":{"type":"Point","coordinates":[43.7,35.9]},"properties":{"region":2,"fire_occurred":0,"prediction":0.2944}},{"type":"Feature","geometry":{"type":"Point","coordinates":[43.8,34.8]},"properties":{"region":2,"fire_occurred":0,"prediction":0.7778}},{"type":"Feature","geometry":{"type":"Point","coordinates":[43.8,35.6]},"properties":{"region":2,"fire_occurred":1,"prediction":0.9715}},{"type":"Feature","geometry":{"type":"Point","coordinates":[43.9,35.6]},"properties":{"region":2,"fire_occurred":1,"prediction":0.8364}},{"type":"Feature","geometry":{"type":"Point","coordinates":[44.0,-23.1]},"properties":{"region":2,"fire_occurred":0,"prediction":0.1806}},{"type":"Feature","geometry":{"type":"Point","coordinates":[44.0,35.6]},"properties":{"region":2,"fire_occurred":1,"prediction":0.8684}},{"type":"Feature","geometry":{"type":"Point","coordinates":[44.0,35.7]},"properties":{"region":2,"fire_occurred":1,"prediction":0.8277}},{"type":"Feature","geometry":{"type":"Point","coordinates":[44.1,-21.0]},"properties":{"region":2,"fire_occurred":0,"prediction":0.1076}},{"type":"Feature","geometry":{"type":"Point","coordinates":[44.1,-20.9]},"properties":{"region":2,"fire_occurred":1,"prediction":0.0365}},{"type":"Feature","geometry":{"type":"Point","coordinates":[44.1,35.5]},"properties":{"region":2,"fire_occurred":0,"prediction":0.1027}},{"type":"Feature","geometry":{"type":"Point","coordinates":[44.2,-22.6]},"properties":{"region":2,"fire_occurred":0,"prediction":0.1049}},{"type":"Feature","geometry":{"type":"Point","coordinates":[44.2,-20.9]},"properties":{"region":2,"fire_occurred":0,"prediction":0.1352}},{"type":"Feature","geometry":{"type":"Point","coordinates":[44.2,35.3]},"properties":{"region":2,"fire_occurred":0,"prediction":0.3438}},{"type":"Feature","geometry":{"type":"Point","coordinates":[44.2,37.4]},"properties":{"region":2,"fire_occurred":1,"prediction":0.0142}},{"type":"Feature","geometry":{"type":"Point","coordinates":[44.3,-21.1]},"properties":{"region":2,"fire_occurred":1,"prediction":0.0065}},{"type":"Feature","geometry":{"type":"Point","coordinates":[44.3,-20.9]},"properties":{"region":2,"fire_occurred":0,"prediction":0.1229}},{"type":"Feature","geometry":{"type":"Point","coordinates":[44.3,33.4]},"properties":{"region":2,"fire_occurred":1,"prediction":0.3819}},{"type":"Feature","geometry":{"type":"Point","coordinates":[44.3,35.2]},"properties":{"region":2,"fire_occurred":0,"prediction":0.1113}},{"type":"Feature","geometry":{"type":"Point","coordinates":[44.3,35.5]},"properties":{"region":2,"fire_occurred":1,"prediction":0.7524}},{"type":"Feature","geometry":{"type":"Point","coordinates":[44.4,-22.4]},"properties":{"region":2,"fire_occurred":0,"prediction":0.1158}},{"type":"Feature","geometry":{"type":"Point","coordinates":[44.4,-21.4]},"properties":{"region":2,"fire_occurred":1,"prediction":0.033}},{"type":"Feature","geometry":{"type":"Point","coordinates":[44.4,-20.9]},"properties":{"region":2,"fire_occurred":0,"prediction":0.1472}},{"type":"Feature","geometry":{"type":"Point","coordinates":[44.4,-19.3]},"properties":{"region":2,"fire_occurred":0,"prediction":0.1534}},{"type":"Feature","geometry":{"type":"Point","coordinates":[44.4,-19.2]},"properties":{"region":2,"fire_occurred":1,"prediction":0.1684}},{"type":"Feature","geometry":{"type":"Point","coordinates":[44.4,-19.1]},"properties":{"region":2,"fire_occurred":0,"prediction":0.101}},{"type":"Feature","geometry":{"type":"Point","coordinates":[44.5,-22.3]},"properties":{"region":2,"fire_occurred":1,"prediction":0.0754}},{"type":"Feature","geometry":{"type":"Point","coordinates":[44.5,-21.8]},"properties":{"region":2,"fire_occurred":1,"prediction":0.009}},{"type":"Feature","geometry":{"type":"Point","coordinates":[44.5,-20.7]},"properties":{"region":2,"fire_occurred":0,"prediction":0.1183}},{"type":"Feature","geometry":{"type":"Point","coordinates":[44.5,-20.5]},"properties":{"region":2,"fire_occurred":1,"prediction":0.0638}},{"type":"Feature","geometry":{"type":"Point","coordinates":[44.5,-20.3]},"properties":{"region":2,"fire_occurred":1,"prediction":0.1794}},{"type":"Feature","geometry":{"type":"Point","coordinates":[44.5,-20.2]},"properties":{"region":2,"fire_occurred":0,"prediction":0.165}},{"type":"Feature","geometry":{"type":"Point","coordinates":[44.5,-20.1]},"properties":{"region":2,"fire_occurred":0,"prediction":0.1205}},{"type":"Feature","geometry":{"type":"Point","coordinates":[44.5,-19.6]},"properties":{"region":2,"fire_occurred":0,"prediction":0.104}},{"type":"Feature","geometry":{"type":"Point","coordinates":[44.5,-19.5]},"properties":{"region":2,"fire_occurred":1,"prediction":0.1248}},{"type":"Feature","geometry":{"type":"Point","coordinates":[44.5,-19.4]},"properties":{"region":2,"fire_occurred":0,"prediction":0.1684}},{"type":"Feature","geometry":{"type":"Point","coordinates":[44.5,-19.3]},"properties":{"region":2,"fire_occurred":0,"prediction":0.1259}},{"type":"Feature","geometry":{"type":"Point","coordinates":[44.5,-19.2]},"properties":{"region":2,"fire_occurred":1,"prediction":0.1567}},{"type":"Feature","geometry":{"type":"Point","coordinates":[44.5,33.3]},"properties":{"region":2,"fire_occurred":1,"prediction":0.0904}},{"type":"Feature","geometry":{"type":"Point","coordinates":[44.6,-20.9]},"properties":{"region":2,"fire_occurred":1,"prediction":0.0126}},{"type":"Feature","geometry":{"type":"Point","coordinates":[44.6,-20.7]},"properties":{"region":2,"fire_occurred":0,"prediction":0.1639}},{"type":"Feature","geometry":{"type":"Point","coordinates":[44.6,-20.6]},"properties":{"region":2,"fire_occurred":0,"prediction":0.1979}},{"type":"Feature","geometry":{"type":"Point","coordinates":[44.6,-20.5]},"properties":{"region":2,"fire_occurred":0,"prediction":0.1893}},{"type":"Feature","geometry":{"type":"Point","coordinates":[44.6,-20.2]},"properties":{"region":2,"fire_occurred":0,"prediction":0.1568}},{"type":"Feature","geometry":{"type":"Point","coordinates":[44.6,-20.1]},"properties":{"region":2,"fire_occurred":0,"prediction":0.1106}},{"type":"Feature","geometry":{"type":"Point","coordinates":[44.6,-20.0]},"properties":{"region":2,"fire_occurred":0,"prediction":0.1553}},{"type":"Feature","geometry":{"type":"Point","coordinates":[44.6,-19.9]},"properties":{"region":2,"fire_occurred":0,"prediction":0.1049}},{"type":"Feature","geometry":{"type":"Point","coordinates":[44.6,-19.8]},"properties":{"region":2,"fire_occurred":0,"prediction":0.1008}},{"type":"Feature","geometry":{"type":"Point","coordinates":[44.6,-19.7]},"properties":{"region":2,"fire_occurred":0,"prediction":0.1323}},{"type":"Feature","geometry":{"type":"Point","coordinates":[44.6,-19.6]},"properties":{"region":2,"fire_occurred":1,"prediction":0.1438}},{"type":"Feature","geometry":{"type":"Point","coordinates":[44.6,-19.5]},"properties":{"region":2,"fire_occurred":1,"prediction":0.1821}},{"type":"Feature","geometry":{"type":"Point","coordinates":[44.7,-21.1]},"properties":{"region":2,"fire_occurred":1,"prediction":0.0178}},{"type":"Feature","geometry":{"type":"Point","coordinates":[44.7,-20.6]},"properties":{"region":2,"fire_occurred":0,"prediction":0.1408}},{"type":"Feature","geometry":{"type":"Point","coordinates":[44.7,-20.2]},"properties":{"region":2,"fire_occurred":0,"prediction":0.2171}},{"type":"Feature","geometry":{"type":"Point","coordinates":[44.7,-20.1]},"properties":{"region":2,"fire_occurred":0,"prediction":0.2522}},{"type":"Feature","geometry":{"type":"Point","coordinates":[44.7,-20.0]},"properties":{"region":2,"fire_occurred":0,"prediction":0.2099}},{"type":"Feature","geometry":{"type":"Point","coordinates":[44.7,-19.9]},"properties":{"region":2,"fire_occurred":0,"prediction":0.1557}},{"type":"Feature","geometry":{"type":"Point","coordinates":[44.7,-19.7]},"properties":{"region":2,"fire_occurred":0,"prediction":0.1182}},{"type":"Feature","geometry":{"type":"Point","coordinates":[44.7,-19.6]},"properties":{"region":2,"fire_occurred":1,"prediction":0.178}},{"type":"Feature","geometry":{"type":"Point","coordinates":[44.7,-19.5]},"properties":{"region":2,"fire_occurred":1,"prediction":0.229}},{"type":"Feature","geometry":{"type":"Point","coordinates":[44.7,-19.3]},"properties":{"region":2,"fire_occurred":1,"prediction":0.0614}},{"type":"Feature","geometry":{"type":"Point","coordinates":[44.7,33.1]},"properties":{"region":2,"fire_occurred":0,"prediction":0.1149}},{"type":"Feature","geometry":{"type":"Point","coordinates":[44.8,-20.2]},"properties":{"region":2,"fire_occurred":0,"prediction":0.1287}},{"type":"Feature","geometry":{"type":"Point","coordinates":[44.8,-20.1]},"properties":{"region":2,"fire_occurred":0,"prediction":0.2328}},{"type":"Feature","geometry":{"type":"Point","coordinates":[44.8,-20.0]},"properties":{"region":2,"fire_occurred":0,"prediction":0.1065}},{"type":"Feature","geometry":{"type":"Point","coordinates":[44.8,-19.9]},"properties":{"region":2,"fire_occurred":0,"prediction":0.2}},{"type":"Feature","geometry":{"type":"Point","coordinates":[44.8,-19.8]},"properties":{"region":2,"fire_occurred":0,"prediction":0.1252}},{"type":"Feature","geometry":{"type":"Point","coordinates":[44.8,-19.7]},"properties":{"region":2,"fire_occurred":0,"prediction":0.2203}},{"type":"Feature","geometry":{"type":"Point","coordinates":[44.8,-19.6]},"properties":{"region":2,"fire_occurred":0,"prediction":0.1963}},{"type":"Feature","geometry":{"type":"Point","coordinates":[44.8,-19.4]},"properties":{"region":2,"fire_occurred":1,"prediction":0.0479}},{"type":"Feature","geometry":{"type":"Point","coordinates":[44.9,-20.6]},"properties":{"region":2,"fire_occurred":0,"prediction":0.1492}},{"type":"Feature","geometry":{"type":"Point","coordinates":[44.9,-20.5]},"properties":{"region":2,"fire_occurred":0,"prediction":0.2159}},{"type":"Feature","geometry":{"type":"Point","coordinates":[44.9,-19.9]},"properties":{"region":2,"fire_occurred":0,"prediction":0.1635}},{"type":"Feature","geometry":{"type":"Point","coordinates":[44.9,-19.8]},"properties":{"region":2,"fire_occurred":0,"prediction":0.1537}},{"type":"Feature","geometry":{"type":"Point","coordinates":[44.9,-19.7]},"properties":{"region":2,"fire_occurred":0,"prediction":0.1472}},{"type":"Feature","geometry":{"type":"Point","coordinates":[44.9,-19.6]},"properties":{"region":2,"fire_occurred":0,"prediction":0.1417}},{"type":"Feature","geometry":{"type":"Point","coordinates":[44.9,34.3]},"properties":{"region":2,"fire_occurred":0,"prediction":0.1031}},{"type":"Feature","geometry":{"type":"Point","coordinates":[45.0,-20.0]},"properties":{"region":2,"fire_occurred":0,"prediction":0.1159}},{"type":"Feature","geometry":{"type":"Point","coordinates":[45.0,-19.9]},"properties":{"region":2,"fire_occurred":0,"prediction":0.1299}},{"type":"Feature","geometry":{"type":"Point","coordinates":[45.0,34.4]},"properties":{"region":2,"fire_occurred":1,"prediction":0.0278}},{"type":"Feature","geometry":{"type":"Point","coordinates":[45.1,34.7]},"properties":{"region":2,"fire_occurred":0,"prediction":0.3187}},{"type":"Feature","geometry":{"type":"Point","coordinates":[45.8,34.5]},"properties":{"region":2,"fire_occurred":1,"prediction":0.0267}},{"type":"Feature","geometry":{"type":"Point","coordinates":[45.9,31.3]},"properties":{"region":2,"fire_occurred":0,"prediction":0.1733}},{"type":"Feature","geometry":{"type":"Point","coordinates":[46.0,31.7]},"properties":{"region":2,"fire_occurred":1,"prediction":0.6236}},{"type":"Feature","geometry":{"type":"Point","coordinates":[46.0,35.6]},"properties":{"region":2,"fire_occurred":1,"prediction":0.0091}},{"type":"Feature","geometry":{"type":"Point","coordinates":[46.1,32.9]},"properties":{"region":2,"fire_occurred":1,"prediction":0.7657}},{"type":"Feature","geometry":{"type":"Point","coordinates":[46.2,33.6]},"properties":{"region":2,"fire_occurred":1,"prediction":0.1367}},{"type":"Feature","geometry":{"type":"Point","coordinates":[46.2,33.7]},"properties":{"region":2,"fire_occurred":0,"prediction":0.1974}},{"type":"Feature","geometry":{"type":"Point","coordinates":[46.3,33.7]},"properties":{"region":2,"fire_occurred":0,"prediction":0.1346}},{"type":"Feature","geometry":{"type":"Point","coordinates":[46.7,38.6]},"properties":{"region":2,"fire_occurred":0,"prediction":0.1112}},{"type":"Feature","geometry":{"type":"Point","coordinates":[47.0,34.8]},"properties":{"region":2,"fire_occurred":1,"prediction":0.0024}},{"type":"Feature","geometry":{"type":"Point","coordinates":[47.2,31.0]},"properties":{"region":2,"fire_occurred":1,"prediction":0.9814}},{"type":"Feature","geometry":{"type":"Point","coordinates":[47.2,31.6]},"properties":{"region":2,"fire_occurred":1,"prediction":0.0045}},{"type":"Feature","geometry":{"type":"Point","coordinates":[47.2,32.2]},"properties":{"region":2,"fire_occurred":1,"prediction":0.8053}},{"type":"Feature","geometry":{"type":"Point","coordinates":[47.2,32.4]},"properties":{"region":2,"fire_occurred":0,"prediction":0.9073}},{"type":"Feature","geometry":{"type":"Point","coordinates":[47.3,30.2]},"properties":{"region":2,"fire_occurred":1,"prediction":0.8944}},{"type":"Feature","geometry":{"type":"Point","coordinates":[47.3,30.5]},"properties":{"region":2,"fire_occurred":1,"prediction":0.9792}},{"type":"Feature","geometry":{"type":"Point","coordinates":[47.3,30.6]},"properties":{"region":2,"fire_occurred":1,"prediction":0.9839}},{"type":"Feature","geometry":{"type":"Point","coordinates":[47.3,30.7]},"properties":{"region":2,"fire_occurred":1,"prediction":0.9533}},{"type":"Feature","geometry":{"type":"Point","coordinates":[47.3,30.8]},"properties":{"region":2,"fire_occurred":1,"prediction":0.9495}},{"type":"Feature","geometry":{"type":"Point","coordinates":[47.3,31.0]},"properties":{"region":2,"fire_occurred":0,"prediction":0.5896}},{"type":"Feature","geometry":{"type":"Point","coordinates":[47.3,32.1]},"properties":{"region":2,"fire_occurred":0,"prediction":0.1539}},{"type":"Feature","geometry":{"type":"Point","coordinates":[47.4,31.6]},"properties":{"region":2,"fire_occurred":1,"prediction":0.9688}},{"type":"Feature","geometry":{"type":"Point","coordinates":[47.4,31.7]},"properties":{"region":2,"fire_occurred":0,"prediction":0.3606}},{"type":"Feature","geometry":{"type":"Point","coordinates":[47.4,32.0]},"properties":{"region":2,"fire_occurred":1,"prediction":0.0401}},{"type":"Feature","geometry":{"type":"Point","coordinates":[47.4,32.1]},"properties":{"region":2,"fire_occurred":1,"prediction":0.9646}},{"type":"Feature","geometry":{"type":"Point","coordinates":[47.4,34.3]},"properties":{"region":2,"fire_occurred":1,"prediction":0.004}},{"type":"Feature","geometry":{"type":"Point","coordinates":[47.5,30.4]},"properties":{"region":2,"fire_occurred":1,"prediction":0.5502}},{"type":"Feature","geometry":{"type":"Point","coordinates":[47.5,30.5]},"properties":{"region":2,"fire_occurred":1,"prediction":0.8748}},{"type":"Feature","geometry":{"type":"Point","coordinates":[47.5,31.6]},"properties":{"region":2,"fire_occurred":1,"prediction":0.7307}},{"type":"Feature","geometry":{"type":"Point","coordinates":[47.5,32.1]},"properties":{"region":2,"fire_occurred":1,"prediction":0.9216}},{"type":"Feature","geometry":{"type":"Point","coordinates":[47.6,30.4]},"properties":{"region":2,"fire_occurred":1,"prediction":0.9395}},{"type":"Feature","geometry":{"type":"Point","coordinates":[47.6,30.5]},"properties":{"region":2,"fire_occurred":1,"prediction":0.9734}},{"type":"Feature","geometry":{"type":"Point","coordinates":[47.6,30.7]},"properties":{"region":2,"fire_occurred":0,"prediction":0.1025}},{"type":"Feature","geometry":{"type":"Point","coordinates":[47.6,31.0]},"properties":{"region":2,"fire_occurred":1,"prediction":0.5271}},{"type":"Feature","geometry":{"type":"Point","coordinates":[47.6,32.3]},"properties":{"region":2,"fire_occurred":0,"prediction":0.1659}},{"type":"Feature","geometry":{"type":"Point","coordinates":[47.7,30.2]},"properties":{"region":2,"fire_occurred":0,"prediction":0.7367}},{"type":"Feature","geometry":{"type":"Point","coordinates":[47.7,30.3]},"properties":{"region":2,"fire_occurred":1,"prediction":0.439}},{"type":"Feature","geometry":{"type":"Point","coordinates":[47.7,31.0]},"properties":{"region":2,"fire_occurred":1,"prediction":0.9662}},{"type":"Feature","geometry":{"type":"Point","coordinates":[47.7,32.3]},"properties":{"region":2,"fire_occurred":1,"prediction":0.6236}},{"type":"Feature","geometry":{"type":"Point","coordinates":[47.8,31.4]},"properties":{"region":2,"fire_occurred":1,"prediction":0.7283}},{"type":"Feature","geometry":{"type":"Point","coordinates":[48.0,30.8]},"properties":{"region":2,"fire_occurred":0,"prediction":0.3739}},{"type":"Feature","geometry":{"type":"Point","coordinates":[48.0,30.9]},"properties":{"region":2,"fire_occurred":1,"prediction":0.9363}},{"type":"Feature","geometry":{"type":"Point","coordinates":[48.1,30.9]},"properties":{"region":2,"fire_occurred":1,"prediction":0.9117}},{"type":"Feature","geometry":{"type":"Point","coordinates":[48.1,31.0]},"properties":{"region":2,"fire_occurred":1,"prediction":0.9742}},{"type":"Feature","geometry":{"type":"Point","coordinates":[48.1,31.2]},"properties":{"region":2,"fire_occurred":1,"prediction":0.9751}},{"type":"Feature","geometry":{"type":"Point","coordinates":[48.1,46.1]},"properties":{"region":2,"fire_occurred":1,"prediction":0.0007}},{"type":"Feature","geometry":{"type":"Point","coordinates":[48.2,30.7]},"properties":{"region":2,"fire_occurred":1,"prediction":0.952}},{"type":"Feature","geometry":{"type":"Point","coordinates":[48.2,30.9]},"properties":{"region":2,"fire_occurred":1,"prediction":0.0338}},{"type":"Feature","geometry":{"type":"Point","coordinates":[48.5,32.0]},"properties":{"region":2,"fire_occurred":1,"prediction":0.0054}},{"type":"Feature","geometry":{"type":"Point","coordinates":[48.5,32.1]},"properties":{"region":2,"fire_occurred":0,"prediction":0.1074}},{"type":"Feature","geometry":{"type":"Point","coordinates":[48.7,31.2]},"properties":{"region":2,"fire_occurred":1,"prediction":0.8566}},{"type":"Feature","geometry":{"type":"Point","coordinates":[48.7,31.3]},"properties":{"region":2,"fire_occurred":1,"prediction":0.0084}},{"type":"Feature","geometry":{"type":"Point","coordinates":[48.8,30.9]},"properties":{"region":2,"fire_occurred":1,"prediction":0.0943}},{"type":"Feature","geometry":{"type":"Point","coordinates":[48.9,31.2]},"properties":{"region":2,"fire_occurred":0,"prediction":0.2971}},{"type":"Feature","geometry":{"type":"Point","coordinates":[49.0,32.0]},"properties":{"region":2,"fire_occurred":1,"prediction":0.0128}},{"type":"Feature","geometry":{"type":"Point","coordinates":[49.0,32.1]},"properties":{"region":2,"fire_occurred":1,"prediction":0.6308}},{"type":"Feature","geometry":{"type":"Point","coordinates":[49.1,31.2]},"properties":{"region":2,"fire_occurred":1,"prediction":0.1415}},{"type":"Feature","geometry":{"type":"Point","coordinates":[49.1,32.0]},"properties":{"region":2,"fire_occurred":1,"prediction":0.012}},{"type":"Feature","geometry":{"type":"Point","coordinates":[49.2,31.3]},"properties":{"region":2,"fire_occurred":0,"prediction":0.1362}},{"type":"Feature","geometry":{"type":"Point","coordinates":[49.3,25.6]},"properties":{"region":2,"fire_occurred":0,"prediction":0.273}},{"type":"Feature","geometry":{"type":"Point","coordinates":[49.3,31.0]},"properties":{"region":2,"fire_occurred":0,"prediction":0.6326}},{"type":"Feature","geometry":{"type":"Point","coordinates":[49.3,31.1]},"properties":{"region":2,"fire_occurred":1,"prediction":0.9248}},{"type":"Feature","geometry":{"type":"Point","coordinates":[49.4,24.7]},"properties":{"region":2,"fire_occurred":0,"prediction":0.2099}},{"type":"Feature","geometry":{"type":"Point","coordinates":[49.4,24.8]},"properties":{"region":2,"fire_occurred":0,"prediction":0.2132}},{"type":"Feature","geometry":{"type":"Point","coordinates":[49.4,25.6]},"properties":{"region":2,"fire_occurred":0,"prediction":0.121}},{"type":"Feature","geometry":{"type":"Point","coordinates":[49.5,27.0]},"properties":{"region":2,"fire_occurred":1,"prediction":0.9154}},{"type":"Feature","geometry":{"type":"Point","coordinates":[49.5,30.9]},"properties":{"region":2,"fire_occurred":1,"prediction":0.4082}},{"type":"Feature","geometry":{"type":"Point","coordinates":[49.6,26.9]},"properties":{"region":2,"fire_occurred":0,"prediction":0.315}},{"type":"Feature","geometry":{"type":"Point","coordinates":[49.6,30.8]},"properties":{"region":2,"fire_occurred":1,"prediction":0.4128}},{"type":"Feature","geometry":{"type":"Point","coordinates":[49.6,30.9]},"properties":{"region":2,"fire_occurred":1,"prediction":0.481}},{"type":"Feature","geometry":{"type":"Point","coordinates":[49.8,30.3]},"properties":{"region":2,"fire_occurred":1,"prediction":0.8761}},{"type":"Feature","geometry":{"type":"Point","coordinates":[49.8,30.7]},"properties":{"region":2,"fire_occurred":1,"prediction":0.2941}},{"type":"Feature","geometry":{"type":"Point","coordinates":[49.8,30.9]},"properties":{"region":2,"fire_occurred":0,"prediction":0.1365}},{"type":"Feature","geometry":{"type":"Point","coordinates":[49.9,30.5]},"properties":{"region":2,"fire_occurred":0,"prediction":0.2033}},{"type":"Feature","geometry":{"type":"Point","coordinates":[51.4,35.6]},"properties":{"region":2,"fire_occurred":1,"prediction":0.0002}},{"type":"Feature","geometry":{"type":"Point","coordinates":[51.5,24.9]},"properties":{"region":2,"fire_occurred":0,"prediction":0.1669}},{"type":"Feature","geometry":{"type":"Point","coordinates":[51.9,35.3]},"properties":{"region":2,"fire_occurred":1,"prediction":0.0013}},{"type":"Feature","geometry":{"type":"Point","coordinates":[52.1,27.7]},"properties":{"region":2,"fire_occurred":1,"prediction":0.4457}},{"type":"Feature","geometry":{"type":"Point","coordinates":[52.2,35.6]},"properties":{"region":2,"fire_occurred":1,"prediction":0.0003}},{"type":"Feature","geometry":{"type":"Point","coordinates":[52.6,27.4]},"properties":{"region":2,"fire_occurred":1,"prediction":0.3691}},{"type":"Feature","geometry":{"type":"Point","coordinates":[52.6,27.5]},"properties":{"region":2,"fire_occurred":1,"prediction":0.6683}},{"type":"Feature","geometry":{"type":"Point","coordinates":[53.3,46.1]},"properties":{"region":2,"fire_occurred":0,"prediction":0.1052}},{"type":"Feature","geometry":{"type":"Point","coordinates":[53.4,46.1]},"properties":{"region":2,"fire_occurred":0,"prediction":0.1588}},{"type":"Feature","geometry":{"type":"Point","coordinates":[55.4,23.1]},"properties":{"region":2,"fire_occurred":1,"prediction":0.9674}},{"type":"Feature","geometry":{"type":"Point","coordinates":[55.7,49.2]},"properties":{"region":2,"fire_occurred":1,"prediction":0.0009}},{"type":"Feature","geometry":{"type":"Point","coordinates":[55.8,29.9]},"properties":{"region":2,"fire_occurred":0,"prediction":0.2979}},{"type":"Feature","geometry":{"type":"Point","coordinates":[56.0,27.1]},"properties":{"region":2,"fire_occurred":1,"prediction":0.5127}},{"type":"Feature","geometry":{"type":"Point","coordinates":[56.1,27.1]},"properties":{"region":2,"fire_occurred":0,"prediction":0.2739}},{"type":"Feature","geometry":{"type":"Point","coordinates":[56.7,49.9]},"properties":{"region":2,"fire_occurred":1,"prediction":0.0009}},{"type":"Feature","geometry":{"type":"Point","coordinates":[57.0,49.4]},"properties":{"region":2,"fire_occurred":1,"prediction":0.0011}},{"type":"Feature","geometry":{"type":"Point","coordinates":[57.3,48.2]},"properties":{"region":2,"fire_occurred":1,"prediction":0.3193}},{"type":"Feature","geometry":{"type":"Point","coordinates":[57.4,48.3]},"properties":{"region":2,"fire_occurred":1,"prediction":0.4216}},{"type":"Feature","geometry":{"type":"Point","coordinates":[58.8,42.5]},"properties":{"region":2,"fire_occurred":1,"prediction":0.001}},{"type":"Feature","geometry":{"type":"Point","coordinates":[61.9,45.7]},"properties":{"region":2,"fire_occurred":1,"prediction":0.0047}},{"type":"Feature","geometry":{"type":"Point","coordinates":[63.3,37.7]},"properties":{"region":2,"fire_occurred":1,"prediction":0.0023}},{"type":"Feature","geometry":{"type":"Point","coordinates":[63.5,51.5]},"properties":{"region":2,"fire_occurred":1,"prediction":0.0035}},{"type":"Feature","geometry":{"type":"Point","coordinates":[65.5,50.9]},"properties":{"region":2,"fire_occurred":1,"prediction":0.0019}},{"type":"Feature","geometry":{"type":"Point","coordinates":[65.5,51.0]},"properties":{"region":2,"fire_occurred":1,"prediction":0.0018}},{"type":"Feature","geometry":{"type":"Point","coordinates":[70.3,29.2]},"properties":{"region":2,"fire_occurred":0,"prediction":0.3261}},{"type":"Feature","geometry":{"type":"Point","coordinates":[70.3,29.5]},"properties":{"region":2,"fire_occurred":0,"prediction":0.1681}},{"type":"Feature","geometry":{"type":"Point","coordinates":[70.4,29.4]},"properties":{"region":2,"fire_occurred":0,"prediction":0.5622}},{"type":"Feature","geometry":{"type":"Point","coordinates":[70.4,29.6]},"properties":{"region":2,"fire_occurred":0,"prediction":0.1081}},{"type":"Feature","geometry":{"type":"Point","coordinates":[70.5,29.9]},"properties":{"region":2,"fire_occurred":0,"prediction":0.122}},{"type":"Feature","geometry":{"type":"Point","coordinates":[70.6,30.1]},"properties":{"region":2,"fire_occurred":0,"prediction":0.1008}},{"type":"Feature","geometry":{"type":"Point","coordinates":[70.6,30.2]},"properties":{"region":2,"fire_occurred":0,"prediction":0.5645}},{"type":"Feature","geometry":{"type":"Point","coordinates":[70.6,30.3]},"properties":{"region":2,"fire_occurred":0,"prediction":0.6246}},{"type":"Feature","geometry":{"type":"Point","coordinates":[70.6,30.4]},"properties":{"region":2,"fire_occurred":0,"prediction":0.1003}},{"type":"Feature","geometry":{"type":"Point","coordinates":[70.6,31.1]},"properties":{"region":2,"fire_occurred":0,"prediction":0.1678}},{"type":"Feature","geometry":{"type":"Point","coordinates":[70.6,31.2]},"properties":{"region":2,"fire_occurred":0,"prediction":0.3743}},{"type":"Feature","geometry":{"type":"Point","coordinates":[70.6,31.5]},"properties":{"region":2,"fire_occurred":0,"prediction":0.1161}},{"type":"Feature","geometry":{"type":"Point","coordinates":[70.7,30.3]},"properties":{"region":2,"fire_occurred":0,"prediction":0.1052}},{"type":"Feature","geometry":{"type":"Point","coordinates":[70.7,31.0]},"properties":{"region":2,"fire_occurred":0,"prediction":0.1507}},{"type":"Feature","geometry":{"type":"Point","coordinates":[70.7,31.1]},"properties":{"region":2,"fire_occurred":0,"prediction":0.3189}},{"type":"Feature","geometry":{"type":"Point","coordinates":[71.1,29.9]},"properties":{"region":2,"fire_occurred":1,"prediction":0.0092}},{"type":"Feature","geometry":{"type":"Point","coordinates":[71.4,26.7]},"properties":{"region":2,"fire_occurred":0,"prediction":0.1012}},{"type":"Feature","geometry":{"type":"Point","coordinates":[71.5,26.6]},"properties":{"region":2,"fire_occurred":0,"prediction":0.1019}},{"type":"Feature","geometry":{"type":"Point","coordinates":[71.5,29.4]},"properties":{"region":2,"fire_occurred":0,"prediction":0.2412}},{"type":"Feature","geometry":{"type":"Point","coordinates":[71.5,29.6]},"properties":{"region":2,"fire_occurred":0,"prediction":0.1416}},{"type":"Feature","geometry":{"type":"Point","coordinates":[71.6,29.4]},"properties":{"region":2,"fire_occurred":0,"prediction":0.1339}},{"type":"Feature","geometry":{"type":"Point","coordinates":[71.6,29.6]},"properties":{"region":2,"fire_occurred":0,"prediction":0.8348}},{"type":"Feature","geometry":{"type":"Point","coordinates":[71.6,30.6]},"properties":{"region":2,"fire_occurred":0,"prediction":0.5448}},{"type":"Feature","geometry":{"type":"Point","coordinates":[71.6,30.7]},"properties":{"region":2,"fire_occurred":0,"prediction":0.1039}},{"type":"Feature","geometry":{"type":"Point","coordinates":[71.7,29.6]},"properties":{"region":2,"fire_occurred":0,"prediction":0.2322}},{"type":"Feature","geometry":{"type":"Point","coordinates":[71.7,29.7]},"properties":{"region":2,"fire_occurred":0,"prediction":0.526}},{"type":"Feature","geometry":{"type":"Point","coordinates":[71.7,30.4]},"properties":{"region":2,"fire_occurred":0,"prediction":0.3155}},{"type":"Feature","geometry":{"type":"Point","coordinates":[71.7,30.6]},"properties":{"region":2,"fire_occurred":0,"prediction":0.3096}},{"type":"Feature","geometry":{"type":"Point","coordinates":[71.7,30.7]},"properties":{"region":2,"fire_occurred":1,"prediction":0.6123}},{"type":"Feature","geometry":{"type":"Point","coordinates":[71.7,30.8]},"properties":{"region":2,"fire_occurred":1,"prediction":0.5582}},{"type":"Feature","geometry":{"type":"Point","coordinates":[71.8,29.7]},"properties":{"region":2,"fire_occurred":0,"prediction":0.2358}},{"type":"Feature","geometry":{"type":"Point","coordinates":[71.8,30.2]},"properties":{"region":2,"fire_occurred":0,"prediction":0.2167}},{"type":"Feature","geometry":{"type":"Point","coordinates":[71.8,30.3]},"properties":{"region":2,"fire_occurred":0,"prediction":0.278}},{"type":"Feature","geometry":{"type":"Point","coordinates":[71.8,30.4]},"properties":{"region":2,"fire_occurred":0,"prediction":0.1726}},{"type":"Feature","geometry":{"type":"Point","coordinates":[71.8,30.6]},"properties":{"region":2,"fire_occurred":0,"prediction":0.1157}},{"type":"Feature","geometry":{"type":"Point","coordinates":[71.8,30.7]},"properties":{"region":2,"fire_occurred":0,"prediction":0.3894}},{"type":"Feature","geometry":{"type":"Point","coordinates":[71.8,30.8]},"properties":{"region":2,"fire_occurred":1,"prediction":0.632}},{"type":"Feature","geometry":{"type":"Point","coordinates":[71.8,30.9]},"properties":{"region":2,"fire_occurred":0,"prediction":0.5507}},{"type":"Feature","geometry":{"type":"Point","coordinates":[71.9,27.4]},"properties":{"region":2,"fire_occurred":0,"prediction":0.2111}},{"type":"Feature","geometry":{"type":"Point","coordinates":[71.9,27.5]},"properties":{"region":2,"fire_occurred":0,"prediction":0.2505}},{"type":"Feature","geometry":{"type":"Point","coordinates":[71.9,30.4]},"properties":{"region":2,"fire_occurred":0,"prediction":0.1877}},{"type":"Feature","geometry":{"type":"Point","coordinates":[71.9,30.5]},"properties":{"region":2,"fire_occurred":0,"prediction":0.4431}},{"type":"Feature","geometry":{"type":"Point","coordinates":[71.9,30.6]},"properties":{"region":2,"fire_occurred":0,"prediction":0.113}},{"type":"Feature","geometry":{"type":"Point","coordinates":[71.9,30.8]},"properties":{"region":2,"fire_occurred":1,"prediction":0.0439}},{"type":"Feature","geometry":{"type":"Point","coordinates":[71.9,30.9]},"properties":{"region":2,"fire_occurred":0,"prediction":0.529}},{"type":"Feature","geometry":{"type":"Point","coordinates":[72.0,30.5]},"properties":{"region":2,"fire_occurred":0,"prediction":0.2173}},{"type":"Feature","geometry":{"type":"Point","coordinates":[72.1,29.9]},"properties":{"region":2,"fire_occurred":0,"prediction":0.2803}},{"type":"Feature","geometry":{"type":"Point","coordinates":[72.1,30.0]},"properties":{"region":2,"fire_occurred":0,"prediction":0.1247}},{"type":"Feature","geometry":{"type":"Point","coordinates":[72.1,30.5]},"properties":{"region":2,"fire_occurred":0,"prediction":0.1934}},{"type":"Feature","geometry":{"type":"Point","coordinates":[72.1,30.9]},"properties":{"region":2,"fire_occurred":0,"prediction":0.1139}},{"type":"Feature","geometry":{"type":"Point","coordinates":[72.1,31.0]},"properties":{"region":2,"fire_occurred":1,"prediction":0.0634}},{"type":"Feature","geometry":{"type":"Point","coordinates":[72.1,31.4]},"properties":{"region":2,"fire_occurred":0,"prediction":0.1133}},{"type":"Feature","geometry":{"type":"Point","coordinates":[72.1,31.5]},"properties":{"region":2,"fire_occurred":0,"prediction":0.3831}},{"type":"Feature","geometry":{"type":"Point","coordinates":[72.1,31.6]},"properties":{"region":2,"fire_occurred":0,"prediction":0.16}},{"type":"Feature","geometry":{"type":"Point","coordinates":[72.2,30.6]},"properties":{"region":2,"fire_occurred":0,"prediction":0.1458}},{"type":"Feature","geometry":{"type":"Point","coordinates":[72.2,30.7]},"properties":{"region":2,"fire_occurred":0,"prediction":0.134}},{"type":"Feature","geometry":{"type":"Point","coordinates":[72.2,30.9]},"properties":{"region":2,"fire_occurred":0,"prediction":0.1395}},{"type":"Feature","geometry":{"type":"Point","coordinates":[72.2,31.0]},"properties":{"region":2,"fire_occurred":1,"prediction":0.4066}},{"type":"Feature","geometry":{"type":"Point","coordinates":[72.2,31.4]},"properties":{"region":2,"fire_occurred":1,"prediction":0.0762}},{"type":"Feature","geometry":{"type":"Point","coordinates":[72.2,31.5]},"properties":{"region":2,"fire_occurred":0,"prediction":0.4425}},{"type":"Feature","geometry":{"type":"Point","coordinates":[72.2,31.6]},"properties":{"region":2,"fire_occurred":0,"prediction":0.7168}},{"type":"Feature","geometry":{"type":"Point","coordinates":[72.2,31.7]},"properties":{"region":2,"fire_occurred":0,"prediction":0.2202}},{"type":"Feature","geometry":{"type":"Point","coordinates":[72.3,30.0]},"properties":{"region":2,"fire_occurred":0,"prediction":0.3452}},{"type":"Feature","geometry":{"type":"Point","coordinates":[72.3,30.6]},"properties":{"region":2,"fire_occurred":0,"prediction":0.1316}},{"type":"Feature","geometry":{"type":"Point","coordinates":[72.3,31.5]},"properties":{"region":2,"fire_occurred":0,"prediction":0.6487}},{"type":"Feature","geometry":{"type":"Point","coordinates":[72.3,31.6]},"properties":{"region":2,"fire_occurred":0,"prediction":0.2409}},{"type":"Feature","geometry":{"type":"Point","coordinates":[72.3,31.7]},"properties":{"region":2,"fire_occurred":0,"prediction":0.479}},{"type":"Feature","geometry":{"type":"Point","coordinates":[72.4,31.3]},"properties":{"region":2,"fire_occurred":0,"prediction":0.1048}},{"type":"Feature","geometry":{"type":"Point","coordinates":[72.4,31.4]},"properties":{"region":2,"fire_occurred":0,"prediction":0.1761}},{"type":"Feature","geometry":{"type":"Point","coordinates":[72.4,31.5]},"properties":{"region":2,"fire_occurred":0,"prediction":0.1728}},{"type":"Feature","geometry":{"type":"Point","coordinates":[72.4,31.6]},"properties":{"region":2,"fire_occurred":0,"prediction":0.5302}},{"type":"Feature","geometry":{"type":"Point","coordinates":[72.4,32.0]},"properties":{"region":2,"fire_occurred":0,"prediction":0.3214}},{"type":"Feature","geometry":{"type":"Point","coordinates":[72.4,32.1]},"properties":{"region":2,"fire_occurred":0,"prediction":0.1539}},{"type":"Feature","geometry":{"type":"Point","coordinates":[72.5,29.7]},"properties":{"region":2,"fire_occurred":0,"prediction":0.3475}},{"type":"Feature","geometry":{"type":"Point","coordinates":[72.5,31.6]},"properties":{"region":2,"fire_occurred":0,"prediction":0.1586}},{"type":"Feature","geometry":{"type":"Point","coordinates":[72.6,30.6]},"properties":{"region":2,"fire_occurred":0,"prediction":0.1394}},{"type":"Feature","geometry":{"type":"Point","coordinates":[72.6,31.7]},"properties":{"region":2,"fire_occurred":0,"prediction":0.6232}},{"type":"Feature","geometry":{"type":"Point","coordinates":[72.7,29.8]},"properties":{"region":2,"fire_occurred":0,"prediction":0.1651}},{"type":"Feature","geometry":{"type":"Point","coordinates":[72.7,30.0]},"properties":{"region":2,"fire_occurred":0,"prediction":0.2097}},{"type":"Feature","geometry":{"type":"Point","coordinates":[72.7,30.4]},"properties":{"region":2,"fire_occurred":0,"prediction":0.2288}},{"type":"Feature","geometry":{"type":"Point","coordinates":[72.7,30.6]},"properties":{"region":2,"fire_occurred":0,"prediction":0.5573}},{"type":"Feature","geometry":{"type":"Point","coordinates":[72.7,31.7]},"properties":{"region":2,"fire_occurred":0,"prediction":0.4789}},{"type":"Feature","geometry":{"type":"Point","coordinates":[72.8,29.8]},"properties":{"region":2,"fire_occurred":0,"prediction":0.3819}},{"type":"Feature","geometry":{"type":"Point","coordinates":[72.8,29.9]},"properties":{"region":2,"fire_occurred":0,"prediction":0.4727}},{"type":"Feature","geometry":{"type":"Point","coordinates":[72.8,30.2]},"properties":{"region":2,"fire_occurred":0,"prediction":0.1352}},{"type":"Feature","geometry":{"type":"Point","coordinates":[72.8,30.3]},"properties":{"region":2,"fire_occurred":0,"prediction":0.2071}},{"type":"Feature","geometry":{"type":"Point","coordinates":[72.8,30.4]},"properties":{"region":2,"fire_occurred":0,"prediction":0.364}},{"type":"Feature","geometry":{"type":"Point","coordinates":[72.8,30.6]},"properties":{"region":2,"fire_occurred":0,"prediction":0.1095}},{"type":"Feature","geometry":{"type":"Point","coordinates":[72.8,30.7]},"properties":{"region":2,"fire_occurred":0,"prediction":0.1785}},{"type":"Feature","geometry":{"type":"Point","coordinates":[72.8,31.9]},"properties":{"region":2,"fire_occurred":0,"prediction":0.1503}},{"type":"Feature","geometry":{"type":"Point","coordinates":[72.9,29.9]},"properties":{"region":2,"fire_occurred":0,"prediction":0.7741}},{"type":"Feature","geometry":{"type":"Point","coordinates":[73.0,29.9]},"properties":{"region":2,"fire_occurred":0,"prediction":0.6604}},{"type":"Feature","geometry":{"type":"Point","coordinates":[73.0,30.0]},"properties":{"region":2,"fire_occurred":0,"prediction":0.2716}},{"type":"Feature","geometry":{"type":"Point","coordinates":[73.0,30.1]},"properties":{"region":2,"fire_occurred":0,"prediction":0.1291}},{"type":"Feature","geometry":{"type":"Point","coordinates":[73.0,31.6]},"properties":{"region":2,"fire_occurred":0,"prediction":0.1357}},{"type":"Feature","geometry":{"type":"Point","coordinates":[73.0,31.9]},"properties":{"region":2,"fire_occurred":0,"prediction":0.107}},{"type":"Feature","geometry":{"type":"Point","coordinates":[73.1,29.9]},"properties":{"region":2,"fire_occurred":0,"prediction":0.2253}},{"type":"Feature","geometry":{"type":"Point","coordinates":[73.1,30.0]},"properties":{"region":2,"fire_occurred":0,"prediction":0.4988}},{"type":"Feature","geometry":{"type":"Point","coordinates":[73.1,30.1]},"properties":{"region":2,"fire_occurred":0,"prediction":0.1463}},{"type":"Feature","geometry":{"type":"Point","coordinates":[73.1,30.2]},"properties":{"region":2,"fire_occurred":0,"prediction":0.2345}},{"type":"Feature","geometry":{"type":"Point","coordinates":[73.1,30.3]},"properties":{"region":2,"fire_occurred":0,"prediction":0.2486}},{"type":"Feature","geometry":{"type":"Point","coordinates":[73.1,31.7]},"properties":{"region":2,"fire_occurred":0,"prediction":0.1522}},{"type":"Feature","geometry":{"type":"Point","coordinates":[73.1,31.8]},"properties":{"region":2,"fire_occurred":0,"prediction":0.1182}},{"type":"Feature","geometry":{"type":"Point","coordinates":[73.2,30.0]},"properties":{"region":2,"fire_occurred":0,"prediction":0.467}},{"type":"Feature","geometry":{"type":"Point","coordinates":[73.2,30.1]},"properties":{"region":2,"fire_occurred":0,"prediction":0.2968}},{"type":"Feature","geometry":{"type":"Point","coordinates":[73.2,30.2]},"properties":{"region":2,"fire_occurred":0,"prediction":0.3536}},{"type":"Feature","geometry":{"type":"Point","coordinates":[73.2,31.8]},"properties":{"region":2,"fire_occurred":1,"prediction":0.3715}},{"type":"Feature","geometry":{"type":"Point","coordinates":[73.2,31.9]},"properties":{"region":2,"fire_occurred":1,"prediction":0.3941}},{"type":"Feature","geometry":{"type":"Point","coordinates":[73.2,32.0]},"properties":{"region":2,"fire_occurred":0,"prediction":0.15}},{"type":"Feature","geometry":{"type":"Point","coordinates":[73.2,32.1]},"properties":{"region":2,"fire_occurred":0,"prediction":0.2104}},{"type":"Feature","geometry":{"type":"Point","coordinates":[73.2,32.2]},"properties":{"region":2,"fire_occurred":0,"prediction":0.1383}},{"type":"Feature","geometry":{"type":"Point","coordinates":[73.3,30.0]},"properties":{"region":2,"fire_occurred":0,"prediction":0.3515}},{"type":"Feature","geometry":{"type":"Point","coordinates":[73.3,30.1]},"properties":{"region":2,"fire_occurred":0,"prediction":0.4887}},{"type":"Feature","geometry":{"type":"Point","coordinates":[73.3,30.2]},"properties":{"region":2,"fire_occurred":0,"prediction":0.153}},{"type":"Feature","geometry":{"type":"Point","coordinates":[73.3,30.3]},"properties":{"region":2,"fire_occurred":0,"prediction":0.1778}},{"type":"Feature","geometry":{"type":"Point","coordinates":[73.3,30.4]},"properties":{"region":2,"fire_occurred":0,"prediction":0.3035}},{"type":"Feature","geometry":{"type":"Point","coordinates":[73.3,31.1]},"properties":{"region":2,"fire_occurred":0,"prediction":0.5394}},{"type":"Feature","geometry":{"type":"Point","coordinates":[73.3,31.7]},"properties":{"region":2,"fire_occurred":0,"prediction":0.2507}},{"type":"Feature","geometry":{"type":"Point","coordinates":[73.3,31.8]},"properties":{"region":2,"fire_occurred":0,"prediction":0.3693}},{"type":"Feature","geometry":{"type":"Point","coordinates":[73.3,31.9]},"properties":{"region":2,"fire_occurred":1,"prediction":0.495}},{"type":"Feature","geometry":{"type":"Point","coordinates":[73.3,32.0]},"properties":{"region":2,"fire_occurred":1,"prediction":0.5735}},{"type":"Feature","geometry":{"type":"Point","coordinates":[73.3,32.1]},"properties":{"region":2,"fire_occurred":0,"prediction":0.5164}},{"type":"Feature","geometry":{"type":"Point","coordinates":[73.3,32.2]},"properties":{"region":2,"fire_occurred":0,"prediction":0.1726}},{"type":"Feature","geometry":{"type":"Point","coordinates":[73.4,30.1]},"properties":{"region":2,"fire_occurred":0,"prediction":0.3167}},{"type":"Feature","geometry":{"type":"Point","coordinates":[73.4,30.4]},"properties":{"region":2,"fire_occurred":0,"prediction":0.1866}},{"type":"Feature","geometry":{"type":"Point","coordinates":[73.4,30.6]},"properties":{"region":2,"fire_occurred":0,"prediction":0.151}},{"type":"Feature","geometry":{"type":"Point","coordinates":[73.4,31.1]},"properties":{"region":2,"fire_occurred":0,"prediction":0.3496}},{"type":"Feature","geometry":{"type":"Point","coordinates":[73.4,31.2]},"properties":{"region":2,"fire_occurred":0,"prediction":0.2428}},{"type":"Feature","geometry":{"type":"Point","coordinates":[73.4,31.4]},"properties":{"region":2,"fire_occurred":0,"prediction":0.1377}},{"type":"Feature","geometry":{"type":"Point","coordinates":[73.4,31.6]},"properties":{"region":2,"fire_occurred":0,"prediction":0.3555}},{"type":"Feature","geometry":{"type":"Point","coordinates":[73.4,31.7]},"properties":{"region":2,"fire_occurred":0,"prediction":0.277}},{"type":"Feature","geometry":{"type":"Point","coordinates":[73.4,31.8]},"properties":{"region":2,"fire_occurred":0,"prediction":0.3995}},{"type":"Feature","geometry":{"type":"Point","coordinates":[73.4,31.9]},"properties":{"region":2,"fire_occurred":0,"prediction":0.4014}},{"type":"Feature","geometry":{"type":"Point","coordinates":[73.4,32.0]},"properties":{"region":2,"fire_occurred":1,"prediction":0.2716}},{"type":"Feature","geometry":{"type":"Point","coordinates":[73.4,32.1]},"properties":{"region":2,"fire_occurred":1,"prediction":0.2711}},{"type":"Feature","geometry":{"type":"Point","coordinates":[73.4,32.4]},"properties":{"region":2,"fire_occurred":0,"prediction":0.1024}},{"type":"Feature","geometry":{"type":"Point","coordinates":[73.5,30.1]},"properties":{"region":2,"fire_occurred":0,"prediction":0.4399}},{"type":"Feature","geometry":{"type":"Point","coordinates":[73.5,30.3]},"properties":{"region":2,"fire_occurred":0,"prediction":0.2591}},{"type":"Feature","geometry":{"type":"Point","coordinates":[73.5,30.7]},"properties":{"region":2,"fire_occurred":0,"prediction":0.1044}},{"type":"Feature","geometry":{"type":"Point","coordinates":[73.5,30.9]},"properties":{"region":2,"fire_occurred":0,"prediction":0.5324}},{"type":"Feature","geometry":{"type":"Point","coordinates":[73.5,31.1]},"properties":{"region":2,"fire_occurred":0,"prediction":0.442}},{"type":"Feature","geometry":{"type":"Point","coordinates":[73.5,31.2]},"properties":{"region":2,"fire_occurred":0,"prediction":0.5173}},{"type":"Feature","geometry":{"type":"Point","coordinates":[73.5,31.3]},"properties":{"region":2,"fire_occurred":0,"prediction":0.803}},{"type":"Feature","geometry":{"type":"Point","coordinates":[73.5,31.5]},"properties":{"region":2,"fire_occurred":0,"prediction":0.4362}},{"type":"Feature","geometry":{"type":"Point","coordinates":[73.5,31.6]},"properties":{"region":2,"fire_occurred":0,"prediction":0.2728}},{"type":"Feature","geometry":{"type":"Point","coordinates":[73.5,31.7]},"properties":{"region":2,"fire_occurred":1,"prediction":0.2448}},{"type":"Feature","geometry":{"type":"Point","coordinates":[73.5,31.8]},"properties":{"region":2,"fire_occurred":0,"prediction":0.3206}},{"type":"Feature","geometry":{"type":"Point","coordinates":[73.5,31.9]},"properties":{"region":2,"fire_occurred":1,"prediction":0.3889}},{"type":"Feature","geometry":{"type":"Point","coordinates":[73.5,32.0]},"properties":{"region":2,"fire_occurred":0,"prediction":0.2899}},{"type":"Feature","geometry":{"type":"Point","coordinates":[73.5,32.1]},"properties":{"region":2,"fire_occurred":0,"prediction":0.1534}},{"type":"Feature","geometry":{"type":"Point","coordinates":[73.5,32.2]},"properties":{"region":2,"fire_occurred":0,"prediction":0.1864}},{"type":"Feature","geometry":{"type":"Point","coordinates":[73.6,29.3]},"properties":{"region":2,"fire_occurred":0,"prediction":0.1375}},{"type":"Feature","geometry":{"type":"Point","coordinates":[73.6,30.1]},"properties":{"region":2,"fire_occurred":0,"prediction":0.1358}},{"type":"Feature","geometry":{"type":"Point","coordinates":[73.6,30.2]},"properties":{"region":2,"fire_occurred":0,"prediction":0.3997}},{"type":"Feature","geometry":{"type":"Point","coordinates":[73.6,30.3]},"properties":{"region":2,"fire_occurred":0,"prediction":0.102}},{"type":"Feature","geometry":{"type":"Point","coordinates":[73.6,30.4]},"properties":{"region":2,"fire_occurred":0,"prediction":0.2353}},{"type":"Feature","geometry":{"type":"Point","coordinates":[73.6,31.0]},"properties":{"region":2,"fire_occurred":0,"prediction":0.4048}},{"type":"Feature","geometry":{"type":"Point","coordinates":[73.6,31.1]},"properties":{"region":2,"fire_occurred":0,"prediction":0.5026}},{"type":"Feature","geometry":{"type":"Point","coordinates":[73.6,31.2]},"properties":{"region":2,"fire_occurred":0,"prediction":0.8241}},{"type":"Feature","geometry":{"type":"Point","coordinates":[73.6,31.3]},"properties":{"region":2,"fire_occurred":0,"prediction":0.7249}},{"type":"Feature","geometry":{"type":"Point","coordinates":[73.6,31.4]},"properties":{"region":2,"fire_occurred":0,"prediction":0.497}},{"type":"Feature","geometry":{"type":"Point","coordinates":[73.6,31.5]},"properties":{"region":2,"fire_occurred":0,"prediction":0.2889}},{"type":"Feature","geometry":{"type":"Point","coordinates":[73.6,31.6]},"properties":{"region":2,"fire_occurred":0,"prediction":0.3873}},{"type":"Feature","geometry":{"type":"Point","coordinates":[73.6,31.7]},"properties":{"region":2,"fire_occurred":0,"prediction":0.3504}},{"type":"Feature","geometry":{"type":"Point","coordinates":[73.6,31.8]},"properties":{"region":2,"fire_occurred":0,"prediction":0.2557}},{"type":"Feature","geometry":{"type":"Point","coordinates":[73.6,31.9]},"properties":{"region":2,"fire_occurred":0,"prediction":0.275}},{"type":"Feature","geometry":{"type":"Point","coordinates":[73.6,32.2]},"properties":{"region":2,"fire_occurred":0,"prediction":0.1016}},{"type":"Feature","geometry":{"type":"Point","coordinates":[73.6,32.6]},"properties":{"region":2,"fire_occurred":0,"prediction":0.3875}},{"type":"Feature","geometry":{"type":"Point","coordinates":[73.7,30.2]},"properties":{"region":2,"fire_occurred":0,"prediction":0.1498}},{"type":"Feature","geometry":{"type":"Point","coordinates":[73.7,30.3]},"properties":{"region":2,"fire_occurred":0,"prediction":0.6073}},{"type":"Feature","geometry":{"type":"Point","coordinates":[73.7,30.4]},"properties":{"region":2,"fire_occurred":0,"prediction":0.2003}},{"type":"Feature","geometry":{"type":"Point","coordinates":[73.7,30.5]},"properties":{"region":2,"fire_occurred":0,"prediction":0.1378}},{"type":"Feature","geometry":{"type":"Point","coordinates":[73.7,30.7]},"properties":{"region":2,"fire_occurred":0,"prediction":0.1299}},{"type":"Feature","geometry":{"type":"Point","coordinates":[73.7,31.1]},"properties":{"region":2,"fire_occurred":0,"prediction":0.4735}},{"type":"Feature","geometry":{"type":"Point","coordinates":[73.7,31.2]},"properties":{"region":2,"fire_occurred":1,"prediction":0.9041}},{"type":"Feature","geometry":{"type":"Point","coordinates":[73.7,31.3]},"properties":{"region":2,"fire_occurred":0,"prediction":0.8756}},{"type":"Feature","geometry":{"type":"Point","coordinates":[73.7,31.4]},"properties":{"region":2,"fire_occurred":0,"prediction":0.6998}},{"type":"Feature","geometry":{"type":"Point","coordinates":[73.7,31.5]},"properties":{"region":2,"fire_occurred":0,"prediction":0.4954}},{"type":"Feature","geometry":{"type":"Point","coordinates":[73.7,31.6]},"properties":{"region":2,"fire_occurred":0,"prediction":0.3641}},{"type":"Feature","geometry":{"type":"Point","coordinates":[73.7,31.7]},"properties":{"region":2,"fire_occurred":0,"prediction":0.2712}},{"type":"Feature","geometry":{"type":"Point","coordinates":[73.7,31.8]},"properties":{"region":2,"fire_occurred":0,"prediction":0.2037}},{"type":"Feature","geometry":{"type":"Point","coordinates":[73.7,31.9]},"properties":{"region":2,"fire_occurred":0,"prediction":0.1835}},{"type":"Feature","geometry":{"type":"Point","coordinates":[73.7,32.0]},"properties":{"region":2,"fire_occurred":0,"prediction":0.154}},{"type":"Feature","geometry":{"type":"Point","coordinates":[73.7,32.1]},"properties":{"region":2,"fire_occurred":0,"prediction":0.2028}},{"type":"Feature","geometry":{"type":"Point","coordinates":[73.7,32.2]},"properties":{"region":2,"fire_occurred":0,"prediction":0.166}},{"type":"Feature","geometry":{"type":"Point","coordinates":[73.8,30.3]},"properties":{"region":2,"fire_occurred":0,"prediction":0.2816}},{"type":"Feature","geometry":{"type":"Point","coordinates":[73.8,30.4]},"properties":{"region":2,"fire_occurred":0,"prediction":0.4554}},{"type":"Feature","geometry":{"type":"Point","coordinates":[73.8,30.5]},"properties":{"region":2,"fire_occurred":0,"prediction":0.1499}},{"type":"Feature","geometry":{"type":"Point","coordinates":[73.8,30.8]},"properties":{"region":2,"fire_occurred":0,"prediction":0.3695}},{"type":"Feature","geometry":{"type":"Point","coordinates":[73.8,31.1]},"properties":{"region":2,"fire_occurred":0,"prediction":0.4325}},{"type":"Feature","geometry":{"type":"Point","coordinates":[73.8,31.2]},"properties":{"region":2,"fire_occurred":1,"prediction":0.6462}},{"type":"Feature","geometry":{"type":"Point","coordinates":[73.8,31.3]},"properties":{"region":2,"fire_occurred":1,"prediction":0.8932}},{"type":"Feature","geometry":{"type":"Point","coordinates":[73.8,31.4]},"properties":{"region":2,"fire_occurred":0,"prediction":0.7566}},{"type":"Feature","geometry":{"type":"Point","coordinates":[73.8,31.5]},"properties":{"region":2,"fire_occurred":1,"prediction":0.4034}},{"type":"Feature","geometry":{"type":"Point","coordinates":[73.8,31.6]},"properties":{"region":2,"fire_occurred":0,"prediction":0.3923}},{"type":"Feature","geometry":{"type":"Point","coordinates":[73.8,31.8]},"properties":{"region":2,"fire_occurred":0,"prediction":0.2484}},{"type":"Feature","geometry":{"type":"Point","coordinates":[73.8,31.9]},"properties":{"region":2,"fire_occurred":0,"prediction":0.2491}},{"type":"Feature","geometry":{"type":"Point","coordinates":[73.8,32.1]},"properties":{"region":2,"fire_occurred":0,"prediction":0.213}},{"type":"Feature","geometry":{"type":"Point","coordinates":[73.8,32.2]},"properties":{"region":2,"fire_occurred":0,"prediction":0.3975}},{"type":"Feature","geometry":{"type":"Point","coordinates":[73.8,32.3]},"properties":{"region":2,"fire_occurred":0,"prediction":0.2107}},{"type":"Feature","geometry":{"type":"Point","coordinates":[73.9,30.2]},"properties":{"region":2,"fire_occurred":0,"prediction":0.5129}},{"type":"Feature","geometry":{"type":"Point","coordinates":[73.9,30.3]},"properties":{"region":2,"fire_occurred":0,"prediction":0.9101}},{"type":"Feature","geometry":{"type":"Point","coordinates":[73.9,30.4]},"properties":{"region":2,"fire_occurred":0,"prediction":0.8692}},{"type":"Feature","geometry":{"type":"Point","coordinates":[73.9,30.5]},"properties":{"region":2,"fire_occurred":0,"prediction":0.2433}},{"type":"Feature","geometry":{"type":"Point","coordinates":[73.9,30.6]},"properties":{"region":2,"fire_occurred":0,"prediction":0.2231}},{"type":"Feature","geometry":{"type":"Point","coordinates":[73.9,31.1]},"properties":{"region":2,"fire_occurred":0,"prediction":0.4729}},{"type":"Feature","geometry":{"type":"Point","coordinates":[73.9,31.3]},"properties":{"region":2,"fire_occurred":0,"prediction":0.7344}},{"type":"Feature","geometry":{"type":"Point","coordinates":[73.9,31.4]},"properties":{"region":2,"fire_occurred":0,"prediction":0.6379}},{"type":"Feature","geometry":{"type":"Point","coordinates":[73.9,31.5]},"properties":{"region":2,"fire_occurred":0,"prediction":0.4596}},{"type":"Feature","geometry":{"type":"Point","coordinates":[73.9,31.8]},"properties":{"region":2,"fire_occurred":0,"prediction":0.2395}},{"type":"Feature","geometry":{"type":"Point","coordinates":[73.9,32.3]},"properties":{"region":2,"fire_occurred":0,"prediction":0.7229}},{"type":"Feature","geometry":{"type":"Point","coordinates":[74.0,29.4]},"properties":{"region":2,"fire_occurred":0,"prediction":0.1987}},{"type":"Feature","geometry":{"type":"Point","coordinates":[74.0,30.0]},"properties":{"region":2,"fire_occurred":0,"prediction":0.1025}},{"type":"Feature","geometry":{"type":"Point","coordinates":[74.0,30.1]},"properties":{"region":2,"fire_occurred":0,"prediction":0.5655}},{"type":"Feature","geometry":{"type":"Point","coordinates":[74.0,30.2]},"properties":{"region":2,"fire_occurred":0,"prediction":0.6715}},{"type":"Feature","geometry":{"type":"Point","coordinates":[74.0,30.3]},"properties":{"region":2,"fire_occurred":1,"prediction":0.7889}},{"type":"Feature","geometry":{"type":"Point","coordinates":[74.0,30.4]},"properties":{"region":2,"fire_occurred":0,"prediction":0.8647}},{"type":"Feature","geometry":{"type":"Point","coordinates":[74.0,30.5]},"properties":{"region":2,"fire_occurred":0,"prediction":0.6396}},{"type":"Feature","geometry":{"type":"Point","coordinates":[74.0,30.9]},"properties":{"region":2,"fire_occurred":0,"prediction":0.3174}},{"type":"Feature","geometry":{"type":"Point","coordinates":[74.0,31.1]},"properties":{"region":2,"fire_occurred":0,"prediction":0.2571}},{"type":"Feature","geometry":{"type":"Point","coordinates":[74.0,31.2]},"properties":{"region":2,"fire_occurred":0,"prediction":0.1135}},{"type":"Feature","geometry":{"type":"Point","coordinates":[74.0,31.3]},"properties":{"region":2,"fire_occurred":0,"prediction":0.5803}},{"type":"Feature","geometry":{"type":"Point","coordinates":[74.0,31.4]},"properties":{"region":2,"fire_occurred":0,"prediction":0.5296}},{"type":"Feature","geometry":{"type":"Point","coordinates":[74.0,31.5]},"properties":{"region":2,"fire_occurred":0,"prediction":0.3551}},{"type":"Feature","geometry":{"type":"Point","coordinates":[74.0,31.7]},"properties":{"region":2,"fire_occurred":0,"prediction":0.2044}},{"type":"Feature","geometry":{"type":"Point","coordinates":[74.0,31.8]},"properties":{"region":2,"fire_occurred":0,"prediction":0.1974}},{"type":"Feature","geometry":{"type":"Point","coordinates":[74.0,32.0]},"properties":{"region":2,"fire_occurred":1,"prediction":0.0214}},{"type":"Feature","geometry":{"type":"Point","coordinates":[74.0,32.3]},"properties":{"region":2,"fire_occurred":0,"prediction":0.1896}},{"type":"Feature","geometry":{"type":"Point","coordinates":[74.1,29.4]},"properties":{"region":2,"fire_occurred":0,"prediction":0.254}},{"type":"Feature","geometry":{"type":"Point","coordinates":[74.1,29.5]},"properties":{"region":2,"fire_occurred":0,"prediction":0.3007}},{"type":"Feature","geometry":{"type":"Point","coordinates":[74.1,30.0]},"properties":{"region":2,"fire_occurred":0,"prediction":0.1566}},{"type":"Feature","geometry":{"type":"Point","coordinates":[74.1,30.1]},"properties":{"region":2,"fire_occurred":1,"prediction":0.7063}},{"type":"Feature","geometry":{"type":"Point","coordinates":[74.1,30.2]},"properties":{"region":2,"fire_occurred":0,"prediction":0.6859}},{"type":"Feature","geometry":{"type":"Point","coordinates":[74.1,30.3]},"properties":{"region":2,"fire_occurred":1,"prediction":0.8973}},{"type":"Feature","geometry":{"type":"Point","coordinates":[74.1,30.4]},"properties":{"region":2,"fire_occurred":1,"prediction":0.6548}},{"type":"Feature","geometry":{"type":"Point","coordinates":[74.1,30.5]},"properties":{"region":2,"fire_occurred":0,"prediction":0.7204}},{"type":"Feature","geometry":{"type":"Point","coordinates":[74.1,30.6]},"properties":{"region":2,"fire_occurred":0,"prediction":0.2831}},{"type":"Feature","geometry":{"type":"Point","coordinates":[74.1,30.9]},"properties":{"region":2,"fire_occurred":0,"prediction":0.1874}},{"type":"Feature","geometry":{"type":"Point","coordinates":[74.1,31.0]},"properties":{"region":2,"fire_occurred":0,"prediction":0.436}},{"type":"Feature","geometry":{"type":"Point","coordinates":[74.1,31.2]},"properties":{"region":2,"fire_occurred":0,"prediction":0.108}},{"type":"Feature","geometry":{"type":"Point","coordinates":[74.1,31.5]},"properties":{"region":2,"fire_occurred":0,"prediction":0.2157}},{"type":"Feature","geometry":{"type":"Point","coordinates":[74.1,31.6]},"properties":{"region":2,"fire_occurred":0,"prediction":0.1177}},{"type":"Feature","geometry":{"type":"Point","coordinates":[74.1,31.7]},"properties":{"region":2,"fire_occurred":0,"prediction":0.1282}},{"type":"Feature","geometry":{"type":"Point","coordinates":[74.1,32.0]},"properties":{"region":2,"fire_occurred":0,"prediction":0.1073}},{"type":"Feature","geometry":{"type":"Point","coordinates":[74.2,29.5]},"properties":{"region":2,"fire_occurred":0,"prediction":0.3258}},{"type":"Feature","geometry":{"type":"Point","coordinates":[74.2,30.0]},"properties":{"region":2,"fire_occurred":0,"prediction":0.4171}},{"type":"Feature","geometry":{"type":"Point","coordinates":[74.2,30.1]},"properties":{"region":2,"fire_occurred":0,"prediction":0.6647}},{"type":"Feature","geometry":{"type":"Point","coordinates":[74.2,30.2]},"properties":{"region":2,"fire_occurred":0,"prediction":0.7193}},{"type":"Feature","geometry":{"type":"Point","coordinates":[74.2,30.3]},"properties":{"region":2,"fire_occurred":0,"prediction":0.6939}},{"type":"Feature","geometry":{"type":"Point","coordinates":[74.2,30.4]},"properties":{"region":2,"fire_occurred":0,"prediction":0.9161}},{"type":"Feature","geometry":{"type":"Point","coordinates":[74.2,30.5]},"properties":{"region":2,"fire_occurred":1,"prediction":0.6894}},{"type":"Feature","geometry":{"type":"Point","coordinates":[74.2,30.6]},"properties":{"region":2,"fire_occurred":1,"prediction":0.3624}},{"type":"Feature","geometry":{"type":"Point","coordinates":[74.2,30.7]},"properties":{"region":2,"fire_occurred":0,"prediction":0.6016}},{"type":"Feature","geometry":{"type":"Point","coordinates":[74.2,31.0]},"properties":{"region":2,"fire_occurred":0,"prediction":0.12}},{"type":"Feature","geometry":{"type":"Point","coordinates":[74.2,31.1]},"properties":{"region":2,"fire_occurred":0,"prediction":0.1688}},{"type":"Feature","geometry":{"type":"Point","coordinates":[74.2,31.2]},"properties":{"region":2,"fire_occurred":0,"prediction":0.115}},{"type":"Feature","geometry":{"type":"Point","coordinates":[74.2,31.3]},"properties":{"region":2,"fire_occurred":0,"prediction":0.1063}},{"type":"Feature","geometry":{"type":"Point","coordinates":[74.2,31.7]},"properties":{"region":2,"fire_occurred":1,"prediction":0.0171}},{"type":"Feature","geometry":{"type":"Point","coordinates":[74.2,32.0]},"properties":{"region":2,"fire_occurred":1,"prediction":0.377}},{"type":"Feature","geometry":{"type":"Point","coordinates":[74.3,30.0]},"properties":{"region":2,"fire_occurred":0,"prediction":0.5101}},{"type":"Feature","geometry":{"type":"Point","coordinates":[74.3,30.1]},"properties":{"region":2,"fire_occurred":0,"prediction":0.7564}},{"type":"Feature","geometry":{"type":"Point","coordinates":[74.3,30.2]},"properties":{"region":2,"fire_occurred":1,"prediction":0.7528}},{"type":"Feature","geometry":{"type":"Point","coordinates":[74.3,30.3]},"properties":{"region":2,"fire_occurred":0,"prediction":0.8639}},{"type":"Feature","geometry":{"type":"Point","coordinates":[74.3,30.4]},"properties":{"region":2,"fire_occurred":1,"prediction":0.8924}},{"type":"Feature","geometry":{"type":"Point","coordinates":[74.3,30.5]},"properties":{"region":2,"fire_occurred":1,"prediction":0.8291}},{"type":"Feature","geometry":{"type":"Point","coordinates":[74.3,30.6]},"properties":{"region":2,"fire_occurred":0,"prediction":0.6278}},{"type":"Feature","geometry":{"type":"Point","coordinates":[74.3,30.7]},"properties":{"region":2,"fire_occurred":0,"prediction":0.6632}},{"type":"Feature","geometry":{"type":"Point","coordinates":[74.3,30.8]},"properties":{"region":2,"fire_occurred":1,"prediction":0.7885}},{"type":"Feature","geometry":{"type":"Point","coordinates":[74.3,31.0]},"properties":{"region":2,"fire_occurred":0,"prediction":0.1545}},{"type":"Feature","geometry":{"type":"Point","coordinates":[74.3,31.2]},"properties":{"region":2,"fire_occurred":0,"prediction":0.1392}},{"type":"Feature","geometry":{"type":"Point","coordinates":[74.3,31.7]},"properties":{"region":2,"fire_occurred":0,"prediction":0.1083}},{"type":"Feature","geometry":{"type":"Point","coordinates":[74.3,31.9]},"properties":{"region":2,"fire_occurred":0,"prediction":0.1045}},{"type":"Feature","geometry":{"type":"Point","coordinates":[74.3,32.0]},"properties":{"region":2,"fire_occurred":1,"prediction":0.1839}},{"type":"Feature","geometry":{"type":"Point","coordinates":[74.3,32.1]},"properties":{"region":2,"fire_occurred":0,"prediction":0.1188}},{"type":"Feature","geometry":{"type":"Point","coordinates":[74.4,29.5]},"properties":{"region":2,"fire_occurred":0,"prediction":0.6185}},{"type":"Feature","geometry":{"type":"Point","coordinates":[74.4,29.9]},"properties":{"region":2,"fire_occurred":0,"prediction":0.6949}},{"type":"Feature","geometry":{"type":"Point","coordinates":[74.4,30.0]},"properties":{"region":2,"fire_occurred":1,"prediction":0.7362}},{"type":"Feature","geometry":{"type":"Point","coordinates":[74.4,30.1]},"properties":{"region":2,"fire_occurred":0,"prediction":0.7175}},{"type":"Feature","geometry":{"type":"Point","coordinates":[74.4,30.2]},"properties":{"region":2,"fire_occurred":1,"prediction":0.6432}},{"type":"Feature","geometry":{"type":"Point","coordinates":[74.4,30.3]},"properties":{"region":2,"fire_occurred":1,"prediction":0.6793}},{"type":"Feature","geometry":{"type":"Point","coordinates":[74.4,30.4]},"properties":{"region":2,"fire_occurred":0,"prediction":0.5023}},{"type":"Feature","geometry":{"type":"Point","coordinates":[74.4,30.5]},"properties":{"region":2,"fire_occurred":1,"prediction":0.8262}},{"type":"Feature","geometry":{"type":"Point","coordinates":[74.4,30.6]},"properties":{"region":2,"fire_occurred":0,"prediction":0.8209}},{"type":"Feature","geometry":{"type":"Point","coordinates":[74.4,30.7]},"properties":{"region":2,"fire_occurred":1,"prediction":0.8413}},{"type":"Feature","geometry":{"type":"Point","coordinates":[74.4,30.8]},"properties":{"region":2,"fire_occurred":0,"prediction":0.7684}},{"type":"Feature","geometry":{"type":"Point","coordinates":[74.4,30.9]},"properties":{"region":2,"fire_occurred":0,"prediction":0.297}},{"type":"Feature","geometry":{"type":"Point","coordinates":[74.4,32.0]},"properties":{"region":2,"fire_occurred":0,"prediction":0.3346}},{"type":"Feature","geometry":{"type":"Point","coordinates":[74.4,32.1]},"properties":{"region":2,"fire_occurred":1,"prediction":0.2567}},{"type":"Feature","geometry":{"type":"Point","coordinates":[74.4,32.2]},"properties":{"region":2,"fire_occurred":0,"prediction":0.1488}},{"type":"Feature","geometry":{"type":"Point","coordinates":[74.5,29.4]},"properties":{"region":2,"fire_occurred":0,"prediction":0.3161}},{"type":"Feature","geometry":{"type":"Point","coordinates":[74.5,29.5]},"properties":{"region":2,"fire_occurred":0,"prediction":0.3063}},{"type":"Feature","geometry":{"type":"Point","coordinates":[74.5,29.8]},"properties":{"region":2,"fire_occurred":0,"prediction":0.3023}},{"type":"Feature","geometry":{"type":"Point","coordinates":[74.5,29.9]},"properties":{"region":2,"fire_occurred":1,"prediction":0.6682}},{"type":"Feature","geometry":{"type":"Point","coordinates":[74.5,30.0]},"properties":{"region":2,"fire_occurred":1,"prediction":0.4869}},{"type":"Feature","geometry":{"type":"Point","coordinates":[74.5,30.1]},"properties":{"region":2,"fire_occurred":1,"prediction":0.5497}},{"type":"Feature","geometry":{"type":"Point","coordinates":[74.5,30.2]},"properties":{"region":2,"fire_occurred":0,"prediction":0.4235}},{"type":"Feature","geometry":{"type":"Point","coordinates":[74.5,30.3]},"properties":{"region":2,"fire_occurred":0,"prediction":0.4947}},{"type":"Feature","geometry":{"type":"Point","coordinates":[74.5,30.4]},"properties":{"region":2,"fire_occurred":1,"prediction":0.5663}},{"type":"Feature","geometry":{"type":"Point","coordinates":[74.5,30.5]},"properties":{"region":2,"fire_occurred":1,"prediction":0.4332}},{"type":"Feature","geometry":{"type":"Point","coordinates":[74.5,30.6]},"properties":{"region":2,"fire_occurred":1,"prediction":0.4779}},{"type":"Feature","geometry":{"type":"Point","coordinates":[74.5,30.7]},"properties":{"region":2,"fire_occurred":0,"prediction":0.4904}},{"type":"Feature","geometry":{"type":"Point","coordinates":[74.5,30.8]},"properties":{"region":2,"fire_occurred":1,"prediction":0.6061}},{"type":"Feature","geometry":{"type":"Point","coordinates":[74.5,30.9]},"properties":{"region":2,"fire_occurred":0,"prediction":0.3918}},{"type":"Feature","geometry":{"type":"Point","coordinates":[74.5,31.0]},"properties":{"region":2,"fire_occurred":0,"prediction":0.5171}},{"type":"Feature","geometry":{"type":"Point","coordinates":[74.5,31.1]},"properties":{"region":2,"fire_occurred":1,"prediction":0.2818}},{"type":"Feature","geometry":{"type":"Point","coordinates":[74.5,31.2]},"properties":{"region":2,"fire_occurred":1,"prediction":0.1009}},{"type":"Feature","geometry":{"type":"Point","coordinates":[74.5,31.3]},"properties":{"region":2,"fire_occurred":1,"prediction":0.0917}},{"type":"Feature","geometry":{"type":"Point","coordinates":[74.5,31.6]},"properties":{"region":2,"fire_occurred":0,"prediction":0.726}},{"type":"Feature","geometry":{"type":"Point","coordinates":[74.5,31.7]},"properties":{"region":2,"fire_occurred":0,"prediction":0.5914}},{"type":"Feature","geometry":{"type":"Point","coordinates":[74.5,31.8]},"properties":{"region":2,"fire_occurred":0,"prediction":0.2436}},{"type":"Feature","geometry":{"type":"Point","coordinates":[74.6,29.4]},"properties":{"region":2,"fire_occurred":0,"prediction":0.6828}},{"type":"Feature","geometry":{"type":"Point","coordinates":[74.6,29.5]},"properties":{"region":2,"fire_occurred":0,"prediction":0.5451}},{"type":"Feature","geometry":{"type":"Point","coordinates":[74.6,29.6]},"properties":{"region":2,"fire_occurred":0,"prediction":0.1543}},{"type":"Feature","geometry":{"type":"Point","coordinates":[74.6,29.7]},"properties":{"region":2,"fire_occurred":0,"prediction":0.3319}},{"type":"Feature","geometry":{"type":"Point","coordinates":[74.6,29.8]},"properties":{"region":2,"fire_occurred":0,"prediction":0.389}},{"type":"Feature","geometry":{"type":"Point","coordinates":[74.6,29.9]},"properties":{"region":2,"fire_occurred":0,"prediction":0.8606}},{"type":"Feature","geometry":{"type":"Point","coordinates":[74.6,30.0]},"properties":{"region":2,"fire_occurred":0,"prediction":0.6644}},{"type":"Feature","geometry":{"type":"Point","coordinates":[74.6,30.1]},"properties":{"region":2,"fire_occurred":0,"prediction":0.4039}},{"type":"Feature","geometry":{"type":"Point","coordinates":[74.6,30.2]},"properties":{"region":2,"fire_occurred":0,"prediction":0.3346}},{"type":"Feature","geometry":{"type":"Point","coordinates":[74.6,30.3]},"properties":{"region":2,"fire_occurred":1,"prediction":0.3749}},{"type":"Feature","geometry":{"type":"Point","coordinates":[74.6,30.4]},"properties":{"region":2,"fire_occurred":1,"prediction":0.5649}},{"type":"Feature","geometry":{"type":"Point","coordinates":[74.6,30.5]},"properties":{"region":2,"fire_occurred":0,"prediction":0.3111}},{"type":"Feature","geometry":{"type":"Point","coordinates":[74.6,30.6]},"properties":{"region":2,"fire_occurred":1,"prediction":0.3559}},{"type":"Feature","geometry":{"type":"Point","coordinates":[74.6,30.7]},"properties":{"region":2,"fire_occurred":0,"prediction":0.375}},{"type":"Feature","geometry":{"type":"Point","coordinates":[74.6,30.8]},"properties":{"region":2,"fire_occurred":0,"prediction":0.4789}},{"type":"Feature","geometry":{"type":"Point","coordinates":[74.6,30.9]},"properties":{"region":2,"fire_occurred":0,"prediction":0.6708}},{"type":"Feature","geometry":{"type":"Point","coordinates":[74.6,31.0]},"properties":{"region":2,"fire_occurred":0,"prediction":0.3384}},{"type":"Feature","geometry":{"type":"Point","coordinates":[74.6,31.1]},"properties":{"region":2,"fire_occurred":1,"prediction":0.2645}},{"type":"Feature","geometry":{"type":"Point","coordinates":[74.6,31.2]},"properties":{"region":2,"fire_occurred":1,"prediction":0.1004}},{"type":"Feature","geometry":{"type":"Point","coordinates":[74.6,31.3]},"properties":{"region":2,"fire_occurred":0,"prediction":0.2076}},{"type":"Feature","geometry":{"type":"Point","coordinates":[74.6,31.4]},"properties":{"region":2,"fire_occurred":1,"prediction":0.1564}},{"type":"Feature","geometry":{"type":"Point","coordinates":[74.6,31.6]},"properties":{"region":2,"fire_occurred":0,"prediction":0.2079}},{"type":"Feature","geometry":{"type":"Point","coordinates":[74.6,31.7]},"properties":{"region":2,"fire_occurred":0,"prediction":0.2322}},{"type":"Feature","geometry":{"type":"Point","coordinates":[74.6,31.8]},"properties":{"region":2,"fire_occurred":0,"prediction":0.6242}},{"type":"Feature","geometry":{"type":"Point","coordinates":[74.6,45.8]},"properties":{"region":2,"fire_occurred":1,"prediction":0.0012}},{"type":"Feature","geometry":{"type":"Point","coordinates":[74.7,29.4]},"properties":{"region":2,"fire_occurred":0,"prediction":0.3127}},{"type":"Feature","geometry":{"type":"Point","coordinates":[74.7,29.5]},"properties":{"region":2,"fire_occurred":0,"prediction":0.3095}},{"type":"Feature","geometry":{"type":"Point","coordinates":[74.7,29.9]},"properties":{"region":2,"fire_occurred":0,"prediction":0.6264}},{"type":"Feature","geometry":{"type":"Point","coordinates":[74.7,30.0]},"properties":{"region":2,"fire_occurred":0,"prediction":0.6239}},{"type":"Feature","geometry":{"type":"Point","coordinates":[74.7,30.1]},"properties":{"region":2,"fire_occurred":1,"prediction":0.3894}},{"type":"Feature","geometry":{"type":"Point","coordinates":[74.7,30.2]},"properties":{"region":2,"fire_occurred":1,"prediction":0.3331}},{"type":"Feature","geometry":{"type":"Point","coordinates":[74.7,30.3]},"properties":{"region":2,"fire_occurred":0,"prediction":0.445}},{"type":"Feature","geometry":{"type":"Point","coordinates":[74.7,30.4]},"properties":{"region":2,"fire_occurred":1,"prediction":0.6573}},{"type":"Feature","geometry":{"type":"Point","coordinates":[74.7,30.5]},"properties":{"region":2,"fire_occurred":0,"prediction":0.3093}},{"type":"Feature","geometry":{"type":"Point","coordinates":[74.7,30.6]},"properties":{"region":2,"fire_occurred":1,"prediction":0.4665}},{"type":"Feature","geometry":{"type":"Point","coordinates":[74.7,30.7]},"properties":{"region":2,"fire_occurred":1,"prediction":0.3693}},{"type":"Feature","geometry":{"type":"Point","coordinates":[74.7,30.8]},"properties":{"region":2,"fire_occurred":1,"prediction":0.3425}},{"type":"Feature","geometry":{"type":"Point","coordinates":[74.7,30.9]},"properties":{"region":2,"fire_occurred":1,"prediction":0.2566}},{"type":"Feature","geometry":{"type":"Point","coordinates":[74.7,31.0]},"properties":{"region":2,"fire_occurred":0,"prediction":0.6388}},{"type":"Feature","geometry":{"type":"Point","coordinates":[74.7,31.1]},"properties":{"region":2,"fire_occurred":1,"prediction":0.1739}},{"type":"Feature","geometry":{"type":"Point","coordinates":[74.7,31.2]},"properties":{"region":2,"fire_occurred":1,"prediction":0.2108}},{"type":"Feature","geometry":{"type":"Point","coordinates":[74.7,31.4]},"properties":{"region":2,"fire_occurred":0,"prediction":0.1168}},{"type":"Feature","geometry":{"type":"Point","coordinates":[74.7,31.5]},"properties":{"region":2,"fire_occurred":1,"prediction":0.0476}},{"type":"Feature","geometry":{"type":"Point","coordinates":[74.7,31.7]},"properties":{"region":2,"fire_occurred":0,"prediction":0.1547}},{"type":"Feature","geometry":{"type":"Point","coordinates":[74.7,31.8]},"properties":{"region":2,"fire_occurred":0,"prediction":0.396}},{"type":"Feature","geometry":{"type":"Point","coordinates":[74.8,29.4]},"properties":{"region":2,"fire_occurred":0,"prediction":0.348}},{"type":"Feature","geometry":{"type":"Point","coordinates":[74.8,29.5]},"properties":{"region":2,"fire_occurred":0,"prediction":0.1652}},{"type":"Feature","geometry":{"type":"Point","coordinates":[74.8,29.8]},"properties":{"region":2,"fire_occurred":0,"prediction":0.2161}},{"type":"Feature","geometry":{"type":"Point","coordinates":[74.8,29.9]},"properties":{"region":2,"fire_occurred":0,"prediction":0.5393}},{"type":"Feature","geometry":{"type":"Point","coordinates":[74.8,30.0]},"properties":{"region":2,"fire_occurred":0,"prediction":0.4561}},{"type":"Feature","geometry":{"type":"Point","coordinates":[74.8,30.1]},"properties":{"region":2,"fire_occurred":1,"prediction":0.3456}},{"type":"Feature","geometry":{"type":"Point","coordinates":[74.8,30.2]},"properties":{"region":2,"fire_occurred":0,"prediction":0.3512}},{"type":"Feature","geometry":{"type":"Point","coordinates":[74.8,30.3]},"properties":{"region":2,"fire_occurred":0,"prediction":0.4532}},{"type":"Feature","geometry":{"type":"Point","coordinates":[74.8,30.4]},"properties":{"region":2,"fire_occurred":1,"prediction":0.4151}},{"type":"Feature","geometry":{"type":"Point","coordinates":[74.8,30.5]},"properties":{"region":2,"fire_occurred":1,"prediction":0.2072}},{"type":"Feature","geometry":{"type":"Point","coordinates":[74.8,30.6]},"properties":{"region":2,"fire_occurred":0,"prediction":0.2842}},{"type":"Feature","geometry":{"type":"Point","coordinates":[74.8,30.7]},"properties":{"region":2,"fire_occurred":0,"prediction":0.2263}},{"type":"Feature","geometry":{"type":"Point","coordinates":[74.8,30.8]},"properties":{"region":2,"fire_occurred":1,"prediction":0.1778}},{"type":"Feature","geometry":{"type":"Point","coordinates":[74.8,30.9]},"properties":{"region":2,"fire_occurred":1,"prediction":0.2241}},{"type":"Feature","geometry":{"type":"Point","coordinates":[74.8,31.0]},"properties":{"region":2,"fire_occurred":1,"prediction":0.6883}},{"type":"Feature","geometry":{"type":"Point","coordinates":[74.8,31.1]},"properties":{"region":2,"fire_occurred":0,"prediction":0.2193}},{"type":"Feature","geometry":{"type":"Point","coordinates":[74.8,31.2]},"properties":{"region":2,"fire_occurred":0,"prediction":0.2066}},{"type":"Feature","geometry":{"type":"Point","coordinates":[74.8,31.4]},"properties":{"region":2,"fire_occurred":0,"prediction":0.1193}},{"type":"Feature","geometry":{"type":"Point","coordinates":[74.8,31.8]},"properties":{"region":2,"fire_occurred":0,"prediction":0.135}},{"type":"Feature","geometry":{"type":"Point","coordinates":[74.8,31.9]},"properties":{"region":2,"fire_occurred":0,"prediction":0.3975}},{"type":"Feature","geometry":{"type":"Point","coordinates":[74.9,29.4]},"properties":{"region":2,"fire_occurred":0,"prediction":0.8236}},{"type":"Feature","geometry":{"type":"Point","coordinates":[74.9,29.5]},"properties":{"region":2,"fire_occurred":0,"prediction":0.1792}},{"type":"Feature","geometry":{"type":"Point","coordinates":[74.9,29.8]},"properties":{"region":2,"fire_occurred":0,"prediction":0.1641}},{"type":"Feature","geometry":{"type":"Point","coordinates":[74.9,29.9]},"properties":{"region":2,"fire_occurred":0,"prediction":0.2936}},{"type":"Feature","geometry":{"type":"Point","coordinates":[74.9,30.0]},"properties":{"region":2,"fire_occurred":1,"prediction":0.5399}},{"type":"Feature","geometry":{"type":"Point","coordinates":[74.9,30.1]},"properties":{"region":2,"fire_occurred":1,"prediction":0.4099}},{"type":"Feature","geometry":{"type":"Point","coordinates":[74.9,30.2]},"properties":{"region":2,"fire_occurred":1,"prediction":0.7002}},{"type":"Feature","geometry":{"type":"Point","coordinates":[74.9,30.3]},"properties":{"region":2,"fire_occurred":1,"prediction":0.486}},{"type":"Feature","geometry":{"type":"Point","coordinates":[74.9,30.4]},"properties":{"region":2,"fire_occurred":1,"prediction":0.5085}},{"type":"Feature","geometry":{"type":"Point","coordinates":[74.9,30.5]},"properties":{"region":2,"fire_occurred":1,"prediction":0.3471}},{"type":"Feature","geometry":{"type":"Point","coordinates":[74.9,30.6]},"properties":{"region":2,"fire_occurred":1,"prediction":0.3284}},{"type":"Feature","geometry":{"type":"Point","coordinates":[74.9,30.7]},"properties":{"region":2,"fire_occurred":1,"prediction":0.2786}},{"type":"Feature","geometry":{"type":"Point","coordinates":[74.9,30.8]},"properties":{"region":2,"fire_occurred":1,"prediction":0.297}},{"type":"Feature","geometry":{"type":"Point","coordinates":[74.9,30.9]},"properties":{"region":2,"fire_occurred":1,"prediction":0.2079}},{"type":"Feature","geometry":{"type":"Point","coordinates":[74.9,31.0]},"properties":{"region":2,"fire_occurred":1,"prediction":0.4624}},{"type":"Feature","geometry":{"type":"Point","coordinates":[74.9,31.1]},"properties":{"region":2,"fire_occurred":0,"prediction":0.3233}},{"type":"Feature","geometry":{"type":"Point","coordinates":[74.9,31.2]},"properties":{"region":2,"fire_occurred":0,"prediction":0.1659}},{"type":"Feature","geometry":{"type":"Point","coordinates":[74.9,31.3]},"properties":{"region":2,"fire_occurred":0,"prediction":0.1275}},{"type":"Feature","geometry":{"type":"Point","coordinates":[74.9,31.4]},"properties":{"region":2,"fire_occurred":0,"prediction":0.1495}},{"type":"Feature","geometry":{"type":"Point","coordinates":[74.9,31.9]},"properties":{"region":2,"fire_occurred":0,"prediction":0.3087}},{"type":"Feature","geometry":{"type":"Point","coordinates":[74.9,32.0]},"properties":{"region":2,"fire_occurred":0,"prediction":0.1388}},{"type":"Feature","geometry":{"type":"Point","coordinates":[74.9,46.8]},"properties":{"region":2,"fire_occurred":0,"prediction":0.2053}},{"type":"Feature","geometry":{"type":"Point","coordinates":[75.0,29.4]},"properties":{"region":2,"fire_occurred":0,"prediction":0.5166}},{"type":"Feature","geometry":{"type":"Point","coordinates":[75.0,29.5]},"properties":{"region":2,"fire_occurred":0,"prediction":0.6364}},{"type":"Feature","geometry":{"type":"Point","coordinates":[75.0,29.7]},"properties":{"region":2,"fire_occurred":0,"prediction":0.1682}},{"type":"Feature","geometry":{"type":"Point","coordinates":[75.0,29.8]},"properties":{"region":2,"fire_occurred":0,"prediction":0.245}},{"type":"Feature","geometry":{"type":"Point","coordinates":[75.0,29.9]},"properties":{"region":2,"fire_occurred":1,"prediction":0.1666}},{"type":"Feature","geometry":{"type":"Point","coordinates":[75.0,30.0]},"properties":{"region":2,"fire_occurred":0,"prediction":0.5311}},{"type":"Feature","geometry":{"type":"Point","coordinates":[75.0,30.1]},"properties":{"region":2,"fire_occurred":0,"prediction":0.4361}},{"type":"Feature","geometry":{"type":"Point","coordinates":[75.0,30.2]},"properties":{"region":2,"fire_occurred":1,"prediction":0.5731}},{"type":"Feature","geometry":{"type":"Point","coordinates":[75.0,30.3]},"properties":{"region":2,"fire_occurred":1,"prediction":0.5315}},{"type":"Feature","geometry":{"type":"Point","coordinates":[75.0,30.4]},"properties":{"region":2,"fire_occurred":0,"prediction":0.4874}},{"type":"Feature","geometry":{"type":"Point","coordinates":[75.0,30.5]},"properties":{"region":2,"fire_occurred":1,"prediction":0.282}},{"type":"Feature","geometry":{"type":"Point","coordinates":[75.0,30.6]},"properties":{"region":2,"fire_occurred":1,"prediction":0.3136}},{"type":"Feature","geometry":{"type":"Point","coordinates":[75.0,30.7]},"properties":{"region":2,"fire_occurred":1,"prediction":0.3641}},{"type":"Feature","geometry":{"type":"Point","coordinates":[75.0,30.8]},"properties":{"region":2,"fire_occurred":1,"prediction":0.1698}},{"type":"Feature","geometry":{"type":"Point","coordinates":[75.0,30.9]},"properties":{"region":2,"fire_occurred":1,"prediction":0.1709}},{"type":"Feature","geometry":{"type":"Point","coordinates":[75.0,31.0]},"properties":{"region":2,"fire_occurred":1,"prediction":0.4599}},{"type":"Feature","geometry":{"type":"Point","coordinates":[75.0,31.1]},"properties":{"region":2,"fire_occurred":1,"prediction":0.1964}},{"type":"Feature","geometry":{"type":"Point","coordinates":[75.0,31.2]},"properties":{"region":2,"fire_occurred":0,"prediction":0.1118}},{"type":"Feature","geometry":{"type":"Point","coordinates":[75.1,29.4]},"properties":{"region":2,"fire_occurred":0,"prediction":0.1938}},{"type":"Feature","geometry":{"type":"Point","coordinates":[75.1,29.5]},"properties":{"region":2,"fire_occurred":0,"prediction":0.5223}},{"type":"Feature","geometry":{"type":"Point","coordinates":[75.1,29.6]},"properties":{"region":2,"fire_occurred":0,"prediction":0.3162}},{"type":"Feature","geometry":{"type":"Point","coordinates":[75.1,29.7]},"properties":{"region":2,"fire_occurred":0,"prediction":0.3881}},{"type":"Feature","geometry":{"type":"Point","coordinates":[75.1,29.8]},"properties":{"region":2,"fire_occurred":1,"prediction":0.5217}},{"type":"Feature","geometry":{"type":"Point","coordinates":[75.1,29.9]},"properties":{"region":2,"fire_occurred":0,"prediction":0.3535}},{"type":"Feature","geometry":{"type":"Point","coordinates":[75.1,30.0]},"properties":{"region":2,"fire_occurred":0,"prediction":0.3315}},{"type":"Feature","geometry":{"type":"Point","coordinates":[75.1,30.1]},"properties":{"region":2,"fire_occurred":1,"prediction":0.533}},{"type":"Feature","geometry":{"type":"Point","coordinates":[75.1,30.2]},"properties":{"region":2,"fire_occurred":0,"prediction":0.3761}},{"type":"Feature","geometry":{"type":"Point","coordinates":[75.1,30.3]},"properties":{"region":2,"fire_occurred":0,"prediction":0.5497}},{"type":"Feature","geometry":{"type":"Point","coordinates":[75.1,30.4]},"properties":{"region":2,"fire_occurred":1,"prediction":0.4237}},{"type":"Feature","geometry":{"type":"Point","coordinates":[75.1,30.5]},"properties":{"region":2,"fire_occurred":1,"prediction":0.1545}},{"type":"Feature","geometry":{"type":"Point","coordinates":[75.1,30.6]},"properties":{"region":2,"fire_occurred":0,"prediction":0.2785}},{"type":"Feature","geometry":{"type":"Point","coordinates":[75.1,30.7]},"properties":{"region":2,"fire_occurred":1,"prediction":0.216}},{"type":"Feature","geometry":{"type":"Point","coordinates":[75.1,30.8]},"properties":{"region":2,"fire_occurred":1,"prediction":0.1061}},{"type":"Feature","geometry":{"type":"Point","coordinates":[75.1,30.9]},"properties":{"region":2,"fire_occurred":1,"prediction":0.2612}},{"type":"Feature","geometry":{"type":"Point","coordinates":[75.1,31.0]},"properties":{"region":2,"fire_occurred":1,"prediction":0.6098}},{"type":"Feature","geometry":{"type":"Point","coordinates":[75.1,31.1]},"properties":{"region":2,"fire_occurred":0,"prediction":0.6573}},{"type":"Feature","geometry":{"type":"Point","coordinates":[75.1,31.2]},"properties":{"region":2,"fire_occurred":0,"prediction":0.7057}},{"type":"Feature","geometry":{"type":"Point","coordinates":[75.1,31.3]},"properties":{"region":2,"fire_occurred":0,"prediction":0.1562}},{"type":"Feature","geometry":{"type":"Point","coordinates":[75.2,19.8]},"properties":{"region":2,"fire_occurred":0,"prediction":0.2021}},{"type":"Feature","geometry":{"type":"Point","coordinates":[75.2,29.4]},"properties":{"region":2,"fire_occurred":0,"prediction":0.3394}},{"type":"Feature","geometry":{"type":"Point","coordinates":[75.2,29.5]},"properties":{"region":2,"fire_occurred":0,"prediction":0.732}},{"type":"Feature","geometry":{"type":"Point","coordinates":[75.2,29.6]},"properties":{"region":2,"fire_occurred":1,"prediction":0.4431}},{"type":"Feature","geometry":{"type":"Point","coordinates":[75.2,29.7]},"properties":{"region":2,"fire_occurred":0,"prediction":0.7328}},{"type":"Feature","geometry":{"type":"Point","coordinates":[75.2,29.8]},"properties":{"region":2,"fire_occurred":1,"prediction":0.318}},{"type":"Feature","geometry":{"type":"Point","coordinates":[75.2,29.9]},"properties":{"region":2,"fire_occurred":0,"prediction":0.4642}},{"type":"Feature","geometry":{"type":"Point","coordinates":[75.2,30.0]},"properties":{"region":2,"fire_occurred":0,"prediction":0.5971}},{"type":"Feature","geometry":{"type":"Point","coordinates":[75.2,30.1]},"properties":{"region":2,"fire_occurred":1,"prediction":0.6737}},{"type":"Feature","geometry":{"type":"Point","coordinates":[75.2,30.2]},"properties":{"region":2,"fire_occurred":0,"prediction":0.5522}},{"type":"Feature","geometry":{"type":"Point","coordinates":[75.2,30.3]},"properties":{"region":2,"fire_occurred":1,"prediction":0.4664}},{"type":"Feature","geometry":{"type":"Point","coordinates":[75.2,30.4]},"properties":{"region":2,"fire_occurred":0,"prediction":0.4455}},{"type":"Feature","geometry":{"type":"Point","coordinates":[75.2,30.5]},"properties":{"region":2,"fire_occurred":0,"prediction":0.3679}},{"type":"Feature","geometry":{"type":"Point","coordinates":[75.2,30.6]},"properties":{"region":2,"fire_occurred":1,"prediction":0.2973}},{"type":"Feature","geometry":{"type":"Point","coordinates":[75.2,30.7]},"properties":{"region":2,"fire_occurred":1,"prediction":0.2365}},{"type":"Feature","geometry":{"type":"Point","coordinates":[75.2,30.8]},"properties":{"region":2,"fire_occurred":1,"prediction":0.1864}},{"type":"Feature","geometry":{"type":"Point","coordinates":[75.2,30.9]},"properties":{"region":2,"fire_occurred":1,"prediction":0.3204}},{"type":"Feature","geometry":{"type":"Point","coordinates":[75.2,31.0]},"properties":{"region":2,"fire_occurred":1,"prediction":0.2518}},{"type":"Feature","geometry":{"type":"Point","coordinates":[75.2,31.1]},"properties":{"region":2,"fire_occurred":0,"prediction":0.2712}},{"type":"Feature","geometry":{"type":"Point","coordinates":[75.2,31.2]},"properties":{"region":2,"fire_occurred":1,"prediction":0.4473}},{"type":"Feature","geometry":{"type":"Point","coordinates":[75.2,31.3]},"properties":{"region":2,"fire_occurred":0,"prediction":0.779}},{"type":"Feature","geometry":{"type":"Point","coordinates":[75.2,31.4]},"properties":{"region":2,"fire_occurred":0,"prediction":0.2996}},{"type":"Feature","geometry":{"type":"Point","coordinates":[75.2,31.6]},"properties":{"region":2,"fire_occurred":1,"prediction":0.0471}},{"type":"Feature","geometry":{"type":"Point","coordinates":[75.3,29.5]},"properties":{"region":2,"fire_occurred":0,"prediction":0.7078}},{"type":"Feature","geometry":{"type":"Point","coordinates":[75.3,29.6]},"properties":{"region":2,"fire_occurred":0,"prediction":0.2212}},{"type":"Feature","geometry":{"type":"Point","coordinates":[75.3,29.7]},"properties":{"region":2,"fire_occurred":0,"prediction":0.7479}},{"type":"Feature","geometry":{"type":"Point","coordinates":[75.3,29.8]},"properties":{"region":2,"fire_occurred":1,"prediction":0.5079}},{"type":"Feature","geometry":{"type":"Point","coordinates":[75.3,29.9]},"properties":{"region":2,"fire_occurred":0,"prediction":0.4479}},{"type":"Feature","geometry":{"type":"Point","coordinates":[75.3,30.0]},"properties":{"region":2,"fire_occurred":1,"prediction":0.6897}},{"type":"Feature","geometry":{"type":"Point","coordinates":[75.3,30.1]},"properties":{"region":2,"fire_occurred":1,"prediction":0.7823}},{"type":"Feature","geometry":{"type":"Point","coordinates":[75.3,30.2]},"properties":{"region":2,"fire_occurred":0,"prediction":0.5837}},{"type":"Feature","geometry":{"type":"Point","coordinates":[75.3,30.3]},"properties":{"region":2,"fire_occurred":1,"prediction":0.2435}},{"type":"Feature","geometry":{"type":"Point","coordinates":[75.3,30.4]},"properties":{"region":2,"fire_occurred":1,"prediction":0.4262}},{"type":"Feature","geometry":{"type":"Point","coordinates":[75.3,30.5]},"properties":{"region":2,"fire_occurred":1,"prediction":0.234}},{"type":"Feature","geometry":{"type":"Point","coordinates":[75.3,30.6]},"properties":{"region":2,"fire_occurred":1,"prediction":0.3694}},{"type":"Feature","geometry":{"type":"Point","coordinates":[75.3,30.7]},"properties":{"region":2,"fire_occurred":1,"prediction":0.1862}},{"type":"Feature","geometry":{"type":"Point","coordinates":[75.3,30.8]},"properties":{"region":2,"fire_occurred":1,"prediction":0.348}},{"type":"Feature","geometry":{"type":"Point","coordinates":[75.3,30.9]},"properties":{"region":2,"fire_occurred":1,"prediction":0.2396}},{"type":"Feature","geometry":{"type":"Point","coordinates":[75.3,31.0]},"properties":{"region":2,"fire_occurred":0,"prediction":0.2752}},{"type":"Feature","geometry":{"type":"Point","coordinates":[75.3,31.1]},"properties":{"region":2,"fire_occurred":0,"prediction":0.1774}},{"type":"Feature","geometry":{"type":"Point","coordinates":[75.3,31.2]},"properties":{"region":2,"fire_occurred":0,"prediction":0.1262}},{"type":"Feature","geometry":{"type":"Point","coordinates":[75.3,31.3]},"properties":{"region":2,"fire_occurred":0,"prediction":0.6418}},{"type":"Feature","geometry":{"type":"Point","coordinates":[75.3,31.4]},"properties":{"region":2,"fire_occurred":0,"prediction":0.2563}},{"type":"Feature","geometry":{"type":"Point","coordinates":[75.3,31.5]},"properties":{"region":2,"fire_occurred":1,"prediction":0.058}},{"type":"Feature","geometry":{"type":"Point","coordinates":[75.4,29.5]},"properties":{"region":2,"fire_occurred":0,"prediction":0.3954}},{"type":"Feature","geometry":{"type":"Point","coordinates":[75.4,29.6]},"properties":{"region":2,"fire_occurred":1,"prediction":0.3746}},{"type":"Feature","geometry":{"type":"Point","coordinates":[75.4,29.7]},"properties":{"region":2,"fire_occurred":1,"prediction":0.5661}},{"type":"Feature","geometry":{"type":"Point","coordinates":[75.4,29.8]},"properties":{"region":2,"fire_occurred":1,"prediction":0.3733}},{"type":"Feature","geometry":{"type":"Point","coordinates":[75.4,29.9]},"properties":{"region":2,"fire_occurred":1,"prediction":0.6599}},{"type":"Feature","geometry":{"type":"Point","coordinates":[75.4,30.0]},"properties":{"region":2,"fire_occurred":0,"prediction":0.3139}},{"type":"Feature","geometry":{"type":"Point","coordinates":[75.4,30.1]},"properties":{"region":2,"fire_occurred":1,"prediction":0.3381}},{"type":"Feature","geometry":{"type":"Point","coordinates":[75.4,30.2]},"properties":{"region":2,"fire_occurred":1,"prediction":0.3864}},{"type":"Feature","geometry":{"type":"Point","coordinates":[75.4,30.3]},"properties":{"region":2,"fire_occurred":1,"prediction":0.4156}},{"type":"Feature","geometry":{"type":"Point","coordinates":[75.4,30.4]},"properties":{"region":2,"fire_occurred":1,"prediction":0.4269}},{"type":"Feature","geometry":{"type":"Point","coordinates":[75.4,30.5]},"properties":{"region":2,"fire_occurred":1,"prediction":0.2522}},{"type":"Feature","geometry":{"type":"Point","coordinates":[75.4,30.6]},"properties":{"region":2,"fire_occurred":1,"prediction":0.2566}},{"type":"Feature","geometry":{"type":"Point","coordinates":[75.4,30.7]},"properties":{"region":2,"fire_occurred":1,"prediction":0.1851}},{"type":"Feature","geometry":{"type":"Point","coordinates":[75.4,30.8]},"properties":{"region":2,"fire_occurred":0,"prediction":0.2911}},{"type":"Feature","geometry":{"type":"Point","coordinates":[75.4,30.9]},"properties":{"region":2,"fire_occurred":1,"prediction":0.3276}},{"type":"Feature","geometry":{"type":"Point","coordinates":[75.4,31.0]},"properties":{"region":2,"fire_occurred":0,"prediction":0.2987}},{"type":"Feature","geometry":{"type":"Point","coordinates":[75.4,31.1]},"properties":{"region":2,"fire_occurred":0,"prediction":0.2802}},{"type":"Feature","geometry":{"type":"Point","coordinates":[75.4,31.2]},"properties":{"region":2,"fire_occurred":0,"prediction":0.1437}},{"type":"Feature","geometry":{"type":"Point","coordinates":[75.4,31.4]},"properties":{"region":2,"fire_occurred":0,"prediction":0.2113}},{"type":"Feature","geometry":{"type":"Point","coordinates":[75.4,31.5]},"properties":{"region":2,"fire_occurred":0,"prediction":0.7867}},{"type":"Feature","geometry":{"type":"Point","coordinates":[75.4,31.6]},"properties":{"region":2,"fire_occurred":0,"prediction":0.135}},{"type":"Feature","geometry":{"type":"Point","coordinates":[75.5,28.9]},"properties":{"region":2,"fire_occurred":1,"prediction":0.0047}},{"type":"Feature","geometry":{"type":"Point","coordinates":[75.5,29.5]},"properties":{"region":2,"fire_occurred":0,"prediction":0.4526}},{"type":"Feature","geometry":{"type":"Point","coordinates":[75.5,29.6]},"properties":{"region":2,"fire_occurred":0,"prediction":0.1799}},{"type":"Feature","geometry":{"type":"Point","coordinates":[75.5,29.7]},"properties":{"region":2,"fire_occurred":0,"prediction":0.6147}},{"type":"Feature","geometry":{"type":"Point","coordinates":[75.5,29.8]},"properties":{"region":2,"fire_occurred":1,"prediction":0.4279}},{"type":"Feature","geometry":{"type":"Point","coordinates":[75.5,29.9]},"properties":{"region":2,"fire_occurred":0,"prediction":0.5243}},{"type":"Feature","geometry":{"type":"Point","coordinates":[75.5,30.0]},"properties":{"region":2,"fire_occurred":1,"prediction":0.4475}},{"type":"Feature","geometry":{"type":"Point","coordinates":[75.5,30.1]},"properties":{"region":2,"fire_occurred":1,"prediction":0.4202}},{"type":"Feature","geometry":{"type":"Point","coordinates":[75.5,30.2]},"properties":{"region":2,"fire_occurred":1,"prediction":0.4189}},{"type":"Feature","geometry":{"type":"Point","coordinates":[75.5,30.3]},"properties":{"region":2,"fire_occurred":1,"prediction":0.2726}},{"type":"Feature","geometry":{"type":"Point","coordinates":[75.5,30.4]},"properties":{"region":2,"fire_occurred":1,"prediction":0.3894}},{"type":"Feature","geometry":{"type":"Point","coordinates":[75.5,30.5]},"properties":{"region":2,"fire_occurred":0,"prediction":0.3877}},{"type":"Feature","geometry":{"type":"Point","coordinates":[75.5,30.6]},"properties":{"region":2,"fire_occurred":1,"prediction":0.1426}},{"type":"Feature","geometry":{"type":"Point","coordinates":[75.5,30.7]},"properties":{"region":2,"fire_occurred":1,"prediction":0.2801}},{"type":"Feature","geometry":{"type":"Point","coordinates":[75.5,30.8]},"properties":{"region":2,"fire_occurred":0,"prediction":0.2556}},{"type":"Feature","geometry":{"type":"Point","coordinates":[75.5,30.9]},"properties":{"region":2,"fire_occurred":0,"prediction":0.8675}},{"type":"Feature","geometry":{"type":"Point","coordinates":[75.5,31.0]},"properties":{"region":2,"fire_occurred":0,"prediction":0.1842}},{"type":"Feature","geometry":{"type":"Point","coordinates":[75.5,31.1]},"properties":{"region":2,"fire_occurred":1,"prediction":0.2213}},{"type":"Feature","geometry":{"type":"Point","coordinates":[75.5,31.5]},"properties":{"region":2,"fire_occurred":0,"prediction":0.132}},{"type":"Feature","geometry":{"type":"Point","coordinates":[75.5,31.6]},"properties":{"region":2,"fire_occurred":0,"prediction":0.1601}},{"type":"Feature","geometry":{"type":"Point","coordinates":[75.6,29.5]},"properties":{"region":2,"fire_occurred":0,"prediction":0.1317}},{"type":"Feature","geometry":{"type":"Point","coordinates":[75.6,29.6]},"properties":{"region":2,"fire_occurred":0,"prediction":0.2459}},{"type":"Feature","geometry":{"type":"Point","coordinates":[75.6,29.7]},"properties":{"region":2,"fire_occurred":1,"prediction":0.6231}},{"type":"Feature","geometry":{"type":"Point","coordinates":[75.6,29.8]},"properties":{"region":2,"fire_occurred":0,"prediction":0.16}},{"type":"Feature","geometry":{"type":"Point","coordinates":[75.6,29.9]},"properties":{"region":2,"fire_occurred":1,"prediction":0.5844}},{"type":"Feature","geometry":{"type":"Point","coordinates":[75.6,30.0]},"properties":{"region":2,"fire_occurred":0,"prediction":0.5394}},{"type":"Feature","geometry":{"type":"Point","coordinates":[75.6,30.1]},"properties":{"region":2,"fire_occurred":0,"prediction":0.3231}},{"type":"Feature","geometry":{"type":"Point","coordinates":[75.6,30.2]},"properties":{"region":2,"fire_occurred":0,"prediction":0.397}},{"type":"Feature","geometry":{"type":"Point","coordinates":[75.6,30.3]},"properties":{"region":2,"fire_occurred":1,"prediction":0.3942}},{"type":"Feature","geometry":{"type":"Point","coordinates":[75.6,30.4]},"properties":{"region":2,"fire_occurred":0,"prediction":0.4149}},{"type":"Feature","geometry":{"type":"Point","coordinates":[75.6,30.5]},"properties":{"region":2,"fire_occurred":1,"prediction":0.2669}},{"type":"Feature","geometry":{"type":"Point","coordinates":[75.6,30.6]},"properties":{"region":2,"fire_occurred":1,"prediction":0.329}},{"type":"Feature","geometry":{"type":"Point","coordinates":[75.6,30.7]},"properties":{"region":2,"fire_occurred":1,"prediction":0.3546}},{"type":"Feature","geometry":{"type":"Point","coordinates":[75.6,30.8]},"properties":{"region":2,"fire_occurred":1,"prediction":0.348}},{"type":"Feature","geometry":{"type":"Point","coordinates":[75.6,30.9]},"properties":{"region":2,"fire_occurred":1,"prediction":0.8723}},{"type":"Feature","geometry":{"type":"Point","coordinates":[75.6,31.0]},"properties":{"region":2,"fire_occurred":1,"prediction":0.316}},{"type":"Feature","geometry":{"type":"Point","coordinates":[75.6,31.1]},"properties":{"region":2,"fire_occurred":0,"prediction":0.3529}},{"type":"Feature","geometry":{"type":"Point","coordinates":[75.6,31.6]},"properties":{"region":2,"fire_occurred":0,"prediction":0.2068}},{"type":"Feature","geometry":{"type":"Point","coordinates":[75.6,31.7]},"properties":{"region":2,"fire_occurred":0,"prediction":0.1972}},{"type":"Feature","geometry":{"type":"Point","coordinates":[75.6,31.9]},"properties":{"region":2,"fire_occurred":0,"prediction":0.1728}},{"type":"Feature","geometry":{"type":"Point","coordinates":[75.7,29.6]},"properties":{"region":2,"fire_occurred":0,"prediction":0.4165}},{"type":"Feature","geometry":{"type":"Point","coordinates":[75.7,29.7]},"properties":{"region":2,"fire_occurred":0,"prediction":0.4326}},{"type":"Feature","geometry":{"type":"Point","coordinates":[75.7,29.8]},"properties":{"region":2,"fire_occurred":0,"prediction":0.4443}},{"type":"Feature","geometry":{"type":"Point","coordinates":[75.7,29.9]},"properties":{"region":2,"fire_occurred":1,"prediction":0.2684}},{"type":"Feature","geometry":{"type":"Point","coordinates":[75.7,30.0]},"properties":{"region":2,"fire_occurred":1,"prediction":0.4861}},{"type":"Feature","geometry":{"type":"Point","coordinates":[75.7,30.1]},"properties":{"region":2,"fire_occurred":1,"prediction":0.4122}},{"type":"Feature","geometry":{"type":"Point","coordinates":[75.7,30.2]},"properties":{"region":2,"fire_occurred":1,"prediction":0.4585}},{"type":"Feature","geometry":{"type":"Point","coordinates":[75.7,30.3]},"properties":{"region":2,"fire_occurred":1,"prediction":0.434}},{"type":"Feature","geometry":{"type":"Point","coordinates":[75.7,30.4]},"properties":{"region":2,"fire_occurred":1,"prediction":0.3947}},{"type":"Feature","geometry":{"type":"Point","coordinates":[75.7,30.5]},"properties":{"region":2,"fire_occurred":1,"prediction":0.4826}},{"type":"Feature","geometry":{"type":"Point","coordinates":[75.7,30.6]},"properties":{"region":2,"fire_occurred":1,"prediction":0.3115}},{"type":"Feature","geometry":{"type":"Point","coordinates":[75.7,30.8]},"properties":{"region":2,"fire_occurred":0,"prediction":0.2161}},{"type":"Feature","geometry":{"type":"Point","coordinates":[75.7,30.9]},"properties":{"region":2,"fire_occurred":1,"prediction":0.3592}},{"type":"Feature","geometry":{"type":"Point","coordinates":[75.7,31.0]},"properties":{"region":2,"fire_occurred":0,"prediction":0.4064}},{"type":"Feature","geometry":{"type":"Point","coordinates":[75.7,31.1]},"properties":{"region":2,"fire_occurred":1,"prediction":0.212}},{"type":"Feature","geometry":{"type":"Point","coordinates":[75.8,29.5]},"properties":{"region":2,"fire_occurred":0,"prediction":0.2383}},{"type":"Feature","geometry":{"type":"Point","coordinates":[75.8,29.6]},"properties":{"region":2,"fire_occurred":0,"prediction":0.2121}},{"type":"Feature","geometry":{"type":"Point","coordinates":[75.8,29.7]},"properties":{"region":2,"fire_occurred":0,"prediction":0.2707}},{"type":"Feature","geometry":{"type":"Point","coordinates":[75.8,29.8]},"properties":{"region":2,"fire_occurred":1,"prediction":0.2199}},{"type":"Feature","geometry":{"type":"Point","coordinates":[75.8,29.9]},"properties":{"region":2,"fire_occurred":0,"prediction":0.3777}},{"type":"Feature","geometry":{"type":"Point","coordinates":[75.8,30.0]},"properties":{"region":2,"fire_occurred":1,"prediction":0.5096}},{"type":"Feature","geometry":{"type":"Point","coordinates":[75.8,30.1]},"properties":{"region":2,"fire_occurred":1,"prediction":0.5663}},{"type":"Feature","geometry":{"type":"Point","coordinates":[75.8,30.2]},"properties":{"region":2,"fire_occurred":0,"prediction":0.5849}},{"type":"Feature","geometry":{"type":"Point","coordinates":[75.8,30.3]},"properties":{"region":2,"fire_occurred":0,"prediction":0.3832}},{"type":"Feature","geometry":{"type":"Point","coordinates":[75.8,30.4]},"properties":{"region":2,"fire_occurred":1,"prediction":0.3865}},{"type":"Feature","geometry":{"type":"Point","coordinates":[75.8,30.5]},"properties":{"region":2,"fire_occurred":0,"prediction":0.3763}},{"type":"Feature","geometry":{"type":"Point","coordinates":[75.8,30.6]},"properties":{"region":2,"fire_occurred":0,"prediction":0.3962}},{"type":"Feature","geometry":{"type":"Point","coordinates":[75.8,30.7]},"properties":{"region":2,"fire_occurred":1,"prediction":0.2823}},{"type":"Feature","geometry":{"type":"Point","coordinates":[75.8,30.9]},"properties":{"region":2,"fire_occurred":0,"prediction":0.4343}},{"type":"Feature","geometry":{"type":"Point","coordinates":[75.8,31.0]},"properties":{"region":2,"fire_occurred":1,"prediction":0.4166}},{"type":"Feature","geometry":{"type":"Point","coordinates":[75.8,31.1]},"properties":{"region":2,"fire_occurred":0,"prediction":0.1708}},{"type":"Feature","geometry":{"type":"Point","coordinates":[75.8,31.2]},"properties":{"region":2,"fire_occurred":1,"prediction":0.0645}},{"type":"Feature","geometry":{"type":"Point","coordinates":[75.9,29.5]},"properties":{"region":2,"fire_occurred":0,"prediction":0.245}},{"type":"Feature","geometry":{"type":"Point","coordinates":[75.9,29.6]},"properties":{"region":2,"fire_occurred":0,"prediction":0.3453}},{"type":"Feature","geometry":{"type":"Point","coordinates":[75.9,29.7]},"properties":{"region":2,"fire_occurred":1,"prediction":0.4644}},{"type":"Feature","geometry":{"type":"Point","coordinates":[75.9,29.8]},"properties":{"region":2,"fire_occurred":1,"prediction":0.6037}},{"type":"Feature","geometry":{"type":"Point","coordinates":[75.9,29.9]},"properties":{"region":2,"fire_occurred":0,"prediction":0.3838}},{"type":"Feature","geometry":{"type":"Point","coordinates":[75.9,30.0]},"properties":{"region":2,"fire_occurred":1,"prediction":0.1459}},{"type":"Feature","geometry":{"type":"Point","coordinates":[75.9,30.1]},"properties":{"region":2,"fire_occurred":1,"prediction":0.3775}},{"type":"Feature","geometry":{"type":"Point","coordinates":[75.9,30.2]},"properties":{"region":2,"fire_occurred":1,"prediction":0.4226}},{"type":"Feature","geometry":{"type":"Point","coordinates":[75.9,30.3]},"properties":{"region":2,"fire_occurred":1,"prediction":0.4409}},{"type":"Feature","geometry":{"type":"Point","coordinates":[75.9,30.4]},"properties":{"region":2,"fire_occurred":1,"prediction":0.2386}},{"type":"Feature","geometry":{"type":"Point","coordinates":[75.9,30.5]},"properties":{"region":2,"fire_occurred":1,"prediction":0.4665}},{"type":"Feature","geometry":{"type":"Point","coordinates":[75.9,30.6]},"properties":{"region":2,"fire_occurred":0,"prediction":0.4278}},{"type":"Feature","geometry":{"type":"Point","coordinates":[75.9,30.7]},"properties":{"region":2,"fire_occurred":0,"prediction":0.3881}},{"type":"Feature","geometry":{"type":"Point","coordinates":[75.9,30.8]},"properties":{"region":2,"fire_occurred":0,"prediction":0.1489}},{"type":"Feature","geometry":{"type":"Point","coordinates":[75.9,30.9]},"properties":{"region":2,"fire_occurred":1,"prediction":0.2213}},{"type":"Feature","geometry":{"type":"Point","coordinates":[75.9,31.0]},"properties":{"region":2,"fire_occurred":0,"prediction":0.2242}},{"type":"Feature","geometry":{"type":"Point","coordinates":[75.9,31.2]},"properties":{"region":2,"fire_occurred":0,"prediction":0.1861}},{"type":"Feature","geometry":{"type":"Point","coordinates":[76.0,29.4]},"properties":{"region":2,"fire_occurred":1,"prediction":0.095}},{"type":"Feature","geometry":{"type":"Point","coordinates":[76.0,29.5]},"properties":{"region":2,"fire_occurred":0,"prediction":0.1246}},{"type":"Feature","geometry":{"type":"Point","coordinates":[76.0,29.7]},"properties":{"region":2,"fire_occurred":1,"prediction":0.527}},{"type":"Feature","geometry":{"type":"Point","coordinates":[76.0,29.8]},"properties":{"region":2,"fire_occurred":1,"prediction":0.462}},{"type":"Feature","geometry":{"type":"Point","coordinates":[76.0,29.9]},"properties":{"region":2,"fire_occurred":1,"prediction":0.4555}},{"type":"Feature","geometry":{"type":"Point","coordinates":[76.0,30.0]},"properties":{"region":2,"fire_occurred":1,"prediction":0.5955}},{"type":"Feature","geometry":{"type":"Point","coordinates":[76.0,30.1]},"properties":{"region":2,"fire_occurred":1,"prediction":0.1412}},{"type":"Feature","geometry":{"type":"Point","coordinates":[76.0,30.2]},"properties":{"region":2,"fire_occurred":0,"prediction":0.2046}},{"type":"Feature","geometry":{"type":"Point","coordinates":[76.0,30.3]},"properties":{"region":2,"fire_occurred":1,"prediction":0.466}},{"type":"Feature","geometry":{"type":"Point","coordinates":[76.0,30.4]},"properties":{"region":2,"fire_occurred":1,"prediction":0.3988}},{"type":"Feature","geometry":{"type":"Point","coordinates":[76.0,30.5]},"properties":{"region":2,"fire_occurred":0,"prediction":0.4433}},{"type":"Feature","geometry":{"type":"Point","coordinates":[76.0,30.6]},"properties":{"region":2,"fire_occurred":1,"prediction":0.6543}},{"type":"Feature","geometry":{"type":"Point","coordinates":[76.0,30.7]},"properties":{"region":2,"fire_occurred":1,"prediction":0.4046}},{"type":"Feature","geometry":{"type":"Point","coordinates":[76.0,30.8]},"properties":{"region":2,"fire_occurred":0,"prediction":0.4664}},{"type":"Feature","geometry":{"type":"Point","coordinates":[76.0,30.9]},"properties":{"region":2,"fire_occurred":1,"prediction":0.4516}},{"type":"Feature","geometry":{"type":"Point","coordinates":[76.0,31.0]},"properties":{"region":2,"fire_occurred":1,"prediction":0.246}},{"type":"Feature","geometry":{"type":"Point","coordinates":[76.1,18.3]},"properties":{"region":2,"fire_occurred":0,"prediction":0.1107}},{"type":"Feature","geometry":{"type":"Point","coordinates":[76.1,29.5]},"properties":{"region":2,"fire_occurred":1,"prediction":0.1203}},{"type":"Feature","geometry":{"type":"Point","coordinates":[76.1,29.7]},"properties":{"region":2,"fire_occurred":1,"prediction":0.4191}},{"type":"Feature","geometry":{"type":"Point","coordinates":[76.1,29.8]},"properties":{"region":2,"fire_occurred":1,"prediction":0.4812}},{"type":"Feature","geometry":{"type":"Point","coordinates":[76.1,29.9]},"properties":{"region":2,"fire_occurred":1,"prediction":0.216}},{"type":"Feature","geometry":{"type":"Point","coordinates":[76.1,30.0]},"properties":{"region":2,"fire_occurred":1,"prediction":0.5832}},{"type":"Feature","geometry":{"type":"Point","coordinates":[76.1,30.1]},"properties":{"region":2,"fire_occurred":1,"prediction":0.4014}},{"type":"Feature","geometry":{"type":"Point","coordinates":[76.1,30.2]},"properties":{"region":2,"fire_occurred":0,"prediction":0.3996}},{"type":"Feature","geometry":{"type":"Point","coordinates":[76.1,30.3]},"properties":{"region":2,"fire_occurred":1,"prediction":0.1108}},{"type":"Feature","geometry":{"type":"Point","coordinates":[76.1,30.4]},"properties":{"region":2,"fire_occurred":1,"prediction":0.1108}},{"type":"Feature","geometry":{"type":"Point","coordinates":[76.1,30.5]},"properties":{"region":2,"fire_occurred":1,"prediction":0.082}},{"type":"Feature","geometry":{"type":"Point","coordinates":[76.1,30.6]},"properties":{"region":2,"fire_occurred":1,"prediction":0.0864}},{"type":"Feature","geometry":{"type":"Point","coordinates":[76.1,30.7]},"properties":{"region":2,"fire_occurred":0,"prediction":0.1967}},{"type":"Feature","geometry":{"type":"Point","coordinates":[76.1,30.8]},"properties":{"region":2,"fire_occurred":0,"prediction":0.3064}},{"type":"Feature","geometry":{"type":"Point","coordinates":[76.1,30.9]},"properties":{"region":2,"fire_occurred":1,"prediction":0.5323}},{"type":"Feature","geometry":{"type":"Point","coordinates":[76.1,31.0]},"properties":{"region":2,"fire_occurred":0,"prediction":0.4709}},{"type":"Feature","geometry":{"type":"Point","coordinates":[76.1,31.1]},"properties":{"region":2,"fire_occurred":0,"prediction":0.2533}},{"type":"Feature","geometry":{"type":"Point","coordinates":[76.2,29.6]},"properties":{"region":2,"fire_occurred":0,"prediction":0.1571}},{"type":"Feature","geometry":{"type":"Point","coordinates":[76.2,29.7]},"properties":{"region":2,"fire_occurred":0,"prediction":0.2317}},{"type":"Feature","geometry":{"type":"Point","coordinates":[76.2,29.8]},"properties":{"region":2,"fire_occurred":0,"prediction":0.1709}},{"type":"Feature","geometry":{"type":"Point","coordinates":[76.2,30.0]},"properties":{"region":2,"fire_occurred":0,"prediction":0.3444}},{"type":"Feature","geometry":{"type":"Point","coordinates":[76.2,30.1]},"properties":{"region":2,"fire_occurred":1,"prediction":0.4308}},{"type":"Feature","geometry":{"type":"Point","coordinates":[76.2,30.2]},"properties":{"region":2,"fire_occurred":1,"prediction":0.5533}},{"type":"Feature","geometry":{"type":"Point","coordinates":[76.2,30.3]},"properties":{"region":2,"fire_occurred":1,"prediction":0.5124}},{"type":"Feature","geometry":{"type":"Point","coordinates":[76.2,30.4]},"properties":{"region":2,"fire_occurred":0,"prediction":0.24}},{"type":"Feature","geometry":{"type":"Point","coordinates":[76.2,30.5]},"properties":{"region":2,"fire_occurred":1,"prediction":0.4416}},{"type":"Feature","geometry":{"type":"Point","coordinates":[76.2,30.7]},"properties":{"region":2,"fire_occurred":1,"prediction":0.337}},{"type":"Feature","geometry":{"type":"Point","coordinates":[76.2,30.8]},"properties":{"region":2,"fire_occurred":0,"prediction":0.1809}},{"type":"Feature","geometry":{"type":"Point","coordinates":[76.2,30.9]},"properties":{"region":2,"fire_occurred":0,"prediction":0.432}},{"type":"Feature","geometry":{"type":"Point","coordinates":[76.2,31.0]},"properties":{"region":2,"fire_occurred":0,"prediction":0.1068}},{"type":"Feature","geometry":{"type":"Point","coordinates":[76.3,29.4]},"properties":{"region":2,"fire_occurred":0,"prediction":0.2684}},{"type":"Feature","geometry":{"type":"Point","coordinates":[76.3,29.5]},"properties":{"region":2,"fire_occurred":0,"prediction":0.1137}},{"type":"Feature","geometry":{"type":"Point","coordinates":[76.3,29.6]},"properties":{"region":2,"fire_occurred":0,"prediction":0.2299}},{"type":"Feature","geometry":{"type":"Point","coordinates":[76.3,29.7]},"properties":{"region":2,"fire_occurred":0,"prediction":0.4123}},{"type":"Feature","geometry":{"type":"Point","coordinates":[76.3,30.0]},"properties":{"region":2,"fire_occurred":0,"prediction":0.1472}},{"type":"Feature","geometry":{"type":"Point","coordinates":[76.3,30.1]},"properties":{"region":2,"fire_occurred":0,"prediction":0.4474}},{"type":"Feature","geometry":{"type":"Point","coordinates":[76.3,30.2]},"properties":{"region":2,"fire_occurred":1,"prediction":0.4282}},{"type":"Feature","geometry":{"type":"Point","coordinates":[76.3,30.3]},"properties":{"region":2,"fire_occurred":1,"prediction":0.2227}},{"type":"Feature","geometry":{"type":"Point","coordinates":[76.3,30.4]},"properties":{"region":2,"fire_occurred":0,"prediction":0.576}},{"type":"Feature","geometry":{"type":"Point","coordinates":[76.3,30.5]},"properties":{"region":2,"fire_occurred":1,"prediction":0.6216}},{"type":"Feature","geometry":{"type":"Point","coordinates":[76.3,30.6]},"properties":{"region":2,"fire_occurred":1,"prediction":0.4567}},{"type":"Feature","geometry":{"type":"Point","coordinates":[76.3,30.7]},"properties":{"region":2,"fire_occurred":1,"prediction":0.4492}},{"type":"Feature","geometry":{"type":"Point","coordinates":[76.3,30.8]},"properties":{"region":2,"fire_occurred":1,"prediction":0.3315}},{"type":"Feature","geometry":{"type":"Point","coordinates":[76.3,30.9]},"properties":{"region":2,"fire_occurred":1,"prediction":0.2283}},{"type":"Feature","geometry":{"type":"Point","coordinates":[76.4,29.4]},"properties":{"region":2,"fire_occurred":0,"prediction":0.1773}},{"type":"Feature","geometry":{"type":"Point","coordinates":[76.4,29.5]},"properties":{"region":2,"fire_occurred":0,"prediction":0.201}},{"type":"Feature","geometry":{"type":"Point","coordinates":[76.4,29.6]},"properties":{"region":2,"fire_occurred":1,"prediction":0.1414}},{"type":"Feature","geometry":{"type":"Point","coordinates":[76.4,30.1]},"properties":{"region":2,"fire_occurred":0,"prediction":0.2093}},{"type":"Feature","geometry":{"type":"Point","coordinates":[76.4,30.2]},"properties":{"region":2,"fire_occurred":1,"prediction":0.2367}},{"type":"Feature","geometry":{"type":"Point","coordinates":[76.4,30.3]},"properties":{"region":2,"fire_occurred":1,"prediction":0.3925}},{"type":"Feature","geometry":{"type":"Point","coordinates":[76.4,30.4]},"properties":{"region":2,"fire_occurred":0,"prediction":0.6165}},{"type":"Feature","geometry":{"type":"Point","coordinates":[76.4,30.5]},"properties":{"region":2,"fire_occurred":0,"prediction":0.6078}},{"type":"Feature","geometry":{"type":"Point","coordinates":[76.4,30.6]},"properties":{"region":2,"fire_occurred":0,"prediction":0.462}},{"type":"Feature","geometry":{"type":"Point","coordinates":[76.4,30.7]},"properties":{"region":2,"fire_occurred":1,"prediction":0.6021}},{"type":"Feature","geometry":{"type":"Point","coordinates":[76.4,30.8]},"properties":{"region":2,"fire_occurred":1,"prediction":0.0679}},{"type":"Feature","geometry":{"type":"Point","coordinates":[76.4,30.9]},"properties":{"region":2,"fire_occurred":0,"prediction":0.1423}},{"type":"Feature","geometry":{"type":"Point","coordinates":[76.5,29.9]},"properties":{"region":2,"fire_occurred":0,"prediction":0.138}},{"type":"Feature","geometry":{"type":"Point","coordinates":[76.5,30.1]},"properties":{"region":2,"fire_occurred":1,"prediction":0.1543}},{"type":"Feature","geometry":{"type":"Point","coordinates":[76.5,30.2]},"properties":{"region":2,"fire_occurred":0,"prediction":0.2451}},{"type":"Feature","geometry":{"type":"Point","coordinates":[76.5,30.3]},"properties":{"region":2,"fire_occurred":0,"prediction":0.4984}},{"type":"Feature","geometry":{"type":"Point","coordinates":[76.5,30.4]},"properties":{"region":2,"fire_occurred":0,"prediction":0.1805}},{"type":"Feature","geometry":{"type":"Point","coordinates":[76.5,30.5]},"properties":{"region":2,"fire_occurred":0,"prediction":0.1463}},{"type":"Feature","geometry":{"type":"Point","coordinates":[76.5,30.6]},"properties":{"region":2,"fire_occurred":0,"prediction":0.4127}},{"type":"Feature","geometry":{"type":"Point","coordinates":[76.5,30.7]},"properties":{"region":2,"fire_occurred":0,"prediction":0.1372}},{"type":"Feature","geometry":{"type":"Point","coordinates":[76.6,29.0]},"properties":{"region":2,"fire_occurred":0,"prediction":0.1057}},{"type":"Feature","geometry":{"type":"Point","coordinates":[76.6,29.3]},"properties":{"region":2,"fire_occurred":0,"prediction":0.1398}},{"type":"Feature","geometry":{"type":"Point","coordinates":[76.6,29.4]},"properties":{"region":2,"fire_occurred":0,"prediction":0.1469}},{"type":"Feature","geometry":{"type":"Point","coordinates":[76.6,30.2]},"properties":{"region":2,"fire_occurred":0,"prediction":0.2705}},{"type":"Feature","geometry":{"type":"Point","coordinates":[76.6,30.3]},"properties":{"region":2,"fire_occurred":0,"prediction":0.5444}},{"type":"Feature","geometry":{"type":"Point","coordinates":[76.6,30.4]},"properties":{"region":2,"fire_occurred":0,"prediction":0.2318}},{"type":"Feature","geometry":{"type":"Point","coordinates":[76.7,29.3]},"properties":{"region":2,"fire_occurred":1,"prediction":0.1754}},{"type":"Feature","geometry":{"type":"Point","coordinates":[76.7,30.2]},"properties":{"region":2,"fire_occurred":0,"prediction":0.2574}},{"type":"Feature","geometry":{"type":"Point","coordinates":[76.7,30.3]},"properties":{"region":2,"fire_occurred":1,"prediction":0.1378}},{"type":"Feature","geometry":{"type":"Point","coordinates":[76.7,30.4]},"properties":{"region":2,"fire_occurred":0,"prediction":0.107}},{"type":"Feature","geometry":{"type":"Point","coordinates":[76.7,30.6]},"properties":{"region":2,"fire_occurred":1,"prediction":0.0462}},{"type":"Feature","geometry":{"type":"Point","coordinates":[76.8,29.9]},"properties":{"region":2,"fire_occurred":0,"prediction":0.1271}},{"type":"Feature","geometry":{"type":"Point","coordinates":[76.8,30.1]},"properties":{"region":2,"fire_occurred":1,"prediction":0.0348}},{"type":"Feature","geometry":{"type":"Point","coordinates":[76.8,30.2]},"properties":{"region":2,"fire_occurred":1,"prediction":0.0472}},{"type":"Feature","geometry":{"type":"Point","coordinates":[76.8,30.4]},"properties":{"region":2,"fire_occurred":0,"prediction":0.1237}},{"type":"Feature","geometry":{"type":"Point","coordinates":[76.8,30.8]},"properties":{"region":2,"fire_occurred":1,"prediction":0.0121}},{"type":"Feature","geometry":{"type":"Point","coordinates":[76.9,19.0]},"properties":{"region":2,"fire_occurred":1,"prediction":0.0016}},{"type":"Feature","geometry":{"type":"Point","coordinates":[76.9,29.1]},"properties":{"region":2,"fire_occurred":0,"prediction":0.3013}},{"type":"Feature","geometry":{"type":"Point","coordinates":[76.9,30.2]},"properties":{"region":2,"fire_occurred":0,"prediction":0.1237}},{"type":"Feature","geometry":{"type":"Point","coordinates":[76.9,30.3]},"properties":{"region":2,"fire_occurred":0,"prediction":0.2101}},{"type":"Feature","geometry":{"type":"Point","coordinates":[77.0,30.2]},"properties":{"region":2,"fire_occurred":0,"prediction":0.1085}},{"type":"Feature","geometry":{"type":"Point","coordinates":[77.4,27.8]},"properties":{"region":2,"fire_occurred":0,"prediction":0.2895}},{"type":"Feature","geometry":{"type":"Point","coordinates":[77.4,27.9]},"properties":{"region":2,"fire_occurred":0,"prediction":0.12}},{"type":"Feature","geometry":{"type":"Point","coordinates":[77.5,30.0]},"properties":{"region":2,"fire_occurred":0,"prediction":0.1024}},{"type":"Feature","geometry":{"type":"Point","coordinates":[77.7,22.7]},"properties":{"region":2,"fire_occurred":0,"prediction":0.1508}},{"type":"Feature","geometry":{"type":"Point","coordinates":[77.8,18.5]},"properties":{"region":2,"fire_occurred":0,"prediction":0.1247}},{"type":"Feature","geometry":{"type":"Point","coordinates":[77.9,17.6]},"properties":{"region":2,"fire_occurred":0,"prediction":0.1191}},{"type":"Feature","geometry":{"type":"Point","coordinates":[77.9,18.4]},"properties":{"region":2,"fire_occurred":1,"prediction":0.1098}},{"type":"Feature","geometry":{"type":"Point","coordinates":[77.9,18.5]},"properties":{"region":2,"fire_occurred":0,"prediction":0.2486}},{"type":"Feature","geometry":{"type":"Point","coordinates":[77.9,18.6]},"properties":{"region":2,"fire_occurred":0,"prediction":0.158}},{"type":"Feature","geometry":{"type":"Point","coordinates":[77.9,18.7]},"properties":{"region":2,"fire_occurred":0,"prediction":0.2181}},{"type":"Feature","geometry":{"type":"Point","coordinates":[77.9,28.7]},"properties":{"region":2,"fire_occurred":1,"prediction":0.0063}},{"type":"Feature","geometry":{"type":"Point","coordinates":[78.0,18.7]},"properties":{"region":2,"fire_occurred":0,"prediction":0.1015}},{"type":"Feature","geometry":{"type":"Point","coordinates":[78.2,17.6]},"properties":{"region":2,"fire_occurred":0,"prediction":0.1553}},{"type":"Feature","geometry":{"type":"Point","coordinates":[78.2,18.0]},"properties":{"region":2,"fire_occurred":0,"prediction":0.12}},{"type":"Feature","geometry":{"type":"Point","coordinates":[78.4,18.5]},"properties":{"region":2,"fire_occurred":0,"prediction":0.1014}},{"type":"Feature","geometry":{"type":"Point","coordinates":[78.6,29.4]},"properties":{"region":2,"fire_occurred":1,"prediction":0.0029}},{"type":"Feature","geometry":{"type":"Point","coordinates":[79.6,28.8]},"properties":{"region":2,"fire_occurred":0,"prediction":0.109}},{"type":"Feature","geometry":{"type":"Point","coordinates":[79.9,28.2]},"properties":{"region":2,"fire_occurred":0,"prediction":0.2048}},{"type":"Feature","geometry":{"type":"Point","coordinates":[79.9,28.5]},"properties":{"region":2,"fire_occurred":0,"prediction":0.1139}},{"type":"Feature","geometry":{"type":"Point","coordinates":[81.2,26.8]},"properties":{"region":2,"fire_occurred":0,"prediction":0.1098}},{"type":"Feature","geometry":{"type":"Point","coordinates":[81.7,41.8]},"properties":{"region":2,"fire_occurred":0,"prediction":0.1029}},{"type":"Feature","geometry":{"type":"Point","coordinates":[82.9,36.7]},"properties":{"region":2,"fire_occurred":1,"prediction":0.0051}},{"type":"Feature","geometry":{"type":"Point","coordinates":[103.0,37.0]},"properties":{"region":2,"fire_occurred":0,"prediction":0.1526}},{"type":"Feature","geometry":{"type":"Point","coordinates":[106.5,38.2]},"properties":{"region":2,"fire_occurred":0,"prediction":0.1223}},{"type":"Feature","geometry":{"type":"Point","coordinates":[106.7,39.8]},"properties":{"region":2,"fire_occurred":0,"prediction":0.1801}},{"type":"Feature","geometry":{"type":"Point","coordinates":[106.8,38.9]},"properties":{"region":2,"fire_occurred":1,"prediction":0.0025}},{"type":"Feature","geometry":{"type":"Point","coordinates":[107.7,41.0]},"properties":{"region":2,"fire_occurred":1,"prediction":0.0072}},{"type":"Feature","geometry":{"type":"Point","coordinates":[109.6,40.5]},"properties":{"region":2,"fire_occurred":0,"prediction":0.1081}},{"type":"Feature","geometry":{"type":"Point","coordinates":[109.7,40.6]},"properties":{"region":2,"fire_occurred":1,"prediction":0.303}},{"type":"Feature","geometry":{"type":"Point","coordinates":[109.9,38.6]},"properties":{"region":2,"fire_occurred":0,"prediction":0.1503}},{"type":"Feature","geometry":{"type":"Point","coordinates":[110.1,39.2]},"properties":{"region":2,"fire_occurred":0,"prediction":0.1513}},{"type":"Feature","geometry":{"type":"Point","coordinates":[110.4,39.4]},"properties":{"region":2,"fire_occurred":0,"prediction":0.215}},{"type":"Feature","geometry":{"type":"Point","coordinates":[110.5,39.4]},"properties":{"region":2,"fire_occurred":1,"prediction":0.4195}},{"type":"Feature","geometry":{"type":"Point","coordinates":[110.5,40.4]},"properties":{"region":2,"fire_occurred":0,"prediction":0.157}},{"type":"Feature","geometry":{"type":"Point","coordinates":[110.5,40.5]},"properties":{"region":2,"fire_occurred":0,"prediction":0.2197}},{"type":"Feature","geometry":{"type":"Point","coordinates":[111.3,40.5]},"properties":{"region":2,"fire_occurred":0,"prediction":0.2643}},{"type":"Feature","geometry":{"type":"Point","coordinates":[112.2,37.5]},"properties":{"region":2,"fire_occurred":0,"prediction":0.1353}},{"type":"Feature","geometry":{"type":"Point","coordinates":[113.3,39.5]},"properties":{"region":2,"fire_occurred":0,"prediction":0.1997}},{"type":"Feature","geometry":{"type":"Point","coordinates":[113.5,39.6]},"properties":{"region":2,"fire_occurred":0,"prediction":0.1071}},{"type":"Feature","geometry":{"type":"Point","coordinates":[114.0,40.3]},"properties":{"region":2,"fire_occurred":0,"prediction":0.1159}},{"type":"Feature","geometry":{"type":"Point","coordinates":[115.4,-20.8]},"properties":{"region":2,"fire_occurred":0,"prediction":0.1763}},{"type":"Feature","geometry":{"type":"Point","coordinates":[116.2,38.0]},"properties":{"region":2,"fire_occurred":0,"prediction":0.1027}},{"type":"Feature","geometry":{"type":"Point","coordinates":[116.9,-21.0]},"properties":{"region":2,"fire_occurred":1,"prediction":0.002}},{"type":"Feature","geometry":{"type":"Point","coordinates":[117.1,-21.2]},"properties":{"region":2,"fire_occurred":0,"prediction":0.1272}},{"type":"Feature","geometry":{"type":"Point","coordinates":[117.1,-21.1]},"properties":{"region":2,"fire_occurred":0,"prediction":0.1111}},{"type":"Feature","geometry":{"type":"Point","coordinates":[117.1,-21.0]},"properties":{"region":2,"fire_occurred":0,"prediction":0.2369}},{"type":"Feature","geometry":{"type":"Point","coordinates":[117.2,-21.4]},"properties":{"region":2,"fire_occurred":1,"prediction":0.0345}},{"type":"Feature","geometry":{"type":"Point","coordinates":[117.3,-21.4]},"properties":{"region":2,"fire_occurred":1,"prediction":0.0377}},{"type":"Feature","geometry":{"type":"Point","coordinates":[117.6,-21.1]},"properties":{"region":2,"fire_occurred":1,"prediction":0.1462}},{"type":"Feature","geometry":{"type":"Point","coordinates":[117.8,-22.8]},"properties":{"region":2,"fire_occurred":1,"prediction":0.1038}},{"type":"Feature","geometry":{"type":"Point","coordinates":[118.3,-22.1]},"properties":{"region":2,"fire_occurred":0,"prediction":0.1211}},{"type":"Feature","geometry":{"type":"Point","coordinates":[118.4,-22.1]},"properties":{"region":2,"fire_occurred":0,"prediction":0.1198}},{"type":"Feature","geometry":{"type":"Point","coordinates":[118.4,39.4]},"properties":{"region":2,"fire_occurred":0,"prediction":0.14}},{"type":"Feature","geometry":{"type":"Point","coordinates":[118.6,-22.4]},"properties":{"region":2,"fire_occurred":0,"prediction":0.1933}},{"type":"Feature","geometry":{"type":"Point","coordinates":[119.3,-25.6]},"properties":{"region":2,"fire_occurred":0,"prediction":0.1764}},{"type":"Feature","geometry":{"type":"Point","coordinates":[120.8,-19.9]},"properties":{"region":2,"fire_occurred":0,"prediction":0.1009}},{"type":"Feature","geometry":{"type":"Point","coordinates":[121.4,-30.9]},"properties":{"region":2,"fire_occurred":1,"prediction":0.1599}},{"type":"Feature","geometry":{"type":"Point","coordinates":[121.6,-19.2]},"properties":{"region":2,"fire_occurred":0,"prediction":0.1181}},{"type":"Feature","geometry":{"type":"Point","coordinates":[122.2,-17.9]},"properties":{"region":2,"fire_occurred":0,"prediction":0.1579}},{"type":"Feature","geometry":{"type":"Point","coordinates":[122.7,-17.7]},"properties":{"region":2,"fire_occurred":0,"prediction":0.1059}},{"type":"Feature","geometry":{"type":"Point","coordinates":[122.7,-17.1]},"properties":{"region":2,"fire_occurred":1,"prediction":0.005}},{"type":"Feature","geometry":{"type":"Point","coordinates":[122.8,-18.1]},"properties":{"region":2,"fire_occurred":0,"prediction":0.1163}},{"type":"Feature","geometry":{"type":"Point","coordinates":[122.9,-18.0]},"properties":{"region":2,"fire_occurred":1,"prediction":0.0894}},{"type":"Feature","geometry":{"type":"Point","coordinates":[122.9,-17.3]},"properties":{"region":2,"fire_occurred":1,"prediction":0.0032}},{"type":"Feature","geometry":{"type":"Point","coordinates":[123.1,-18.4]},"properties":{"region":2,"fire_occurred":1,"prediction":0.1408}},{"type":"Feature","geometry":{"type":"Point","coordinates":[123.7,-17.8]},"properties":{"region":2,"fire_occurred":0,"prediction":0.1084}},{"type":"Feature","geometry":{"type":"Point","coordinates":[123.7,-17.7]},"properties":{"region":2,"fire_occurred":0,"prediction":0.1289}},{"type":"Feature","geometry":{"type":"Point","coordinates":[123.8,-17.8]},"properties":{"region":2,"fire_occurred":0,"prediction":0.1078}},{"type":"Feature","geometry":{"type":"Point","coordinates":[123.8,-17.7]},"properties":{"region":2,"fire_occurred":0,"prediction":0.1108}},{"type":"Feature","geometry":{"type":"Point","coordinates":[123.9,-30.5]},"properties":{"region":2,"fire_occurred":1,"prediction":0.1468}},{"type":"Feature","geometry":{"type":"Point","coordinates":[123.9,-17.8]},"properties":{"region":2,"fire_occurred":0,"prediction":0.1975}},{"type":"Feature","geometry":{"type":"Point","coordinates":[123.9,-17.7]},"properties":{"region":2,"fire_occurred":0,"prediction":0.1386}},{"type":"Feature","geometry":{"type":"Point","coordinates":[124.0,-20.0]},"properties":{"region":2,"fire_occurred":1,"prediction":0.0039}},{"type":"Feature","geometry":{"type":"Point","coordinates":[124.0,-19.9]},"properties":{"region":2,"fire_occurred":1,"prediction":0.0487}},{"type":"Feature","geometry":{"type":"Point","coordinates":[124.0,-17.9]},"properties":{"region":2,"fire_occurred":0,"prediction":0.1424}},{"type":"Feature","geometry":{"type":"Point","coordinates":[124.0,-17.8]},"properties":{"region":2,"fire_occurred":0,"prediction":0.133}},{"type":"Feature","geometry":{"type":"Point","coordinates":[124.3,-17.3]},"properties":{"region":2,"fire_occurred":0,"prediction":0.1336}},{"type":"Feature","geometry":{"type":"Point","coordinates":[124.6,-16.5]},"properties":{"region":2,"fire_occurred":0,"prediction":0.1168}},{"type":"Feature","geometry":{"type":"Point","coordinates":[124.8,-16.4]},"properties":{"region":2,"fire_occurred":0,"prediction":0.1083}},{"type":"Feature","geometry":{"type":"Point","coordinates":[124.8,-16.3]},"properties":{"region":2,"fire_occurred":0,"prediction":0.2184}},{"type":"Feature","geometry":{"type":"Point","coordinates":[124.9,-18.5]},"properties":{"region":2,"fire_occurred":0,"prediction":0.1037}},{"type":"Feature","geometry":{"type":"Point","coordinates":[125.2,-18.3]},"properties":{"region":2,"fire_occurred":0,"prediction":0.107}},{"type":"Feature","geometry":{"type":"Point","coordinates":[125.3,-18.3]},"properties":{"region":2,"fire_occurred":0,"prediction":0.1125}},{"type":"Feature","geometry":{"type":"Point","coordinates":[125.4,-18.6]},"properties":{"region":2,"fire_occurred":0,"prediction":0.1117}},{"type":"Feature","geometry":{"type":"Point","coordinates":[129.6,-29.2]},"properties":{"region":2,"fire_occurred":1,"prediction":0.0001}},{"type":"Feature","geometry":{"type":"Point","coordinates":[129.7,-29.2]},"properties":{"region":2,"fire_occurred":1,"prediction":0.0068}},{"type":"Feature","geometry":{"type":"Point","coordinates":[134.1,-15.2]},"properties":{"region":2,"fire_occurred":0,"prediction":0.1111}},{"type":"Feature","geometry":{"type":"Point","coordinates":[134.2,-15.1]},"properties":{"region":2,"fire_occurred":0,"prediction":0.1263}},{"type":"Feature","geometry":{"type":"Point","coordinates":[134.3,-16.1]},"properties":{"region":2,"fire_occurred":1,"prediction":0.0222}},{"type":"Feature","geometry":{"type":"Point","coordinates":[134.4,-16.1]},"properties":{"region":2,"fire_occurred":1,"prediction":0.0026}},{"type":"Feature","geometry":{"type":"Point","coordinates":[134.6,-15.8]},"properties":{"region":2,"fire_occurred":0,"prediction":0.1104}},{"type":"Feature","geometry":{"type":"Point","coordinates":[134.7,-15.9]},"properties":{"region":2,"fire_occurred":0,"prediction":0.1084}},{"type":"Feature","geometry":{"type":"Point","coordinates":[134.7,-15.8]},"properties":{"region":2,"fire_occurred":0,"prediction":0.1198}},{"type":"Feature","geometry":{"type":"Point","coordinates":[134.8,-15.8]},"properties":{"region":2,"fire_occurred":0,"prediction":0.1167}},{"type":"Feature","geometry":{"type":"Point","coordinates":[134.9,-16.2]},"properties":{"region":2,"fire_occurred":0,"prediction":0.1289}},{"type":"Feature","geometry":{"type":"Point","coordinates":[135.0,-16.3]},"properties":{"region":2,"fire_occurred":1,"prediction":0.0058}},{"type":"Feature","geometry":{"type":"Point","coordinates":[135.0,-16.2]},"properties":{"region":2,"fire_occurred":1,"prediction":0.136}},{"type":"Feature","geometry":{"type":"Point","coordinates":[135.0,-16.1]},"properties":{"region":2,"fire_occurred":0,"prediction":0.1365}},{"type":"Feature","geometry":{"type":"Point","coordinates":[135.1,-16.1]},"properties":{"region":2,"fire_occurred":1,"prediction":0.2643}},{"type":"Feature","geometry":{"type":"Point","coordinates":[135.5,-16.4]},"properties":{"region":2,"fire_occurred":0,"prediction":0.1147}},{"type":"Feature","geometry":{"type":"Point","coordinates":[135.6,-16.7]},"properties":{"region":2,"fire_occurred":1,"prediction":0.0045}},{"type":"Feature","geometry":{"type":"Point","coordinates":[135.6,-16.4]},"properties":{"region":2,"fire_occurred":0,"prediction":0.1506}},{"type":"Feature","geometry":{"type":"Point","coordinates":[135.7,-16.9]},"properties":{"region":2,"fire_occurred":1,"prediction":0.0059}},{"type":"Feature","geometry":{"type":"Point","coordinates":[135.8,-17.1]},"properties":{"region":2,"fire_occurred":1,"prediction":0.0058}},{"type":"Feature","geometry":{"type":"Point","coordinates":[135.8,-17.0]},"properties":{"region":2,"fire_occurred":1,"prediction":0.0064}},{"type":"Feature","geometry":{"type":"Point","coordinates":[135.8,-16.3]},"properties":{"region":2,"fire_occurred":0,"prediction":0.1229}},{"type":"Feature","geometry":{"type":"Point","coordinates":[135.8,-16.2]},"properties":{"region":2,"fire_occurred":0,"prediction":0.1414}},{"type":"Feature","geometry":{"type":"Point","coordinates":[136.2,-17.2]},"properties":{"region":2,"fire_occurred":0,"prediction":0.1493}},{"type":"Feature","geometry":{"type":"Point","coordinates":[137.1,-16.6]},"properties":{"region":2,"fire_occurred":0,"prediction":0.1086}},{"type":"Feature","geometry":{"type":"Point","coordinates":[137.5,-33.1]},"properties":{"region":2,"fire_occurred":1,"prediction":0.0005}},{"type":"Feature","geometry":{"type":"Point","coordinates":[139.4,-20.8]},"properties":{"region":2,"fire_occurred":0,"prediction":0.1746}},{"type":"Feature","geometry":{"type":"Point","coordinates":[141.2,-17.1]},"properties":{"region":2,"fire_occurred":1,"prediction":0.0243}},{"type":"Feature","geometry":{"type":"Point","coordinates":[141.4,-17.2]},"properties":{"region":2,"fire_occurred":1,"prediction":0.0336}},{"type":"Feature","geometry":{"type":"Point","coordinates":[141.4,-17.1]},"properties":{"region":2,"fire_occurred":1,"prediction":0.0024}},{"type":"Feature","geometry":{"type":"Point","coordinates":[142.0,-18.4]},"properties":{"region":2,"fire_occurred":1,"prediction":0.0271}},{"type":"Feature","geometry":{"type":"Point","coordinates":[142.4,-18.4]},"properties":{"region":2,"fire_occurred":1,"prediction":0.036}},{"type":"Feature","geometry":{"type":"Point","coordinates":[142.4,-18.1]},"properties":{"region":2,"fire_occurred":1,"prediction":0.0029}},{"type":"Feature","geometry":{"type":"Point","coordinates":[143.0,-18.7]},"properties":{"region":2,"fire_occurred":1,"prediction":0.003}},{"type":"Feature","geometry":{"type":"Point","coordinates":[143.0,-18.6]},"properties":{"region":2,"fire_occurred":1,"prediction":0.0033}},{"type":"Feature","geometry":{"type":"Point","coordinates":[143.4,-19.0]},"properties":{"region":2,"fire_occurred":1,"prediction":0.0016}},{"type":"Feature","geometry":{"type":"Point","coordinates":[143.4,-18.9]},"properties":{"region":2,"fire_occurred":1,"prediction":0.0497}},{"type":"Feature","geometry":{"type":"Point","coordinates":[143.4,-17.4]},"properties":{"region":2,"fire_occurred":0,"prediction":0.1299}},{"type":"Feature","geometry":{"type":"Point","coordinates":[145.4,-18.2]},"properties":{"region":2,"fire_occurred":1,"prediction":0.0644}},{"type":"Feature","geometry":{"type":"Point","coordinates":[145.7,-36.0]},"properties":{"region":2,"fire_occurred":1,"prediction":0.0006}},{"type":"Feature","geometry":{"type":"Point","coordinates":[147.7,-20.8]},"properties":{"region":2,"fire_occurred":1,"prediction":0.0046}},{"type":"Feature","geometry":{"type":"Point","coordinates":[147.7,-20.2]},"properties":{"region":2,"fire_occurred":1,"prediction":0.0016}},{"type":"Feature","geometry":{"type":"Point","coordinates":[148.2,-20.5]},"properties":{"region":2,"fire_occurred":1,"prediction":0.0079}},{"type":"Feature","geometry":{"type":"Point","coordinates":[150.3,-22.8]},"properties":{"region":2,"fire_occurred":1,"prediction":0.0299}},{"type":"Feature","geometry":{"type":"Point","coordinates":[150.4,-22.8]},"properties":{"region":2,"fire_occurred":1,"prediction":0.0806}},{"type":"Feature","geometry":{"type":"Point","coordinates":[-124.2,55.1]},"properties":{"region":3,"fire_occurred":1,"prediction":0.0038}},{"type":"Feature","geometry":{"type":"Point","coordinates":[-123.6,55.1]},"properties":{"region":3,"fire_occurred":1,"prediction":0.0246}},{"type":"Feature","geometry":{"type":"Point","coordinates":[-123.0,43.4]},"properties":{"region":3,"fire_occurred":1,"prediction":0.0738}},{"type":"Feature","geometry":{"type":"Point","coordinates":[-122.6,44.7]},"properties":{"region":3,"fire_occurred":1,"prediction":0.0228}},{"type":"Feature","geometry":{"type":"Point","coordinates":[-122.6,44.8]},"properties":{"region":3,"fire_occurred":1,"prediction":0.0915}},{"type":"Feature","geometry":{"type":"Point","coordinates":[-122.6,47.0]},"properties":{"region":3,"fire_occurred":1,"prediction":0.0081}},{"type":"Feature","geometry":{"type":"Point","coordinates":[-122.6,55.9]},"properties":{"region":3,"fire_occurred":1,"prediction":0.0037}},{"type":"Feature","geometry":{"type":"Point","coordinates":[-122.5,47.0]},"properties":{"region":3,"fire_occurred":1,"prediction":0.0089}},{"type":"Feature","geometry":{"type":"Point","coordinates":[-122.5,55.9]},"properties":{"region":3,"fire_occurred":1,"prediction":0.0046}},{"type":"Feature","geometry":{"type":"Point","coordinates":[-122.2,39.0]},"properties":{"region":3,"fire_occurred":1,"prediction":0.051}},{"type":"Feature","geometry":{"type":"Point","coordinates":[-122.1,44.6]},"properties":{"region":3,"fire_occurred":1,"prediction":0.017}},{"type":"Feature","geometry":{"type":"Point","coordinates":[-122.0,55.4]},"properties":{"region":3,"fire_occurred":1,"prediction":0.0052}},{"type":"Feature","geometry":{"type":"Point","coordinates":[-122.0,55.6]},"properties":{"region":3,"fire_occurred":1,"prediction":0.0082}},{"type":"Feature","geometry":{"type":"Point","coordinates":[-121.9,39.1]},"properties":{"region":3,"fire_occurred":1,"prediction":0.0908}},{"type":"Feature","geometry":{"type":"Point","coordinates":[-121.8,38.8]},"properties":{"region":3,"fire_occurred":0,"prediction":0.1429}},{"type":"Feature","geometry":{"type":"Point","coordinates":[-121.8,47.0]},"properties":{"region":3,"fire_occurred":1,"prediction":0.01}},{"type":"Feature","geometry":{"type":"Point","coordinates":[-121.7,38.3]},"properties":{"region":3,"fire_occurred":1,"prediction":0.012}},{"type":"Feature","geometry":{"type":"Point","coordinates":[-121.5,45.1]},"properties":{"region":3,"fire_occurred":1,"prediction":0.0271}},{"type":"Feature","geometry":{"type":"Point","coordinates":[-121.4,38.1]},"properties":{"region":3,"fire_occurred":1,"prediction":0.0031}},{"type":"Feature","geometry":{"type":"Point","coordinates":[-121.4,44.3]},"properties":{"region":3,"fire_occurred":1,"prediction":0.0046}},{"type":"Feature","geometry":{"type":"Point","coordinates":[-121.3,38.0]},"properties":{"region":3,"fire_occurred":1,"prediction":0.0041}},{"type":"Feature","geometry":{"type":"Point","coordinates":[-121.3,42.9]},"properties":{"region":3,"fire_occurred":1,"prediction":0.0033}},{"type":"Feature","geometry":{"type":"Point","coordinates":[-121.3,45.3]},"properties":{"region":3,"fire_occurred":1,"prediction":0.0336}},{"type":"Feature","geometry":{"type":"Point","coordinates":[-121.2,38.0]},"properties":{"region":3,"fire_occurred":1,"prediction":0.0172}},{"type":"Feature","geometry":{"type":"Point","coordinates":[-121.1,38.0]},"properties":{"region":3,"fire_occurred":1,"prediction":0.0061}},{"type":"Feature","geometry":{"type":"Point","coordinates":[-121.1,52.2]},"properties":{"region":3,"fire_occurred":1,"prediction":0.0093}},{"type":"Feature","geometry":{"type":"Point","coordinates":[-121.0,37.3]},"properties":{"region":3,"fire_occurred":1,"prediction":0.0138}},{"type":"Feature","geometry":{"type":"Point","coordinates":[-121.0,37.5]},"properties":{"region":3,"fire_occurred":1,"prediction":0.0069}},{"type":"Feature","geometry":{"type":"Point","coordinates":[-121.0,37.6]},"properties":{"region":3,"fire_occurred":1,"prediction":0.004}},{"type":"Feature","geometry":{"type":"Point","coordinates":[-121.0,37.8]},"properties":{"region":3,"fire_occurred":0,"prediction":0.1225}},{"type":"Feature","geometry":{"type":"Point","coordinates":[-121.0,38.3]},"properties":{"region":3,"fire_occurred":1,"prediction":0.0022}},{"type":"Feature","geometry":{"type":"Point","coordinates":[-120.9,37.6]},"properties":{"region":3,"fire_occurred":1,"prediction":0.0091}},{"type":"Feature","geometry":{"type":"Point","coordinates":[-120.9,37.8]},"properties":{"region":3,"fire_occurred":1,"prediction":0.0112}},{"type":"Feature","geometry":{"type":"Point","coordinates":[-120.8,37.3]},"properties":{"region":3,"fire_occurred":1,"prediction":0.0047}},{"type":"Feature","geometry":{"type":"Point","coordinates":[-120.8,37.5]},"properties":{"region":3,"fire_occurred":1,"prediction":0.0073}},{"type":"Feature","geometry":{"type":"Point","coordinates":[-120.8,37.8]},"properties":{"region":3,"fire_occurred":1,"prediction":0.0084}},{"type":"Feature","geometry":{"type":"Point","coordinates":[-120.8,38.8]},"properties":{"region":3,"fire_occurred":0,"prediction":0.1148}},{"type":"Feature","geometry":{"type":"Point","coordinates":[-120.8,41.0]},"properties":{"region":3,"fire_occurred":1,"prediction":0.0024}},{"type":"Feature","geometry":{"type":"Point","coordinates":[-120.7,37.3]},"properties":{"region":3,"fire_occurred":1,"prediction":0.0044}},{"type":"Feature","geometry":{"type":"Point","coordinates":[-120.7,37.4]},"properties":{"region":3,"fire_occurred":1,"prediction":0.008}},{"type":"Feature","geometry":{"type":"Point","coordinates":[-120.7,37.5]},"properties":{"region":3,"fire_occurred":1,"prediction":0.0146}},{"type":"Feature","geometry":{"type":"Point","coordinates":[-120.7,38.6]},"properties":{"region":3,"fire_occurred":1,"prediction":0.0077}},{"type":"Feature","geometry":{"type":"Point","coordinates":[-120.6,37.4]},"properties":{"region":3,"fire_occurred":1,"prediction":0.0031}},{"type":"Feature","geometry":{"type":"Point","coordinates":[-120.6,37.5]},"properties":{"region":3,"fire_occurred":1,"prediction":0.0071}},{"type":"Feature","geometry":{"type":"Point","coordinates":[-120.6,56.3]},"properties":{"region":3,"fire_occurred":1,"prediction":0.001}},{"type":"Feature","geometry":{"type":"Point","coordinates":[-120.5,37.2]},"properties":{"region":3,"fire_occurred":1,"prediction":0.0036}},{"type":"Feature","geometry":{"type":"Point","coordinates":[-120.4,37.0]},"properties":{"region":3,"fire_occurred":1,"prediction":0.007}},{"type":"Feature","geometry":{"type":"Point","coordinates":[-120.4,37.1]},"properties":{"region":3,"fire_occurred":1,"prediction":0.0053}},{"type":"Feature","geometry":{"type":"Point","coordinates":[-120.4,37.2]},"properties":{"region":3,"fire_occurred":1,"prediction":0.0086}},{"type":"Feature","geometry":{"type":"Point","coordinates":[-120.3,37.0]},"properties":{"region":3,"fire_occurred":1,"prediction":0.0081}},{"type":"Feature","geometry":{"type":"Point","coordinates":[-120.3,37.1]},"properties":{"region":3,"fire_occurred":1,"prediction":0.1401}},{"type":"Feature","geometry":{"type":"Point","coordinates":[-120.3,37.2]},"properties":{"region":3,"fire_occurred":1,"prediction":0.0049}},{"type":"Feature","geometry":{"type":"Point","coordinates":[-120.3,42.4]},"properties":{"region":3,"fire_occurred":1,"prediction":0.0044}},{"type":"Feature","geometry":{"type":"Point","coordinates":[-120.3,44.0]},"properties":{"region":3,"fire_occurred":1,"prediction":0.0046}},{"type":"Feature","geometry":{"type":"Point","coordinates":[-120.3,47.7]},"properties":{"region":3,"fire_occurred":1,"prediction":0.0124}},{"type":"Feature","geometry":{"type":"Point","coordinates":[-120.3,49.5]},"properties":{"region":3,"fire_occurred":1,"prediction":0.0614}},{"type":"Feature","geometry":{"type":"Point","coordinates":[-120.2,37.0]},"properties":{"region":3,"fire_occurred":1,"prediction":0.005}},{"type":"Feature","geometry":{"type":"Point","coordinates":[-120.2,49.4]},"properties":{"region":3,"fire_occurred":1,"prediction":0.0299}},{"type":"Feature","geometry":{"type":"Point","coordinates":[-120.1,41.0]},"properties":{"region":3,"fire_occurred":1,"prediction":0.0151}},{"type":"Feature","geometry":{"type":"Point","coordinates":[-120.1,48.0]},"properties":{"region":3,"fire_occurred":1,"prediction":0.003}},{"type":"Feature","geometry":{"type":"Point","coordinates":[-120.1,49.4]},"properties":{"region":3,"fire_occurred":1,"prediction":0.0068}},{"type":"Feature","geometry":{"type":"Point","coordinates":[-120.0,36.4]},"properties":{"region":3,"fire_occurred":1,"prediction":0.0033}},{"type":"Feature","geometry":{"type":"Point","coordinates":[-120.0,36.9]},"properties":{"region":3,"fire_occurred":1,"prediction":0.0252}},{"type":"Feature","geometry":{"type":"Point","coordinates":[-120.0,46.8]},"properties":{"region":3,"fire_occurred":1,"prediction":0.0039}},{"type":"Feature","geometry":{"type":"Point","coordinates":[-119.9,36.4]},"properties":{"region":3,"fire_occurred":1,"prediction":0.0023}},{"type":"Feature","geometry":{"type":"Point","coordinates":[-119.8,36.4]},"properties":{"region":3,"fire_occurred":1,"prediction":0.0052}},{"type":"Feature","geometry":{"type":"Point","coordinates":[-119.8,46.2]},"properties":{"region":3,"fire_occurred":1,"prediction":0.0518}},{"type":"Feature","geometry":{"type":"Point","coordinates":[-119.8,49.2]},"properties":{"region":3,"fire_occurred":1,"prediction":0.0037}},{"type":"Feature","geometry":{"type":"Point","coordinates":[-119.6,45.9]},"properties":{"region":3,"fire_occurred":1,"prediction":0.0073}},{"type":"Feature","geometry":{"type":"Point","coordinates":[-119.4,43.7]},"properties":{"region":3,"fire_occurred":1,"prediction":0.0035}},{"type":"Feature","geometry":{"type":"Point","coordinates":[-119.3,43.6]},"properties":{"region":3,"fire_occurred":1,"prediction":0.0189}},{"type":"Feature","geometry":{"type":"Point","coordinates":[-119.3,43.7]},"properties":{"region":3,"fire_occurred":1,"prediction":0.0208}},{"type":"Feature","geometry":{"type":"Point","coordinates":[-119.2,36.3]},"properties":{"region":3,"fire_occurred":1,"prediction":0.0061}},{"type":"Feature","geometry":{"type":"Point","coordinates":[-119.2,46.1]},"properties":{"region":3,"fire_occurred":1,"prediction":0.0038}},{"type":"Feature","geometry":{"type":"Point","coordinates":[-119.2,49.0]},"properties":{"region":3,"fire_occurred":1,"prediction":0.0015}},{"type":"Feature","geometry":{"type":"Point","coordinates":[-119.1,49.3]},"properties":{"region":3,"fire_occurred":1,"prediction":0.0015}},{"type":"Feature","geometry":{"type":"Point","coordinates":[-118.5,50.9]},"properties":{"region":3,"fire_occurred":1,"prediction":0.0017}},{"type":"Feature","geometry":{"type":"Point","coordinates":[-118.4,56.3]},"properties":{"region":3,"fire_occurred":1,"prediction":0.0011}},{"type":"Feature","geometry":{"type":"Point","coordinates":[-118.0,45.6]},"properties":{"region":3,"fire_occurred":1,"prediction":0.0284}},{"type":"Feature","geometry":{"type":"Point","coordinates":[-118.0,55.3]},"properties":{"region":3,"fire_occurred":1,"prediction":0.007}},{"type":"Feature","geometry":{"type":"Point","coordinates":[-117.9,45.7]},"properties":{"region":3,"fire_occurred":1,"prediction":0.0338}},{"type":"Feature","geometry":{"type":"Point","coordinates":[-117.7,45.7]},"properties":{"region":3,"fire_occurred":1,"prediction":0.0412}},{"type":"Feature","geometry":{"type":"Point","coordinates":[-117.7,49.1]},"properties":{"region":3,"fire_occurred":1,"prediction":0.0012}},{"type":"Feature","geometry":{"type":"Point","coordinates":[-117.6,45.6]},"properties":{"region":3,"fire_occurred":1,"prediction":0.0035}},{"type":"Feature","geometry":{"type":"Point","coordinates":[-117.5,49.1]},"properties":{"region":3,"fire_occurred":1,"prediction":0.0011}},{"type":"Feature","geometry":{"type":"Point","coordinates":[-117.5,49.4]},"properties":{"region":3,"fire_occurred":1,"prediction":0.0018}},{"type":"Feature","geometry":{"type":"Point","coordinates":[-117.3,49.4]},"properties":{"region":3,"fire_occurred":1,"prediction":0.0017}},{"type":"Feature","geometry":{"type":"Point","coordinates":[-116.9,48.0]},"properties":{"region":3,"fire_occurred":1,"prediction":0.0049}},{"type":"Feature","geometry":{"type":"Point","coordinates":[-116.8,47.1]},"properties":{"region":3,"fire_occurred":1,"prediction":0.0074}},{"type":"Feature","geometry":{"type":"Point","coordinates":[-116.8,47.2]},"properties":{"region":3,"fire_occurred":1,"prediction":0.005}},{"type":"Feature","geometry":{"type":"Point","coordinates":[-116.7,46.6]},"properties":{"region":3,"fire_occurred":1,"prediction":0.0476}},{"type":"Feature","geometry":{"type":"Point","coordinates":[-116.7,47.2]},"properties":{"region":3,"fire_occurred":1,"prediction":0.0338}},{"type":"Feature","geometry":{"type":"Point","coordinates":[-116.6,47.2]},"properties":{"region":3,"fire_occurred":1,"prediction":0.0228}},{"type":"Feature","geometry":{"type":"Point","coordinates":[-116.5,46.0]},"properties":{"region":3,"fire_occurred":1,"prediction":0.0053}},{"type":"Feature","geometry":{"type":"Point","coordinates":[-116.4,46.8]},"properties":{"region":3,"fire_occurred":1,"prediction":0.0692}},{"type":"Feature","geometry":{"type":"Point","coordinates":[-116.4,47.4]},"properties":{"region":3,"fire_occurred":1,"prediction":0.0054}},{"type":"Feature","geometry":{"type":"Point","coordinates":[-116.3,46.8]},"properties":{"region":3,"fire_occurred":1,"prediction":0.0135}},{"type":"Feature","geometry":{"type":"Point","coordinates":[-116.3,46.9]},"properties":{"region":3,"fire_occurred":1,"prediction":0.0129}},{"type":"Feature","geometry":{"type":"Point","coordinates":[-116.3,47.1]},"properties":{"region":3,"fire_occurred":1,"prediction":0.0939}},{"type":"Feature","geometry":{"type":"Point","coordinates":[-116.3,47.4]},"properties":{"region":3,"fire_occurred":1,"prediction":0.0065}},{"type":"Feature","geometry":{"type":"Point","coordinates":[-116.2,46.5]},"properties":{"region":3,"fire_occurred":1,"prediction":0.0077}},{"type":"Feature","geometry":{"type":"Point","coordinates":[-116.2,46.9]},"properties":{"region":3,"fire_occurred":1,"prediction":0.0077}},{"type":"Feature","geometry":{"type":"Point","coordinates":[-116.2,50.5]},"properties":{"region":3,"fire_occurred":1,"prediction":0.0054}},{"type":"Feature","geometry":{"type":"Point","coordinates":[-116.2,50.7]},"properties":{"region":3,"fire_occurred":1,"prediction":0.0042}},{"type":"Feature","geometry":{"type":"Point","coordinates":[-116.2,50.8]},"properties":{"region":3,"fire_occurred":1,"prediction":0.0032}},{"type":"Feature","geometry":{"type":"Point","coordinates":[-116.1,49.4]},"properties":{"region":3,"fire_occurred":1,"prediction":0.0019}},{"type":"Feature","geometry":{"type":"Point","coordinates":[-116.1,49.5]},"properties":{"region":3,"fire_occurred":1,"prediction":0.0026}},{"type":"Feature","geometry":{"type":"Point","coordinates":[-115.9,46.7]},"properties":{"region":3,"fire_occurred":1,"prediction":0.0086}},{"type":"Feature","geometry":{"type":"Point","coordinates":[-115.8,50.0]},"properties":{"region":3,"fire_occurred":1,"prediction":0.0033}},{"type":"Feature","geometry":{"type":"Point","coordinates":[-115.4,47.3]},"properties":{"region":3,"fire_occurred":1,"prediction":0.01}},{"type":"Feature","geometry":{"type":"Point","coordinates":[-115.2,47.3]},"properties":{"region":3,"fire_occurred":0,"prediction":0.1207}},{"type":"Feature","geometry":{"type":"Point","coordinates":[-114.9,47.0]},"properties":{"region":3,"fire_occurred":1,"prediction":0.0107}},{"type":"Feature","geometry":{"type":"Point","coordinates":[-114.7,48.3]},"properties":{"region":3,"fire_occurred":1,"prediction":0.0044}},{"type":"Feature","geometry":{"type":"Point","coordinates":[-114.5,47.9]},"properties":{"region":3,"fire_occurred":1,"prediction":0.0038}},{"type":"Feature","geometry":{"type":"Point","coordinates":[-114.5,48.0]},"properties":{"region":3,"fire_occurred":1,"prediction":0.0023}},{"type":"Feature","geometry":{"type":"Point","coordinates":[-114.4,45.7]},"properties":{"region":3,"fire_occurred":1,"prediction":0.0765}},{"type":"Feature","geometry":{"type":"Point","coordinates":[-114.4,48.4]},"properties":{"region":3,"fire_occurred":1,"prediction":0.0056}},{"type":"Feature","geometry":{"type":"Point","coordinates":[-114.4,49.0]},"properties":{"region":3,"fire_occurred":1,"prediction":0.0176}},{"type":"Feature","geometry":{"type":"Point","coordinates":[-114.1,51.4]},"properties":{"region":3,"fire_occurred":1,"prediction":0.0047}},{"type":"Feature","geometry":{"type":"Point","coordinates":[-113.7,46.9]},"properties":{"region":3,"fire_occurred":1,"prediction":0.0037}},{"type":"Feature","geometry":{"type":"Point","coordinates":[-113.4,46.7]},"properties":{"region":3,"fire_occurred":1,"prediction":0.0153}},{"type":"Feature","geometry":{"type":"Point","coordinates":[-113.4,47.1]},"properties":{"region":3,"fire_occurred":1,"prediction":0.006}},{"type":"Feature","geometry":{"type":"Point","coordinates":[-112.9,54.2]},"properties":{"region":3,"fire_occurred":1,"prediction":0.0018}},{"type":"Feature","geometry":{"type":"Point","coordinates":[-112.8,54.0]},"properties":{"region":3,"fire_occurred":1,"prediction":0.0012}},{"type":"Feature","geometry":{"type":"Point","coordinates":[-112.8,54.2]},"properties":{"region":3,"fire_occurred":1,"prediction":0.0016}},{"type":"Feature","geometry":{"type":"Point","coordinates":[-112.5,52.9]},"properties":{"region":3,"fire_occurred":1,"prediction":0.0246}},{"type":"Feature","geometry":{"type":"Point","coordinates":[-111.9,53.5]},"properties":{"region":3,"fire_occurred":1,"prediction":0.0023}},{"type":"Feature","geometry":{"type":"Point","coordinates":[-111.9,53.6]},"properties":{"region":3,"fire_occurred":1,"prediction":0.0013}},{"type":"Feature","geometry":{"type":"Point","coordinates":[-111.7,53.0]},"properties":{"region":3,"fire_occurred":1,"prediction":0.0073}},{"type":"Feature","geometry":{"type":"Point","coordinates":[-111.6,42.6]},"properties":{"region":3,"fire_occurred":0,"prediction":0.1421}},{"type":"Feature","geometry":{"type":"Point","coordinates":[-110.2,53.1]},"properties":{"region":3,"fire_occurred":1,"prediction":0.004}},{"type":"Feature","geometry":{"type":"Point","coordinates":[-110.1,53.1]},"properties":{"region":3,"fire_occurred":1,"prediction":0.0041}},{"type":"Feature","geometry":{"type":"Point","coordinates":[-109.9,53.1]},"properties":{"region":3,"fire_occurred":1,"prediction":0.005}},{"type":"Feature","geometry":{"type":"Point","coordinates":[-108.3,34.8]},"properties":{"region":3,"fire_occurred":0,"prediction":0.3209}},{"type":"Feature","geometry":{"type":"Point","coordinates":[-107.5,28.9]},"properties":{"region":3,"fire_occurred":0,"prediction":0.1202}},{"type":"Feature","geometry":{"type":"Point","coordinates":[-107.5,52.8]},"properties":{"region":3,"fire_occurred":1,"prediction":0.004}},{"type":"Feature","geometry":{"type":"Point","coordinates":[-103.0,51.0]},"properties":{"region":3,"fire_occurred":1,"prediction":0.0419}},{"type":"Feature","geometry":{"type":"Point","coordinates":[-102.5,51.3]},"properties":{"region":3,"fire_occurred":0,"prediction":0.127}},{"type":"Feature","geometry":{"type":"Point","coordinates":[-102.3,21.7]},"properties":{"region":3,"fire_occurred":0,"prediction":0.1125}},{"type":"Feature","geometry":{"type":"Point","coordinates":[-102.2,49.9]},"properties":{"region":3,"fire_occurred":1,"prediction":0.0107}},{"type":"Feature","geometry":{"type":"Point","coordinates":[-101.7,49.8]},"properties":{"region":3,"fire_occurred":1,"prediction":0.0303}},{"type":"Feature","geometry":{"type":"Point","coordinates":[-101.6,47.9]},"properties":{"region":3,"fire_occurred":1,"prediction":0.0165}},{"type":"Feature","geometry":{"type":"Point","coordinates":[-101.4,50.6]},"properties":{"region":3,"fire_occurred":1,"prediction":0.0136}},{"type":"Feature","geometry":{"type":"Point","coordinates":[-101.2,48.8]},"properties":{"region":3,"fire_occurred":1,"prediction":0.0179}},{"type":"Feature","geometry":{"type":"Point","coordinates":[-101.1,48.1]},"properties":{"region":3,"fire_occurred":1,"prediction":0.0053}},{"type":"Feature","geometry":{"type":"Point","coordinates":[-101.0,49.5]},"properties":{"region":3,"fire_occurred":1,"prediction":0.0066}},{"type":"Feature","geometry":{"type":"Point","coordinates":[-100.9,47.4]},"properties":{"region":3,"fire_occurred":1,"prediction":0.0142}},{"type":"Feature","geometry":{"type":"Point","coordinates":[-100.8,21.1]},"properties":{"region":3,"fire_occurred":1,"prediction":0.0323}},{"type":"Feature","geometry":{"type":"Point","coordinates":[-100.8,50.0]},"properties":{"region":3,"fire_occurred":1,"prediction":0.0282}},{"type":"Feature","geometry":{"type":"Point","coordinates":[-100.6,50.2]},"properties":{"region":3,"fire_occurred":0,"prediction":0.1093}},{"type":"Feature","geometry":{"type":"Point","coordinates":[-100.3,49.1]},"properties":{"region":3,"fire_occurred":1,"prediction":0.0061}},{"type":"Feature","geometry":{"type":"Point","coordinates":[-100.3,49.7]},"properties":{"region":3,"fire_occurred":1,"prediction":0.052}},{"type":"Feature","geometry":{"type":"Point","coordinates":[-100.1,37.8]},"properties":{"region":3,"fire_occurred":1,"prediction":0.0019}},{"type":"Feature","geometry":{"type":"Point","coordinates":[-99.0,30.3]},"properties":{"region":3,"fire_occurred":1,"prediction":0.0261}},{"type":"Feature","geometry":{"type":"Point","coordinates":[-99.0,30.8]},"properties":{"region":3,"fire_occurred":1,"prediction":0.0063}},{"type":"Feature","geometry":{"type":"Point","coordinates":[-98.9,23.8]},"properties":{"region":3,"fire_occurred":0,"prediction":0.1388}},{"type":"Feature","geometry":{"type":"Point","coordinates":[-98.7,49.2]},"properties":{"region":3,"fire_occurred":1,"prediction":0.0143}},{"type":"Feature","geometry":{"type":"Point","coordinates":[-98.6,47.1]},"properties":{"region":3,"fire_occurred":1,"prediction":0.0075}},{"type":"Feature","geometry":{"type":"Point","coordinates":[-98.6,47.2]},"properties":{"region":3,"fire_occurred":1,"prediction":0.0025}},{"type":"Feature","geometry":{"type":"Point","coordinates":[-98.5,30.6]},"properties":{"region":3,"fire_occurred":1,"prediction":0.0043}},{"type":"Feature","geometry":{"type":"Point","coordinates":[-98.5,47.0]},"properties":{"region":3,"fire_occurred":1,"prediction":0.002}},{"type":"Feature","geometry":{"type":"Point","coordinates":[-98.4,19.1]},"properties":{"region":3,"fire_occurred":0,"prediction":0.2323}},{"type":"Feature","geometry":{"type":"Point","coordinates":[-98.3,30.5]},"properties":{"region":3,"fire_occurred":1,"prediction":0.0149}},{"type":"Feature","geometry":{"type":"Point","coordinates":[-98.2,48.2]},"properties":{"region":3,"fire_occurred":1,"prediction":0.0031}},{"type":"Feature","geometry":{"type":"Point","coordinates":[-98.0,31.1]},"properties":{"region":3,"fire_occurred":1,"prediction":0.0041}},{"type":"Feature","geometry":{"type":"Point","coordinates":[-98.0,32.3]},"properties":{"region":3,"fire_occurred":1,"prediction":0.0044}},{"type":"Feature","geometry":{"type":"Point","coordinates":[-97.9,33.4]},"properties":{"region":3,"fire_occurred":1,"prediction":0.0038}},{"type":"Feature","geometry":{"type":"Point","coordinates":[-97.9,38.6]},"properties":{"region":3,"fire_occurred":1,"prediction":0.0068}},{"type":"Feature","geometry":{"type":"Point","coordinates":[-97.9,38.7]},"properties":{"region":3,"fire_occurred":1,"prediction":0.0045}},{"type":"Feature","geometry":{"type":"Point","coordinates":[-97.5,49.4]},"properties":{"region":3,"fire_occurred":1,"prediction":0.0028}},{"type":"Feature","geometry":{"type":"Point","coordinates":[-97.3,47.6]},"properties":{"region":3,"fire_occurred":1,"prediction":0.0149}},{"type":"Feature","geometry":{"type":"Point","coordinates":[-97.1,32.4]},"properties":{"region":3,"fire_occurred":0,"prediction":0.1068}},{"type":"Feature","geometry":{"type":"Point","coordinates":[-96.9,31.6]},"properties":{"region":3,"fire_occurred":1,"prediction":0.0188}},{"type":"Feature","geometry":{"type":"Point","coordinates":[-96.9,33.7]},"properties":{"region":3,"fire_occurred":1,"prediction":0.0037}},{"type":"Feature","geometry":{"type":"Point","coordinates":[-96.8,39.1]},"properties":{"region":3,"fire_occurred":1,"prediction":0.009}},{"type":"Feature","geometry":{"type":"Point","coordinates":[-96.8,49.6]},"properties":{"region":3,"fire_occurred":1,"prediction":0.0025}},{"type":"Feature","geometry":{"type":"Point","coordinates":[-96.6,39.0]},"properties":{"region":3,"fire_occurred":1,"prediction":0.0038}},{"type":"Feature","geometry":{"type":"Point","coordinates":[-96.5,35.9]},"properties":{"region":3,"fire_occurred":1,"prediction":0.005}},{"type":"Feature","geometry":{"type":"Point","coordinates":[-96.2,31.3]},"properties":{"region":3,"fire_occurred":1,"prediction":0.0778}},{"type":"Feature","geometry":{"type":"Point","coordinates":[-96.2,32.9]},"properties":{"region":3,"fire_occurred":1,"prediction":0.0037}},{"type":"Feature","geometry":{"type":"Point","coordinates":[-96.0,33.4]},"properties":{"region":3,"fire_occurred":1,"prediction":0.0508}},{"type":"Feature","geometry":{"type":"Point","coordinates":[-95.9,32.5]},"properties":{"region":3,"fire_occurred":1,"prediction":0.0055}},{"type":"Feature","geometry":{"type":"Point","coordinates":[-95.6,33.6]},"properties":{"region":3,"fire_occurred":1,"prediction":0.0044}},{"type":"Feature","geometry":{"type":"Point","coordinates":[-95.5,40.8]},"properties":{"region":3,"fire_occurred":1,"prediction":0.0072}},{"type":"Feature","geometry":{"type":"Point","coordinates":[-95.4,30.4]},"properties":{"region":3,"fire_occurred":1,"prediction":0.0221}},{"type":"Feature","geometry":{"type":"Point","coordinates":[-95.3,29.2]},"properties":{"region":3,"fire_occurred":0,"prediction":0.1191}},{"type":"Feature","geometry":{"type":"Point","coordinates":[-95.3,30.9]},"properties":{"region":3,"fire_occurred":1,"prediction":0.0258}},{"type":"Feature","geometry":{"type":"Point","coordinates":[-95.2,29.2]},"properties":{"region":3,"fire_occurred":0,"prediction":0.1114}},{"type":"Feature","geometry":{"type":"Point","coordinates":[-95.2,30.9]},"properties":{"region":3,"fire_occurred":1,"prediction":0.0189}},{"type":"Feature","geometry":{"type":"Point","coordinates":[-95.1,30.8]},"properties":{"region":3,"fire_occurred":1,"prediction":0.0182}},{"type":"Feature","geometry":{"type":"Point","coordinates":[-95.1,31.4]},"properties":{"region":3,"fire_occurred":1,"prediction":0.0292}},{"type":"Feature","geometry":{"type":"Point","coordinates":[-95.1,31.5]},"properties":{"region":3,"fire_occurred":1,"prediction":0.0079}},{"type":"Feature","geometry":{"type":"Point","coordinates":[-95.1,32.0]},"properties":{"region":3,"fire_occurred":1,"prediction":0.0329}},{"type":"Feature","geometry":{"type":"Point","coordinates":[-95.0,32.9]},"properties":{"region":3,"fire_occurred":1,"prediction":0.0107}},{"type":"Feature","geometry":{"type":"Point","coordinates":[-95.0,36.9]},"properties":{"region":3,"fire_occurred":1,"prediction":0.0077}},{"type":"Feature","geometry":{"type":"Point","coordinates":[-94.9,31.4]},"properties":{"region":3,"fire_occurred":1,"prediction":0.0079}},{"type":"Feature","geometry":{"type":"Point","coordinates":[-94.9,33.2]},"properties":{"region":3,"fire_occurred":0,"prediction":0.1031}},{"type":"Feature","geometry":{"type":"Point","coordinates":[-94.8,30.7]},"properties":{"region":3,"fire_occurred":1,"prediction":0.0271}},{"type":"Feature","geometry":{"type":"Point","coordinates":[-94.6,33.8]},"properties":{"region":3,"fire_occurred":1,"prediction":0.0209}},{"type":"Feature","geometry":{"type":"Point","coordinates":[-94.5,31.9]},"properties":{"region":3,"fire_occurred":1,"prediction":0.0079}},{"type":"Feature","geometry":{"type":"Point","coordinates":[-94.5,32.3]},"properties":{"region":3,"fire_occurred":1,"prediction":0.0121}},{"type":"Feature","geometry":{"type":"Point","coordinates":[-94.4,30.5]},"properties":{"region":3,"fire_occurred":1,"prediction":0.0114}},{"type":"Feature","geometry":{"type":"Point","coordinates":[-94.4,32.3]},"properties":{"region":3,"fire_occurred":1,"prediction":0.0137}},{"type":"Feature","geometry":{"type":"Point","coordinates":[-94.3,31.6]},"properties":{"region":3,"fire_occurred":1,"prediction":0.012}},{"type":"Feature","geometry":{"type":"Point","coordinates":[-94.3,40.4]},"properties":{"region":3,"fire_occurred":1,"prediction":0.0074}},{"type":"Feature","geometry":{"type":"Point","coordinates":[-94.2,31.6]},"properties":{"region":3,"fire_occurred":1,"prediction":0.0057}},{"type":"Feature","geometry":{"type":"Point","coordinates":[-94.1,31.8]},"properties":{"region":3,"fire_occurred":1,"prediction":0.0086}},{"type":"Feature","geometry":{"type":"Point","coordinates":[-93.9,44.1]},"properties":{"region":3,"fire_occurred":1,"prediction":0.0009}},{"type":"Feature","geometry":{"type":"Point","coordinates":[-93.8,33.7]},"properties":{"region":3,"fire_occurred":1,"prediction":0.005}},{"type":"Feature","geometry":{"type":"Point","coordinates":[-93.8,33.8]},"properties":{"region":3,"fire_occurred":1,"prediction":0.0328}},{"type":"Feature","geometry":{"type":"Point","coordinates":[-93.7,33.5]},"properties":{"region":3,"fire_occurred":0,"prediction":0.1251}},{"type":"Feature","geometry":{"type":"Point","coordinates":[-93.7,34.1]},"properties":{"region":3,"fire_occurred":0,"prediction":0.1731}},{"type":"Feature","geometry":{"type":"Point","coordinates":[-93.7,34.8]},"properties":{"region":3,"fire_occurred":1,"prediction":0.0109}},{"type":"Feature","geometry":{"type":"Point","coordinates":[-93.5,33.7]},"properties":{"region":3,"fire_occurred":1,"prediction":0.0329}},{"type":"Feature","geometry":{"type":"Point","coordinates":[-93.4,39.0]},"properties":{"region":3,"fire_occurred":1,"prediction":0.0105}},{"type":"Feature","geometry":{"type":"Point","coordinates":[-93.3,34.5]},"properties":{"region":3,"fire_occurred":1,"prediction":0.0309}},{"type":"Feature","geometry":{"type":"Point","coordinates":[-93.2,31.2]},"properties":{"region":3,"fire_occurred":0,"prediction":0.1436}},{"type":"Feature","geometry":{"type":"Point","coordinates":[-93.1,31.5]},"properties":{"region":3,"fire_occurred":1,"prediction":0.008}},{"type":"Feature","geometry":{"type":"Point","coordinates":[-93.1,34.6]},"properties":{"region":3,"fire_occurred":0,"prediction":0.1225}},{"type":"Feature","geometry":{"type":"Point","coordinates":[-93.1,39.7]},"properties":{"region":3,"fire_occurred":1,"prediction":0.0073}},{"type":"Feature","geometry":{"type":"Point","coordinates":[-93.0,31.2]},"properties":{"region":3,"fire_occurred":0,"prediction":0.1397}},{"type":"Feature","geometry":{"type":"Point","coordinates":[-92.9,30.0]},"properties":{"region":3,"fire_occurred":0,"prediction":0.1384}},{"type":"Feature","geometry":{"type":"Point","coordinates":[-92.7,33.4]},"properties":{"region":3,"fire_occurred":1,"prediction":0.0182}},{"type":"Feature","geometry":{"type":"Point","coordinates":[-92.6,30.2]},"properties":{"region":3,"fire_occurred":0,"prediction":0.1386}},{"type":"Feature","geometry":{"type":"Point","coordinates":[-92.6,30.3]},"properties":{"region":3,"fire_occurred":0,"prediction":0.1429}},{"type":"Feature","geometry":{"type":"Point","coordinates":[-92.6,32.1]},"properties":{"region":3,"fire_occurred":1,"prediction":0.0095}},{"type":"Feature","geometry":{"type":"Point","coordinates":[-92.6,39.5]},"properties":{"region":3,"fire_occurred":1,"prediction":0.0077}},{"type":"Feature","geometry":{"type":"Point","coordinates":[-92.5,32.1]},"properties":{"region":3,"fire_occurred":1,"prediction":0.0096}},{"type":"Feature","geometry":{"type":"Point","coordinates":[-92.5,49.9]},"properties":{"region":3,"fire_occurred":1,"prediction":0.0157}},{"type":"Feature","geometry":{"type":"Point","coordinates":[-92.4,31.0]},"properties":{"region":3,"fire_occurred":0,"prediction":0.2285}},{"type":"Feature","geometry":{"type":"Point","coordinates":[-92.4,35.2]},"properties":{"region":3,"fire_occurred":1,"prediction":0.0109}},{"type":"Feature","geometry":{"type":"Point","coordinates":[-92.4,49.7]},"properties":{"region":3,"fire_occurred":1,"prediction":0.001}},{"type":"Feature","geometry":{"type":"Point","coordinates":[-92.3,30.8]},"properties":{"region":3,"fire_occurred":0,"prediction":0.104}},{"type":"Feature","geometry":{"type":"Point","coordinates":[-92.3,31.0]},"properties":{"region":3,"fire_occurred":1,"prediction":0.1846}},{"type":"Feature","geometry":{"type":"Point","coordinates":[-92.2,30.1]},"properties":{"region":3,"fire_occurred":1,"prediction":0.106}},{"type":"Feature","geometry":{"type":"Point","coordinates":[-92.2,30.2]},"properties":{"region":3,"fire_occurred":1,"prediction":0.0523}},{"type":"Feature","geometry":{"type":"Point","coordinates":[-92.2,30.7]},"properties":{"region":3,"fire_occurred":0,"prediction":0.3195}},{"type":"Feature","geometry":{"type":"Point","coordinates":[-92.2,30.9]},"properties":{"region":3,"fire_occurred":0,"prediction":0.1017}},{"type":"Feature","geometry":{"type":"Point","coordinates":[-92.2,32.3]},"properties":{"region":3,"fire_occurred":0,"prediction":0.1612}},{"type":"Feature","geometry":{"type":"Point","coordinates":[-92.2,36.0]},"properties":{"region":3,"fire_occurred":1,"prediction":0.0099}},{"type":"Feature","geometry":{"type":"Point","coordinates":[-92.1,34.5]},"properties":{"region":3,"fire_occurred":1,"prediction":0.0818}},{"type":"Feature","geometry":{"type":"Point","coordinates":[-92.0,30.2]},"properties":{"region":3,"fire_occurred":0,"prediction":0.108}},{"type":"Feature","geometry":{"type":"Point","coordinates":[-92.0,34.5]},"properties":{"region":3,"fire_occurred":1,"prediction":0.0205}},{"type":"Feature","geometry":{"type":"Point","coordinates":[-91.9,30.1]},"properties":{"region":3,"fire_occurred":0,"prediction":0.1889}},{"type":"Feature","geometry":{"type":"Point","coordinates":[-91.9,30.2]},"properties":{"region":3,"fire_occurred":0,"prediction":0.1322}},{"type":"Feature","geometry":{"type":"Point","coordinates":[-91.9,30.6]},"properties":{"region":3,"fire_occurred":1,"prediction":0.0151}},{"type":"Feature","geometry":{"type":"Point","coordinates":[-91.9,30.9]},"properties":{"region":3,"fire_occurred":0,"prediction":0.1602}},{"type":"Feature","geometry":{"type":"Point","coordinates":[-91.9,39.6]},"properties":{"region":3,"fire_occurred":1,"prediction":0.0031}},{"type":"Feature","geometry":{"type":"Point","coordinates":[-91.8,30.0]},"properties":{"region":3,"fire_occurred":0,"prediction":0.176}},{"type":"Feature","geometry":{"type":"Point","coordinates":[-91.8,30.1]},"properties":{"region":3,"fire_occurred":1,"prediction":0.199}},{"type":"Feature","geometry":{"type":"Point","coordinates":[-91.8,30.5]},"properties":{"region":3,"fire_occurred":0,"prediction":0.2218}},{"type":"Feature","geometry":{"type":"Point","coordinates":[-91.8,30.7]},"properties":{"region":3,"fire_occurred":0,"prediction":0.2825}},{"type":"Feature","geometry":{"type":"Point","coordinates":[-91.8,30.9]},"properties":{"region":3,"fire_occurred":0,"prediction":0.131}},{"type":"Feature","geometry":{"type":"Point","coordinates":[-91.8,32.6]},"properties":{"region":3,"fire_occurred":0,"prediction":0.1683}},{"type":"Feature","geometry":{"type":"Point","coordinates":[-91.8,32.7]},"properties":{"region":3,"fire_occurred":0,"prediction":0.1373}},{"type":"Feature","geometry":{"type":"Point","coordinates":[-91.8,34.5]},"properties":{"region":3,"fire_occurred":1,"prediction":0.0284}},{"type":"Feature","geometry":{"type":"Point","coordinates":[-91.8,34.8]},"properties":{"region":3,"fire_occurred":1,"prediction":0.0148}},{"type":"Feature","geometry":{"type":"Point","coordinates":[-91.8,37.1]},"properties":{"region":3,"fire_occurred":1,"prediction":0.0176}},{"type":"Feature","geometry":{"type":"Point","coordinates":[-91.7,30.8]},"properties":{"region":3,"fire_occurred":0,"prediction":0.1107}},{"type":"Feature","geometry":{"type":"Point","coordinates":[-91.7,32.1]},"properties":{"region":3,"fire_occurred":1,"prediction":0.0392}},{"type":"Feature","geometry":{"type":"Point","coordinates":[-91.7,32.7]},"properties":{"region":3,"fire_occurred":1,"prediction":0.0964}},{"type":"Feature","geometry":{"type":"Point","coordinates":[-91.6,30.5]},"properties":{"region":3,"fire_occurred":0,"prediction":0.1015}},{"type":"Feature","geometry":{"type":"Point","coordinates":[-91.6,32.9]},"properties":{"region":3,"fire_occurred":0,"prediction":0.1023}},{"type":"Feature","geometry":{"type":"Point","coordinates":[-91.5,30.5]},"properties":{"region":3,"fire_occurred":0,"prediction":0.2056}},{"type":"Feature","geometry":{"type":"Point","coordinates":[-91.5,33.5]},"properties":{"region":3,"fire_occurred":1,"prediction":0.0092}},{"type":"Feature","geometry":{"type":"Point","coordinates":[-91.5,34.9]},"properties":{"region":3,"fire_occurred":1,"prediction":0.0054}},{"type":"Feature","geometry":{"type":"Point","coordinates":[-91.4,30.5]},"properties":{"region":3,"fire_occurred":0,"prediction":0.311}},{"type":"Feature","geometry":{"type":"Point","coordinates":[-91.4,30.6]},"properties":{"region":3,"fire_occurred":0,"prediction":0.2331}},{"type":"Feature","geometry":{"type":"Point","coordinates":[-91.3,30.2]},"properties":{"region":3,"fire_occurred":1,"prediction":0.2514}},{"type":"Feature","geometry":{"type":"Point","coordinates":[-91.3,30.3]},"properties":{"region":3,"fire_occurred":1,"prediction":0.1655}},{"type":"Feature","geometry":{"type":"Point","coordinates":[-91.3,32.5]},"properties":{"region":3,"fire_occurred":0,"prediction":0.1568}},{"type":"Feature","geometry":{"type":"Point","coordinates":[-91.2,30.1]},"properties":{"region":3,"fire_occurred":0,"prediction":0.1713}},{"type":"Feature","geometry":{"type":"Point","coordinates":[-91.2,30.2]},"properties":{"region":3,"fire_occurred":0,"prediction":0.1397}},{"type":"Feature","geometry":{"type":"Point","coordinates":[-91.2,35.1]},"properties":{"region":3,"fire_occurred":1,"prediction":0.0045}},{"type":"Feature","geometry":{"type":"Point","coordinates":[-91.2,35.3]},"properties":{"region":3,"fire_occurred":1,"prediction":0.0103}},{"type":"Feature","geometry":{"type":"Point","coordinates":[-91.2,35.8]},"properties":{"region":3,"fire_occurred":0,"prediction":0.1659}},{"type":"Feature","geometry":{"type":"Point","coordinates":[-91.2,35.9]},"properties":{"region":3,"fire_occurred":1,"prediction":0.0631}},{"type":"Feature","geometry":{"type":"Point","coordinates":[-91.1,30.0]},"properties":{"region":3,"fire_occurred":1,"prediction":0.3292}},{"type":"Feature","geometry":{"type":"Point","coordinates":[-91.1,30.1]},"properties":{"region":3,"fire_occurred":0,"prediction":0.1208}},{"type":"Feature","geometry":{"type":"Point","coordinates":[-91.1,35.9]},"properties":{"region":3,"fire_occurred":1,"prediction":0.1106}},{"type":"Feature","geometry":{"type":"Point","coordinates":[-91.1,36.0]},"properties":{"region":3,"fire_occurred":1,"prediction":0.2117}},{"type":"Feature","geometry":{"type":"Point","coordinates":[-91.1,36.1]},"properties":{"region":3,"fire_occurred":1,"prediction":0.0126}},{"type":"Feature","geometry":{"type":"Point","coordinates":[-91.1,36.3]},"properties":{"region":3,"fire_occurred":1,"prediction":0.0042}},{"type":"Feature","geometry":{"type":"Point","coordinates":[-91.0,35.9]},"properties":{"region":3,"fire_occurred":0,"prediction":0.1544}},{"type":"Feature","geometry":{"type":"Point","coordinates":[-91.0,36.1]},"properties":{"region":3,"fire_occurred":0,"prediction":0.1974}},{"type":"Feature","geometry":{"type":"Point","coordinates":[-90.9,30.0]},"properties":{"region":3,"fire_occurred":0,"prediction":0.1947}},{"type":"Feature","geometry":{"type":"Point","coordinates":[-90.9,32.6]},"properties":{"region":3,"fire_occurred":1,"prediction":0.0044}},{"type":"Feature","geometry":{"type":"Point","coordinates":[-90.9,35.9]},"properties":{"region":3,"fire_occurred":1,"prediction":0.1856}},{"type":"Feature","geometry":{"type":"Point","coordinates":[-90.9,36.0]},"properties":{"region":3,"fire_occurred":1,"prediction":0.0311}},{"type":"Feature","geometry":{"type":"Point","coordinates":[-90.9,36.1]},"properties":{"region":3,"fire_occurred":1,"prediction":0.2281}},{"type":"Feature","geometry":{"type":"Point","coordinates":[-90.9,41.4]},"properties":{"region":3,"fire_occurred":1,"prediction":0.02}},{"type":"Feature","geometry":{"type":"Point","coordinates":[-90.8,30.6]},"properties":{"region":3,"fire_occurred":1,"prediction":0.0223}},{"type":"Feature","geometry":{"type":"Point","coordinates":[-90.8,30.7]},"properties":{"region":3,"fire_occurred":1,"prediction":0.0198}},{"type":"Feature","geometry":{"type":"Point","coordinates":[-90.8,36.1]},"properties":{"region":3,"fire_occurred":1,"prediction":0.0995}},{"type":"Feature","geometry":{"type":"Point","coordinates":[-90.8,36.2]},"properties":{"region":3,"fire_occurred":1,"prediction":0.1645}},{"type":"Feature","geometry":{"type":"Point","coordinates":[-90.8,44.3]},"properties":{"region":3,"fire_occurred":1,"prediction":0.0018}},{"type":"Feature","geometry":{"type":"Point","coordinates":[-90.7,30.6]},"properties":{"region":3,"fire_occurred":0,"prediction":0.1497}},{"type":"Feature","geometry":{"type":"Point","coordinates":[-90.7,30.7]},"properties":{"region":3,"fire_occurred":1,"prediction":0.0507}},{"type":"Feature","geometry":{"type":"Point","coordinates":[-90.7,36.0]},"properties":{"region":3,"fire_occurred":1,"prediction":0.0247}},{"type":"Feature","geometry":{"type":"Point","coordinates":[-90.7,36.1]},"properties":{"region":3,"fire_occurred":1,"prediction":0.0571}},{"type":"Feature","geometry":{"type":"Point","coordinates":[-90.6,30.0]},"properties":{"region":3,"fire_occurred":0,"prediction":0.2}},{"type":"Feature","geometry":{"type":"Point","coordinates":[-90.6,30.6]},"properties":{"region":3,"fire_occurred":0,"prediction":0.17}},{"type":"Feature","geometry":{"type":"Point","coordinates":[-90.6,33.8]},"properties":{"region":3,"fire_occurred":1,"prediction":0.0218}},{"type":"Feature","geometry":{"type":"Point","coordinates":[-90.5,30.0]},"properties":{"region":3,"fire_occurred":0,"prediction":0.219}},{"type":"Feature","geometry":{"type":"Point","coordinates":[-90.5,33.8]},"properties":{"region":3,"fire_occurred":1,"prediction":0.0114}},{"type":"Feature","geometry":{"type":"Point","coordinates":[-90.5,36.1]},"properties":{"region":3,"fire_occurred":1,"prediction":0.0201}},{"type":"Feature","geometry":{"type":"Point","coordinates":[-90.4,30.0]},"properties":{"region":3,"fire_occurred":0,"prediction":0.3747}},{"type":"Feature","geometry":{"type":"Point","coordinates":[-90.4,30.8]},"properties":{"region":3,"fire_occurred":0,"prediction":0.1021}},{"type":"Feature","geometry":{"type":"Point","coordinates":[-90.4,36.1]},"properties":{"region":3,"fire_occurred":1,"prediction":0.0073}},{"type":"Feature","geometry":{"type":"Point","coordinates":[-90.4,36.6]},"properties":{"region":3,"fire_occurred":1,"prediction":0.004}},{"type":"Feature","geometry":{"type":"Point","coordinates":[-90.4,36.7]},"properties":{"region":3,"fire_occurred":1,"prediction":0.0048}},{"type":"Feature","geometry":{"type":"Point","coordinates":[-90.3,35.4]},"properties":{"region":3,"fire_occurred":1,"prediction":0.0081}},{"type":"Feature","geometry":{"type":"Point","coordinates":[-90.3,36.2]},"properties":{"region":3,"fire_occurred":1,"prediction":0.0018}},{"type":"Feature","geometry":{"type":"Point","coordinates":[-90.2,34.3]},"properties":{"region":3,"fire_occurred":0,"prediction":0.2248}},{"type":"Feature","geometry":{"type":"Point","coordinates":[-90.2,35.7]},"properties":{"region":3,"fire_occurred":0,"prediction":0.1148}},{"type":"Feature","geometry":{"type":"Point","coordinates":[-90.2,35.8]},"properties":{"region":3,"fire_occurred":1,"prediction":0.0066}},{"type":"Feature","geometry":{"type":"Point","coordinates":[-90.2,38.6]},"properties":{"region":3,"fire_occurred":0,"prediction":0.2049}},{"type":"Feature","geometry":{"type":"Point","coordinates":[-90.1,36.0]},"properties":{"region":3,"fire_occurred":1,"prediction":0.1787}},{"type":"Feature","geometry":{"type":"Point","coordinates":[-90.1,36.4]},"properties":{"region":3,"fire_occurred":1,"prediction":0.001}},{"type":"Feature","geometry":{"type":"Point","coordinates":[-90.0,35.6]},"properties":{"region":3,"fire_occurred":0,"prediction":0.1418}},{"type":"Feature","geometry":{"type":"Point","coordinates":[-90.0,36.0]},"properties":{"region":3,"fire_occurred":0,"prediction":0.1343}},{"type":"Feature","geometry":{"type":"Point","coordinates":[-90.0,36.1]},"properties":{"region":3,"fire_occurred":1,"prediction":0.136}},{"type":"Feature","geometry":{"type":"Point","coordinates":[-90.0,36.2]},"properties":{"region":3,"fire_occurred":1,"prediction":0.1638}},{"type":"Feature","geometry":{"type":"Point","coordinates":[-89.9,36.0]},"properties":{"region":3,"fire_occurred":1,"prediction":0.0081}},{"type":"Feature","geometry":{"type":"Point","coordinates":[-89.9,36.1]},"properties":{"region":3,"fire_occurred":1,"prediction":0.002}},{"type":"Feature","geometry":{"type":"Point","coordinates":[-89.9,36.2]},"properties":{"region":3,"fire_occurred":1,"prediction":0.0012}},{"type":"Feature","geometry":{"type":"Point","coordinates":[-89.8,35.8]},"properties":{"region":3,"fire_occurred":1,"prediction":0.0349}},{"type":"Feature","geometry":{"type":"Point","coordinates":[-89.8,35.9]},"properties":{"region":3,"fire_occurred":0,"prediction":0.1186}},{"type":"Feature","geometry":{"type":"Point","coordinates":[-89.7,36.3]},"properties":{"region":3,"fire_occurred":1,"prediction":0.0092}},{"type":"Feature","geometry":{"type":"Point","coordinates":[-89.6,31.5]},"properties":{"region":3,"fire_occurred":1,"prediction":0.0227}},{"type":"Feature","geometry":{"type":"Point","coordinates":[-89.6,32.5]},"properties":{"region":3,"fire_occurred":0,"prediction":0.1032}},{"type":"Feature","geometry":{"type":"Point","coordinates":[-89.5,31.5]},"properties":{"region":3,"fire_occurred":1,"prediction":0.023}},{"type":"Feature","geometry":{"type":"Point","coordinates":[-89.4,31.2]},"properties":{"region":3,"fire_occurred":1,"prediction":0.0282}},{"type":"Feature","geometry":{"type":"Point","coordinates":[-89.4,36.7]},"properties":{"region":3,"fire_occurred":1,"prediction":0.0026}},{"type":"Feature","geometry":{"type":"Point","coordinates":[-89.4,40.3]},"properties":{"region":3,"fire_occurred":1,"prediction":0.0053}},{"type":"Feature","geometry":{"type":"Point","coordinates":[-89.3,31.7]},"properties":{"region":3,"fire_occurred":1,"prediction":0.0141}},{"type":"Feature","geometry":{"type":"Point","coordinates":[-89.3,43.0]},"properties":{"region":3,"fire_occurred":1,"prediction":0.0067}},{"type":"Feature","geometry":{"type":"Point","coordinates":[-89.1,36.9]},"properties":{"region":3,"fire_occurred":0,"prediction":0.2329}},{"type":"Feature","geometry":{"type":"Point","coordinates":[-89.0,31.4]},"properties":{"region":3,"fire_occurred":1,"prediction":0.0159}},{"type":"Feature","geometry":{"type":"Point","coordinates":[-89.0,31.7]},"properties":{"region":3,"fire_occurred":1,"prediction":0.0213}},{"type":"Feature","geometry":{"type":"Point","coordinates":[-88.9,33.1]},"properties":{"region":3,"fire_occurred":1,"prediction":0.0358}},{"type":"Feature","geometry":{"type":"Point","coordinates":[-88.9,34.0]},"properties":{"region":3,"fire_occurred":1,"prediction":0.0262}},{"type":"Feature","geometry":{"type":"Point","coordinates":[-88.9,36.1]},"properties":{"region":3,"fire_occurred":1,"prediction":0.0009}},{"type":"Feature","geometry":{"type":"Point","coordinates":[-88.8,31.3]},"properties":{"region":3,"fire_occurred":1,"prediction":0.0155}},{"type":"Feature","geometry":{"type":"Point","coordinates":[-88.7,32.2]},"properties":{"region":3,"fire_occurred":1,"prediction":0.0478}},{"type":"Feature","geometry":{"type":"Point","coordinates":[-88.6,30.8]},"properties":{"region":3,"fire_occurred":0,"prediction":0.2296}},{"type":"Feature","geometry":{"type":"Point","coordinates":[-88.6,32.2]},"properties":{"region":3,"fire_occurred":1,"prediction":0.0123}},{"type":"Feature","geometry":{"type":"Point","coordinates":[-88.6,33.4]},"properties":{"region":3,"fire_occurred":0,"prediction":0.3012}},{"type":"Feature","geometry":{"type":"Point","coordinates":[-88.5,31.8]},"properties":{"region":3,"fire_occurred":1,"prediction":0.0319}},{"type":"Feature","geometry":{"type":"Point","coordinates":[-88.5,33.0]},"properties":{"region":3,"fire_occurred":1,"prediction":0.0349}},{"type":"Feature","geometry":{"type":"Point","coordinates":[-88.5,34.2]},"properties":{"region":3,"fire_occurred":0,"prediction":0.1049}},{"type":"Feature","geometry":{"type":"Point","coordinates":[-88.4,30.7]},"properties":{"region":3,"fire_occurred":1,"prediction":0.0183}},{"type":"Feature","geometry":{"type":"Point","coordinates":[-88.4,31.5]},"properties":{"region":3,"fire_occurred":1,"prediction":0.0323}},{"type":"Feature","geometry":{"type":"Point","coordinates":[-88.4,32.1]},"properties":{"region":3,"fire_occurred":0,"prediction":0.1001}},{"type":"Feature","geometry":{"type":"Point","coordinates":[-88.4,42.4]},"properties":{"region":3,"fire_occurred":1,"prediction":0.0108}},{"type":"Feature","geometry":{"type":"Point","coordinates":[-88.3,30.7]},"properties":{"region":3,"fire_occurred":1,"prediction":0.0223}},{"type":"Feature","geometry":{"type":"Point","coordinates":[-88.3,31.4]},"properties":{"region":3,"fire_occurred":0,"prediction":0.1749}},{"type":"Feature","geometry":{"type":"Point","coordinates":[-88.3,31.5]},"properties":{"region":3,"fire_occurred":1,"prediction":0.0858}},{"type":"Feature","geometry":{"type":"Point","coordinates":[-88.3,34.5]},"properties":{"region":3,"fire_occurred":0,"prediction":0.1436}},{"type":"Feature","geometry":{"type":"Point","coordinates":[-88.2,41.8]},"properties":{"region":3,"fire_occurred":1,"prediction":0.0148}},{"type":"Feature","geometry":{"type":"Point","coordinates":[-88.2,42.3]},"properties":{"region":3,"fire_occurred":0,"prediction":0.1186}},{"type":"Feature","geometry":{"type":"Point","coordinates":[-88.1,30.9]},"properties":{"region":3,"fire_occurred":1,"prediction":0.199}},{"type":"Feature","geometry":{"type":"Point","coordinates":[-88.0,31.1]},"properties":{"region":3,"fire_occurred":0,"prediction":0.2827}},{"type":"Feature","geometry":{"type":"Point","coordinates":[-88.0,42.4]},"properties":{"region":3,"fire_occurred":1,"prediction":0.0126}},{"type":"Feature","geometry":{"type":"Point","coordinates":[-87.9,32.0]},"properties":{"region":3,"fire_occurred":1,"prediction":0.0164}},{"type":"Feature","geometry":{"type":"Point","coordinates":[-87.8,33.7]},"properties":{"region":3,"fire_occurred":1,"prediction":0.0119}},{"type":"Feature","geometry":{"type":"Point","coordinates":[-87.8,34.4]},"properties":{"region":3,"fire_occurred":1,"prediction":0.0143}},{"type":"Feature","geometry":{"type":"Point","coordinates":[-87.8,35.4]},"properties":{"region":3,"fire_occurred":1,"prediction":0.0114}},{"type":"Feature","geometry":{"type":"Point","coordinates":[-87.7,31.3]},"properties":{"region":3,"fire_occurred":1,"prediction":0.0118}},{"type":"Feature","geometry":{"type":"Point","coordinates":[-87.7,34.0]},"properties":{"region":3,"fire_occurred":1,"prediction":0.0401}},{"type":"Feature","geometry":{"type":"Point","coordinates":[-87.6,33.2]},"properties":{"region":3,"fire_occurred":1,"prediction":0.152}},{"type":"Feature","geometry":{"type":"Point","coordinates":[-87.6,34.0]},"properties":{"region":3,"fire_occurred":1,"prediction":0.0462}},{"type":"Feature","geometry":{"type":"Point","coordinates":[-87.6,34.3]},"properties":{"region":3,"fire_occurred":1,"prediction":0.0104}},{"type":"Feature","geometry":{"type":"Point","coordinates":[-87.6,36.6]},"properties":{"region":3,"fire_occurred":1,"prediction":0.0055}},{"type":"Feature","geometry":{"type":"Point","coordinates":[-87.4,32.7]},"properties":{"region":3,"fire_occurred":1,"prediction":0.045}},{"type":"Feature","geometry":{"type":"Point","coordinates":[-87.3,31.4]},"properties":{"region":3,"fire_occurred":0,"prediction":0.1894}},{"type":"Feature","geometry":{"type":"Point","coordinates":[-87.2,31.5]},"properties":{"region":3,"fire_occurred":1,"prediction":0.1337}},{"type":"Feature","geometry":{"type":"Point","coordinates":[-87.2,31.6]},"properties":{"region":3,"fire_occurred":0,"prediction":0.3032}},{"type":"Feature","geometry":{"type":"Point","coordinates":[-87.2,33.2]},"properties":{"region":3,"fire_occurred":0,"prediction":0.107}},{"type":"Feature","geometry":{"type":"Point","coordinates":[-87.2,41.6]},"properties":{"region":3,"fire_occurred":1,"prediction":0.3487}},{"type":"Feature","geometry":{"type":"Point","coordinates":[-87.1,34.6]},"properties":{"region":3,"fire_occurred":0,"prediction":0.1032}},{"type":"Feature","geometry":{"type":"Point","coordinates":[-87.1,35.1]},"properties":{"region":3,"fire_occurred":1,"prediction":0.011}},{"type":"Feature","geometry":{"type":"Point","coordinates":[-87.0,31.0]},"properties":{"region":3,"fire_occurred":1,"prediction":0.0364}},{"type":"Feature","geometry":{"type":"Point","coordinates":[-87.0,31.3]},"properties":{"region":3,"fire_occurred":0,"prediction":0.1976}},{"type":"Feature","geometry":{"type":"Point","coordinates":[-87.0,31.4]},"properties":{"region":3,"fire_occurred":0,"prediction":0.1355}},{"type":"Feature","geometry":{"type":"Point","coordinates":[-87.0,33.2]},"properties":{"region":3,"fire_occurred":1,"prediction":0.0263}},{"type":"Feature","geometry":{"type":"Point","coordinates":[-86.9,31.7]},"properties":{"region":3,"fire_occurred":0,"prediction":0.1531}},{"type":"Feature","geometry":{"type":"Point","coordinates":[-86.9,33.0]},"properties":{"region":3,"fire_occurred":0,"prediction":0.1642}},{"type":"Feature","geometry":{"type":"Point","coordinates":[-86.9,33.3]},"properties":{"region":3,"fire_occurred":1,"prediction":0.0173}},{"type":"Feature","geometry":{"type":"Point","coordinates":[-86.8,31.3]},"properties":{"region":3,"fire_occurred":0,"prediction":0.1152}},{"type":"Feature","geometry":{"type":"Point","coordinates":[-86.8,31.8]},"properties":{"region":3,"fire_occurred":0,"prediction":0.1439}},{"type":"Feature","geometry":{"type":"Point","coordinates":[-86.8,32.4]},"properties":{"region":3,"fire_occurred":0,"prediction":0.1146}},{"type":"Feature","geometry":{"type":"Point","coordinates":[-86.8,33.5]},"properties":{"region":3,"fire_occurred":0,"prediction":0.1446}},{"type":"Feature","geometry":{"type":"Point","coordinates":[-86.7,31.0]},"properties":{"region":3,"fire_occurred":0,"prediction":0.1327}},{"type":"Feature","geometry":{"type":"Point","coordinates":[-86.7,31.1]},"properties":{"region":3,"fire_occurred":0,"prediction":0.2093}},{"type":"Feature","geometry":{"type":"Point","coordinates":[-86.7,31.5]},"properties":{"region":3,"fire_occurred":0,"prediction":0.1369}},{"type":"Feature","geometry":{"type":"Point","coordinates":[-86.6,31.4]},"properties":{"region":3,"fire_occurred":0,"prediction":0.1268}},{"type":"Feature","geometry":{"type":"Point","coordinates":[-86.6,31.5]},"properties":{"region":3,"fire_occurred":0,"prediction":0.1293}},{"type":"Feature","geometry":{"type":"Point","coordinates":[-86.6,33.3]},"properties":{"region":3,"fire_occurred":0,"prediction":0.1246}},{"type":"Feature","geometry":{"type":"Point","coordinates":[-86.5,32.9]},"properties":{"region":3,"fire_occurred":1,"prediction":0.0384}},{"type":"Feature","geometry":{"type":"Point","coordinates":[-86.5,33.2]},"properties":{"region":3,"fire_occurred":0,"prediction":0.1537}},{"type":"Feature","geometry":{"type":"Point","coordinates":[-86.5,36.1]},"properties":{"region":3,"fire_occurred":1,"prediction":0.0056}},{"type":"Feature","geometry":{"type":"Point","coordinates":[-86.4,31.5]},"properties":{"region":3,"fire_occurred":0,"prediction":0.1749}},{"type":"Feature","geometry":{"type":"Point","coordinates":[-86.4,36.0]},"properties":{"region":3,"fire_occurred":0,"prediction":0.1627}},{"type":"Feature","geometry":{"type":"Point","coordinates":[-86.3,31.3]},"properties":{"region":3,"fire_occurred":0,"prediction":0.1172}},{"type":"Feature","geometry":{"type":"Point","coordinates":[-86.3,35.8]},"properties":{"region":3,"fire_occurred":1,"prediction":0.0166}},{"type":"Feature","geometry":{"type":"Point","coordinates":[-86.2,31.0]},"properties":{"region":3,"fire_occurred":0,"prediction":0.1578}},{"type":"Feature","geometry":{"type":"Point","coordinates":[-86.2,32.8]},"properties":{"region":3,"fire_occurred":0,"prediction":0.1265}},{"type":"Feature","geometry":{"type":"Point","coordinates":[-86.1,31.9]},"properties":{"region":3,"fire_occurred":0,"prediction":0.1197}},{"type":"Feature","geometry":{"type":"Point","coordinates":[-86.0,31.4]},"properties":{"region":3,"fire_occurred":1,"prediction":0.0102}},{"type":"Feature","geometry":{"type":"Point","coordinates":[-85.9,31.4]},"properties":{"region":3,"fire_occurred":1,"prediction":0.0118}},{"type":"Feature","geometry":{"type":"Point","coordinates":[-85.9,34.1]},"properties":{"region":3,"fire_occurred":1,"prediction":0.0086}},{"type":"Feature","geometry":{"type":"Point","coordinates":[-85.9,37.6]},"properties":{"region":3,"fire_occurred":1,"prediction":0.0024}},{"type":"Feature","geometry":{"type":"Point","coordinates":[-85.8,31.7]},"properties":{"region":3,"fire_occurred":0,"prediction":0.1381}},{"type":"Feature","geometry":{"type":"Point","coordinates":[-85.8,31.9]},"properties":{"region":3,"fire_occurred":1,"prediction":0.0798}},{"type":"Feature","geometry":{"type":"Point","coordinates":[-85.8,32.0]},"properties":{"region":3,"fire_occurred":1,"prediction":0.03}},{"type":"Feature","geometry":{"type":"Point","coordinates":[-85.8,34.9]},"properties":{"region":3,"fire_occurred":1,"prediction":0.0209}},{"type":"Feature","geometry":{"type":"Point","coordinates":[-85.7,31.3]},"properties":{"region":3,"fire_occurred":1,"prediction":0.0208}},{"type":"Feature","geometry":{"type":"Point","coordinates":[-85.7,31.8]},"properties":{"region":3,"fire_occurred":1,"prediction":0.02}},{"type":"Feature","geometry":{"type":"Point","coordinates":[-85.7,33.0]},"properties":{"region":3,"fire_occurred":1,"prediction":0.0914}},{"type":"Feature","geometry":{"type":"Point","coordinates":[-85.7,33.3]},"properties":{"region":3,"fire_occurred":0,"prediction":0.1121}},{"type":"Feature","geometry":{"type":"Point","coordinates":[-85.7,33.9]},"properties":{"region":3,"fire_occurred":1,"prediction":0.0183}},{"type":"Feature","geometry":{"type":"Point","coordinates":[-85.6,32.7]},"properties":{"region":3,"fire_occurred":0,"prediction":0.1011}},{"type":"Feature","geometry":{"type":"Point","coordinates":[-85.6,32.8]},"properties":{"region":3,"fire_occurred":1,"prediction":0.0654}},{"type":"Feature","geometry":{"type":"Point","coordinates":[-85.6,32.9]},"properties":{"region":3,"fire_occurred":0,"prediction":0.1077}},{"type":"Feature","geometry":{"type":"Point","coordinates":[-85.6,33.0]},"properties":{"region":3,"fire_occurred":1,"prediction":0.0971}},{"type":"Feature","geometry":{"type":"Point","coordinates":[-85.6,35.4]},"properties":{"region":3,"fire_occurred":1,"prediction":0.0275}},{"type":"Feature","geometry":{"type":"Point","coordinates":[-85.5,31.7]},"properties":{"region":3,"fire_occurred":0,"prediction":0.2063}},{"type":"Feature","geometry":{"type":"Point","coordinates":[-85.5,31.8]},"properties":{"region":3,"fire_occurred":1,"prediction":0.0403}},{"type":"Feature","geometry":{"type":"Point","coordinates":[-85.5,31.9]},"properties":{"region":3,"fire_occurred":1,"prediction":0.1798}},{"type":"Feature","geometry":{"type":"Point","coordinates":[-85.5,32.1]},"properties":{"region":3,"fire_occurred":0,"prediction":0.1543}},{"type":"Feature","geometry":{"type":"Point","coordinates":[-85.5,32.7]},"properties":{"region":3,"fire_occurred":0,"prediction":0.111}},{"type":"Feature","geometry":{"type":"Point","coordinates":[-85.5,32.9]},"properties":{"region":3,"fire_occurred":0,"prediction":0.1179}},{"type":"Feature","geometry":{"type":"Point","coordinates":[-85.5,33.0]},"properties":{"region":3,"fire_occurred":1,"prediction":0.0715}},{"type":"Feature","geometry":{"type":"Point","coordinates":[-85.4,31.4]},"properties":{"region":3,"fire_occurred":1,"prediction":0.0249}},{"type":"Feature","geometry":{"type":"Point","coordinates":[-85.4,31.5]},"properties":{"region":3,"fire_occurred":0,"prediction":0.1174}},{"type":"Feature","geometry":{"type":"Point","coordinates":[-85.4,31.9]},"properties":{"region":3,"fire_occurred":1,"prediction":0.0743}},{"type":"Feature","geometry":{"type":"Point","coordinates":[-85.4,32.4]},"properties":{"region":3,"fire_occurred":1,"prediction":0.0423}},{"type":"Feature","geometry":{"type":"Point","coordinates":[-85.4,32.7]},"properties":{"region":3,"fire_occurred":0,"prediction":0.1372}},{"type":"Feature","geometry":{"type":"Point","coordinates":[-85.4,33.2]},"properties":{"region":3,"fire_occurred":1,"prediction":0.0169}},{"type":"Feature","geometry":{"type":"Point","coordinates":[-85.4,33.6]},"properties":{"region":3,"fire_occurred":0,"prediction":0.139}},{"type":"Feature","geometry":{"type":"Point","coordinates":[-85.4,34.4]},"properties":{"region":3,"fire_occurred":1,"prediction":0.0096}},{"type":"Feature","geometry":{"type":"Point","coordinates":[-85.3,31.4]},"properties":{"region":3,"fire_occurred":1,"prediction":0.0112}},{"type":"Feature","geometry":{"type":"Point","coordinates":[-85.3,31.7]},"properties":{"region":3,"fire_occurred":0,"prediction":0.1334}},{"type":"Feature","geometry":{"type":"Point","coordinates":[-85.3,32.7]},"properties":{"region":3,"fire_occurred":0,"prediction":0.1576}},{"type":"Feature","geometry":{"type":"Point","coordinates":[-85.3,33.9]},"properties":{"region":3,"fire_occurred":0,"prediction":0.1384}},{"type":"Feature","geometry":{"type":"Point","coordinates":[-85.2,31.9]},"properties":{"region":3,"fire_occurred":0,"prediction":0.1194}},{"type":"Feature","geometry":{"type":"Point","coordinates":[-85.2,32.9]},"properties":{"region":3,"fire_occurred":0,"prediction":0.1035}},{"type":"Feature","geometry":{"type":"Point","coordinates":[-84.9,31.7]},"properties":{"region":3,"fire_occurred":1,"prediction":0.4267}},{"type":"Feature","geometry":{"type":"Point","coordinates":[-84.9,31.8]},"properties":{"region":3,"fire_occurred":0,"prediction":0.1014}},{"type":"Feature","geometry":{"type":"Point","coordinates":[-84.9,32.0]},"properties":{"region":3,"fire_occurred":0,"prediction":0.1073}},{"type":"Feature","geometry":{"type":"Point","coordinates":[-84.9,34.9]},"properties":{"region":3,"fire_occurred":1,"prediction":0.018}},{"type":"Feature","geometry":{"type":"Point","coordinates":[-84.8,31.0]},"properties":{"region":3,"fire_occurred":1,"prediction":0.1629}},{"type":"Feature","geometry":{"type":"Point","coordinates":[-84.8,31.7]},"properties":{"region":3,"fire_occurred":1,"prediction":0.0938}},{"type":"Feature","geometry":{"type":"Point","coordinates":[-84.8,32.2]},"properties":{"region":3,"fire_occurred":0,"prediction":0.1073}},{"type":"Feature","geometry":{"type":"Point","coordinates":[-84.8,32.7]},"properties":{"region":3,"fire_occurred":1,"prediction":0.0874}},{"type":"Feature","geometry":{"type":"Point","coordinates":[-84.7,31.0]},"properties":{"region":3,"fire_occurred":0,"prediction":0.146}},{"type":"Feature","geometry":{"type":"Point","coordinates":[-84.5,32.2]},"properties":{"region":3,"fire_occurred":1,"prediction":0.0681}},{"type":"Feature","geometry":{"type":"Point","coordinates":[-84.4,31.8]},"properties":{"region":3,"fire_occurred":0,"prediction":0.1426}},{"type":"Feature","geometry":{"type":"Point","coordinates":[-84.4,32.5]},"properties":{"region":3,"fire_occurred":1,"prediction":0.0494}},{"type":"Feature","geometry":{"type":"Point","coordinates":[-84.4,39.4]},"properties":{"region":3,"fire_occurred":0,"prediction":0.2523}},{"type":"Feature","geometry":{"type":"Point","coordinates":[-84.3,31.2]},"properties":{"region":3,"fire_occurred":0,"prediction":0.1377}},{"type":"Feature","geometry":{"type":"Point","coordinates":[-84.3,32.5]},"properties":{"region":3,"fire_occurred":0,"prediction":0.1262}},{"type":"Feature","geometry":{"type":"Point","coordinates":[-84.3,32.7]},"properties":{"region":3,"fire_occurred":1,"prediction":0.0431}},{"type":"Feature","geometry":{"type":"Point","coordinates":[-84.2,34.8]},"properties":{"region":3,"fire_occurred":1,"prediction":0.0374}},{"type":"Feature","geometry":{"type":"Point","coordinates":[-84.0,31.2]},"properties":{"region":3,"fire_occurred":0,"prediction":0.3023}},{"type":"Feature","geometry":{"type":"Point","coordinates":[-84.0,32.8]},"properties":{"region":3,"fire_occurred":0,"prediction":0.1028}},{"type":"Feature","geometry":{"type":"Point","coordinates":[-83.9,30.6]},"properties":{"region":3,"fire_occurred":1,"prediction":0.0287}},{"type":"Feature","geometry":{"type":"Point","coordinates":[-83.9,31.5]},"properties":{"region":3,"fire_occurred":1,"prediction":0.0199}},{"type":"Feature","geometry":{"type":"Point","coordinates":[-83.9,36.5]},"properties":{"region":3,"fire_occurred":1,"prediction":0.0099}},{"type":"Feature","geometry":{"type":"Point","coordinates":[-83.6,30.6]},"properties":{"region":3,"fire_occurred":0,"prediction":0.2834}},{"type":"Feature","geometry":{"type":"Point","coordinates":[-83.5,30.6]},"properties":{"region":3,"fire_occurred":0,"prediction":0.1754}},{"type":"Feature","geometry":{"type":"Point","coordinates":[-83.5,31.6]},"properties":{"region":3,"fire_occurred":0,"prediction":0.1276}},{"type":"Feature","geometry":{"type":"Point","coordinates":[-83.5,33.2]},"properties":{"region":3,"fire_occurred":0,"prediction":0.1415}},{"type":"Feature","geometry":{"type":"Point","coordinates":[-83.4,30.4]},"properties":{"region":3,"fire_occurred":1,"prediction":0.0252}},{"type":"Feature","geometry":{"type":"Point","coordinates":[-83.4,31.8]},"properties":{"region":3,"fire_occurred":1,"prediction":0.0365}},{"type":"Feature","geometry":{"type":"Point","coordinates":[-83.4,33.8]},"properties":{"region":3,"fire_occurred":1,"prediction":0.0079}},{"type":"Feature","geometry":{"type":"Point","coordinates":[-83.3,30.1]},"properties":{"region":3,"fire_occurred":0,"prediction":0.1384}},{"type":"Feature","geometry":{"type":"Point","coordinates":[-83.3,30.2]},"properties":{"region":3,"fire_occurred":0,"prediction":0.1149}},{"type":"Feature","geometry":{"type":"Point","coordinates":[-83.3,31.9]},"properties":{"region":3,"fire_occurred":0,"prediction":0.1148}},{"type":"Feature","geometry":{"type":"Point","coordinates":[-83.3,32.1]},"properties":{"region":3,"fire_occurred":1,"prediction":0.0389}},{"type":"Feature","geometry":{"type":"Point","coordinates":[-83.3,32.9]},"properties":{"region":3,"fire_occurred":0,"prediction":0.139}},{"type":"Feature","geometry":{"type":"Point","coordinates":[-83.3,39.5]},"properties":{"region":3,"fire_occurred":1,"prediction":0.0012}},{"type":"Feature","geometry":{"type":"Point","coordinates":[-83.2,32.1]},"properties":{"region":3,"fire_occurred":1,"prediction":0.2382}},{"type":"Feature","geometry":{"type":"Point","coordinates":[-83.2,32.4]},"properties":{"region":3,"fire_occurred":1,"prediction":0.0429}},{"type":"Feature","geometry":{"type":"Point","coordinates":[-83.2,32.5]},"properties":{"region":3,"fire_occurred":0,"prediction":0.1055}},{"type":"Feature","geometry":{"type":"Point","coordinates":[-83.2,32.6]},"properties":{"region":3,"fire_occurred":0,"prediction":0.1148}},{"type":"Feature","geometry":{"type":"Point","coordinates":[-83.2,32.7]},"properties":{"region":3,"fire_occurred":1,"prediction":0.0177}},{"type":"Feature","geometry":{"type":"Point","coordinates":[-83.2,42.2]},"properties":{"region":3,"fire_occurred":0,"prediction":0.3278}},{"type":"Feature","geometry":{"type":"Point","coordinates":[-83.1,30.2]},"properties":{"region":3,"fire_occurred":0,"prediction":0.1038}},{"type":"Feature","geometry":{"type":"Point","coordinates":[-83.1,32.1]},"properties":{"region":3,"fire_occurred":0,"prediction":0.1362}},{"type":"Feature","geometry":{"type":"Point","coordinates":[-83.1,32.2]},"properties":{"region":3,"fire_occurred":1,"prediction":0.2559}},{"type":"Feature","geometry":{"type":"Point","coordinates":[-83.1,32.4]},"properties":{"region":3,"fire_occurred":1,"prediction":0.066}},{"type":"Feature","geometry":{"type":"Point","coordinates":[-83.0,32.4]},"properties":{"region":3,"fire_occurred":1,"prediction":0.1011}},{"type":"Feature","geometry":{"type":"Point","coordinates":[-83.0,33.4]},"properties":{"region":3,"fire_occurred":1,"prediction":0.042}},{"type":"Feature","geometry":{"type":"Point","coordinates":[-83.0,33.5]},"properties":{"region":3,"fire_occurred":1,"prediction":0.0488}},{"type":"Feature","geometry":{"type":"Point","coordinates":[-82.9,31.6]},"properties":{"region":3,"fire_occurred":0,"prediction":0.2309}},{"type":"Feature","geometry":{"type":"Point","coordinates":[-82.9,32.0]},"properties":{"region":3,"fire_occurred":0,"prediction":0.1176}},{"type":"Feature","geometry":{"type":"Point","coordinates":[-82.9,32.8]},"properties":{"region":3,"fire_occurred":1,"prediction":0.0253}},{"type":"Feature","geometry":{"type":"Point","coordinates":[-82.9,33.7]},"properties":{"region":3,"fire_occurred":1,"prediction":0.0231}},{"type":"Feature","geometry":{"type":"Point","coordinates":[-82.8,32.2]},"properties":{"region":3,"fire_occurred":0,"prediction":0.1297}},{"type":"Feature","geometry":{"type":"Point","coordinates":[-82.8,33.4]},"properties":{"region":3,"fire_occurred":1,"prediction":0.0361}},{"type":"Feature","geometry":{"type":"Point","coordinates":[-82.7,31.6]},"properties":{"region":3,"fire_occurred":0,"prediction":0.1768}},{"type":"Feature","geometry":{"type":"Point","coordinates":[-82.7,32.7]},"properties":{"region":3,"fire_occurred":0,"prediction":0.1082}},{"type":"Feature","geometry":{"type":"Point","coordinates":[-82.7,32.8]},"properties":{"region":3,"fire_occurred":0,"prediction":0.1211}},{"type":"Feature","geometry":{"type":"Point","coordinates":[-82.7,32.9]},"properties":{"region":3,"fire_occurred":1,"prediction":0.1192}},{"type":"Feature","geometry":{"type":"Point","coordinates":[-82.7,33.0]},"properties":{"region":3,"fire_occurred":0,"prediction":0.1751}},{"type":"Feature","geometry":{"type":"Point","coordinates":[-82.7,33.3]},"properties":{"region":3,"fire_occurred":0,"prediction":0.1403}},{"type":"Feature","geometry":{"type":"Point","coordinates":[-82.7,33.4]},"properties":{"region":3,"fire_occurred":1,"prediction":0.0961}},{"type":"Feature","geometry":{"type":"Point","coordinates":[-82.6,32.2]},"properties":{"region":3,"fire_occurred":0,"prediction":0.1028}},{"type":"Feature","geometry":{"type":"Point","coordinates":[-82.6,32.9]},"properties":{"region":3,"fire_occurred":0,"prediction":0.1261}},{"type":"Feature","geometry":{"type":"Point","coordinates":[-82.6,33.4]},"properties":{"region":3,"fire_occurred":1,"prediction":0.0597}},{"type":"Feature","geometry":{"type":"Point","coordinates":[-82.5,33.5]},"properties":{"region":3,"fire_occurred":1,"prediction":0.1254}},{"type":"Feature","geometry":{"type":"Point","coordinates":[-82.4,32.1]},"properties":{"region":3,"fire_occurred":0,"prediction":0.1176}},{"type":"Feature","geometry":{"type":"Point","coordinates":[-82.4,33.5]},"properties":{"region":3,"fire_occurred":1,"prediction":0.0201}},{"type":"Feature","geometry":{"type":"Point","coordinates":[-82.3,32.4]},"properties":{"region":3,"fire_occurred":1,"prediction":0.0253}},{"type":"Feature","geometry":{"type":"Point","coordinates":[-82.3,33.1]},"properties":{"region":3,"fire_occurred":0,"prediction":0.1179}},{"type":"Feature","geometry":{"type":"Point","coordinates":[-82.2,32.9]},"properties":{"region":3,"fire_occurred":0,"prediction":0.1178}},{"type":"Feature","geometry":{"type":"Point","coordinates":[-82.2,33.1]},"properties":{"region":3,"fire_occurred":1,"prediction":0.0544}},{"type":"Feature","geometry":{"type":"Point","coordinates":[-82.0,28.4]},"properties":{"region":3,"fire_occurred":1,"prediction":0.0114}},{"type":"Feature","geometry":{"type":"Point","coordinates":[-82.0,33.2]},"properties":{"region":3,"fire_occurred":0,"prediction":0.1116}},{"type":"Feature","geometry":{"type":"Point","coordinates":[-81.8,29.3]},"properties":{"region":3,"fire_occurred":1,"prediction":0.012}},{"type":"Feature","geometry":{"type":"Point","coordinates":[-81.8,32.8]},"properties":{"region":3,"fire_occurred":0,"prediction":0.1007}},{"type":"Feature","geometry":{"type":"Point","coordinates":[-81.7,41.4]},"properties":{"region":3,"fire_occurred":0,"prediction":0.7494}},{"type":"Feature","geometry":{"type":"Point","coordinates":[-81.6,35.4]},"properties":{"region":3,"fire_occurred":1,"prediction":0.0194}},{"type":"Feature","geometry":{"type":"Point","coordinates":[-81.4,37.8]},"properties":{"region":3,"fire_occurred":0,"prediction":0.1147}},{"type":"Feature","geometry":{"type":"Point","coordinates":[-81.2,33.2]},"properties":{"region":3,"fire_occurred":0,"prediction":0.1833}},{"type":"Feature","geometry":{"type":"Point","coordinates":[-81.1,33.8]},"properties":{"region":3,"fire_occurred":1,"prediction":0.0379}},{"type":"Feature","geometry":{"type":"Point","coordinates":[-80.9,27.6]},"properties":{"region":3,"fire_occurred":0,"prediction":0.1005}},{"type":"Feature","geometry":{"type":"Point","coordinates":[-80.9,35.6]},"properties":{"region":3,"fire_occurred":1,"prediction":0.0112}},{"type":"Feature","geometry":{"type":"Point","coordinates":[-80.8,33.3]},"properties":{"region":3,"fire_occurred":0,"prediction":0.2966}},{"type":"Feature","geometry":{"type":"Point","coordinates":[-80.7,34.3]},"properties":{"region":3,"fire_occurred":1,"prediction":0.0049}},{"type":"Feature","geometry":{"type":"Point","coordinates":[-80.6,33.3]},"properties":{"region":3,"fire_occurred":1,"prediction":0.034}},{"type":"Feature","geometry":{"type":"Point","coordinates":[-80.6,33.4]},"properties":{"region":3,"fire_occurred":1,"prediction":0.0467}},{"type":"Feature","geometry":{"type":"Point","coordinates":[-80.6,34.4]},"properties":{"region":3,"fire_occurred":0,"prediction":0.1015}},{"type":"Feature","geometry":{"type":"Point","coordinates":[-80.6,34.7]},"properties":{"region":3,"fire_occurred":1,"prediction":0.0267}},{"type":"Feature","geometry":{"type":"Point","coordinates":[-80.5,33.3]},"properties":{"region":3,"fire_occurred":1,"prediction":0.0246}},{"type":"Feature","geometry":{"type":"Point","coordinates":[-80.5,33.4]},"properties":{"region":3,"fire_occurred":1,"prediction":0.0118}},{"type":"Feature","geometry":{"type":"Point","coordinates":[-80.2,42.8]},"properties":{"region":3,"fire_occurred":0,"prediction":0.1447}},{"type":"Feature","geometry":{"type":"Point","coordinates":[-80.1,35.1]},"properties":{"region":3,"fire_occurred":0,"prediction":0.1146}},{"type":"Feature","geometry":{"type":"Point","coordinates":[-80.1,42.8]},"properties":{"region":3,"fire_occurred":0,"prediction":0.2115}},{"type":"Feature","geometry":{"type":"Point","coordinates":[-80.0,35.1]},"properties":{"region":3,"fire_occurred":0,"prediction":0.165}},{"type":"Feature","geometry":{"type":"Point","coordinates":[-79.9,33.0]},"properties":{"region":3,"fire_occurred":0,"prediction":0.6986}},{"type":"Feature","geometry":{"type":"Point","coordinates":[-79.8,35.2]},"properties":{"region":3,"fire_occurred":0,"prediction":0.1314}},{"type":"Feature","geometry":{"type":"Point","coordinates":[-79.8,35.3]},"properties":{"region":3,"fire_occurred":0,"prediction":0.3746}},{"type":"Feature","geometry":{"type":"Point","coordinates":[-79.8,38.3]},"properties":{"region":3,"fire_occurred":0,"prediction":0.1546}},{"type":"Feature","geometry":{"type":"Point","coordinates":[-79.7,34.8]},"properties":{"region":3,"fire_occurred":1,"prediction":0.0499}},{"type":"Feature","geometry":{"type":"Point","coordinates":[-79.7,35.1]},"properties":{"region":3,"fire_occurred":0,"prediction":0.1263}},{"type":"Feature","geometry":{"type":"Point","coordinates":[-79.3,35.1]},"properties":{"region":3,"fire_occurred":0,"prediction":0.1087}},{"type":"Feature","geometry":{"type":"Point","coordinates":[-78.8,37.2]},"properties":{"region":3,"fire_occurred":1,"prediction":0.0122}},{"type":"Feature","geometry":{"type":"Point","coordinates":[-77.7,-0.1]},"properties":{"region":3,"fire_occurred":1,"prediction":0.2257}},{"type":"Feature","geometry":{"type":"Point","coordinates":[-77.5,34.5]},"properties":{"region":3,"fire_occurred":1,"prediction":0.0047}},{"type":"Feature","geometry":{"type":"Point","coordinates":[-77.4,-6.0]},"properties":{"region":3,"fire_occurred":1,"prediction":0.004}},{"type":"Feature","geometry":{"type":"Point","coordinates":[-77.1,35.6]},"properties":{"region":3,"fire_occurred":1,"prediction":0.004}},{"type":"Feature","geometry":{"type":"Point","coordinates":[-75.5,3.7]},"properties":{"region":3,"fire_occurred":0,"prediction":0.1023}},{"type":"Feature","geometry":{"type":"Point","coordinates":[-73.0,-41.4]},"properties":{"region":3,"fire_occurred":1,"prediction":0.0699}},{"type":"Feature","geometry":{"type":"Point","coordinates":[-73.0,-40.4]},"properties":{"region":3,"fire_occurred":1,"prediction":0.0594}},{"type":"Feature","geometry":{"type":"Point","coordinates":[-73.0,-39.6]},"properties":{"region":3,"fire_occurred":0,"prediction":0.1563}},{"type":"Feature","geometry":{"type":"Point","coordinates":[-73.0,-38.8]},"properties":{"region":3,"fire_occurred":1,"prediction":0.2646}},{"type":"Feature","geometry":{"type":"Point","coordinates":[-73.0,-37.2]},"properties":{"region":3,"fire_occurred":1,"prediction":0.1452}},{"type":"Feature","geometry":{"type":"Point","coordinates":[-73.0,-37.0]},"properties":{"region":3,"fire_occurred":0,"prediction":0.1655}},{"type":"Feature","geometry":{"type":"Point","coordinates":[-72.9,-40.1]},"properties":{"region":3,"fire_occurred":0,"prediction":0.1163}},{"type":"Feature","geometry":{"type":"Point","coordinates":[-72.8,-39.5]},"properties":{"region":3,"fire_occurred":1,"prediction":0.1361}},{"type":"Feature","geometry":{"type":"Point","coordinates":[-72.8,-38.8]},"properties":{"region":3,"fire_occurred":0,"prediction":0.1936}},{"type":"Feature","geometry":{"type":"Point","coordinates":[-72.7,-39.4]},"properties":{"region":3,"fire_occurred":1,"prediction":0.2457}},{"type":"Feature","geometry":{"type":"Point","coordinates":[-72.7,-39.0]},"properties":{"region":3,"fire_occurred":1,"prediction":0.0664}},{"type":"Feature","geometry":{"type":"Point","coordinates":[-72.7,-37.9]},"properties":{"region":3,"fire_occurred":0,"prediction":0.1657}},{"type":"Feature","geometry":{"type":"Point","coordinates":[-72.6,-38.0]},"properties":{"region":3,"fire_occurred":1,"prediction":0.0347}},{"type":"Feature","geometry":{"type":"Point","coordinates":[-72.6,-36.3]},"properties":{"region":3,"fire_occurred":1,"prediction":0.1445}},{"type":"Feature","geometry":{"type":"Point","coordinates":[-72.5,-38.0]},"properties":{"region":3,"fire_occurred":1,"prediction":0.3658}},{"type":"Feature","geometry":{"type":"Point","coordinates":[-72.5,-37.1]},"properties":{"region":3,"fire_occurred":1,"prediction":0.1704}},{"type":"Feature","geometry":{"type":"Point","coordinates":[-72.5,-36.8]},"properties":{"region":3,"fire_occurred":1,"prediction":0.0709}},{"type":"Feature","geometry":{"type":"Point","coordinates":[-72.4,-38.5]},"properties":{"region":3,"fire_occurred":1,"prediction":0.0058}},{"type":"Feature","geometry":{"type":"Point","coordinates":[-72.4,-38.3]},"properties":{"region":3,"fire_occurred":1,"prediction":0.281}},{"type":"Feature","geometry":{"type":"Point","coordinates":[-72.3,-37.8]},"properties":{"region":3,"fire_occurred":1,"prediction":0.2614}},{"type":"Feature","geometry":{"type":"Point","coordinates":[-72.1,-45.6]},"properties":{"region":3,"fire_occurred":1,"prediction":0.0383}},{"type":"Feature","geometry":{"type":"Point","coordinates":[-72.1,-36.1]},"properties":{"region":3,"fire_occurred":1,"prediction":0.0453}},{"type":"Feature","geometry":{"type":"Point","coordinates":[-72.0,-37.3]},"properties":{"region":3,"fire_occurred":1,"prediction":0.1934}},{"type":"Feature","geometry":{"type":"Point","coordinates":[-72.0,-36.5]},"properties":{"region":3,"fire_occurred":1,"prediction":0.2292}},{"type":"Feature","geometry":{"type":"Point","coordinates":[-72.0,-36.1]},"properties":{"region":3,"fire_occurred":1,"prediction":0.0074}},{"type":"Feature","geometry":{"type":"Point","coordinates":[-71.9,-38.5]},"properties":{"region":3,"fire_occurred":1,"prediction":0.1201}},{"type":"Feature","geometry":{"type":"Point","coordinates":[-71.9,-36.2]},"properties":{"region":3,"fire_occurred":0,"prediction":0.166}},{"type":"Feature","geometry":{"type":"Point","coordinates":[-71.4,-41.2]},"properties":{"region":3,"fire_occurred":1,"prediction":0.0088}},{"type":"Feature","geometry":{"type":"Point","coordinates":[-71.2,7.8]},"properties":{"region":3,"fire_occurred":0,"prediction":0.1145}},{"type":"Feature","geometry":{"type":"Point","coordinates":[-71.0,-32.9]},"properties":{"region":3,"fire_occurred":1,"prediction":0.2187}},{"type":"Feature","geometry":{"type":"Point","coordinates":[-70.5,-34.2]},"properties":{"region":3,"fire_occurred":1,"prediction":0.7647}},{"type":"Feature","geometry":{"type":"Point","coordinates":[-69.8,9.0]},"properties":{"region":3,"fire_occurred":0,"prediction":0.1583}},{"type":"Feature","geometry":{"type":"Point","coordinates":[-69.3,9.5]},"properties":{"region":3,"fire_occurred":0,"prediction":0.1273}},{"type":"Feature","geometry":{"type":"Point","coordinates":[-65.0,-24.0]},"properties":{"region":3,"fire_occurred":0,"prediction":0.1086}},{"type":"Feature","geometry":{"type":"Point","coordinates":[-64.5,-17.0]},"properties":{"region":3,"fire_occurred":1,"prediction":0.0034}},{"type":"Feature","geometry":{"type":"Point","coordinates":[-64.2,-22.2]},"properties":{"region":3,"fire_occurred":0,"prediction":0.1055}},{"type":"Feature","geometry":{"type":"Point","coordinates":[-62.0,-37.5]},"properties":{"region":3,"fire_occurred":1,"prediction":0.0012}},{"type":"Feature","geometry":{"type":"Point","coordinates":[-61.9,-35.9]},"properties":{"region":3,"fire_occurred":1,"prediction":0.0093}},{"type":"Feature","geometry":{"type":"Point","coordinates":[-61.6,-29.7]},"properties":{"region":3,"fire_occurred":1,"prediction":0.0083}},{"type":"Feature","geometry":{"type":"Point","coordinates":[-61.5,-37.9]},"properties":{"region":3,"fire_occurred":1,"prediction":0.001}},{"type":"Feature","geometry":{"type":"Point","coordinates":[-61.2,-36.3]},"properties":{"region":3,"fire_occurred":1,"prediction":0.1741}},{"type":"Feature","geometry":{"type":"Point","coordinates":[-61.2,-28.3]},"properties":{"region":3,"fire_occurred":1,"prediction":0.0046}},{"type":"Feature","geometry":{"type":"Point","coordinates":[-60.9,-35.5]},"properties":{"region":3,"fire_occurred":1,"prediction":0.0167}},{"type":"Feature","geometry":{"type":"Point","coordinates":[-60.9,-28.1]},"properties":{"region":3,"fire_occurred":1,"prediction":0.0124}},{"type":"Feature","geometry":{"type":"Point","coordinates":[-60.7,-31.4]},"properties":{"region":3,"fire_occurred":1,"prediction":0.0012}},{"type":"Feature","geometry":{"type":"Point","coordinates":[-60.6,-27.8]},"properties":{"region":3,"fire_occurred":1,"prediction":0.0088}},{"type":"Feature","geometry":{"type":"Point","coordinates":[-60.3,-33.3]},"properties":{"region":3,"fire_occurred":0,"prediction":0.1935}},{"type":"Feature","geometry":{"type":"Point","coordinates":[-60.3,-29.5]},"properties":{"region":3,"fire_occurred":1,"prediction":0.0008}},{"type":"Feature","geometry":{"type":"Point","coordinates":[-60.1,-34.9]},"properties":{"region":3,"fire_occurred":1,"prediction":0.0035}},{"type":"Feature","geometry":{"type":"Point","coordinates":[-59.6,-33.6]},"properties":{"region":3,"fire_occurred":1,"prediction":0.0317}},{"type":"Feature","geometry":{"type":"Point","coordinates":[-59.6,-31.6]},"properties":{"region":3,"fire_occurred":1,"prediction":0.0066}},{"type":"Feature","geometry":{"type":"Point","coordinates":[-59.5,-33.6]},"properties":{"region":3,"fire_occurred":0,"prediction":0.1027}},{"type":"Feature","geometry":{"type":"Point","coordinates":[-59.5,-28.7]},"properties":{"region":3,"fire_occurred":1,"prediction":0.0003}},{"type":"Feature","geometry":{"type":"Point","coordinates":[-59.4,-28.1]},"properties":{"region":3,"fire_occurred":1,"prediction":0.0012}},{"type":"Feature","geometry":{"type":"Point","coordinates":[-59.2,-35.0]},"properties":{"region":3,"fire_occurred":1,"prediction":0.0003}},{"type":"Feature","geometry":{"type":"Point","coordinates":[-58.9,-33.7]},"properties":{"region":3,"fire_occurred":1,"prediction":0.0067}},{"type":"Feature","geometry":{"type":"Point","coordinates":[-58.8,-24.1]},"properties":{"region":3,"fire_occurred":1,"prediction":0.0073}},{"type":"Feature","geometry":{"type":"Point","coordinates":[-58.5,-23.3]},"properties":{"region":3,"fire_occurred":1,"prediction":0.002}},{"type":"Feature","geometry":{"type":"Point","coordinates":[-58.3,-26.8]},"properties":{"region":3,"fire_occurred":1,"prediction":0.0004}},{"type":"Feature","geometry":{"type":"Point","coordinates":[-58.3,-23.8]},"properties":{"region":3,"fire_occurred":1,"prediction":0.0051}},{"type":"Feature","geometry":{"type":"Point","coordinates":[-57.7,-26.9]},"properties":{"region":3,"fire_occurred":1,"prediction":0.0006}},{"type":"Feature","geometry":{"type":"Point","coordinates":[-57.6,-26.9]},"properties":{"region":3,"fire_occurred":1,"prediction":0.0053}},{"type":"Feature","geometry":{"type":"Point","coordinates":[-57.5,-24.2]},"properties":{"region":3,"fire_occurred":1,"prediction":0.0088}},{"type":"Feature","geometry":{"type":"Point","coordinates":[-57.4,-24.1]},"properties":{"region":3,"fire_occurred":1,"prediction":0.0015}},{"type":"Feature","geometry":{"type":"Point","coordinates":[-57.2,-28.9]},"properties":{"region":3,"fire_occurred":1,"prediction":0.0055}},{"type":"Feature","geometry":{"type":"Point","coordinates":[-57.1,-29.1]},"properties":{"region":3,"fire_occurred":1,"prediction":0.0003}},{"type":"Feature","geometry":{"type":"Point","coordinates":[-56.9,-26.5]},"properties":{"region":3,"fire_occurred":1,"prediction":0.0013}},{"type":"Feature","geometry":{"type":"Point","coordinates":[-56.3,-28.7]},"properties":{"region":3,"fire_occurred":1,"prediction":0.0051}},{"type":"Feature","geometry":{"type":"Point","coordinates":[-56.3,-26.7]},"properties":{"region":3,"fire_occurred":1,"prediction":0.0016}},{"type":"Feature","geometry":{"type":"Point","coordinates":[-55.2,-27.5]},"properties":{"region":3,"fire_occurred":1,"prediction":0.0111}},{"type":"Feature","geometry":{"type":"Point","coordinates":[-54.5,-22.9]},"properties":{"region":3,"fire_occurred":1,"prediction":0.0051}},{"type":"Feature","geometry":{"type":"Point","coordinates":[-54.2,-24.5]},"properties":{"region":3,"fire_occurred":1,"prediction":0.0042}},{"type":"Feature","geometry":{"type":"Point","coordinates":[-54.0,-26.7]},"properties":{"region":3,"fire_occurred":1,"prediction":0.001}},{"type":"Feature","geometry":{"type":"Point","coordinates":[-52.2,-29.7]},"properties":{"region":3,"fire_occurred":1,"prediction":0.0122}},{"type":"Feature","geometry":{"type":"Point","coordinates":[-51.9,-23.7]},"properties":{"region":3,"fire_occurred":1,"prediction":0.0019}},{"type":"Feature","geometry":{"type":"Point","coordinates":[-51.6,-28.5]},"properties":{"region":3,"fire_occurred":1,"prediction":0.0005}},{"type":"Feature","geometry":{"type":"Point","coordinates":[-51.6,-27.2]},"properties":{"region":3,"fire_occurred":1,"prediction":0.002}},{"type":"Feature","geometry":{"type":"Point","coordinates":[-49.3,-23.3]},"properties":{"region":3,"fire_occurred":1,"prediction":0.002}},{"type":"Feature","geometry":{"type":"Point","coordinates":[-48.7,-22.9]},"properties":{"region":3,"fire_occurred":1,"prediction":0.0014}},{"type":"Feature","geometry":{"type":"Point","coordinates":[-47.2,-22.7]},"properties":{"region":3,"fire_occurred":1,"prediction":0.0032}},{"type":"Feature","geometry":{"type":"Point","coordinates":[-46.6,-22.0]},"properties":{"region":3,"fire_occurred":1,"prediction":0.0045}},{"type":"Feature","geometry":{"type":"Point","coordinates":[-3.7,38.4]},"properties":{"region":3,"fire_occurred":1,"prediction":0.0018}},{"type":"Feature","geometry":{"type":"Point","coordinates":[-0.6,53.5]},"properties":{"region":3,"fire_occurred":0,"prediction":0.2563}},{"type":"Feature","geometry":{"type":"Point","coordinates":[0.3,41.4]},"properties":{"region":3,"fire_occurred":1,"prediction":0.0128}},{"type":"Feature","geometry":{"type":"Point","coordinates":[0.4,41.4]},"properties":{"region":3,"fire_occurred":1,"prediction":0.0241}},{"type":"Feature","geometry":{"type":"Point","coordinates":[0.5,41.6]},"properties":{"region":3,"fire_occurred":1,"prediction":0.0116}},{"type":"Feature","geometry":{"type":"Point","coordinates":[2.8,47.2]},"properties":{"region":3,"fire_occurred":1,"prediction":0.0004}},{"type":"Feature","geometry":{"type":"Point","coordinates":[3.8,51.1]},"properties":{"region":3,"fire_occurred":1,"prediction":0.8002}},{"type":"Feature","geometry":{"type":"Point","coordinates":[4.2,44.0]},"properties":{"region":3,"fire_occurred":1,"prediction":0.0011}},{"type":"Feature","geometry":{"type":"Point","coordinates":[4.6,52.4]},"properties":{"region":3,"fire_occurred":0,"prediction":0.2127}},{"type":"Feature","geometry":{"type":"Point","coordinates":[4.8,43.4]},"properties":{"region":3,"fire_occurred":0,"prediction":0.5407}},{"type":"Feature","geometry":{"type":"Point","coordinates":[4.8,43.6]},"properties":{"region":3,"fire_occurred":1,"prediction":0.0007}},{"type":"Feature","geometry":{"type":"Point","coordinates":[4.9,43.4]},"properties":{"region":3,"fire_occurred":0,"prediction":0.4366}},{"type":"Feature","geometry":{"type":"Point","coordinates":[6.7,49.3]},"properties":{"region":3,"fire_occurred":0,"prediction":0.4273}},{"type":"Feature","geometry":{"type":"Point","coordinates":[6.7,51.3]},"properties":{"region":3,"fire_occurred":0,"prediction":0.4239}},{"type":"Feature","geometry":{"type":"Point","coordinates":[6.7,51.4]},"properties":{"region":3,"fire_occurred":1,"prediction":0.2978}},{"type":"Feature","geometry":{"type":"Point","coordinates":[10.4,52.1]},"properties":{"region":3,"fire_occurred":0,"prediction":0.1003}},{"type":"Feature","geometry":{"type":"Point","coordinates":[14.3,48.2]},"properties":{"region":3,"fire_occurred":0,"prediction":0.4379}},{"type":"Feature","geometry":{"type":"Point","coordinates":[21.1,-14.8]},"properties":{"region":3,"fire_occurred":1,"prediction":0.0014}},{"type":"Feature","geometry":{"type":"Point","coordinates":[21.1,48.6]},"properties":{"region":3,"fire_occurred":0,"prediction":0.2768}},{"type":"Feature","geometry":{"type":"Point","coordinates":[21.3,-13.5]},"properties":{"region":3,"fire_occurred":1,"prediction":0.0022}},{"type":"Feature","geometry":{"type":"Point","coordinates":[21.9,41.4]},"properties":{"region":3,"fire_occurred":1,"prediction":0.5126}},{"type":"Feature","geometry":{"type":"Point","coordinates":[22.0,-14.4]},"properties":{"region":3,"fire_occurred":1,"prediction":0.0023}},{"type":"Feature","geometry":{"type":"Point","coordinates":[22.5,-14.3]},"properties":{"region":3,"fire_occurred":1,"prediction":0.0019}},{"type":"Feature","geometry":{"type":"Point","coordinates":[24.1,42.7]},"properties":{"region":3,"fire_occurred":1,"prediction":0.6064}},{"type":"Feature","geometry":{"type":"Point","coordinates":[25.0,-14.5]},"properties":{"region":3,"fire_occurred":1,"prediction":0.0035}},{"type":"Feature","geometry":{"type":"Point","coordinates":[25.0,-12.6]},"properties":{"region":3,"fire_occurred":1,"prediction":0.0016}},{"type":"Feature","geometry":{"type":"Point","coordinates":[25.1,-14.2]},"properties":{"region":3,"fire_occurred":1,"prediction":0.0097}},{"type":"Feature","geometry":{"type":"Point","coordinates":[25.1,-10.5]},"properties":{"region":3,"fire_occurred":1,"prediction":0.0017}},{"type":"Feature","geometry":{"type":"Point","coordinates":[26.1,-12.7]},"properties":{"region":3,"fire_occurred":1,"prediction":0.0029}},{"type":"Feature","geometry":{"type":"Point","coordinates":[26.3,-12.1]},"properties":{"region":3,"fire_occurred":0,"prediction":0.4298}},{"type":"Feature","geometry":{"type":"Point","coordinates":[26.4,-12.1]},"properties":{"region":3,"fire_occurred":0,"prediction":0.1662}},{"type":"Feature","geometry":{"type":"Point","coordinates":[26.5,-11.1]},"properties":{"region":3,"fire_occurred":1,"prediction":0.0024}},{"type":"Feature","geometry":{"type":"Point","coordinates":[27.0,-15.7]},"properties":{"region":3,"fire_occurred":0,"prediction":0.2084}},{"type":"Feature","geometry":{"type":"Point","coordinates":[27.0,-14.9]},"properties":{"region":3,"fire_occurred":1,"prediction":0.0089}},{"type":"Feature","geometry":{"type":"Point","coordinates":[27.1,-15.8]},"properties":{"region":3,"fire_occurred":0,"prediction":0.1484}},{"type":"Feature","geometry":{"type":"Point","coordinates":[27.1,-15.7]},"properties":{"region":3,"fire_occurred":0,"prediction":0.1228}},{"type":"Feature","geometry":{"type":"Point","coordinates":[27.2,-15.9]},"properties":{"region":3,"fire_occurred":1,"prediction":0.013}},{"type":"Feature","geometry":{"type":"Point","coordinates":[27.2,-13.4]},"properties":{"region":3,"fire_occurred":1,"prediction":0.0081}},{"type":"Feature","geometry":{"type":"Point","coordinates":[27.2,-10.2]},"properties":{"region":3,"fire_occurred":1,"prediction":0.0153}},{"type":"Feature","geometry":{"type":"Point","coordinates":[27.5,-14.0]},"properties":{"region":3,"fire_occurred":1,"prediction":0.0066}},{"type":"Feature","geometry":{"type":"Point","coordinates":[27.5,43.5]},"properties":{"region":3,"fire_occurred":1,"prediction":0.0029}},{"type":"Feature","geometry":{"type":"Point","coordinates":[27.6,-15.7]},"properties":{"region":3,"fire_occurred":1,"prediction":0.0745}},{"type":"Feature","geometry":{"type":"Point","coordinates":[27.7,-12.7]},"properties":{"region":3,"fire_occurred":1,"prediction":0.0063}},{"type":"Feature","geometry":{"type":"Point","coordinates":[27.7,-11.7]},"properties":{"region":3,"fire_occurred":1,"prediction":0.0145}},{"type":"Feature","geometry":{"type":"Point","coordinates":[27.7,45.3]},"properties":{"region":3,"fire_occurred":1,"prediction":0.0038}},{"type":"Feature","geometry":{"type":"Point","coordinates":[27.9,-11.6]},"properties":{"region":3,"fire_occurred":1,"prediction":0.0082}},{"type":"Feature","geometry":{"type":"Point","coordinates":[27.9,40.1]},"properties":{"region":3,"fire_occurred":1,"prediction":0.0033}},{"type":"Feature","geometry":{"type":"Point","coordinates":[28.0,-11.8]},"properties":{"region":3,"fire_occurred":1,"prediction":0.0749}},{"type":"Feature","geometry":{"type":"Point","coordinates":[28.0,40.1]},"properties":{"region":3,"fire_occurred":1,"prediction":0.06}},{"type":"Feature","geometry":{"type":"Point","coordinates":[28.1,40.1]},"properties":{"region":3,"fire_occurred":1,"prediction":0.0283}},{"type":"Feature","geometry":{"type":"Point","coordinates":[28.2,40.1]},"properties":{"region":3,"fire_occurred":1,"prediction":0.0364}},{"type":"Feature","geometry":{"type":"Point","coordinates":[28.4,-16.0]},"properties":{"region":3,"fire_occurred":0,"prediction":0.132}},{"type":"Feature","geometry":{"type":"Point","coordinates":[28.5,-11.3]},"properties":{"region":3,"fire_occurred":0,"prediction":0.1422}},{"type":"Feature","geometry":{"type":"Point","coordinates":[28.5,-10.4]},"properties":{"region":3,"fire_occurred":1,"prediction":0.012}},{"type":"Feature","geometry":{"type":"Point","coordinates":[28.6,-9.9]},"properties":{"region":3,"fire_occurred":1,"prediction":0.0401}},{"type":"Feature","geometry":{"type":"Point","coordinates":[28.8,-12.8]},"properties":{"region":3,"fire_occurred":1,"prediction":0.0025}},{"type":"Feature","geometry":{"type":"Point","coordinates":[29.2,-15.8]},"properties":{"region":3,"fire_occurred":0,"prediction":0.1399}},{"type":"Feature","geometry":{"type":"Point","coordinates":[29.3,-10.8]},"properties":{"region":3,"fire_occurred":1,"prediction":0.0292}},{"type":"Feature","geometry":{"type":"Point","coordinates":[29.3,-10.4]},"properties":{"region":3,"fire_occurred":1,"prediction":0.1002}},{"type":"Feature","geometry":{"type":"Point","coordinates":[29.5,-14.8]},"properties":{"region":3,"fire_occurred":0,"prediction":0.1027}},{"type":"Feature","geometry":{"type":"Point","coordinates":[29.5,-11.1]},"properties":{"region":3,"fire_occurred":0,"prediction":0.1059}},{"type":"Feature","geometry":{"type":"Point","coordinates":[29.5,-11.0]},"properties":{"region":3,"fire_occurred":1,"prediction":0.1369}},{"type":"Feature","geometry":{"type":"Point","coordinates":[29.5,-10.9]},"properties":{"region":3,"fire_occurred":0,"prediction":0.3455}},{"type":"Feature","geometry":{"type":"Point","coordinates":[29.6,-14.9]},"properties":{"region":3,"fire_occurred":1,"prediction":0.0618}},{"type":"Feature","geometry":{"type":"Point","coordinates":[29.6,-11.7]},"properties":{"region":3,"fire_occurred":1,"prediction":0.0111}},{"type":"Feature","geometry":{"type":"Point","coordinates":[29.6,-11.0]},"properties":{"region":3,"fire_occurred":0,"prediction":0.1219}},{"type":"Feature","geometry":{"type":"Point","coordinates":[29.6,-10.9]},"properties":{"region":3,"fire_occurred":0,"prediction":0.329}},{"type":"Feature","geometry":{"type":"Point","coordinates":[29.6,-10.8]},"properties":{"region":3,"fire_occurred":0,"prediction":0.1054}},{"type":"Feature","geometry":{"type":"Point","coordinates":[29.6,-10.6]},"properties":{"region":3,"fire_occurred":0,"prediction":0.1201}},{"type":"Feature","geometry":{"type":"Point","coordinates":[29.6,51.1]},"properties":{"region":3,"fire_occurred":1,"prediction":0.0003}},{"type":"Feature","geometry":{"type":"Point","coordinates":[29.7,-14.9]},"properties":{"region":3,"fire_occurred":1,"prediction":0.044}},{"type":"Feature","geometry":{"type":"Point","coordinates":[29.7,-14.8]},"properties":{"region":3,"fire_occurred":1,"prediction":0.0206}},{"type":"Feature","geometry":{"type":"Point","coordinates":[29.7,-10.9]},"properties":{"region":3,"fire_occurred":0,"prediction":0.1364}},{"type":"Feature","geometry":{"type":"Point","coordinates":[29.7,-10.8]},"properties":{"region":3,"fire_occurred":0,"prediction":0.1546}},{"type":"Feature","geometry":{"type":"Point","coordinates":[29.8,-10.7]},"properties":{"region":3,"fire_occurred":0,"prediction":0.2436}},{"type":"Feature","geometry":{"type":"Point","coordinates":[29.9,-10.9]},"properties":{"region":3,"fire_occurred":0,"prediction":0.116}},{"type":"Feature","geometry":{"type":"Point","coordinates":[29.9,-10.8]},"properties":{"region":3,"fire_occurred":0,"prediction":0.1835}},{"type":"Feature","geometry":{"type":"Point","coordinates":[29.9,-10.7]},"properties":{"region":3,"fire_occurred":0,"prediction":0.1064}},{"type":"Feature","geometry":{"type":"Point","coordinates":[29.9,-10.6]},"properties":{"region":3,"fire_occurred":1,"prediction":0.1029}},{"type":"Feature","geometry":{"type":"Point","coordinates":[30.0,-17.9]},"properties":{"region":3,"fire_occurred":0,"prediction":0.1387}},{"type":"Feature","geometry":{"type":"Point","coordinates":[30.0,-11.5]},"properties":{"region":3,"fire_occurred":1,"prediction":0.1949}},{"type":"Feature","geometry":{"type":"Point","coordinates":[30.0,-11.4]},"properties":{"region":3,"fire_occurred":1,"prediction":0.2049}},{"type":"Feature","geometry":{"type":"Point","coordinates":[30.0,-10.9]},"properties":{"region":3,"fire_occurred":0,"prediction":0.2823}},{"type":"Feature","geometry":{"type":"Point","coordinates":[30.0,-10.8]},"properties":{"region":3,"fire_occurred":0,"prediction":0.2808}},{"type":"Feature","geometry":{"type":"Point","coordinates":[30.0,-10.6]},"properties":{"region":3,"fire_occurred":1,"prediction":0.072}},{"type":"Feature","geometry":{"type":"Point","coordinates":[30.0,-10.3]},"properties":{"region":3,"fire_occurred":0,"prediction":0.1285}},{"type":"Feature","geometry":{"type":"Point","coordinates":[30.1,-12.4]},"properties":{"region":3,"fire_occurred":0,"prediction":0.1248}},{"type":"Feature","geometry":{"type":"Point","coordinates":[30.1,-11.9]},"properties":{"region":3,"fire_occurred":1,"prediction":0.0477}},{"type":"Feature","geometry":{"type":"Point","coordinates":[30.1,-11.5]},"properties":{"region":3,"fire_occurred":1,"prediction":0.2567}},{"type":"Feature","geometry":{"type":"Point","coordinates":[30.1,-11.4]},"properties":{"region":3,"fire_occurred":1,"prediction":0.1532}},{"type":"Feature","geometry":{"type":"Point","coordinates":[30.1,-11.3]},"properties":{"region":3,"fire_occurred":0,"prediction":0.1149}},{"type":"Feature","geometry":{"type":"Point","coordinates":[30.1,-11.1]},"properties":{"region":3,"fire_occurred":1,"prediction":0.0381}},{"type":"Feature","geometry":{"type":"Point","coordinates":[30.1,-10.2]},"properties":{"region":3,"fire_occurred":1,"prediction":0.0356}},{"type":"Feature","geometry":{"type":"Point","coordinates":[30.2,-11.5]},"properties":{"region":3,"fire_occurred":1,"prediction":0.0682}},{"type":"Feature","geometry":{"type":"Point","coordinates":[30.2,-11.4]},"properties":{"region":3,"fire_occurred":0,"prediction":0.2193}},{"type":"Feature","geometry":{"type":"Point","coordinates":[30.2,-11.2]},"properties":{"region":3,"fire_occurred":0,"prediction":0.1078}},{"type":"Feature","geometry":{"type":"Point","coordinates":[30.2,-10.4]},"properties":{"region":3,"fire_occurred":1,"prediction":0.0699}},{"type":"Feature","geometry":{"type":"Point","coordinates":[30.3,-17.5]},"properties":{"region":3,"fire_occurred":0,"prediction":0.1003}},{"type":"Feature","geometry":{"type":"Point","coordinates":[30.3,-17.4]},"properties":{"region":3,"fire_occurred":0,"prediction":0.114}},{"type":"Feature","geometry":{"type":"Point","coordinates":[30.3,-16.0]},"properties":{"region":3,"fire_occurred":0,"prediction":0.1582}},{"type":"Feature","geometry":{"type":"Point","coordinates":[30.3,-11.8]},"properties":{"region":3,"fire_occurred":1,"prediction":0.2445}},{"type":"Feature","geometry":{"type":"Point","coordinates":[30.3,-11.5]},"properties":{"region":3,"fire_occurred":0,"prediction":0.2009}},{"type":"Feature","geometry":{"type":"Point","coordinates":[30.3,-11.2]},"properties":{"region":3,"fire_occurred":0,"prediction":0.2563}},{"type":"Feature","geometry":{"type":"Point","coordinates":[30.3,-10.7]},"properties":{"region":3,"fire_occurred":0,"prediction":0.1339}},{"type":"Feature","geometry":{"type":"Point","coordinates":[30.4,-17.6]},"properties":{"region":3,"fire_occurred":1,"prediction":0.0485}},{"type":"Feature","geometry":{"type":"Point","coordinates":[30.4,-17.5]},"properties":{"region":3,"fire_occurred":0,"prediction":0.1003}},{"type":"Feature","geometry":{"type":"Point","coordinates":[30.4,-17.4]},"properties":{"region":3,"fire_occurred":0,"prediction":0.1444}},{"type":"Feature","geometry":{"type":"Point","coordinates":[30.4,-17.2]},"properties":{"region":3,"fire_occurred":0,"prediction":0.1624}},{"type":"Feature","geometry":{"type":"Point","coordinates":[30.4,-15.2]},"properties":{"region":3,"fire_occurred":1,"prediction":0.0244}},{"type":"Feature","geometry":{"type":"Point","coordinates":[30.4,-13.5]},"properties":{"region":3,"fire_occurred":0,"prediction":0.1204}},{"type":"Feature","geometry":{"type":"Point","coordinates":[30.4,-13.4]},"properties":{"region":3,"fire_occurred":0,"prediction":0.1354}},{"type":"Feature","geometry":{"type":"Point","coordinates":[30.4,-11.9]},"properties":{"region":3,"fire_occurred":1,"prediction":0.0092}},{"type":"Feature","geometry":{"type":"Point","coordinates":[30.4,-11.8]},"properties":{"region":3,"fire_occurred":0,"prediction":0.3032}},{"type":"Feature","geometry":{"type":"Point","coordinates":[30.4,-10.2]},"properties":{"region":3,"fire_occurred":0,"prediction":0.1814}},{"type":"Feature","geometry":{"type":"Point","coordinates":[30.4,-10.1]},"properties":{"region":3,"fire_occurred":0,"prediction":0.1762}},{"type":"Feature","geometry":{"type":"Point","coordinates":[30.6,-17.7]},"properties":{"region":3,"fire_occurred":0,"prediction":0.1049}},{"type":"Feature","geometry":{"type":"Point","coordinates":[30.6,-17.6]},"properties":{"region":3,"fire_occurred":0,"prediction":0.104}},{"type":"Feature","geometry":{"type":"Point","coordinates":[30.6,-17.2]},"properties":{"region":3,"fire_occurred":0,"prediction":0.116}},{"type":"Feature","geometry":{"type":"Point","coordinates":[30.6,-17.1]},"properties":{"region":3,"fire_occurred":0,"prediction":0.1234}},{"type":"Feature","geometry":{"type":"Point","coordinates":[30.6,-11.2]},"properties":{"region":3,"fire_occurred":1,"prediction":0.0062}},{"type":"Feature","geometry":{"type":"Point","coordinates":[30.6,-11.0]},"properties":{"region":3,"fire_occurred":1,"prediction":0.021}},{"type":"Feature","geometry":{"type":"Point","coordinates":[30.7,-17.1]},"properties":{"region":3,"fire_occurred":1,"prediction":0.1099}},{"type":"Feature","geometry":{"type":"Point","coordinates":[30.7,-11.0]},"properties":{"region":3,"fire_occurred":1,"prediction":0.0165}},{"type":"Feature","geometry":{"type":"Point","coordinates":[30.8,-17.8]},"properties":{"region":3,"fire_occurred":0,"prediction":0.1026}},{"type":"Feature","geometry":{"type":"Point","coordinates":[30.8,-17.7]},"properties":{"region":3,"fire_occurred":1,"prediction":0.0834}},{"type":"Feature","geometry":{"type":"Point","coordinates":[30.8,-17.4]},"properties":{"region":3,"fire_occurred":0,"prediction":0.1428}},{"type":"Feature","geometry":{"type":"Point","coordinates":[30.8,-13.1]},"properties":{"region":3,"fire_occurred":0,"prediction":0.1792}},{"type":"Feature","geometry":{"type":"Point","coordinates":[30.9,-17.7]},"properties":{"region":3,"fire_occurred":0,"prediction":0.1304}},{"type":"Feature","geometry":{"type":"Point","coordinates":[30.9,-17.4]},"properties":{"region":3,"fire_occurred":0,"prediction":0.1587}},{"type":"Feature","geometry":{"type":"Point","coordinates":[30.9,-17.3]},"properties":{"region":3,"fire_occurred":0,"prediction":0.2055}},{"type":"Feature","geometry":{"type":"Point","coordinates":[30.9,-17.2]},"properties":{"region":3,"fire_occurred":0,"prediction":0.1407}},{"type":"Feature","geometry":{"type":"Point","coordinates":[30.9,-17.1]},"properties":{"region":3,"fire_occurred":1,"prediction":0.0875}},{"type":"Feature","geometry":{"type":"Point","coordinates":[30.9,-13.2]},"properties":{"region":3,"fire_occurred":0,"prediction":0.1123}},{"type":"Feature","geometry":{"type":"Point","coordinates":[30.9,-13.0]},"properties":{"region":3,"fire_occurred":0,"prediction":0.1074}},{"type":"Feature","geometry":{"type":"Point","coordinates":[30.9,-10.4]},"properties":{"region":3,"fire_occurred":0,"prediction":0.1185}},{"type":"Feature","geometry":{"type":"Point","coordinates":[31.0,-18.8]},"properties":{"region":3,"fire_occurred":1,"prediction":0.0073}},{"type":"Feature","geometry":{"type":"Point","coordinates":[31.0,-18.7]},"properties":{"region":3,"fire_occurred":0,"prediction":0.1}},{"type":"Feature","geometry":{"type":"Point","coordinates":[31.0,-17.7]},"properties":{"region":3,"fire_occurred":0,"prediction":0.1072}},{"type":"Feature","geometry":{"type":"Point","coordinates":[31.0,-17.5]},"properties":{"region":3,"fire_occurred":0,"prediction":0.1105}},{"type":"Feature","geometry":{"type":"Point","coordinates":[31.0,-17.4]},"properties":{"region":3,"fire_occurred":0,"prediction":0.2415}},{"type":"Feature","geometry":{"type":"Point","coordinates":[31.0,-17.3]},"properties":{"region":3,"fire_occurred":0,"prediction":0.1219}},{"type":"Feature","geometry":{"type":"Point","coordinates":[31.0,-17.2]},"properties":{"region":3,"fire_occurred":0,"prediction":0.1173}},{"type":"Feature","geometry":{"type":"Point","coordinates":[31.0,-17.1]},"properties":{"region":3,"fire_occurred":0,"prediction":0.1077}},{"type":"Feature","geometry":{"type":"Point","coordinates":[31.0,-17.0]},"properties":{"region":3,"fire_occurred":0,"prediction":0.1504}},{"type":"Feature","geometry":{"type":"Point","coordinates":[31.0,-16.8]},"properties":{"region":3,"fire_occurred":0,"prediction":0.1288}},{"type":"Feature","geometry":{"type":"Point","coordinates":[31.0,-16.7]},"properties":{"region":3,"fire_occurred":0,"prediction":0.117}},{"type":"Feature","geometry":{"type":"Point","coordinates":[31.0,-16.6]},"properties":{"region":3,"fire_occurred":0,"prediction":0.1611}},{"type":"Feature","geometry":{"type":"Point","coordinates":[31.0,-16.5]},"properties":{"region":3,"fire_occurred":0,"prediction":0.1027}},{"type":"Feature","geometry":{"type":"Point","coordinates":[31.0,-10.7]},"properties":{"region":3,"fire_occurred":1,"prediction":0.0381}},{"type":"Feature","geometry":{"type":"Point","coordinates":[31.0,-10.3]},"properties":{"region":3,"fire_occurred":0,"prediction":0.1205}},{"type":"Feature","geometry":{"type":"Point","coordinates":[31.0,-10.2]},"properties":{"region":3,"fire_occurred":0,"prediction":0.1577}},{"type":"Feature","geometry":{"type":"Point","coordinates":[31.0,-10.1]},"properties":{"region":3,"fire_occurred":0,"prediction":0.132}},{"type":"Feature","geometry":{"type":"Point","coordinates":[31.1,-17.6]},"properties":{"region":3,"fire_occurred":0,"prediction":0.1048}},{"type":"Feature","geometry":{"type":"Point","coordinates":[31.1,-17.5]},"properties":{"region":3,"fire_occurred":0,"prediction":0.177}},{"type":"Feature","geometry":{"type":"Point","coordinates":[31.1,-17.3]},"properties":{"region":3,"fire_occurred":0,"prediction":0.1395}},{"type":"Feature","geometry":{"type":"Point","coordinates":[31.1,-17.2]},"properties":{"region":3,"fire_occurred":0,"prediction":0.1174}},{"type":"Feature","geometry":{"type":"Point","coordinates":[31.1,-17.1]},"properties":{"region":3,"fire_occurred":1,"prediction":0.1149}},{"type":"Feature","geometry":{"type":"Point","coordinates":[31.1,-17.0]},"properties":{"region":3,"fire_occurred":1,"prediction":0.0582}},{"type":"Feature","geometry":{"type":"Point","coordinates":[31.1,-16.8]},"properties":{"region":3,"fire_occurred":0,"prediction":0.1444}},{"type":"Feature","geometry":{"type":"Point","coordinates":[31.1,-16.6]},"properties":{"region":3,"fire_occurred":1,"prediction":0.1567}},{"type":"Feature","geometry":{"type":"Point","coordinates":[31.1,-16.5]},"properties":{"region":3,"fire_occurred":0,"prediction":0.1972}},{"type":"Feature","geometry":{"type":"Point","coordinates":[31.1,-13.0]},"properties":{"region":3,"fire_occurred":0,"prediction":0.141}},{"type":"Feature","geometry":{"type":"Point","coordinates":[31.1,-12.9]},"properties":{"region":3,"fire_occurred":0,"prediction":0.1191}},{"type":"Feature","geometry":{"type":"Point","coordinates":[31.1,-11.9]},"properties":{"region":3,"fire_occurred":0,"prediction":0.1516}},{"type":"Feature","geometry":{"type":"Point","coordinates":[31.1,-10.1]},"properties":{"region":3,"fire_occurred":0,"prediction":0.1698}},{"type":"Feature","geometry":{"type":"Point","coordinates":[31.2,-24.6]},"properties":{"region":3,"fire_occurred":0,"prediction":0.1533}},{"type":"Feature","geometry":{"type":"Point","coordinates":[31.2,-17.4]},"properties":{"region":3,"fire_occurred":0,"prediction":0.2873}},{"type":"Feature","geometry":{"type":"Point","coordinates":[31.2,-17.3]},"properties":{"region":3,"fire_occurred":0,"prediction":0.1522}},{"type":"Feature","geometry":{"type":"Point","coordinates":[31.2,-17.2]},"properties":{"region":3,"fire_occurred":0,"prediction":0.2236}},{"type":"Feature","geometry":{"type":"Point","coordinates":[31.2,-17.1]},"properties":{"region":3,"fire_occurred":1,"prediction":0.1915}},{"type":"Feature","geometry":{"type":"Point","coordinates":[31.2,-17.0]},"properties":{"region":3,"fire_occurred":0,"prediction":0.1681}},{"type":"Feature","geometry":{"type":"Point","coordinates":[31.2,-16.9]},"properties":{"region":3,"fire_occurred":0,"prediction":0.1256}},{"type":"Feature","geometry":{"type":"Point","coordinates":[31.2,-16.8]},"properties":{"region":3,"fire_occurred":0,"prediction":0.1688}},{"type":"Feature","geometry":{"type":"Point","coordinates":[31.2,-16.7]},"properties":{"region":3,"fire_occurred":1,"prediction":0.1371}},{"type":"Feature","geometry":{"type":"Point","coordinates":[31.2,-16.6]},"properties":{"region":3,"fire_occurred":1,"prediction":0.1984}},{"type":"Feature","geometry":{"type":"Point","coordinates":[31.2,-16.5]},"properties":{"region":3,"fire_occurred":0,"prediction":0.1062}},{"type":"Feature","geometry":{"type":"Point","coordinates":[31.2,-12.8]},"properties":{"region":3,"fire_occurred":0,"prediction":0.1236}},{"type":"Feature","geometry":{"type":"Point","coordinates":[31.2,-12.6]},"properties":{"region":3,"fire_occurred":0,"prediction":0.1192}},{"type":"Feature","geometry":{"type":"Point","coordinates":[31.2,-11.9]},"properties":{"region":3,"fire_occurred":0,"prediction":0.1715}},{"type":"Feature","geometry":{"type":"Point","coordinates":[31.2,-10.1]},"properties":{"region":3,"fire_occurred":0,"prediction":0.1457}},{"type":"Feature","geometry":{"type":"Point","coordinates":[31.2,38.6]},"properties":{"region":3,"fire_occurred":1,"prediction":0.0099}},{"type":"Feature","geometry":{"type":"Point","coordinates":[31.3,-18.6]},"properties":{"region":3,"fire_occurred":0,"prediction":0.1509}},{"type":"Feature","geometry":{"type":"Point","coordinates":[31.3,-17.3]},"properties":{"region":3,"fire_occurred":0,"prediction":0.204}},{"type":"Feature","geometry":{"type":"Point","coordinates":[31.3,-17.2]},"properties":{"region":3,"fire_occurred":0,"prediction":0.1383}},{"type":"Feature","geometry":{"type":"Point","coordinates":[31.3,-17.1]},"properties":{"region":3,"fire_occurred":0,"prediction":0.2294}},{"type":"Feature","geometry":{"type":"Point","coordinates":[31.3,-17.0]},"properties":{"region":3,"fire_occurred":0,"prediction":0.1312}},{"type":"Feature","geometry":{"type":"Point","coordinates":[31.3,-16.9]},"properties":{"region":3,"fire_occurred":1,"prediction":0.1254}},{"type":"Feature","geometry":{"type":"Point","coordinates":[31.3,-16.8]},"properties":{"region":3,"fire_occurred":0,"prediction":0.1639}},{"type":"Feature","geometry":{"type":"Point","coordinates":[31.3,-16.6]},"properties":{"region":3,"fire_occurred":0,"prediction":0.1762}},{"type":"Feature","geometry":{"type":"Point","coordinates":[31.4,-24.5]},"properties":{"region":3,"fire_occurred":0,"prediction":0.1034}},{"type":"Feature","geometry":{"type":"Point","coordinates":[31.4,-18.1]},"properties":{"region":3,"fire_occurred":0,"prediction":0.1069}},{"type":"Feature","geometry":{"type":"Point","coordinates":[31.4,-17.5]},"properties":{"region":3,"fire_occurred":0,"prediction":0.2658}},{"type":"Feature","geometry":{"type":"Point","coordinates":[31.4,-17.4]},"properties":{"region":3,"fire_occurred":0,"prediction":0.2351}},{"type":"Feature","geometry":{"type":"Point","coordinates":[31.4,-17.2]},"properties":{"region":3,"fire_occurred":0,"prediction":0.1138}},{"type":"Feature","geometry":{"type":"Point","coordinates":[31.4,-16.8]},"properties":{"region":3,"fire_occurred":1,"prediction":0.0447}},{"type":"Feature","geometry":{"type":"Point","coordinates":[31.4,-16.7]},"properties":{"region":3,"fire_occurred":0,"prediction":0.1487}},{"type":"Feature","geometry":{"type":"Point","coordinates":[31.4,-16.6]},"properties":{"region":3,"fire_occurred":0,"prediction":0.1872}},{"type":"Feature","geometry":{"type":"Point","coordinates":[31.4,-12.8]},"properties":{"region":3,"fire_occurred":1,"prediction":0.0477}},{"type":"Feature","geometry":{"type":"Point","coordinates":[31.4,-10.2]},"properties":{"region":3,"fire_occurred":0,"prediction":0.1002}},{"type":"Feature","geometry":{"type":"Point","coordinates":[31.5,-18.6]},"properties":{"region":3,"fire_occurred":0,"prediction":0.1504}},{"type":"Feature","geometry":{"type":"Point","coordinates":[31.5,-18.5]},"properties":{"region":3,"fire_occurred":1,"prediction":0.0513}},{"type":"Feature","geometry":{"type":"Point","coordinates":[31.5,-18.4]},"properties":{"region":3,"fire_occurred":0,"prediction":0.2057}},{"type":"Feature","geometry":{"type":"Point","coordinates":[31.5,-18.0]},"properties":{"region":3,"fire_occurred":0,"prediction":0.1562}},{"type":"Feature","geometry":{"type":"Point","coordinates":[31.5,-17.7]},"properties":{"region":3,"fire_occurred":0,"prediction":0.1166}},{"type":"Feature","geometry":{"type":"Point","coordinates":[31.5,-17.6]},"properties":{"region":3,"fire_occurred":0,"prediction":0.1294}},{"type":"Feature","geometry":{"type":"Point","coordinates":[31.5,-17.5]},"properties":{"region":3,"fire_occurred":0,"prediction":0.1512}},{"type":"Feature","geometry":{"type":"Point","coordinates":[31.5,-17.4]},"properties":{"region":3,"fire_occurred":0,"prediction":0.1993}},{"type":"Feature","geometry":{"type":"Point","coordinates":[31.5,-17.3]},"properties":{"region":3,"fire_occurred":0,"prediction":0.1911}},{"type":"Feature","geometry":{"type":"Point","coordinates":[31.5,-17.2]},"properties":{"region":3,"fire_occurred":0,"prediction":0.1375}},{"type":"Feature","geometry":{"type":"Point","coordinates":[31.5,-17.1]},"properties":{"region":3,"fire_occurred":0,"prediction":0.1321}},{"type":"Feature","geometry":{"type":"Point","coordinates":[31.5,-17.0]},"properties":{"region":3,"fire_occurred":0,"prediction":0.1693}},{"type":"Feature","geometry":{"type":"Point","coordinates":[31.5,-16.8]},"properties":{"region":3,"fire_occurred":1,"prediction":0.1341}},{"type":"Feature","geometry":{"type":"Point","coordinates":[31.5,-16.7]},"properties":{"region":3,"fire_occurred":1,"prediction":0.1145}},{"type":"Feature","geometry":{"type":"Point","coordinates":[31.5,-16.5]},"properties":{"region":3,"fire_occurred":0,"prediction":0.1282}},{"type":"Feature","geometry":{"type":"Point","coordinates":[31.5,-12.0]},"properties":{"region":3,"fire_occurred":0,"prediction":0.1059}},{"type":"Feature","geometry":{"type":"Point","coordinates":[31.5,-10.4]},"properties":{"region":3,"fire_occurred":0,"prediction":0.1101}},{"type":"Feature","geometry":{"type":"Point","coordinates":[31.5,-10.1]},"properties":{"region":3,"fire_occurred":0,"prediction":0.1174}},{"type":"Feature","geometry":{"type":"Point","coordinates":[31.6,-19.0]},"properties":{"region":3,"fire_occurred":0,"prediction":0.1371}},{"type":"Feature","geometry":{"type":"Point","coordinates":[31.6,-18.4]},"properties":{"region":3,"fire_occurred":0,"prediction":0.1614}},{"type":"Feature","geometry":{"type":"Point","coordinates":[31.6,-18.0]},"properties":{"region":3,"fire_occurred":0,"prediction":0.1814}},{"type":"Feature","geometry":{"type":"Point","coordinates":[31.6,-17.6]},"properties":{"region":3,"fire_occurred":0,"prediction":0.2409}},{"type":"Feature","geometry":{"type":"Point","coordinates":[31.6,-17.5]},"properties":{"region":3,"fire_occurred":0,"prediction":0.1257}},{"type":"Feature","geometry":{"type":"Point","coordinates":[31.6,-17.4]},"properties":{"region":3,"fire_occurred":0,"prediction":0.2168}},{"type":"Feature","geometry":{"type":"Point","coordinates":[31.6,-17.2]},"properties":{"region":3,"fire_occurred":0,"prediction":0.191}},{"type":"Feature","geometry":{"type":"Point","coordinates":[31.6,-17.1]},"properties":{"region":3,"fire_occurred":0,"prediction":0.2085}},{"type":"Feature","geometry":{"type":"Point","coordinates":[31.6,-17.0]},"properties":{"region":3,"fire_occurred":0,"prediction":0.1831}},{"type":"Feature","geometry":{"type":"Point","coordinates":[31.6,-16.9]},"properties":{"region":3,"fire_occurred":1,"prediction":0.1768}},{"type":"Feature","geometry":{"type":"Point","coordinates":[31.6,-13.0]},"properties":{"region":3,"fire_occurred":1,"prediction":0.074}},{"type":"Feature","geometry":{"type":"Point","coordinates":[31.6,-11.1]},"properties":{"region":3,"fire_occurred":0,"prediction":0.1026}},{"type":"Feature","geometry":{"type":"Point","coordinates":[31.7,-18.1]},"properties":{"region":3,"fire_occurred":0,"prediction":0.1289}},{"type":"Feature","geometry":{"type":"Point","coordinates":[31.7,-17.6]},"properties":{"region":3,"fire_occurred":0,"prediction":0.1529}},{"type":"Feature","geometry":{"type":"Point","coordinates":[31.7,-17.5]},"properties":{"region":3,"fire_occurred":0,"prediction":0.1635}},{"type":"Feature","geometry":{"type":"Point","coordinates":[31.7,-17.4]},"properties":{"region":3,"fire_occurred":0,"prediction":0.1389}},{"type":"Feature","geometry":{"type":"Point","coordinates":[31.7,-17.2]},"properties":{"region":3,"fire_occurred":0,"prediction":0.181}},{"type":"Feature","geometry":{"type":"Point","coordinates":[31.7,-17.1]},"properties":{"region":3,"fire_occurred":0,"prediction":0.1205}},{"type":"Feature","geometry":{"type":"Point","coordinates":[31.7,-17.0]},"properties":{"region":3,"fire_occurred":0,"prediction":0.2587}},{"type":"Feature","geometry":{"type":"Point","coordinates":[31.7,-16.9]},"properties":{"region":3,"fire_occurred":1,"prediction":0.1161}},{"type":"Feature","geometry":{"type":"Point","coordinates":[31.7,-16.8]},"properties":{"region":3,"fire_occurred":1,"prediction":0.0726}},{"type":"Feature","geometry":{"type":"Point","coordinates":[31.7,-16.7]},"properties":{"region":3,"fire_occurred":1,"prediction":0.1044}},{"type":"Feature","geometry":{"type":"Point","coordinates":[31.7,-16.6]},"properties":{"region":3,"fire_occurred":0,"prediction":0.1006}},{"type":"Feature","geometry":{"type":"Point","coordinates":[31.7,-13.0]},"properties":{"region":3,"fire_occurred":0,"prediction":0.1817}},{"type":"Feature","geometry":{"type":"Point","coordinates":[31.7,-12.0]},"properties":{"region":3,"fire_occurred":1,"prediction":0.0229}},{"type":"Feature","geometry":{"type":"Point","coordinates":[31.7,-11.5]},"properties":{"region":3,"fire_occurred":0,"prediction":0.1083}},{"type":"Feature","geometry":{"type":"Point","coordinates":[31.7,-10.6]},"properties":{"region":3,"fire_occurred":0,"prediction":0.1583}},{"type":"Feature","geometry":{"type":"Point","coordinates":[31.8,-18.8]},"properties":{"region":3,"fire_occurred":1,"prediction":0.1277}},{"type":"Feature","geometry":{"type":"Point","coordinates":[31.8,-18.3]},"properties":{"region":3,"fire_occurred":0,"prediction":0.1027}},{"type":"Feature","geometry":{"type":"Point","coordinates":[31.8,-17.9]},"properties":{"region":3,"fire_occurred":0,"prediction":0.1043}},{"type":"Feature","geometry":{"type":"Point","coordinates":[31.8,-17.6]},"properties":{"region":3,"fire_occurred":0,"prediction":0.1375}},{"type":"Feature","geometry":{"type":"Point","coordinates":[31.8,-17.5]},"properties":{"region":3,"fire_occurred":0,"prediction":0.1665}},{"type":"Feature","geometry":{"type":"Point","coordinates":[31.8,-17.2]},"properties":{"region":3,"fire_occurred":0,"prediction":0.1865}},{"type":"Feature","geometry":{"type":"Point","coordinates":[31.8,-17.1]},"properties":{"region":3,"fire_occurred":1,"prediction":0.1624}},{"type":"Feature","geometry":{"type":"Point","coordinates":[31.8,-16.9]},"properties":{"region":3,"fire_occurred":1,"prediction":0.1881}},{"type":"Feature","geometry":{"type":"Point","coordinates":[31.8,-16.8]},"properties":{"region":3,"fire_occurred":0,"prediction":0.1466}},{"type":"Feature","geometry":{"type":"Point","coordinates":[31.8,-16.7]},"properties":{"region":3,"fire_occurred":0,"prediction":0.11}},{"type":"Feature","geometry":{"type":"Point","coordinates":[31.8,-11.8]},"properties":{"region":3,"fire_occurred":1,"prediction":0.088}},{"type":"Feature","geometry":{"type":"Point","coordinates":[31.8,-11.7]},"properties":{"region":3,"fire_occurred":0,"prediction":0.1534}},{"type":"Feature","geometry":{"type":"Point","coordinates":[31.8,-11.6]},"properties":{"region":3,"fire_occurred":0,"prediction":0.1185}},{"type":"Feature","geometry":{"type":"Point","coordinates":[31.8,-11.5]},"properties":{"region":3,"fire_occurred":0,"prediction":0.1145}},{"type":"Feature","geometry":{"type":"Point","coordinates":[31.8,-11.3]},"properties":{"region":3,"fire_occurred":1,"prediction":0.0253}},{"type":"Feature","geometry":{"type":"Point","coordinates":[31.8,-10.9]},"properties":{"region":3,"fire_occurred":0,"prediction":0.1111}},{"type":"Feature","geometry":{"type":"Point","coordinates":[31.8,-10.6]},"properties":{"region":3,"fire_occurred":0,"prediction":0.1248}},{"type":"Feature","geometry":{"type":"Point","coordinates":[31.8,37.4]},"properties":{"region":3,"fire_occurred":1,"prediction":0.0093}},{"type":"Feature","geometry":{"type":"Point","coordinates":[31.9,-22.5]},"properties":{"region":3,"fire_occurred":0,"prediction":0.2144}},{"type":"Feature","geometry":{"type":"Point","coordinates":[31.9,-18.9]},"properties":{"region":3,"fire_occurred":1,"prediction":0.0142}},{"type":"Feature","geometry":{"type":"Point","coordinates":[31.9,-18.4]},"properties":{"region":3,"fire_occurred":0,"prediction":0.1613}},{"type":"Feature","geometry":{"type":"Point","coordinates":[31.9,-17.8]},"properties":{"region":3,"fire_occurred":0,"prediction":0.1992}},{"type":"Feature","geometry":{"type":"Point","coordinates":[31.9,-17.7]},"properties":{"region":3,"fire_occurred":0,"prediction":0.103}},{"type":"Feature","geometry":{"type":"Point","coordinates":[31.9,-17.6]},"properties":{"region":3,"fire_occurred":1,"prediction":0.1336}},{"type":"Feature","geometry":{"type":"Point","coordinates":[31.9,-17.5]},"properties":{"region":3,"fire_occurred":0,"prediction":0.1887}},{"type":"Feature","geometry":{"type":"Point","coordinates":[31.9,-17.4]},"properties":{"region":3,"fire_occurred":1,"prediction":0.0412}},{"type":"Feature","geometry":{"type":"Point","coordinates":[31.9,-16.9]},"properties":{"region":3,"fire_occurred":0,"prediction":0.1627}},{"type":"Feature","geometry":{"type":"Point","coordinates":[31.9,-16.8]},"properties":{"region":3,"fire_occurred":0,"prediction":0.1243}},{"type":"Feature","geometry":{"type":"Point","coordinates":[31.9,-16.6]},"properties":{"region":3,"fire_occurred":0,"prediction":0.1564}},{"type":"Feature","geometry":{"type":"Point","coordinates":[31.9,-15.5]},"properties":{"region":3,"fire_occurred":0,"prediction":0.1008}},{"type":"Feature","geometry":{"type":"Point","coordinates":[31.9,-11.6]},"properties":{"region":3,"fire_occurred":0,"prediction":0.3298}},{"type":"Feature","geometry":{"type":"Point","coordinates":[31.9,-11.4]},"properties":{"region":3,"fire_occurred":0,"prediction":0.2537}},{"type":"Feature","geometry":{"type":"Point","coordinates":[31.9,-10.9]},"properties":{"region":3,"fire_occurred":1,"prediction":0.1093}},{"type":"Feature","geometry":{"type":"Point","coordinates":[31.9,-10.5]},"properties":{"region":3,"fire_occurred":0,"prediction":0.1083}},{"type":"Feature","geometry":{"type":"Point","coordinates":[31.9,38.7]},"properties":{"region":3,"fire_occurred":0,"prediction":0.1195}},{"type":"Feature","geometry":{"type":"Point","coordinates":[31.9,38.8]},"properties":{"region":3,"fire_occurred":1,"prediction":0.0304}},{"type":"Feature","geometry":{"type":"Point","coordinates":[31.9,39.0]},"properties":{"region":3,"fire_occurred":1,"prediction":0.0164}},{"type":"Feature","geometry":{"type":"Point","coordinates":[31.9,39.6]},"properties":{"region":3,"fire_occurred":1,"prediction":0.012}},{"type":"Feature","geometry":{"type":"Point","coordinates":[32.0,-18.4]},"properties":{"region":3,"fire_occurred":0,"prediction":0.1395}},{"type":"Feature","geometry":{"type":"Point","coordinates":[32.0,-18.1]},"properties":{"region":3,"fire_occurred":0,"prediction":0.1017}},{"type":"Feature","geometry":{"type":"Point","coordinates":[32.0,-17.9]},"properties":{"region":3,"fire_occurred":0,"prediction":0.1246}},{"type":"Feature","geometry":{"type":"Point","coordinates":[32.0,-17.7]},"properties":{"region":3,"fire_occurred":0,"prediction":0.2323}},{"type":"Feature","geometry":{"type":"Point","coordinates":[32.0,-17.6]},"properties":{"region":3,"fire_occurred":0,"prediction":0.2837}},{"type":"Feature","geometry":{"type":"Point","coordinates":[32.0,-16.6]},"properties":{"region":3,"fire_occurred":0,"prediction":0.1269}},{"type":"Feature","geometry":{"type":"Point","coordinates":[32.0,-11.2]},"properties":{"region":3,"fire_occurred":0,"prediction":0.1019}},{"type":"Feature","geometry":{"type":"Point","coordinates":[32.0,-11.1]},"properties":{"region":3,"fire_occurred":0,"prediction":0.1099}},{"type":"Feature","geometry":{"type":"Point","coordinates":[32.0,-10.9]},"properties":{"region":3,"fire_occurred":0,"prediction":0.128}},{"type":"Feature","geometry":{"type":"Point","coordinates":[32.0,-10.8]},"properties":{"region":3,"fire_occurred":0,"prediction":0.1501}},{"type":"Feature","geometry":{"type":"Point","coordinates":[32.0,-9.7]},"properties":{"region":3,"fire_occurred":0,"prediction":0.1778}},{"type":"Feature","geometry":{"type":"Point","coordinates":[32.0,-9.6]},"properties":{"region":3,"fire_occurred":0,"prediction":0.1176}},{"type":"Feature","geometry":{"type":"Point","coordinates":[32.0,-9.3]},"properties":{"region":3,"fire_occurred":0,"prediction":0.2507}},{"type":"Feature","geometry":{"type":"Point","coordinates":[32.0,39.0]},"properties":{"region":3,"fire_occurred":1,"prediction":0.0207}},{"type":"Feature","geometry":{"type":"Point","coordinates":[32.1,-18.9]},"properties":{"region":3,"fire_occurred":0,"prediction":0.1234}},{"type":"Feature","geometry":{"type":"Point","coordinates":[32.1,-18.6]},"properties":{"region":3,"fire_occurred":0,"prediction":0.1244}},{"type":"Feature","geometry":{"type":"Point","coordinates":[32.1,-18.4]},"properties":{"region":3,"fire_occurred":0,"prediction":0.1246}},{"type":"Feature","geometry":{"type":"Point","coordinates":[32.1,-18.2]},"properties":{"region":3,"fire_occurred":0,"prediction":0.1164}},{"type":"Feature","geometry":{"type":"Point","coordinates":[32.1,-18.0]},"properties":{"region":3,"fire_occurred":0,"prediction":0.1786}},{"type":"Feature","geometry":{"type":"Point","coordinates":[32.1,-17.9]},"properties":{"region":3,"fire_occurred":0,"prediction":0.1309}},{"type":"Feature","geometry":{"type":"Point","coordinates":[32.1,-17.7]},"properties":{"region":3,"fire_occurred":0,"prediction":0.141}},{"type":"Feature","geometry":{"type":"Point","coordinates":[32.1,-17.6]},"properties":{"region":3,"fire_occurred":0,"prediction":0.1499}},{"type":"Feature","geometry":{"type":"Point","coordinates":[32.1,-17.5]},"properties":{"region":3,"fire_occurred":1,"prediction":0.0265}},{"type":"Feature","geometry":{"type":"Point","coordinates":[32.1,-16.6]},"properties":{"region":3,"fire_occurred":0,"prediction":0.1209}},{"type":"Feature","geometry":{"type":"Point","coordinates":[32.1,-16.5]},"properties":{"region":3,"fire_occurred":0,"prediction":0.1362}},{"type":"Feature","geometry":{"type":"Point","coordinates":[32.1,-16.0]},"properties":{"region":3,"fire_occurred":0,"prediction":0.1385}},{"type":"Feature","geometry":{"type":"Point","coordinates":[32.1,-11.2]},"properties":{"region":3,"fire_occurred":0,"prediction":0.1282}},{"type":"Feature","geometry":{"type":"Point","coordinates":[32.1,-11.1]},"properties":{"region":3,"fire_occurred":0,"prediction":0.1933}},{"type":"Feature","geometry":{"type":"Point","coordinates":[32.1,-10.9]},"properties":{"region":3,"fire_occurred":0,"prediction":0.1523}},{"type":"Feature","geometry":{"type":"Point","coordinates":[32.1,-10.8]},"properties":{"region":3,"fire_occurred":0,"prediction":0.1053}},{"type":"Feature","geometry":{"type":"Point","coordinates":[32.1,-10.5]},"properties":{"region":3,"fire_occurred":1,"prediction":0.237}},{"type":"Feature","geometry":{"type":"Point","coordinates":[32.1,-10.3]},"properties":{"region":3,"fire_occurred":1,"prediction":0.0984}},{"type":"Feature","geometry":{"type":"Point","coordinates":[32.1,-10.2]},"properties":{"region":3,"fire_occurred":0,"prediction":0.259}},{"type":"Feature","geometry":{"type":"Point","coordinates":[32.1,-10.1]},"properties":{"region":3,"fire_occurred":0,"prediction":0.2445}},{"type":"Feature","geometry":{"type":"Point","coordinates":[32.1,-9.7]},"properties":{"region":3,"fire_occurred":0,"prediction":0.1246}},{"type":"Feature","geometry":{"type":"Point","coordinates":[32.1,-9.6]},"properties":{"region":3,"fire_occurred":0,"prediction":0.1162}},{"type":"Feature","geometry":{"type":"Point","coordinates":[32.1,-9.5]},"properties":{"region":3,"fire_occurred":0,"prediction":0.1227}},{"type":"Feature","geometry":{"type":"Point","coordinates":[32.1,-9.4]},"properties":{"region":3,"fire_occurred":1,"prediction":0.1005}},{"type":"Feature","geometry":{"type":"Point","coordinates":[32.2,-18.5]},"properties":{"region":3,"fire_occurred":1,"prediction":0.0898}},{"type":"Feature","geometry":{"type":"Point","coordinates":[32.2,-16.8]},"properties":{"region":3,"fire_occurred":0,"prediction":0.1015}},{"type":"Feature","geometry":{"type":"Point","coordinates":[32.2,-16.7]},"properties":{"region":3,"fire_occurred":0,"prediction":0.1699}},{"type":"Feature","geometry":{"type":"Point","coordinates":[32.2,-16.6]},"properties":{"region":3,"fire_occurred":0,"prediction":0.1127}},{"type":"Feature","geometry":{"type":"Point","coordinates":[32.2,-16.0]},"properties":{"region":3,"fire_occurred":0,"prediction":0.1128}},{"type":"Feature","geometry":{"type":"Point","coordinates":[32.2,-11.1]},"properties":{"region":3,"fire_occurred":1,"prediction":0.1968}},{"type":"Feature","geometry":{"type":"Point","coordinates":[32.2,-11.0]},"properties":{"region":3,"fire_occurred":0,"prediction":0.1522}},{"type":"Feature","geometry":{"type":"Point","coordinates":[32.2,-10.9]},"properties":{"region":3,"fire_occurred":0,"prediction":0.1236}},{"type":"Feature","geometry":{"type":"Point","coordinates":[32.2,-10.7]},"properties":{"region":3,"fire_occurred":0,"prediction":0.1336}},{"type":"Feature","geometry":{"type":"Point","coordinates":[32.2,-10.6]},"properties":{"region":3,"fire_occurred":0,"prediction":0.1016}},{"type":"Feature","geometry":{"type":"Point","coordinates":[32.2,-10.5]},"properties":{"region":3,"fire_occurred":0,"prediction":0.1943}},{"type":"Feature","geometry":{"type":"Point","coordinates":[32.2,-10.4]},"properties":{"region":3,"fire_occurred":0,"prediction":0.1641}},{"type":"Feature","geometry":{"type":"Point","coordinates":[32.2,-10.3]},"properties":{"region":3,"fire_occurred":1,"prediction":0.2466}},{"type":"Feature","geometry":{"type":"Point","coordinates":[32.2,-10.2]},"properties":{"region":3,"fire_occurred":0,"prediction":0.4641}},{"type":"Feature","geometry":{"type":"Point","coordinates":[32.2,-10.1]},"properties":{"region":3,"fire_occurred":0,"prediction":0.3444}},{"type":"Feature","geometry":{"type":"Point","coordinates":[32.2,-10.0]},"properties":{"region":3,"fire_occurred":0,"prediction":0.116}},{"type":"Feature","geometry":{"type":"Point","coordinates":[32.2,-9.3]},"properties":{"region":3,"fire_occurred":0,"prediction":0.1005}},{"type":"Feature","geometry":{"type":"Point","coordinates":[32.3,-18.9]},"properties":{"region":3,"fire_occurred":0,"prediction":0.187}},{"type":"Feature","geometry":{"type":"Point","coordinates":[32.3,-18.8]},"properties":{"region":3,"fire_occurred":1,"prediction":0.0944}},{"type":"Feature","geometry":{"type":"Point","coordinates":[32.3,-18.0]},"properties":{"region":3,"fire_occurred":0,"prediction":0.1025}},{"type":"Feature","geometry":{"type":"Point","coordinates":[32.3,-17.6]},"properties":{"region":3,"fire_occurred":0,"prediction":0.1858}},{"type":"Feature","geometry":{"type":"Point","coordinates":[32.3,-16.8]},"properties":{"region":3,"fire_occurred":0,"prediction":0.1964}},{"type":"Feature","geometry":{"type":"Point","coordinates":[32.3,-16.7]},"properties":{"region":3,"fire_occurred":0,"prediction":0.1047}},{"type":"Feature","geometry":{"type":"Point","coordinates":[32.3,-16.6]},"properties":{"region":3,"fire_occurred":0,"prediction":0.124}},{"type":"Feature","geometry":{"type":"Point","coordinates":[32.3,-11.1]},"properties":{"region":3,"fire_occurred":0,"prediction":0.1383}},{"type":"Feature","geometry":{"type":"Point","coordinates":[32.3,-11.0]},"properties":{"region":3,"fire_occurred":1,"prediction":0.1639}},{"type":"Feature","geometry":{"type":"Point","coordinates":[32.3,-10.9]},"properties":{"region":3,"fire_occurred":1,"prediction":0.0338}},{"type":"Feature","geometry":{"type":"Point","coordinates":[32.3,-10.8]},"properties":{"region":3,"fire_occurred":1,"prediction":0.0256}},{"type":"Feature","geometry":{"type":"Point","coordinates":[32.3,-10.7]},"properties":{"region":3,"fire_occurred":0,"prediction":0.1753}},{"type":"Feature","geometry":{"type":"Point","coordinates":[32.3,-10.5]},"properties":{"region":3,"fire_occurred":1,"prediction":0.1571}},{"type":"Feature","geometry":{"type":"Point","coordinates":[32.3,-10.4]},"properties":{"region":3,"fire_occurred":0,"prediction":0.3214}},{"type":"Feature","geometry":{"type":"Point","coordinates":[32.3,-10.3]},"properties":{"region":3,"fire_occurred":0,"prediction":0.1213}},{"type":"Feature","geometry":{"type":"Point","coordinates":[32.3,-10.2]},"properties":{"region":3,"fire_occurred":0,"prediction":0.1816}},{"type":"Feature","geometry":{"type":"Point","coordinates":[32.3,-10.1]},"properties":{"region":3,"fire_occurred":0,"prediction":0.1639}},{"type":"Feature","geometry":{"type":"Point","coordinates":[32.3,-10.0]},"properties":{"region":3,"fire_occurred":1,"prediction":0.1562}},{"type":"Feature","geometry":{"type":"Point","coordinates":[32.3,-9.9]},"properties":{"region":3,"fire_occurred":1,"prediction":0.0631}},{"type":"Feature","geometry":{"type":"Point","coordinates":[32.3,-9.7]},"properties":{"region":3,"fire_occurred":1,"prediction":0.0652}},{"type":"Feature","geometry":{"type":"Point","coordinates":[32.4,-19.0]},"properties":{"region":3,"fire_occurred":0,"prediction":0.1238}},{"type":"Feature","geometry":{"type":"Point","coordinates":[32.4,-18.3]},"properties":{"region":3,"fire_occurred":0,"prediction":0.1386}},{"type":"Feature","geometry":{"type":"Point","coordinates":[32.4,-16.5]},"properties":{"region":3,"fire_occurred":0,"prediction":0.1339}},{"type":"Feature","geometry":{"type":"Point","coordinates":[32.4,-10.5]},"properties":{"region":3,"fire_occurred":0,"prediction":0.1145}},{"type":"Feature","geometry":{"type":"Point","coordinates":[32.4,-10.4]},"properties":{"region":3,"fire_occurred":1,"prediction":0.0851}},{"type":"Feature","geometry":{"type":"Point","coordinates":[32.4,-10.3]},"properties":{"region":3,"fire_occurred":0,"prediction":0.1315}},{"type":"Feature","geometry":{"type":"Point","coordinates":[32.4,-10.2]},"properties":{"region":3,"fire_occurred":0,"prediction":0.1107}},{"type":"Feature","geometry":{"type":"Point","coordinates":[32.4,-10.1]},"properties":{"region":3,"fire_occurred":0,"prediction":0.2518}},{"type":"Feature","geometry":{"type":"Point","coordinates":[32.4,-10.0]},"properties":{"region":3,"fire_occurred":0,"prediction":0.1933}},{"type":"Feature","geometry":{"type":"Point","coordinates":[32.4,-9.9]},"properties":{"region":3,"fire_occurred":0,"prediction":0.1321}},{"type":"Feature","geometry":{"type":"Point","coordinates":[32.4,-9.6]},"properties":{"region":3,"fire_occurred":0,"prediction":0.1168}},{"type":"Feature","geometry":{"type":"Point","coordinates":[32.4,37.4]},"properties":{"region":3,"fire_occurred":1,"prediction":0.0055}},{"type":"Feature","geometry":{"type":"Point","coordinates":[32.5,-11.3]},"properties":{"region":3,"fire_occurred":1,"prediction":0.0313}},{"type":"Feature","geometry":{"type":"Point","coordinates":[32.5,-11.2]},"properties":{"region":3,"fire_occurred":0,"prediction":0.1391}},{"type":"Feature","geometry":{"type":"Point","coordinates":[32.5,-10.3]},"properties":{"region":3,"fire_occurred":0,"prediction":0.1608}},{"type":"Feature","geometry":{"type":"Point","coordinates":[32.5,-10.1]},"properties":{"region":3,"fire_occurred":0,"prediction":0.1093}},{"type":"Feature","geometry":{"type":"Point","coordinates":[32.5,-10.0]},"properties":{"region":3,"fire_occurred":0,"prediction":0.2105}},{"type":"Feature","geometry":{"type":"Point","coordinates":[32.5,-9.9]},"properties":{"region":3,"fire_occurred":0,"prediction":0.1197}},{"type":"Feature","geometry":{"type":"Point","coordinates":[32.5,-9.6]},"properties":{"region":3,"fire_occurred":0,"prediction":0.1479}},{"type":"Feature","geometry":{"type":"Point","coordinates":[32.5,37.4]},"properties":{"region":3,"fire_occurred":1,"prediction":0.0214}},{"type":"Feature","geometry":{"type":"Point","coordinates":[32.6,-23.3]},"properties":{"region":3,"fire_occurred":0,"prediction":0.1244}},{"type":"Feature","geometry":{"type":"Point","coordinates":[32.6,-20.0]},"properties":{"region":3,"fire_occurred":0,"prediction":0.1208}},{"type":"Feature","geometry":{"type":"Point","coordinates":[32.6,-19.0]},"properties":{"region":3,"fire_occurred":1,"prediction":0.0566}},{"type":"Feature","geometry":{"type":"Point","coordinates":[32.6,-18.4]},"properties":{"region":3,"fire_occurred":0,"prediction":0.1246}},{"type":"Feature","geometry":{"type":"Point","coordinates":[32.6,-16.6]},"properties":{"region":3,"fire_occurred":0,"prediction":0.4038}},{"type":"Feature","geometry":{"type":"Point","coordinates":[32.6,-16.4]},"properties":{"region":3,"fire_occurred":0,"prediction":0.1085}},{"type":"Feature","geometry":{"type":"Point","coordinates":[32.6,-16.3]},"properties":{"region":3,"fire_occurred":0,"prediction":0.1158}},{"type":"Feature","geometry":{"type":"Point","coordinates":[32.6,-13.0]},"properties":{"region":3,"fire_occurred":1,"prediction":0.045}},{"type":"Feature","geometry":{"type":"Point","coordinates":[32.6,-11.3]},"properties":{"region":3,"fire_occurred":0,"prediction":0.1774}},{"type":"Feature","geometry":{"type":"Point","coordinates":[32.6,-11.2]},"properties":{"region":3,"fire_occurred":0,"prediction":0.109}},{"type":"Feature","geometry":{"type":"Point","coordinates":[32.6,-10.3]},"properties":{"region":3,"fire_occurred":0,"prediction":0.1203}},{"type":"Feature","geometry":{"type":"Point","coordinates":[32.6,-9.9]},"properties":{"region":3,"fire_occurred":0,"prediction":0.1363}},{"type":"Feature","geometry":{"type":"Point","coordinates":[32.6,-9.8]},"properties":{"region":3,"fire_occurred":0,"prediction":0.1574}},{"type":"Feature","geometry":{"type":"Point","coordinates":[32.6,-9.7]},"properties":{"region":3,"fire_occurred":0,"prediction":0.2241}},{"type":"Feature","geometry":{"type":"Point","coordinates":[32.6,-9.6]},"properties":{"region":3,"fire_occurred":0,"prediction":0.2416}},{"type":"Feature","geometry":{"type":"Point","coordinates":[32.6,-6.2]},"properties":{"region":3,"fire_occurred":1,"prediction":0.0045}},{"type":"Feature","geometry":{"type":"Point","coordinates":[32.7,-19.0]},"properties":{"region":3,"fire_occurred":1,"prediction":0.0383}},{"type":"Feature","geometry":{"type":"Point","coordinates":[32.7,-18.9]},"properties":{"region":3,"fire_occurred":0,"prediction":0.2475}},{"type":"Feature","geometry":{"type":"Point","coordinates":[32.7,-18.7]},"properties":{"region":3,"fire_occurred":1,"prediction":0.1374}},{"type":"Feature","geometry":{"type":"Point","coordinates":[32.7,-16.8]},"properties":{"region":3,"fire_occurred":1,"prediction":0.2933}},{"type":"Feature","geometry":{"type":"Point","coordinates":[32.7,-16.7]},"properties":{"region":3,"fire_occurred":0,"prediction":0.2048}},{"type":"Feature","geometry":{"type":"Point","coordinates":[32.7,-16.6]},"properties":{"region":3,"fire_occurred":0,"prediction":0.1884}},{"type":"Feature","geometry":{"type":"Point","coordinates":[32.7,-16.4]},"properties":{"region":3,"fire_occurred":0,"prediction":0.1916}},{"type":"Feature","geometry":{"type":"Point","coordinates":[32.7,-16.1]},"properties":{"region":3,"fire_occurred":0,"prediction":0.115}},{"type":"Feature","geometry":{"type":"Point","coordinates":[32.7,-9.9]},"properties":{"region":3,"fire_occurred":0,"prediction":0.1619}},{"type":"Feature","geometry":{"type":"Point","coordinates":[32.7,-9.8]},"properties":{"region":3,"fire_occurred":0,"prediction":0.221}},{"type":"Feature","geometry":{"type":"Point","coordinates":[32.7,-9.6]},"properties":{"region":3,"fire_occurred":0,"prediction":0.1356}},{"type":"Feature","geometry":{"type":"Point","coordinates":[32.7,-9.5]},"properties":{"region":3,"fire_occurred":0,"prediction":0.1108}},{"type":"Feature","geometry":{"type":"Point","coordinates":[32.7,37.4]},"properties":{"region":3,"fire_occurred":1,"prediction":0.0069}},{"type":"Feature","geometry":{"type":"Point","coordinates":[32.7,37.9]},"properties":{"region":3,"fire_occurred":1,"prediction":0.0124}},{"type":"Feature","geometry":{"type":"Point","coordinates":[32.8,-17.3]},"properties":{"region":3,"fire_occurred":0,"prediction":0.1861}},{"type":"Feature","geometry":{"type":"Point","coordinates":[32.8,-16.9]},"properties":{"region":3,"fire_occurred":0,"prediction":0.203}},{"type":"Feature","geometry":{"type":"Point","coordinates":[32.8,-16.7]},"properties":{"region":3,"fire_occurred":0,"prediction":0.2247}},{"type":"Feature","geometry":{"type":"Point","coordinates":[32.8,-16.6]},"properties":{"region":3,"fire_occurred":1,"prediction":0.0748}},{"type":"Feature","geometry":{"type":"Point","coordinates":[32.8,-16.5]},"properties":{"region":3,"fire_occurred":0,"prediction":0.1588}},{"type":"Feature","geometry":{"type":"Point","coordinates":[32.8,-16.3]},"properties":{"region":3,"fire_occurred":0,"prediction":0.165}},{"type":"Feature","geometry":{"type":"Point","coordinates":[32.8,-9.9]},"properties":{"region":3,"fire_occurred":0,"prediction":0.1354}},{"type":"Feature","geometry":{"type":"Point","coordinates":[32.8,-9.8]},"properties":{"region":3,"fire_occurred":0,"prediction":0.1577}},{"type":"Feature","geometry":{"type":"Point","coordinates":[32.8,-9.7]},"properties":{"region":3,"fire_occurred":0,"prediction":0.5864}},{"type":"Feature","geometry":{"type":"Point","coordinates":[32.9,-18.9]},"properties":{"region":3,"fire_occurred":1,"prediction":0.198}},{"type":"Feature","geometry":{"type":"Point","coordinates":[32.9,-18.7]},"properties":{"region":3,"fire_occurred":1,"prediction":0.086}},{"type":"Feature","geometry":{"type":"Point","coordinates":[32.9,-18.6]},"properties":{"region":3,"fire_occurred":0,"prediction":0.1452}},{"type":"Feature","geometry":{"type":"Point","coordinates":[32.9,-17.8]},"properties":{"region":3,"fire_occurred":0,"prediction":0.102}},{"type":"Feature","geometry":{"type":"Point","coordinates":[32.9,-17.3]},"properties":{"region":3,"fire_occurred":0,"prediction":0.1158}},{"type":"Feature","geometry":{"type":"Point","coordinates":[32.9,-17.2]},"properties":{"region":3,"fire_occurred":0,"prediction":0.2088}},{"type":"Feature","geometry":{"type":"Point","coordinates":[32.9,-17.1]},"properties":{"region":3,"fire_occurred":0,"prediction":0.2023}},{"type":"Feature","geometry":{"type":"Point","coordinates":[32.9,-17.0]},"properties":{"region":3,"fire_occurred":0,"prediction":0.1633}},{"type":"Feature","geometry":{"type":"Point","coordinates":[32.9,-16.8]},"properties":{"region":3,"fire_occurred":0,"prediction":0.1949}},{"type":"Feature","geometry":{"type":"Point","coordinates":[32.9,-16.7]},"properties":{"region":3,"fire_occurred":1,"prediction":0.1419}},{"type":"Feature","geometry":{"type":"Point","coordinates":[32.9,-16.6]},"properties":{"region":3,"fire_occurred":1,"prediction":0.5343}},{"type":"Feature","geometry":{"type":"Point","coordinates":[32.9,-16.5]},"properties":{"region":3,"fire_occurred":0,"prediction":0.1457}},{"type":"Feature","geometry":{"type":"Point","coordinates":[32.9,-10.0]},"properties":{"region":3,"fire_occurred":0,"prediction":0.1656}},{"type":"Feature","geometry":{"type":"Point","coordinates":[32.9,-9.7]},"properties":{"region":3,"fire_occurred":0,"prediction":0.2441}},{"type":"Feature","geometry":{"type":"Point","coordinates":[32.9,-9.6]},"properties":{"region":3,"fire_occurred":0,"prediction":0.2169}},{"type":"Feature","geometry":{"type":"Point","coordinates":[32.9,-9.5]},"properties":{"region":3,"fire_occurred":0,"prediction":0.12}},{"type":"Feature","geometry":{"type":"Point","coordinates":[33.0,-18.0]},"properties":{"region":3,"fire_occurred":0,"prediction":0.163}},{"type":"Feature","geometry":{"type":"Point","coordinates":[33.0,-17.8]},"properties":{"region":3,"fire_occurred":0,"prediction":0.1103}},{"type":"Feature","geometry":{"type":"Point","coordinates":[33.0,-17.6]},"properties":{"region":3,"fire_occurred":0,"prediction":0.1405}},{"type":"Feature","geometry":{"type":"Point","coordinates":[33.0,-17.0]},"properties":{"region":3,"fire_occurred":0,"prediction":0.1357}},{"type":"Feature","geometry":{"type":"Point","coordinates":[33.0,-16.9]},"properties":{"region":3,"fire_occurred":0,"prediction":0.1385}},{"type":"Feature","geometry":{"type":"Point","coordinates":[33.0,-16.8]},"properties":{"region":3,"fire_occurred":0,"prediction":0.2281}},{"type":"Feature","geometry":{"type":"Point","coordinates":[33.0,-16.7]},"properties":{"region":3,"fire_occurred":0,"prediction":0.1247}},{"type":"Feature","geometry":{"type":"Point","coordinates":[33.0,-16.6]},"properties":{"region":3,"fire_occurred":0,"prediction":0.2452}},{"type":"Feature","geometry":{"type":"Point","coordinates":[33.0,-9.7]},"properties":{"region":3,"fire_occurred":0,"prediction":0.1166}},{"type":"Feature","geometry":{"type":"Point","coordinates":[33.0,-9.6]},"properties":{"region":3,"fire_occurred":0,"prediction":0.1618}},{"type":"Feature","geometry":{"type":"Point","coordinates":[33.0,-9.5]},"properties":{"region":3,"fire_occurred":0,"prediction":0.2215}},{"type":"Feature","geometry":{"type":"Point","coordinates":[33.0,37.1]},"properties":{"region":3,"fire_occurred":1,"prediction":0.0066}},{"type":"Feature","geometry":{"type":"Point","coordinates":[33.1,-17.8]},"properties":{"region":3,"fire_occurred":0,"prediction":0.1025}},{"type":"Feature","geometry":{"type":"Point","coordinates":[33.1,-17.5]},"properties":{"region":3,"fire_occurred":0,"prediction":0.1011}},{"type":"Feature","geometry":{"type":"Point","coordinates":[33.1,-17.4]},"properties":{"region":3,"fire_occurred":0,"prediction":0.1151}},{"type":"Feature","geometry":{"type":"Point","coordinates":[33.1,-17.2]},"properties":{"region":3,"fire_occurred":0,"prediction":0.2101}},{"type":"Feature","geometry":{"type":"Point","coordinates":[33.1,-17.1]},"properties":{"region":3,"fire_occurred":0,"prediction":0.1753}},{"type":"Feature","geometry":{"type":"Point","coordinates":[33.1,-17.0]},"properties":{"region":3,"fire_occurred":0,"prediction":0.1451}},{"type":"Feature","geometry":{"type":"Point","coordinates":[33.1,-16.8]},"properties":{"region":3,"fire_occurred":0,"prediction":0.1204}},{"type":"Feature","geometry":{"type":"Point","coordinates":[33.1,-10.2]},"properties":{"region":3,"fire_occurred":0,"prediction":0.125}},{"type":"Feature","geometry":{"type":"Point","coordinates":[33.1,-10.0]},"properties":{"region":3,"fire_occurred":0,"prediction":0.3151}},{"type":"Feature","geometry":{"type":"Point","coordinates":[33.1,-9.9]},"properties":{"region":3,"fire_occurred":0,"prediction":0.1153}},{"type":"Feature","geometry":{"type":"Point","coordinates":[33.1,-9.8]},"properties":{"region":3,"fire_occurred":0,"prediction":0.162}},{"type":"Feature","geometry":{"type":"Point","coordinates":[33.1,-9.7]},"properties":{"region":3,"fire_occurred":0,"prediction":0.1303}},{"type":"Feature","geometry":{"type":"Point","coordinates":[33.2,-17.3]},"properties":{"region":3,"fire_occurred":0,"prediction":0.1017}},{"type":"Feature","geometry":{"type":"Point","coordinates":[33.2,-17.2]},"properties":{"region":3,"fire_occurred":0,"prediction":0.1202}},{"type":"Feature","geometry":{"type":"Point","coordinates":[33.2,-17.1]},"properties":{"region":3,"fire_occurred":0,"prediction":0.1114}},{"type":"Feature","geometry":{"type":"Point","coordinates":[33.2,-17.0]},"properties":{"region":3,"fire_occurred":0,"prediction":0.1053}},{"type":"Feature","geometry":{"type":"Point","coordinates":[33.2,-16.9]},"properties":{"region":3,"fire_occurred":0,"prediction":0.1232}},{"type":"Feature","geometry":{"type":"Point","coordinates":[33.2,-10.5]},"properties":{"region":3,"fire_occurred":0,"prediction":0.1022}},{"type":"Feature","geometry":{"type":"Point","coordinates":[33.2,-10.2]},"properties":{"region":3,"fire_occurred":0,"prediction":0.2178}},{"type":"Feature","geometry":{"type":"Point","coordinates":[33.2,-10.1]},"properties":{"region":3,"fire_occurred":0,"prediction":0.2775}},{"type":"Feature","geometry":{"type":"Point","coordinates":[33.2,-10.0]},"properties":{"region":3,"fire_occurred":0,"prediction":0.3095}},{"type":"Feature","geometry":{"type":"Point","coordinates":[33.2,-9.9]},"properties":{"region":3,"fire_occurred":0,"prediction":0.1245}},{"type":"Feature","geometry":{"type":"Point","coordinates":[33.3,-17.0]},"properties":{"region":3,"fire_occurred":0,"prediction":0.1852}},{"type":"Feature","geometry":{"type":"Point","coordinates":[33.3,-16.8]},"properties":{"region":3,"fire_occurred":0,"prediction":0.1102}},{"type":"Feature","geometry":{"type":"Point","coordinates":[33.3,-16.4]},"properties":{"region":3,"fire_occurred":0,"prediction":0.1026}},{"type":"Feature","geometry":{"type":"Point","coordinates":[33.3,-10.2]},"properties":{"region":3,"fire_occurred":0,"prediction":0.2507}},{"type":"Feature","geometry":{"type":"Point","coordinates":[33.3,-10.1]},"properties":{"region":3,"fire_occurred":0,"prediction":0.1735}},{"type":"Feature","geometry":{"type":"Point","coordinates":[33.3,-8.8]},"properties":{"region":3,"fire_occurred":0,"prediction":0.1689}},{"type":"Feature","geometry":{"type":"Point","coordinates":[33.3,36.3]},"properties":{"region":3,"fire_occurred":1,"prediction":0.0026}},{"type":"Feature","geometry":{"type":"Point","coordinates":[33.3,37.1]},"properties":{"region":3,"fire_occurred":1,"prediction":0.0092}},{"type":"Feature","geometry":{"type":"Point","coordinates":[33.3,37.6]},"properties":{"region":3,"fire_occurred":1,"prediction":0.0105}},{"type":"Feature","geometry":{"type":"Point","coordinates":[33.4,-17.7]},"properties":{"region":3,"fire_occurred":0,"prediction":0.1015}},{"type":"Feature","geometry":{"type":"Point","coordinates":[33.4,-17.0]},"properties":{"region":3,"fire_occurred":0,"prediction":0.2112}},{"type":"Feature","geometry":{"type":"Point","coordinates":[33.4,-16.9]},"properties":{"region":3,"fire_occurred":0,"prediction":0.1943}},{"type":"Feature","geometry":{"type":"Point","coordinates":[33.4,-16.8]},"properties":{"region":3,"fire_occurred":0,"prediction":0.224}},{"type":"Feature","geometry":{"type":"Point","coordinates":[33.4,-16.3]},"properties":{"region":3,"fire_occurred":1,"prediction":0.04}},{"type":"Feature","geometry":{"type":"Point","coordinates":[33.4,-10.9]},"properties":{"region":3,"fire_occurred":0,"prediction":0.1008}},{"type":"Feature","geometry":{"type":"Point","coordinates":[33.4,-10.5]},"properties":{"region":3,"fire_occurred":1,"prediction":0.0238}},{"type":"Feature","geometry":{"type":"Point","coordinates":[33.4,-10.0]},"properties":{"region":3,"fire_occurred":0,"prediction":0.3478}},{"type":"Feature","geometry":{"type":"Point","coordinates":[33.4,35.0]},"properties":{"region":3,"fire_occurred":1,"prediction":0.0073}},{"type":"Feature","geometry":{"type":"Point","coordinates":[33.5,-17.6]},"properties":{"region":3,"fire_occurred":1,"prediction":0.0759}},{"type":"Feature","geometry":{"type":"Point","coordinates":[33.5,-17.3]},"properties":{"region":3,"fire_occurred":0,"prediction":0.1195}},{"type":"Feature","geometry":{"type":"Point","coordinates":[33.5,-17.1]},"properties":{"region":3,"fire_occurred":0,"prediction":0.19}},{"type":"Feature","geometry":{"type":"Point","coordinates":[33.5,-17.0]},"properties":{"region":3,"fire_occurred":0,"prediction":0.1779}},{"type":"Feature","geometry":{"type":"Point","coordinates":[33.5,-16.9]},"properties":{"region":3,"fire_occurred":0,"prediction":0.2373}},{"type":"Feature","geometry":{"type":"Point","coordinates":[33.5,-16.8]},"properties":{"region":3,"fire_occurred":0,"prediction":0.1874}},{"type":"Feature","geometry":{"type":"Point","coordinates":[33.5,-16.6]},"properties":{"region":3,"fire_occurred":0,"prediction":0.2036}},{"type":"Feature","geometry":{"type":"Point","coordinates":[33.5,-10.5]},"properties":{"region":3,"fire_occurred":0,"prediction":0.1226}},{"type":"Feature","geometry":{"type":"Point","coordinates":[33.5,-10.4]},"properties":{"region":3,"fire_occurred":0,"prediction":0.126}},{"type":"Feature","geometry":{"type":"Point","coordinates":[33.5,-10.3]},"properties":{"region":3,"fire_occurred":0,"prediction":0.163}},{"type":"Feature","geometry":{"type":"Point","coordinates":[33.5,-10.2]},"properties":{"region":3,"fire_occurred":0,"prediction":0.2814}},{"type":"Feature","geometry":{"type":"Point","coordinates":[33.5,-10.1]},"properties":{"region":3,"fire_occurred":0,"prediction":0.2841}},{"type":"Feature","geometry":{"type":"Point","coordinates":[33.5,-10.0]},"properties":{"region":3,"fire_occurred":0,"prediction":0.1671}},{"type":"Feature","geometry":{"type":"Point","coordinates":[33.5,-9.9]},"properties":{"region":3,"fire_occurred":0,"prediction":0.1669}},{"type":"Feature","geometry":{"type":"Point","coordinates":[33.5,-9.7]},"properties":{"region":3,"fire_occurred":0,"prediction":0.1753}},{"type":"Feature","geometry":{"type":"Point","coordinates":[33.5,-9.6]},"properties":{"region":3,"fire_occurred":0,"prediction":0.1497}},{"type":"Feature","geometry":{"type":"Point","coordinates":[33.5,-9.5]},"properties":{"region":3,"fire_occurred":0,"prediction":0.2094}},{"type":"Feature","geometry":{"type":"Point","coordinates":[33.6,-17.3]},"properties":{"region":3,"fire_occurred":0,"prediction":0.1137}},{"type":"Feature","geometry":{"type":"Point","coordinates":[33.6,-17.0]},"properties":{"region":3,"fire_occurred":0,"prediction":0.2213}},{"type":"Feature","geometry":{"type":"Point","coordinates":[33.6,-16.9]},"properties":{"region":3,"fire_occurred":0,"prediction":0.3197}},{"type":"Feature","geometry":{"type":"Point","coordinates":[33.6,-16.8]},"properties":{"region":3,"fire_occurred":0,"prediction":0.1436}},{"type":"Feature","geometry":{"type":"Point","coordinates":[33.6,-16.7]},"properties":{"region":3,"fire_occurred":1,"prediction":0.2029}},{"type":"Feature","geometry":{"type":"Point","coordinates":[33.6,-16.6]},"properties":{"region":3,"fire_occurred":0,"prediction":0.3002}},{"type":"Feature","geometry":{"type":"Point","coordinates":[33.6,-10.7]},"properties":{"region":3,"fire_occurred":0,"prediction":0.1028}},{"type":"Feature","geometry":{"type":"Point","coordinates":[33.6,-10.5]},"properties":{"region":3,"fire_occurred":0,"prediction":0.1226}},{"type":"Feature","geometry":{"type":"Point","coordinates":[33.6,-10.4]},"properties":{"region":3,"fire_occurred":0,"prediction":0.1553}},{"type":"Feature","geometry":{"type":"Point","coordinates":[33.6,-10.3]},"properties":{"region":3,"fire_occurred":0,"prediction":0.1132}},{"type":"Feature","geometry":{"type":"Point","coordinates":[33.6,-10.2]},"properties":{"region":3,"fire_occurred":0,"prediction":0.2403}},{"type":"Feature","geometry":{"type":"Point","coordinates":[33.6,-10.1]},"properties":{"region":3,"fire_occurred":0,"prediction":0.1223}},{"type":"Feature","geometry":{"type":"Point","coordinates":[33.6,-9.9]},"properties":{"region":3,"fire_occurred":0,"prediction":0.1453}},{"type":"Feature","geometry":{"type":"Point","coordinates":[33.6,-9.7]},"properties":{"region":3,"fire_occurred":0,"prediction":0.124}},{"type":"Feature","geometry":{"type":"Point","coordinates":[33.6,-9.6]},"properties":{"region":3,"fire_occurred":0,"prediction":0.1316}},{"type":"Feature","geometry":{"type":"Point","coordinates":[33.6,-9.5]},"properties":{"region":3,"fire_occurred":0,"prediction":0.1359}},{"type":"Feature","geometry":{"type":"Point","coordinates":[33.7,-19.5]},"properties":{"region":3,"fire_occurred":0,"prediction":0.103}},{"type":"Feature","geometry":{"type":"Point","coordinates":[33.7,-17.2]},"properties":{"region":3,"fire_occurred":1,"prediction":0.1212}},{"type":"Feature","geometry":{"type":"Point","coordinates":[33.7,-17.0]},"properties":{"region":3,"fire_occurred":0,"prediction":0.1448}},{"type":"Feature","geometry":{"type":"Point","coordinates":[33.7,-16.8]},"properties":{"region":3,"fire_occurred":0,"prediction":0.1396}},{"type":"Feature","geometry":{"type":"Point","coordinates":[33.7,-16.7]},"properties":{"region":3,"fire_occurred":0,"prediction":0.1782}},{"type":"Feature","geometry":{"type":"Point","coordinates":[33.7,-16.6]},"properties":{"region":3,"fire_occurred":0,"prediction":0.1084}},{"type":"Feature","geometry":{"type":"Point","coordinates":[33.7,-10.9]},"properties":{"region":3,"fire_occurred":0,"prediction":0.1673}},{"type":"Feature","geometry":{"type":"Point","coordinates":[33.7,-10.8]},"properties":{"region":3,"fire_occurred":0,"prediction":0.1275}},{"type":"Feature","geometry":{"type":"Point","coordinates":[33.7,-10.4]},"properties":{"region":3,"fire_occurred":1,"prediction":0.0579}},{"type":"Feature","geometry":{"type":"Point","coordinates":[33.7,-10.2]},"properties":{"region":3,"fire_occurred":0,"prediction":0.1293}},{"type":"Feature","geometry":{"type":"Point","coordinates":[33.7,-9.8]},"properties":{"region":3,"fire_occurred":0,"prediction":0.13}},{"type":"Feature","geometry":{"type":"Point","coordinates":[33.7,-9.7]},"properties":{"region":3,"fire_occurred":0,"prediction":0.132}},{"type":"Feature","geometry":{"type":"Point","coordinates":[33.8,-17.5]},"properties":{"region":3,"fire_occurred":1,"prediction":0.0291}},{"type":"Feature","geometry":{"type":"Point","coordinates":[33.8,-16.7]},"properties":{"region":3,"fire_occurred":0,"prediction":0.1232}},{"type":"Feature","geometry":{"type":"Point","coordinates":[33.8,-16.3]},"properties":{"region":3,"fire_occurred":0,"prediction":0.141}},{"type":"Feature","geometry":{"type":"Point","coordinates":[33.8,-10.2]},"properties":{"region":3,"fire_occurred":0,"prediction":0.2329}},{"type":"Feature","geometry":{"type":"Point","coordinates":[33.8,-9.3]},"properties":{"region":3,"fire_occurred":1,"prediction":0.0064}},{"type":"Feature","geometry":{"type":"Point","coordinates":[33.8,35.0]},"properties":{"region":3,"fire_occurred":1,"prediction":0.007}},{"type":"Feature","geometry":{"type":"Point","coordinates":[33.8,49.8]},"properties":{"region":3,"fire_occurred":1,"prediction":0.0005}},{"type":"Feature","geometry":{"type":"Point","coordinates":[33.9,-18.0]},"properties":{"region":3,"fire_occurred":1,"prediction":0.0443}},{"type":"Feature","geometry":{"type":"Point","coordinates":[33.9,-17.0]},"properties":{"region":3,"fire_occurred":0,"prediction":0.1499}},{"type":"Feature","geometry":{"type":"Point","coordinates":[33.9,-10.9]},"properties":{"region":3,"fire_occurred":0,"prediction":0.1128}},{"type":"Feature","geometry":{"type":"Point","coordinates":[33.9,-10.8]},"properties":{"region":3,"fire_occurred":0,"prediction":0.1089}},{"type":"Feature","geometry":{"type":"Point","coordinates":[33.9,-10.5]},"properties":{"region":3,"fire_occurred":0,"prediction":0.1484}},{"type":"Feature","geometry":{"type":"Point","coordinates":[33.9,-9.0]},"properties":{"region":3,"fire_occurred":1,"prediction":0.0224}},{"type":"Feature","geometry":{"type":"Point","coordinates":[33.9,-8.5]},"properties":{"region":3,"fire_occurred":1,"prediction":0.0263}},{"type":"Feature","geometry":{"type":"Point","coordinates":[34.0,-18.2]},"properties":{"region":3,"fire_occurred":0,"prediction":0.1056}},{"type":"Feature","geometry":{"type":"Point","coordinates":[34.0,-13.2]},"properties":{"region":3,"fire_occurred":0,"prediction":0.1141}},{"type":"Feature","geometry":{"type":"Point","coordinates":[34.0,-13.1]},"properties":{"region":3,"fire_occurred":1,"prediction":0.0558}},{"type":"Feature","geometry":{"type":"Point","coordinates":[34.0,-12.9]},"properties":{"region":3,"fire_occurred":0,"prediction":0.1087}},{"type":"Feature","geometry":{"type":"Point","coordinates":[34.0,-12.7]},"properties":{"region":3,"fire_occurred":1,"prediction":0.3584}},{"type":"Feature","geometry":{"type":"Point","coordinates":[34.0,-11.9]},"properties":{"region":3,"fire_occurred":0,"prediction":0.1822}},{"type":"Feature","geometry":{"type":"Point","coordinates":[34.0,-11.8]},"properties":{"region":3,"fire_occurred":0,"prediction":0.1015}},{"type":"Feature","geometry":{"type":"Point","coordinates":[34.0,-11.7]},"properties":{"region":3,"fire_occurred":0,"prediction":0.2398}},{"type":"Feature","geometry":{"type":"Point","coordinates":[34.0,-11.6]},"properties":{"region":3,"fire_occurred":0,"prediction":0.4865}},{"type":"Feature","geometry":{"type":"Point","coordinates":[34.0,-11.3]},"properties":{"region":3,"fire_occurred":0,"prediction":0.289}},{"type":"Feature","geometry":{"type":"Point","coordinates":[34.0,-11.2]},"properties":{"region":3,"fire_occurred":0,"prediction":0.1626}},{"type":"Feature","geometry":{"type":"Point","coordinates":[34.0,-11.1]},"properties":{"region":3,"fire_occurred":1,"prediction":0.1076}},{"type":"Feature","geometry":{"type":"Point","coordinates":[34.0,-11.0]},"properties":{"region":3,"fire_occurred":0,"prediction":0.1073}},{"type":"Feature","geometry":{"type":"Point","coordinates":[34.0,-10.9]},"properties":{"region":3,"fire_occurred":0,"prediction":0.102}},{"type":"Feature","geometry":{"type":"Point","coordinates":[34.0,-10.7]},"properties":{"region":3,"fire_occurred":0,"prediction":0.155}},{"type":"Feature","geometry":{"type":"Point","coordinates":[34.0,-10.5]},"properties":{"region":3,"fire_occurred":0,"prediction":0.1928}},{"type":"Feature","geometry":{"type":"Point","coordinates":[34.0,-9.5]},"properties":{"region":3,"fire_occurred":0,"prediction":0.4174}},{"type":"Feature","geometry":{"type":"Point","coordinates":[34.0,-9.3]},"properties":{"region":3,"fire_occurred":0,"prediction":0.2008}},{"type":"Feature","geometry":{"type":"Point","coordinates":[34.1,-16.8]},"properties":{"region":3,"fire_occurred":0,"prediction":0.1305}},{"type":"Feature","geometry":{"type":"Point","coordinates":[34.1,-12.0]},"properties":{"region":3,"fire_occurred":0,"prediction":0.114}},{"type":"Feature","geometry":{"type":"Point","coordinates":[34.1,-11.9]},"properties":{"region":3,"fire_occurred":0,"prediction":0.1008}},{"type":"Feature","geometry":{"type":"Point","coordinates":[34.1,-11.4]},"properties":{"region":3,"fire_occurred":0,"prediction":0.3192}},{"type":"Feature","geometry":{"type":"Point","coordinates":[34.1,-11.3]},"properties":{"region":3,"fire_occurred":0,"prediction":0.41}},{"type":"Feature","geometry":{"type":"Point","coordinates":[34.1,-11.2]},"properties":{"region":3,"fire_occurred":0,"prediction":0.3035}},{"type":"Feature","geometry":{"type":"Point","coordinates":[34.1,-11.1]},"properties":{"region":3,"fire_occurred":1,"prediction":0.2704}},{"type":"Feature","geometry":{"type":"Point","coordinates":[34.1,-11.0]},"properties":{"region":3,"fire_occurred":0,"prediction":0.1236}},{"type":"Feature","geometry":{"type":"Point","coordinates":[34.1,-10.9]},"properties":{"region":3,"fire_occurred":1,"prediction":0.1474}},{"type":"Feature","geometry":{"type":"Point","coordinates":[34.1,-10.8]},"properties":{"region":3,"fire_occurred":0,"prediction":0.1942}},{"type":"Feature","geometry":{"type":"Point","coordinates":[34.1,-10.7]},"properties":{"region":3,"fire_occurred":0,"prediction":0.336}},{"type":"Feature","geometry":{"type":"Point","coordinates":[34.1,-9.6]},"properties":{"region":3,"fire_occurred":1,"prediction":0.0568}},{"type":"Feature","geometry":{"type":"Point","coordinates":[34.1,-9.5]},"properties":{"region":3,"fire_occurred":0,"prediction":0.1695}},{"type":"Feature","geometry":{"type":"Point","coordinates":[34.2,-17.0]},"properties":{"region":3,"fire_occurred":0,"prediction":0.1435}},{"type":"Feature","geometry":{"type":"Point","coordinates":[34.2,-16.9]},"properties":{"region":3,"fire_occurred":0,"prediction":0.1638}},{"type":"Feature","geometry":{"type":"Point","coordinates":[34.2,-9.7]},"properties":{"region":3,"fire_occurred":0,"prediction":0.1577}},{"type":"Feature","geometry":{"type":"Point","coordinates":[34.2,-9.6]},"properties":{"region":3,"fire_occurred":0,"prediction":0.4297}},{"type":"Feature","geometry":{"type":"Point","coordinates":[34.2,-9.5]},"properties":{"region":3,"fire_occurred":0,"prediction":0.1416}},{"type":"Feature","geometry":{"type":"Point","coordinates":[34.3,-18.6]},"properties":{"region":3,"fire_occurred":0,"prediction":0.1949}},{"type":"Feature","geometry":{"type":"Point","coordinates":[34.3,-18.3]},"properties":{"region":3,"fire_occurred":0,"prediction":0.1633}},{"type":"Feature","geometry":{"type":"Point","coordinates":[34.3,-18.2]},"properties":{"region":3,"fire_occurred":0,"prediction":0.1225}},{"type":"Feature","geometry":{"type":"Point","coordinates":[34.3,-9.8]},"properties":{"region":3,"fire_occurred":1,"prediction":0.2336}},{"type":"Feature","geometry":{"type":"Point","coordinates":[34.3,-9.6]},"properties":{"region":3,"fire_occurred":1,"prediction":0.0751}},{"type":"Feature","geometry":{"type":"Point","coordinates":[34.3,-8.5]},"properties":{"region":3,"fire_occurred":1,"prediction":0.0142}},{"type":"Feature","geometry":{"type":"Point","coordinates":[34.4,-18.5]},"properties":{"region":3,"fire_occurred":0,"prediction":0.1646}},{"type":"Feature","geometry":{"type":"Point","coordinates":[34.4,-18.4]},"properties":{"region":3,"fire_occurred":1,"prediction":0.0174}},{"type":"Feature","geometry":{"type":"Point","coordinates":[34.4,-18.1]},"properties":{"region":3,"fire_occurred":0,"prediction":0.1109}},{"type":"Feature","geometry":{"type":"Point","coordinates":[34.4,-8.4]},"properties":{"region":3,"fire_occurred":0,"prediction":0.1797}},{"type":"Feature","geometry":{"type":"Point","coordinates":[34.4,-8.3]},"properties":{"region":3,"fire_occurred":0,"prediction":0.2326}},{"type":"Feature","geometry":{"type":"Point","coordinates":[34.5,-18.5]},"properties":{"region":3,"fire_occurred":0,"prediction":0.1117}},{"type":"Feature","geometry":{"type":"Point","coordinates":[34.5,-18.4]},"properties":{"region":3,"fire_occurred":0,"prediction":0.176}},{"type":"Feature","geometry":{"type":"Point","coordinates":[34.5,-16.8]},"properties":{"region":3,"fire_occurred":0,"prediction":0.103}},{"type":"Feature","geometry":{"type":"Point","coordinates":[34.5,-10.2]},"properties":{"region":3,"fire_occurred":0,"prediction":0.2322}},{"type":"Feature","geometry":{"type":"Point","coordinates":[34.5,-10.1]},"properties":{"region":3,"fire_occurred":1,"prediction":0.3566}},{"type":"Feature","geometry":{"type":"Point","coordinates":[34.5,-10.0]},"properties":{"region":3,"fire_occurred":1,"prediction":0.0673}},{"type":"Feature","geometry":{"type":"Point","coordinates":[34.5,-9.9]},"properties":{"region":3,"fire_occurred":0,"prediction":0.1279}},{"type":"Feature","geometry":{"type":"Point","coordinates":[34.5,-9.7]},"properties":{"region":3,"fire_occurred":0,"prediction":0.1006}},{"type":"Feature","geometry":{"type":"Point","coordinates":[34.5,-9.4]},"properties":{"region":3,"fire_occurred":0,"prediction":0.1126}},{"type":"Feature","geometry":{"type":"Point","coordinates":[34.5,-8.4]},"properties":{"region":3,"fire_occurred":1,"prediction":0.11}},{"type":"Feature","geometry":{"type":"Point","coordinates":[34.5,-8.3]},"properties":{"region":3,"fire_occurred":0,"prediction":0.1643}},{"type":"Feature","geometry":{"type":"Point","coordinates":[34.6,-19.0]},"properties":{"region":3,"fire_occurred":1,"prediction":0.0102}},{"type":"Feature","geometry":{"type":"Point","coordinates":[34.6,-18.5]},"properties":{"region":3,"fire_occurred":0,"prediction":0.1267}},{"type":"Feature","geometry":{"type":"Point","coordinates":[34.6,-18.2]},"properties":{"region":3,"fire_occurred":0,"prediction":0.3257}},{"type":"Feature","geometry":{"type":"Point","coordinates":[34.6,-10.4]},"properties":{"region":3,"fire_occurred":1,"prediction":0.04}},{"type":"Feature","geometry":{"type":"Point","coordinates":[34.6,-10.3]},"properties":{"region":3,"fire_occurred":1,"prediction":0.2159}},{"type":"Feature","geometry":{"type":"Point","coordinates":[34.6,-10.2]},"properties":{"region":3,"fire_occurred":1,"prediction":0.3543}},{"type":"Feature","geometry":{"type":"Point","coordinates":[34.6,-10.1]},"properties":{"region":3,"fire_occurred":0,"prediction":0.17}},{"type":"Feature","geometry":{"type":"Point","coordinates":[34.6,-10.0]},"properties":{"region":3,"fire_occurred":0,"prediction":0.1693}},{"type":"Feature","geometry":{"type":"Point","coordinates":[34.6,-9.3]},"properties":{"region":3,"fire_occurred":1,"prediction":0.1318}},{"type":"Feature","geometry":{"type":"Point","coordinates":[34.7,-18.8]},"properties":{"region":3,"fire_occurred":0,"prediction":0.1163}},{"type":"Feature","geometry":{"type":"Point","coordinates":[34.7,-18.1]},"properties":{"region":3,"fire_occurred":1,"prediction":0.1143}},{"type":"Feature","geometry":{"type":"Point","coordinates":[34.7,-10.7]},"properties":{"region":3,"fire_occurred":0,"prediction":0.1125}},{"type":"Feature","geometry":{"type":"Point","coordinates":[34.7,-10.6]},"properties":{"region":3,"fire_occurred":0,"prediction":0.1914}},{"type":"Feature","geometry":{"type":"Point","coordinates":[34.7,-10.4]},"properties":{"region":3,"fire_occurred":0,"prediction":0.1126}},{"type":"Feature","geometry":{"type":"Point","coordinates":[34.7,-10.3]},"properties":{"region":3,"fire_occurred":1,"prediction":0.1154}},{"type":"Feature","geometry":{"type":"Point","coordinates":[34.7,-10.2]},"properties":{"region":3,"fire_occurred":0,"prediction":0.1032}},{"type":"Feature","geometry":{"type":"Point","coordinates":[34.7,-10.1]},"properties":{"region":3,"fire_occurred":0,"prediction":0.2846}},{"type":"Feature","geometry":{"type":"Point","coordinates":[34.7,-9.5]},"properties":{"region":3,"fire_occurred":0,"prediction":0.1366}},{"type":"Feature","geometry":{"type":"Point","coordinates":[34.7,-8.6]},"properties":{"region":3,"fire_occurred":0,"prediction":0.1307}},{"type":"Feature","geometry":{"type":"Point","coordinates":[34.7,-8.5]},"properties":{"region":3,"fire_occurred":0,"prediction":0.177}},{"type":"Feature","geometry":{"type":"Point","coordinates":[34.7,-8.4]},"properties":{"region":3,"fire_occurred":1,"prediction":0.018}},{"type":"Feature","geometry":{"type":"Point","coordinates":[34.8,-19.0]},"properties":{"region":3,"fire_occurred":0,"prediction":0.17}},{"type":"Feature","geometry":{"type":"Point","coordinates":[34.8,-18.9]},"properties":{"region":3,"fire_occurred":0,"prediction":0.1816}},{"type":"Feature","geometry":{"type":"Point","coordinates":[34.8,-18.8]},"properties":{"region":3,"fire_occurred":0,"prediction":0.288}},{"type":"Feature","geometry":{"type":"Point","coordinates":[34.8,-18.7]},"properties":{"region":3,"fire_occurred":0,"prediction":0.2115}},{"type":"Feature","geometry":{"type":"Point","coordinates":[34.8,-13.2]},"properties":{"region":3,"fire_occurred":1,"prediction":0.0571}},{"type":"Feature","geometry":{"type":"Point","coordinates":[34.8,-13.0]},"properties":{"region":3,"fire_occurred":0,"prediction":0.1173}},{"type":"Feature","geometry":{"type":"Point","coordinates":[34.8,-12.4]},"properties":{"region":3,"fire_occurred":1,"prediction":0.0184}},{"type":"Feature","geometry":{"type":"Point","coordinates":[34.8,-10.8]},"properties":{"region":3,"fire_occurred":1,"prediction":0.0125}},{"type":"Feature","geometry":{"type":"Point","coordinates":[34.8,-10.2]},"properties":{"region":3,"fire_occurred":0,"prediction":0.1241}},{"type":"Feature","geometry":{"type":"Point","coordinates":[34.8,-10.1]},"properties":{"region":3,"fire_occurred":0,"prediction":0.28}},{"type":"Feature","geometry":{"type":"Point","coordinates":[34.8,-10.0]},"properties":{"region":3,"fire_occurred":0,"prediction":0.208}},{"type":"Feature","geometry":{"type":"Point","coordinates":[34.8,-9.5]},"properties":{"region":3,"fire_occurred":1,"prediction":0.1011}},{"type":"Feature","geometry":{"type":"Point","coordinates":[34.8,-9.2]},"properties":{"region":3,"fire_occurred":0,"prediction":0.1076}},{"type":"Feature","geometry":{"type":"Point","coordinates":[34.9,-19.0]},"properties":{"region":3,"fire_occurred":0,"prediction":0.1731}},{"type":"Feature","geometry":{"type":"Point","coordinates":[34.9,-18.8]},"properties":{"region":3,"fire_occurred":0,"prediction":0.1763}},{"type":"Feature","geometry":{"type":"Point","coordinates":[34.9,-18.7]},"properties":{"region":3,"fire_occurred":0,"prediction":0.1542}},{"type":"Feature","geometry":{"type":"Point","coordinates":[34.9,-18.5]},"properties":{"region":3,"fire_occurred":0,"prediction":0.116}},{"type":"Feature","geometry":{"type":"Point","coordinates":[34.9,-18.4]},"properties":{"region":3,"fire_occurred":1,"prediction":0.302}},{"type":"Feature","geometry":{"type":"Point","coordinates":[34.9,-13.2]},"properties":{"region":3,"fire_occurred":1,"prediction":0.0042}},{"type":"Feature","geometry":{"type":"Point","coordinates":[34.9,-12.3]},"properties":{"region":3,"fire_occurred":0,"prediction":0.109}},{"type":"Feature","geometry":{"type":"Point","coordinates":[34.9,-11.0]},"properties":{"region":3,"fire_occurred":1,"prediction":0.0281}},{"type":"Feature","geometry":{"type":"Point","coordinates":[34.9,-10.2]},"properties":{"region":3,"fire_occurred":0,"prediction":0.2071}},{"type":"Feature","geometry":{"type":"Point","coordinates":[34.9,-10.1]},"properties":{"region":3,"fire_occurred":0,"prediction":0.2641}},{"type":"Feature","geometry":{"type":"Point","coordinates":[34.9,-10.0]},"properties":{"region":3,"fire_occurred":1,"prediction":0.1865}},{"type":"Feature","geometry":{"type":"Point","coordinates":[34.9,-9.7]},"properties":{"region":3,"fire_occurred":0,"prediction":0.1638}},{"type":"Feature","geometry":{"type":"Point","coordinates":[34.9,-9.5]},"properties":{"region":3,"fire_occurred":0,"prediction":0.1172}},{"type":"Feature","geometry":{"type":"Point","coordinates":[34.9,-9.4]},"properties":{"region":3,"fire_occurred":0,"prediction":0.1026}},{"type":"Feature","geometry":{"type":"Point","coordinates":[34.9,-9.3]},"properties":{"region":3,"fire_occurred":0,"prediction":0.316}},{"type":"Feature","geometry":{"type":"Point","coordinates":[34.9,-9.1]},"properties":{"region":3,"fire_occurred":0,"prediction":0.1277}},{"type":"Feature","geometry":{"type":"Point","coordinates":[34.9,-8.4]},"properties":{"region":3,"fire_occurred":1,"prediction":0.1574}},{"type":"Feature","geometry":{"type":"Point","coordinates":[34.9,-6.4]},"properties":{"region":3,"fire_occurred":0,"prediction":0.1072}},{"type":"Feature","geometry":{"type":"Point","coordinates":[35.0,-10.3]},"properties":{"region":3,"fire_occurred":0,"prediction":0.146}},{"type":"Feature","geometry":{"type":"Point","coordinates":[35.0,-10.2]},"properties":{"region":3,"fire_occurred":0,"prediction":0.1508}},{"type":"Feature","geometry":{"type":"Point","coordinates":[35.0,-10.1]},"properties":{"region":3,"fire_occurred":1,"prediction":0.1725}},{"type":"Feature","geometry":{"type":"Point","coordinates":[35.1,-11.0]},"properties":{"region":3,"fire_occurred":0,"prediction":0.1025}},{"type":"Feature","geometry":{"type":"Point","coordinates":[35.1,-10.2]},"properties":{"region":3,"fire_occurred":1,"prediction":0.0862}},{"type":"Feature","geometry":{"type":"Point","coordinates":[35.1,-9.0]},"properties":{"region":3,"fire_occurred":1,"prediction":0.2}},{"type":"Feature","geometry":{"type":"Point","coordinates":[35.1,-8.9]},"properties":{"region":3,"fire_occurred":1,"prediction":0.0609}},{"type":"Feature","geometry":{"type":"Point","coordinates":[35.1,-8.8]},"properties":{"region":3,"fire_occurred":0,"prediction":0.1048}},{"type":"Feature","geometry":{"type":"Point","coordinates":[35.1,-8.4]},"properties":{"region":3,"fire_occurred":0,"prediction":0.1591}},{"type":"Feature","geometry":{"type":"Point","coordinates":[35.2,-11.0]},"properties":{"region":3,"fire_occurred":0,"prediction":0.2134}},{"type":"Feature","geometry":{"type":"Point","coordinates":[35.2,-9.0]},"properties":{"region":3,"fire_occurred":1,"prediction":0.1259}},{"type":"Feature","geometry":{"type":"Point","coordinates":[35.2,-8.8]},"properties":{"region":3,"fire_occurred":0,"prediction":0.1678}},{"type":"Feature","geometry":{"type":"Point","coordinates":[35.2,-8.5]},"properties":{"region":3,"fire_occurred":0,"prediction":0.1096}},{"type":"Feature","geometry":{"type":"Point","coordinates":[35.2,-8.4]},"properties":{"region":3,"fire_occurred":0,"prediction":0.303}},{"type":"Feature","geometry":{"type":"Point","coordinates":[35.2,-8.3]},"properties":{"region":3,"fire_occurred":0,"prediction":0.1106}},{"type":"Feature","geometry":{"type":"Point","coordinates":[35.2,-8.2]},"properties":{"region":3,"fire_occurred":0,"prediction":0.1211}},{"type":"Feature","geometry":{"type":"Point","coordinates":[35.2,-8.1]},"properties":{"region":3,"fire_occurred":0,"prediction":0.1078}},{"type":"Feature","geometry":{"type":"Point","coordinates":[35.3,-9.0]},"properties":{"region":3,"fire_occurred":0,"prediction":0.2591}},{"type":"Feature","geometry":{"type":"Point","coordinates":[35.3,-8.9]},"properties":{"region":3,"fire_occurred":0,"prediction":0.1223}},{"type":"Feature","geometry":{"type":"Point","coordinates":[35.3,-8.8]},"properties":{"region":3,"fire_occurred":1,"prediction":0.1778}},{"type":"Feature","geometry":{"type":"Point","coordinates":[35.3,-8.6]},"properties":{"region":3,"fire_occurred":0,"prediction":0.1008}},{"type":"Feature","geometry":{"type":"Point","coordinates":[35.3,-8.2]},"properties":{"region":3,"fire_occurred":0,"prediction":0.1263}},{"type":"Feature","geometry":{"type":"Point","coordinates":[35.3,-8.1]},"properties":{"region":3,"fire_occurred":0,"prediction":0.1376}},{"type":"Feature","geometry":{"type":"Point","coordinates":[35.4,-9.0]},"properties":{"region":3,"fire_occurred":1,"prediction":0.4262}},{"type":"Feature","geometry":{"type":"Point","coordinates":[35.4,-8.6]},"properties":{"region":3,"fire_occurred":1,"prediction":0.0497}},{"type":"Feature","geometry":{"type":"Point","coordinates":[35.4,-8.5]},"properties":{"region":3,"fire_occurred":0,"prediction":0.2109}},{"type":"Feature","geometry":{"type":"Point","coordinates":[35.4,-8.4]},"properties":{"region":3,"fire_occurred":0,"prediction":0.1024}},{"type":"Feature","geometry":{"type":"Point","coordinates":[35.5,-13.7]},"properties":{"region":3,"fire_occurred":0,"prediction":0.1496}},{"type":"Feature","geometry":{"type":"Point","coordinates":[35.5,-13.6]},"properties":{"region":3,"fire_occurred":0,"prediction":0.1654}},{"type":"Feature","geometry":{"type":"Point","coordinates":[35.5,-13.1]},"properties":{"region":3,"fire_occurred":0,"prediction":0.1037}},{"type":"Feature","geometry":{"type":"Point","coordinates":[35.5,-10.3]},"properties":{"region":3,"fire_occurred":0,"prediction":0.1355}},{"type":"Feature","geometry":{"type":"Point","coordinates":[35.5,-10.1]},"properties":{"region":3,"fire_occurred":1,"prediction":0.1388}},{"type":"Feature","geometry":{"type":"Point","coordinates":[35.5,-9.0]},"properties":{"region":3,"fire_occurred":0,"prediction":0.5157}},{"type":"Feature","geometry":{"type":"Point","coordinates":[35.5,-8.9]},"properties":{"region":3,"fire_occurred":1,"prediction":0.1937}},{"type":"Feature","geometry":{"type":"Point","coordinates":[35.5,-8.8]},"properties":{"region":3,"fire_occurred":1,"prediction":0.1273}},{"type":"Feature","geometry":{"type":"Point","coordinates":[35.5,-8.5]},"properties":{"region":3,"fire_occurred":0,"prediction":0.1867}},{"type":"Feature","geometry":{"type":"Point","coordinates":[35.5,-8.4]},"properties":{"region":3,"fire_occurred":1,"prediction":0.2135}},{"type":"Feature","geometry":{"type":"Point","coordinates":[35.5,-8.3]},"properties":{"region":3,"fire_occurred":0,"prediction":0.128}},{"type":"Feature","geometry":{"type":"Point","coordinates":[35.6,-13.9]},"properties":{"region":3,"fire_occurred":1,"prediction":0.057}},{"type":"Feature","geometry":{"type":"Point","coordinates":[35.6,-13.6]},"properties":{"region":3,"fire_occurred":0,"prediction":0.3023}},{"type":"Feature","geometry":{"type":"Point","coordinates":[35.6,-13.5]},"properties":{"region":3,"fire_occurred":0,"prediction":0.4113}},{"type":"Feature","geometry":{"type":"Point","coordinates":[35.6,-13.3]},"properties":{"region":3,"fire_occurred":0,"prediction":0.1625}},{"type":"Feature","geometry":{"type":"Point","coordinates":[35.6,-13.1]},"properties":{"region":3,"fire_occurred":1,"prediction":0.0467}},{"type":"Feature","geometry":{"type":"Point","coordinates":[35.6,-9.0]},"properties":{"region":3,"fire_occurred":1,"prediction":0.4457}},{"type":"Feature","geometry":{"type":"Point","coordinates":[35.6,-8.9]},"properties":{"region":3,"fire_occurred":0,"prediction":0.4033}},{"type":"Feature","geometry":{"type":"Point","coordinates":[35.6,-8.8]},"properties":{"region":3,"fire_occurred":1,"prediction":0.0561}},{"type":"Feature","geometry":{"type":"Point","coordinates":[35.6,-8.7]},"properties":{"region":3,"fire_occurred":0,"prediction":0.2733}},{"type":"Feature","geometry":{"type":"Point","coordinates":[35.6,-8.6]},"properties":{"region":3,"fire_occurred":0,"prediction":0.1648}},{"type":"Feature","geometry":{"type":"Point","coordinates":[35.6,-8.4]},"properties":{"region":3,"fire_occurred":0,"prediction":0.1057}},{"type":"Feature","geometry":{"type":"Point","coordinates":[35.7,-13.6]},"properties":{"region":3,"fire_occurred":0,"prediction":0.1057}},{"type":"Feature","geometry":{"type":"Point","coordinates":[35.7,-13.5]},"properties":{"region":3,"fire_occurred":1,"prediction":0.1799}},{"type":"Feature","geometry":{"type":"Point","coordinates":[35.7,-13.4]},"properties":{"region":3,"fire_occurred":0,"prediction":0.1948}},{"type":"Feature","geometry":{"type":"Point","coordinates":[35.7,-13.3]},"properties":{"region":3,"fire_occurred":0,"prediction":0.1296}},{"type":"Feature","geometry":{"type":"Point","coordinates":[35.7,-13.1]},"properties":{"region":3,"fire_occurred":1,"prediction":0.1171}},{"type":"Feature","geometry":{"type":"Point","coordinates":[35.7,-10.9]},"properties":{"region":3,"fire_occurred":0,"prediction":0.1132}},{"type":"Feature","geometry":{"type":"Point","coordinates":[35.7,-10.8]},"properties":{"region":3,"fire_occurred":0,"prediction":0.1021}},{"type":"Feature","geometry":{"type":"Point","coordinates":[35.7,-10.4]},"properties":{"region":3,"fire_occurred":0,"prediction":0.1507}},{"type":"Feature","geometry":{"type":"Point","coordinates":[35.7,-9.0]},"properties":{"region":3,"fire_occurred":1,"prediction":0.2019}},{"type":"Feature","geometry":{"type":"Point","coordinates":[35.7,-8.9]},"properties":{"region":3,"fire_occurred":0,"prediction":0.2848}},{"type":"Feature","geometry":{"type":"Point","coordinates":[35.7,-8.8]},"properties":{"region":3,"fire_occurred":1,"prediction":0.3408}},{"type":"Feature","geometry":{"type":"Point","coordinates":[35.7,-8.7]},"properties":{"region":3,"fire_occurred":1,"prediction":0.5167}},{"type":"Feature","geometry":{"type":"Point","coordinates":[35.7,-8.6]},"properties":{"region":3,"fire_occurred":1,"prediction":0.1873}},{"type":"Feature","geometry":{"type":"Point","coordinates":[35.7,-8.5]},"properties":{"region":3,"fire_occurred":0,"prediction":0.2644}},{"type":"Feature","geometry":{"type":"Point","coordinates":[35.7,-8.4]},"properties":{"region":3,"fire_occurred":0,"prediction":0.1381}},{"type":"Feature","geometry":{"type":"Point","coordinates":[35.7,-8.3]},"properties":{"region":3,"fire_occurred":0,"prediction":0.2525}},{"type":"Feature","geometry":{"type":"Point","coordinates":[35.7,-8.2]},"properties":{"region":3,"fire_occurred":1,"prediction":0.0917}},{"type":"Feature","geometry":{"type":"Point","coordinates":[35.8,-13.5]},"properties":{"region":3,"fire_occurred":0,"prediction":0.1715}},{"type":"Feature","geometry":{"type":"Point","coordinates":[35.8,-13.4]},"properties":{"region":3,"fire_occurred":0,"prediction":0.1288}},{"type":"Feature","geometry":{"type":"Point","coordinates":[35.8,-13.2]},"properties":{"region":3,"fire_occurred":0,"prediction":0.2443}},{"type":"Feature","geometry":{"type":"Point","coordinates":[35.8,-13.1]},"properties":{"region":3,"fire_occurred":0,"prediction":0.2913}},{"type":"Feature","geometry":{"type":"Point","coordinates":[35.8,-8.7]},"properties":{"region":3,"fire_occurred":1,"prediction":0.3288}},{"type":"Feature","geometry":{"type":"Point","coordinates":[35.8,-8.6]},"properties":{"region":3,"fire_occurred":1,"prediction":0.0229}},{"type":"Feature","geometry":{"type":"Point","coordinates":[35.8,-8.3]},"properties":{"region":3,"fire_occurred":0,"prediction":0.2012}},{"type":"Feature","geometry":{"type":"Point","coordinates":[35.8,-8.2]},"properties":{"region":3,"fire_occurred":1,"prediction":0.2887}},{"type":"Feature","geometry":{"type":"Point","coordinates":[35.8,-8.1]},"properties":{"region":3,"fire_occurred":0,"prediction":0.1853}},{"type":"Feature","geometry":{"type":"Point","coordinates":[35.9,-14.1]},"properties":{"region":3,"fire_occurred":1,"prediction":0.0321}},{"type":"Feature","geometry":{"type":"Point","coordinates":[35.9,-13.7]},"properties":{"region":3,"fire_occurred":0,"prediction":0.1223}},{"type":"Feature","geometry":{"type":"Point","coordinates":[35.9,-13.4]},"properties":{"region":3,"fire_occurred":0,"prediction":0.1201}},{"type":"Feature","geometry":{"type":"Point","coordinates":[35.9,-13.1]},"properties":{"region":3,"fire_occurred":0,"prediction":0.1462}},{"type":"Feature","geometry":{"type":"Point","coordinates":[35.9,-10.5]},"properties":{"region":3,"fire_occurred":0,"prediction":0.1177}},{"type":"Feature","geometry":{"type":"Point","coordinates":[35.9,-10.4]},"properties":{"region":3,"fire_occurred":0,"prediction":0.2747}},{"type":"Feature","geometry":{"type":"Point","coordinates":[35.9,-8.4]},"properties":{"region":3,"fire_occurred":0,"prediction":0.1457}},{"type":"Feature","geometry":{"type":"Point","coordinates":[35.9,-8.3]},"properties":{"region":3,"fire_occurred":1,"prediction":0.2632}},{"type":"Feature","geometry":{"type":"Point","coordinates":[35.9,-8.2]},"properties":{"region":3,"fire_occurred":1,"prediction":0.2489}},{"type":"Feature","geometry":{"type":"Point","coordinates":[36.0,-13.0]},"properties":{"region":3,"fire_occurred":0,"prediction":0.1066}},{"type":"Feature","geometry":{"type":"Point","coordinates":[36.0,-12.2]},"properties":{"region":3,"fire_occurred":1,"prediction":0.1038}},{"type":"Feature","geometry":{"type":"Point","coordinates":[36.0,-11.3]},"properties":{"region":3,"fire_occurred":1,"prediction":0.0201}},{"type":"Feature","geometry":{"type":"Point","coordinates":[36.0,-9.8]},"properties":{"region":3,"fire_occurred":1,"prediction":0.0161}},{"type":"Feature","geometry":{"type":"Point","coordinates":[36.0,-9.7]},"properties":{"region":3,"fire_occurred":1,"prediction":0.1374}},{"type":"Feature","geometry":{"type":"Point","coordinates":[36.0,-9.5]},"properties":{"region":3,"fire_occurred":0,"prediction":0.107}},{"type":"Feature","geometry":{"type":"Point","coordinates":[36.0,-8.4]},"properties":{"region":3,"fire_occurred":1,"prediction":0.029}},{"type":"Feature","geometry":{"type":"Point","coordinates":[36.0,-8.3]},"properties":{"region":3,"fire_occurred":1,"prediction":0.1447}},{"type":"Feature","geometry":{"type":"Point","coordinates":[36.0,-8.2]},"properties":{"region":3,"fire_occurred":0,"prediction":0.1882}},{"type":"Feature","geometry":{"type":"Point","coordinates":[36.0,-8.1]},"properties":{"region":3,"fire_occurred":1,"prediction":0.2432}},{"type":"Feature","geometry":{"type":"Point","coordinates":[36.0,-8.0]},"properties":{"region":3,"fire_occurred":1,"prediction":0.1598}},{"type":"Feature","geometry":{"type":"Point","coordinates":[36.0,-7.9]},"properties":{"region":3,"fire_occurred":1,"prediction":0.049}},{"type":"Feature","geometry":{"type":"Point","coordinates":[36.0,-7.8]},"properties":{"region":3,"fire_occurred":1,"prediction":0.1762}},{"type":"Feature","geometry":{"type":"Point","coordinates":[36.1,-12.8]},"properties":{"region":3,"fire_occurred":0,"prediction":0.1861}},{"type":"Feature","geometry":{"type":"Point","coordinates":[36.1,-12.7]},"properties":{"region":3,"fire_occurred":0,"prediction":0.1985}},{"type":"Feature","geometry":{"type":"Point","coordinates":[36.1,-12.6]},"properties":{"region":3,"fire_occurred":0,"prediction":0.1134}},{"type":"Feature","geometry":{"type":"Point","coordinates":[36.1,-12.0]},"properties":{"region":3,"fire_occurred":0,"prediction":0.1089}},{"type":"Feature","geometry":{"type":"Point","coordinates":[36.1,-11.9]},"properties":{"region":3,"fire_occurred":1,"prediction":0.0354}},{"type":"Feature","geometry":{"type":"Point","coordinates":[36.1,-9.8]},"properties":{"region":3,"fire_occurred":1,"prediction":0.1165}},{"type":"Feature","geometry":{"type":"Point","coordinates":[36.1,-9.2]},"properties":{"region":3,"fire_occurred":1,"prediction":0.0487}},{"type":"Feature","geometry":{"type":"Point","coordinates":[36.1,-8.4]},"properties":{"region":3,"fire_occurred":0,"prediction":0.1283}},{"type":"Feature","geometry":{"type":"Point","coordinates":[36.1,-8.0]},"properties":{"region":3,"fire_occurred":0,"prediction":0.4481}},{"type":"Feature","geometry":{"type":"Point","coordinates":[36.1,-7.9]},"properties":{"region":3,"fire_occurred":1,"prediction":0.1398}},{"type":"Feature","geometry":{"type":"Point","coordinates":[36.1,-7.8]},"properties":{"region":3,"fire_occurred":1,"prediction":0.1093}},{"type":"Feature","geometry":{"type":"Point","coordinates":[36.1,-7.5]},"properties":{"region":3,"fire_occurred":0,"prediction":0.1333}},{"type":"Feature","geometry":{"type":"Point","coordinates":[36.1,-7.4]},"properties":{"region":3,"fire_occurred":1,"prediction":0.0639}},{"type":"Feature","geometry":{"type":"Point","coordinates":[36.1,-2.1]},"properties":{"region":3,"fire_occurred":0,"prediction":0.158}},{"type":"Feature","geometry":{"type":"Point","coordinates":[36.1,34.7]},"properties":{"region":3,"fire_occurred":1,"prediction":0.0069}},{"type":"Feature","geometry":{"type":"Point","coordinates":[36.2,-14.2]},"properties":{"region":3,"fire_occurred":1,"prediction":0.0086}},{"type":"Feature","geometry":{"type":"Point","coordinates":[36.2,-13.0]},"properties":{"region":3,"fire_occurred":1,"prediction":0.0406}},{"type":"Feature","geometry":{"type":"Point","coordinates":[36.2,-12.7]},"properties":{"region":3,"fire_occurred":1,"prediction":0.1238}},{"type":"Feature","geometry":{"type":"Point","coordinates":[36.2,-12.4]},"properties":{"region":3,"fire_occurred":0,"prediction":0.125}},{"type":"Feature","geometry":{"type":"Point","coordinates":[36.2,-11.5]},"properties":{"region":3,"fire_occurred":0,"prediction":0.1158}},{"type":"Feature","geometry":{"type":"Point","coordinates":[36.2,-8.5]},"properties":{"region":3,"fire_occurred":1,"prediction":0.0236}},{"type":"Feature","geometry":{"type":"Point","coordinates":[36.2,-8.1]},"properties":{"region":3,"fire_occurred":1,"prediction":0.0736}},{"type":"Feature","geometry":{"type":"Point","coordinates":[36.2,-8.0]},"properties":{"region":3,"fire_occurred":0,"prediction":0.4133}},{"type":"Feature","geometry":{"type":"Point","coordinates":[36.2,-7.9]},"properties":{"region":3,"fire_occurred":0,"prediction":0.5293}},{"type":"Feature","geometry":{"type":"Point","coordinates":[36.2,-7.8]},"properties":{"region":3,"fire_occurred":0,"prediction":0.2814}},{"type":"Feature","geometry":{"type":"Point","coordinates":[36.3,-13.0]},"properties":{"region":3,"fire_occurred":1,"prediction":0.0237}},{"type":"Feature","geometry":{"type":"Point","coordinates":[36.3,-12.7]},"properties":{"region":3,"fire_occurred":0,"prediction":0.1431}},{"type":"Feature","geometry":{"type":"Point","coordinates":[36.3,-12.5]},"properties":{"region":3,"fire_occurred":0,"prediction":0.1005}},{"type":"Feature","geometry":{"type":"Point","coordinates":[36.3,-9.8]},"properties":{"region":3,"fire_occurred":1,"prediction":0.0564}},{"type":"Feature","geometry":{"type":"Point","coordinates":[36.3,-9.6]},"properties":{"region":3,"fire_occurred":1,"prediction":0.1059}},{"type":"Feature","geometry":{"type":"Point","coordinates":[36.3,-9.2]},"properties":{"region":3,"fire_occurred":1,"prediction":0.0537}},{"type":"Feature","geometry":{"type":"Point","coordinates":[36.3,-9.1]},"properties":{"region":3,"fire_occurred":1,"prediction":0.0915}},{"type":"Feature","geometry":{"type":"Point","coordinates":[36.3,-8.2]},"properties":{"region":3,"fire_occurred":1,"prediction":0.2485}},{"type":"Feature","geometry":{"type":"Point","coordinates":[36.3,-8.1]},"properties":{"region":3,"fire_occurred":1,"prediction":0.0195}},{"type":"Feature","geometry":{"type":"Point","coordinates":[36.3,-7.9]},"properties":{"region":3,"fire_occurred":1,"prediction":0.4448}},{"type":"Feature","geometry":{"type":"Point","coordinates":[36.3,-7.8]},"properties":{"region":3,"fire_occurred":0,"prediction":0.1546}},{"type":"Feature","geometry":{"type":"Point","coordinates":[36.3,-7.7]},"properties":{"region":3,"fire_occurred":0,"prediction":0.1461}},{"type":"Feature","geometry":{"type":"Point","coordinates":[36.4,-14.5]},"properties":{"region":3,"fire_occurred":0,"prediction":0.1004}},{"type":"Feature","geometry":{"type":"Point","coordinates":[36.4,-14.1]},"properties":{"region":3,"fire_occurred":0,"prediction":0.101}},{"type":"Feature","geometry":{"type":"Point","coordinates":[36.4,-12.8]},"properties":{"region":3,"fire_occurred":0,"prediction":0.1418}},{"type":"Feature","geometry":{"type":"Point","coordinates":[36.4,-12.7]},"properties":{"region":3,"fire_occurred":0,"prediction":0.1002}},{"type":"Feature","geometry":{"type":"Point","coordinates":[36.4,-12.2]},"properties":{"region":3,"fire_occurred":1,"prediction":0.065}},{"type":"Feature","geometry":{"type":"Point","coordinates":[36.4,-12.0]},"properties":{"region":3,"fire_occurred":1,"prediction":0.0306}},{"type":"Feature","geometry":{"type":"Point","coordinates":[36.4,-11.9]},"properties":{"region":3,"fire_occurred":1,"prediction":0.033}},{"type":"Feature","geometry":{"type":"Point","coordinates":[36.4,-10.0]},"properties":{"region":3,"fire_occurred":1,"prediction":0.0912}},{"type":"Feature","geometry":{"type":"Point","coordinates":[36.4,-9.9]},"properties":{"region":3,"fire_occurred":1,"prediction":0.0134}},{"type":"Feature","geometry":{"type":"Point","coordinates":[36.4,-9.5]},"properties":{"region":3,"fire_occurred":1,"prediction":0.0975}},{"type":"Feature","geometry":{"type":"Point","coordinates":[36.4,-8.1]},"properties":{"region":3,"fire_occurred":0,"prediction":0.1658}},{"type":"Feature","geometry":{"type":"Point","coordinates":[36.4,-7.8]},"properties":{"region":3,"fire_occurred":1,"prediction":0.4256}},{"type":"Feature","geometry":{"type":"Point","coordinates":[36.4,-7.7]},"properties":{"region":3,"fire_occurred":0,"prediction":0.111}},{"type":"Feature","geometry":{"type":"Point","coordinates":[36.4,-7.2]},"properties":{"region":3,"fire_occurred":0,"prediction":0.154}},{"type":"Feature","geometry":{"type":"Point","coordinates":[36.5,-12.6]},"properties":{"region":3,"fire_occurred":1,"prediction":0.0236}},{"type":"Feature","geometry":{"type":"Point","coordinates":[36.5,-11.4]},"properties":{"region":3,"fire_occurred":0,"prediction":0.1309}},{"type":"Feature","geometry":{"type":"Point","coordinates":[36.5,-10.0]},"properties":{"region":3,"fire_occurred":1,"prediction":0.1292}},{"type":"Feature","geometry":{"type":"Point","coordinates":[36.5,-9.9]},"properties":{"region":3,"fire_occurred":1,"prediction":0.211}},{"type":"Feature","geometry":{"type":"Point","coordinates":[36.5,-9.5]},"properties":{"region":3,"fire_occurred":0,"prediction":0.235}},{"type":"Feature","geometry":{"type":"Point","coordinates":[36.5,-9.0]},"properties":{"region":3,"fire_occurred":0,"prediction":0.1206}},{"type":"Feature","geometry":{"type":"Point","coordinates":[36.5,-8.9]},"properties":{"region":3,"fire_occurred":0,"prediction":0.1241}},{"type":"Feature","geometry":{"type":"Point","coordinates":[36.5,-8.8]},"properties":{"region":3,"fire_occurred":0,"prediction":0.2817}},{"type":"Feature","geometry":{"type":"Point","coordinates":[36.5,-8.7]},"properties":{"region":3,"fire_occurred":0,"prediction":0.2152}},{"type":"Feature","geometry":{"type":"Point","coordinates":[36.5,-8.6]},"properties":{"region":3,"fire_occurred":1,"prediction":0.1022}},{"type":"Feature","geometry":{"type":"Point","coordinates":[36.5,-8.3]},"properties":{"region":3,"fire_occurred":1,"prediction":0.0495}},{"type":"Feature","geometry":{"type":"Point","coordinates":[36.5,-8.1]},"properties":{"region":3,"fire_occurred":1,"prediction":0.1856}},{"type":"Feature","geometry":{"type":"Point","coordinates":[36.5,-7.9]},"properties":{"region":3,"fire_occurred":0,"prediction":0.1579}},{"type":"Feature","geometry":{"type":"Point","coordinates":[36.5,-7.8]},"properties":{"region":3,"fire_occurred":0,"prediction":0.1002}},{"type":"Feature","geometry":{"type":"Point","coordinates":[36.5,-7.5]},"properties":{"region":3,"fire_occurred":0,"prediction":0.1145}},{"type":"Feature","geometry":{"type":"Point","coordinates":[36.6,-14.8]},"properties":{"region":3,"fire_occurred":1,"prediction":0.0086}},{"type":"Feature","geometry":{"type":"Point","coordinates":[36.6,-14.6]},"properties":{"region":3,"fire_occurred":0,"prediction":0.104}},{"type":"Feature","geometry":{"type":"Point","coordinates":[36.6,-14.5]},"properties":{"region":3,"fire_occurred":1,"prediction":0.0242}},{"type":"Feature","geometry":{"type":"Point","coordinates":[36.6,-12.6]},"properties":{"region":3,"fire_occurred":0,"prediction":0.1178}},{"type":"Feature","geometry":{"type":"Point","coordinates":[36.6,-12.1]},"properties":{"region":3,"fire_occurred":1,"prediction":0.0802}},{"type":"Feature","geometry":{"type":"Point","coordinates":[36.6,-9.9]},"properties":{"region":3,"fire_occurred":1,"prediction":0.0201}},{"type":"Feature","geometry":{"type":"Point","coordinates":[36.6,-9.8]},"properties":{"region":3,"fire_occurred":1,"prediction":0.0352}},{"type":"Feature","geometry":{"type":"Point","coordinates":[36.6,-9.6]},"properties":{"region":3,"fire_occurred":1,"prediction":0.0881}},{"type":"Feature","geometry":{"type":"Point","coordinates":[36.6,-9.5]},"properties":{"region":3,"fire_occurred":0,"prediction":0.1646}},{"type":"Feature","geometry":{"type":"Point","coordinates":[36.6,-9.1]},"properties":{"region":3,"fire_occurred":0,"prediction":0.1055}},{"type":"Feature","geometry":{"type":"Point","coordinates":[36.6,-9.0]},"properties":{"region":3,"fire_occurred":1,"prediction":0.2124}},{"type":"Feature","geometry":{"type":"Point","coordinates":[36.6,-8.9]},"properties":{"region":3,"fire_occurred":1,"prediction":0.1499}},{"type":"Feature","geometry":{"type":"Point","coordinates":[36.6,-8.8]},"properties":{"region":3,"fire_occurred":0,"prediction":0.2945}},{"type":"Feature","geometry":{"type":"Point","coordinates":[36.6,-8.7]},"properties":{"region":3,"fire_occurred":0,"prediction":0.3711}},{"type":"Feature","geometry":{"type":"Point","coordinates":[36.6,-8.6]},"properties":{"region":3,"fire_occurred":1,"prediction":0.2984}},{"type":"Feature","geometry":{"type":"Point","coordinates":[36.6,-7.9]},"properties":{"region":3,"fire_occurred":0,"prediction":0.1651}},{"type":"Feature","geometry":{"type":"Point","coordinates":[36.6,-7.8]},"properties":{"region":3,"fire_occurred":0,"prediction":0.6042}},{"type":"Feature","geometry":{"type":"Point","coordinates":[36.6,-7.7]},"properties":{"region":3,"fire_occurred":0,"prediction":0.1219}},{"type":"Feature","geometry":{"type":"Point","coordinates":[36.6,-7.5]},"properties":{"region":3,"fire_occurred":1,"prediction":0.0855}},{"type":"Feature","geometry":{"type":"Point","coordinates":[36.6,-7.4]},"properties":{"region":3,"fire_occurred":0,"prediction":0.1853}},{"type":"Feature","geometry":{"type":"Point","coordinates":[36.6,-7.3]},"properties":{"region":3,"fire_occurred":0,"prediction":0.2253}},{"type":"Feature","geometry":{"type":"Point","coordinates":[36.6,-7.2]},"properties":{"region":3,"fire_occurred":1,"prediction":0.1591}},{"type":"Feature","geometry":{"type":"Point","coordinates":[36.6,-6.8]},"properties":{"region":3,"fire_occurred":0,"prediction":0.1322}},{"type":"Feature","geometry":{"type":"Point","coordinates":[36.7,-12.2]},"properties":{"region":3,"fire_occurred":1,"prediction":0.1007}},{"type":"Feature","geometry":{"type":"Point","coordinates":[36.7,-12.1]},"properties":{"region":3,"fire_occurred":1,"prediction":0.0621}},{"type":"Feature","geometry":{"type":"Point","coordinates":[36.7,-12.0]},"properties":{"region":3,"fire_occurred":1,"prediction":0.0168}},{"type":"Feature","geometry":{"type":"Point","coordinates":[36.7,-9.8]},"properties":{"region":3,"fire_occurred":1,"prediction":0.1115}},{"type":"Feature","geometry":{"type":"Point","coordinates":[36.7,-9.6]},"properties":{"region":3,"fire_occurred":1,"prediction":0.0098}},{"type":"Feature","geometry":{"type":"Point","coordinates":[36.7,-9.0]},"properties":{"region":3,"fire_occurred":0,"prediction":0.1455}},{"type":"Feature","geometry":{"type":"Point","coordinates":[36.7,-8.9]},"properties":{"region":3,"fire_occurred":0,"prediction":0.2244}},{"type":"Feature","geometry":{"type":"Point","coordinates":[36.7,-8.8]},"properties":{"region":3,"fire_occurred":0,"prediction":0.1686}},{"type":"Feature","geometry":{"type":"Point","coordinates":[36.7,-8.6]},"properties":{"region":3,"fire_occurred":0,"prediction":0.2404}},{"type":"Feature","geometry":{"type":"Point","coordinates":[36.7,-8.5]},"properties":{"region":3,"fire_occurred":1,"prediction":0.0391}},{"type":"Feature","geometry":{"type":"Point","coordinates":[36.7,-8.0]},"properties":{"region":3,"fire_occurred":0,"prediction":0.1261}},{"type":"Feature","geometry":{"type":"Point","coordinates":[36.7,-7.9]},"properties":{"region":3,"fire_occurred":1,"prediction":0.0659}},{"type":"Feature","geometry":{"type":"Point","coordinates":[36.7,-7.8]},"properties":{"region":3,"fire_occurred":1,"prediction":0.228}},{"type":"Feature","geometry":{"type":"Point","coordinates":[36.7,-7.6]},"properties":{"region":3,"fire_occurred":0,"prediction":0.1474}},{"type":"Feature","geometry":{"type":"Point","coordinates":[36.7,-7.5]},"properties":{"region":3,"fire_occurred":0,"prediction":0.1745}},{"type":"Feature","geometry":{"type":"Point","coordinates":[36.7,-7.3]},"properties":{"region":3,"fire_occurred":1,"prediction":0.3378}},{"type":"Feature","geometry":{"type":"Point","coordinates":[36.7,-7.2]},"properties":{"region":3,"fire_occurred":0,"prediction":0.1407}},{"type":"Feature","geometry":{"type":"Point","coordinates":[36.7,-7.1]},"properties":{"region":3,"fire_occurred":1,"prediction":0.0945}},{"type":"Feature","geometry":{"type":"Point","coordinates":[36.7,-6.8]},"properties":{"region":3,"fire_occurred":0,"prediction":0.1021}},{"type":"Feature","geometry":{"type":"Point","coordinates":[36.8,-12.3]},"properties":{"region":3,"fire_occurred":0,"prediction":0.1842}},{"type":"Feature","geometry":{"type":"Point","coordinates":[36.8,-12.2]},"properties":{"region":3,"fire_occurred":1,"prediction":0.0253}},{"type":"Feature","geometry":{"type":"Point","coordinates":[36.8,-12.1]},"properties":{"region":3,"fire_occurred":1,"prediction":0.053}},{"type":"Feature","geometry":{"type":"Point","coordinates":[36.8,-11.1]},"properties":{"region":3,"fire_occurred":1,"prediction":0.2285}},{"type":"Feature","geometry":{"type":"Point","coordinates":[36.8,-9.8]},"properties":{"region":3,"fire_occurred":0,"prediction":0.1809}},{"type":"Feature","geometry":{"type":"Point","coordinates":[36.8,-9.3]},"properties":{"region":3,"fire_occurred":0,"prediction":0.1007}},{"type":"Feature","geometry":{"type":"Point","coordinates":[36.8,-7.3]},"properties":{"region":3,"fire_occurred":1,"prediction":0.0181}},{"type":"Feature","geometry":{"type":"Point","coordinates":[36.8,-6.5]},"properties":{"region":3,"fire_occurred":0,"prediction":0.1219}},{"type":"Feature","geometry":{"type":"Point","coordinates":[36.9,-14.3]},"properties":{"region":3,"fire_occurred":0,"prediction":0.127}},{"type":"Feature","geometry":{"type":"Point","coordinates":[36.9,-12.2]},"properties":{"region":3,"fire_occurred":1,"prediction":0.0556}},{"type":"Feature","geometry":{"type":"Point","coordinates":[36.9,-11.3]},"properties":{"region":3,"fire_occurred":1,"prediction":0.0349}},{"type":"Feature","geometry":{"type":"Point","coordinates":[36.9,-9.2]},"properties":{"region":3,"fire_occurred":1,"prediction":0.0121}},{"type":"Feature","geometry":{"type":"Point","coordinates":[36.9,-6.5]},"properties":{"region":3,"fire_occurred":0,"prediction":0.1003}},{"type":"Feature","geometry":{"type":"Point","coordinates":[36.9,38.3]},"properties":{"region":3,"fire_occurred":1,"prediction":0.0399}},{"type":"Feature","geometry":{"type":"Point","coordinates":[37.0,-14.7]},"properties":{"region":3,"fire_occurred":1,"prediction":0.0133}},{"type":"Feature","geometry":{"type":"Point","coordinates":[37.0,-14.5]},"properties":{"region":3,"fire_occurred":0,"prediction":0.1484}},{"type":"Feature","geometry":{"type":"Point","coordinates":[37.0,-14.3]},"properties":{"region":3,"fire_occurred":1,"prediction":0.0331}},{"type":"Feature","geometry":{"type":"Point","coordinates":[37.1,-14.2]},"properties":{"region":3,"fire_occurred":1,"prediction":0.0144}},{"type":"Feature","geometry":{"type":"Point","coordinates":[37.1,-3.3]},"properties":{"region":3,"fire_occurred":1,"prediction":0.0041}},{"type":"Feature","geometry":{"type":"Point","coordinates":[37.1,39.0]},"properties":{"region":3,"fire_occurred":1,"prediction":0.0032}},{"type":"Feature","geometry":{"type":"Point","coordinates":[37.3,-14.9]},"properties":{"region":3,"fire_occurred":1,"prediction":0.0083}},{"type":"Feature","geometry":{"type":"Point","coordinates":[37.5,-14.9]},"properties":{"region":3,"fire_occurred":1,"prediction":0.0419}},{"type":"Feature","geometry":{"type":"Point","coordinates":[37.5,-14.3]},"properties":{"region":3,"fire_occurred":1,"prediction":0.0046}},{"type":"Feature","geometry":{"type":"Point","coordinates":[37.9,-14.6]},"properties":{"region":3,"fire_occurred":1,"prediction":0.0044}},{"type":"Feature","geometry":{"type":"Point","coordinates":[38.0,-14.5]},"properties":{"region":3,"fire_occurred":1,"prediction":0.0106}},{"type":"Feature","geometry":{"type":"Point","coordinates":[38.0,45.6]},"properties":{"region":3,"fire_occurred":0,"prediction":0.1251}},{"type":"Feature","geometry":{"type":"Point","coordinates":[38.1,-14.9]},"properties":{"region":3,"fire_occurred":0,"prediction":0.1142}},{"type":"Feature","geometry":{"type":"Point","coordinates":[38.1,-14.3]},"properties":{"region":3,"fire_occurred":1,"prediction":0.0057}},{"type":"Feature","geometry":{"type":"Point","coordinates":[38.1,45.0]},"properties":{"region":3,"fire_occurred":1,"prediction":0.012}},{"type":"Feature","geometry":{"type":"Point","coordinates":[38.1,45.6]},"properties":{"region":3,"fire_occurred":0,"prediction":0.2216}},{"type":"Feature","geometry":{"type":"Point","coordinates":[38.2,-14.9]},"properties":{"region":3,"fire_occurred":0,"prediction":0.1234}},{"type":"Feature","geometry":{"type":"Point","coordinates":[38.2,45.1]},"properties":{"region":3,"fire_occurred":1,"prediction":0.0253}},{"type":"Feature","geometry":{"type":"Point","coordinates":[38.2,45.2]},"properties":{"region":3,"fire_occurred":1,"prediction":0.0438}},{"type":"Feature","geometry":{"type":"Point","coordinates":[38.2,45.3]},"properties":{"region":3,"fire_occurred":1,"prediction":0.0287}},{"type":"Feature","geometry":{"type":"Point","coordinates":[38.3,-14.9]},"properties":{"region":3,"fire_occurred":0,"prediction":0.1131}},{"type":"Feature","geometry":{"type":"Point","coordinates":[38.3,45.2]},"properties":{"region":3,"fire_occurred":1,"prediction":0.0346}},{"type":"Feature","geometry":{"type":"Point","coordinates":[38.6,-14.9]},"properties":{"region":3,"fire_occurred":1,"prediction":0.0361}},{"type":"Feature","geometry":{"type":"Point","coordinates":[38.6,-14.6]},"properties":{"region":3,"fire_occurred":0,"prediction":0.1428}},{"type":"Feature","geometry":{"type":"Point","coordinates":[38.7,-14.7]},"properties":{"region":3,"fire_occurred":1,"prediction":0.033}},{"type":"Feature","geometry":{"type":"Point","coordinates":[38.8,-14.6]},"properties":{"region":3,"fire_occurred":1,"prediction":0.1539}},{"type":"Feature","geometry":{"type":"Point","coordinates":[38.9,-14.8]},"properties":{"region":3,"fire_occurred":1,"prediction":0.081}},{"type":"Feature","geometry":{"type":"Point","coordinates":[38.9,-14.7]},"properties":{"region":3,"fire_occurred":1,"prediction":0.023}},{"type":"Feature","geometry":{"type":"Point","coordinates":[38.9,-14.6]},"properties":{"region":3,"fire_occurred":1,"prediction":0.064}},{"type":"Feature","geometry":{"type":"Point","coordinates":[39.5,52.5]},"properties":{"region":3,"fire_occurred":0,"prediction":0.1124}},{"type":"Feature","geometry":{"type":"Point","coordinates":[39.7,38.6]},"properties":{"region":3,"fire_occurred":0,"prediction":0.2211}},{"type":"Feature","geometry":{"type":"Point","coordinates":[40.5,10.6]},"properties":{"region":3,"fire_occurred":1,"prediction":0.0038}},{"type":"Feature","geometry":{"type":"Point","coordinates":[40.6,10.6]},"properties":{"region":3,"fire_occurred":1,"prediction":0.0483}},{"type":"Feature","geometry":{"type":"Point","coordinates":[40.6,10.7]},"properties":{"region":3,"fire_occurred":0,"prediction":0.1088}},{"type":"Feature","geometry":{"type":"Point","coordinates":[41.0,44.5]},"properties":{"region":3,"fire_occurred":1,"prediction":0.0012}},{"type":"Feature","geometry":{"type":"Point","coordinates":[46.0,-21.8]},"properties":{"region":3,"fire_occurred":0,"prediction":0.1122}},{"type":"Feature","geometry":{"type":"Point","coordinates":[47.0,-23.4]},"properties":{"region":3,"fire_occurred":0,"prediction":0.1263}},{"type":"Feature","geometry":{"type":"Point","coordinates":[47.0,-23.1]},"properties":{"region":3,"fire_occurred":0,"prediction":0.1346}},{"type":"Feature","geometry":{"type":"Point","coordinates":[47.0,-22.4]},"properties":{"region":3,"fire_occurred":1,"prediction":0.0565}},{"type":"Feature","geometry":{"type":"Point","coordinates":[47.0,-22.2]},"properties":{"region":3,"fire_occurred":1,"prediction":0.0639}},{"type":"Feature","geometry":{"type":"Point","coordinates":[47.0,-17.7]},"properties":{"region":3,"fire_occurred":0,"prediction":0.1113}},{"type":"Feature","geometry":{"type":"Point","coordinates":[47.0,-17.5]},"properties":{"region":3,"fire_occurred":1,"prediction":0.0533}},{"type":"Feature","geometry":{"type":"Point","coordinates":[47.1,-23.9]},"properties":{"region":3,"fire_occurred":0,"prediction":0.2035}},{"type":"Feature","geometry":{"type":"Point","coordinates":[47.1,-23.0]},"properties":{"region":3,"fire_occurred":1,"prediction":0.0226}},{"type":"Feature","geometry":{"type":"Point","coordinates":[47.1,-22.9]},"properties":{"region":3,"fire_occurred":1,"prediction":0.0133}},{"type":"Feature","geometry":{"type":"Point","coordinates":[47.1,-22.5]},"properties":{"region":3,"fire_occurred":1,"prediction":0.0554}},{"type":"Feature","geometry":{"type":"Point","coordinates":[47.1,-20.2]},"properties":{"region":3,"fire_occurred":1,"prediction":0.0421}},{"type":"Feature","geometry":{"type":"Point","coordinates":[47.1,-17.7]},"properties":{"region":3,"fire_occurred":0,"prediction":0.1097}},{"type":"Feature","geometry":{"type":"Point","coordinates":[47.1,-17.5]},"properties":{"region":3,"fire_occurred":1,"prediction":0.059}},{"type":"Feature","geometry":{"type":"Point","coordinates":[47.2,-22.7]},"properties":{"region":3,"fire_occurred":1,"prediction":0.0372}},{"type":"Feature","geometry":{"type":"Point","coordinates":[47.2,-22.6]},"properties":{"region":3,"fire_occurred":0,"prediction":0.1124}},{"type":"Feature","geometry":{"type":"Point","coordinates":[47.2,-22.2]},"properties":{"region":3,"fire_occurred":0,"prediction":0.184}},{"type":"Feature","geometry":{"type":"Point","coordinates":[47.2,-21.8]},"properties":{"region":3,"fire_occurred":0,"prediction":0.102}},{"type":"Feature","geometry":{"type":"Point","coordinates":[47.2,-21.4]},"properties":{"region":3,"fire_occurred":1,"prediction":0.0192}},{"type":"Feature","geometry":{"type":"Point","coordinates":[47.2,-20.7]},"properties":{"region":3,"fire_occurred":1,"prediction":0.0171}},{"type":"Feature","geometry":{"type":"Point","coordinates":[47.2,-17.9]},"properties":{"region":3,"fire_occurred":1,"prediction":0.0457}},{"type":"Feature","geometry":{"type":"Point","coordinates":[47.2,-17.7]},"properties":{"region":3,"fire_occurred":0,"prediction":0.1409}},{"type":"Feature","geometry":{"type":"Point","coordinates":[47.2,-17.2]},"properties":{"region":3,"fire_occurred":1,"prediction":0.063}},{"type":"Feature","geometry":{"type":"Point","coordinates":[47.2,-17.1]},"properties":{"region":3,"fire_occurred":0,"prediction":0.1172}},{"type":"Feature","geometry":{"type":"Point","coordinates":[47.3,-24.0]},"properties":{"region":3,"fire_occurred":0,"prediction":0.2071}},{"type":"Feature","geometry":{"type":"Point","coordinates":[47.3,-23.9]},"properties":{"region":3,"fire_occurred":0,"prediction":0.1023}},{"type":"Feature","geometry":{"type":"Point","coordinates":[47.3,-21.0]},"properties":{"region":3,"fire_occurred":0,"prediction":0.1576}},{"type":"Feature","geometry":{"type":"Point","coordinates":[47.3,-20.2]},"properties":{"region":3,"fire_occurred":0,"prediction":0.1092}},{"type":"Feature","geometry":{"type":"Point","coordinates":[47.4,-20.3]},"properties":{"region":3,"fire_occurred":0,"prediction":0.1115}},{"type":"Feature","geometry":{"type":"Point","coordinates":[47.4,-20.2]},"properties":{"region":3,"fire_occurred":1,"prediction":0.0656}},{"type":"Feature","geometry":{"type":"Point","coordinates":[47.4,-18.7]},"properties":{"region":3,"fire_occurred":1,"prediction":0.0492}},{"type":"Feature","geometry":{"type":"Point","coordinates":[47.4,-18.1]},"properties":{"region":3,"fire_occurred":0,"prediction":0.1045}},{"type":"Feature","geometry":{"type":"Point","coordinates":[47.5,-20.5]},"properties":{"region":3,"fire_occurred":0,"prediction":0.1616}},{"type":"Feature","geometry":{"type":"Point","coordinates":[47.5,-20.4]},"properties":{"region":3,"fire_occurred":0,"prediction":0.1928}},{"type":"Feature","geometry":{"type":"Point","coordinates":[47.5,-20.3]},"properties":{"region":3,"fire_occurred":1,"prediction":0.1433}},{"type":"Feature","geometry":{"type":"Point","coordinates":[47.5,-20.2]},"properties":{"region":3,"fire_occurred":1,"prediction":0.0107}},{"type":"Feature","geometry":{"type":"Point","coordinates":[47.5,-18.0]},"properties":{"region":3,"fire_occurred":0,"prediction":0.1015}},{"type":"Feature","geometry":{"type":"Point","coordinates":[47.5,-17.7]},"properties":{"region":3,"fire_occurred":1,"prediction":0.046}},{"type":"Feature","geometry":{"type":"Point","coordinates":[47.5,-17.2]},"properties":{"region":3,"fire_occurred":1,"prediction":0.0607}},{"type":"Feature","geometry":{"type":"Point","coordinates":[47.6,-20.6]},"properties":{"region":3,"fire_occurred":0,"prediction":0.1541}},{"type":"Feature","geometry":{"type":"Point","coordinates":[47.6,-20.5]},"properties":{"region":3,"fire_occurred":1,"prediction":0.1485}},{"type":"Feature","geometry":{"type":"Point","coordinates":[47.6,-20.4]},"properties":{"region":3,"fire_occurred":0,"prediction":0.1079}},{"type":"Feature","geometry":{"type":"Point","coordinates":[47.6,-18.9]},"properties":{"region":3,"fire_occurred":1,"prediction":0.0242}},{"type":"Feature","geometry":{"type":"Point","coordinates":[47.6,-18.4]},"properties":{"region":3,"fire_occurred":1,"prediction":0.0319}},{"type":"Feature","geometry":{"type":"Point","coordinates":[47.6,-17.6]},"properties":{"region":3,"fire_occurred":0,"prediction":0.1224}},{"type":"Feature","geometry":{"type":"Point","coordinates":[47.6,-17.5]},"properties":{"region":3,"fire_occurred":1,"prediction":0.0313}},{"type":"Feature","geometry":{"type":"Point","coordinates":[47.6,-17.2]},"properties":{"region":3,"fire_occurred":0,"prediction":0.1068}},{"type":"Feature","geometry":{"type":"Point","coordinates":[47.6,-17.1]},"properties":{"region":3,"fire_occurred":1,"prediction":0.0471}},{"type":"Feature","geometry":{"type":"Point","coordinates":[47.7,-20.6]},"properties":{"region":3,"fire_occurred":0,"prediction":0.2592}},{"type":"Feature","geometry":{"type":"Point","coordinates":[47.7,-20.4]},"properties":{"region":3,"fire_occurred":0,"prediction":0.1481}},{"type":"Feature","geometry":{"type":"Point","coordinates":[47.7,-17.8]},"properties":{"region":3,"fire_occurred":1,"prediction":0.0999}},{"type":"Feature","geometry":{"type":"Point","coordinates":[47.7,-17.7]},"properties":{"region":3,"fire_occurred":1,"prediction":0.0744}},{"type":"Feature","geometry":{"type":"Point","coordinates":[47.7,-17.6]},"properties":{"region":3,"fire_occurred":0,"prediction":0.1211}},{"type":"Feature","geometry":{"type":"Point","coordinates":[47.7,-17.5]},"properties":{"region":3,"fire_occurred":1,"prediction":0.0579}},{"type":"Feature","geometry":{"type":"Point","coordinates":[47.7,-17.2]},"properties":{"region":3,"fire_occurred":1,"prediction":0.0929}},{"type":"Feature","geometry":{"type":"Point","coordinates":[47.8,-20.7]},"properties":{"region":3,"fire_occurred":0,"prediction":0.1002}},{"type":"Feature","geometry":{"type":"Point","coordinates":[47.8,-20.5]},"properties":{"region":3,"fire_occurred":0,"prediction":0.1473}},{"type":"Feature","geometry":{"type":"Point","coordinates":[47.8,-20.3]},"properties":{"region":3,"fire_occurred":0,"prediction":0.1449}},{"type":"Feature","geometry":{"type":"Point","coordinates":[47.8,-20.1]},"properties":{"region":3,"fire_occurred":1,"prediction":0.0526}},{"type":"Feature","geometry":{"type":"Point","coordinates":[47.8,-17.9]},"properties":{"region":3,"fire_occurred":1,"prediction":0.0411}},{"type":"Feature","geometry":{"type":"Point","coordinates":[47.8,-17.8]},"properties":{"region":3,"fire_occurred":1,"prediction":0.0515}},{"type":"Feature","geometry":{"type":"Point","coordinates":[47.9,-19.2]},"properties":{"region":3,"fire_occurred":0,"prediction":0.2627}},{"type":"Feature","geometry":{"type":"Point","coordinates":[47.9,-19.1]},"properties":{"region":3,"fire_occurred":0,"prediction":0.1303}},{"type":"Feature","geometry":{"type":"Point","coordinates":[47.9,-18.8]},"properties":{"region":3,"fire_occurred":1,"prediction":0.1699}},{"type":"Feature","geometry":{"type":"Point","coordinates":[47.9,-18.5]},"properties":{"region":3,"fire_occurred":0,"prediction":0.121}},{"type":"Feature","geometry":{"type":"Point","coordinates":[47.9,-18.3]},"properties":{"region":3,"fire_occurred":1,"prediction":0.1789}},{"type":"Feature","geometry":{"type":"Point","coordinates":[47.9,-18.1]},"properties":{"region":3,"fire_occurred":1,"prediction":0.0339}},{"type":"Feature","geometry":{"type":"Point","coordinates":[47.9,-17.8]},"properties":{"region":3,"fire_occurred":0,"prediction":0.1044}},{"type":"Feature","geometry":{"type":"Point","coordinates":[47.9,-17.5]},"properties":{"region":3,"fire_occurred":0,"prediction":0.1065}},{"type":"Feature","geometry":{"type":"Point","coordinates":[47.9,-17.3]},"properties":{"region":3,"fire_occurred":0,"prediction":0.1206}},{"type":"Feature","geometry":{"type":"Point","coordinates":[48.0,-19.3]},"properties":{"region":3,"fire_occurred":1,"prediction":0.0774}},{"type":"Feature","geometry":{"type":"Point","coordinates":[48.0,-18.7]},"properties":{"region":3,"fire_occurred":0,"prediction":0.169}},{"type":"Feature","geometry":{"type":"Point","coordinates":[48.0,-18.5]},"properties":{"region":3,"fire_occurred":1,"prediction":0.2626}},{"type":"Feature","geometry":{"type":"Point","coordinates":[48.0,-18.4]},"properties":{"region":3,"fire_occurred":1,"prediction":0.2142}},{"type":"Feature","geometry":{"type":"Point","coordinates":[48.0,-18.3]},"properties":{"region":3,"fire_occurred":1,"prediction":0.2359}},{"type":"Feature","geometry":{"type":"Point","coordinates":[48.0,-18.2]},"properties":{"region":3,"fire_occurred":0,"prediction":0.1716}},{"type":"Feature","geometry":{"type":"Point","coordinates":[48.0,-18.1]},"properties":{"region":3,"fire_occurred":0,"prediction":0.1457}},{"type":"Feature","geometry":{"type":"Point","coordinates":[48.0,-17.9]},"properties":{"region":3,"fire_occurred":1,"prediction":0.1719}},{"type":"Feature","geometry":{"type":"Point","coordinates":[48.0,-17.7]},"properties":{"region":3,"fire_occurred":0,"prediction":0.1269}},{"type":"Feature","geometry":{"type":"Point","coordinates":[48.0,-17.2]},"properties":{"region":3,"fire_occurred":1,"prediction":0.022}},{"type":"Feature","geometry":{"type":"Point","coordinates":[48.1,-19.3]},"properties":{"region":3,"fire_occurred":1,"prediction":0.2851}},{"type":"Feature","geometry":{"type":"Point","coordinates":[48.1,-19.2]},"properties":{"region":3,"fire_occurred":1,"prediction":0.2533}},{"type":"Feature","geometry":{"type":"Point","coordinates":[48.1,-19.1]},"properties":{"region":3,"fire_occurred":1,"prediction":0.2055}},{"type":"Feature","geometry":{"type":"Point","coordinates":[48.1,-18.9]},"properties":{"region":3,"fire_occurred":0,"prediction":0.129}},{"type":"Feature","geometry":{"type":"Point","coordinates":[48.1,-18.8]},"properties":{"region":3,"fire_occurred":1,"prediction":0.0752}},{"type":"Feature","geometry":{"type":"Point","coordinates":[48.1,-18.7]},"properties":{"region":3,"fire_occurred":0,"prediction":0.1879}},{"type":"Feature","geometry":{"type":"Point","coordinates":[48.1,-18.6]},"properties":{"region":3,"fire_occurred":1,"prediction":0.2556}},{"type":"Feature","geometry":{"type":"Point","coordinates":[48.1,-18.5]},"properties":{"region":3,"fire_occurred":0,"prediction":0.268}},{"type":"Feature","geometry":{"type":"Point","coordinates":[48.1,-18.3]},"properties":{"region":3,"fire_occurred":0,"prediction":0.1584}},{"type":"Feature","geometry":{"type":"Point","coordinates":[48.1,-18.2]},"properties":{"region":3,"fire_occurred":0,"prediction":0.2106}},{"type":"Feature","geometry":{"type":"Point","coordinates":[48.1,-18.1]},"properties":{"region":3,"fire_occurred":0,"prediction":0.2491}},{"type":"Feature","geometry":{"type":"Point","coordinates":[48.1,-18.0]},"properties":{"region":3,"fire_occurred":0,"prediction":0.2875}},{"type":"Feature","geometry":{"type":"Point","coordinates":[48.1,-17.9]},"properties":{"region":3,"fire_occurred":0,"prediction":0.1317}},{"type":"Feature","geometry":{"type":"Point","coordinates":[48.1,-17.4]},"properties":{"region":3,"fire_occurred":1,"prediction":0.0272}},{"type":"Feature","geometry":{"type":"Point","coordinates":[48.1,-17.2]},"properties":{"region":3,"fire_occurred":1,"prediction":0.0557}},{"type":"Feature","geometry":{"type":"Point","coordinates":[48.2,-19.4]},"properties":{"region":3,"fire_occurred":1,"prediction":0.0691}},{"type":"Feature","geometry":{"type":"Point","coordinates":[48.2,-19.3]},"properties":{"region":3,"fire_occurred":0,"prediction":0.293}},{"type":"Feature","geometry":{"type":"Point","coordinates":[48.2,-19.2]},"properties":{"region":3,"fire_occurred":1,"prediction":0.398}},{"type":"Feature","geometry":{"type":"Point","coordinates":[48.2,-19.1]},"properties":{"region":3,"fire_occurred":0,"prediction":0.3039}},{"type":"Feature","geometry":{"type":"Point","coordinates":[48.2,-19.0]},"properties":{"region":3,"fire_occurred":1,"prediction":0.063}},{"type":"Feature","geometry":{"type":"Point","coordinates":[48.2,-18.9]},"properties":{"region":3,"fire_occurred":1,"prediction":0.163}},{"type":"Feature","geometry":{"type":"Point","coordinates":[48.2,-18.8]},"properties":{"region":3,"fire_occurred":1,"prediction":0.0592}},{"type":"Feature","geometry":{"type":"Point","coordinates":[48.2,-18.6]},"properties":{"region":3,"fire_occurred":1,"prediction":0.1257}},{"type":"Feature","geometry":{"type":"Point","coordinates":[48.2,-18.5]},"properties":{"region":3,"fire_occurred":0,"prediction":0.1292}},{"type":"Feature","geometry":{"type":"Point","coordinates":[48.2,-18.4]},"properties":{"region":3,"fire_occurred":0,"prediction":0.1495}},{"type":"Feature","geometry":{"type":"Point","coordinates":[48.2,-18.3]},"properties":{"region":3,"fire_occurred":0,"prediction":0.1459}},{"type":"Feature","geometry":{"type":"Point","coordinates":[48.2,-18.0]},"properties":{"region":3,"fire_occurred":1,"prediction":0.0472}},{"type":"Feature","geometry":{"type":"Point","coordinates":[48.2,-17.4]},"properties":{"region":3,"fire_occurred":1,"prediction":0.0743}},{"type":"Feature","geometry":{"type":"Point","coordinates":[48.2,-17.2]},"properties":{"region":3,"fire_occurred":1,"prediction":0.0717}},{"type":"Feature","geometry":{"type":"Point","coordinates":[48.3,-19.3]},"properties":{"region":3,"fire_occurred":0,"prediction":0.1578}},{"type":"Feature","geometry":{"type":"Point","coordinates":[48.3,-19.2]},"properties":{"region":3,"fire_occurred":1,"prediction":0.2291}},{"type":"Feature","geometry":{"type":"Point","coordinates":[48.3,-19.1]},"properties":{"region":3,"fire_occurred":1,"prediction":0.2557}},{"type":"Feature","geometry":{"type":"Point","coordinates":[48.3,-19.0]},"properties":{"region":3,"fire_occurred":0,"prediction":0.3819}},{"type":"Feature","geometry":{"type":"Point","coordinates":[48.3,-18.9]},"properties":{"region":3,"fire_occurred":0,"prediction":0.1071}},{"type":"Feature","geometry":{"type":"Point","coordinates":[48.3,-18.8]},"properties":{"region":3,"fire_occurred":0,"prediction":0.1846}},{"type":"Feature","geometry":{"type":"Point","coordinates":[48.3,-18.6]},"properties":{"region":3,"fire_occurred":1,"prediction":0.1724}},{"type":"Feature","geometry":{"type":"Point","coordinates":[48.3,-18.5]},"properties":{"region":3,"fire_occurred":0,"prediction":0.1018}},{"type":"Feature","geometry":{"type":"Point","coordinates":[48.3,-18.4]},"properties":{"region":3,"fire_occurred":0,"prediction":0.2021}},{"type":"Feature","geometry":{"type":"Point","coordinates":[48.3,-18.3]},"properties":{"region":3,"fire_occurred":0,"prediction":0.2203}},{"type":"Feature","geometry":{"type":"Point","coordinates":[48.3,-18.2]},"properties":{"region":3,"fire_occurred":1,"prediction":0.1213}},{"type":"Feature","geometry":{"type":"Point","coordinates":[48.3,-17.9]},"properties":{"region":3,"fire_occurred":0,"prediction":0.1086}},{"type":"Feature","geometry":{"type":"Point","coordinates":[48.3,-17.7]},"properties":{"region":3,"fire_occurred":1,"prediction":0.1438}},{"type":"Feature","geometry":{"type":"Point","coordinates":[48.3,-17.6]},"properties":{"region":3,"fire_occurred":1,"prediction":0.1064}},{"type":"Feature","geometry":{"type":"Point","coordinates":[48.3,-17.4]},"properties":{"region":3,"fire_occurred":1,"prediction":0.0173}},{"type":"Feature","geometry":{"type":"Point","coordinates":[48.4,-19.8]},"properties":{"region":3,"fire_occurred":1,"prediction":0.0776}},{"type":"Feature","geometry":{"type":"Point","coordinates":[48.4,-19.7]},"properties":{"region":3,"fire_occurred":0,"prediction":0.2454}},{"type":"Feature","geometry":{"type":"Point","coordinates":[48.4,-19.2]},"properties":{"region":3,"fire_occurred":0,"prediction":0.2689}},{"type":"Feature","geometry":{"type":"Point","coordinates":[48.4,-19.1]},"properties":{"region":3,"fire_occurred":0,"prediction":0.2031}},{"type":"Feature","geometry":{"type":"Point","coordinates":[48.4,-18.9]},"properties":{"region":3,"fire_occurred":0,"prediction":0.1596}},{"type":"Feature","geometry":{"type":"Point","coordinates":[48.4,-18.8]},"properties":{"region":3,"fire_occurred":1,"prediction":0.0684}},{"type":"Feature","geometry":{"type":"Point","coordinates":[48.4,-18.7]},"properties":{"region":3,"fire_occurred":1,"prediction":0.0369}},{"type":"Feature","geometry":{"type":"Point","coordinates":[48.4,-18.4]},"properties":{"region":3,"fire_occurred":1,"prediction":0.0149}},{"type":"Feature","geometry":{"type":"Point","coordinates":[48.4,-18.2]},"properties":{"region":3,"fire_occurred":1,"prediction":0.145}},{"type":"Feature","geometry":{"type":"Point","coordinates":[48.4,-17.4]},"properties":{"region":3,"fire_occurred":1,"prediction":0.0268}},{"type":"Feature","geometry":{"type":"Point","coordinates":[48.5,-19.2]},"properties":{"region":3,"fire_occurred":0,"prediction":0.1841}},{"type":"Feature","geometry":{"type":"Point","coordinates":[48.5,-19.1]},"properties":{"region":3,"fire_occurred":0,"prediction":0.1642}},{"type":"Feature","geometry":{"type":"Point","coordinates":[48.5,-19.0]},"properties":{"region":3,"fire_occurred":0,"prediction":0.1273}},{"type":"Feature","geometry":{"type":"Point","coordinates":[48.5,-18.9]},"properties":{"region":3,"fire_occurred":0,"prediction":0.1088}},{"type":"Feature","geometry":{"type":"Point","coordinates":[48.5,-18.8]},"properties":{"region":3,"fire_occurred":0,"prediction":0.4684}},{"type":"Feature","geometry":{"type":"Point","coordinates":[48.5,-18.7]},"properties":{"region":3,"fire_occurred":0,"prediction":0.1212}},{"type":"Feature","geometry":{"type":"Point","coordinates":[48.5,-18.2]},"properties":{"region":3,"fire_occurred":0,"prediction":0.1816}},{"type":"Feature","geometry":{"type":"Point","coordinates":[48.5,-18.1]},"properties":{"region":3,"fire_occurred":0,"prediction":0.1614}},{"type":"Feature","geometry":{"type":"Point","coordinates":[48.5,-17.9]},"properties":{"region":3,"fire_occurred":1,"prediction":0.023}},{"type":"Feature","geometry":{"type":"Point","coordinates":[48.6,-19.5]},"properties":{"region":3,"fire_occurred":1,"prediction":0.0563}},{"type":"Feature","geometry":{"type":"Point","coordinates":[48.6,-19.2]},"properties":{"region":3,"fire_occurred":0,"prediction":0.1137}},{"type":"Feature","geometry":{"type":"Point","coordinates":[48.6,-18.9]},"properties":{"region":3,"fire_occurred":1,"prediction":0.0842}},{"type":"Feature","geometry":{"type":"Point","coordinates":[48.6,-18.7]},"properties":{"region":3,"fire_occurred":1,"prediction":0.2448}},{"type":"Feature","geometry":{"type":"Point","coordinates":[48.6,-18.6]},"properties":{"region":3,"fire_occurred":0,"prediction":0.1943}},{"type":"Feature","geometry":{"type":"Point","coordinates":[48.6,-18.5]},"properties":{"region":3,"fire_occurred":1,"prediction":0.1354}},{"type":"Feature","geometry":{"type":"Point","coordinates":[48.6,-17.9]},"properties":{"region":3,"fire_occurred":0,"prediction":0.1111}},{"type":"Feature","geometry":{"type":"Point","coordinates":[48.6,-17.8]},"properties":{"region":3,"fire_occurred":0,"prediction":0.1431}},{"type":"Feature","geometry":{"type":"Point","coordinates":[48.6,-17.7]},"properties":{"region":3,"fire_occurred":1,"prediction":0.0265}},{"type":"Feature","geometry":{"type":"Point","coordinates":[48.6,-17.5]},"properties":{"region":3,"fire_occurred":1,"prediction":0.031}},{"type":"Feature","geometry":{"type":"Point","coordinates":[48.6,-17.3]},"properties":{"region":3,"fire_occurred":0,"prediction":0.1223}},{"type":"Feature","geometry":{"type":"Point","coordinates":[48.6,-17.2]},"properties":{"region":3,"fire_occurred":0,"prediction":0.1509}},{"type":"Feature","geometry":{"type":"Point","coordinates":[48.7,-19.2]},"properties":{"region":3,"fire_occurred":0,"prediction":0.1468}},{"type":"Feature","geometry":{"type":"Point","coordinates":[48.7,-19.1]},"properties":{"region":3,"fire_occurred":1,"prediction":0.0577}},{"type":"Feature","geometry":{"type":"Point","coordinates":[48.7,-18.8]},"properties":{"region":3,"fire_occurred":0,"prediction":0.144}},{"type":"Feature","geometry":{"type":"Point","coordinates":[48.7,-18.7]},"properties":{"region":3,"fire_occurred":1,"prediction":0.1336}},{"type":"Feature","geometry":{"type":"Point","coordinates":[48.7,-18.5]},"properties":{"region":3,"fire_occurred":0,"prediction":0.1298}},{"type":"Feature","geometry":{"type":"Point","coordinates":[48.7,-18.4]},"properties":{"region":3,"fire_occurred":0,"prediction":0.1695}},{"type":"Feature","geometry":{"type":"Point","coordinates":[48.7,-18.3]},"properties":{"region":3,"fire_occurred":0,"prediction":0.1134}},{"type":"Feature","geometry":{"type":"Point","coordinates":[48.7,-18.2]},"properties":{"region":3,"fire_occurred":1,"prediction":0.296}},{"type":"Feature","geometry":{"type":"Point","coordinates":[48.7,-18.1]},"properties":{"region":3,"fire_occurred":1,"prediction":0.2497}},{"type":"Feature","geometry":{"type":"Point","coordinates":[48.7,-18.0]},"properties":{"region":3,"fire_occurred":1,"prediction":0.2956}},{"type":"Feature","geometry":{"type":"Point","coordinates":[48.7,-17.9]},"properties":{"region":3,"fire_occurred":1,"prediction":0.3387}},{"type":"Feature","geometry":{"type":"Point","coordinates":[48.7,-17.8]},"properties":{"region":3,"fire_occurred":1,"prediction":0.1746}},{"type":"Feature","geometry":{"type":"Point","coordinates":[48.7,-17.7]},"properties":{"region":3,"fire_occurred":0,"prediction":0.1274}},{"type":"Feature","geometry":{"type":"Point","coordinates":[48.7,-17.5]},"properties":{"region":3,"fire_occurred":1,"prediction":0.0774}},{"type":"Feature","geometry":{"type":"Point","coordinates":[48.7,-17.3]},"properties":{"region":3,"fire_occurred":1,"prediction":0.2958}},{"type":"Feature","geometry":{"type":"Point","coordinates":[48.7,-17.2]},"properties":{"region":3,"fire_occurred":1,"prediction":0.0924}},{"type":"Feature","geometry":{"type":"Point","coordinates":[48.7,-17.1]},"properties":{"region":3,"fire_occurred":1,"prediction":0.1173}},{"type":"Feature","geometry":{"type":"Point","coordinates":[48.8,-19.3]},"properties":{"region":3,"fire_occurred":1,"prediction":0.0045}},{"type":"Feature","geometry":{"type":"Point","coordinates":[48.8,-19.2]},"properties":{"region":3,"fire_occurred":1,"prediction":0.016}},{"type":"Feature","geometry":{"type":"Point","coordinates":[48.8,-18.7]},"properties":{"region":3,"fire_occurred":0,"prediction":0.3144}},{"type":"Feature","geometry":{"type":"Point","coordinates":[48.8,-18.6]},"properties":{"region":3,"fire_occurred":1,"prediction":0.2118}},{"type":"Feature","geometry":{"type":"Point","coordinates":[48.8,-18.5]},"properties":{"region":3,"fire_occurred":1,"prediction":0.1813}},{"type":"Feature","geometry":{"type":"Point","coordinates":[48.8,-18.4]},"properties":{"region":3,"fire_occurred":1,"prediction":0.227}},{"type":"Feature","geometry":{"type":"Point","coordinates":[48.8,-18.3]},"properties":{"region":3,"fire_occurred":0,"prediction":0.2099}},{"type":"Feature","geometry":{"type":"Point","coordinates":[48.8,-18.2]},"properties":{"region":3,"fire_occurred":1,"prediction":0.3036}},{"type":"Feature","geometry":{"type":"Point","coordinates":[48.8,-18.1]},"properties":{"region":3,"fire_occurred":0,"prediction":0.1381}},{"type":"Feature","geometry":{"type":"Point","coordinates":[48.8,-18.0]},"properties":{"region":3,"fire_occurred":0,"prediction":0.2994}},{"type":"Feature","geometry":{"type":"Point","coordinates":[48.8,-17.9]},"properties":{"region":3,"fire_occurred":1,"prediction":0.2854}},{"type":"Feature","geometry":{"type":"Point","coordinates":[48.8,-17.8]},"properties":{"region":3,"fire_occurred":1,"prediction":0.2304}},{"type":"Feature","geometry":{"type":"Point","coordinates":[48.8,-17.7]},"properties":{"region":3,"fire_occurred":1,"prediction":0.1306}},{"type":"Feature","geometry":{"type":"Point","coordinates":[48.8,-17.6]},"properties":{"region":3,"fire_occurred":1,"prediction":0.1927}},{"type":"Feature","geometry":{"type":"Point","coordinates":[48.8,-17.5]},"properties":{"region":3,"fire_occurred":1,"prediction":0.2557}},{"type":"Feature","geometry":{"type":"Point","coordinates":[48.8,-17.4]},"properties":{"region":3,"fire_occurred":0,"prediction":0.1522}},{"type":"Feature","geometry":{"type":"Point","coordinates":[48.8,-17.3]},"properties":{"region":3,"fire_occurred":1,"prediction":0.2986}},{"type":"Feature","geometry":{"type":"Point","coordinates":[48.8,-17.2]},"properties":{"region":3,"fire_occurred":1,"prediction":0.0996}},{"type":"Feature","geometry":{"type":"Point","coordinates":[48.8,-17.1]},"properties":{"region":3,"fire_occurred":1,"prediction":0.2075}},{"type":"Feature","geometry":{"type":"Point","coordinates":[48.9,-19.1]},"properties":{"region":3,"fire_occurred":1,"prediction":0.0148}},{"type":"Feature","geometry":{"type":"Point","coordinates":[48.9,-19.0]},"properties":{"region":3,"fire_occurred":1,"prediction":0.0187}},{"type":"Feature","geometry":{"type":"Point","coordinates":[48.9,-18.6]},"properties":{"region":3,"fire_occurred":0,"prediction":0.1156}},{"type":"Feature","geometry":{"type":"Point","coordinates":[48.9,-18.5]},"properties":{"region":3,"fire_occurred":0,"prediction":0.2608}},{"type":"Feature","geometry":{"type":"Point","coordinates":[48.9,-18.4]},"properties":{"region":3,"fire_occurred":1,"prediction":0.158}},{"type":"Feature","geometry":{"type":"Point","coordinates":[48.9,-18.3]},"properties":{"region":3,"fire_occurred":1,"prediction":0.2}},{"type":"Feature","geometry":{"type":"Point","coordinates":[48.9,-18.2]},"properties":{"region":3,"fire_occurred":1,"prediction":0.1426}},{"type":"Feature","geometry":{"type":"Point","coordinates":[48.9,-18.1]},"properties":{"region":3,"fire_occurred":0,"prediction":0.1754}},{"type":"Feature","geometry":{"type":"Point","coordinates":[48.9,-18.0]},"properties":{"region":3,"fire_occurred":0,"prediction":0.1861}},{"type":"Feature","geometry":{"type":"Point","coordinates":[48.9,-17.9]},"properties":{"region":3,"fire_occurred":1,"prediction":0.1804}},{"type":"Feature","geometry":{"type":"Point","coordinates":[48.9,-17.8]},"properties":{"region":3,"fire_occurred":1,"prediction":0.3672}},{"type":"Feature","geometry":{"type":"Point","coordinates":[48.9,-17.7]},"properties":{"region":3,"fire_occurred":1,"prediction":0.3837}},{"type":"Feature","geometry":{"type":"Point","coordinates":[48.9,-17.5]},"properties":{"region":3,"fire_occurred":0,"prediction":0.1183}},{"type":"Feature","geometry":{"type":"Point","coordinates":[48.9,-17.4]},"properties":{"region":3,"fire_occurred":1,"prediction":0.0833}},{"type":"Feature","geometry":{"type":"Point","coordinates":[48.9,-17.3]},"properties":{"region":3,"fire_occurred":1,"prediction":0.4378}},{"type":"Feature","geometry":{"type":"Point","coordinates":[48.9,-17.2]},"properties":{"region":3,"fire_occurred":1,"prediction":0.2454}},{"type":"Feature","geometry":{"type":"Point","coordinates":[48.9,-17.1]},"properties":{"region":3,"fire_occurred":1,"prediction":0.377}},{"type":"Feature","geometry":{"type":"Point","coordinates":[49.0,-18.5]},"properties":{"region":3,"fire_occurred":0,"prediction":0.1308}},{"type":"Feature","geometry":{"type":"Point","coordinates":[49.0,-17.6]},"properties":{"region":3,"fire_occurred":0,"prediction":0.1093}},{"type":"Feature","geometry":{"type":"Point","coordinates":[49.0,-17.5]},"properties":{"region":3,"fire_occurred":0,"prediction":0.1159}},{"type":"Feature","geometry":{"type":"Point","coordinates":[49.0,-17.2]},"properties":{"region":3,"fire_occurred":0,"prediction":0.2377}},{"type":"Feature","geometry":{"type":"Point","coordinates":[49.1,-17.2]},"properties":{"region":3,"fire_occurred":0,"prediction":0.1733}},{"type":"Feature","geometry":{"type":"Point","coordinates":[51.3,32.4]},"properties":{"region":3,"fire_occurred":0,"prediction":0.1012}},{"type":"Feature","geometry":{"type":"Point","coordinates":[51.4,32.2]},"properties":{"region":3,"fire_occurred":1,"prediction":0.4465}},{"type":"Feature","geometry":{"type":"Point","coordinates":[51.5,32.4]},"properties":{"region":3,"fire_occurred":1,"prediction":0.0068}},{"type":"Feature","geometry":{"type":"Point","coordinates":[53.8,51.8]},"properties":{"region":3,"fire_occurred":1,"prediction":0.1733}},{"type":"Feature","geometry":{"type":"Point","coordinates":[57.1,50.3]},"properties":{"region":3,"fire_occurred":1,"prediction":0.2287}},{"type":"Feature","geometry":{"type":"Point","coordinates":[58.4,50.3]},"properties":{"region":3,"fire_occurred":1,"prediction":0.0017}},{"type":"Feature","geometry":{"type":"Point","coordinates":[58.7,50.9]},"properties":{"region":3,"fire_occurred":1,"prediction":0.0005}},{"type":"Feature","geometry":{"type":"Point","coordinates":[59.0,53.4]},"properties":{"region":3,"fire_occurred":1,"prediction":0.4347}},{"type":"Feature","geometry":{"type":"Point","coordinates":[60.0,57.9]},"properties":{"region":3,"fire_occurred":0,"prediction":0.1783}},{"type":"Feature","geometry":{"type":"Point","coordinates":[60.4,54.5]},"properties":{"region":3,"fire_occurred":1,"prediction":0.0007}},{"type":"Feature","geometry":{"type":"Point","coordinates":[61.3,54.7]},"properties":{"region":3,"fire_occurred":1,"prediction":0.002}},{"type":"Feature","geometry":{"type":"Point","coordinates":[61.4,54.7]},"properties":{"region":3,"fire_occurred":1,"prediction":0.0009}},{"type":"Feature","geometry":{"type":"Point","coordinates":[61.4,55.2]},"properties":{"region":3,"fire_occurred":0,"prediction":0.1146}},{"type":"Feature","geometry":{"type":"Point","coordinates":[61.7,52.1]},"properties":{"region":3,"fire_occurred":1,"prediction":0.0014}},{"type":"Feature","geometry":{"type":"Point","coordinates":[61.8,55.0]},"properties":{"region":3,"fire_occurred":1,"prediction":0.0003}},{"type":"Feature","geometry":{"type":"Point","coordinates":[62.0,53.5]},"properties":{"region":3,"fire_occurred":1,"prediction":0.0005}},{"type":"Feature","geometry":{"type":"Point","coordinates":[62.4,57.4]},"properties":{"region":3,"fire_occurred":1,"prediction":0.0002}},{"type":"Feature","geometry":{"type":"Point","coordinates":[62.5,56.5]},"properties":{"region":3,"fire_occurred":0,"prediction":0.1056}},{"type":"Feature","geometry":{"type":"Point","coordinates":[62.7,53.6]},"properties":{"region":3,"fire_occurred":1,"prediction":0.0006}},{"type":"Feature","geometry":{"type":"Point","coordinates":[62.9,52.4]},"properties":{"region":3,"fire_occurred":1,"prediction":0.0017}},{"type":"Feature","geometry":{"type":"Point","coordinates":[63.0,52.4]},"properties":{"region":3,"fire_occurred":1,"prediction":0.0017}},{"type":"Feature","geometry":{"type":"Point","coordinates":[63.0,52.9]},"properties":{"region":3,"fire_occurred":1,"prediction":0.0017}},{"type":"Feature","geometry":{"type":"Point","coordinates":[63.0,57.7]},"properties":{"region":3,"fire_occurred":1,"prediction":0.0003}},{"type":"Feature","geometry":{"type":"Point","coordinates":[63.7,53.2]},"properties":{"region":3,"fire_occurred":1,"prediction":0.0012}},{"type":"Feature","geometry":{"type":"Point","coordinates":[63.7,53.3]},"properties":{"region":3,"fire_occurred":1,"prediction":0.0006}},{"type":"Feature","geometry":{"type":"Point","coordinates":[64.5,53.9]},"properties":{"region":3,"fire_occurred":1,"prediction":0.0007}},{"type":"Feature","geometry":{"type":"Point","coordinates":[64.5,54.0]},"properties":{"region":3,"fire_occurred":1,"prediction":0.0007}},{"type":"Feature","geometry":{"type":"Point","coordinates":[64.5,57.0]},"properties":{"region":3,"fire_occurred":1,"prediction":0.0003}},{"type":"Feature","geometry":{"type":"Point","coordinates":[64.6,54.0]},"properties":{"region":3,"fire_occurred":1,"prediction":0.0005}},{"type":"Feature","geometry":{"type":"Point","coordinates":[65.4,53.9]},"properties":{"region":3,"fire_occurred":1,"prediction":0.0095}},{"type":"Feature","geometry":{"type":"Point","coordinates":[67.1,50.0]},"properties":{"region":3,"fire_occurred":1,"prediction":0.0034}},{"type":"Feature","geometry":{"type":"Point","coordinates":[67.6,54.9]},"properties":{"region":3,"fire_occurred":1,"prediction":0.0014}},{"type":"Feature","geometry":{"type":"Point","coordinates":[68.2,54.5]},"properties":{"region":3,"fire_occurred":1,"prediction":0.0022}},{"type":"Feature","geometry":{"type":"Point","coordinates":[68.3,54.5]},"properties":{"region":3,"fire_occurred":1,"prediction":0.0083}},{"type":"Feature","geometry":{"type":"Point","coordinates":[68.4,54.4]},"properties":{"region":3,"fire_occurred":1,"prediction":0.0022}},{"type":"Feature","geometry":{"type":"Point","coordinates":[68.5,54.4]},"properties":{"region":3,"fire_occurred":1,"prediction":0.003}},{"type":"Feature","geometry":{"type":"Point","coordinates":[69.5,40.8]},"properties":{"region":3,"fire_occurred":0,"prediction":0.2356}},{"type":"Feature","geometry":{"type":"Point","coordinates":[69.7,54.6]},"properties":{"region":3,"fire_occurred":1,"prediction":0.0022}},{"type":"Feature","geometry":{"type":"Point","coordinates":[69.7,54.7]},"properties":{"region":3,"fire_occurred":1,"prediction":0.0134}},{"type":"Feature","geometry":{"type":"Point","coordinates":[70.2,56.1]},"properties":{"region":3,"fire_occurred":1,"prediction":0.0002}},{"type":"Feature","geometry":{"type":"Point","coordinates":[70.4,54.3]},"properties":{"region":3,"fire_occurred":1,"prediction":0.013}},{"type":"Feature","geometry":{"type":"Point","coordinates":[70.5,55.3]},"properties":{"region":3,"fire_occurred":1,"prediction":0.0014}},{"type":"Feature","geometry":{"type":"Point","coordinates":[70.6,55.3]},"properties":{"region":3,"fire_occurred":1,"prediction":0.0058}},{"type":"Feature","geometry":{"type":"Point","coordinates":[70.9,54.3]},"properties":{"region":3,"fire_occurred":1,"prediction":0.0136}},{"type":"Feature","geometry":{"type":"Point","coordinates":[71.0,55.3]},"properties":{"region":3,"fire_occurred":1,"prediction":0.018}},{"type":"Feature","geometry":{"type":"Point","coordinates":[71.1,55.3]},"properties":{"region":3,"fire_occurred":1,"prediction":0.0011}},{"type":"Feature","geometry":{"type":"Point","coordinates":[71.2,54.9]},"properties":{"region":3,"fire_occurred":1,"prediction":0.0008}},{"type":"Feature","geometry":{"type":"Point","coordinates":[71.2,55.3]},"properties":{"region":3,"fire_occurred":1,"prediction":0.0015}},{"type":"Feature","geometry":{"type":"Point","coordinates":[71.2,55.4]},"properties":{"region":3,"fire_occurred":1,"prediction":0.0036}},{"type":"Feature","geometry":{"type":"Point","coordinates":[71.2,55.5]},"properties":{"region":3,"fire_occurred":1,"prediction":0.0005}},{"type":"Feature","geometry":{"type":"Point","coordinates":[71.3,54.2]},"properties":{"region":3,"fire_occurred":1,"prediction":0.0034}},{"type":"Feature","geometry":{"type":"Point","coordinates":[71.4,54.2]},"properties":{"region":3,"fire_occurred":1,"prediction":0.0013}},{"type":"Feature","geometry":{"type":"Point","coordinates":[71.5,54.4]},"properties":{"region":3,"fire_occurred":1,"prediction":0.0019}},{"type":"Feature","geometry":{"type":"Point","coordinates":[72.1,55.3]},"properties":{"region":3,"fire_occurred":1,"prediction":0.002}},{"type":"Feature","geometry":{"type":"Point","coordinates":[72.3,53.7]},"properties":{"region":3,"fire_occurred":1,"prediction":0.0007}},{"type":"Feature","geometry":{"type":"Point","coordinates":[72.4,53.8]},"properties":{"region":3,"fire_occurred":1,"prediction":0.0011}},{"type":"Feature","geometry":{"type":"Point","coordinates":[72.7,54.7]},"properties":{"region":3,"fire_occurred":1,"prediction":0.0008}},{"type":"Feature","geometry":{"type":"Point","coordinates":[72.8,55.2]},"properties":{"region":3,"fire_occurred":1,"prediction":0.0008}},{"type":"Feature","geometry":{"type":"Point","coordinates":[73.0,50.0]},"properties":{"region":3,"fire_occurred":0,"prediction":0.1697}},{"type":"Feature","geometry":{"type":"Point","coordinates":[74.6,54.2]},"properties":{"region":3,"fire_occurred":1,"prediction":0.0057}},{"type":"Feature","geometry":{"type":"Point","coordinates":[74.8,53.3]},"properties":{"region":3,"fire_occurred":1,"prediction":0.0009}},{"type":"Feature","geometry":{"type":"Point","coordinates":[76.0,25.2]},"properties":{"region":3,"fire_occurred":1,"prediction":0.0855}},{"type":"Feature","geometry":{"type":"Point","coordinates":[76.5,25.4]},"properties":{"region":3,"fire_occurred":0,"prediction":0.1286}},{"type":"Feature","geometry":{"type":"Point","coordinates":[76.5,25.5]},"properties":{"region":3,"fire_occurred":0,"prediction":0.1615}},{"type":"Feature","geometry":{"type":"Point","coordinates":[76.6,25.5]},"properties":{"region":3,"fire_occurred":0,"prediction":0.1416}},{"type":"Feature","geometry":{"type":"Point","coordinates":[76.6,25.7]},"properties":{"region":3,"fire_occurred":1,"prediction":0.0692}},{"type":"Feature","geometry":{"type":"Point","coordinates":[76.7,25.4]},"properties":{"region":3,"fire_occurred":0,"prediction":0.2751}},{"type":"Feature","geometry":{"type":"Point","coordinates":[76.7,25.5]},"properties":{"region":3,"fire_occurred":1,"prediction":0.2791}},{"type":"Feature","geometry":{"type":"Point","coordinates":[77.9,24.3]},"properties":{"region":3,"fire_occurred":0,"prediction":0.1119}},{"type":"Feature","geometry":{"type":"Point","coordinates":[78.3,52.8]},"properties":{"region":3,"fire_occurred":1,"prediction":0.0006}},{"type":"Feature","geometry":{"type":"Point","coordinates":[78.8,50.6]},"properties":{"region":3,"fire_occurred":1,"prediction":0.0023}},{"type":"Feature","geometry":{"type":"Point","coordinates":[79.0,25.9]},"properties":{"region":3,"fire_occurred":1,"prediction":0.0066}},{"type":"Feature","geometry":{"type":"Point","coordinates":[79.6,23.1]},"properties":{"region":3,"fire_occurred":0,"prediction":0.1327}},{"type":"Feature","geometry":{"type":"Point","coordinates":[80.9,52.1]},"properties":{"region":3,"fire_occurred":1,"prediction":0.0003}},{"type":"Feature","geometry":{"type":"Point","coordinates":[81.5,24.4]},"properties":{"region":3,"fire_occurred":0,"prediction":0.106}},{"type":"Feature","geometry":{"type":"Point","coordinates":[81.9,52.1]},"properties":{"region":3,"fire_occurred":1,"prediction":0.0001}},{"type":"Feature","geometry":{"type":"Point","coordinates":[83.7,27.0]},"properties":{"region":3,"fire_occurred":1,"prediction":0.0029}},{"type":"Feature","geometry":{"type":"Point","coordinates":[85.1,27.8]},"properties":{"region":3,"fire_occurred":1,"prediction":0.0002}},{"type":"Feature","geometry":{"type":"Point","coordinates":[95.6,28.1]},"properties":{"region":3,"fire_occurred":1,"prediction":0.0019}},{"type":"Feature","geometry":{"type":"Point","coordinates":[96.2,27.7]},"properties":{"region":3,"fire_occurred":0,"prediction":0.1135}},{"type":"Feature","geometry":{"type":"Point","coordinates":[97.0,28.2]},"properties":{"region":3,"fire_occurred":0,"prediction":0.2636}},{"type":"Feature","geometry":{"type":"Point","coordinates":[99.0,25.8]},"properties":{"region":3,"fire_occurred":1,"prediction":0.0023}},{"type":"Feature","geometry":{"type":"Point","coordinates":[101.5,26.6]},"properties":{"region":3,"fire_occurred":1,"prediction":0.0183}},{"type":"Feature","geometry":{"type":"Point","coordinates":[101.6,26.5]},"properties":{"region":3,"fire_occurred":1,"prediction":0.3307}},{"type":"Feature","geometry":{"type":"Point","coordinates":[102.2,27.7]},"properties":{"region":3,"fire_occurred":1,"prediction":0.1797}},{"type":"Feature","geometry":{"type":"Point","coordinates":[110.5,35.6]},"properties":{"region":3,"fire_occurred":1,"prediction":0.0001}},{"type":"Feature","geometry":{"type":"Point","coordinates":[111.7,22.2]},"properties":{"region":3,"fire_occurred":1,"prediction":0.004}},{"type":"Feature","geometry":{"type":"Point","coordinates":[111.9,34.6]},"properties":{"region":3,"fire_occurred":1,"prediction":0.0001}},{"type":"Feature","geometry":{"type":"Point","coordinates":[112.9,22.0]},"properties":{"region":3,"fire_occurred":1,"prediction":0.0064}},{"type":"Feature","geometry":{"type":"Point","coordinates":[113.0,28.0]},"properties":{"region":3,"fire_occurred":1,"prediction":0.0044}},{"type":"Feature","geometry":{"type":"Point","coordinates":[113.5,35.2]},"properties":{"region":3,"fire_occurred":0,"prediction":0.1055}},{"type":"Feature","geometry":{"type":"Point","coordinates":[114.9,27.7]},"properties":{"region":3,"fire_occurred":1,"prediction":0.003}},{"type":"Feature","geometry":{"type":"Point","coordinates":[116.1,-32.4]},"properties":{"region":3,"fire_occurred":1,"prediction":0.0079}},{"type":"Feature","geometry":{"type":"Point","coordinates":[116.5,33.6]},"properties":{"region":3,"fire_occurred":0,"prediction":0.1462}},{"type":"Feature","geometry":{"type":"Point","coordinates":[117.0,30.2]},"properties":{"region":3,"fire_occurred":0,"prediction":0.1089}},{"type":"Feature","geometry":{"type":"Point","coordinates":[118.1,31.1]},"properties":{"region":3,"fire_occurred":0,"prediction":0.2138}},{"type":"Feature","geometry":{"type":"Point","coordinates":[118.8,28.8]},"properties":{"region":3,"fire_occurred":1,"prediction":0.0077}},{"type":"Feature","geometry":{"type":"Point","coordinates":[119.8,34.4]},"properties":{"region":3,"fire_occurred":1,"prediction":0.0165}},{"type":"Feature","geometry":{"type":"Point","coordinates":[141.5,40.5]},"properties":{"region":3,"fire_occurred":0,"prediction":0.561}},{"type":"Feature","geometry":{"type":"Point","coordinates":[170.3,-45.6]},"properties":{"region":3,"fire_occurred":1,"prediction":0.0007}},{"type":"Feature","geometry":{"type":"Point","coordinates":[170.4,-45.6]},"properties":{"region":3,"fire_occurred":1,"prediction":0.0006}},{"type":"Feature","geometry":{"type":"Point","coordinates":[171.8,-43.7]},"properties":{"region":3,"fire_occurred":1,"prediction":0.0067}},{"type":"Feature","geometry":{"type":"Point","coordinates":[175.5,-41.2]},"properties":{"region":3,"fire_occurred":1,"prediction":0.0026}},{"type":"Feature","geometry":{"type":"Point","coordinates":[-121.3,56.8]},"properties":{"region":4,"fire_occurred":1,"prediction":0.0001}},{"type":"Feature","geometry":{"type":"Point","coordinates":[-120.0,56.2]},"properties":{"region":4,"fire_occurred":1,"prediction":0.0003}},{"type":"Feature","geometry":{"type":"Point","coordinates":[-119.5,56.5]},"properties":{"region":4,"fire_occurred":1,"prediction":0.0001}},{"type":"Feature","geometry":{"type":"Point","coordinates":[-117.8,54.4]},"properties":{"region":4,"fire_occurred":1,"prediction":0.0052}},{"type":"Feature","geometry":{"type":"Point","coordinates":[-117.5,54.8]},"properties":{"region":4,"fire_occurred":1,"prediction":0.0105}},{"type":"Feature","geometry":{"type":"Point","coordinates":[-117.4,57.1]},"properties":{"region":4,"fire_occurred":1,"prediction":0.0029}},{"type":"Feature","geometry":{"type":"Point","coordinates":[-102.7,53.5]},"properties":{"region":4,"fire_occurred":0,"prediction":0.1253}},{"type":"Feature","geometry":{"type":"Point","coordinates":[-102.6,53.5]},"properties":{"region":4,"fire_occurred":0,"prediction":0.1135}},{"type":"Feature","geometry":{"type":"Point","coordinates":[-102.6,53.6]},"properties":{"region":4,"fire_occurred":0,"prediction":0.1054}},{"type":"Feature","geometry":{"type":"Point","coordinates":[-102.5,52.6]},"properties":{"region":4,"fire_occurred":1,"prediction":0.0995}},{"type":"Feature","geometry":{"type":"Point","coordinates":[-101.6,53.4]},"properties":{"region":4,"fire_occurred":0,"prediction":0.1021}},{"type":"Feature","geometry":{"type":"Point","coordinates":[-101.5,53.4]},"properties":{"region":4,"fire_occurred":0,"prediction":0.1033}},{"type":"Feature","geometry":{"type":"Point","coordinates":[-98.6,51.3]},"properties":{"region":4,"fire_occurred":1,"prediction":0.0034}},{"type":"Feature","geometry":{"type":"Point","coordinates":[59.9,61.2]},"properties":{"region":4,"fire_occurred":1,"prediction":0.0118}},{"type":"Feature","geometry":{"type":"Point","coordinates":[82.1,45.6]},"properties":{"region":4,"fire_occurred":0,"prediction":0.1666}},{"type":"Feature","geometry":{"type":"Point","coordinates":[106.8,57.9]},"properties":{"region":4,"fire_occurred":1,"prediction":0.0567}},{"type":"Feature","geometry":{"type":"Point","coordinates":[107.5,58.4]},"properties":{"region":4,"fire_occurred":1,"prediction":0.0036}},{"type":"Feature","geometry":{"type":"Point","coordinates":[107.6,58.4]},"properties":{"region":4,"fire_occurred":1,"prediction":0.0017}},{"type":"Feature","geometry":{"type":"Point","coordinates":[108.6,51.2]},"properties":{"region":4,"fire_occurred":1,"prediction":0.0001}},{"type":"Feature","geometry":{"type":"Point","coordinates":[123.8,49.9]},"properties":{"region":4,"fire_occurred":1,"prediction":0.0005}},{"type":"Feature","geometry":{"type":"Point","coordinates":[140.0,49.0]},"properties":{"region":4,"fire_occurred":0,"prediction":0.1175}},{"type":"Feature","geometry":{"type":"Point","coordinates":[140.1,49.0]},"properties":{"region":4,"fire_occurred":0,"prediction":0.1596}},{"type":"Feature","geometry":{"type":"Point","coordinates":[-72.5,-13.6]},"properties":{"region":5,"fire_occurred":1,"prediction":0.0306}},{"type":"Feature","geometry":{"type":"Point","coordinates":[-71.5,-13.6]},"properties":{"region":5,"fire_occurred":1,"prediction":0.0009}},{"type":"Feature","geometry":{"type":"Point","coordinates":[98.2,39.8]},"properties":{"region":5,"fire_occurred":0,"prediction":0.1277}}]}